DataType=double
version=3
OpenSimVersion=4.5.2-2025-04-14-fb5fac1
endheader
time	ground_force_r_vx	ground_force_r_vy	ground_force_r_vz	ground_force_r_px	ground_force_r_py	ground_force_r_pz	ground_force_l_vx	ground_force_l_vy	ground_force_l_vz	ground_force_l_px	ground_force_l_py	ground_force_l_pz	ground_torque_r_x	ground_torque_r_y	ground_torque_r_z	ground_torque_l_x	ground_torque_l_y	ground_torque_l_z
0	-0.0001993222962421055	7.603688695573493e-05	-0	-0.3101871851146785	0	0.09478689634274365	42.3407757414727	93.44217963511852	-0	-0.1734829468243734	0	-0.09478689634274365	0	0	0	0	0	0
0.0006616102769875737	-0.0003834806488262002	0.000145728971663763	-0	-0.3092261530000076	0	0.09478689634274365	39.39050577629769	88.20597688421292	-0	-0.1736338825712463	0	-0.09478689634274365	0	0	0	0	0	0
0.001323220553975147	-0.0007387516711507419	0.0002796677139570571	-0	-0.3082725110131906	0	0.09478689634274365	36.46111736642882	83.85943793456207	-0	-0.1738385273687557	0	-0.09478689634274365	0	0	0	0	0	0
0.001984830830962721	-0.001424454911120024	0.0005372067340402594	-0	-0.307325952061189	0	0.09478689634274365	33.54177633531748	80.42221203066713	-0	-0.1741019866169376	0	-0.09478689634274365	0	0	0	0	0	0
0.002646441107950295	-0.002747936284450045	0.001032418912705232	-0	-0.3063861653066393	0	0.09478689634274365	30.60861986190342	77.87866522006595	-0	-0.1744257710705192	0	-0.09478689634274365	0	0	0	0	0	0
0.003308051384937868	-0.005301115477792164	0.001984179660103907	-0	-0.3054528248524565	0	0.09478689634274365	27.62398616960348	76.21112851503548	-0	-0.174809153942108	0	-0.09478689634274365	0	0	0	0	0	0
0.003969661661925443	-0.01022126311537829	0.003811456103852751	-0	-0.3045255949624657	0	0.09478689634274365	24.5478810623668	75.39870513679284	-0	-0.1752472688764287	0	-0.09478689634274365	0	0	0	0	0	0
0.004631271938913016	-0.01968648108702958	0.007313674885024665	-0	-0.3036041259030841	0	0.09478689634274365	21.31446221322481	75.39821144017181	-0	-0.1757338441854959	0	-0.09478689634274365	0	0	0	0	0	0
0.00529288221590059	-0.03785101810686528	0.01400992128091202	-0	-0.3026880775719137	0	0.09478689634274365	17.8485963959977	76.12291374474205	-0	-0.176259661530555	0	-0.09478689634274365	0	0	0	0	0	0
0.005954492492888163	-0.0725971196353644	0.02677181653890919	-0	-0.3017770601143664	0	0.09478689634274365	12.67661679860623	74.99914657831812	-0	-0.1769433509482944	0	-0.09478689634274365	0	0	0	0	0	0
0.006616102769875737	-0.1387871010516853	0.05099372318137897	-0	-0.3008706219746913	0	0.09478689634274365	2.914564982201806	64.27163510577681	-0	-0.1781881220549853	0	-0.09478689634274365	0	0	0	0	0	0
0.007277713046863311	-0.2642235864290797	0.09672939169929498	-0	-0.2999684556915993	0	0.09478689634274365	-6.450256686805152	41.70775976343254	-0	-0.1801478945777467	0	-0.09478689634274365	0	0	0	0	0	0
0.007939323323850885	-0.5003922146511023	0.1825315140678384	-0	-0.2990707956406632	0	0.09478689634274365	-7.088713935293767	17.70348308025583	-0	-0.1824868278613292	0	-0.09478689634274365	0	0	0	0	0	0
0.008600933600838459	-0.9414458526418186	0.3422157559849516	-0	-0.2981779586567755	0	0.09478689634274365	-1.859686684415507	2.756105616712145	-0	-0.185013921511067	0	-0.09478689634274363	0	0	0	0	2.775557561562891e-17	0
0.009262543877826032	-1.756832068203352	0.6364732069914476	-0	-0.2972908806602449	0	0.09478689634274365	2.505914192594164	-2.760361218609021	-0	-0.1870385414300633	0	-0.09478689634274365	0	0	0	0	0	0
0.009924154154813606	-3.245330176061875	1.172100622780532	-0	-0.2964106450880652	0	0.09478689634274365	3.62231757742646	-3.847651955690212	-0	-0.1870588872534454	0	-0.09478689634274365	0	0	0	0	0	0
0.01058576443180118	-5.919589458531023	2.132332515902164	-0	-0.2955400587278945	0	0.09478689634274365	3.820728333241884	-3.917522613880985	-0	-0.1870288907379711	0	-0.09478689634274365	0	0	0	0	0	0
0.01124737470878875	-10.62698118424322	3.820841356205402	-0	-0.2946822197790625	0	0.09478689634274365	3.890575806715959	-3.852035179199297	-0	-0.1869542570082326	0	-0.09478689634274365	0	0	0	0	0	0
0.01190898498577633	-18.69270713464989	6.717229921038368	-0	-0.293843883670855	0	0.09478689634274365	3.957385437751485	-3.78302451380588	-0	-0.1868382351293517	0	-0.09478689634274365	0	0	0	0	0	0
0.0125705952627639	-32.015462765506	11.52333112095801	-0	-0.2930315289912325	0	0.09478689634274365	4.027698395946052	-3.715933259319684	-0	-0.186681890466429	0	-0.09478689634274365	0	0	0	0	0	0
0.01323220553975147	-52.91039381371812	19.14190151265784	-0	-0.2922561059133009	0	0.09478689634274365	4.097682444316624	-3.647282965696189	-0	-0.1864829838079959	0	-0.09478689634274365	0	0	0	0	0	0
0.01389381581673905	-83.31262289213826	30.45473076437031	-0	-0.291525012585067	0	0.09478689634274365	4.167247725356454	-3.577619108169484	-0	-0.1862383107449761	0	-0.09478689634274365	0	0	0	0	0	0
0.01455542609372662	-123.1584546159556	45.82104236040367	-0	-0.290843794448281	0	0.09478689634274365	4.236990946154513	-3.508385944741645	-0	-0.1859436423399959	0	-0.09478689634274365	0	0	0	0	0	0
0.01521703637071419	-170.1664400182875	65.03066758169372	-0	-0.2902079747935459	0	0.09478689634274365	4.306741355512496	-3.440269601709887	-0	-0.1855947301936312	0	-0.09478689634274363	0	0	0	0	-5.551115123125783e-17	0
0.01587864664770177	-228.8893931734596	90.9107294235575	-0	-0.2896101063606703	0	0.09478689634274365	4.375725203157609	-3.373401906548243	-0	-0.1851876490563318	0	-0.09478689634274365	0	0	0	0	0	0
0.01654025692468935	-326.7819294791244	137.2966898289939	-0	-0.289032040087259	0	0.09478689634274365	4.443288670258522	-3.307981288614994	-0	-0.1847186248883426	0	-0.09478689634274365	0	0	0	0	0	0
0.01720186720167692	-490.3615309580361	225.5108548256581	-0	-0.2884416555088349	0	0.09478689634274365	4.50978021565717	-3.244928822354795	-0	-0.1841841720474885	0	-0.09478689634274366	0	0	0	0	5.551115123125783e-17	0
0.01786347747866449	-686.7345824996206	366.8507019111282	-0	-0.2877537411686061	0	0.09478689634274365	4.574414919520072	-3.184219302159788	-0	-0.1835810912006207	0	-0.09478689634274366	0	0	0	0	1.110223024625157e-16	0
0.01852508775565206	-830.8631150835226	557.4210152116229	-0	-0.2869067892838999	0	0.09478689634274365	4.63144918210464	-3.122370482609313	-0	-0.1829070310417479	0	-0.09478689634274363	0	0	0	0	-5.551115123125783e-17	0
0.01918669803263964	-835.0313486382845	783.8288175430497	-0	-0.2859237630514982	0	0.09478689634274366	4.671707615819419	-3.053991982377166	-0	-0.1821601377295484	0	-0.09478689634274365	0	1.4210854715202e-14	0	0	0	0
0.01984830830962721	-258.3951413084914	995.9286669718675	-0	-0.2832565795933557	0	0.09478689634274365	4.698112372067206	-2.981762602576327	-0	-0.1813399445804641	0	-0.09478689634274366	0	0	0	0	1.110223024625157e-16	0
0.02050991858661478	-207.9617626411848	1150.294250623823	-0	-0.282904156119523	0	0.09478689634274365	4.723469971714747	-2.914247495358953	-0	-0.1804457655760507	0	-0.09478689634274366	0	0	0	0	5.551115123125783e-17	0
0.02117152886360236	-241.9227273240471	1258.479236756094	-0	-0.2829241189009347	0	0.09478689634274365	4.743426961648428	-2.848717401199904	-0	-0.1794774908304941	0	-0.09478689634274365	0	0	0	0	0	0
0.02183313914058993	-215.380892097622	1321.428615269605	-0	-0.2827271388113565	0	0.09478689634274365	4.759098120155319	-2.785649120449991	-0	-0.1784363193565007	0	-0.09478689634274365	0	0	0	0	0	0
0.02249474941757751	-218.8666866777612	1341.92458848424	-0	-0.2826868990118759	0	0.09478689634274365	4.772231114967306	-2.725764525942411	-0	-0.177323877664943	0	-0.09478689634274365	0	0	0	0	0	0
0.02315635969456508	-196.5931226327741	1327.983030939434	-0	-0.2825484979802039	0	0.09478689634274365	4.782941511049833	-2.668807283403646	-0	-0.1761418358253618	0	-0.09478689634274365	0	0	0	0	0	0
0.02381796997155265	-187.1389682605051	1287.316500334018	-0	-0.2824882590609745	0	0.09478689634274365	4.789848910547016	-2.613704886613721	-0	-0.17489202567937	0	-0.09478689634274365	0	0	0	0	0	0
0.02447958024854023	-167.894585800992	1228.714421142531	-0	-0.2823836637823194	0	0.09478689634274365	4.790587156363025	-2.558959362677566	-0	-0.1735762416011983	0	-0.09478689634274365	0	0	0	0	0	0
0.0251411905255278	-154.9642956214192	1159.063514476023	-0	-0.282320177689742	0	0.09478689634274365	4.782760524802971	-2.503185494992862	-0	-0.1721962263826081	0	-0.09478689634274365	0	0	0	0	0	0
0.02580280080251537	-139.4293171850369	1084.538690882584	-0	-0.2822394709195228	0	0.09478689634274365	4.765011542058023	-2.44564899782981	-0	-0.1707536336604418	0	-0.09478689634274365	0	0	0	0	0	0
0.02646441107950295	-127.3734769324179	1009.337719680371	-0	-0.2821804030834639	0	0.09478689634274365	4.737421764874195	-2.386407852852001	-0	-0.1692499964694606	0	-0.09478689634274365	0	0	0	0	0	0
0.02712602135649052	-115.5016166788097	936.6727562368034	-0	-0.2821173045612523	0	0.09478689634274365	4.701305760295232	-2.3261273173567	-0	-0.1676867917441302	0	-0.09478689634274365	0	0	0	0	0	0
0.0277876316334781	-105.7395382995884	868.4068377025794	-0	-0.2820655509869298	0	0.09478689634274365	4.658565627699408	-2.265714797533324	-0	-0.1660654511193932	0	-0.09478689634274365	0	0	0	0	0	0
0.02844924191046567	-96.93493805900732	805.6921511985927	-0	-0.2820150255167565	0	0.09478689634274365	4.611080738158901	-2.206004315389814	-0	-0.1643873988116137	0	-0.09478689634274365	0	0	0	0	0	0
0.02911085218745324	-89.51800413186319	748.9730605690288	-0	-0.2819705623563274	0	0.09478689634274365	4.560224197462014	-2.147535240925075	-0	-0.1626540832240293	0	-0.09478689634274365	0	0	0	0	0	0
0.02977246246444082	-83.06350241829517	698.3027238767692	-0	-0.2819284557205276	0	0.09478689634274365	4.506697615153414	-2.090502424115748	-0	-0.1608669610776627	0	-0.09478689634274365	0	0	0	0	0	0
0.03043407274142839	-77.56775049893676	653.4477035244493	-0	-0.2818896244227113	0	0.09478689634274365	4.450609318799442	-2.03481670837762	-0	-0.1590275196051018	0	-0.09478689634274365	0	0	0	0	0	0
0.03109568301841597	-72.83171634063268	614.0007700891058	-0	-0.2818525966751131	0	0.09478689634274365	4.39162578071645	-1.980196250149868	-0	-0.157137252937642	0	-0.09478689634274365	0	0	0	0	0	0
0.03175729329540354	-68.76795611747309	579.4879878558903	-0	-0.2818171954719669	0	0.09478689634274365	4.32930915434875	-1.926327420112397	-0	-0.1551976727154201	0	-0.09478689634274365	0	0	0	0	0	0
0.03241890357239111	-65.25531168903079	549.3800404221131	-0	-0.2817826840557759	0	0.09478689634274365	4.263170096433799	-1.872890944153063	-0	-0.153210293920666	0	-0.09478689634274365	0	0	0	0	0	0
0.03308051384937868	-62.21255915401384	523.1766848592687	-0	-0.2817487488485366	0	0.09478689634274365	4.192976332282681	-1.81969286840807	-0	-0.1511766355457446	0	-0.09478689634274365	0	0	0	0	0	0
0.03374212412636626	-59.55703086885324	500.3773074612587	-0	-0.2817149759016901	0	0.09478689634274365	4.118537744602436	-1.766566753953272	-0	-0.1490982083753389	0	-0.09478689634274365	0	0	0	0	0	0
0.03440373440335383	-57.22820260102912	480.5423106823179	-0	-0.2816811651320666	0	0.09478689634274365	4.039966925956281	-1.713480235152657	-0	-0.1469764986206263	0	-0.09478689634274365	0	0	0	0	0	0
0.03506534468034141	-55.16891308166648	463.2527205307453	-0	-0.2816471175678906	0	0.09478689634274365	3.957424235541089	-1.660423559215398	-0	-0.1448129642472056	0	-0.09478689634274365	0	0	0	0	0	0
0.03572695495732898	-53.33691475244891	448.1535850410404	-0	-0.2816127732600011	0	0.09478689634274365	3.871354325628801	-1.607505943518169	-0	-0.1426090000732277	0	-0.09478689634274365	0	0	0	0	0	0
0.03638856523431656	-51.69326514849837	434.9154091976815	-0	-0.2815780889207625	0	0.09478689634274365	3.782323983361151	-1.554885179185575	-0	-0.140365953953919	0	-0.09478689634274365	0	0	0	0	0	0
0.03705017551130413	-50.20928141186003	423.2645748968802	-0	-0.2815431087955922	0	0.09478689634274363	3.691115331591306	-1.502803968321818	-0	-0.1380850807535281	0	-0.09478689634274365	0	-8.881784197001252e-16	0	0	0	0
0.0377117857882917	-48.85887250232039	412.9510321663162	-0	-0.2815078885292988	0	0.09478689634274366	3.598608528048196	-1.451539640248117	-0	-0.1357675787116799	0	-0.09478689634274365	0	8.881784197001252e-16	0	0	0	0
0.03837339606527927	-47.62284985724359	403.7695930024764	-0	-0.2814725303426123	0	0.09478689634274363	3.505652441063166	-1.401352417789683	-0	-0.1334145420704504	0	-0.09478689634274365	0	-8.881784197001252e-16	0	0	0	0
0.03903500634226684	-46.48394436039384	395.534568189201	-0	-0.2814371393505761	0	0.09478689634274365	3.412998160806505	-1.352459621560237	-0	-0.1310270093322173	0	-0.09478689634274365	0	0	0	0	0	0
0.03969661661925442	-45.42941129726616	388.0946955987515	-0	-0.2814018380817569	0	0.09478689634274365	3.321042045201966	-1.304938096224373	-0	-0.1286059224736527	0	-0.09478689634274365	0	0	0	0	0	0
0.04035822689624199	-44.44788821919031	381.3139479350435	-0	-0.2813667455562877	0	0.09478689634274365	3.229926679688783	-1.258768076593856	-0	-0.1261521777076101	0	-0.09478689634274365	0	0	0	0	0	0
0.04101983717322957	-43.53091724126215	375.0820259032329	-0	-0.281331980494106	0	0.09478689634274363	3.139362213287261	-1.213768906374502	-0	-0.1236665960996151	0	-0.09478689634274365	0	-8.881784197001252e-16	0	0	0	0
0.04168144745021714	-42.67101117863531	369.3001382953059	-0	-0.2812976547229424	0	0.09478689634274365	3.048901510756352	-1.169708967949037	-0	-0.121149968009178	0	-0.09478689634274365	0	0	0	0	0	0
0.04234305772720472	-41.86251854678095	363.8883640999457	-0	-0.2812638710068596	0	0.09478689634274365	2.957931663758295	-1.126304472695218	-0	-0.1186030345149574	0	-0.09478689634274365	0	0	0	0	0	0
0.04300466800419229	-41.1004562014735	358.7753099494491	-0	-0.2812307242644846	0	0.09478689634274365	2.865885230663186	-1.083299527518886	-0	-0.1160265192132228	0	-0.09478689634274365	0	0	0	0	0	0
0.04366627828117987	-40.38099441824878	353.903320369868	-0	-0.2811982973098633	0	0.09478689634274366	2.772308483895486	-1.040490400314879	-0	-0.1134211147298356	0	-0.09478689634274365	0	4.440892098500626e-16	0	0	0	0
0.04432788855816744	-39.70073197801322	349.2208904564818	-0	-0.2811666653138742	0	0.09478689634274366	2.676855276519302	-0.9977204814810646	-0	-0.1107875020019761	0	-0.09478689634274365	0	4.440892098500626e-16	0	0	0	0
0.04498949883515501	-39.05696054692106	344.6860993484958	-0	-0.2811358917647018	0	0.09478689634274365	2.579382642509795	-0.9549138027422044	-0	-0.1081263352888696	0	-0.09478689634274365	0	0	0	0	0	0
0.04565110911214258	-38.44726062147384	340.2614331009224	-0	-0.2811060341124717	0	0.09478689634274363	2.479818302790988	-0.9120233544643549	-0	-0.1054382556641017	0	-0.09478689634274365	0	-8.881784197001252e-16	0	0	0	0
0.04631271938913016	-37.86965003182535	335.9162616724431	-0	-0.2810771399117274	0	0.09478689634274365	2.378287214629992	-0.8690764048179631	-0	-0.1027238721843069	0	-0.09478689634274365	0	0	0	0	0	0
0.04697432966611773	-37.32236806373317	331.6234442100398	-0	-0.2810492520821324	0	0.09478689634274365	2.274997225814352	-0.826130564894177	-0	-0.0999837767486762	0	-0.09478689634274365	0	0	0	0	0	0
0.0476359399431053	-36.80398528766924	327.3617704784899	-0	-0.2810224043079803	0	0.09478689634274365	2.170346561009142	-0.7833119002252036	-0	-0.09721852341984746	0	-0.09478689634274365	0	0	0	0	0	0
0.04829755022009288	-36.31303300037334	323.1118516501157	-0	-0.2809966241896075	0	0.09478689634274365	2.064862189871218	-0.740790629654665	-0	-0.09442864727787965	0	-0.09478689634274363	0	0	0	0	-2.775557561562891e-17	0
0.04895916049708045	-35.84800256895737	318.8554338345441	-0	-0.280971935039567	0	0.09478689634274365	1.959213302426755	-0.6987850397717067	-0	-0.09161464545280022	0	-0.09478689634274363	0	0	0	0	-2.775557561562891e-17	0
0.04962077077406803	-35.40735252246081	314.5741548002086	-0	-0.2809483606026027	0	0.09478689634274365	1.854176020240782	-0.6575473443683797	-0	-0.08877699834216563	0	-0.09478689634274365	0	0	0	0	0	0
0.05028238105105561	-34.9894470629623	310.247617909283	-0	-0.2809259293497778	0	0.09478689634274365	1.750535540075648	-0.6173286907116504	-0	-0.08591615547319165	0	-0.09478689634274365	0	0	0	0	0	0
0.05094399132804318	-34.59262644048741	305.8543343826812	-0	-0.2809046747814597	0	0.09478689634274365	1.649075707137709	-0.5783752278252544	-0	-0.08303255556565642	0	-0.09478689634274365	0	0	0	0	0	0
0.05160560160503075	-34.21515688105405	301.3694942835912	-0	-0.2808846414364861	0	0.09478689634274365	1.550428960632628	-0.540876329801069	-0	-0.0801266189585971	0	-0.09478689634274365	0	0	0	0	0	0
0.05226721188201831	-33.85557598646323	296.7690883539846	-0	-0.2808658835720594	0	0.09478689634274365	1.455111706424534	-0.5049780438944997	-0	-0.07719876336620451	0	-0.09478689634274365	0	0	0	0	0	0
0.05292882215900589	-33.51285361937401	292.0329930795415	-0	-0.2808484601927646	0	0.09478689634274365	1.363399868029571	-0.4707415393034003	-0	-0.07424940309432188	0	-0.09478689634274365	0	0	0	0	0	0
0.05359043243599347	-33.1854336280629	287.1400803678546	-0	-0.2808324254819136	0	0.09478689634274365	1.275432014820172	-0.4381803906029262	-0	-0.07127895808252734	0	-0.09478689634274365	0	0	0	0	0	0
0.05425204271298104	-32.87107805816831	282.0616141556894	-0	-0.2808178471984557	0	0.09478689634274365	1.191189496459473	-0.4072550913430669	-0	-0.06828785781924777	0	-0.09478689634274365	0	0	0	0	0	0
0.05491365298996861	-32.5690183763463	276.7773336172453	-0	-0.2808048190548691	0	0.09478689634274365	1.110561069467429	-0.3778960540613862	-0	-0.06527654393511582	0	-0.09478689634274365	0	0	0	0	0	0
0.05557526326695619	-32.28101057587963	271.3005056703943	-0	-0.280793402948879	0	0.09478689634274365	1.033337113237476	-0.3500023146241081	-0	-0.06224547702716837	0	-0.09478689634274365	0	0	0	0	0	0
0.05623687354394376	-32.00781902266804	265.6530977381598	-0	-0.2807836058745253	0	0.09478689634274365	0.9593088544051791	-0.323475616439154	-0	-0.0591951326963986	0	-0.09478689634274365	0	0	0	0	0	0
0.05689848382093134	-31.74925631734738	259.8626382759941	-0	-0.2807753869506758	0	0.09478689634274365	0.8883544277750166	-0.2982491597042117	-0	-0.05612600687273935	0	-0.09478689634274365	0	0	0	0	0	0
0.05756009409791892	-31.50482658934454	253.9566470360379	-0	-0.2807686941989598	0	0.09478689634274365	0.8204121405874685	-0.2742779524737062	-0	-0.05303860954647543	0	-0.09478689634274365	0	0	0	0	0	0
0.05822170437490649	-31.27342046523027	247.9589987830626	-0	-0.2807634675138855	0	0.09478689634274365	0.7555511242400764	-0.251561820919099	-0	-0.04993346706539452	0	-0.09478689634274365	0	0	0	0	0	0
0.05888331465189405	-31.05389226084265	241.8916399846023	-0	-0.2807596492737635	0	0.09478689634274365	0.6938853469867321	-0.2301160576742212	-0	-0.04681111639073185	0	-0.09478689634274365	0	0	0	0	0	0
0.05954492492888163	-30.84496311615312	235.7729610367429	-0	-0.2807571882733957	0	0.09478689634274365	0.6356185482282177	-0.2099859756636023	-0	-0.04367210365028191	0	-0.09478689634274365	0	0	0	0	0	0
0.06020653520586921	-30.64534184832085	229.6197092176277	-0	-0.2807560355765703	0	0.09478689634274365	0.5809518365769825	-0.1912160633970125	-0	-0.04051698104509946	0	-0.09478689634274365	0	0	0	0	0	0
0.06086814548285677	-30.45371252798345	223.4458594245853	-0	-0.2807561497352231	0	0.09478689634274365	0.5301038185678366	-0.1738566614438963	-0	-0.03734630221145509	0	-0.09478689634274363	0	0	0	0	-6.938893903907228e-18	0
0.06152975575984435	-30.26876070304579	217.2641652670006	-0	-0.2807574909700405	0	0.09478689634274365	0.4832419765579988	-0.1579415657092751	-0	-0.03416062267386642	0	-0.09478689634274365	0	0	0	0	0	0
0.06219136603683193	-30.08919313863182	211.0853710483921	-0	-0.2807600261999716	0	0.09478689634274365	0.4404847916309457	-0.1434890589167546	-0	-0.03096049328891819	0	-0.09478689634274365	0	0	0	0	0	0
0.0628529763138195	-29.9137291254564	204.9194026129399	-0	-0.2807637233828839	0	0.09478689634274365	0.4018693966007182	-0.1304917402131667	-0	-0.02774646389762218	0	-0.09478689634274365	0	0	0	0	0	0
0.06351458659080708	-29.74114922722981	198.7749260480286	-0	-0.280768555885717	0	0.09478689634274365	0.3673462662064353	-0.1189152256373407	-0	-0.02451907623647048	0	-0.09478689634274365	0	0	0	0	0	0
0.06417619686779465	-29.57026942141852	192.660239601131	-0	-0.2807744971990049	0	0.09478689634274365	0.3367822313718423	-0.1086995285278802	-0	-0.02127886967195175	0	-0.09478689634274365	0	0	0	0	0	0
0.06483780714478223	-29.40003123057928	186.5833578583741	-0	-0.2807815235301258	0	0.09478689634274365	0.3099554577986212	-0.09975776707227324	-0	-0.01802637464041346	0	-0.09478689634274365	0	0	0	0	0	0
0.06549941742176979	-29.22939720322477	180.5521241332282	-0	-0.2807896091286776	0	0.09478689634274365	0.2865837780949985	-0.09198555717663126	-0	-0.0147621191232993	0	-0.09478689634274365	0	0	0	0	0	0
0.06616102769875737	-29.05742036134406	174.5740905172832	-0	-0.2807987290485845	0	0.09478689634274366	0.2663216527019955	-0.0852601672082134	-0	-0.0114866231191728	0	-0.09478689634274366	0	4.440892098500626e-16	0	0	3.469446951953614e-18	0
0.06682263797574495	-28.88316595607669	168.6565310545691	-0	-0.2808088560083844	0	0.09478689634274365	0.2487992675367571	-0.07945311212817065	-0	-0.008200404752850171	0	-0.09478689634274365	0	0	0	0	0	0
0.06748424825273253	-28.70575626382827	162.8061023804569	-0	-0.2808199639722478	0	0.09478689634274365	0.2336201252847523	-0.07442931478994758	-0	-0.004903975732708319	0	-0.09478689634274365	0	0	0	0	0	0
0.0681458585297201	-28.52432166377005	157.029054291811	-0	-0.2808320251122834	0	0.09478689634274365	0.2203970672754586	-0.07005848738945275	-0	-0.001597846484495766	0	-0.09478689634274365	0	0	0	0	0	0
0.06880746880670767	-28.33804464697069	151.3308286789499	-0	-0.2808450144723603	0	0.09478689634274365	0.2087472553461203	-0.0662133352260854	-0	0.001717477854704723	0	-0.09478689634274365	0	0	0	0	0	0
0.06946907908369523	-28.14608763674405	145.716314944649	-0	-0.2808589058059177	0	0.09478689634274365	0.1983215390447539	-0.06277868428609149	-0	0.005041493329554454	0	-0.09478689634274365	0	0	0	0	0	0
0.07013068936068281	-27.94762910287581	140.1892254757682	-0	-0.2808736789024991	0	0.09478689634274365	0.1887977370608935	-0.05964909859348583	-0	0.008373701119648656	0	-0.09478689634274365	0	0	0	0	0	0
0.07079229963767039	-27.74159657977555	134.7516669595215	-0	-0.2808893136815493	0	0.09478689634274365	0.1799015674237809	-0.05673527745342528	-0	0.0117136040726913	0	-0.09478689634274365	0	0	0	0	0	0
0.07145390991465796	-27.52644863907116	129.4011809291026	-0	-0.2809058137893384	0	0.09478689634274365	0.171398335943371	-0.0539611842253138	-0	0.01506071082401593	0	-0.09478689634274365	0	0	0	0	0	0
0.07211552019164552	-27.300411428759	124.1337522760828	-0	-0.2809231969463273	0	0.09478689634274365	0.1631051680921894	-0.05126770249729398	-0	0.01841453233152525	0	-0.09478689634274365	0	0	0	0	0	0
0.0727771304686331	-27.06166439500685	118.9430196549044	-0	-0.2809415200670695	0	0.09478689634274365	0.15488399755415	-0.04861022862945613	-0	0.02177458585908595	0	-0.09478689634274363	0	0	0	0	-1.734723475976807e-18	0
0.07343874074562068	-26.80831645098276	113.8230237623045	-0	-0.2809608545669596	0	0.09478689634274365	0.1466433405187534	-0.04595907387935795	-0	0.02514039130912569	0	-0.09478689634274365	0	0	0	0	0	0
0.07410035102260826	-26.53913988896766	108.7702677661937	-0	-0.2809813005301831	0	0.09478689634274365	0.1383333148156333	-0.04329776440553405	-0	0.02851147507330733	0	-0.09478689634274365	0	0	0	0	0	0
0.07476196129959584	-26.2527735286834	103.7825982997858	-0	-0.2810029576706703	0	0.09478689634274363	0.1299374661087901	-0.0406203781361812	-0	0.03188736645202352	0	-0.09478689634274365	0	0	0	0	0	0
0.0754235715765834	-25.9483232073304	98.86029054903119	-0	-0.2810259397908843	0	0.09478689634274366	0.1214674821170161	-0.03792981868211436	-0	0.03526760212269363	0	-0.0947868963429218	0	4.440892098500626e-16	0	0	1.464106613724425e-15	0
0.07608518185357097	-25.62481491434623	94.00499584802232	-0	-0.2810503579357974	0	0.09478689634274363	0.1129536963766748	-0.035234802870936	-0	0.03865172228749138	0	-0.09478689634293186	0	-4.440892098500626e-16	0	0	1.408595462493167e-15	0
0.07674679213055854	-25.28192959387068	89.22123093214864	-0	-0.2810763332711181	0	0.09478689634274366	0.1044432236097905	-0.03254925430307331	-0	0.04203927585599083	0	-0.094786896343343	0	4.440892098500626e-16	0	0	4.045375145977914e-15	0
0.07740840240754612	-24.91938407338941	84.51466570755812	-0	-0.2811039852121069	0	0.09478689634274366	0.09599019534067765	-0.02988924804794036	-0	0.04542981622614475	0	-0.09478689634380946	0	4.440892098500626e-16	0	0	6.458375501061653e-15	0
0.07807001268453369	-24.53770707730577	79.89320891590593	-0	-0.2811334536764643	0	0.09478689634274365	0.08765958447597294	-0.02727420475889311	-0	0.04882290726369107	0	-0.09478689634480163	0	0	0	0	1.110916914015547e-14	0
0.07873162296152127	-24.1409862039587	75.36329640726312	-0	-0.2811652307202017	0	0.09478689634274365	0.07951737691392673	-0.02472383561725609	-0	0.05221811844270715	0	-0.09478689634669088	0	0	0	0	1.88408316725841e-14	0
0.07939323323850885	-23.742076783806	70.92590778667451	-0	-0.2812008020395798	0	0.09478689634274365	0.07163322496316309	-0.02225897973276274	-0	0.05561503277885488	0	-0.09478689635077608	0	0	0	0	3.364496181657017e-14	0
0.08005484351549641	-23.36838700171856	66.56834918153525	-0	-0.2812437634258636	0	0.09478689634274365	0.06407298976384795	-0.01989930078667866	-0	0.0590132410195582	0	-0.09478689635911662	0	0	0	0	5.971004940485969e-14	0
0.08071645379248399	-23.0837209660729	62.23806525724542	-0	-0.2813034591418601	0	0.09478689634274365	0.05690500796804699	-0.01766524999019347	-0	0.06241235132311396	0	-0.09478689637582896	0	0	0	0	1.042187169897346e-13	0
0.08137806406947157	-22.91462969017449	57.88663048515592	-0	-0.2813878033988645	0	0.09478689634274365	0.05019114286664537	-0.01557530344881542	-0	0.06581198168677027	0	-0.09478689641054631	0	0	0	0	1.830645010580945e-13	0
0.08203967434645913	-22.82971546020281	53.50367599307966	-0	-0.2814992269492927	0	0.09478689634274365	0.0439953120230356	-0.01364862424652049	-0	0.06921177132975082	0	-0.09478689648234216	0	0	0	0	3.207841978158932e-13	0
0.0827012846234467	-22.77425406121441	49.09241341913692	-0	-0.2816381221334514	0	0.09478689634274366	0.03837313565184276	-0.01190186208943287	-0	0.07261137311361862	0	-0.09478689663212581	0	4.440892098500626e-16	0	0	5.626415132409246e-13	0
0.08336289490043428	-22.67275548895905	44.6763322310931	-0	-0.2818017691828862	0	0.09478689634274365	0.03337529804448094	-0.01035020696124306	-0	0.07601047136152847	0	-0.09478689694462965	0	0	0	0	9.864652497637572e-13	0
0.08402450517742185	-22.45034254412587	40.28503550398833	-0	-0.2819864849021445	0	0.09478689634274365	0.02903985943017145	-0.009005020121916592	-0	0.07940876957541219	0	-0.09478689759300288	0	0	0	0	1.726360374099123e-12	0
0.08468611545440943	-22.03824327726071	35.9593478203283	-0	-0.2821870746978858	0	0.09478689634274365	0.02539607408856881	-0.00787502390483022	-0	0.08280601106817197	0	-0.09478689892613958	0	0	0	0	3.017577940994665e-12	0
0.08534772573139701	-21.38274134510233	31.75147432845871	-0	-0.2823965675253601	0	0.09478689634274365	0.02245566756708238	-0.00696360241255614	-0	0.08620196475137144	0	-0.09478690161823639	0	0	0	0	5.2651012889815e-12	0
0.08600933600838458	-20.45622619828955	27.75182810743305	-0	-0.2826024219281932	0	0.09478689634274365	0.02021694054135898	-0.006270070668212537	-0	0.08959644959737778	0	-0.09478690691559834	0	0	0	0	9.170140775199842e-12	0
0.08667094628537216	-19.28375608246903	24.03575793671143	-0	-0.2827946851726042	0	0.09478689634274365	0.01865512784511184	-0.005786677384496895	-0	0.09298932316521411	0	-0.09478691699268739	0	0	0	0	1.593489858293939e-11	0
0.08733255656235973	-17.91215590106811	20.60452765678232	-0	-0.2829742760300881	0	0.09478689634274365	0.01772364051435946	-0.005498975169523959	-0	0.09638051406303746	0	-0.09478693545806945	0	0	0	0	2.761767095398049e-11	0
0.0879941668393473	-15.76567025719856	17.4321241232364	-0	-0.282966119730181	0	0.09478689634274365	0.01734315209517579	-0.005382414288652363	-0	0.09977001713567898	0	-0.09478696816248627	0	0	0	0	4.772883021968155e-11	0
0.08865577711633488	-13.22315716177707	14.48120239822978	-0	-0.282807128652564	0	0.09478689634274365	0.01740227023631878	-0.005402521342201898	-0	0.1031579452781727	0	-0.09478702469458986	0	0	0	0	8.22202113250764e-11	0
0.08931738739332244	-10.83187164634529	11.73860395534467	-0	-0.2826388974491153	0	0.09478689634274366	0.01775854104037399	-0.005515176123339066	-0	0.1065445649204716	0	-0.09478712140077498	0	2.220446049250313e-16	0	0	1.411380355035435e-10	0
0.08997899767031002	-8.600027251606447	9.215794240421848	-0	-0.2824595528926235	0	0.09478689634274365	0.01824534721271127	-0.005668714900762304	-0	0.1099304360289179	0	-0.09478728735479858	0	0	0	0	2.413422330906079e-10	0
0.0906406079472976	-6.543976422724944	6.929838768611296	-0	-0.2822674780389045	0	0.09478689634274365	0.01868181117610072	-0.00580696945159672	-0	0.1133166259305272	0	-0.09478757616812136	0	0	0	0	4.109582335889983e-10	0
0.09130221822428518	-4.687826877938934	4.903274556306122	-0	-0.2820611808709637	0	0.09478689634274365	0.01888734241911116	-0.005873757474903769	-0	0.1167052180426938	0	-0.09478808989825963	0	0	0	0	6.9660953936658e-10	0
0.09196382850127276	-3.06122363296551	3.161448881944926	-0	-0.2818392506691053	0	0.09478689634274365	0.01870179021408648	-0.005819130986894379	-0	0.1201003242579798	0	-0.0947890290864539	0	0	0	0	1.175063158971937e-09	0
0.09262543877826032	-1.692877244044589	1.72584125821288	-0	-0.2816004291193672	0	0.09478689634274365	0.01800826613369981	-0.005606479512306377	-0	0.1235103912753764	0	-0.09479080167893505	0	0	0	0	1.971857577828112e-09	0
0.09328704905524789	-0.6035584779854047	0.6073685608701661	-0	-0.2813435837274388	0	0.09478689634274365	0.01675691267755185	-0.00521995758981407	-0	0.1269534188585285	0	-0.09479426916797844	0	0	0	0	3.290963302001945e-09	0
0.09394865933223547	0.2019860268116508	-0.2006554194835468	-0	-0.2810678378596638	0	0.09478689634274365	0.0149805864276252	-0.00466942751969781	-0	0.1304695012713377	0	-0.09480132667171233	0	0	0	0	5.462210963050329e-09	0
0.09461026960922304	0.7378328080606311	-0.7237435959712881	-0	-0.2807725087026151	0	0.09478689634274365	0.01279565420396436	-0.003990785969969829	-0	0.1341521168251599	0	-0.09481633330890603	0	0	0	0	9.0191613730424e-09	0
0.09527187988621061	1.037119293863855	-1.004856867946273	-0	-0.2804572681461479	0	0.09478689634274365	0.01038074477347739	-0.003239420764013574	-0	0.1382308413767801	0	-0.09484984026054032	0	0	0	0	1.483738495998768e-08	0
0.09593349016319819	1.147519725574563	-1.098696999718858	-0	-0.2801220055874666	0	0.09478689634274365	0.00793507830465461	-0.00247726685892699	-0	0.1433069409984792	0	-0.09492908375229835	0	0	0	0	2.442782727116698e-08	0
0.09659510044018577	1.123149270073124	-1.063202758407578	-0	-0.2797669513007761	0	0.09478689634274365	0.00562723079654779	-0.001756817285601009	-0	0.1511139688739187	0	-0.0951315222218056	0	0	0	0	4.077660527106435e-08	0
0.09725671071717333	1.015823366270484	-0.9512445658038424	-0	-0.2793924983445749	0	0.09478689634274365	0.003549575814533382	-0.001106831230897687	-0	0.1676520407808055	0	-0.0957221850003885	0	0	0	0	7.190148632041371e-08	0
0.09791832099416091	0.8683378327903085	-0.8048123461097636	-0	-0.2789992483346906	0	0.09478689634274365	0.00169039375904782	-0.0005234935407470694	-0	0.2259565756223213	0	-0.09814941055831371	0	0	0	0	1.582648826889649e-07	0
0.09857993127114849	0.7114414456865543	-0.6529958906478412	-0	-0.2785878744918512	0	0.09478689634274365	-7.719762753225271e-05	3.321782870795446e-05	-0	-1.896824826157041	0	-0.005202618960100124	0	0	0	0	-2.430209624137365e-06	0
0.09924154154813605	0.5642667583381086	-0.5131506885465982	-0	-0.2781591167478442	0	0.09478689634274365	-0.002000982858532372	0.0006415364381448097	-0	-0.02452134869822483	0	-0.08699269885832524	0	0	0	0	-1.145469786287105e-07	0
0.09990315182512365	0.4364964530123208	-0.393498606295739	-0	-0.2777137231427326	0	0.09478689634274365	-0.004466997131676285	0.001423596730239109	-0	0.02139298853777726	0	-0.08892226779444717	0	0	0	0	-4.381329964678543e-08	0
0.1005647621021112	0.3312757976138002	-0.2961796431386752	-0	-0.2772524290650664	0	0.09478689634274365	-0.00804867036646115	0.002561173347264696	-0	0.03339749066883847	0	-0.0893799578245789	0	0	0	0	-1.923322664641128e-08	0
0.1012263723790988	0.2478334069420983	-0.2198457704356851	-0	-0.2767759550386618	0	0.09478689634274365	-0.01360138670772348	0.00432583377003517	-0	0.03783726524772769	0	-0.08951344314410763	0	0	0	0	-8.349914398146988e-09	0
0.1018879826560863	0.1834599799672197	-0.1615370462005183	-0	-0.2762849882498037	0	0.09478689634274365	-0.02241939829762138	0.0071289475665344	-0	0.04006334127740117	0	-0.08955319032125029	0	0	0	0	-3.44231688119423e-09	0
0.1025495929330739	0.134800068652013	-0.1178593940565182	-0	-0.2757802010227021	0	0.09478689634274365	-0.03647888754434903	0.01159922688975925	-0	0.04162132899629187	0	-0.08956468184505144	0	0	0	0	-1.328439045832769e-09	0
0.1032112032100615	0.09856695363258769	-0.08560752165703955	-0	-0.2752622377311247	0	0.09478689634274365	-0.05880009854178275	0.01869843555579951	-0	0.04299055013125	0	-0.08956786001805446	0	0	0	0	-4.767325987101168e-10	0
0.1038728134870491	0.07188177291507611	-0.06203864677671758	-0	-0.2747317339095569	0	0.09478689634274365	-0.09397545238074979	0.02989048121645891	-0	0.04431724298847981	0	-0.08956869822508801	0	0	0	0	-1.581767234554166e-10	0
0.1045344237640366	0.05237933935172218	-0.04493836293699476	-0	-0.2741893066077557	0	0.09478689634274365	-0.1489269361999846	0.04738449549488057	-0	0.04564410952563677	0	-0.08956890918532846	0	0	0	0	-4.812321374725315e-11	0
0.1051960340410242	0.03819935723704587	-0.03258911554330584	-0	-0.2736355689792991	0	0.09478689634274365	-0.2339757210819472	0.07447909203665325	-0	0.04698301407723134	0	-0.08956895999087916	0	0	0	0	-1.321032172540981e-11	0
0.1058576443180118	0.02791930979765173	-0.02369308475622592	-0	-0.2730711223493873	0	0.09478689634274365	-0.3643265720753588	0.1160417176392043	-0	0.0483370757414737	0	-0.08956897173951554	0	0	0	0	-3.154913830183403e-12	0
0.1065192545949993	0.02047558649973028	-0.01728982841466557	-0	-0.2724965667972957	0	0.09478689634274365	-0.5620895931691746	0.1791641116725818	-0	0.04970705257765689	0	-0.08956897436065067	0	0	0	0	-5.879602360536751e-13	0
0.1071808648719869	0.01508387530268592	-0.01267762603247648	-0	-0.2719124939406334	0	0.09478689634274366	-0.8589693819706801	0.2740386383480182	-0	0.05109304375781982	0	-0.08956897492780456	0	-2.168404344971009e-19	0	0	-4.289624211395449e-14	0
0.1078424751489745	0.01117271069476722	-0.009349405047184131	-0	-0.2713194949038398	0	0.09478689634274365	-1.299755314200724	0.4151025584232186	-0	0.05249496306917695	0	-0.0895689750476512	0	0	0	0	3.207156762385921e-14	0
0.1085040854259621	0.00832824784849189	-0.00694074301526562	-0	-0.270718153194606	0	0.09478689634274365	-1.946692405318499	0.6224841814499692	-0	0.053912579103535	0	-0.08956897507257183	0	0	0	0	2.398081733190338e-14	0
0.1091656957029497	0.006252707438021065	-0.005191234889474856	-0	-0.2701090513378051	0	0.09478689634274365	-2.884764379598619	0.9237697723375441	-0	0.05534559776473921	0	-0.08956897507772379	0	0	0	0	1.165734175856414e-14	0
0.1098273059799372	0.00473209426414175	-0.003914953373875658	-0	-0.2694927636420325	0	0.09478689634274365	-4.227668299832238	1.356043123888595	-0	0.05679354741579635	0	-0.0895689750787947	0	0	0	0	5.051514762044462e-15	0
0.1104889162569248	0.003613094148630503	-0.002979481141088083	-0	-0.268869862274901	0	0.09478689634274366	-6.124126350847532	1.968098368102758	-0	0.05825589169817332	0	-0.08956897507902209	0	-5.421010862427522e-20	0	0	2.109423746787797e-15	0
0.1111505265339124	0.002785621600266204	-0.002290268723269055	-0	-0.2682409099091222	0	0.09478689634274365	-8.763404407417852	2.822521422108594	-0	0.05973184116430334	0	-0.08956897507907224	0	0	0	0	7.771561172376096e-16	0
0.1118121368109	0.002170678940086199	-0.001779815728800568	-0	-0.2676064656511977	0	0.09478689634274365	-12.37878878185883	3.997247453561629	-0	0.06122054806371254	0	-0.08956897507908398	0	0	0	0	6.661338147750939e-16	0
0.1124737470878875	0.00171127039054293	-0.001399661174123134	-0	-0.2669670776251662	0	0.09478689634274363	-17.24583748627799	5.58570085213871	-0	0.06272084860017756	0	-0.08956897507908698	0	2.710505431213761e-20	0	0	2.220446049250313e-16	0
0.1131353573648751	0.001366254348401082	-0.001114982377031107	-0	-0.2663232890325757	0	0.09478689634274365	-23.67285076539367	7.694631709694538	-0	0.06423155692534088	0	-0.08956897507908781	0	0	0	0	4.440892098500626e-16	0
0.1137969676418627	0.001105692822473015	-0.0009005508867730473	-0	-0.2656756308485549	0	0.09478689634274365	-31.97729395642642	10.43782535632482	-0	0.06575116815090663	0	-0.08956897507908809	0	0	0	0	0	0
0.1144585779188503	0.000907769394945329	-0.0007380566552176176	-0	-0.2650246280642178	0	0.09478689634274365	-42.44588853207024	13.9245944984647	-0	0.06727823054911804	0	-0.08956897507908819	0	0	0	0	-4.440892098500626e-16	0
0.1151201881958378	0.0007564369445895797	-0.0006140849469484379	-0	-0.2643707926027927	0	0.09478689634274365	-55.27261129292972	18.24115992378823	-0	0.0688110867972492	0	-0.08956897507908818	0	0	0	0	-8.881784197001252e-16	0
0.1157817984728254	0.0006398719851816294	-0.0005187877101166177	-0	-0.263714629637792	0	0.09478689634274365	-70.48231732163454	23.42650896824916	-0	0.07034822059957747	0	-0.08956897507908805	0	0	0	0	8.881784197001252e-16	0
0.116443408749813	0.0005493168648001809	-0.0004448953333753601	-0	-0.2630566306196698	0	0.09478689634274365	-87.8560629841199	29.44694040495566	-0	0.07188812591789003	0	-0.08956897507908756	0	0	0	0	1.77635683940025e-15	0
0.1171050190268006	0.0004782719701859243	-0.0003870292392703897	-0	-0.262397279417499	0	0.09478689634274365	-106.900679549483	36.18311338997307	-0	0.07342943007089581	0	-0.08956897507908476	0	0	0	0	3.552713678800501e-15	0
0.1177666293037881	0.0004219399556553104	-0.0003412297932932313	-0	-0.261737045130802	0	0.09478689634274366	-126.9375865917836	43.45327198355116	-0	0.07497085436318121	0	-0.08956897507906059	0	-6.776263578034403e-21	0	0	5.329070518200751e-14	0
0.1184282395807757	0.0003767583412720554	-0.000304563555378677	-0	-0.2610763880768373	0	0.09478689634274365	-147.3766129606045	51.10193413364656	-0	0.07651099823660808	0	-0.08956897507874542	0	0	0	0	7.851497230149107e-13	0
0.1190898498577633	0.0003400761502363157	-0.0002748521425664647	-0	-0.2604157530826167	0	0.09478689634274365	-168.2037513790426	59.169917093056	-0	0.07804816047866417	0	-0.08956897507289255	0	0	0	0	1.658406745264074e-11	0
0.1197514601347508	0.0003098879964080168	-0.0002504510021284855	-0	-0.2597555763898586	0	0.09478689634274365	-190.5187317237197	68.10294936085745	-0	0.07958020277831535	0	-0.08956897494327155	0	0	0	0	4.196607505946304e-10	0
0.1204130704117384	0.0002845456336569843	-0.0002300124756761477	-0	-0.2590962825682321	0	0.09478689634274365	-216.700860297023	78.86344820067575	-0	0.08110421001139427	0	-0.08956897477054798	0	0	0	0	1.096829294056079e-09	0
0.121074680688726	0.0002627258456150838	-0.0002124566224981593	-0	-0.2584382927742607	0	0.09478689634274365	-249.8422418458825	92.78836932053765	-0	0.08261759920607872	0	-0.08956898487832085	0	0	0	0	-4.026132671697269e-08	0
0.1217362909657135	0.000243249833091725	-0.0001968233273984073	-0	-0.2577820242598077	0	0.09478689634274365	-292.365216139306	111.158694692731	-0	0.08411650386284691	0	-0.08956899209700023	0	0	0	0	-8.103446447194074e-08	0
0.1223979012427011	0.0002252218191792334	-0.0001823820937428946	-0	-0.2571278960785946	0	0.09478689634274365	-344.7500651953916	134.7458750679246	-0	0.0855981625994635	0	-0.08956899713739881	0	0	0	0	-1.20634140898801e-07	0
0.1230595115196887	0.0002080260981164826	-0.0001686285358802719	-0	-0.2564763216612934	0	0.09478689634274365	-405.1356457443646	163.6220840334389	-0	0.08705908636908649	0	-0.08956900117484563	0	0	0	0	-1.596479890508817e-07	0
0.1237211217966763	0.0001913289197441005	-0.0001552856332436258	-0	-0.255827713121845	0	0.09478689634274365	-469.8997828402067	197.3058394213641	-0	0.08849556836164385	0	-0.08956900518060235	0	0	0	0	-1.969039757909741e-07	0
0.1243827320736639	0.000175088985134917	-0.0001423125694537632	-0	-0.2551824669602027	0	0.09478689634274365	-534.8091273385252	235.0677989963525	-0	0.0899021173830159	0	-0.08956900999082876	0	0	0	0	-2.288505385195094e-07	0
0.1250443423506514	0.0001593973198149233	-0.000129776254240229	-0	-0.2545409728773349	0	0.09478689634274365	-595.8036896730251	276.1836823456192	-0	0.09127194914744306	0	-0.08956901655150648	0	0	0	0	-2.481267813436716e-07	0
0.125705952627639	0.0001444661234852998	-0.0001178430832335911	-0	-0.2539035986302394	0	0.09478689634274365	-649.6338207773148	320.0852106503333	-0	0.09259677412615366	0	-0.08956902608359443	0	0	0	0	-2.39158417514318e-07	0
0.1263675629046266	0.0001304931803000097	-0.0001066697529848284	-0	-0.2532707016744182	0	0.09478689634274365	-693.8984135524668	366.38597518249	-0	0.09386696463624318	0	-0.08956904050399692	0	0	0	0	-1.692525586349802e-07	0
0.1270291731816142	0.0001176669054340379	-9.640758139136528e-05	-0	-0.2526426153246515	0	0.09478689634274365	-727.1081602995345	414.8637284372975	-0	0.09507269561221143	0	-0.08956906295815677	0	0	0	0	3.040173623958253e-08	0
0.1276907834586017	0.0001061023857743617	-8.715042577750785e-05	-0	-0.252019660895934	0	0.09478689634274365	-748.4882854234551	465.4008932128905	-0	0.09620338207974347	0	-0.08956909896649122	0	0	0	0	5.043610684651867e-07	0
0.1283523937355893	9.586208226107862e-05	-7.895118117676522e-05	-0	-0.2514021369525462	0	0.09478689634274365	-757.8778124830413	517.9361721781842	-0	0.09724971899340236	0	-0.08956915836967175	0	0	0	0	1.556479645614672e-06	0
0.1290140040125768	8.694347513392767e-05	-7.181114473968815e-05	-0	-0.2507903304283769	0	0.09478689634274365	-755.6181039723717	572.4168846452213	-0	0.09820250959581357	0	-0.08956925927818003	0	0	0	0	3.825317079986235e-06	0
0.1296756142895645	7.930359310390142e-05	-6.5699551157537e-05	-0	-0.2501845091052328	0	0.09478689634274365	-742.4209379160402	628.7689832025576	-0	0.09905518275633197	0	-0.08956943541788578	0	0	0	0	8.651275507531864e-06	0
0.130337224566552	7.286929356592645e-05	-6.056147608603671e-05	-0	-0.2495849300561713	0	0.09478689634274365	-719.3939620258118	686.8865435231279	-0	0.09980243517865164	0	-0.0895697505858052	0	0	0	0	1.882967694655235e-05	0
0.1309988348435396	6.75526048766691e-05	-5.633009772397906e-05	-0	-0.2489918346341261	0	0.09478689634274365	-687.8509414191652	746.6303127109874	-0	0.1004433604115422	0	-0.0895703258710568	0	0	0	0	4.014341212865702e-05	0
0.1316604451205272	6.45674652146602e-05	-5.402185740063745e-05	-0	-0.2484049693877699	0	0.09478689634274365	-315.5061754908064	810.3711110368528	-0	0.1028163948711695	0	-0.08957127669587869	0	0	0	0	0.0006722292629781634	0
0.1323220553975147	6.379101528618517e-05	-5.355212122773165e-05	-0	-0.2478244176178573	0	0.09478689634274365	-160.4292332502544	879.30017147405	-0	0.1038904422648008	0	-0.08957265909616149	0	0	0	0	0.00105524762847331	0
0.1329836656745023	6.378878947676378e-05	-5.3737904837144e-05	-0	-0.2472508763442724	0	0.09478689634274365	-112.073119332215	951.3071598749076	-0	0.1043604760298478	0	-0.08957459917312674	0	0	0	0	0.001528994813531526	0
0.1336452759514899	6.418901415521077e-05	-5.427358633525432e-05	-0	-0.2466847376616966	0	0.09478689634274365	-94.44566385039909	1025.429616053902	-0	0.1046628655421647	0	-0.08957725215766961	0	0	0	0	0.002111222206901076	0
0.1343068862284775	6.489792271753632e-05	-5.508411165163376e-05	-0	-0.2461262985492898	0	0.09478689634274365	-77.64895737401778	1101.045018695298	-0	0.1049655514101781	0	-0.0895807859681152	0	0	0	0	0.002821429499688222	0
0.1349684965054651	6.596196806538355e-05	-5.621228405225227e-05	-0	-0.2455757840006731	0	0.09478689634274365	-64.10911264018853	1177.801615132462	-0	0.1052640312647852	0	-0.08958536010093923	0	0	0	0	0.003662556076725387	0
0.1356301067824526	6.741756446742196e-05	-5.769332888171114e-05	-0	-0.2450334138812766	0	0.09478689634274366	-51.3400580158188	1255.300772870494	-0	0.105578041151081	0	-0.0895911340006172	0	-1.694065894508601e-21	0	0	0.004642983728643024	0
0.1362917170594402	6.93215547227001e-05	-5.958078541721067e-05	-0	-0.2444993806095438	0	0.09478689634274365	-39.95384556539112	1333.190087905836	-0	0.1059107814082771	0	-0.08959823954162757	0	0	0	0	0.0057667145295901	0
0.1369533273364277	7.1735943625323e-05	-6.193386086756047e-05	-0	-0.2439738637726395	0	0.09478689634274365	-29.85115110296697	1411.115952830667	-0	0.106267381139681	0	-0.08960676071235876	0	0	0	0	0.007037034010652476	0
0.1376149376134153	7.473613314906558e-05	-6.482470591910879e-05	-0	-0.2434570182988076	0	0.09478689634274365	-21.19572047135139	1488.73959989281	-0	0.1066487205972991	0	-0.08961668654091363	0	0	0	0	0.008447819803701906	0
0.1382765478904029	7.840782135430999e-05	-6.833608995815677e-05	-0	-0.2429489843928575	0	0.09478689634274365	-13.96715751429725	1565.702818315682	-0	0.107052533040073	0	-0.08962787260732676	0	0	0	0	0.009979650917810279	0
0.1389381581673905	8.285315978960489e-05	-7.256707262534187e-05	-0	-0.2424498772663161	0	0.09478689634274365	-8.095159254784116	1641.61679624977	-0	0.1074715732475645	0	-0.08964000374312936	0	0	0	0	0.01159363824018345	0
0.139599768444378	8.818968894182117e-05	-7.763253226484187e-05	-0	-0.2419597964130664	0	0.09478689634274365	-3.389557713280605	1716.049651312745	-0	0.1078950642404179	0	-0.08965262956166482	0	0	0	0	0.01323586012838879	0
0.1402613787213656	9.455667118899203e-05	-8.366919060206826e-05	-0	-0.241478815595909	0	0.09478689634274365	0.3618438448691865	1788.566717035819	-0	0.1083123687184919	0	-0.08966531136147628	0	0	0	0	0.01486034296131859	0
0.1409229889983532	0.0001021142336849652	-9.083546670097613e-05	-0	-0.2410069919857458	0	0.09478689634274365	3.350390544109095	1858.850235746026	-0	0.1087222016364573	0	-0.08967794670014367	0	0	0	0	0.01646996579481769	0
0.1415845992753408	0.0001110466232543435	-9.931498413985666e-05	-0	-0.2405443575243236	0	0.09478689634274365	5.490623361796295	1926.90162595739	-0	0.1091432921148259	0	-0.08969118293518805	0	0	0	0	0.0181634408868277	0
0.1422462095523283	0.0001215583263843776	-0.0001093137983607197	-0	-0.2400909285846512	0	0.09478689634274365	6.421217132154716	1993.207063580757	-0	0.1096217829014861	0	-0.08970667283305873	0	0	0	0	0.02015030487153613	0
0.1429078198293159	0.0001338640658770559	-0.000121052030988106	-0	-0.2396467015858409	0	0.09478689634274365	5.380101139150222	2058.702395395082	-0	0.1102187290640872	0	-0.08972665838383426	0	0	0	0	0.0226346053116932	0
0.1435694301063035	0.0001481785309558342	-0.0001347549250499345	-0	-0.2392116615971536	0	0.09478689634274365	1.701798240344008	2124.339446531825	-0	0.110981471426227	0	-0.089752891402421	0	0	0	0	0.02561925214278912	0
0.1442310403832911	0.0001646924642918786	-0.0001506311645820763	-0	-0.2387857781870499	0	0.09478689634274365	-4.748528725638963	2190.504137903643	-0	0.1119097457913276	0	-0.08978538845054618	0	0	0	0	0.02867912502602132	0
0.1448926506602786	0.0001835543455727485	-0.0001688554366702285	-0	-0.2383690098113161	0	0.09478689634274365	-13.34627160530853	2256.686066777491	-0	0.1129483911058127	0	-0.08982214126143558	0	0	0	0	0.03095103158339296	0
0.1455542609372662	0.0002048434946348762	-0.0001895423572178525	-0	-0.2379612923239522	0	0.09478689634274363	-22.73409944941806	2321.559475940202	-0	0.1140104684514073	0	-0.08985993651600223	0	3.388131789017201e-21	0	0	0.03146827483154935	0
0.1462158712142538	0.0002285248477454113	-0.0002127023784484755	-0	-0.237562544376883	0	0.09478689634274365	-31.42962618995726	2383.430088921984	-0	0.1150059008225482	0	-0.08989544157854239	0	0	0	0	0.02946508615175558	0
0.1468774814912414	0.0002544019917404826	-0.0002381942382847273	-0	-0.2371726518792587	0	0.09478689634274365	-38.21449899759441	2440.655383363354	-0	0.1158691647464511	0	-0.08992621836706713	0	0	0	0	0.02474437114760653	0
0.1475390917682289	0.0002820170971648411	-0.0002656259318825357	-0	-0.2367914793002654	0	0.09478689634274365	-42.34786727534806	2491.930658067512	-0	0.1165633350548798	0	-0.08995088835850332	0	0	0	0	0.01760861260555169	0
0.1482007020452165	0.0003105501951396076	-0.0002942512344016321	-0	-0.2364188557625029	0	0.09478689634274365	-43.6748047583989	2536.433154311667	-0	0.1170805005463039	0	-0.08996915298595597	0	0	0	0	0.008744249853971375	0
0.1488623123222041	0.0003386580307908029	-0.0003228054331402653	-0	-0.2360545895511898	0	0.09478689634274365	-42.38716793180211	2573.766191209564	-0	0.1174320550187064	0	-0.08998142591552474	0	0	0	0	-0.001015343121568257	0
0.1495239225991916	0.000364323107266452	-0.0003493450763576549	-0	-0.2356984584211264	0	0.09478689634274365	-38.928166533509	2603.908174715957	-0	0.1176404510539953	0	-0.08998853198144091	0	0	0	0	-0.01091039512732905	0
0.1501855328761792	0.0003847047768871103	-0.0003710848757961023	-0	-0.2353502229354643	0	0.09478689634274363	-33.8047645062731	2627.07942387973	-0	0.1177336291280828	0	-0.08999149397514954	0	6.776263578034403e-21	0	0	-0.02030977179730531	0
0.1508471431531668	0.0003960946178517315	-0.000384331110784565	-0	-0.2350096205632906	0	0.09478689634274365	-27.50831459217118	2643.659471698045	-0	0.117738689471174	0	-0.08999130217032696	0	0	0	0	-0.02880643998450649	0
0.1515087534301544	0.0003940696739644044	-0.0003846073404973302	-0	-0.2346763754696052	0	0.09478689634274365	-20.48430066014716	2654.109338669249	-0	0.1176813217909593	0	-0.08998889357286288	0	0	0	0	-0.03615098637427239	0
0.152170363707142	0.0003739766247750691	-0.0003671116122795123	-0	-0.2343501949841656	0	0.09478689634274365	-13.08747593278252	2658.913122767618	-0	0.1175823815762473	0	-0.08998502651049735	0	0	0	0	-0.04226161934902617	0
0.1528319739841295	0.0003318269451334275	-0.0003275969200343191	-0	-0.2340307762424977	0	0.09478689634274366	-5.609414092451805	2658.55576677324	-0	0.1174593550869483	0	-0.08998033601373748	0	0	0	0	-0.04714862369148676	0
0.1534935842611171	0.0002655070121546289	-0.0002635958884337789	-0	-0.2337178041451924	0	0.09478689634274365	1.745271547194672	2653.490750899453	-0	0.1173248910080009	0	-0.08997527919054765	0	0	0	0	-0.05089930059560233	0
0.1541551945381047	0.0001759485914932729	-0.000175645738328142	-0	-0.2334109559404462	0	0.09478689634274365	8.83047688257083	2644.146314459605	-0	0.1171886119394565	0	-0.08997020156677761	0	0	0	0	-0.05363132025322792	0
0.1548168048150922	6.769771345282653e-05	-6.794615085487924e-05	-0	-0.2331099003659898	0	0.09478689634274365	15.55916336757518	2630.910495466922	-0	0.1170568015875958	0	-0.08996532623867662	0	0	0	0	-0.05547828213882888	0
0.1554784150920798	-5.15837815219853e-05	5.204610357943277e-05	-0	-0.2328143007590342	0	0.09478689634274365	21.88583970623921	2614.145258037981	-0	0.1169337133309264	0	-0.08996080079287402	0	0	0	0	-0.05657191164398157	0
0.1561400253690674	-0.0001726430028218356	0.0001750850637334751	-0	-0.2325238153753526	0	0.09478689634274363	27.79513502827893	2594.180364137435	-0	0.1168218406276152	0	-0.08995670885883582	0	0	0	0	-0.05703320178200322	0
0.156801635646055	-0.0002866044747936849	0.0002921090115235926	-0	-0.2322380991983754	0	0.09478689634274365	33.29308460886662	2571.325452796213	-0	0.1167225014317923	0	-0.08995309059584145	0	0	0	0	-0.05697143314656872	0
0.1574632459230425	-0.0003865703834365139	0.0003959000970647565	-0	-0.2319568054800827	0	0.09478689634274365	38.39548524423325	2545.866871378566	-0	0.1166362700124274	0	-0.08994996011642699	0	0	0	0	-0.05647944265476612	0
0.1581248562000301	-0.0004683761712662846	0.0004819218360309834	-0	-0.2316795863003912	0	0.09478689634274365	43.12936573286912	2518.076183713738	-0	0.1165631358443572	0	-0.08994730978371984	0	0	0	0	-0.05563822763097326	0
0.1587864664770177	-0.0005305011267918177	0.0005483018359664161	-0	-0.2314060954105729	0	0.09478689634274365	47.52081080015161	2488.207844372878	-0	0.1165029524047292	0	-0.08994512837109825	0	0	0	0	-0.05451399632160481	0
0.1594480767540053	-0.0005734657623220475	0.0005952734671519361	-0	-0.2311359874447955	0	0.09478689634274365	51.59918713868707	2456.504620343088	-0	0.1164553146690586	0	-0.08994339533722445	0	0	0	0	-0.05316382002349318	0
0.1601096870309928	-0.0005990886217675384	0.0006244498750345933	-0	-0.2308689220389639	0	0.09478689634274365	55.38838405872441	2423.194971801153	-0	0.1164199373107214	0	-0.08994209595305061	0	0	0	0	-0.05163360017566099	0
0.1607712973079804	-0.000609829461563506	0.0006381639072447181	-0	-0.2306045616200655	0	0.09478689634274365	58.91061176924563	2388.496659199634	-0	0.1163963883394078	0	-0.08994121084471074	0	0	0	0	-0.04996299900135259	0
0.161432907584968	-0.0006083267738314053	0.0006389935100261562	-0	-0.2303425766116441	0	0.09478689634274365	62.18215769255107	2352.613191169821	-0	0.1163843071846021	0	-0.08994072469979182	0	0	0	0	-0.04818428645264028	0
0.1620945178619556	-0.0005971057474778682	0.0006294533524509167	-0	-0.2300826419097212	0	0.09478689634274365	65.22079820761228	2315.737602845121	-0	0.1163832602936735	0	-0.08994061953565688	0	0	0	0	-0.04632542719448285	0
0.1627561281389431	-0.00057843601105156	0.0006118384274648171	-0	-0.2298244429771994	0	0.09478689634274365	68.04054372411133	2278.048970092916	-0	0.1163928894255627	0	-0.08994088105722708	0	0	0	0	-0.04440919973801005	0
0.1634177384159307	-0.0005542691713638161	0.0005881486413412998	-0	-0.2295676711167142	0	0.09478689634274365	70.65712734518921	2239.716161831251	-0	0.116412815519903	0	-0.08994149401045771	0	0	0	0	-0.04245526868261962	0
0.1640793486929183	-0.0005262401771881466	0.0005600813057339349	-0	-0.2293120301779454	0	0.09478689634274365	73.08404288023939	2200.894826223589	-0	0.1164427819878499	0	-0.08994244808047538	0	0	0	0	-0.04047935872934527	0
0.1647409589699059	-0.000495686125692499	0.0005290423549141199	-0	-0.229057230824013	0	0.09478689634274365	75.334304048668	2161.730716637934	-0	0.1164825278766467	0	-0.08994373294853346	0	0	0	0	-0.0384949284659859	0
0.1654025692468934	-0.000463685481793883	0.0004961811328626212	-0	-0.2288029975083224	0	0.09478689634274365	77.41901555917059	2122.35703235718	-0	0.1165319103805059	0	-0.08994534295395065	0	0	0	0	-0.03651250893358426	0
0.166064179523881	-0.0004310919977248274	0.0004624204074432669	-0	-0.228549062087828	0	0.09478689634274365	79.35029785427135	2082.897478018819	-0	0.1165908122996067	0	-0.0899472731327239	0	0	0	0	-0.03454092638569062	0
0.1667257898008686	-0.0003985736397371422	0.0004284934575784427	-0	-0.2282951708460194	0	0.09478689634274365	81.13998982417375	2043.463845350059	-0	0.1166592385865941	0	-0.08994952288896592	0	0	0	0	-0.0325867812687699	0
0.1673874000778561	-0.0003666420217553003	0.0003949717451686804	-0	-0.2280410779186986	0	0.09478689634274366	82.81824487756242	2004.161019478668	-0	0.1167377182491039	0	-0.08995210574127001	0	0	0	0	-0.03065365500653261	0
0.1680490103548437	-0.0003356820830255946	0.0003622940985198752	-0	-0.2277865525105907	0	0.09478689634274365	84.41911704556232	1965.088348734174	-0	0.1168278966419583	0	-0.08995507303981151	0	0	0	0	-0.02873922600100709	0
0.1687106206318313	-0.000305974335293126	0.0003307883982773226	-0	-0.2275313720643887	0	0.09478689634274363	85.99498832940178	1926.343592596584	-0	0.1169328131533165	0	-0.08995852006311986	0	-3.388131789017201e-21	0	0	-0.02683482222189326	0
0.1693722309088189	-0.0002777156390380456	0.0003006925211891541	-0	-0.2272753296111023	0	0.09478689634274365	87.59733614435892	1888.030708093151	-0	0.1170584149255205	0	-0.08996264326931921	0	0	0	0	-0.02491852159502006	0
0.1700338411858064	-0.0002510348160543569	0.0002721700255909667	-0	-0.2270182277639047	0	0.09478689634274365	89.37175592634024	1850.272962496328	-0	0.1172161863973056	0	-0.08996780868516625	0	0	0	0	-0.02294554151992401	0
0.170695451462794	-0.0002260063716522146	0.0002453243340948091	-0	-0.2267598878791148	0	0.09478689634274365	91.45935346871653	1813.251067889447	-0	0.1174288772780246	0	-0.0899747755338053	0	0	0	0	-0.02081892193118584	0
0.1713570617397816	-0.0002026630324765456	0.0002202116133467913	-0	-0.2265001379809218	0	0.09478689634274365	93.67889674486527	1777.131266291453	-0	0.1177156357554201	0	-0.0899842580292788	0	0	0	0	-0.01844041553693287	0
0.1720186720167692	-0.0001810053352930872	0.0001968508925163017	-0	-0.2262388150432117	0	0.09478689634274365	95.76399469767522	1742.020086715385	-0	0.1180863517048165	0	-0.08999666972625567	0	0	0	0	-0.01574075592391644	0
0.1726802822937567	-0.0001610082982653123	0.0001752312702563913	-0	-0.2259757605850624	0	0.09478689634274365	97.50527440070256	1707.992794900657	-0	0.1185469347411733	0	-0.09001227326955542	0	0	0	0	-0.01265801927192101	0
0.1733418925707443	-0.0001426280805334793	0.0001553191368618079	-0	-0.2257108226220816	0	0.09478689634274365	98.71475622631318	1675.060294184663	-0	0.1190932915521726	0	-0.09003097714669443	0	0	0	0	-0.009173498452899054	0
0.1740035028477319	-0.0001258061205534029	0.0001370628386062929	-0	-0.2254438534740374	0	0.09478689634274365	99.32264160644975	1643.214262542756	-0	0.1197194122255575	0	-0.09005259249021853	0	0	0	0	-0.005285889365229224	0
0.1746651131247195	-0.0001104734956222797	0.0001203975381434021	-0	-0.2251747131379821	0	0.09478689634274365	99.31995099406942	1612.419149103517	-0	0.1204157501092467	0	-0.09007679086170726	0	0	0	0	-0.00102555020214723	0
0.175326723401707	-9.655388346832722e-05	0.0001052486260553714	-0	-0.2249032661601577	0	0.09478689634274365	98.7482502508408	1582.632282470349	-0	0.1211723533335315	0	-0.09010321581501408	0	0	0	0	0.003555374085282281	0
0.1759883336786946	-8.396636546392215e-05	9.153493611093415e-05	-0	-0.2246293856075098	0	0.09478689634274366	97.6850369122826	1553.807482218141	-0	0.1219797667854367	0	-0.0901315187461358	0	1.694065894508601e-21	0	0	0.008390446853278277	0
0.1766499439556822	-7.262754158132596e-05	7.917123239971241e-05	-0	-0.2243529491723431	0	0.09478689634274365	96.21808432598621	1525.897013784694	-0	0.1228289658516237	0	-0.09016136286428868	0	0	0	0	0.01339950433835391	0
0.1773115542326698	-6.245331657480132e-05	6.80703221270584e-05	-0	-0.2240738431057266	0	0.09478689634274365	94.4427699169088	1498.860239937373	-0	0.1237130775514668	0	-0.09019248471883128	0	0	0	0	0.01850705783354378	0
0.1779731645096573	-5.336036685391437e-05	5.814482243354893e-05	-0	-0.2237919580709408	0	0.09478689634274365	92.44521714713152	1472.656858455145	-0	0.1246258815433764	0	-0.09022464583258082	0	0	0	0	0.02363578775844033	0
0.1786347747866449	-4.526724112261847e-05	4.930851015259626e-05	-0	-0.2235071926973465	0	0.09478689634274365	90.30264584580019	1447.256192734602	-0	0.1255634350190464	0	-0.09025768992996808	0	0	0	0	0.02872425889859542	0
0.1792963850636325	-3.809532732747491e-05	4.147752127155975e-05	-0	-0.2232194496664934	0	0.09478689634274365	88.07753395253404	1422.628312661559	-0	0.1265223581362112	0	-0.09029148420273575	0	0	0	0	0.03371670723321607	0
0.17995799534062	-3.176945948106348e-05	3.457113684223998e-05	-0	-0.2229286388894101	0	0.09478689634274365	85.81839911224353	1398.751368014525	-0	0.1275009836232456	0	-0.09032595963195117	0	0	0	0	0.0385746279052892	0
0.1806196056176076	-2.621855782679218e-05	2.851259722939918e-05	-0	-0.2226346738957349	0	0.09478689634274365	83.56070314589812	1375.604095278035	-0	0.1284980012280222	0	-0.09036106312197982	0	0	0	0	0.04326681805414623	0
0.1812812158945952	-2.137589874322456e-05	2.322949182104177e-05	-0	-0.2223374744741357	0	0.09478689634274366	81.32777775150745	1353.170537674098	-0	0.1295130702358982	0	-0.09039677884451014	0	0	0	0	0.04777453900110906	0
0.1819428261715828	-1.717939279695999e-05	1.865414959323545e-05	-0	-0.2220369635581695	0	0.09478689634274365	79.13439071556276	1331.434965051017	-0	0.1305460031565601	0	-0.09043309859193377	0	0	0	0	0.05208463954277764	0
0.1826044364485704	-1.35715192706255e-05	1.47236368448559e-05	-0	-0.2217330694264213	0	0.09478689634274365	76.98755876389718	1310.384309940414	-0	0.1315969693461289	0	-0.09047002873018702	0	0	0	0	0.05619043819175396	0
0.1832660467255579	-1.049920600999064e-05	1.13796888336737e-05	-0	-0.2214257230939367	0	0.09478689634274365	74.89010002418145	1290.00535122046	-0	0.1326661496607924	0	-0.09050757707713919	0	0	0	0	0.06008851510938751	0
0.1839276570025455	-7.913366289519012e-06	8.568254888877422e-06	-0	-0.2211148602079306	0	0.09478689634274365	72.84119133006486	1270.285692621192	-0	0.1337537153453677	0	-0.09054575198974066	0	0	0	0	0.06377764464849545	0
0.184589267279533	-5.768335288699976e-06	6.238931052669485e-06	-0	-0.2208004187784747	0	0.09478689634274363	70.83871950079569	1251.212607784376	-0	0.1348597777173627	0	-0.09058455993687806	0	0	0	0	0.06725823890828853	0
0.1852508775565206	-4.021002229333316e-06	4.344055993694441e-06	-0	-0.2204823406961538	0	0.09478689634274365	68.87966611648633	1232.773499045295	-0	0.1359842835091141	0	-0.09062400167743175	0	0	0	0	0.07053082857748638	0
0.1859124878335082	-2.629885920814796e-06	2.837746743894318e-06	-0	-0.2201605697994521	0	0.09478689634274365	66.96101493271827	1214.955508501942	-0	0.1371270911978074	0	-0.0906640747134904	0	0	0	0	0.07359676495454437	0
0.1865740981104958	-1.554163136759611e-06	1.674882879630519e-06	-0	-0.2198350529713779	0	0.09478689634274366	65.08014841475213	1197.745923162998	-0	0.138287855103503	0	-0.09070476905932577	0	0	0	0	0.07645687435633253	0
0.1872357083874834	-7.529416214993102e-07	8.103581217297623e-07	-0	-0.2195057387397796	0	0.09478689634274365	63.2348348351404	1181.131844432704	-0	0.1394661482768404	0	-0.0907460716075271	0	0	0	0	0.07911258515901576	0
0.1878973186644709	-1.849731245737664e-07	1.988062506025845e-07	-0	-0.2191725783845506	0	0.09478689634274365	61.42343622050108	1165.100336483854	-0	0.1406613831931977	0	-0.09078796324178995	0	0	0	0	0.08156499216486335	0
0.1885589289414585	1.909720086542436e-07	-2.049631673140402e-07	-0	-0.2188355248984059	0	0.09478689634274366	59.64452840945041	1149.638089329423	-0	0.1418729263655475	0	-0.09083042302788592	0	-3.308722450212111e-24	0	0	0.0838158564733007	0
0.1892205392184461	4.150965820697142e-07	-4.44856581256488e-07	-0	-0.2184945346365076	0	0.09478689634274365	57.89682924738284	1134.730981054056	-0	0.14310007657144	0	-0.09087342743704677	0	0	0	0	0.0858670417837164	0
0.1898821494954336	5.250686208249718e-07	-5.618660358159521e-07	-0	-0.2181495659550961	0	0.09478689634274365	56.17923095646606	1120.36432685929	-0	0.1443421406307673	0	-0.09091695303762373	0	0	0	0	0.08772117230540388	0
0.1905437597724212	5.54465325012646e-07	-5.924055011367939e-07	-0	-0.2178005810701877	0	0.09478689634274365	54.49056046343937	1106.522450045155	-0	0.1455984434350069	0	-0.09096097689887266	0	0	0	0	0.08938127267302498	0
0.1912053700494088	5.315117029826522e-07	-5.669811570258815e-07	-0	-0.2174475439073277	0	0.09478689634274365	52.82980752826398	1093.189583258857	-0	0.1468683140113783	0	-0.09100547608195483	0	0	0	0	0.09085089508983035	0
0.1918669803263964	4.784601415930912e-07	-5.095616389175973e-07	-0	-0.2170904206248592	0	0.09478689634274365	51.19656886588039	1080.350782810357	-0	0.1481510273965647	0	-0.09105042543507658	0	0	0	0	0.09213364368348653	0
0.1925285906033839	4.116523642049063e-07	-4.376850416300282e-07	-0	-0.2167291783629861	0	0.09478689634274365	49.59057619622122	1067.991778445778	-0	0.1494458225463633	0	-0.09109579842607203	0	0	0	0	0.09323344855253701	0
0.1931902008803715	3.421540115612739e-07	-3.631772413263009e-07	-0	-0.2163637853657698	0	0.09478689634274363	48.01231789482573	1056.100081634125	-0	0.1507518224606983	0	-0.09114156411561188	0	6.617444900424221e-24	0	0	0.09415413897184965	0
0.1938518111573591	2.767308195323708e-07	-2.932290313110882e-07	-0	-0.2159942108350234	0	0.09478689634274365	46.46232302142116	1044.663881288808	-0	0.1520681281197974	0	-0.09118769071897351	0	0	0	0	0.09489997538764872	0
0.1945134214343467	2.189306478217651e-07	-2.315771625369581e-07	-0	-0.2156204260531907	0	0.09478689634274365	44.94113441193843	1033.672265105295	-0	0.1533938026475876	0	-0.09123414505247954	0	0	0	0	0.09547544267283925	0
0.1951750317113342	1.700923613111381e-07	-1.795980898264063e-07	-0	-0.215242403705196	0	0.09478689634274365	43.44906966639922	1023.11461216355	-0	0.1547279058623372	0	-0.09128089384913625	0	0	0	0	0.09588541607932433	0
0.1958366419883218	1.301744050848432e-07	-1.372015317979249e-07	-0	-0.2148601192896777	0	0.09478689634274365	41.98620015903714	1012.980698108153	-0	0.1560694833948004	0	-0.09132790337782047	0	0	0	0	0.09613495895633806	0
0.1964982522653094	9.837535956322549e-08	-1.03496477862752e-07	-0	-0.2144735497452299	0	0.09478689634274365	40.55245612238334	1003.260565918454	-0	0.1574175597213809	0	-0.09137513918153339	0	0	0	0	0.09622933479545814	0
0.1971598625422969	7.355526290337597e-08	-7.724119249583703e-08	-0	-0.2140826742026084	0	0.09478689634274365	39.14796194416092	993.9450458451599	-0	0.1587710810316051	0	-0.09142256394768088	0	0	0	0	0.09617373577128197	0
0.1978214728192845	5.449970835916956e-08	-5.712367539967197e-08	-0	-0.2136874729656437	0	0.09478689634274365	37.7729429253925	985.0253953281631	-0	0.1601289679896096	0	-0.09147013940443616	0	0	0	0	0.09597354606041364	0
0.1984830830962721	4.006693669157938e-08	-4.191661899350729e-08	-0	-0.2132879280007469	0	0.09478689634274365	36.42789131138949	976.4937093339679	-0	0.1614900695109117	0	-0.0915178246367825	0	0	0	0	0.09563414478990762	0
0.1991446933732597	2.925826007836302e-08	-3.055053024009426e-08	-0	-0.2128840223463891	0	0.09478689634274365	35.1133675773403	968.3424248181657	-0	0.1628532342145786	0	-0.09156557867382045	0	0	0	0	0.09516116792199458	0
0.1998063036502472	2.124016105282078e-08	-2.213557508009046e-08	-0	-0.2124757407045419	0	0.09478689634274365	33.82990960567583	960.5644069470347	-0	0.1642173047802303	0	-0.09161336032365652	0	0	0	0	0.09456039814724715	0
0.2004679139272348	1.534004122241061e-08	-1.595568489888385e-08	-0	-0.2120630688376262	0	0.09478689634274365	32.57791770935037	953.1526219585353	-0	0.1655811420762405	0	-0.09166112907192407	0	0	0	0	0.09383780947742615	0
0.2011295242042224	1.10284093761314e-08	-1.144857532941904e-08	-0	-0.2116459940483786	0	0.09478689634274366	31.35762428495151	946.1000409292121	-0	0.1669436339658672	0	-0.09170884540001695	0	0	0	0	0.09299946342261656	0
0.20179113448121	7.896475744470321e-09	-8.181176784595305e-09	-0	-0.2112245046130755	0	0.09478689634274365	30.16908869338811	939.3995618063705	-0	0.16830369875806	0	-0.09175647091885544	0	0	0	0	0.09205150680580898	0
0.2024527447581976	5.633372285372127e-09	-5.824915113844354e-09	-0	-0.2107985900654337	0	0.09478689634274365	29.01221372288018	933.0438135807412	-0	0.1696602949135477	0	-0.0918039687003305	0	0	0	0	0.09100005793166366	0
0.2031143550351851	4.005637395999422e-09	-4.133583619861649e-09	-0	-0.2103682407723235	0	0.09478689634274365	27.88677346557617	927.0252664008169	-0	0.171012423256929	0	-0.09185130335591897	0	0	0	0	0.08985123535107808	0
0.2037759653121727	2.839701231102136e-09	-2.924539074544303e-09	-0	-0.2099334480357347	0	0.09478689634274365	26.7924262096057	921.3359773285587	-0	0.1723591371126486	0	-0.09189844138431257	0	0	0	0	0.08861104570885336	0
0.2044375755891603	2.00762863199603e-09	-2.063450399131821e-09	-0	-0.209494203838695	0	0.09478689634274365	25.72872728404083	915.9678098586844	-0	0.1736995415794991	0	-0.09194535115230611	0	0	0	0	0.08728542717789178	0
0.2050991858661479	1.415795043795894e-09	-1.452223718116527e-09	-0	-0.2090505007957591	0	0.09478689634274363	24.69514899954036	910.9121695893767	-0	0.175032802272048	0	-0.09199200319080021	0	0	0	0	0.08588014605956085	0
0.2057607961431354	9.961126151968232e-10	-1.01967337240653e-09	-0	-0.2086023320598974	0	0.09478689634274365	23.69110519788257	906.1602857650855	-0	0.1763581466939624	0	-0.09203837024404102	0	0	0	0	0.08440085908246431	0
0.206422406420123	6.993305413295641e-10	-7.14417394476055e-10	-0	-0.2081496911491933	0	0.09478689634274365	22.71594803774119	901.702969698666	-0	0.1776748722127204	0	-0.09208442754776507	0	0	0	0	0.08285302515980497	0
0.2070840166971106	4.89992933398971e-10	-4.995442567748903e-10	-0	-0.2076925719739013	0	0.09478689634274365	21.76898862316017	897.5309083499412	-0	0.1789823399124608	0	-0.09213015261420843	0	0	0	0	0.08124195515285448	0
0.2077456269740981	3.426823209101381e-10	-3.486490961130546e-10	-0	-0.2072309685244697	0	0.09478689634274365	20.84953411006945	893.6345240356796	-0	0.1802799740139064	0	-0.09217552519483578	0	0	0	0	0.079572740312714	0
0.2084072372510857	2.392459026553163e-10	-2.429139237598227e-10	-0	-0.2067648750470509	0	0.09478689634274365	19.95688239654326	890.004209038952	-0	0.181567261676662	0	-0.09222052728226815	0	0	0	0	0.07785030989573705	0
0.2090688475280733	1.667635433605553e-10	-1.689735413195709e-10	-0	-0.2062942856533388	0	0.09478689634274365	19.09034860215164	886.630257169443	-0	0.1828437473032048	0	-0.09226514289747068	0	0	0	0	0.07607937700073086	0
0.2097304578050609	1.160676482884949e-10	-1.173646631533259e-10	-0	-0.2058191946055011	0	0.09478689634274365	18.24925347968799	883.5030209785525	-0	0.1841090354414426	0	-0.09230935820106034	0	0	0	0	0.07426448974487787	0
0.2103920680820484	8.067192765255339e-11	-8.140597740809371e-11	-0	-0.2053395958807374	0	0.09478689634274365	17.43294295694827	880.6129115438059	-0	0.1853627809836305	0	-0.09235316113893575	0	0	0	0	0.07240999330033326	0
0.211053678359036	5.599903996464305e-11	-5.639251274646443e-11	-0	-0.2048554835252226	0	0.09478689634274365	16.64076529614464	877.9504626885846	-0	0.1866046931189597	0	-0.09239654159292579	0	0	0	0	0.07052006731549643	0
0.2117152886360236	3.882668660486116e-11	-3.901913968678835e-11	-0	-0.2043668511814475	0	0.09478689634274363	15.87209621977635	875.5063742695218	-0	0.1878345223283771	0	-0.09243949091156108	0	8.077935669463161e-28	0	0	0.06859870028291071	0
0.2123768989130111	2.689150678110908e-11	-2.696923599715552e-11	-0	-0.2038736924936573	0	0.09478689634274365	15.1263247146222	873.2715187693416	-0	0.1890520683161392	0	-0.09248200219626056	0	0	0	0	0.06664972255537926	0
0.2130385091899987	1.860708102753942e-11	-1.862248735475712e-11	-0	-0.2033760006050301	0	0.09478689634274365	14.40286611284896	871.2370111174355	-0	0.1902571654456408	0	-0.09252406978178976	0	0	0	0	0.06467678984858227	0
0.2137001194669863	1.286359014643148e-11	-1.284776172241083e-11	-0	-0.2028737686022285	0	0.09478689634274366	13.70114587270529	869.3941615496346	-0	0.1914496916636214	0	-0.09256568955723074	0	-2.01948391736579e-28	0	0	0.06268340727848787	0
0.2143617297439739	8.886071675096324e-12	-8.856883513560978e-12	-0	-0.2023669889800673	0	0.09478689634274365	13.02060980722177	867.7345552462494	-0	0.1926295536407824	0	-0.09260685843705187	0	0	0	0	0.06067291945958098	0
0.2150233400209615	6.13428264009642e-12	-6.101559220490618e-12	-0	-0.2018556541271693	0	0.09478689634274365	12.36072087484385	866.2499879742738	-0	0.193796698333905	0	-0.09264757476969283	0	0	0	0	0.05864853231552436	0
0.215684950297949	4.232212066436947e-12	-4.200979304836563e-12	-0	-0.2013397557748491	0	0.09478689634274365	11.72094797405232	864.9325397438979	-0	0.1949511000476997	0	-0.09268783788428665	0	0	0	0	0.05661330706520862	0
0.2163465605749366	2.918530369473555e-12	-2.891036704955031e-12	-0	-0.2008192855114275	0	0.09478689634274365	11.10074583763598	863.7744699007451	-0	0.1960927684665351	0	-0.09272764838080041	0	0	0	0	0.05457017108471629	0
0.2170081708519241	2.011864663434177e-12	-1.988816168803309e-12	-0	-0.2002942342223575	0	0.09478689634274365	10.49954915420236	862.7682476862046	-0	0.1972217396711609	0	-0.09276700781375945	0	0	0	0	0.05252191297708986	0
0.2176697811289117	1.386487420673642e-12	-1.367787232970131e-12	-0	-0.1997645926118676	0	0.09478689634274366	9.916812172526162	861.9065117508489	-0	0.1983380823705264	0	-0.09280591889713796	0	-2.524354896707238e-29	0	0	0.05047119895977226	0
0.2183313914058993	9.553499005050244e-13	-9.405286904235003e-13	-0	-0.199230350613875	0	0.09478689634274365	9.352005729685111	861.1821131860372	-0	0.1994418872443862	0	-0.09284438512826393	0	0	0	0	0.0484205704157683	0
0.2189930016828869	6.582412077152127e-13	-6.466985045885787e-13	-0	-0.1986914979347613	0	0.09478689634274365	8.80457738952606	860.5880431748286	-0	0.2005332678746098	0	-0.09288241083524207	0	0	0	0	0.04637245347559071	0
0.2196546119598745	4.535577356873168e-13	-4.44689397696937e-13	-0	-0.1981480234356315	0	0.09478689634274365	8.2739773861536	860.1174624767127	-0	0.2016123498360088	0	-0.09292000078084392	0	0	0	0	0.04432915920518343	0
0.220316222236862	3.12575189729798e-13	-3.058343578218072e-13	-0	-0.1975999157233458	0	0.09478689634274365	7.759721706214604	859.7637235499869	-0	0.2026792859156327	0	-0.09295716067637226	0	0	0	0	0.04229290890249926	0
0.2209778325138496	2.154775159035374e-13	-2.10397907167803e-13	-0	-0.19704716254738	0	0.09478689634274365	7.261334254961737	859.5203926127344	-0	0.2037342481142689	0	-0.09299389691984855	0	0	0	0	0.04026583217303237	0
0.2216394427908372	1.486028665741804e-13	-1.448019404083435e-13	-0	-0.1964897513853993	0	0.09478689634274365	6.778333696709892	859.3811909478566	-0	0.2047774273537231	0	-0.09303021659048903	0	0	0	0	0.03824997401046071	0
0.2223010530678248	1.02537647630635e-13	-9.970989562963678e-14	-0	-0.1959276688251131	0	0.09478689634274365	6.310234792970952	859.3400308683385	-0	0.2058090266101545	0	-0.09306612720449194	0	0	0	0	0.03624729694917139	0
0.2229626633448124	7.079867638560888e-14	-6.87048925411175e-14	-0	-0.1953609011481315	0	0.09478689634274365	5.856565770381657	859.3909750143955	-0	0.2068292608926947	0	-0.09310163670801491	0	0	0	0	0.03425969049407973	0
0.2236242736217999	4.892258639277919e-14	-4.737828654506211e-14	-0	-0.1947894336625163	0	0.09478689634274365	5.416886943486524	859.528285220413	-0	0.2078383466382099	0	-0.09313675309457016	0	0	0	0	0.03228897467017189	0
0.2242858838987875	3.38371085772713e-14	-3.270169776257458e-14	-0	-0.1942132513367379	0	0.09478689634274365	4.990797804428457	859.7464010884078	-0	0.2088365105767074	0	-0.09317148471590971	0	0	0	0	0.03033691232541813	0
0.2249474941757751	2.342807340365727e-14	-2.259541530768271e-14	-0	-0.1936323381226199	0	0.09478689634274363	4.577909738654158	860.0399693998468	-0	0.2098239816682261	0	-0.09320584000617141	0	3.944304526105059e-31	0	0	0.02840521060099716	0
0.2256091044527626	1.624044335445154e-14	-1.563103700813803e-14	-0	0	0	0	4.177862095280182	860.4038049218256	-0	0.2108009953060661	0	-0.09323982762475186	0	1.539381220798599e-15	0	0	0.02649552885275258	0
0.2262707147297502	1.127299673282174e-14	-1.082766414310357e-14	-0	0	0	0	3.790310691493038	860.8329290398965	-0	0.2117677857296617	0	-0.0932734561913197	0	1.068532372786062e-15	0	0	0.02460948083113912	0
0.2269323250067378	7.836531252568467e-15	-7.511452700701245e-15	-0	0	0	0	3.414939186740663	861.3225312825169	-0	0.2127245902323585	0	-0.0933067344307582	0	7.428004755238784e-16	0	0	0.02274864159862117	0
0.2275939352837253	5.456529815301689e-15	-5.219396693549612e-15	-0	0	0	0	3.051444955295848	861.8680020108643	-0	0.213671642630735	0	-0.09333967094632586	0	5.172075259940914e-16	0	0	0.02091454909160068	0
0.2282555455607129	3.806072714113631e-15	-3.633150930238642e-15	-0	0	0	0	2.699533513576136	862.4648838572228	-0	0.2146091762933643	0	-0.09337227432932836	0	3.607658198256337e-16	0	0	0.01910870960668887	0
0.2289171558377005	2.659963981912511e-15	-2.533864649225931e-15	-0	0	0	0	2.35890225491697	863.1088884931925	-0	0.2155374194157445	0	-0.09340455299657453	0	2.521297302289729e-16	0	0	0.01733259870043466	0
0.2295787661146881	1.862841206355574e-15	-1.77085635337996e-15	-0	0	0	0	2.029282172194834	863.7958888380651	-0	0.2164565962001382	0	-0.09343651521745043	0	1.765729363298173e-16	0	0	0.015587667829188	0
0.2302403763916756	1.307505294294121e-15	-1.240364019466426e-15	-0	0	0	0	1.710428156800464	864.5219866784827	-0	0.2173669158852799	0	-0.09346816872776206	0	1.239343687978454e-16	0	0	0.01387534643007637	0
0.2309019866686632	9.198883728447925e-16	-8.708376947122134e-16	-0	0	0	0	1.402158868360855	865.2834754167458	-0	0.2182685706095919	0	-0.09349952063986268	0	8.719336384373447e-17	0	0	0.01219704583816753	0
0.2315635969456508	6.488304137745324e-16	-6.129536774618075e-16	-0	0	0	0	1.104437152882854	866.0770136234274	-0	0.2191617113818864	0	-0.09353057656052507	0	6.150062117446608e-17	0	0	0.01055416362390023	0
0.2322252072226383	4.588709419219686e-16	-4.325926659374978e-16	-0	0	0	0	0.8172460602544547	866.8995148762299	-0	0.2200464786106973	0	-0.09356134171790473	0	4.349495240665478e-17	0	0	0.008948081294496035	0
0.2328868174996259	3.254448010025542e-16	-3.061650607075338e-16	-0	0	0	0	0.5404662617336289	867.7481373970955	-0	0.2209230004654859	0	-0.09359182094737463	0	3.084790261791394e-17	0	0	0.007380160376008311	0
0.2335484277766135	2.315051638897482e-16	-2.173331631871018e-16	-0	0	0	0	0.2739721971131597	868.6201734030249	-0	0.2217913985126571	0	-0.09362201885556259	0	2.194365597242744e-17	0	0	0.005851741555617997	0
0.2342100380536011	1.652003207613925e-16	-1.547605782467166e-16	-0	0	0	0	0.01759932476656845	869.5130646101185	-0	0.2226517854036661	0	-0.09365193974877976	0	1.565882567979811e-17	0	0	0.004364143025505279	0
0.2348716483305887	1.182764066718874e-16	-1.105677842796326e-16	-0	0	0	0	-0.2287466756811373	870.4243563614972	-0	0.2235042657312944	0	-0.09368158762359098	0	1.121105349900038e-17	0	0	0.002918662065022285	0
0.2355332586075763	8.497205222122646e-17	-7.926551426016771e-17	-0	0	0	0	-0.4650435962996645	871.3517118497218	-0	0.2243489315062144	0	-0.09371096598741005	0	8.054237105923593e-18	0	0	0.001516573541122911	0
0.2361948688845638	6.126281355906606e-17	-5.702683135675746e-17	-0	0	0	0	-0.6912084087377555	872.292923671048	-0	0.2251858679708968	0	-0.09374007808654861	0	5.806911958488025e-18	0	0	0.0001591312805716977	0
0.2368564791615514	4.433573040063433e-17	-4.118191328886905e-17	-0	0	0	0	-0.907116346892741	873.2459058117969	-0	0.2260151529733151	0	-0.09376892688957911	0	4.202446281764755e-18	0	0	-0.001152434483909698	0
0.237518089438539	3.220698947550854e-17	-2.985170501639343e-17	-0	0	0	0	-1.112675756011808	874.2087557237769	-0	0.2268368492069418	0	-0.09379751484084418	0	3.052800572926864e-18	0	0	-0.002416916727965499	0
0.2381796997155265	2.349146288172051e-17	-2.172657322481073e-17	-0	0	0	0	-1.30788444630205	875.1799392352731	-0	0.2276509855160691	0	-0.09382584321535382	0	2.226682857109052e-18	0	0	-0.00363313791825938	0
0.2388413099925141	1.720409241886892e-17	-1.587708261232043e-17	-0	0	0	0	-1.492719832880476	876.1581468489389	-0	0.2284575699700908	0	-0.09385391254147731	0	1.63072252477831e-18	0	0	-0.004799952982778799	0
0.2395029202695017	1.26515527967776e-17	-1.165026910055304e-17	-0	0	0	0	-1.667155603977871	877.1424382454882	-0	0.2292565732799784	0	-0.09388172201495007	0	1.199201423522907e-18	0	0	-0.00591625820547384	0
0.2401645305464892	9.345289136068197e-18	-8.586838577006916e-18	-0	0	0	0	-1.831142712095636	878.1320795714291	-0	0.2300479457667284	0	-0.09390927009462727	0	8.858109526334646e-19	0	0	-0.00698099392055318	0
0.2408261408234768	6.931195675846838e-18	-6.354658704977376e-18	-0	0	0	0	-1.984617050380495	879.1266621586761	-0	0.2308316036418216	0	-0.09393655401440104	0	6.569865260577672e-19	0	0	-0.007993154470785468	0
0.2414877511004644	5.16471271311672e-18	-4.724639602012726e-18	-0	0	0	0	-2.127468804993187	880.1259056388877	-0	0.2316074507096992	0	-0.09396357054310402	0	4.895470885782449e-19	0	0	-0.008951788366669294	0
0.242149361377452	3.864897397212782e-18	-3.527716918531108e-18	-0	0	0	0	-2.259530880628652	881.1296450469476	-0	0.2323753785123381	0	-0.09399031598247674	0	3.663416289649477e-19	0	0	-0.009856002737577113	0
0.2428109716544395	2.906116543873095e-18	-2.646651114125846e-18	-0	0	0	0	-2.380680270976706	882.1377605494152	-0	0.2331352712124738	0	-0.0940167863807307	0	2.754617676040315e-19	0	0	-0.01070496361283613	0
0.2434725819314271	2.195279089061779e-18	-1.994783987484788e-18	-0	0	0	0	-2.490859923983419	883.15017453481	-0	0.2338870060047925	0	-0.09404297755304911	0	2.080836914582915e-19	0	0	-0.01149789896082548	0
0.2441341922084147	1.664702369995256e-18	-1.509244633192111e-18	-0	0	0	0	-2.590057224465714	884.1668130688963	-0	0.2346304560217678	0	-0.09406888517799558	0	1.5779197098626e-19	0	0	-0.01223409891828242	0
0.2447958024854023	1.268765664917623e-18	-1.147666527414184e-18	-0	0	0	0	-2.678332081489996	885.1875810530206	-0	0.2353654907621503	0	-0.09409450482095805	0	1.20262359563779e-19	0	0	-0.01291291735494191	0
0.2454574127623899	9.720060717030304e-19	-8.772205159546115e-19	-0	0	0	0	-2.755730016085187	886.212369809452	-0	0.236091979300342	0	-0.09411983201632565	0	9.213343876303258e-20	0	0	-0.01353377259798896	0
0.2461190230393774	7.476483855367405e-19	-6.731887653126625e-19	-0	0	0	0	-2.822289674117258	887.2410085486979	-0	0.2368097913218343	0	-0.09414486230453374	0	7.086727002069066e-20	0	0	-0.01409614740956272	0
0.246780633316365	5.772984160238734e-19	-5.186012235771246e-19	-0	0	0	0	-2.878036452384736	888.2733398743092	-0	0.2375187951739866	0	-0.09416959116199862	0	5.472032511848498e-20	0	0	-0.01459959312633741	0
0.2474422435933525	4.480513619024262e-19	-4.015583205972794e-19	-0	0	0	0	-2.922999004633928	889.3092410724538	-0	0.2382188522129327	0	-0.09419401380298958	0	4.246939799687039e-20	0	0	-0.0150437357390652	0
0.2481038538703401	3.495675230798843e-19	-3.125599925942231e-19	-0	0	0	0	-2.957201027456632	890.348649213817	-0	0.2389098190686512	0	-0.09421812525863618	0	3.313442057496264e-20	0	0	-0.01542827883085923	0
0.2487654641473277	2.742702209958514e-19	-2.446561498296563e-19	-0	0	0	0	-2.980683104513692	891.3916396825824	-0	0.2395915368306923	0	-0.09424191999625131	0	2.599722300743516e-20	0	0	-0.015753016727165	0
0.2494270744243153	2.15965680336458e-19	-1.921900620272348e-19	-0	0	0	0	-2.993440803208171	892.4383543995095	-0	0.2402638437879049	0	-0.0942653923502858	0	2.047071655564195e-20	0	0	-0.0160178300358147	0
0.2500886847013029	1.710022280492067e-19	-1.518133686770157e-19	-0	0	0	0	-2.995422261858745	893.4890384039095	-0	0.2409265697366538	0	-0.09428853631486346	0	1.620877046447837e-20	0	0	-0.0162226947830838	0
0.2507502949782904	1.356308820870332e-19	-1.201218658441415e-19	-0	0	0	0	-2.986503288686769	894.5439476912514	-0	0.2415795488965341	0	-0.09431134599597024	0	1.28560303612585e-20	0	0	-0.01636767378949455	0
0.251411905255278	1.08789831853316e-19	-9.611695252364759e-20	-0	0	0	0	-2.966450622539397	895.6033138384519	-0	0.2422226238472818	0	-0.09433381573513987	0	1.031185051502478e-20	0	0	-0.01645291366411589	0
0.2520735155322656	8.685583081078509e-20	-7.655113454714514e-20	-0	0	0	0	-2.934957482277193	896.6672930003991	-0	0.2428556501543102	0	-0.0943559402902831	0	8.232794631824767e-21	0	0	-0.01647863809456368	0
0.2527351258092532	7.003667938439302e-20	-6.157603449952526e-20	-0	0	0	0	-2.89158048036597	897.7358617821207	-0	0.2434785096276324	0	-0.09437771528360896	0	6.638559468998433e-21	0	0	-0.01644512959743566	0
0.2533967360862407	5.726462595735368e-20	-5.022251520384694e-20	-0	0	0	0	-2.835844407133914	898.8088510062712	-0	0.2440911011469281	0	-0.09439913691763255	0	5.42793616472567e-21	0	0	-0.01635273297611062	0
0.2540583463632283	4.620729353436976e-20	-4.042411928273152e-20	-0	0	0	0	-2.767177007647825	899.8858299255364	-0	0.2446933561960997	0	-0.09442020250504961	0	4.379845942521035e-21	0	0	-0.01620183021295224	0
0.2547199566402158	3.810940051806756e-20	-3.325616046048854e-20	-0	0	0	0	-2.685058522309422	900.9662209409101	-0	0.245285217820693	0	-0.09444090977851122	0	3.612271796590171e-21	0	0	-0.01599285891217811	0
0.2553815669172034	3.147521153051552e-20	-2.739746440439e-20	-0	0	0	0	-2.588990347492471	902.0492613583972	-0	0.245866647030028	0	-0.09446125710740708	0	2.983437612708905e-21	0	0	-0.0157263005924633	0
0.256043177194191	2.624996280558713e-20	-2.279101804652637e-20	-0	0	0	0	-2.478565092883934	903.1341195117238	-0	0.2464376037084079	0	-0.09448124284386891	0	2.488152503454064e-21	0	0	-0.01540270512277431	0
0.2567047874711786	2.167658857641226e-20	-1.877200745250847e-20	-0	0	0	0	-2.353468106099391	904.2199390889193	-0	0.2469980404707536	0	-0.09450086510177319	0	2.05465655445669e-21	0	0	-0.0150227038456445	0
0.2573663977481662	1.849481350563623e-20	-1.597518015593168e-20	-0	0	0	0	-2.213443916228275	905.3059296847979	-0	0.2475478926976394	0	-0.09452012138473238	0	1.753065970637116e-21	0	0	-0.01458703355265187	0
0.2580280080251537	1.518227863549964e-20	-1.30797642641884e-20	-0	0	0	0	-2.058304202574081	906.3914638985184	-0	0.2480870621330969	0	-0.09453900799683114	0	1.439081071269756e-21	0	0	-0.01409657682952434	0
0.2586896183021413	1.33341481212768e-20	-1.145740771152498e-20	-0	0	0	0	-1.887861249145068	907.4761852131883	-0	0.2486154114253304	0	-0.09455751981543799	0	1.263902515790254e-21	0	0	-0.01355239342782033	0
0.2593512285791289	1.136537155371654e-20	-9.739882334245842e-21	-0	0	0	0	-1.701927879560412	908.5601692338547	-0	0.2491327377825493	0	-0.09457564933748748	0	1.077288295358897e-21	0	0	-0.0129557950040099	0
0.2600128388561165	9.225347563300901e-21	-7.88483304419632e-21	-0	0	0	0	-1.500302197002549	909.6439969921822	-0	0.2496387630056332	0	-0.09459338630758124	0	8.744420632083851e-22	0	0	-0.0123084002973155	0
0.260674449133104	7.833831911122649e-21	-6.677506082253215e-21	-0	0	0	0	-1.282682756386011	910.7290082776161	-0	0.2501330971702226	0	-0.09461071636328081	0	7.425446133260599e-22	0	0	-0.01161225826941632	0
0.2613360594100916	7.319024364362127e-21	-6.221770345333115e-21	-0	0	0	0	-1.04868489792196	911.8174724616221	-0	0.2506152205702146	0	-0.09462762037772049	0	6.937476037548082e-22	0	0	-0.01086994866443811	0
0.2619976696870792	6.738356125851132e-21	-5.712494904538307e-21	-0	0	0	0	-0.7977032008971787	912.9129240424052	-0	0.2510844362878865	0	-0.09464407267360476	0	6.387078636215429e-22	0	0	-0.01008476838978799	0
0.2626592799640667	6.067404567813134e-21	-5.129512893386031e-21	-0	0	0	0	-0.529012809767939	914.0203441616625	-0	0.2515398396247978	0	-0.09466003994008987	0	5.751104478387928e-22	0	0	-0.00926089701703503	0
0.2633208902410543	5.276046532196639e-21	-4.448086302143932e-21	-0	0	0	0	-0.2414951420887921	915.1465520423729	-0	0.2519802673725319	0	-0.09467547925681884	0	5.001000757468149e-22	0	0	-0.008403646042492139	0
0.2639825005180419	4.326856586111136e-21	-3.637629833719994e-21	-0	0	0	0	0.06611753799842135	916.3003493879039	-0	0.2524042619260768	0	-0.09469033686662366	0	4.101293067176339e-22	0	0	-0.007519682146171834	0
0.2646441107950295	3.17298979231025e-21	-2.660026627141734e-21	-0	0	0	0	0.3956695578137914	917.4928024001593	-0	0.2528100398436401	0	-0.09470454681718495	0	3.007578545402953e-22	0	0	-0.006617283687980986	0
0.2653057210720171	3.511054385662708e-21	-2.935053088744151e-21	-0	0	0	0	0.7492037954470057	918.7372283262036	-0	0.2531954778638193	0	-0.09471803057038472	0	3.328019481075466e-22	0	0	-0.00570654046457679	0
0.2659673313490046	3.908232819998608e-21	-3.25768899468396e-21	-0	0	0	0	1.12947919983794	920.049054196064	-0	0.2535581444894207	0	-0.09473069787993761	0	3.704492591925168e-22	0	0	-0.004799457483176006	0
0.2666289416259922	2.188056852075886e-21	-1.818562314640672e-21	-0	0	0	0	1.539478081801023	921.4453942160335	-0	0.2538953612314149	0	-0.09474244917367723	0	2.07399118029747e-22	0	0	-0.003909916653066003	0
0.2672905519029798	2.464444175690848e-21	-2.042295060257973e-21	-0	0	0	0	1.982775933110503	922.9441084022779	-0	0.2542043524507209	0	-0.09475318080172525	0	2.335970146236867e-22	0	0	-0.003053347278573038	0
0.2679521621799674	2.792012829869991e-21	-2.306939907494022e-21	-0	0	0	0	2.463043047333704	924.5625430215888	-0	0.2544824362225898	0	-0.09476279215060497	0	2.646462306924972e-22	0	0	-0.002246142546048657	0
0.2686137724569549	3.181526829689834e-21	-2.620977114971264e-21	-0	0	0	0	2.983980863499921	926.3157082138086	-0	0.2547273068768716	0	-0.0947711959611479	0	3.015670538174681e-22	0	0	-0.001504659129360764	0
0.2692753827339425	3.646317767117263e-21	-2.994885792187011e-21	-0	0	0	0	3.549109488969624	928.214330505784	-0	0.2549373397869534	0	-0.09477832952232922	0	3.456231442244485e-22	0	0	-0.0008439627516773074	0
0.2699369930109301	-0	-0	-0	0	0	0	4.160921216799566	930.262842926691	-0	0.2551118937055658	0	-0.09478416615817686	0	0	0	0	-0.0002763575510728589	0
0.2705986032879176	-0	-0	-0	0	0	0	4.82136704808192	932.4578207452381	-0	0.2552515572430646	0	-0.09478872407743057	0	0	0	0	0.000190009439348604	0
0.2712602135649052	-0	-0	-0	0	0	0	5.530301515923966	934.7873488523672	-0	0.2553582319609096	0	-0.09479207028375475	0	0	0	0	0.000552178670327419	0
0.2719218238418928	-0	-0	-0	0	0	0	6.28678396153078	937.2313234027214	-0	0.2554350838219693	0	-0.09479431836382766	0	0	0	0	0.0008128228620893907	0
0.2725834341188804	-0	-0	-0	0	0	0	7.087461547048236	939.7632337054694	-0	0.2554862633788077	0	-0.09479561918991798	0	0	0	0	0.0009798793533967176	0
0.2732450443958679	-0	-0	-0	0	0	0	7.928317384805598	942.3524724669865	-0	0.2555165423921049	0	-0.09479614698422752	0	0	0	0	0.001065509142211818	0
0.2739066546728555	-0	-0	-0	0	0	0	8.803802645716233	944.9674865086038	-0	0.2555308479852982	0	-0.09479608277399633	0	0	0	0	0.001084522725077197	0
0.2745682649498431	-0	-0	-0	0	0	0	9.70816040461165	947.578267696439	-0	0.255533859331293	0	-0.09479559908812631	0	0	0	0	0.001052676923504303	0
0.2752298752268307	-0	-0	-0	0	0	0	10.63562060646225	950.1586927321771	-0	0.2555296870909606	0	-0.09479484809147684	0	0	0	0	0.0009851308371746637	0
0.2758914855038183	-0	-0	-0	0	0	0	11.58068115953285	952.6875575501227	-0	0.2555216876265715	0	-0.09479395462459497	0	0	0	0	0.000895309059358862	0
0.2765530957808058	-0	-0	-0	0	0	0	12.53896062503284	955.1491137627563	-0	0.2555124173704462	0	-0.09479301401759152	0	0	0	0	0.0007942517308492381	0
0.2772147060577934	-0	-0	-0	0	0	0	13.50653632706636	957.5326380176629	-0	0.2555036692742976	0	-0.09479209367063586	0	0	0	0	0.0006904137499268437	0
0.2778763163347809	-0	-0	-0	0	0	0	14.48088420379865	959.8317805979734	-0	0.2554965948006188	0	-0.09479123697207878	0	0	0	0	0.0005897987849612374	0
0.2785379266117685	-0	-0	-0	0	0	0	15.4598677364509	962.0435995394483	-0	0.2554918279236948	0	-0.09479046826491899	0	0	0	0	0.000496299384620924	0
0.2791995368887561	-0	-0	-0	0	0	0	16.44243238407508	964.1676568975998	-0	0.2554896310951082	0	-0.09478979780175847	0	0	0	0	0.0004121181663334639	0
0.2798611471657437	-0	-0	-0	0	0	0	17.42775350329055	966.2052162437603	-0	0.2554900056663526	0	-0.09478922616719281	0	0	0	0	0.0003381965426525468	0
0.2805227574427313	-0	-0	-0	0	0	0	18.41562129921524	968.1585593467971	-0	0.2554927943020933	0	-0.0947887478216056	0	0	0	0	0.0002745910543022756	0
0.2811843677197188	-0	-0	-0	0	0	0	19.4059219546754	970.0305348704939	-0	0.2554977482073135	0	-0.09478835380334603	0	0	0	0	0.000220785673421986	0
0.2818459779967064	-0	-0	-0	0	0	0	20.39878803224561	971.8241618307161	-0	0.2555045807954346	0	-0.09478803361884977	0	0	0	0	0.000175927937785092	0
0.282507588273694	-0	-0	-0	0	0	0	21.39437405950193	973.5424557470809	-0	0.2555129994789521	0	-0.09478777651601508	0	0	0	0	0.0001390028682837219	0
0.2831691985506816	-0	-0	-0	0	0	0	22.39287229250508	975.1882331817087	-0	0.2555227268644508	0	-0.09478757225642263	0	0	0	0	0.0001089503653703972	0
0.2838308088276691	-0	-0	-0	0	0	0	23.39446618904272	976.7640948368078	-0	0.2555335119047543	0	-0.09478741155061621	0	0	0	0	8.474228877419776e-05	0
0.2844924191046567	-0	-0	-0	0	0	0	24.3992851575543	978.2723409634525	-0	0.2555451343689617	0	-0.09478728624775568	0	0	0	0	6.542717977930934e-05	0
0.2851540293816442	-0	-0	-0	0	0	0	25.40743951117722	979.7150118164227	-0	0.2555574063255667	0	-0.09478718937756578	0	0	0	0	5.015389695373074e-05	0
0.2858156396586318	-0	-0	-0	0	0	0	26.41896626266933	981.0938557885054	-0	0.2555701698778136	0	-0.09478711509619053	0	0	0	0	3.817979862752452e-05	0
0.2864772499356194	-0	-0	-0	0	0	0	27.43389313330676	982.4103951771154	-0	0.2555832951237899	0	-0.09478705858439838	0	0	0	0	2.886983466021675e-05	0
0.287138860212607	-0	-0	-0	0	0	0	28.45218809920698	983.6659127338803	-0	0.255596676034105	0	-0.09478701592188792	0	0	0	0	2.168967770455055e-05	0
0.2878004704895946	-0	-0	-0	0	0	0	29.47382834833601	984.8615122939511	-0	0.2556102277515806	0	-0.09478698395803239	0	0	0	0	1.619602026226019e-05	0
0.2884620807665821	-0	-0	-0	0	0	0	30.49877213830093	985.9981115806505	-0	0.2556238828373646	0	-0.09478696018771558	0	0	0	0	1.202550425505322e-05	0
0.2891236910435697	-0	-0	-0	0	0	0	31.52697289131654	987.0765028625162	-0	0.2556375883225869	0	-0.09478694263894194	0	0	0	0	8.883617216515205e-06	0
0.2897853013205572	-0	-0	-0	0	0	0	32.55834719669293	988.0973536474485	-0	0.2556513026142173	0	-0.09478692977396276	0	0	0	0	6.534112142464465e-06	0
0.2904469115975449	-0	-0	-0	0	0	0	33.59281555314455	989.0612366541587	-0	0.2556649936798775	0	-0.09478692040481536	0	0	0	0	4.789402482163752e-06	0
0.2911085218745324	-0	-0	-0	0	0	0	34.63028777905446	989.9686321578108	-0	0.2556786369554816	0	-0.09478691362230479	0	0	0	0	3.502040093028569e-06	0
0.29177013215152	-0	-0	-0	0	0	0	35.67069035928141	990.8199478328764	-0	0.255692214063299	0	-0.09478690873730783	0	0	0	0	2.55733642395839e-06	0
0.2924317424285076	-0	-0	-0	0	0	0	36.71396831976183	991.6155215022038	-0	0.2557057115686328	0	-0.09478690523275687	0	0	0	0	1.867055423598885e-06	0
0.2930933527054951	-0	-0	-0	0	0	0	37.76008553496324	992.3556256458563	-0	0.2557191198913425	0	-0.09478690272478495	0	0	0	0	1.364094376565816e-06	0
0.2937549629824827	-0	-0	-0	0	0	0	38.80904591628904	993.0404731687864	-0	0.2557324327750414	0	-0.09478690093153047	0	0	0	0	9.980360284878032e-07	0
0.2944165732594703	-0	-0	-0	0	0	0	39.86085803408364	993.6702385773234	-0	0.2557456461009211	0	-0.09478689964830558	0	0	0	0	7.314629564270092e-07	0
0.2950781835364579	-0	-0	-0	0	0	0	40.91553462856479	994.2450675901274	-0	0.2557587573790019	0	-0.09478689872801765	0	0	0	0	5.369338338390151e-07	0
0.2957397938134455	-0	-0	-0	0	0	0	41.97308762784088	994.7650751707666	-0	0.2557717652431397	0	-0.09478689806591423	0	0	0	0	3.945340560917998e-07	0
0.296401404090433	-0	-0	-0	0	0	0	43.03352793443669	995.2303597738056	-0	0.2557846691556075	0	-0.09478689758788522	0	0	0	0	2.899268451983517e-07	0
0.2970630143674206	-0	-0	-0	0	0	0	44.09685100601905	995.6409906587845	-0	0.2557974689569452	0	-0.09478689724166374	0	0	0	0	2.128361451525507e-07	0
0.2977246246444082	-0	-0	-0	0	0	0	45.16303411194041	995.9970261905477	-0	0.2558101646760487	0	-0.09478689699035669	0	0	0	0	1.558967150927515e-07	0
0.2983862349213958	-0	-0	-0	0	0	0	46.232052843273	996.2984848023631	-0	0.25582275661867	0	-0.09478689680779817	0	0	0	0	1.13806249757431e-07	0
0.2990478451983833	-0	-0	-0	0	0	0	47.30389559867366	996.5453599790033	-0	0.2558352454972544	0	-0.09478689667528552	0	0	0	0	8.271693285877291e-08	0
0.2997094554753709	-0	-0	-0	0	0	0	48.37848357045125	996.7376454914611	-0	0.2558476312461847	0	-0.0947868965793268	0	0	0	0	5.980864070664893e-08	0
0.3003710657523584	-0	-0	-0	0	0	0	49.45586415332378	996.8752705306549	-0	0.255859915673082	0	-0.0947868965100991	0	0	0	0	4.299314859679271e-08	0
0.301032676029346	-0	-0	-0	0	0	0	50.53607584002518	996.9580771614675	-0	0.2558721005894233	0	-0.09478689646040031	0	0	0	0	3.071167586909951e-08	0
0.3016942863063336	-0	-0	-0	0	0	0	51.61905053874339	996.9859407466914	-0	0.2558841864076611	0	-0.09478689642492771	0	0	0	0	2.179473490571127e-08	0
0.3023558965833212	-0	-0	-0	0	0	0	52.70477150938902	996.9587058420966	-0	0.2558961743049321	0	-0.09478689639977105	0	0	0	0	1.536295179960234e-08	0
0.3030175068603088	-0	-0	-0	0	0	0	53.79321823374316	996.8761886225807	-0	0.2559080654813279	0	-0.09478689638205141	0	0	0	0	1.075592592769681e-08	0
0.3036791171372963	-0	-0	-0	0	0	0	54.88437721759877	996.7381742902985	-0	0.2559198612858652	0	-0.09478689636965765	0	0	0	0	7.479599162252271e-09	0
0.3043407274142839	-0	-0	-0	0	0	0	55.97822588554062	996.544435274106	-0	0.2559315629973121	0	-0.09478689636105046	0	0	0	0	5.166494787545162e-09	0
0.3050023376912714	-0	-0	-0	0	0	0	57.07472022160058	996.294716884253	-0	0.2559431716460889	0	-0.09478689635511521	0	0	0	0	3.545231663792947e-09	0
0.3056639479682591	-0	-0	-0	0	0	0	58.17379466252099	995.9887619536067	-0	0.2559546880109023	0	-0.09478689635105104	0	0	0	0	2.416998157173111e-09	0
0.3063255582452467	-0	-0	-0	0	0	0	59.27535962989992	995.6262790856108	-0	0.2559661125910656	0	-0.09478689634828721	0	0	0	0	1.637372015750316e-09	0
0.3069871685222342	-0	-0	-0	0	0	0	60.37929807593088	995.2069736907927	-0	0.2559774455539812	0	-0.0947868963464203	0	0	0	0	1.1023351120798e-09	0
0.3076487787992218	-0	-0	-0	0	0	0	61.48546887919329	994.7305054726893	-0	0.2559886867978367	0	-0.09478689634516752	0	0	0	0	7.3761441399256e-10	0
0.3083103890762093	-0	-0	-0	0	0	0	62.59371195353048	994.1965195702583	-0	0.2559998360197823	0	-0.09478689634433222	0	0	0	0	4.906199890797325e-10	0
0.3089719993531969	-0	-0	-0	0	0	0	63.70387927208538	993.6046406857529	-0	0.2560108931329154	0	-0.09478689634377879	0	0	0	0	3.244213786501859e-10	0
0.3096336096301845	-0	-0	-0	0	0	0	64.81582155417479	992.9544988889688	-0	0.2560218580788588	0	-0.09478689634341433	0	0	0	0	2.132862775283684e-10	0
0.3102952199071721	-0	-0	-0	0	0	0	65.92936384210698	992.245672061036	-0	0.256032730520325	0	-0.09478689634317576	0	0	0	0	1.394235837892666e-10	0
0.3109568301841596	-0	-0	-0	0	0	0	67.04432238387558	991.4777297873203	-0	0.2560435100600627	0	-0.09478689634302054	0	0	0	0	9.063150230304018e-11	0
0.3116184404611472	-0	-0	-0	0	0	0	68.16052087269902	990.6501998847089	-0	0.2560541964833455	0	-0.09478689634292008	0	0	0	0	5.858513674183996e-11	0
0.3122800507381348	-0	-0	-0	0	0	0	69.27779713651039	989.7626031630494	-0	0.2560647898394482	0	-0.09478689634285549	0	0	0	0	3.766409406580351e-11	0
0.3129416610151223	-0	-0	-0	0	0	0	70.39599393989252	988.8144264928019	-0	0.2560752903247396	0	-0.09478689634281415	0	0	0	0	2.40802933149098e-11	0
0.31360327129211	-0	-0	-0	0	0	0	71.51495981704494	987.8051645814833	-0	0.2560856982698567	0	-0.09478689634278785	0	0	0	0	1.531308413404986e-11	0
0.3142648815690975	-0	-0	-0	0	0	0	72.63451645541984	986.7342686517048	-0	0.2560960137174575	0	-0.09478689634277121	0	0	0	0	9.684697488410166e-12	0
0.3149264918460851	-0	-0	-0	0	0	0	73.75445861067682	985.6011976444139	-0	0.2561062363857849	0	-0.09478689634276076	0	0	0	0	6.092903959142859e-12	0
0.3155881021230726	-0	-0	-0	0	0	0	74.87453964885142	984.4053479994467	-0	0.2561163655215015	0	-0.0947868963427542	0	0	0	0	3.811173598933237e-12	0
0.3162497124000602	-0	-0	-0	0	0	0	75.99447161335388	983.1460965102143	-0	0.256126399878238	0	-0.09478689634275012	0	0	0	0	2.371436380599334e-12	0
0.3169113226770478	-0	-0	-0	0	0	0	77.11390658977626	981.8227411423658	-0	0.256136337493682	0	-0.0947868963427476	0	0	0	0	1.467270749344607e-12	0
0.3175729329540354	-0	-0	-0	0	0	0	78.23239920866216	980.4344863970985	-0	0.2561461752022665	0	-0.09478689634274606	0	0	0	0	9.050538096744276e-13	0
0.318234543231023	-0	-0	-0	0	0	0	79.34945964423822	978.9804027087747	-0	0.2561559094166975	0	-0.09478689634274509	0	0	0	0	5.524469770534779e-13	0
0.3188961535080105	-0	-0	-0	0	0	0	80.46452908645611	977.4593650958976	-0	0.2561655358945201	0	-0.09478689634274452	0	0	0	0	3.366196210663475e-13	0
0.3195577637849981	-0	-0	-0	0	0	0	81.57711442986881	975.8700676867636	-0	0.2561750516490386	0	-0.09478689634274416	0	0	0	0	2.033928581113287e-13	0
0.3202193740619856	-0	-0	-0	0	0	0	82.68688401389956	974.2110281598973	-0	0.2561844563801502	0	-0.09478689634274397	0	0	0	0	1.234568003383174e-13	0
0.3208809843389732	-0	-0	-0	0	0	0	83.79354375435025	972.4806325299031	-0	0.2561937506235087	0	-0.09478689634274384	0	0	0	0	7.549516567451064e-14	0
0.3215425946159609	-0	-0	-0	0	0	0	84.89690022820419	970.6771563009227	-0	0.256202936667435	0	-0.09478689634274376	0	0	0	0	4.618527782440651e-14	0
0.3222042048929484	-0	-0	-0	0	0	0	85.99679211188977	968.7987691790206	-0	0.2562120175653037	0	-0.0947868963427437	0	0	0	0	2.486899575160351e-14	0
0.322865815169936	-0	-0	-0	0	0	0	87.09312673474741	966.84357169882	-0	0.2562209976306271	0	-0.09478689634274369	0	0	0	0	1.598721155460225e-14	0
0.3235274254469235	-0	-0	-0	0	0	0	88.18583627557904	964.8095829890398	-0	0.2562298818401373	0	-0.09478689634274368	0	0	0	0	1.06581410364015e-14	0
0.3241890357239111	-0	-0	-0	0	0	0	89.27488865698029	962.6948046846367	-0	0.2562386759048739	0	-0.09478689634274366	0	0	0	0	5.329070518200751e-15	0
0.3248506460008987	-0	-0	-0	0	0	0	90.3602900810457	960.4971519091121	-0	0.2562473864376982	0	-0.09478689634274365	0	0	0	0	1.77635683940025e-15	0
0.3255122562778862	-0	-0	-0	0	0	0	91.44211418099039	958.2145086012792	-0	0.2562560213040029	0	-0.09478689634274366	0	0	0	0	1.77635683940025e-15	0
0.3261738665548738	-0	-0	-0	0	0	0	92.52047716421892	955.8446598183853	-0	0.256264589394468	0	-0.09478689634274365	0	0	0	0	1.77635683940025e-15	0
0.3268354768318614	-0	-0	-0	0	0	0	93.59556564259462	953.3853472816836	-0	0.2562731009564941	0	-0.09478689634274365	0	0	0	0	0	0
0.3274970871088489	-0	-0	-0	0	0	0	94.66756997437194	950.8342254735703	-0	0.2562815667104065	0	-0.09478689634274363	0	0	0	0	0	0
0.3281586973858365	-0	-0	-0	0	0	0	95.73665239820184	948.1889792529205	-0	0.2562899971936354	0	-0.09478689634274366	0	0	0	0	1.77635683940025e-15	0
0.3288203076628242	-0	-0	-0	0	0	0	96.8029723420904	945.4472237109418	-0	0.2562984033201515	0	-0.09478689634274365	0	0	0	0	0	0
0.3294819179398117	-0	-0	-0	0	0	0	97.86661893630611	942.6066531655699	-0	0.2563067951481452	0	-0.09478689634274365	0	0	0	0	1.77635683940025e-15	0
0.3301435282167993	-0	-0	-0	0	0	0	98.92768399630366	939.6649012750697	-0	0.2563151831996823	0	-0.09478689634274365	0	0	0	0	0	0
0.3308051384937868	-0	-0	-0	0	0	0	99.98618149718783	936.6197102641124	-0	0.2563235770149117	0	-0.09478689634274365	0	0	0	0	0	0
0.3314667487707744	-0	-0	-0	0	0	0	101.0421293881949	933.468814897052	-0	0.2563319865432955	0	-0.09478689634274366	0	0	0	0	1.77635683940025e-15	0
0.332128359047762	-0	-0	-0	0	0	0	102.0954138880279	930.2101419749791	-0	0.2563404198134228	0	-0.09478689634274365	0	0	0	0	0	0
0.3327899693247496	-0	-0	-0	0	0	0	103.145905239681	926.841623419633	-0	0.2563488849247099	0	-0.09478689634274365	0	0	0	0	0	0
0.3334515796017371	-0	-0	-0	0	0	0	104.1933286609126	923.3614086863716	-0	0.2563573878122208	0	-0.09478689634274365	0	0	0	0	0	0
0.3341131898787247	-0	-0	-0	0	0	0	105.2374045808981	919.7676471004843	-0	0.2563659346443276	0	-0.09478689634274365	0	0	0	0	0	0
0.3347748001557123	-0	-0	-0	0	0	0	106.2777411483668	916.0586783969633	-0	0.2563745299825562	0	-0.09478689634274365	0	0	0	0	0	0
0.3354364104326998	-0	-0	-0	0	0	0	107.3139509290181	912.2328240021656	-0	0.2563831787872526	0	-0.09478689634274365	0	0	0	0	0	0
0.3360980207096874	-0	-0	-0	0	0	0	108.3455642215829	908.2885632618534	-0	0.2563918849497679	0	-0.09478689634274365	0	0	0	0	0	0
0.3367596309866751	-0	-0	-0	0	0	0	109.3721163404617	904.2243413596935	-0	0.2564006528003451	0	-0.09478689634274366	0	0	0	0	0	0
0.3374212412636626	-0	-0	-0	0	0	0	110.3930713594953	900.0387455720893	-0	0.2564094858200663	0	-0.09478689634274365	0	0	0	0	0	0
0.3380828515406502	-0	-0	-0	0	0	0	111.4078975088755	895.7303216274212	-0	0.2564183879373354	0	-0.09478689634274365	0	0	0	0	0	0
0.3387444618176377	-0	-0	-0	0	0	0	112.4159920776579	891.2977541427897	-0	0.2564273622612027	0	-0.09478689634274365	0	0	0	0	0	0
0.3394060720946253	-0	-0	-0	0	0	0	113.4167569583543	886.7396826128484	-0	0.2564364123724928	0	-0.09478689634274365	0	0	0	0	0	0
0.3400676823716129	-0	-0	-0	0	0	0	114.4095212159852	882.0548879913746	-0	0.25644554101654	0	-0.09478689634274365	0	0	0	0	0	0
0.3407292926486005	-0	-0	-0	0	0	0	115.3936275721338	877.2421127749318	-0	0.2564547515551668	0	-0.09478689634274365	0	0	0	0	0	0
0.341390902925588	-0	-0	-0	0	0	0	116.3683454949314	872.3002525120324	-0	0.2564640465025869	0	-0.09478689634274365	0	0	0	0	0	0
0.3420525132025756	-0	-0	-0	0	0	0	117.3329469519906	867.2281439346198	-0	0.2564734288612733	0	-0.09478689634274365	0	0	0	0	0	0
0.3427141234795631	-0	-0	-0	0	0	0	118.2866371779439	862.0247606910931	-0	0.2564829009510752	0	-0.09478689634274365	0	0	0	0	0	0
0.3433757337565507	-0	-0	-0	0	0	0	119.2286375910753	856.6890218431332	-0	0.2564924658159396	0	-0.09478689634274365	0	0	0	0	0	0
0.3440373440335383	-0	-0	-0	0	0	0	120.1581012779578	851.2199865593676	-0	0.2565021258119585	0	-0.09478689634274365	0	0	0	0	0	0
0.3446989543105259	-0	-0	-0	0	0	0	121.0741996336556	845.6166606265083	-0	0.2565118840747511	0	-0.09478689634274365	0	0	0	0	0	0
0.3453605645875135	-0	-0	-0	0	0	0	121.9760297071594	839.8781984591503	-0	0.2565217429600246	0	-0.09478689634274365	0	0	0	0	0	0
0.346022174864501	-0	-0	-0	0	0	0	122.8627056174731	834.0037017207832	-0	0.2565317056021916	0	-0.09478689634274363	0	0	0	0	-1.77635683940025e-15	0
0.3466837851414886	-0	-0	-0	0	0	0	123.7332587227558	827.9924303344681	-0	0.2565417742154869	0	-0.09478689634274365	0	0	0	0	0	0
0.3473453954184762	-0	-0	-0	0	0	0	124.586737432054	821.8435954421454	-0	0.2565519518009207	0	-0.09478689634274366	0	0	0	0	1.77635683940025e-15	0
0.3480070056954638	-0	-0	-0	0	0	0	125.4220982907679	815.5565786921551	-0	0.2565622402723601	0	-0.09478689634274365	0	0	0	0	0	0
0.3486686159724514	-0	-0	-0	0	0	0	126.2383143965856	809.1307189077919	-0	0.2565726423187565	0	-0.09478689634274365	0	0	0	0	0	0
0.3493302262494389	-0	-0	-0	0	0	0	127.0342593025009	802.5655387005837	-0	0.2565831593854145	0	-0.09478689634274365	0	0	0	0	0	0
0.3499918365264265	-0	-0	-0	0	0	0	127.808823473472	795.8605259744744	-0	0.2565937936819735	0	-0.09478689634274365	0	0	0	0	0	0
0.350653446803414	-0	-0	-0	0	0	0	128.5607925332389	789.0153665461477	-0	0.2566045460440684	0	-0.09478689634274365	0	0	0	0	0	0
0.3513150570804016	-0	-0	-0	0	0	0	129.2889674157684	782.0297182448446	-0	0.2566154180197056	0	-0.09478689634274365	0	0	0	0	0	0
0.3519766673573892	-0	-0	-0	0	0	0	129.9920414750869	774.9034484031207	-0	0.2566264096905941	0	-0.09478689634274365	0	0	0	0	0	0
0.3526382776343768	-0	-0	-0	0	0	0	130.6687224313657	767.6364033291895	-0	0.2566375217990733	0	-0.09478689634274365	0	0	0	0	0	0
0.3532998879113644	-0	-0	-0	0	0	0	131.3176105535891	760.2286478303298	-0	0.2566487535741303	0	-0.09478689634274365	0	0	0	0	0	0
0.3539614981883519	-0	-0	-0	0	0	0	131.9373202693781	752.6802321169489	-0	0.2566601048586013	0	-0.09478689634274365	0	0	0	0	0	0
0.3546231084653395	-0	-0	-0	0	0	0	132.5263630793086	744.9914297211111	-0	0.2566715740171458	0	-0.09478689634274365	0	0	0	0	0	0
0.3552847187423271	-0	-0	-0	0	0	0	133.0832602530382	737.1625054144307	-0	0.2566831598946863	0	-0.09478689634274366	0	0	0	0	1.77635683940025e-15	0
0.3559463290193146	-0	-0	-0	0	0	0	133.6064336664661	729.1939495314255	-0	0.2566948598698766	0	-0.09478689634274366	0	0	0	0	1.77635683940025e-15	0
0.3566079392963022	-0	-0	-0	0	0	0	134.0943182156452	721.0862566470959	-0	0.2567066717776554	0	-0.09478689634274365	0	0	0	0	0	0
0.3572695495732898	-0	-0	-0	0	0	0	134.5452573695261	712.8401526675591	-0	0.2567185920592837	0	-0.09478689634274365	0	0	0	0	0	0
0.3579311598502773	-0	-0	-0	0	0	0	134.9576375963217	704.4563567555505	-0	0.2567306182104054	0	-0.09478689634274365	0	0	0	0	0	0
0.3585927701272649	-0	-0	-0	0	0	0	135.3298346908452	695.9357660217489	-0	0.2567427481225516	0	-0.09478689634274365	0	0	0	0	0	0
0.3592543804042525	-0	-0	-0	0	0	0	135.6602098472034	687.2792717525747	-0	0.2567549796169341	0	-0.09478689634274363	0	0	0	0	-3.552713678800501e-15	0
0.3599159906812401	-0	-0	-0	0	0	0	135.9470424042246	678.4879610124393	-0	0.2567673093770139	0	-0.09478689634274365	0	0	0	0	0	0
0.3605776009582277	-0	-0	-0	0	0	0	136.1886064098735	669.5629788373997	-0	0.2567797338819918	0	-0.09478689634274365	0	0	0	0	0	0
0.3612392112352152	-0	-0	-0	0	0	0	136.3830588844196	660.5057383660803	-0	0.256792247308706	0	-0.09478689634274365	0	0	0	0	0	0
0.3619008215122028	-0	-0	-0	0	0	0	136.5285926007521	651.3176844668998	-0	0.2568048444726879	0	-0.09478689634274365	0	0	0	0	0	0
0.3625624317891904	-0	-0	-0	0	0	0	136.6234326808499	642.0004256836677	-0	0.2568175214295033	0	-0.09478689634274365	0	0	0	0	0	0
0.363224042066178	-0	-0	-0	0	0	0	136.6655679776586	632.5558546825655	-0	0.2568302677114597	0	-0.09478689634274365	0	0	0	0	0	0
0.3638856523431655	-0	-0	-0	0	0	0	136.6523516951001	622.9866023803589	-0	0.2568430560975029	0	-0.09478689634274365	0	0	0	0	0	0
0.3645472626201531	-0	-0	-0	0	0	0	136.5810756945913	613.2954895801624	-0	0.2568558557258631	0	-0.09478689634274365	0	0	0	0	0	0
0.3652088728971407	-0	-0	-0	0	0	0	136.4488991547263	603.4856819214428	-0	0.2568686308312733	0	-0.09478689634274365	0	0	0	0	0	0
0.3658704831741282	-0	-0	-0	0	0	0	136.2529387192004	593.5605909568008	-0	0.2568813413074191	0	-0.09478689634274365	0	0	0	0	0	0
0.3665320934511158	-0	-0	-0	0	0	0	135.9900380799835	583.5241131913225	-0	0.2568939371401859	0	-0.09478689634274365	0	0	0	0	0	0
0.3671937037281034	-0	-0	-0	0	0	0	135.6576804693553	573.379776966568	-0	0.2569063826169788	0	-0.09478689634274365	0	0	0	0	0	0
0.367855314005091	-0	-0	-0	0	0	0	135.254814756722	563.1299708033397	-0	0.2569186835139303	0	-0.09478689634274365	0	0	0	0	0	0
0.3685169242820786	-0	-0	-0	0	0	0	134.7802947985373	552.7774408514945	-0	0.2569308412161331	0	-0.09478689634274365	0	0	0	0	0	0
0.3691785345590661	-0	-0	-0	0	0	0	134.2322283055219	542.3258380887198	-0	0.2569428338983264	0	-0.09478689634274365	0	0	0	0	0	0
0.3698401448360537	-0	-0	-0	0	0	0	133.6084179374459	531.7793418044024	-0	0.2569546266603457	0	-0.09478689634274365	0	0	0	0	0	0
0.3705017551130413	-0	-0	-0	0	0	0	132.9060196735342	521.1429744929038	-0	0.2569661608683076	0	-0.09478689634274365	0	0	0	0	0	0
0.3711633653900289	-0	-0	-0	0	0	0	132.1236415566127	510.4205191518877	-0	0.2569774202942416	0	-0.09478689634274365	0	0	0	0	0	0
0.3718249756670164	-0	-0	-0	0	0	0	131.2637960843458	499.6119282388673	-0	0.2569885208313588	0	-0.09478689634274365	0	0	0	0	0	0
0.372486585944004	-0	-0	-0	0	0	0	130.3294615596285	488.7171659031243	-0	0.2569995999424652	0	-0.09478689634274365	0	0	0	0	0	0
0.3731481962209915	-0	-0	-0	0	0	0	129.3236713125544	477.7363490014171	-0	0.257010806568013	0	-0.09478689634274365	0	0	0	0	0	0
0.3738098064979791	-0	-0	-0	0	0	0	128.2482934357042	466.6700102964448	-0	0.2570222654980404	0	-0.09478689634274365	0	0	0	0	0	0
0.3744714167749667	-0	-0	-0	0	0	0	127.1036870945422	455.5198115877998	-0	0.2570340596743608	0	-0.09478689634274365	0	0	0	0	0	0
0.3751330270519543	-1.667671802605519e-12	7.286990617588256e-13	-0	0.0830787986056183	0	0.09478689634274365	125.88893242023	444.2877376379162	-0	0.2570462394576149	0	-0.09478689634274365	0	0	0	0	0	0
0.3757946373289419	-1.665473990890062e-12	7.245753639542616e-13	-0	0.08438540887857256	0	0.09478689634274365	124.6020695960638	432.9757526299342	-0	0.257058830234543	0	-0.09478689634274363	0	0	0	0	-1.77635683940025e-15	0
0.3764562476059294	-1.661800490582916e-12	7.19842824818199e-13	-0	0.0856807417473735	0	0.09478689634274365	123.2430953183804	421.5883956295794	-0	0.2570718998313243	0	-0.09478689634274363	0	0	0	0	-1.77635683940025e-15	0
0.377117857882917	-3.313280437715982e-12	1.429009611880706e-12	-0	0.0869647583442414	0	0.09478689634274365	121.8128070909716	410.1327659306903	-0	0.2570855248610123	0	-0.09478689634274365	0	0	0	0	0	0
0.3777794681599046	-6.599937452168342e-12	2.834262464706007e-12	-0	0.08823742695298299	0	0.09478689634274365	120.3109225787081	398.6162700134739	-0	0.2570997505003594	0	-0.09478689634274365	0	0	0	0	0	0
0.3784410784368922	-1.149278545017441e-11	4.914213709857564e-12	-0	0.08949872411450761	0	0.09478689634274366	118.7370881541547	387.0470492544397	-0	0.2571146165252844	0	-0.09478689634274366	0	0	0	0	1.77635683940025e-15	0
0.3791026887138798	-1.795368596482759e-11	7.643996301663023e-12	-0	0.0907479377371906	0	0.09478689634274365	117.0869927149189	375.4295058828505	-0	0.2571300695770298	0	-0.09478689634274365	0	0	0	0	0	0
0.3797642989908673	-3.079831202347691e-11	1.305693261063908e-11	-0	0.09198511260648128	0	0.09478689634274365	115.3540318409714	363.7632593472053	-0	0.2571460261082684	0	-0.09478689634274365	0	0	0	0	0	0
0.3804259092678549	-5.307282978986846e-11	2.240470379168017e-11	-0	0.09321088319070402	0	0.09478689634274366	113.5385463762966	352.0541702287791	-0	0.2571625805314902	0	-0.09478689634274363	0	8.077935669463161e-28	0	0	-1.77635683940025e-15	0
0.3810875195448424	-9.086182721082506e-11	3.819505339699274e-11	-0	0.09442516905038467	0	0.09478689634274365	111.6444946127632	340.3133118826178	-0	0.2571799104175423	0	-0.09478689634274365	0	0	0	0	0	0
0.38174912982183	-1.578368934824767e-10	6.606918276950357e-11	-0	0.09562798754113246	0	0.09478689634274365	109.667457953782	328.5461763815376	-0	0.2571979580254088	0	-0.09478689634274365	0	0	0	0	0	0
0.3824107400988176	-2.732068759085042e-10	1.138814352291988e-10	-0	0.09681936582867387	0	0.09478689634274365	107.5981286193034	316.7527803711899	-0	0.2572165402356346	0	-0.09478689634274365	0	0	0	0	0	0
0.3830723503758052	-4.781807767839477e-10	1.984863048131192e-10	-0	0.09799933916005725	0	0.09478689634274365	105.4251243549083	304.935890296288	-0	0.2572353330376341	0	-0.09478689634274365	0	0	0	0	0	0
0.3837339606527927	-8.434054783920698e-10	3.486248381921934e-10	-0	0.09916794895202415	0	0.09478689634274365	103.1289842964616	293.1036240559604	-0	0.2572535512639058	0	-0.09478689634274365	0	0	0	0	0	0
0.3843955709297803	-1.494817667248902e-09	6.153186545341397e-10	-0	0.1003252453765356	0	0.09478689634274366	100.7106823184152	281.2842931026186	-0	0.2572708886432903	0	-0.09478689634274365	0	2.584939414228211e-26	0	0	0	0
0.3850571812067679	-2.665994124770291e-09	1.092867754584266e-09	-0	0.1014712892289752	0	0.09478689634274365	98.18756070999011	269.5286821075129	-0	0.2572873491286343	0	-0.09478689634274365	0	0	0	0	0	0
0.3857187914837555	-4.778859059676717e-09	1.950904262700237e-09	-0	0.1026061526850992	0	0.09478689634274365	95.55210739711153	257.863711605447	-0	0.2573021126063176	0	-0.09478689634274365	0	0	0	0	0	0
0.3863804017607431	-8.620144969639694e-09	3.504583980938007e-09	-0	0.1037299236082781	0	0.09478689634274365	92.78270474889656	246.2886124390362	-0	0.2573140250457743	0	-0.09478689634274365	0	0	0	0	0	0
0.3870420120377306	-1.562989326398811e-08	6.328416260329031e-09	-0	0.1048427018671871	0	0.09478689634274365	89.87468785845421	234.8101774653962	-0	0.2573224800919682	0	-0.09478689634274365	0	0	0	0	0	0
0.3877036223147182	-2.849429366002156e-08	1.149002787285005e-08	-0	0.1059446026252827	0	0.09478689634274365	86.83230670905412	223.4359703593473	-0	0.2573272317054628	0	-0.09478689634274366	0	0	0	0	1.77635683940025e-15	0
0.3883652325917057	-5.22147994123841e-08	2.096950006829812e-08	-0	0.1070357523255057	0	0.09478689634274365	83.68108328749743	212.1944686106391	-0	0.2573287221018959	0	-0.09478689634274363	0	0	0	0	-8.881784197001252e-16	0
0.3890268428686933	-9.615760881254067e-08	3.846064671419394e-08	-0	0.1081162905247869	0	0.09478689634274365	80.46797294681417	201.1448601875761	-0	0.2573279803995518	0	-0.09478689634274366	0	0	0	0	8.881784197001252e-16	0
0.3896884531456809	-1.779313024227761e-07	7.088119131851064e-08	-0	0.1091863683558574	0	0.09478689634274365	77.21546911978075	190.3255189898452	-0	0.2573251492895641	0	-0.09478689634274365	0	0	0	0	0	0
0.3903500634226685	-3.307573867724176e-07	1.312324501368829e-07	-0	0.1102461515082592	0	0.09478689634274365	73.92988628805774	179.7531280064469	-0	0.2573198691426618	0	-0.09478689634274366	0	0	0	0	8.881784197001252e-16	0
0.3910116736996561	-6.175412107258686e-07	2.440383193643839e-07	-0	0.1112958172832543	0	0.09478689634274365	70.62912860792706	169.4511205664154	-0	0.2573122938335874	0	-0.09478689634274365	0	0	0	0	0	0
0.3916732839766436	-1.157787574826072e-06	4.557102099448359e-07	-0	0.1123355568606491	0	0.09478689634274365	67.33972131311273	159.447752236618	-0	0.2573030573350167	0	-0.09478689634274365	0	0	0	0	0	0
0.3923348942536312	-2.179211639733631e-06	8.543474070612151e-07	-0	0.1133655734070147	0	0.09478689634274365	64.07652380462943	149.7587038291842	-0	0.2572924021846204	0	-0.09478689634274365	0	0	0	0	0	0
0.3929965045306187	-4.11694939241176e-06	1.607656573090896e-06	-0	0.1143860848126649	0	0.09478689634274365	60.8429601591429	140.3839760889722	-0	0.2572802166956133	0	-0.09478689634274365	0	0	0	0	0	0
0.3936581148076064	-7.804587046921123e-06	3.035692450276487e-06	-0	0.1153973204652073	0	0.09478689634274365	57.64333128416509	131.3244350077048	-0	0.2572664044912488	0	-0.09478689634274365	0	0	0	0	0	0
0.3943197250845939	-1.484260071335614e-05	5.750629134135732e-06	-0	0.1163995221249201	0	0.09478689634274365	54.47905563313228	122.5824702237661	-0	0.2572505151655996	0	-0.09478689634274365	0	0	0	0	0	0
0.3949813353615815	-2.830985424823965e-05	1.092566509852835e-05	-0	0.1173929453144646	0	0.09478689634274365	51.36433989959994	114.226464345475	-0	0.2572303043598616	0	-0.09478689634274365	0	0	0	0	0	0
0.3956429456385691	-5.413890116621174e-05	2.081286473902029e-05	-0	0.1183778597073497	0	0.09478689634274365	48.31051763271476	106.4855374447552	-0	0.2571949167426733	0	-0.09478689634274363	0	0	0	0	-8.881784197001252e-16	0
0.3963045559155566	-0.0001037755603671307	3.97408256239556e-05	-0	0.1193545407414006	0	0.09478689634274365	45.31188142133188	99.54440792623527	-0	0.257130885717692	0	-0.09478689634274363	0	0	0	0	-8.881784197001252e-16	0
0.3969661661925442	-0.0001993222962421052	7.603688695573483e-05	-0	0.1203232570448276	0	0.09478689634274365	42.34077574147258	93.44217963511866	-0	0.2570274953351327	0	-0.09478689634274365	0	0	0	0	0	0
