Accelerations
version=1
nRows=601
nColumns=11
inDegrees=no

Units are S.I. units (second, meters, Newtons, ...)
If the header above contains a line with 'inDegrees', this indicates whether rotational values are in degrees (yes) or radians (no).

endheader
time	pelvis_tilt	pelvis_tx	pelvis_ty	hip_flexion_l	hip_flexion_r	knee_angle_l	knee_angle_r	ankle_angle_l	ankle_angle_r	lumbar
      0.00000000	    -13.88368350	     -0.07268678	    -11.81374106	     13.04178867	      3.51094057	    -40.26881945	     12.72089297	    763.13307091	    172.04007642	     17.85837963
      0.00054237	    -12.91146484	      0.02910806	    -11.78961160	      9.16187434	      2.03816015	    -25.63893316	     13.22271758	    587.73981371	    172.27568155	     16.88371863
      0.00108474	    -11.72933230	      0.15345163	    -11.76921414	      4.24482104	      0.27832279	     -7.84584552	     13.76131451	    482.64131953	    172.64334946	     15.71123168
      0.00162711	    -10.72365266	      0.26001514	    -11.75420448	      0.13780482	     -1.24417320	      6.37866360	     14.26482406	    460.83325026	    172.90052784	     14.71188222
      0.00216948	    -10.20978328	      0.31478141	    -11.74248358	     -1.61552856	     -2.10071159	     11.85673313	     14.68171941	    478.82940246	    172.82980318	     14.18479448
      0.00271185	    -10.00530499	      0.33604822	    -11.73040307	     -1.86640170	     -2.53880785	     12.03404316	     15.05280314	    488.45678860	    172.53100494	     13.95229744
      0.00325422	     -9.89134487	      0.34679439	    -11.71815431	     -1.65690644	     -2.85539431	     10.59995394	     15.41577820	    491.99732629	    172.15120737	     13.80463132
      0.00379659	     -9.78164513	      0.35619411	    -11.70576511	     -1.40162750	     -3.16733279	      8.99497819	     15.78521642	    494.83229785	    171.74815734	     13.65933138
      0.00433896	     -9.66259356	      0.36569498	    -11.69308725	     -1.16380852	     -3.49286783	      7.43970174	     16.16325267	    497.56842923	    171.33110308	     13.50323933
      0.00488133	     -9.53508790	      0.37519220	    -11.67990055	     -0.93863347	     -3.83056128	      5.92711638	     16.54973972	    499.95287177	    170.89868586	     13.33707773
      0.00542370	     -9.40008896	      0.38456854	    -11.66603502	     -0.72003491	     -4.17887443	      4.44288777	     16.94432261	    501.70365418	    170.45018702	     13.16161853
      0.00596607	     -9.25686008	      0.39388199	    -11.65143968	     -0.51024656	     -4.53864943	      2.99556016	     17.34688063	    502.75911469	    169.98634767	     12.97609350
      0.00650845	     -9.10431420	      0.40322609	    -11.63603481	     -0.31315461	     -4.91119420	      1.60047407	     17.75737143	    503.06355883	    169.50814140	     12.77938675
      0.00705082	     -8.94130447	      0.41269991	    -11.61980481	     -0.13319434	     -5.29795523	      0.27175234	     18.17576662	    502.63013836	    169.01667819	     12.57037965
      0.00759319	     -8.76681979	      0.42238577	    -11.60270795	      0.02588884	     -5.70018185	     -0.97784214	     18.60203048	    501.44486183	    168.51294139	     12.34806904
      0.00813556	     -8.58015466	      0.43233431	    -11.58472195	      0.16141199	     -6.11874418	     -2.13954602	     19.03612015	    499.49625631	    167.99762786	     12.11177400
      0.00867793	     -8.38060865	      0.44259363	    -11.56580866	      0.27074670	     -6.55449697	     -3.20421229	     19.47800055	    496.76129088	    167.47141646	     11.86080926
      0.00922030	     -8.16767266	      0.45319256	    -11.54593070	      0.35177999	     -7.00805749	     -4.16377843	     19.92765740	    493.21333910	    166.93473074	     11.59468957
      0.00976267	     -7.94081107	      0.46416060	    -11.52504147	      0.40231098	     -7.48007319	     -5.00959471	     20.38508453	    488.82194991	    166.38801159	     11.31289755
      0.01030504	     -7.69959183	      0.47551552	    -11.50308843	      0.42042053	     -7.97106322	     -5.73336773	     20.85030518	    483.55220738	    165.83151179	     11.01502094
      0.01084741	     -7.44354780	      0.48727600	    -11.48000695	      0.40409587	     -8.48159189	     -6.32621353	     21.32336896	    477.36503530	    165.26546668	     10.70060616
      0.01138978	     -7.17235036	      0.49944465	    -11.45573577	      0.35177605	     -9.01203441	     -6.78010561	     21.80429914	    470.21762938	    164.69000126	     10.36933372
      0.01193215	     -6.88569690	      0.51201876	    -11.43020288	      0.26199264	     -9.56272643	     -7.08659607	     22.29312875	    462.06003061	    164.10518337	     10.02090141
      0.01247452	     -6.58334796	      0.52498496	    -11.40333850	      0.13369373	    -10.13391092	     -7.23893794	     22.78986871	    452.83970227	    163.51104337	      9.65506092
      0.01301689	     -6.26511943	      0.53832109	    -11.37506265	     -0.03388790	    -10.72574745	     -7.23075022	     23.29452427	    442.49411788	    162.90754751	      9.27160739
      0.01355926	     -5.93091367	      0.55199515	    -11.34532057	     -0.24089759	    -11.33827270	     -7.05976283	     23.80702518	    430.97541755	    162.29473438	      8.87042466
      0.01410163	     -5.58063918	      0.56597702	    -11.31407510	     -0.48728237	    -11.97150255	     -6.72617150	     24.32722634	    418.25842874	    161.67280572	      8.45140887
      0.01464400	     -5.21426687	      0.58024621	    -11.28136165	     -0.77277583	    -12.62538502	     -6.23589854	     24.85484110	    404.39701142	    161.04226916	      8.01457251
      0.01518637	     -4.83160175	      0.59481790	    -11.24729162	     -1.09755727	    -13.30008131	     -5.60018306	     25.38939052	    389.55135280	    160.40431784	      7.55981925
      0.01572874	     -4.43267838	      0.60971519	    -11.21205169	     -1.46150430	    -13.99549285	     -4.83542667	     25.93028148	    373.96543410	    159.76024995	      7.08736788
      0.01627111	     -4.01740823	      0.62498701	    -11.17587523	     -1.86465109	    -14.71167589	     -3.96260525	     26.47679235	    357.95003702	    159.11185346	      6.59734918
      0.01681348	     -3.58633578	      0.64063287	    -11.13897846	     -2.30556793	    -15.44789985	     -3.00252465	     27.02829139	    341.75711797	    158.46004334	      6.09054412
      0.01735585	     -3.14015199	      0.65663648	    -11.10157501	     -2.78228240	    -16.20322708	     -1.97627395	     27.58411305	    325.61761207	    157.80564507	      5.56786315
      0.01789822	     -2.68018842	      0.67291890	    -11.06383364	     -3.29131907	    -16.97589478	     -0.90147328	     28.14368842	    309.65718413	    157.14852504	      5.03082972
      0.01844060	     -2.20785664	      0.68938718	    -11.02590468	     -3.82892790	    -17.76401248	      0.20612126	     28.70644137	    293.96557845	    156.48843033	      4.48101461
      0.01898297	     -1.72471985	      0.70592580	    -10.98788295	     -4.39110083	    -18.56548726	      1.33557050	     29.27190961	    278.55704818	    155.82462436	      3.92009797
      0.01952534	     -1.23222021	      0.72242604	    -10.94983788	     -4.97425814	    -19.37837716	      2.47897419	     29.83968822	    263.42839443	    155.15632139	      3.34961516
      0.02006771	     -0.73165448	      0.73878772	    -10.91180242	     -5.57540039	    -20.20093111	      3.63251561	     30.40947207	    248.55413889	    154.48263262	      2.77093012
      0.02061008	     -0.22416621	      0.75492537	    -10.87379794	     -6.19210281	    -21.03159729	      4.79460483	     30.98099361	    233.91229147	    153.80271700	      2.18524550
      0.02115245	      0.28912400	      0.77075806	    -10.83584324	     -6.82209875	    -21.86886562	      5.96452634	     31.55402638	    219.48134362	    153.11565548	      1.59373752
      0.02169482	      0.80692800	      0.78619893	    -10.79797193	     -7.46277513	    -22.71102508	      7.14083186	     32.12834574	    205.23553222	    152.42032124	      0.99776257
      0.02223719	      1.32818881	      0.80117609	    -10.76020553	     -8.11188850	    -23.55663242	      8.32226670	     32.70368810	    191.14820035	    151.71589659	      0.39841820
      0.02277956	      1.85212201	      0.81563816	    -10.72255341	     -8.76784430	    -24.40456463	      9.50876299	     33.27974109	    177.19911249	    151.00196131	     -0.20348936
      0.02332193	      2.37809927	      0.82954375	    -10.68502013	     -9.42931036	    -25.25387878	     10.70018973	     33.85615821	    163.37199431	    150.27829483	     -0.80732523
      0.02386430	      2.90515634	      0.84283341	    -10.64763712	    -10.09412659	    -26.10322204	     11.89427173	     34.43257328	    149.64023947	    149.54443968	     -1.41209595
      0.02440667	      3.43234819	      0.85544958	    -10.61043833	    -10.76008370	    -26.95125117	     13.08815268	     35.00859893	    135.97491178	    148.79975501	     -2.01683427
      0.02494904	      3.95887021	      0.86734641	    -10.57345490	    -11.42532178	    -27.79680282	     14.27952791	     35.58376686	    122.35189148	    148.04485858	     -2.62072073
      0.02549141	      4.48167116	      0.87821654	    -10.53671529	    -12.08511063	    -28.63060403	     15.46636459	     36.15840254	    108.75302578	    147.02652490	     -3.22086517
      0.02603378	      5.00477669	      0.88854241	    -10.50024939	    -12.74437408	    -29.46746621	     16.64786054	     36.72920487	     95.16379254	    146.23929435	     -3.82099494
      0.02657615	      5.52549819	      0.89805947	    -10.46406803	    -13.39896954	    -30.29912343	     17.82204105	     37.29756769	     81.56981120	    145.44333201	     -4.41856225
      0.02711852	      6.04331778	      0.90674427	    -10.42819770	    -14.04775506	    -31.12471311	     18.98739796	     37.86298462	     67.95993221	    144.63820160	     -5.01305058
      0.02766089	      6.55787865	      0.91458261	    -10.39265806	    -14.68993018	    -31.94358841	     20.14287939	     38.42483031	     54.32760280	    143.82564340	     -5.60411468
      0.02820326	      7.06878041	      0.92155897	    -10.35747321	    -15.32463927	    -32.75502435	     21.28729258	     38.98253497	     40.66665310	    143.00583227	     -6.19136102
      0.02874563	      7.57570988	      0.92766284	    -10.32266400	    -15.95122089	    -33.55840357	     22.41967455	     39.53547498	     26.97389639	    142.17969564	     -6.77448807
      0.02928800	      8.07834844	      0.93288408	    -10.28825340	    -16.56902607	    -34.35309562	     23.53904295	     40.08302267	     13.24689439	    141.34794901	     -7.35318686
      0.02983037	      8.57641810	      0.93721522	    -10.25426372	    -17.17751203	    -35.13851539	     24.64453525	     40.62452359	     -0.51475024	    140.51150263	     -7.92719008
      0.03037275	      9.06964021	      0.94064918	    -10.22071884	    -17.77615222	    -35.91407331	     25.73527683	     41.15930988	    -14.31076071	    139.67127136	     -8.49622837
      0.03091512	      9.55774734	      0.94318050	    -10.18764403	    -18.36447661	    -36.67919005	     26.81047530	     41.68669575	    -28.13926630	    138.82822746	     -9.06004178
      0.03145749	     10.04048486	      0.94480477	    -10.15506489	    -18.94206174	    -37.43329862	     27.86940799	     42.20598023	    -41.99750621	    137.98340143	     -9.61838273
      0.03199986	     10.51759144	      0.94551849	    -10.12300963	    -19.50850263	    -38.17582107	     28.91137736	     42.71644751	    -55.88152900	    137.13783839	    -10.17099393
      0.03254223	     10.98883089	      0.94531920	    -10.09150526	    -20.06345182	    -38.90620491	     29.93575108	     43.21736302	    -69.78663649	    136.29267727	    -10.71764475
      0.03308460	     11.45392331	      0.94420436	    -10.06058468	    -20.60651206	    -39.62384485	     30.94182013	     43.70798406	    -83.70731607	    135.44900515	    -11.25805457
      0.03362697	     11.91259951	      0.94217261	    -10.03028104	    -21.13732850	    -40.32814558	     31.92896768	     44.18755319	    -97.63730751	    134.60797047	    -11.79195314
      0.03416934	     12.36455447	      0.93922369	    -10.00063273	    -21.65549808	    -41.01848323	     32.89646695	     44.65534969	   -111.56968756	    133.77061367	    -12.31902864
      0.03471171	     12.80957678	      0.93536299	     -9.97167041	    -22.16077009	    -41.69438778	     33.84373991	     45.11077605	   -125.49689859	    132.93795605	    -12.83906963
      0.03525408	     13.24734639	      0.93059122	     -9.94343690	    -22.65274761	    -42.35520079	     34.77006936	     45.55305035	   -139.41077369	    132.11111828	    -13.35174708
      0.03579645	     13.67754642	      0.92490980	     -9.91597567	    -23.13106811	    -43.00025657	     35.67487421	     45.98135179	   -153.30268589	    131.29130128	    -13.85673476
      0.03633882	     14.09988510	      0.91832079	     -9.88932878	    -23.59539909	    -43.62891048	     36.55749964	     46.39483271	   -167.16351703	    130.47980412	    -14.35373473
      0.03688119	     14.51407308	      0.91082736	     -9.86353875	    -24.04543930	    -44.24051923	     37.41743568	     46.79263480	   -180.98396546	    129.67795822	    -14.84245066
      0.03742356	     14.91988345	      0.90243323	     -9.83864230	    -24.48096662	    -44.83449997	     38.25412615	     47.17386132	   -194.75439554	    128.88727589	    -15.32265618
      0.03796593	     15.31709135	      0.89314298	     -9.81467620	    -24.90178878	    -45.41027121	     39.06717663	     47.53760648	   -208.46527366	    128.10928792	    -15.79412626
      0.03850830	     15.70555855	      0.88296147	     -9.79166829	    -25.30782711	    -45.96733696	     39.85617924	     47.88291688	   -222.10682829	    127.34574561	    -16.25673260
      0.03905067	     16.08515145	      0.87189418	     -9.76964568	    -25.69903685	    -46.50520549	     40.62091438	     48.20882980	   -235.66963560	    126.59837723	    -16.71035103
      0.03959304	     16.45581144	      0.85994657	     -9.74862739	    -26.07547132	    -47.02345590	     41.36114558	     48.51433067	   -249.14407454	    125.86903482	    -17.15494084
      0.04013541	     16.81748080	      0.84712450	     -9.72863160	    -26.43721198	    -47.52166566	     42.07683864	     48.79838965	   -262.52110384	    125.15936384	    -17.59046148
      0.04067778	     17.17014774	      0.83343347	     -9.70967115	    -26.78439447	    -47.99944505	     42.76789925	     49.05990791	   -275.79155314	    124.47077612	    -18.01692363
      0.04122015	     17.51380720	      0.81887904	     -9.69175676	    -27.11718950	    -48.45639911	     43.43445181	     49.29773363	   -288.94704758	    123.80382301	    -18.43434517
      0.04176252	     17.84847265	      0.80346584	     -9.67489596	    -27.43577825	    -48.89211236	     44.07650918	     49.51056183	   -301.97920964	    123.15761957	    -18.84276564
      0.04230490	     18.17415930	      0.78719756	     -9.65909315	    -27.74036885	    -49.30611897	     44.69430988	     49.69689020	   -314.88067412	    122.52790003	    -19.24222793
      0.04284727	     18.49086952	      0.77007507	     -9.64435035	    -28.03113160	    -49.69781139	     45.28793749	     49.85473196	   -327.64424177	    121.90459632	    -19.63276493
      0.04338964	     18.79858335	      0.75209501	     -9.63066411	    -28.30822999	    -50.06635787	     45.85770075	     49.98136059	   -340.26394490	    121.26501947	    -20.01439170
      0.04393201	     19.09720466	      0.73324437	     -9.61802594	    -28.57170065	    -50.41040295	     46.40371890	     50.07235439	   -352.73417467	    120.56492849	    -20.38705403
      0.04447438	     19.38652025	      0.71349461	     -9.60641513	    -28.82144678	    -50.72773981	     46.92632829	     50.12060362	   -365.05081299	    119.71485900	    -20.75059336
      0.04501675	     19.66604594	      0.69278456	     -9.59579359	    -29.05698515	    -51.01435024	     47.42564249	     50.11310765	   -377.21038579	    118.54910542	    -21.10460267
      0.04555912	     19.93486762	      0.67100023	     -9.58608694	    -29.27728946	    -51.26326131	     47.90198780	     50.02752617	   -389.21141253	    116.74758919	    -21.44828486
      0.04610149	     20.19119393	      0.64792234	     -9.57715831	    -29.48015569	    -51.46155543	     48.35544764	     49.82196458	   -401.05376430	    113.73529767	    -21.78003875
      0.04664386	     20.43185286	      0.62316495	     -9.56875224	    -29.66160559	    -51.58681838	     48.78635497	     49.42407161	   -412.74074297	    108.44366685	    -22.09700620
      0.04718623	     20.65106665	      0.59602796	     -9.56040152	    -29.81425520	    -51.59858620	     49.19486771	     48.70131034	   -424.27916300	     99.01730015	    -22.39394551
      0.04772860	     20.83912444	      0.56533685	     -9.55126770	    -29.92567367	    -51.42881398	     49.58160829	     47.43089014	   -435.68342127	     82.17191463	    -22.66203585
      0.04827097	     20.97954053	      0.52909509	     -9.53987426	    -29.97471838	    -50.96120235	     49.94744350	     45.22634129	   -446.97734112	     52.49479080	    -22.88627548
      0.04881334	     21.04648602	      0.48417745	     -9.52374446	    -29.92836683	    -50.01214546	     50.29447567	     41.47521510	   -458.20197154	      1.11466944	    -23.04316662
      0.04935571	     21.00028929	      0.42580021	     -9.49891133	    -29.73611075	    -48.29778702	     50.62630024	     35.21725901	   -469.41891632	    -85.19151588	    -23.09653532
      0.04989808	     20.78807644	      0.34753357	     -9.45949933	    -29.33106398	    -45.43017058	     50.94968141	     25.12227778	   -480.71772509	   -224.85811440	    -22.99833922
      0.05044045	     20.34887774	      0.24190431	     -9.39785620	    -28.63699755	    -40.94696800	     51.27511781	      9.56346910	   -492.20513856	   -438.68651311	    -22.69329841
      0.05098282	     19.63745439	      0.10330791	     -9.30664641	    -27.59910439	    -34.47874199	     51.61575691	    -12.83504282	   -503.97546973	   -741.90280536	    -22.14057073
      0.05152519	     18.66610636	     -0.06696870	     -9.18296786	    -26.23754373	    -26.04598573	     51.98358311	    -42.19757990	   -516.03913556	  -1127.84131337	    -21.35185782
      0.05206756	     17.51098400	     -0.25982683	     -9.03064921	    -24.65375527	    -16.13239985	     52.38330552	    -77.08416255	   -528.31068820	  -1566.24217214	    -20.39682849
      0.05260993	     16.10509727	     -0.48348095	     -8.83884823	    -22.76668877	     -4.19558254	     52.83443385	   -119.50181493	   -540.92650191	  -2071.18630952	    -19.21482908
      0.05315230	     13.81196126	     -0.81442826	     -8.53482825	    -19.77422297	     14.44404220	     53.42789240	   -185.84011079	   -554.96897378	  -2834.82100083	    -17.22542187
      0.05369467	      9.72251647	     -1.36172457	     -8.00560602	    -14.54300330	     46.61236359	     54.32726839	   -300.79845058	   -572.01835056	  -4080.97773750	    -13.59870871
      0.05423705	      3.85090296	     -2.11982261	     -7.25307536	     -7.10593488	     92.22208628	     55.54087894	   -466.64626727	   -591.97320148	  -5556.94201399	     -8.33519626
      0.05477942	     -2.81930644	     -2.96565288	     -6.40128430	      1.29266768	    143.85579655	     56.90429041	   -659.67178911	   -613.03389582	  -6635.91697632	     -2.31682985
      0.05532179	     -9.03710816	     -3.74081707	     -5.65293405	      9.11376095	    191.42267148	     58.06094981	   -846.39435645	   -632.53119671	  -6492.50715200	      3.34182807
      0.05586416	    -13.29475682	     -4.24361136	     -5.36475411	     14.59682414	    221.06184837	     58.23032652	   -981.82795976	   -646.52229190	  -3861.48690150	      7.33106522
      0.05640653	    -12.82625114	     -4.07274722	     -6.49188195	     14.74233811	    203.01320204	     55.04893496	   -976.28813459	   -645.39235856	   4599.85814372	      7.35217200
      0.05694890	    -18.37981641	     -4.86716728	     -4.91266166	     21.02358806	    258.70389111	     58.89466846	  -1168.74711419	   -670.53582769	   1991.81302577	     12.08582448
      0.05749127	    -20.36211693	     -5.16941417	     -4.25502183	     23.15951331	    280.56654411	     60.65007643	  -1256.77274227	   -685.17216877	   2863.75962806	     13.76576002
      0.05803364	    -21.39139160	     -5.37654031	     -3.51981708	     23.94741434	    298.04019764	     62.83683274	  -1322.17759559	   -699.45594056	   2994.99691682	     14.51024118
      0.05857601	    -21.28887837	     -5.45047038	     -2.87680192	     23.27468202	    307.62034986	     64.97178292	  -1356.07844576	   -711.92604185	   2959.43895466	     14.20911968
      0.05911838	    -20.11613293	     -5.38847578	     -2.42500558	     21.30349862	    308.23322157	     66.73611461	  -1356.98097828	   -721.88404033	   3104.20015229	     12.95203973
      0.05966075	    -18.28351532	     -5.24645617	     -2.05354977	     18.50377534	    303.82181839	     68.38771222	  -1337.04223563	   -730.58856019	   2976.00518370	     11.09025580
      0.06020312	    -15.85460051	     -5.02387439	     -1.84811075	     15.03089452	    293.55059507	     69.64710813	  -1295.80025385	   -737.43860522	   2959.24481597	      8.71003487
      0.06074549	    -13.10792840	     -4.75852266	     -1.73222019	     11.20183559	    280.12489074	     70.69359837	  -1242.02680693	   -743.30005946	   2807.89074403	      6.05045537
      0.06128786	    -10.13521633	     -4.45903282	     -1.73008921	      7.16181450	    263.76432710	     71.43170109	  -1177.77010029	   -748.07106916	   2697.62921219	      3.20436795
      0.06183023	     -7.09315585	     -4.14664147	     -1.79761694	      3.08767718	    246.01533990	     71.96589529	  -1108.32525401	   -752.24674288	   2534.25085413	      0.30654842
      0.06237260	     -4.04656449	     -3.82923447	     -1.93263350	     -0.93351984	    227.31381338	     72.28852181	  -1035.80381154	   -755.90235781	   2387.44125711	     -2.58327268
      0.06291497	     -1.07432888	     -3.51777552	     -2.10877998	     -4.81659160	    208.50153436	     72.46522663	   -963.17957043	   -759.31753941	   2225.15631214	     -5.39800000
      0.06345734	      1.79155870	     -3.21680657	     -2.31743426	     -8.52493476	    189.90480282	     72.51572392	   -891.83402463	   -762.58568579	   2073.63596928	     -8.11018969
      0.06399971	      4.51838661	     -2.93117661	     -2.54292418	    -12.02756859	    171.94072496	     72.48203650	   -823.24999449	   -765.85730324	   1923.04105875	    -10.69292188
      0.06454208	      7.09677676	     -2.66262107	     -2.77747549	    -15.31838808	    154.78195330	     72.38625320	   -758.10413240	   -769.19801603	   1782.44127519	    -13.13934363
      0.06508445	      9.51942970	     -2.41254462	     -3.01231228	    -18.39532059	    138.59586318	     72.25413911	   -696.97516914	   -772.67995954	   1649.22248467	    -15.44441885
      0.06562682	     11.78925415	     -2.18096189	     -3.24226077	    -21.26704700	    123.43984100	     72.10234815	   -640.06122473	   -776.33780789	   1525.88784403	    -17.61185793
      0.06616920	     13.91140360	     -1.96751884	     -3.46292797	    -23.94473306	    109.34407449	     71.94546972	   -587.43879437	   -780.19813167	   1411.74855286	    -19.64713842
      0.06671157	     15.89405247	     -1.77138295	     -3.67153699	    -26.44228152	     96.29737326	     71.79377169	   -539.03647131	   -784.27301782	   1307.00383657	    -21.55815906
      0.06725394	     17.74725217	     -1.59144542	     -3.86635867	    -28.77514869	     84.26215275	     71.65433900	   -494.68276573	   -788.56429273	   1211.23100549	    -23.35434235
      0.06779631	     19.48049539	     -1.42657502	     -4.04631793	    -30.95753042	     73.19348589	     71.53226958	   -454.17975396	   -793.07036478	   1123.93896770	    -25.04436862
      0.06833868	     21.10495155	     -1.27544147	     -4.21119609	    -33.00504328	     63.02562797	     71.43021953	   -417.25564158	   -797.78102526	   1044.61825742	    -26.63840783
      0.06888105	     22.62969120	     -1.13689805	     -4.36094397	    -34.93036989	     53.70129462	     71.35002042	   -383.67047668	   -802.68773786	    972.63640555	    -28.14454276
      0.06942342	     24.06522371	     -1.00965893	     -4.49612569	    -36.74743752	     45.14784635	     71.29170455	   -353.13159658	   -807.77535228	    907.42165148	    -29.57222459
      0.06996579	     25.41950473	     -0.89269249	     -4.61723091	    -38.46683900	     37.30733301	     71.25514132	   -325.40154854	   -813.03246376	    848.36937149	    -30.92844328
      0.07050816	     26.70175627	     -0.78486431	     -4.72516243	    -40.10034740	     30.11055989	     71.23902688	   -300.20532147	   -818.44277706	    794.91991493	    -32.22145523
      0.07105053	     27.91868164	     -0.68529639	     -4.82064262	    -41.65654798	     23.50437012	     71.24222891	   -277.32800358	   -823.99423581	    746.54333180	    -33.45710925
      0.07159290	     29.07809079	     -0.59303243	     -4.90466363	    -43.14512776	     17.42733725	     71.26290157	   -256.52778800	   -829.67117424	    702.73801949	    -34.64239807
      0.07213527	     30.18550438	     -0.50734518	     -4.97800755	    -44.57293176	     11.83314662	     71.29951488	   -237.61914436	   -835.46188077	    663.05628718	    -35.78212518
      0.07267764	     31.24740674	     -0.42744901	     -5.04162439	    -45.94782173	      6.66941570	     71.35015814	   -220.39747126	   -841.35197361	    627.07217717	    -36.88211429
      0.07322001	     32.26825593	     -0.35274746	     -5.09627029	    -47.27517119	      1.89698938	     71.41325215	   -204.70683041	   -847.33042687	    594.41411871	    -37.94623588
      0.07376238	     33.25337838	     -0.28260749	     -5.14278760	    -48.56132904	     -2.52761525	     71.48710104	   -190.37861739	   -853.38430034	    564.73367763	    -38.97930087
      0.07430475	     34.20621367	     -0.21652575	     -5.18190055	    -49.81030235	     -6.63718762	     71.57015751	   -177.28199109	   -859.50328858	    537.72201294	    -39.98425061
      0.07484712	     35.13095871	     -0.15397393	     -5.21437612	    -51.02697856	    -10.46774391	     71.66088562	   -165.27723217	   -865.67578805	    513.09769436	    -40.96485575
      0.07538949	     36.02988291	     -0.09448206	     -5.24098116	    -52.21378099	    -14.04721086	     71.75755181	   -154.25042301	   -871.89219281	    490.59989217	    -41.92289698
      0.07593186	     36.90566939	     -0.03753125	     -5.26257250	    -53.37355236	    -17.40655871	     71.85825747	   -144.07756587	   -878.14203790	    470.00173173	    -42.86058714
      0.07647423	     37.75947927	      0.01731360	     -5.27993107	    -54.50724964	    -20.56884782	     71.96113191	   -134.66144471	   -884.41693853	    451.08737908	    -43.77859489
      0.07701660	     38.59301091	      0.07048543	     -5.29382036	    -55.61648950	    -23.55853243	     72.06441758	   -125.90238017	   -890.70839967	    433.68532367	    -44.67819176
      0.07755897	     39.40708071	      0.12229045	     -5.30481515	    -56.70189794	    -26.39244659	     72.16671858	   -117.72930733	   -897.01007314	    417.63291087	    -45.55982181
      0.07810135	     40.20276764	      0.17306214	     -5.31353741	    -57.76436777	    -29.08920935	     72.26650533	   -110.06544821	   -903.31559708	    402.81054854	    -46.42420437
      0.07864372	     40.98057795	      0.22301740	     -5.32042432	    -58.80419119	    -31.66123529	     72.36260680	   -102.85794960	   -909.62047943	    389.09987979	    -47.27154795
      0.07918609	     41.74122086	      0.27239269	     -5.32594697	    -59.82186655	    -34.12228304	     72.45373406	    -96.04973556	   -915.92028900	    376.42436989	    -48.10227459
      0.07972846	     42.48507682	      0.32132084	     -5.33040381	    -60.81759508	    -36.48119790	     72.53895626	    -89.60322212	   -922.21210551	    364.70242896	    -48.91654309
      0.08027083	     43.21264108	      0.36995746	     -5.33413631	    -61.79167290	    -38.74804980	     72.61720253	    -83.47660219	   -928.49294264	    353.89343186	    -49.71462549
      0.08081320	     43.92425385	      0.41836991	     -5.33733190	    -62.74431055	    -40.92912020	     72.68775933	    -77.64349891	   -934.76097395	    343.94400844	    -50.49670319
      0.08135557	     44.62035012	      0.46664263	     -5.34021084	    -63.67580149	    -43.03162815	     72.74981719	    -72.07443928	   -941.01416385	    334.84446496	    -51.26305358
      0.08189794	     45.30137183	      0.51478664	     -5.34285438	    -64.58655207	    -45.06000515	     72.80293715	    -66.75173305	   -947.25135194	    326.55699730	    -52.01402643
      0.08244031	     45.96777379	      0.56282584	     -5.34537624	    -65.47695051	    -47.01922970	     72.84658555	    -61.65604156	   -953.47107525	    319.10806301	    -52.74998323
      0.08298268	     46.62023223	      0.61073587	     -5.34777124	    -66.34775881	    -48.91290149	     72.88060678	    -56.77429828	   -959.67247964	    312.44241485	    -53.47157098
      0.08352505	     47.25914867	      0.65847852	     -5.35005464	    -67.19936194	    -50.74351157	     72.90472655	    -52.09835151	   -965.85458349	    306.65855940	    -54.17915946
      0.08406742	     47.88609263	      0.70605605	     -5.35216021	    -68.03369941	    -52.51743837	     72.91914698	    -47.60582708	   -972.01616136	    301.51982855	    -54.87436417
      0.08460979	     48.50359697	      0.75355413	     -5.35408078	    -68.85386986	    -54.24624741	     72.92407776	    -43.25645241	   -978.15462813	    296.77763447	    -55.55980323
      0.08515216	     49.11434885	      0.80102464	     -5.35574616	    -69.66319987	    -55.94054155	     72.91995487	    -39.01599463	   -984.26788131	    292.33362467	    -56.23831009
      0.08569453	     49.72117422	      0.84853198	     -5.35711916	    -70.46513866	    -57.61161814	     72.90712608	    -34.84990335	   -990.35325157	    288.32130250	    -56.91288549
      0.08623690	     50.32426268	      0.89589862	     -5.35800344	    -71.25991589	    -59.25570697	     72.88589373	    -30.77961020	   -996.41137354	    285.27428672	    -57.58385065
      0.08677927	     50.92315945	      0.94284381	     -5.35805363	    -72.04705918	    -60.86343896	     72.85675679	    -26.84679707	  -1002.44383381	    283.61359841	    -58.25090488
      0.08732164	     51.51523734	      0.98903574	     -5.35698951	    -72.82334962	    -62.41819078	     72.81977957	    -23.11305956	  -1008.45448511	    283.63406593	    -58.91139011
      0.08786401	     52.09769174	      1.03419037	     -5.35457301	    -73.58534972	    -63.90437701	     72.77492457	    -19.63134573	  -1014.44730896	    285.25432966	    -59.56239423
      0.08840638	     52.66855354	      1.07824441	     -5.35085974	    -74.33048788	    -65.31639548	     72.72171262	    -16.41404209	  -1020.42484126	    288.23240677	    -60.20173538
      0.08894875	     53.22646038	      1.12114666	     -5.34588128	    -75.05697020	    -66.65063749	     72.65980058	    -13.46739400	  -1026.38911160	    292.24372037	    -60.82788701
      0.08949112	     53.77167394	      1.16298480	     -5.33982282	    -75.76490096	    -67.91267302	     72.58874923	    -10.76849822	  -1032.33997055	    297.28293625	    -61.44101753
      0.09003349	     54.30827533	      1.20398417	     -5.33360285	    -76.45816648	    -69.12740245	     72.50645936	     -8.27512650	  -1038.26845227	    308.42280613	    -62.04561165
      0.09057587	     54.83077715	      1.24396816	     -5.32607613	    -77.13139945	    -70.26788447	     72.41562731	     -6.00301185	  -1044.18902414	    317.55442532	    -62.63539329
      0.09111824	     55.33979260	      1.28299370	     -5.31740948	    -77.78512410	    -71.33980133	     72.31582996	     -3.93265583	  -1050.10097922	    324.84473267	    -63.21096035
      0.09166061	     55.83614616	      1.32110515	     -5.30774133	    -78.42013120	    -72.34881231	     72.20669434	     -2.04622241	  -1056.00316236	    330.46520523	    -63.77316694
      0.09220298	     56.32075518	      1.35836375	     -5.29721156	    -79.03737109	    -73.30118290	     72.08799491	     -0.32338928	  -1061.89462289	    334.58980396	    -64.32295770
      0.09274535	     56.79442356	      1.39482544	     -5.28594807	    -79.63780091	    -74.20274430	     71.95988748	      1.25490661	  -1067.77432829	    337.38338641	    -64.86114407
      0.09328772	     57.25817892	      1.43054919	     -5.27405179	    -80.22259055	    -75.05941667	     71.82239953	      2.70706857	  -1073.64134298	    339.00681061	    -65.38880642
      0.09383009	     57.71293668	      1.46559033	     -5.26161092	    -80.79275803	    -75.87652600	     71.67548706	      4.04979814	  -1079.49448016	    339.60426736	    -65.90690897
      0.09437246	     58.15972878	      1.49999715	     -5.24868369	    -81.34951125	    -76.65918453	     71.51925101	      5.29830308	  -1085.33293770	    339.31126226	    -66.41655637
      0.09491483	     58.59900628	      1.53381786	     -5.23536213	    -81.89328720	    -77.41123457	     71.35354833	      6.46559353	  -1091.15560356	    338.24405285	    -66.91820441
      0.09545720	     59.03192301	      1.56708400	     -5.22164473	    -82.42552366	    -78.13705810	     71.17867406	      7.56341112	  -1096.96192568	    336.50896868	    -67.41311313
      0.09599957	     59.45713289	      1.59984797	     -5.20776482	    -82.94424718	    -78.83717497	     70.99373078	      8.60001758	  -1102.75059990	    334.19042502	    -67.89971900
      0.09654194	     59.87259732	      1.63215653	     -5.19400781	    -83.44657754	    -79.51085758	     70.79760597	      9.58190162	  -1108.52080337	    331.36330356	    -68.37567599
      0.09708431	     60.27373138	      1.66407482	     -5.18090980	    -83.92618727	    -80.15371469	     70.58795353	     10.51304827	  -1114.27045337	    328.08988926	    -68.83574660
      0.09762668	     60.65624241	      1.69564767	     -5.16896157	    -84.37722069	    -80.76161019	     70.36271350	     11.39701170	  -1119.99825278	    324.42957846	    -69.27501690
      0.09816905	     61.01573576	      1.72691111	     -5.15865674	    -84.79373799	    -81.33016776	     70.11973095	     12.23690238	  -1125.70189768	    320.43674331	    -69.68844698
      0.09871142	     61.34786289	      1.75788222	     -5.15046784	    -85.16992590	    -81.85494147	     69.85699113	     13.03528698	  -1131.37996696	    316.16191086	    -70.07104325
      0.09925379	     61.64926114	      1.78855655	     -5.14475491	    -85.50135609	    -82.33270076	     69.57284201	     13.79493919	  -1137.03041993	    311.65125450	    -70.41892497
      0.09979616	     61.91621328	      1.81891496	     -5.14189824	    -85.78316155	    -82.75961275	     69.26551119	     14.51787484	  -1142.65220556	    306.94612242	    -70.72780633
      0.10033853	     62.14610920	      1.84891451	     -5.14215035	    -86.01199760	    -83.13321177	     68.93356162	     15.20634795	  -1148.24419771	    302.08311277	    -70.99465796
      0.10088090	     62.33596034	      1.87849851	     -5.14578746	    -86.18402463	    -83.45042120	     68.57529515	     15.86194420	  -1153.80661523	    297.09429917	    -71.21602123
      0.10142327	     62.48384224	      1.90758678	     -5.15296118	    -86.29682983	    -83.70947637	     68.18917683	     16.48646994	  -1159.34044697	    292.00715908	    -71.38965079
      0.10196564	     62.58748797	      1.93608559	     -5.16384337	    -86.34751389	    -83.90807500	     67.77319650	     17.08119759	  -1164.84874218	    286.84529566	    -71.51291666
      0.10250802	     62.64556807	      1.96387887	     -5.17849303	    -86.33437536	    -84.04506841	     67.32516105	     17.64759053	  -1170.33652237	    281.62828944	    -71.58426433
      0.10305039	     62.65643186	      1.99083653	     -5.19698615	    -86.25519068	    -84.11882200	     66.84202217	     18.18669858	  -1175.81223273	    276.37260766	    -71.60178348
      0.10359276	     62.61918124	      2.01680637	     -5.21930173	    -86.10859416	    -84.12862320	     66.31995003	     18.69972275	  -1181.28802816	    271.09146948	    -71.56443604
      0.10413513	     62.53260032	      2.04162002	     -5.24543178	    -85.89260297	    -84.07329736	     65.75362144	     19.18754853	  -1186.78189859	    265.79570370	    -71.47083845
      0.10467750	     62.39599714	      2.06508450	     -5.27528790	    -85.60564460	    -83.95230320	     65.13596264	     19.65116122	  -1192.31810142	    260.49366954	    -71.32022809
      0.10521987	     62.20831287	      2.08698566	     -5.30879178	    -85.24531302	    -83.76458761	     64.45737138	     20.09129159	  -1197.93070409	    255.19193683	    -71.11144978
      0.10576224	     61.96872853	      2.10707769	     -5.34580092	    -84.80902267	    -83.50936876	     63.70499519	     20.50870128	  -1203.66378637	    249.89527808	    -70.84365772
      0.10630461	     61.67594046	      2.12508420	     -5.38618057	    -84.29297980	    -83.18520995	     62.86187251	     20.90392177	  -1209.57738047	    244.60712009	    -70.51549147
      0.10684698	     61.32853048	      2.14068388	     -5.42974659	    -83.69244166	    -82.79049163	     61.90559516	     21.27742722	  -1215.74678837	    239.32959505	    -70.12551226
      0.10738935	     60.92438887	      2.15350979	     -5.47632074	    -83.00088828	    -82.32267854	     60.80739514	     21.62945088	  -1222.27206373	    234.06376503	    -69.67154683
      0.10793172	     60.46085138	      2.16312928	     -5.52568741	    -82.20987642	    -81.77848825	     59.53006890	     21.96006319	  -1229.27530550	    228.80969730	    -69.15086247
      0.10847409	     59.93426345	      2.16904343	     -5.57763453	    -81.30843227	    -81.15334336	     58.02714521	     22.26905651	  -1236.91476896	    223.56650199	    -68.55967028
      0.10901646	     59.33989814	      2.17066026	     -5.63192032	    -80.28252428	    -80.44125772	     56.24008799	     22.55594730	  -1245.37831256	    218.33239003	    -67.89305439
      0.10955883	     58.67170264	      2.16729052	     -5.68830235	    -79.11457112	    -79.63449989	     54.09728084	     22.81989631	  -1254.90228005	    213.10461730	    -67.14469817
      0.11010120	     57.92204813	      2.15810765	     -5.74651071	    -77.78244240	    -78.72324107	     51.51027400	     23.05962563	  -1265.75804353	    207.87951553	    -66.30664223
      0.11064357	     57.08156998	      2.14220061	     -5.80626911	    -76.26056604	    -77.69550037	     48.37742501	     23.27359672	  -1278.27653901	    202.65227860	    -65.36898924
      0.11118594	     56.13892785	      2.11852482	     -5.86726744	    -74.51868895	    -76.53676634	     44.57982872	     23.45987162	  -1292.82411930	    197.41699499	    -64.31969952
      0.11172831	     55.08111346	      2.08593837	     -5.92917619	    -72.52285707	    -75.23041276	     39.98422844	     23.61623229	  -1309.82430441	    192.16666262	    -63.14490890
      0.11227068	     53.89328987	      2.04319083	     -5.99161881	    -70.23524523	    -73.75750407	     34.44327390	     23.74016581	  -1329.72025448	    186.89319503	    -61.82874035
      0.11281305	     52.55966629	      1.98900013	     -6.05418405	    -67.61648954	    -72.09794694	     27.80265030	     23.82911870	  -1352.98470908	    181.58771681	    -60.35423070
      0.11335542	     51.06383116	      1.92208391	     -6.11639682	    -64.62697568	    -70.23094270	     19.90728610	     23.88060827	  -1380.06606913	    176.24080353	    -58.70366281
      0.11389779	     49.39046522	      1.84129241	     -6.17773362	    -61.23099695	    -68.13720777	     10.61448537	     23.89262780	  -1411.36919021	    170.84328496	    -56.86040385
      0.11444017	     47.52651431	      1.74570662	     -6.23759902	    -57.40033832	    -65.80051308	     -0.19073707	     23.86395141	  -1447.19076945	    165.38691880	    -54.81013583
      0.11498254	     45.46383367	      1.63482793	     -6.29535139	    -53.12022892	    -63.21107339	    -12.57640539	     23.79465007	  -1487.65317234	    159.86586070	    -52.54371847
      0.11552491	     43.20111992	      1.50873220	     -6.35030073	    -48.39487499	    -60.36805346	    -26.54035272	     23.68654354	  -1532.65574999	    154.27775967	    -50.05924613
      0.11606728	     40.74678167	      1.36825593	     -6.40175044	    -43.25316936	    -57.28319375	    -41.99179954	     23.54360811	  -1581.76721708	    148.62565807	    -47.36519336
      0.11660965	     38.12013410	      1.21508678	     -6.44903105	    -37.75215690	    -53.98233076	    -58.73531851	     23.37221354	  -1634.25998312	    142.91874347	    -44.48170975
      0.11715202	     35.35181552	      1.05174796	     -6.49154896	    -31.97593693	    -50.50580661	    -76.47652123	     23.18085839	  -1689.04032798	    137.17320357	    -41.44116468
      0.11769439	     32.48023384	      0.88132588	     -6.52883882	    -26.02695498	    -46.90383882	    -94.85133276	     22.97936055	  -1744.87478168	    131.41027450	    -38.28436543
      0.11823676	     29.54439340	      0.70690194	     -6.56056454	    -20.00662805	    -43.22718884	   -113.49738243	     22.77709565	  -1800.54719735	    125.65266090	    -35.05291397
      0.11877913	     26.57104545	      0.53060794	     -6.58649542	    -13.98390330	    -39.51062113	   -132.16883194	     22.58040981	  -1855.32116680	    119.91679156	    -31.77537833
      0.11932150	     23.55757333	      0.35239884	     -6.60635521	     -7.95450511	    -35.75101278	   -150.88600868	     22.38946566	  -1909.46806568	    114.20230323	    -28.44878299
      0.11986387	     20.45570377	      0.16892235	     -6.61960158	     -1.80271414	    -31.88660926	   -170.07761925	     22.19543668	  -1964.61659667	    108.48127643	    -25.02089745
      0.12040624	     17.15956972	     -0.02722108	     -6.62514334	      4.72225716	    -27.78213113	   -190.66991246	     21.97937361	  -2024.25848943	    102.68884364	    -21.37706788
      0.12094861	     13.51364499	     -0.24678463	     -6.62107329	     11.98420235	    -23.23930714	   -214.00595954	     21.71447796	  -2093.07259208	     96.72648930	    -17.34847579
      0.12149098	      9.33571924	     -0.50210082	     -6.60467257	     20.39937500	    -18.02671926	   -241.62639018	     21.37170804	  -2176.49186404	     90.47365497	    -12.73670067
      0.12203335	      4.46265756	     -0.80375302	     -6.57256714	     30.32618855	    -11.93850336	   -274.85394077	     20.92840283	  -2278.86859461	     83.81614577	     -7.36306467
      0.12257572	     -1.20760878	     -1.15766164	     -6.52132489	     41.96746732	     -4.84783568	   -314.42968004	     20.37557766	  -2402.45099659	     76.67319223	     -1.11427582
      0.12311809	     -7.68771103	     -1.56320204	     -6.44790378	     55.30672544	      3.25722805	   -360.26221625	     19.72190615	  -2546.52783762	     69.01767992	      6.02654400
      0.12366046	    -14.89570318	     -2.01306487	     -6.35021422	     70.10421059	     12.26787338	   -411.40101505	     18.99277926	  -2707.26489485	     60.88351356	     13.97376700
      0.12420283	    -22.68053203	     -2.49524798	     -6.22719957	     85.96107184	     21.98759641	   -466.27496916	     18.22460470	  -2879.02486179	     52.35089914	     22.56641993
      0.12474520	    -30.84288451	     -2.99459365	     -6.07881637	    102.37144521	     32.15903330	   -522.86766605	     17.46017527	  -3054.63301589	     43.53594505	     31.59063477
      0.12528757	    -39.17724909	     -3.49585372	     -5.90573149	    118.82250539	     42.51785966	   -579.11719483	     16.74120546	  -3227.46811403	     34.56212365	     40.82503838
      0.12582994	    -47.47938410	     -3.98406418	     -5.70899030	    134.80714842	     52.80187692	   -632.93973699	     16.10764503	  -3391.08857262	     25.55570737	     50.04920353
      0.12637232	    -55.57463513	     -4.44671329	     -5.48998646	    149.89824924	     62.78762933	   -682.55363938	     15.59204888	  -3540.58597073	     16.62697463	     59.07398816
      0.12691469	    -63.30547846	     -4.87277932	     -5.25044988	    163.71901846	     72.27431418	   -726.34585343	     15.22177887	  -3671.32889695	      7.87969159	     67.72821859
      0.12745706	    -70.55053095	     -5.25423316	     -4.99251895	    175.99493110	     81.10851328	   -763.10852293	     15.01495468	  -3779.89838720	     -0.60135528	     75.87895959
      0.12799943	    -77.20889190	     -5.58474897	     -4.71847206	    186.50792927	     89.16365876	   -791.83973416	     14.98436687	  -3863.27598481	     -8.74161197	     83.41494201
      0.12854180	    -83.21823384	     -5.86102092	     -4.43064652	    195.13658029	     96.36324100	   -811.90878282	     15.13429576	  -3919.86826147	    -16.48940135	     90.26610695
      0.12908417	    -88.54910732	     -6.08229176	     -4.13163311	    201.83404280	    102.67348939	   -822.92459512	     15.46094728	  -3949.06319209	    -23.80947879	     96.39754891
      0.12962654	    -93.19363952	     -6.24951666	     -3.82342155	    206.61188266	    108.08853559	   -824.77661279	     15.95719168	  -3951.29095365	    -30.68443910	    101.79739175
      0.13016891	    -97.16048504	     -6.36456897	     -3.50740134	    209.52401220	    112.62278706	   -817.61659613	     16.61496606	  -3927.70979119	    -37.11169944	    106.47226929
      0.13071128	   -100.47153106	     -6.43023690	     -3.18533696	    210.66028718	    116.30764151	   -801.76186023	     17.42266842	  -3879.49804507	    -43.09292789	    110.44323648
      0.13125365	   -103.18866383	     -6.45208017	     -2.85860671	    210.21103499	    119.22551092	   -778.00591379	     18.36179567	  -3809.41722993	    -48.65658319	    113.77481760
      0.13179602	   -105.34304993	     -6.43332717	     -2.52904709	    208.28837359	    121.41921402	   -746.81381395	     19.41902642	  -3718.65346057	    -53.80742582	    116.49861947
      0.13233839	   -107.20192305	     -6.39404671	     -2.19627163	    205.59526975	    123.23388671	   -711.28876587	     20.53948537	  -3618.35446007	    -58.71100753	    118.90167403
      0.13288076	    -80.40498751	     -4.23017596	     -1.90175836	    124.68011955	     88.02635577	   -312.24395743	     27.77184926	  -2322.50347837	    -47.30627006	     90.49175972
      0.13342313	    -71.36652065	     -3.37157904	     -1.53930475	     91.02803576	     75.71110379	   -128.38061938	     31.38830188	  -1768.93080811	    -46.37817894	     81.20552254
      0.13396550	    -72.99883074	     -3.29739512	     -1.13682453	     85.98198774	     77.15559825	    -75.28550357	     32.82007533	  -1658.51036974	    -51.64697208	     83.40969002
      0.13450787	    -76.02357718	     -3.32383368	     -0.72201791	     84.61467476	     80.39072100	    -38.44808915	     33.98224344	  -1603.98284661	    -57.65973145	     87.11728644
      0.13505024	    -80.72439089	     -3.47266897	     -0.29619924	     87.76533762	     85.78556991	    -21.94551057	     34.80859288	  -1617.15593023	    -64.56402806	     92.63160284
      0.13559261	    -85.02636253	     -3.59163598	      0.13297448	     89.86205163	     90.66512525	     -0.17693761	     35.72186840	  -1612.10766293	    -71.12857147	     97.71786830
      0.13613498	    -89.75156890	     -3.74237856	      0.56530038	     93.19311485	     96.09357892	     16.12642625	     36.54295758	  -1623.20141639	    -77.81404182	    103.25853798
      0.13667735	    -94.35544162	     -3.88559599	      0.99713791	     96.32675959	    101.37091739	     33.45401687	     37.37689700	  -1628.12646020	    -84.28423378	    108.66561577
      0.13721972	    -99.06546393	     -4.03897384	      1.42681034	     99.93200304	    106.79362493	     48.56801332	     38.16857377	  -1636.50119946	    -90.65451737	    114.18188527
      0.13776209	   -103.74728963	     -4.19342400	      1.85184667	    103.68694712	    112.19084427	     62.82809895	     38.93867181	  -1642.94262815	    -96.83039871	    119.66092756
      0.13830447	   -108.44219440	     -4.35272022	      2.27041926	    107.74292635	    117.61808409	     75.40870160	     39.67230423	  -1649.28396833	   -102.82250074	    125.14553111
      0.13884684	   -113.10884959	     -4.51446511	      2.68064570	    112.02030480	    123.02402950	     86.56280878	     40.37215773	  -1653.88832537	   -108.59437981	    130.58976227
      0.13938921	   -117.69470591	     -4.67354888	      3.08479298	    116.39965453	    128.33646268	     96.29046720	     41.06063930	  -1656.92739340	   -114.13939148	    135.93994533
      0.13993158	   -122.28062507	     -4.84005516	      3.47364918	    121.12975496	    133.67358517	    104.25380593	     41.68321702	  -1656.76031558	   -119.42791748	    141.27364807
      0.14047395	   -126.79774896	     -5.00742363	      3.84997246	    126.03593650	    138.94129298	    110.70848685	     42.26783094	  -1652.68386011	   -124.44889345	    146.52019574
      0.14101632	   -131.23064904	     -5.17481165	      4.21275044	    131.08892270	    144.12052119	    115.70339550	     42.81494786	  -1643.58136217	   -129.18900409	    151.66231884
      0.14155869	   -135.56691725	     -5.34162119	      4.56095954	    136.26753694	    149.19619164	    119.25569299	     43.32419682	  -1628.27365387	   -133.63658885	    156.68594154
      0.14210106	   -139.78584785	     -5.50658111	      4.89370017	    141.52401862	    154.14233362	    121.51610554	     43.79740170	  -1605.19199820	   -137.77638482	    161.56819100
      0.14264343	   -143.88206429	     -5.66955190	      5.21014873	    146.85281118	    158.95277357	    122.44062060	     44.23324115	  -1573.55245816	   -141.60242541	    166.30268278
      0.14318580	   -147.84648703	     -5.83002699	      5.50967702	    152.23289279	    163.61626593	    122.07274044	     44.63193645	  -1532.87450552	   -145.10846063	    170.87925663
      0.14372817	   -151.67353799	     -5.98771311	      5.79180779	    157.65050382	    168.12593280	    120.43097167	     44.99345200	  -1483.55678179	   -148.29162052	    175.29161883
      0.14427054	   -155.34339002	     -6.14121256	      6.05615160	    163.04939721	    172.45635367	    117.74363867	     45.32109484	  -1426.01145161	   -151.14201306	    179.51825714
      0.14481291	   -158.85793693	     -6.29070721	      6.30246726	    168.43234967	    176.61006402	    113.96908717	     45.61397767	  -1360.95929165	   -153.66314920	    183.56108378
      0.14535528	   -162.20676209	     -6.43562497	      6.53015228	    173.77612451	    180.57425926	    109.16795290	     45.87228630	  -1284.87983668	   -155.84917996	    187.40840104
      0.14589765	   -165.46721612	     -6.58180005	      6.73898186	    179.29793187	    184.44915051	    102.28366110	     46.07891488	  -1190.15880060	   -157.74572527	    191.14312833
      0.14644002	   -168.75271507	     -6.73794507	      6.92829428	    185.32766420	    188.38220509	     91.70847734	     46.20748142	  -1061.06299413	   -159.41578422	    194.88650360
      0.14698239	   -172.20223665	     -6.91408899	      7.09877701	    192.23659548	    192.55189168	     75.71938441	     46.23170979	   -880.14778317	   -160.94507008	    198.78860710
      0.14752476	   -175.95559110	     -7.11963633	      7.25254111	    200.36292972	    197.13536823	     52.87529823	     46.13158110	   -640.21297271	   -162.43186068	    203.00202034
      0.14806713	   -179.95026570	     -7.34857404	      7.39254287	    209.45367982	    202.04707029	     24.57839484	     45.93295088	   -345.14613703	   -163.86484916	    207.46271631
      0.14860950	   -184.07251388	     -7.59013690	      7.52372942	    219.05993472	    207.13205301	     -6.69130033	     45.68087966	    -15.96057096	   -165.22049508	    212.05377983
      0.14915187	   -188.07019274	     -7.82490359	      7.64765143	    228.42618543	    212.06218814	    -37.23650553	     45.43437959	    325.75152345	   -166.36924039	    216.50573397
      0.14969424	   -191.69524826	     -8.03379150	      7.76583004	    236.80816138	    216.51484873	    -63.43539800	     45.25090440	    658.99333263	   -167.18310657	    220.55340280
      0.15023662	   -194.79219144	     -8.20684991	      7.87499476	    243.84233529	    220.29472956	    -83.76431735	     45.14792631	    970.42636621	   -167.54987204	    224.02589254
      0.15077899	   -197.23712385	     -8.33713227	      7.97052944	    249.28952622	    223.24963970	    -97.39970418	     45.13005635	   1256.42993515	   -167.36339147	    226.78473387
      0.15132136	   -199.05901059	     -8.42927023	      8.04718538	    253.35731034	    225.42560579	   -105.63788789	     45.16805880	   1515.71812988	   -166.60436033	    228.85527999
      0.15186373	   -200.29914643	     -8.48907382	      8.09921103	    256.30378171	    226.88548917	   -110.08821706	     45.22775571	   1754.15553330	   -165.25617270	    230.27551963
      0.15240610	   -201.04108837	     -8.52371256	      8.12445095	    258.41490099	    227.74069170	   -112.26779985	     45.28243596	   1974.40684513	   -163.36165488	    231.13298822
      0.15294847	   -201.35900904	     -8.53978699	      8.12053757	    259.95773565	    228.09094668	   -113.64978925	     45.30626263	   2182.62766298	   -160.95648633	    231.50482501
      0.15349084	   -201.30440547	     -8.54075621	      8.08813012	    261.05888092	    228.00177288	   -114.84911761	     45.29143144	   2381.62805418	   -158.09242795	    231.44715370
      0.15403321	   -200.92892001	     -8.53028320	      8.02751493	    261.85596541	    227.53955101	   -116.55424891	     45.22842912	   2575.19991508	   -154.81855781	    231.01580211
      0.15457558	   -200.26054592	     -8.50964197	      7.94036178	    262.38637373	    226.73798166	   -118.88793024	     45.11853720	   2765.09351395	   -151.18375410	    230.24263513
      0.15511795	   -199.33008795	     -8.48036769	      7.82823224	    262.69862580	    225.63459237	   -122.01935303	     44.96200612	   2952.72902401	   -147.23811139	    229.16241782
      0.15566032	   -198.15386157	     -8.44281210	      7.69300106	    262.79441500	    224.24782702	   -125.87727090	     44.76319236	   3138.86137287	   -143.02549304	    227.79459106
      0.15620269	   -196.75002715	     -8.39740763	      7.53664383	    262.67805367	    222.59833565	   -130.38224775	     44.52658532	   3323.46981071	   -138.59233124	    226.16071108
      0.15674506	   -195.12976708	     -8.34420911	      7.36092555	    262.34122083	    220.69821144	   -135.41226501	     44.25690536	   3506.78245672	   -133.97646194	    224.27451513
      0.15728743	   -193.30521527	     -8.28324675	      7.16778602	    261.77356454	    218.56045905	   -140.81215149	     43.95953959	   3688.23749914	   -129.21818333	    222.15098802
      0.15782980	   -191.28626821	     -8.21459924	      6.95878089	    260.96937738	    216.19588757	   -146.47726839	     43.63839932	   3867.89402648	   -124.34902387	    219.80222256
      0.15837217	   -189.08331698	     -8.13828750	      6.73563693	    259.91962611	    213.61562034	   -152.26618131	     43.29817094	   4045.16885208	   -119.40269134	    217.24106799
      0.15891454	   -186.70666017	     -8.05452437	      6.49970892	    258.62518756	    210.83129625	   -158.11115721	     42.94175038	   4220.10428930	   -114.40536090	    214.47982476
      0.15945691	   -184.16689103	     -7.96346783	      6.25248614	    257.08394787	    207.85466179	   -163.91357031	     42.57270886	   4392.27943298	   -109.38490204	    211.53129495
      0.15999928	   -181.47494662	     -7.86545425	      5.99516388	    255.30257409	    204.69838852	   -169.63697805	     42.19315763	   4561.74975599	   -104.36325398	    208.40830669
      0.16054165	   -178.64200204	     -7.76078232	      5.72902864	    253.28567672	    201.37524870	   -175.22276419	     41.80571354	   4728.26071033	    -99.36353084	    205.12407997
      0.16108402	   -175.67927791	     -7.64986330	      5.45515092	    251.04355105	    197.89841274	   -180.65395558	     41.41200322	   4891.87298436	    -94.40447610	    201.69164008
      0.16162639	   -172.59823678	     -7.53308949	      5.17465544	    248.58539214	    194.28121580	   -185.89944725	     41.01399620	   5052.44760505	    -89.50558628	    198.12436561
      0.16216876	   -169.40997357	     -7.41090406	      4.88850645	    245.92331394	    190.53676138	   -190.95259912	     40.61305187	   5210.04312758	    -84.68339767	    194.43506669
      0.16271114	   -166.12583047	     -7.28374527	      4.59769571	    243.06904133	    186.67836966	   -195.79861265	     40.21074919	   5364.58971167	    -79.95492398	    190.63688042
      0.16325351	   -162.75648840	     -7.15206122	      4.30308831	    240.03540454	    182.71869373	   -200.43615748	     39.80829715	   5516.14346673	    -75.33525571	    186.74210257
      0.16379588	   -159.31285665	     -7.01630306	      4.00555942	    236.83526320	    178.67061107	   -204.85959065	     39.40704465	   5664.67521146	    -70.83983586	    182.76331326
      0.16433825	   -155.80502103	     -6.87690864	      3.70587670	    233.48155293	    174.54609059	   -209.07056908	     39.00809199	   5810.24148968	    -66.48247548	    178.71210095
      0.16488062	   -152.24325212	     -6.73432179	      3.40480724	    229.98742867	    170.35729205	   -213.06869103	     38.61263367	   5952.83921422	    -62.27732863	    174.60027628
      0.16542299	   -148.63691729	     -6.58896088	      3.10302156	    226.36556190	    166.11534274	   -216.85754918	     38.22165244	   6092.52799374	    -58.23625337	    170.43858552
      0.16596536	   -144.99550994	     -6.44125011	      2.80118323	    222.62888993	    161.83150144	   -220.43992786	     37.83620045	   6229.32355335	    -54.37149909	    166.23792315
      0.16650773	   -141.32758804	     -6.29158199	      2.49986631	    218.78955864	    157.51593602	   -223.82078940	     37.45710439	   6363.28970361	    -50.69165230	    162.00809215
      0.16705010	   -137.64177065	     -6.14035306	      2.19963425	    214.85994719	    153.17887450	   -227.00495895	     37.08524428	   6494.45661965	    -47.20571877	    157.75896576
      0.16759247	   -133.94575002	     -5.98792566	      1.90096700	    210.85148631	    148.82944993	   -229.99838134	     36.72124441	   6622.89204308	    -43.91767688	    153.49934114
      0.16813484	   -130.24721429	     -5.83466361	      1.60433188	    206.77576811	    144.47678153	   -232.80720928	     36.36576621	   6748.63714446	    -40.83187489	    149.23800927
      0.16867721	   -126.55298024	     -5.68089692	      1.31011969	    202.64339508	    140.12895194	   -235.43806940	     36.01919948	   6871.76248689	    -37.94707342	    144.98275230
      0.16921958	   -122.86979986	     -5.52695437	      1.01870759	    198.46504402	    135.79396036	   -237.89795648	     35.68195138	   6992.31713054	    -35.26226820	    140.74127580
      0.16976195	   -119.20365443	     -5.37313369	      0.73040481	    194.25045520	    131.47888905	   -240.19394302	     35.35417486	   7110.37312761	    -32.77153059	    136.52039505
      0.17030432	   -115.56040743	     -5.21972885	      0.44550670	    190.00935529	    127.19067603	   -242.33352307	     35.03601878	   7225.98473482	    -30.46898263	    132.32678765
      0.17084669	   -111.94528019	     -5.06700700	      0.16425041	    185.75064920	    122.93550055	   -244.32403686	     34.72742912	   7339.22438805	    -28.34550676	    128.16639106
      0.17138906	   -108.36335883	     -4.91523054	     -0.11314078	    181.48318436	    118.71938009	   -246.17325674	     34.42832666	   7450.14946020	    -26.39188949	    124.04498499
      0.17193143	   -104.81916295	     -4.76463721	     -0.38649134	    177.21504818	    114.54766849	   -247.88865772	     34.13850395	   7558.83224739	    -24.59765240	    119.96769825
      0.17247380	   -101.31706113	     -4.61545913	     -0.65563937	    172.95422862	    110.42554145	   -249.47813371	     33.85771420	   7665.33203457	    -22.95210475	    115.93948379
      0.17301617	    -97.86081200	     -4.46790060	     -0.92046034	    168.70785526	    106.35745910	   -250.94907193	     33.58566274	   7769.72116673	    -21.44480363	    111.96459662
      0.17355854	    -94.45398632	     -4.32215849	     -1.18084297	    164.48288948	    102.34766089	   -252.30925464	     33.32200935	   7872.06108189	    -20.06498444	    108.04707378
      0.17410091	    -91.09954490	     -4.17840098	     -1.43670508	    160.28540991	     98.39966985	   -253.56586983	     33.06641933	   7972.42261396	    -18.80301629	    104.19025597
      0.17464329	    -87.80028367	     -4.03678943	     -1.68797755	    156.12133081	     94.51681761	   -254.72641223	     32.81850757	   8070.86673351	    -17.64895775	    100.39729266
      0.17518566	    -84.55846220	     -3.89745905	     -1.93461447	    151.99575536	     90.70180612	   -255.79766654	     32.57791812	   8167.46131073	    -16.59435036	     96.67072256
      0.17572803	    -81.37617713	     -3.76053803	     -2.17658231	    147.91360585	     86.95714892	   -256.78667521	     32.34424563	   8262.26543558	    -15.63043643	     93.01289562
      0.17627040	    -78.25507017	     -3.62613169	     -2.41386615	    143.87909097	     83.28482537	   -257.69975727	     32.11712054	   8355.34345099	    -14.74991844	     89.42564474
      0.17681277	    -75.19661730	     -3.49433790	     -2.64646245	    139.89621566	     79.68662295	   -258.54342261	     31.89612793	   8446.75179593	    -13.94521250	     85.91061128
      0.17735514	    -72.20191731	     -3.36523502	     -2.87438233	    135.96837502	     76.16388592	   -259.32351467	     31.68088910	   8536.55082276	    -13.21004203	     82.46900850
      0.17789751	    -69.27190322	     -3.23889365	     -3.09764712	    132.09874118	     72.71776585	   -260.04598429	     31.47098517	   8624.79363401	    -12.53785495	     79.10185862
      0.17843988	    -66.40720094	     -3.11536798	     -3.31628928	    128.28997417	     69.34905280	   -260.71618844	     31.26603396	   8711.53625867	    -11.92325348	     75.80983583
      0.17898225	    -63.60827310	     -2.99470429	     -3.53035024	    124.54449751	     66.05834613	   -261.33951179	     31.06561872	   8796.82809385	    -11.36056991	     72.59342672
      0.17952462	    -60.87533766	     -2.87693531	     -3.73987939	    120.86431396	     62.84595629	   -261.92083309	     30.86935958	   8880.72053866	    -10.84513608	     69.45284100
      0.18006699	    -58.20845460	     -2.76208580	     -3.94493384	    117.25118136	     59.71200808	   -262.46497778	     30.67684816	   8963.25884279	    -10.37202216	     66.38810740
      0.18060936	    -55.60749071	     -2.65016946	     -4.14557599	    113.70651371	     56.65639687	   -262.97634167	     30.48771000	   9044.48965230	     -9.93708137	     63.39903648
      0.18115173	    -53.07216191	     -2.54119205	     -4.34187479	    110.23147690	     53.67883963	   -263.45919778	     30.30154840	   9124.45397644	     -9.53592298	     60.48526640
      0.18169410	    -50.60203314	     -2.43515041	     -4.53390228	    106.82695969	     50.77887237	   -263.91747397	     30.11799235	   9203.19362449	     -9.16463872	     57.64626506
      0.18223647	    -48.19652656	     -2.33203364	     -4.72173590	    103.49360228	     47.95586123	   -264.35490743	     29.93665502	   9280.74521815	     -8.81910626	     54.88133772
      0.18277884	    -45.85494845	     -2.23182368	     -4.90545443	    100.23182507	     45.20903145	   -264.77496941	     29.75716387	   9357.14563411	     -8.49535326	     52.18965908
      0.18332121	    -43.57647015	     -2.13449500	     -5.08514094	     97.04180092	     42.53744674	   -265.18087836	     29.57913569	   9432.42698662	     -8.18920982	     49.57025056
      0.18386358	    -41.36018369	     -2.04001707	     -5.26087857	     93.92354380	     39.94007685	   -265.57567054	     29.40218031	   9506.62116331	     -7.89642183	     47.02204392
      0.18440595	    -39.20506950	     -1.94835426	     -5.43275542	     90.87684567	     37.41578220	   -265.96208146	     29.22582673	   9579.75570500	     -7.61251056	     44.54384134
      0.18494832	    -37.11004727	     -1.85946545	     -5.60085616	     87.90137548	     34.96332196	   -266.34274663	     29.04968320	   9651.85751213	     -7.33293967	     42.13438001
      0.18549069	    -35.07390584	     -1.77330175	     -5.76526768	     84.99654373	     32.58129062	   -266.71992902	     28.87336610	   9722.94948354	     -7.05287028	     39.79224987
      0.18603306	    -33.09543947	     -1.68981338	     -5.92607308	     82.16174659	     30.26828512	   -267.09592039	     28.69652269	   9793.05361568	     -6.76778141	     37.51604820
      0.18657544	    -31.17331346	     -1.60894309	     -6.08335711	     79.39611697	     28.02274394	   -267.47257575	     28.51880134	   9862.18830432	     -6.47288856	     35.30422694
      0.18711781	    -29.30626230	     -1.53063606	     -6.23719912	     76.69888377	     25.84318562	   -267.85195070	     28.33991006	   9930.37096384	     -6.16428353	     33.15531786
      0.18766018	    -27.49287535	     -1.45482919	     -6.38767965	     74.06898010	     23.72794886	   -268.23557661	     28.15955739	   9997.61580434	     -5.83763504	     31.06768928
      0.18820255	    -25.73189386	     -1.38146651	     -6.53487327	     71.50558410	     21.67555436	   -268.62546182	     27.97752386	  10063.93585254	     -5.48985530	     29.03988271
      0.18874492	    -24.02186912	     -1.31048158	     -6.67885594	     69.00749929	     19.68428697	   -269.02294971	     27.79357794	  10129.34125759	     -5.11703422	     27.07022539
      0.18928729	    -22.36166248	     -1.24182405	     -6.81969731	     66.57406017	     17.75281018	   -269.43041237	     27.60759117	  10193.84066422	     -4.71746833	     25.15739620
      0.18982966	    -20.74999450	     -1.17543609	     -6.95746819	     64.20432789	     15.87961500	   -269.84983662	     27.41945333	  10257.44036465	     -4.28934516	     23.29991492
      0.19037203	    -19.18592201	     -1.11127722	     -7.09223456	     61.89788772	     14.06360068	   -270.28389950	     27.22915169	  10320.14618913	     -3.83297408	     21.49668439
      0.19091440	    -17.66854132	     -1.04931099	     -7.22406809	     59.65439486	     12.30371878	   -270.73571389	     27.03663515	  10381.96192790	     -3.34822330	     19.74664940
      0.19145677	    -16.19656081	     -0.98947518	     -7.35303417	     57.47256285	     10.59842582	   -271.20529111	     26.84197225	  10442.89341612	     -2.83532441	     18.04832848
      0.19199914	    -14.76837001	     -0.93169014	     -7.47920416	     55.35042944	      8.94578805	   -271.69109514	     26.64523628	  10502.94597913	     -2.29397848	     16.39988208
      0.19254151	    -13.38158585	     -0.87583331	     -7.60264584	     53.28467755	      7.34291626	   -272.18952797	     26.44660035	  10562.12024972	     -1.72332049	     14.79859823
      0.19308388	    -12.03350460	     -0.82176596	     -7.72343849	     51.27131881	      5.78653519	   -272.69564359	     26.24623291	  10620.41784246	     -1.12217694	     13.24140246
      0.19362625	    -10.72116700	     -0.76934135	     -7.84166768	     49.30618640	      4.27306989	   -273.20634946	     26.04429060	  10677.83124895	     -0.48894873	     11.72491717
      0.19416862	     -9.44131838	     -0.71839973	     -7.95743806	     47.38447301	      2.79859778	   -273.71734544	     25.84089375	  10734.35583788	      0.17828060	     10.24542874
      0.19471099	     -8.19093291	     -0.66880102	     -8.07086812	     45.50194752	      1.35949595	   -274.22701231	     25.63607697	  10789.97737481	      0.88152975	      8.79946851
      0.19525336	     -6.96650465	     -0.62038207	     -8.18209708	     43.65336997	     -0.04843236	   -274.73169561	     25.42985130	  10844.68583194	      1.62324624	      7.38302381
      0.19579573	     -5.76501600	     -0.57301059	     -8.29127258	     41.83433263	     -1.42877648	   -275.22949673	     25.22214908	  10898.45673789	      2.40561142	      5.99262911
      0.19633810	     -4.58329717	     -0.52654857	     -8.39854305	     40.04016517	     -2.78530690	   -275.71842993	     25.01290847	  10951.26172268	      3.23091803	      4.62464313
      0.19688047	     -3.41917433	     -0.48090399	     -8.50402035	     38.26757083	     -4.12061415	   -276.19599804	     24.80211932	  11003.06242909	      4.10043017	      3.27657155
      0.19742284	     -2.27193525	     -0.43605931	     -8.60772405	     36.51639740	     -5.43554936	   -276.66695582	     24.58993391	  11053.78576142	      5.01392900	      1.94757038
      0.19796521	     -1.14322671	     -0.39208212	     -8.70949443	     34.78961066	     -6.72825830	   -277.13112010	     24.37696578	  11103.39483002	      5.96834024	      0.63955098
      0.19850759	     -0.04004628	     -0.34930110	     -8.80883736	     33.10145260	     -7.99054610	   -277.61192635	     24.16445677	  11151.76786862	      6.95513294	     -0.63951040
      0.19904996	      1.02562301	     -0.30820892	     -8.90479762	     31.47314786	     -9.20856904	   -278.12297173	     23.95491027	  11198.87316326	      7.95962159	     -1.87579504
      0.19959233	      2.03167695	     -0.26977578	     -8.99575088	     29.94709008	    -10.35655272	   -278.71950097	     23.75220575	  11244.55521755	      8.95659100	     -3.04397857
      0.20013470	      2.95020289	     -0.23513980	     -9.07945069	     28.57385293	    -11.40223575	   -279.44287091	     23.56202430	  11288.73770022	      9.91351245	     -4.11188651
      0.20067707	      3.74658390	     -0.20573345	     -9.15313179	     27.41823898	    -12.30555863	   -280.36070194	     23.39131509	  11331.28552147	     10.79051919	     -5.03967997
      0.20121944	      4.38955121	     -0.18279491	     -9.21413371	     26.53816897	    -13.03055215	   -281.52343783	     23.24705325	  11372.04599609	     11.55107785	     -5.79125089
      0.20176181	      4.86058369	     -0.16694454	     -9.26054867	     25.96608203	    -13.55638472	   -282.93477228	     23.13490669	  11411.01953802	     12.17153202	     -6.34495741
      0.20230418	      5.15926691	     -0.15811114	     -9.29201965	     25.70422239	    -13.88301461	   -284.59232033	     23.05656273	  11448.07531587	     12.64957821	     -6.70012308
      0.20284655	      5.31037456	     -0.15506033	     -9.30989792	     25.70329757	    -14.04001277	   -286.40079491	     23.01007853	  11483.34870742	     13.00933153	     -6.88476481
      0.20338892	      5.35104541	     -0.15622619	     -9.31698662	     25.89699151	    -14.07061310	   -288.30047349	     22.98913991	  11516.83262085	     13.29121057	     -6.94152906
      0.20393129	      5.32536295	     -0.15972850	     -9.31662719	     26.20315084	    -14.02612767	   -290.19687146	     22.98608118	  11548.61102970	     13.54287562	     -6.92097800
      0.20447366	      5.27496132	     -0.16367482	     -9.31177411	     26.54954006	    -13.96150933	   -292.04183094	     23.00036104	  11578.76851305	     14.02880299	     -6.87058071
      0.20501603	      5.21602405	     -0.16799707	     -9.30520758	     26.90438166	    -13.88083527	   -293.82082964	     23.01016937	  11607.28758445	     14.33359964	     -6.81032093
      0.20555840	      5.16899764	     -0.17166356	     -9.29822639	     27.23341556	    -13.81480823	   -295.51898129	     23.01989047	  11634.27444352	     14.69561946	     -6.76325807
      0.20610077	      5.13928238	     -0.17456563	     -9.29165942	     27.52939180	    -13.76921453	   -297.15760206	     23.02698871	  11659.70772486	     15.12130328	     -6.73584558
      0.20664314	      5.12831475	     -0.17667675	     -9.28581388	     27.78944209	    -13.74554780	   -298.73715058	     23.03059521	  11683.67444617	     15.61085527	     -6.72979527
      0.20718551	      5.13350581	     -0.17816505	     -9.28075209	     28.01952707	    -13.74053354	   -300.27804113	     23.03029507	  11706.18897706	     16.16075803	     -6.74225805
      0.20772788	      5.15219794	     -0.17914547	     -9.27637152	     28.22393339	    -13.75103242	   -301.78275136	     23.02634426	  11727.31037025	     16.76654718	     -6.77018308
      0.20827025	      5.18092135	     -0.17978103	     -9.27254811	     28.40916757	    -13.77290452	   -303.26175541	     23.01897674	  11747.07527781	     17.42305736	     -6.80962148
      0.20881262	      5.21699293	     -0.18017907	     -9.26913953	     28.57969252	    -13.80301789	   -304.71751741	     23.00858375	  11765.52416721	     18.12582376	     -6.85748076
      0.20935499	      5.25791576	     -0.18044369	     -9.26603745	     28.73982654	    -13.83843193	   -306.15408566	     22.99544307	  11782.69910810	     18.87056454	     -6.91089414
      0.20989736	      5.30183675	     -0.18064654	     -9.26314960	     28.89269250	    -13.87698454	   -307.57349704	     22.97982488	  11798.63159842	     19.65383062	     -6.96772517
      0.21043974	      5.34722067	     -0.18084612	     -9.26041630	     29.04079474	    -13.91687434	   -308.97708911	     22.96190958	  11813.36131327	     20.47241453	     -7.02620355
      0.21098211	      5.39292992	     -0.18108456	     -9.25779290	     29.18605823	    -13.95677046	   -310.36635977	     22.94184469	  11826.91584822	     21.32375034	     -7.08501849
      0.21152448	      5.43805582	     -0.18139348	     -9.25525599	     29.32989938	    -13.99560485	   -311.74176830	     22.91972218	  11839.33060668	     22.20539406	     -7.14312013
      0.21206685	      5.48192188	     -0.18179611	     -9.25279024	     29.47345630	    -14.03258314	   -313.10434207	     22.89561250	  11850.63120564	     23.11536509	     -7.19972957
      0.21260922	      5.52398098	     -0.18230943	     -9.25039249	     29.61755354	    -14.06705911	   -314.45432381	     22.86955420	  11860.84911427	     24.05169811	     -7.25421454
      0.21315159	      5.56382527	     -0.18294567	     -9.24806232	     29.76286688	    -14.09855246	   -315.79240197	     22.84157784	  11870.00853581	     25.01277312	     -7.30610568
      0.21369396	      5.60111011	     -0.18371396	     -9.24580597	     29.90990415	    -14.12665414	   -317.11878323	     22.81169600	  11878.13778629	     25.99692252	     -7.35500503
      0.21423633	      5.63557946	     -0.18462038	     -9.24362950	     30.05908042	    -14.15106264	   -318.43393413	     22.77992165	  11885.25978652	     27.00274938	     -7.40061789
      0.21477870	      5.66700422	     -0.18566976	     -9.24154254	     30.21072883	    -14.17150559	   -319.73805233	     22.74625764	  11891.40036765	     28.02878053	     -7.44267997
      0.21532107	      5.69521509	     -0.18686479	     -9.23955327	     30.36511725	    -14.18778471	   -321.03146342	     22.71071099	  11896.58120534	     29.07376303	     -7.48099627
      0.21586344	      5.72005216	     -0.18820789	     -9.23767179	     30.52247647	    -14.19971061	   -322.31434832	     22.67328312	  11900.82611462	     30.13635974	     -7.51538236
      0.21640581	      5.74139781	     -0.18969992	     -9.23590643	     30.68298845	    -14.20714724	   -323.58694194	     22.63398068	  11904.15556350	     31.21541584	     -7.54570260
      0.21694818	      5.75913627	     -0.19134186	     -9.23426652	     30.84681940	    -14.20995890	   -324.84940061	     22.59280734	  11906.59166070	     32.30969541	     -7.57182341
      0.21749055	      5.77318275	     -0.19313360	     -9.23275965	     31.01409802	    -14.20804951	   -326.10189819	     22.54977182	  11908.15371401	     33.41811382	     -7.59364683
      0.21803292	      5.78345160	     -0.19507531	     -9.23139397	     31.18494658	    -14.20132043	   -327.34456310	     22.50488143	  11908.86233289	     34.53951361	     -7.61107395
      0.21857529	      5.78988055	     -0.19716638	     -9.23017604	     31.35945806	    -14.18970314	   -328.57752530	     22.45814789	  11908.73571480	     35.67286214	     -7.62403263
      0.21911766	      5.79240580	     -0.19940652	     -9.22911274	     31.53772276	    -14.17312611	   -329.80088557	     22.40958250	  11907.79311117	     36.81706428	     -7.63244909
      0.21966003	      5.79098187	     -0.20179488	     -9.22820958	     31.71980759	    -14.15154138	   -331.01474030	     22.35920030	  11906.05165637	     37.97112698	     -7.63627048
      0.22020240	      5.78556184	     -0.20433092	     -9.22747221	     31.90577806	    -14.12489840	   -332.21916500	     22.30701647	  11903.52934253	     39.13400547	     -7.63544242
      0.22074477	      5.77611386	     -0.20701369	     -9.22690507	     32.09568022	    -14.09316588	   -333.41422867	     22.25304949	  11900.24227970	     40.30473817	     -7.62992777
      0.22128714	      5.76260496	     -0.20984255	     -9.22651269	     32.28955912	    -14.05631054	   -334.59998384	     22.19731829	  11896.20727222	     41.48232195	     -7.61968820
      0.22182951	      5.74501535	     -0.21281650	     -9.22629848	     32.48744259	    -14.01431581	   -335.77647551	     22.13984479	  11891.43943529	     42.66582251	     -7.60470043
      0.22237189	      5.72332438	     -0.21593482	     -9.22626588	     32.68935761	    -13.96716359	   -336.94373501	     22.08065156	  11885.95443624	     43.85427305	     -7.58494031
      0.22291426	      5.69752367	     -0.21919649	     -9.22641730	     32.89531491	    -13.91485125	   -338.10178489	     22.01976401	  11879.76641658	     45.04676636	     -7.56039772
      0.22345663	      5.66760417	     -0.22260074	     -9.22675518	     33.10532445	    -13.85737497	   -339.25063611	     21.95720830	  11872.88994374	     46.24237053	     -7.53106185
      0.22399900	      5.63356884	     -0.22614647	     -9.22728091	     33.31938006	    -13.79474603	   -340.39028906	     21.89301336	  11865.33820008	     47.44020949	     -7.49693562
      0.22454137	      5.59542014	     -0.22983285	     -9.22799593	     33.53747485	    -13.72697477	   -341.52073409	     21.82720889	  11857.12467887	     48.63938889	     -7.45802143
      0.22508374	      5.55317254	     -0.23365868	     -9.22890068	     33.75958548	    -13.65408671	   -342.64194882	     21.75982734	  11848.26161412	     49.83907179	     -7.41433545
      0.22562611	      5.50684016	     -0.23762299	     -9.22999558	     33.98568786	    -13.57610667	   -343.75390192	     21.69090195	  11838.76144419	     51.03840800	     -7.36589345
      0.22616848	      5.45644922	     -0.24172442	     -9.23128013	     34.21574109	    -13.49307483	   -344.85654708	     21.62046863	  11828.63546345	     52.23661058	     -7.31272504
      0.22671085	      5.40202574	     -0.24596184	     -9.23275380	     34.44970342	    -13.40503091	   -345.94982956	     21.54856407	  11817.89507075	     53.43288323	     -7.25485967
      0.22725322	      5.34360767	     -0.25033369	     -9.23441517	     34.68751619	    -13.31202988	   -347.03367769	     21.47522745	  11806.55063094	     54.62650137	     -7.19234032
      0.22779559	      5.28123303	     -0.25483859	     -9.23626279	     34.92911963	    -13.21412666	   -348.10801141	     21.40049876	  11794.61251819	     55.81673396	     -7.12521017
      0.22833796	      5.21495108	     -0.25947477	     -9.23829441	     35.17443772	    -13.11139069	   -349.17273235	     21.32442012	  11782.09018090	     57.00293098	     -7.05352514
      0.22888033	      5.14481157	     -0.26424057	     -9.24050773	     35.42339269	    -13.00389190	   -350.22773321	     21.24703454	  11768.99298613	     58.18443814	     -6.97734178
      0.22942270	      5.07087421	     -0.26913398	     -9.24289977	     35.67589214	    -12.89171322	   -351.27288814	     21.16838657	  11755.32948435	     59.36069035	     -6.89672790
      0.22996507	      4.99319971	     -0.27415306	     -9.24546747	     35.93184112	    -12.77493878	   -352.30806117	     21.08852177	  11741.10805555	     60.53112003	     -6.81175255
      0.23050744	      4.91185672	     -0.27929558	     -9.24820728	     36.19113261	    -12.65366327	   -353.33309890	     21.00748643	  11726.33637717	     61.69525445	     -6.72249373
      0.23104981	      4.82691565	     -0.28455931	     -9.25111551	     36.45365599	    -12.52798349	   -354.34783588	     20.92532805	  11711.02186851	     62.85261988	     -6.62903146
      0.23159218	      4.73845206	     -0.28994185	     -9.25418821	     36.71929223	    -12.39800337	   -355.35209204	     20.84209382	  11695.17136436	     64.00283953	     -6.53145163
      0.23213455	      4.64654411	     -0.29544073	     -9.25742125	     36.98791739	    -12.26383002	   -356.34567271	     20.75783233	  11678.79135537	     65.14553707	     -6.42984304
      0.23267692	      4.55127177	     -0.30105346	     -9.26081046	     37.25940380	    -12.12557346	   -357.32837296	     20.67259068	  11661.88787031	     66.28043103	     -6.32429656
      0.23321929	      4.45271850	     -0.30677741	     -9.26435146	     37.53361736	    -11.98334804	   -358.29997019	     20.58641760	  11644.46650893	     67.40724200	     -6.21490697
      0.23376166	      4.35096577	     -0.31261007	     -9.26804011	     37.81042571	    -11.83726610	   -359.26023743	     20.49935898	  11626.53253568	     68.52577906	     -6.10176684
      0.23430404	      4.24609944	     -0.31854876	     -9.27187200	     38.08968844	    -11.68744554	   -360.20892659	     20.41146261	  11608.09070172	     69.63585516	     -5.98497363
      0.23484641	      4.13819932	     -0.32459111	     -9.27584320	     38.37127287	    -11.53399696	   -361.14579234	     20.32277205	  11589.14555246	     70.73736143	     -5.86461797
      0.23538878	      4.02735050	     -0.33073448	     -9.27994951	     38.65503660	    -11.37703770	   -362.07056443	     20.23333301	  11569.70103767	     71.83019488	     -5.74079644
      0.23593115	      3.91362786	     -0.33697677	     -9.28418746	     38.94085115	    -11.21667235	   -362.98298339	     20.14318558	  11549.76103153	     72.91431714	     -5.61359406
      0.23647352	      3.79711247	     -0.34331555	     -9.28855328	     39.22857673	    -11.05301341	   -363.88276097	     20.05237226	  11529.32873172	     73.98969781	     -5.48310275
      0.23701589	      3.67787113	     -0.34974913	     -9.29304414	     39.51809350	    -10.88615533	   -364.76962809	     19.96092863	  11508.40739091	     75.05635543	     -5.34939836
      0.23755826	      3.55597758	     -0.35627544	     -9.29765690	     39.80926888	    -10.71620147	   -365.64328310	     19.86889291	  11486.99950611	     76.11431861	     -5.21256449
      0.23810063	      3.43148765	     -0.36289334	     -9.30238959	     40.10199583	    -10.54323231	   -366.50345186	     19.77629527	  11465.10775856	     77.16364836	     -5.07266451
      0.23864300	      3.30446473	     -0.36960128	     -9.30723985	     40.39615330	    -10.36733806	   -367.34982404	     19.68316868	  11442.73399696	     78.20441771	     -4.92977025
      0.23918537	      3.17495112	     -0.37639880	     -9.31220673	     40.69165074	    -10.18858185	   -368.18212479	     19.58953716	  11419.88038216	     79.23671618	     -4.78392975
      0.23972774	      3.04299715	     -0.38328501	     -9.31728882	     40.98838255	    -10.00703718	   -369.00003974	     19.49542770	  11396.54816724	     80.26064689	     -4.63520000
      0.24027011	      2.90862951	     -0.39026029	     -9.32248627	     41.28627772	     -9.82274703	   -369.80329722	     19.40085759	  11372.73904309	     81.27631518	     -4.48361132
      0.24081248	      2.77188320	     -0.39732454	     -9.32779877	     41.58524944	     -9.63576522	   -370.59158316	     19.30584727	  11348.45372067	     82.28384127	     -4.32920333
      0.24135485	      2.63276766	     -0.40447906	     -9.33322764	     41.88524864	     -9.44611246	   -371.36463248	     19.21040698	  11323.69346972	     83.28333550	     -4.17198684
      0.24189722	      2.49130080	     -0.41172468	     -9.33877374	     42.18620992	     -9.25382053	   -372.12213517	     19.11455025	  11298.45851151	     84.27492396	     -4.01198206
      0.24243959	      2.34747372	     -0.41906371	     -9.34443961	     42.48810787	     -9.05888644	   -372.86383558	     19.01828018	  11272.74974256	     85.25871304	     -3.84917902
      0.24298196	      2.20128593	     -0.42649801	     -9.35022732	     42.79090048	     -8.86131825	   -373.58943101	     18.92160324	  11246.56694553	     86.23482537	     -3.68357711
      0.24352433	      2.05270956	     -0.43403098	     -9.35614063	     43.09458703	     -8.66108842	   -374.29867751	     18.82451547	  11219.91068635	     87.20335605	     -3.51514488
      0.24406670	      1.90172494	     -0.44166559	     -9.36218284	     43.39915019	     -8.45818030	   -374.99128240	     18.72701636	  11192.78035732	     88.16441654	     -3.34385999
      0.24460907	      1.74828504	     -0.44940640	     -9.36835891	     43.70461428	     -8.25254159	   -375.66701498	     18.62909516	  11165.17623005	     89.11808445	     -3.16966932
      0.24515144	      1.59235073	     -0.45725754	     -9.37467333	     44.01098726	     -8.04413051	   -376.32559464	     18.53074464	  11137.09734907	     90.06445367	     -2.99252845
      0.24569381	      1.43385606	     -0.46522475	     -9.38113219	     44.31831826	     -7.83287037	   -376.96680485	     18.43194774	  11108.54371641	     91.00357903	     -2.81236288
      0.24623618	      1.27274256	     -0.47331338	     -9.38774113	     44.62664044	     -7.61869445	   -377.59037836	     18.33269094	  11079.51406111	     91.93553136	     -2.62910630
      0.24677856	      1.10892616	     -0.48153037	     -9.39450728	     44.93602680	     -7.40150263	   -378.19611286	     18.23295148	  11050.00812509	     92.86033829	     -2.44266365
      0.24732093	      0.94232963	     -0.48988230	     -9.40143734	     45.24653497	     -7.18120407	   -378.78375491	     18.13271016	  11020.02433896	     93.77804289	     -2.25294742
      0.24786330	      0.77285201	     -0.49837729	     -9.40853936	     45.55826000	     -6.95767688	   -379.35311512	     18.03193936	  10989.56217204	     94.68864217	     -2.05984342
      0.24840567	      0.60039847	     -0.50702317	     -9.41582097	     45.87128251	     -6.73080751	   -379.90395314	     17.93061500	  10958.61975358	     95.59214775	     -1.86324413
      0.24894804	      0.42485311	     -0.51582916	     -9.42329096	     46.18571675	     -6.50045481	   -380.43608947	     17.82870560	  10927.19624324	     96.48852393	     -1.66301847
      0.24949041	      0.24610505	     -0.52480429	     -9.43095776	     46.50166399	     -6.26648464	   -380.94929477	     17.72618311	  10895.28944254	     97.37774830	     -1.45904072
      0.25003278	      0.06402643	     -0.53395882	     -9.43883067	     46.81925318	     -6.02874039	   -381.44339333	     17.62301358	  10862.89813986	     98.25975229	     -1.25116616
      0.25057515	     -0.12150725	     -0.54330288	     -9.44691874	     47.13860265	     -5.78707043	   -381.91816219	     17.51916616	  10830.01975668	     99.13447858	     -1.03925356
      0.25111752	     -0.31063101	     -0.55284751	     -9.45523147	     47.45984854	     -5.54130893	   -382.37341813	     17.41460635	  10796.65262013	    100.00182850	     -0.82315002
      0.25165989	     -0.50348031	     -0.56260387	     -9.46377829	     47.78312207	     -5.29129022	   -382.80893885	     17.30930165	  10762.79369996	    100.86171050	     -0.60270180
      0.25220226	     -0.70018815	     -0.57258328	     -9.47256837	     48.10855212	     -5.03685101	   -383.22451015	     17.20322037	  10728.44073813	    101.71400359	     -0.37775801
      0.25274463	     -0.90089791	     -0.58279778	     -9.48161134	     48.43627786	     -4.77781549	   -383.61990189	     17.09632946	  10693.59016984	    102.55858450	     -0.14815581
      0.25328700	     -1.10571769	     -0.59325765	     -9.49091477	     48.76638441	     -4.51405229	   -383.99480741	     16.98860807	  10658.23894998	    103.39533054	      0.08622792
      0.25382937	     -1.31479155	     -0.60397540	     -9.50048808	     49.09900655	     -4.24538469	   -384.34896398	     16.88002475	  10622.38287938	    104.22409444	      0.32555709
      0.25437174	     -1.52813529	     -0.61495617	     -9.51033377	     49.43407724	     -3.97179963	   -384.68178416	     16.77059259	  10586.01772745	    105.04481095	      0.56985136
      0.25491411	     -1.74579892	     -0.62620712	     -9.52045621	     49.77157099	     -3.69324067	   -384.99268181	     16.66031343	  10549.13814117	    105.85738982	      0.81916943
      0.25545648	     -1.96758902	     -0.63772098	     -9.53084682	     50.11109040	     -3.40996236	   -385.28053376	     16.54927328	  10511.73777148	    106.66193010	      1.07329585
      0.25599885	     -2.19330537	     -0.64948968	     -9.54149704	     50.45220837	     -3.12222788	   -385.54406652	     16.43755833	  10473.80897076	    107.45854007	      1.33200836
      0.25654122	     -2.42255346	     -0.66149348	     -9.55238778	     50.79423327	     -2.83054727	   -385.78181394	     16.32532001	  10435.34283993	    108.24749877	      1.59486492
      0.25708359	     -2.65497362	     -0.67371416	     -9.56350228	     51.13651154	     -2.53538502	   -385.99228324	     16.21269202	  10396.32936910	    109.02906746	      1.86146340
      0.25762596	     -2.89015165	     -0.68613007	     -9.57482078	     51.47834311	     -2.23727315	   -386.17413393	     16.09982314	  10356.75872867	    109.80356671	      2.13133918
      0.25816833	     -3.12770032	     -0.69872227	     -9.58632676	     51.81909289	     -1.93670366	   -386.32599373	     15.98684168	  10316.61984645	    110.57133001	      2.40405379
      0.25871071	     -3.36727528	     -0.71147406	     -9.59800589	     52.15821703	     -1.63411299	   -386.44680652	     15.87386132	  10275.90289648	    111.33264658	      2.67921671
      0.25925308	     -3.60845411	     -0.72436161	     -9.60983975	     52.49498566	     -1.33003984	   -386.53507394	     15.76101849	  10234.59625269	    112.08786160	      2.95635463
      0.25979545	     -3.85098861	     -0.73737180	     -9.62181881	     52.82897118	     -1.02480012	   -386.58995405	     15.64839464	  10192.69066905	    112.83714882	      3.23518947
      0.26033782	     -4.09448890	     -0.75048184	     -9.63392708	     53.15950016	     -0.71889058	   -386.61008458	     15.53611555	  10150.17464814	    113.58080356	      3.51528476
      0.26088019	     -4.33904241	     -0.76369941	     -9.64617216	     53.48667790	     -0.41219723	   -386.59552165	     15.42414787	  10107.04057611	    114.31870385	      3.79673994
      0.26142256	     -4.58471483	     -0.77703077	     -9.65856044	     53.81057639	     -0.10463631	   -386.54627427	     15.31247575	  10063.27919142	    115.05071904	      4.07963036
      0.26196493	     -4.83216853	     -0.79052111	     -9.67112794	     54.13216399	      0.20464255	   -386.46356085	     15.20086311	  10018.88664792	    115.77626121	      4.36470327
      0.26250730	     -5.08202383	     -0.80421360	     -9.68390793	     54.45234585	      0.51642689	   -386.34851896	     15.08912579	   9973.85782072	    116.49466207	      4.65265931
      0.26304967	     -5.33517907	     -0.81817051	     -9.69694736	     54.77236410	      0.83187837	   -386.20225235	     14.97689698	   9928.18934436	    117.20532218	      4.94451351
      0.26359204	     -5.59246571	     -0.83245096	     -9.71028881	     55.09335958	      1.15206879	   -386.02572179	     14.86384779	   9881.87568395	    117.90768335	      5.24120598
      0.26413441	     -5.85465364	     -0.84711120	     -9.72397140	     55.41629009	      1.47801523	   -385.81908779	     14.74955532	   9834.90810515	    118.60164569	      5.54360863
      0.26467678	     -6.12252744	     -0.86220969	     -9.73803397	     55.74214561	      1.81074374	   -385.58261941	     14.63362771	   9787.27673697	    119.28700392	      5.85261045
      0.26521915	     -6.39663845	     -0.87779033	     -9.75250378	     56.07150442	      2.15099177	   -385.31567044	     14.51570019	   9738.96910295	    119.96391376	      6.16883903
      0.26576152	     -6.67757915	     -0.89390080	     -9.76740940	     56.40500945	      2.49953845	   -385.01770991	     14.39543319	   9689.97203220	    120.63238277	      6.49296922
      0.26630389	     -6.96565186	     -0.91056992	     -9.78276539	     56.74284596	      2.85679029	   -384.68747988	     14.27258687	   9640.27140923	    121.29263106	      6.82535005
      0.26684626	     -7.26121823	     -0.92783128	     -9.79858869	     57.08528155	      3.22322277	   -384.32380401	     14.14692198	   9589.85214163	    121.94477774	      7.16639842
      0.26738863	     -7.56436077	     -0.94569986	     -9.81488299	     57.43217109	      3.59894895	   -383.92501195	     14.01831615	   9538.69912654	    122.58907644	      7.51621735
      0.26793100	     -7.87521517	     -0.96419464	     -9.83165445	     57.78343075	      3.98414474	   -383.48942098	     13.88664163	   9486.79617981	    123.22570313	      7.87497111
      0.26847337	     -8.19367258	     -0.98331776	     -9.84889789	     58.13863389	      4.37866687	   -383.01505566	     13.75188275	   9434.12777475	    123.85492240	      8.24254872
      0.26901574	     -8.51966860	     -1.00307446	     -9.86661051	     58.49739324	      4.78242541	   -382.49984964	     13.61401408	   9380.67722696	    124.47694534	      8.61889082
      0.26955811	     -8.85293749	     -1.02345555	     -9.88478048	     58.85905492	      5.19506694	   -381.94161170	     13.47310748	   9326.42886080	    125.09204419	      9.00371122
      0.27010048	     -9.19324569	     -1.04445366	     -9.90339811	     59.22297846	      5.61627659	   -381.33798525	     13.32922502	   9271.36591704	    125.70045313	      9.39676172
      0.27064286	     -9.54020183	     -1.06604956	     -9.92244693	     59.58833005	      6.04553233	   -380.68663074	     13.18250950	   9215.47273063	    126.30244490	      9.79761610
      0.27118523	     -9.89343628	     -1.08822472	     -9.94191243	     59.95426825	      6.48233828	   -379.98498794	     13.03309354	   9158.73283146	    126.89826859	     10.20587452
      0.27172760	    -10.25246243	     -1.11095113	     -9.96177537	     60.31982367	      6.92604429	   -379.23062117	     12.88117409	   9101.13027288	    127.48819355	     10.62100496
      0.27226997	    -10.61680656	     -1.13420058	     -9.98201835	     60.68400413	      7.37601589	   -378.42084790	     12.72693761	   9042.64919850	    128.07247777	     11.04249185
      0.27281234	    -10.98591211	     -1.15793731	    -10.00262079	     61.04573657	      7.83150846	   -377.55314056	     12.57062065	   8983.27169682	    128.65138487	     11.46972601
      0.27335471	    -11.35923136	     -1.18212489	    -10.02356407	     61.40392708	      8.29178888	   -376.62478193	     12.41244785	   8922.98268657	    129.22517733	     11.90210977
      0.27389708	    -11.73615547	     -1.20672028	    -10.04482710	     61.75740563	      8.75604137	   -375.63303179	     12.25268433	   8861.75523535	    129.79411231	     12.33897741
      0.27443945	    -12.11608881	     -1.23168011	    -10.06639113	     62.10501663	      9.22346845	   -374.57518533	     12.09158008	   8799.57124151	    130.35845254	     12.77967844
      0.27498182	    -12.49837729	     -1.25695342	    -10.08823351	     62.44545537	      9.69319073	   -373.44788995	     11.92942669	   8736.36585619	    130.91844248	     13.22350065
      0.27552419	    -12.88235369	     -1.28248635	    -10.11033291	     62.77733179	     10.16431298	   -372.24733575	     11.76650543	   8672.07176059	    131.47434730	     13.66971959
      0.27606656	    -13.26723842	     -1.30821334	    -10.13266667	     63.09885389	     10.63579234	   -370.96789691	     11.60312928	   8606.60791135	    132.02645657	     14.11749295
      0.27660893	    -13.65223913	     -1.33406569	    -10.15521280	     63.40815197	     11.10656935	   -369.60353874	     11.43960504	   8539.88368254	    132.57508073	     14.56596661
      0.27715130	    -14.03651920	     -1.35996996	    -10.17795374	     63.70321416	     11.57553256	   -368.14783062	     11.27623292	   8471.85986091	    133.12054986	     15.01423813
      0.27769367	    -14.41925291	     -1.38585166	    -10.20087346	     63.98205592	     12.04158656	   -366.59449714	     11.11329750	   8402.49859813	    133.66321168	     15.46141718
      0.27823604	    -14.79973216	     -1.41164453	    -10.22396003	     64.24316447	     12.50378764	   -364.93961578	     10.95106754	   8331.78905196	    134.20334109	     15.90673599
      0.27877841	    -15.17722126	     -1.43727797	    -10.24720214	     64.48490421	     12.96115848	   -363.17869295	     10.78980213	   8259.71651589	    134.74125146	     16.34939860
      0.27932078	    -15.55110462	     -1.46268959	    -10.27059184	     64.70608973	     13.41287569	   -361.30936251	     10.62974421	   8186.28044062	    135.27718259	     16.78873534
      0.27986315	    -15.92073002	     -1.48781202	    -10.29412154	     64.90538455	     13.85807101	   -359.32856690	     10.47112799	   8111.47727164	    135.81141894	     17.22403843
      0.28040552	    -16.28554096	     -1.51258409	    -10.31778632	     65.08178048	     14.29599844	   -357.23471760	     10.31417332	   8035.31034409	    136.34418456	     17.65470173
      0.28094789	    -16.64494607	     -1.53693993	    -10.34158149	     65.23413362	     14.72586971	   -355.02562691	     10.15909099	   7957.78180601	    136.87574862	     18.08008231
      0.28149026	    -16.99843274	     -1.56081865	    -10.36550465	     65.36154427	     15.14699695	   -352.70013238	     10.00607813	   7878.89771440	    137.40632839	     18.49962164
      0.28203263	    -17.34545633	     -1.58415510	    -10.38955347	     65.46299583	     15.55865389	   -350.25657953	      9.85532268	   7798.66434222	    137.93618579	     18.91272690
      0.28257501	    -17.68554376	     -1.60688874	    -10.41372756	     65.53767750	     15.96020542	   -347.69413074	      9.70699898	   7717.09059953	    138.46553329	     19.31888230
      0.28311738	    -18.01819144	     -1.62895516	    -10.43802643	     65.58467412	     16.35098011	   -345.01153098	      9.56127245	   7634.18647281	    138.99462772	     19.71753903
      0.28365975	    -18.34296423	     -1.65029455	    -10.46245123	     65.60325936	     16.73039373	   -342.20824634	      9.41829502	   7549.96375161	    139.52367612	     20.10822203
      0.28420212	    -18.65939710	     -1.67084358	    -10.48700272	     65.59261066	     17.09782656	   -339.28337640	      9.27821038	   7464.43579973	    140.05292956	     20.49042355
      0.28474449	    -18.96709062	     -1.69054358	    -10.51168298	     65.55208248	     17.45274246	   -336.23667985	      9.14114919	   7377.61731759	    140.58258856	     20.86370649
      0.28528686	    -19.26561613	     -1.70933269	    -10.53649347	     65.48094070	     17.79457063	   -333.06759600	      9.00723465	   7289.52498590	    141.11289699	     21.22760142
      0.28582923	    -19.55460735	     -1.72715378	    -10.56143660	     65.37861800	     18.12281984	   -329.77617500	      8.87657781	   7200.17644913	    141.64404736	     21.58170603
      0.28637160	    -19.83366964	     -1.74394687	    -10.58651389	     65.24446664	     18.43696522	   -326.36219547	      8.74928311	   7109.59167989	    142.17627446	     21.92558630
      0.28691397	    -20.10246691	     -1.75965676	    -10.61172747	     65.07799511	     18.73655665	   -322.82600135	      8.62544400	   7017.79129231	    142.70976096	     22.25887109
      0.28745634	    -20.36063591	     -1.77422574	    -10.63707834	     64.87864058	     19.02111185	   -319.16771608	      8.50514826	   6924.79855067	    143.24473038	     22.58115850
      0.28799871	    -20.60786768	     -1.78760089	    -10.66256769	     64.64598529	     19.29021792	   -315.38798258	      8.38847403	   6830.63705732	    143.78135338	     22.89210481
      0.28854108	    -20.84382757	     -1.79972720	    -10.68819542	     64.37955042	     19.54343161	   -311.48727819	      8.27549473	   6735.33336919	    144.31983969	     23.19133685
      0.28908345	    -21.06823078	     -1.81055438	    -10.71396124	     64.07899050	     19.78037337	   -307.46655222	      8.16627566	   6638.91407863	    144.86034514	     23.47853471
      0.28962582	    -21.28076853	     -1.82003049	    -10.73986334	     63.74391020	     20.00063555	   -303.32664626	      8.06087832	   6541.40902118	    145.40306271	     23.75335061
      0.29016819	    -21.48117749	     -1.82810828	    -10.76589940	     63.37403567	     20.20386852	   -299.06882524	      7.95935773	   6442.84776332	    145.94813002	     24.01548516
      0.29071056	    -21.66917235	     -1.83473927	    -10.79206540	     62.96905565	     20.38969710	   -294.69430888	      7.86176597	   6343.26339092	    146.49571973	     24.26461305
      0.29125293	    -21.84450898	     -1.83987965	    -10.81835650	     62.52876812	     20.55779868	   -290.20468809	      7.76815037	   6242.68841059	    147.04594721	     24.50045269
      0.29179530	    -22.00692358	     -1.84348483	    -10.84476597	     62.05294743	     20.70782801	   -285.60157633	      7.67855610	   6141.15910999	    147.59896070	     24.72269871
      0.29233767	    -22.15618941	     -1.84551484	    -10.87128605	     61.54146328	     20.83948705	   -280.88689445	      7.59302541	   6038.71088370	    148.15484875	     24.93108517
      0.29288004	    -22.29206259	     -1.84592946	    -10.89790693	     60.99417658	     20.95245847	   -276.06265693	      7.51159912	   5935.38314638	    148.71373041	     25.12532482
      0.29342241	    -22.41433282	     -1.84469306	    -10.92461753	     60.41102994	     21.04646742	   -271.13111939	      7.43431697	   5831.21413439	    149.27566227	     25.30516617
      0.29396478	    -22.52277647	     -1.84177022	    -10.95140454	     59.79199166	     21.12122530	   -266.09481316	      7.36121706	   5726.24632754	    149.84073028	     25.47033960
      0.29450716	    -22.61719691	     -1.83713005	    -10.97825341	     59.13705583	     21.17647623	   -260.95620469	      7.29234010	   5620.52063726	    150.40895346	     25.62060584
      0.29504953	    -22.69738781	     -1.83074226	    -11.00514709	     58.44628231	     21.21195612	   -255.71825222	      7.22772449	   5514.08223142	    150.98037980	     25.75571009
      0.29559190	    -22.76316744	     -1.82258168	    -11.03206793	     57.71965985	     21.22742662	   -250.38327019	      7.16741785	   5406.97478926	    151.55497702	     25.87542945
      0.29613427	    -22.81435786	     -1.81262362	    -11.05899387	     56.95753725	     21.22266866	   -244.95575779	      7.11145166	   5299.24632850	    152.13276397	     25.97952879
      0.29667664	    -22.85076669	     -1.80084909	    -11.08590671	     56.15941940	     21.19741193	   -239.43513212	      7.05990780	   5190.93947317	    152.71361707	     26.06779241
      0.29721901	    -22.87218173	     -1.78724000	    -11.11278761	     55.32459263	     21.15135393	   -233.81966736	      7.01288455	   5082.09507981	    153.29740799	     26.13999061
      0.29776138	    -22.87853687	     -1.77179858	    -11.13962410	     54.45210192	     21.08434379	   -228.10521706	      6.97052283	   4972.76012714	    153.88377295	     26.19608278
      0.29830375	    -22.86983129	     -1.75453265	    -11.16640102	     53.54149995	     20.99632413	   -222.29031165	      6.93295154	   4862.98044482	    154.47234380	     26.23608572
      0.29884612	    -22.84622526	     -1.73546756	    -11.19310482	     52.59279001	     20.88743536	   -216.37510618	      6.90030517	   4752.80638523	    155.06260624	     26.26019249
      0.29938849	    -22.80791388	     -1.71463212	    -11.21972035	     51.60622930	     20.75786740	   -210.36105328	      6.87271502	   4642.28542793	    155.65404037	     26.26862765
      0.29993086	    -22.75516166	     -1.69206272	    -11.24623219	     50.58235830	     20.60789937	   -204.25082708	      6.85031191	   4531.46828596	    156.24607472	     26.26168786
      0.30047323	    -22.68827457	     -1.66780023	    -11.27262429	     49.52191316	     20.43786545	   -198.04796227	      6.83322657	   4420.40245866	    156.83811480	     26.23971176
      0.30101560	    -22.60755821	     -1.64188631	    -11.29888017	     48.42564772	     20.24810035	   -191.75610062	      6.82159221	   4309.13843110	    157.42956745	     26.20303714
      0.30155797	    -22.51337793	     -1.61436875	    -11.32498309	     47.29457194	     20.03901738	   -185.37994825	      6.81554002	   4197.72287910	    158.01980234	     26.15206301
      0.30210034	    -22.40606229	     -1.58529248	    -11.35091611	     46.12956451	     19.81098373	   -178.92368724	      6.81520504	   4086.20610525	    158.60821860	     26.08714999
      0.30264271	    -22.28601017	     -1.55470950	    -11.37666228	     44.93179174	     19.56445873	   -172.39264989	      6.82071921	   3974.63287316	    159.19416948	     26.00873114
      0.30318508	    -22.15354571	     -1.52266477	    -11.40220203	     43.70219055	     19.29980520	   -165.79146218	      6.83222780	   3863.05321489	    159.77705650	     25.91716177
      0.30372745	    -22.00864112	     -1.48916630	    -11.42747347	     42.44073208	     19.01688107	   -159.12358024	      6.85007979	   3751.50754167	    160.35626588	     25.81245683
      0.30426982	    -21.85150341	     -1.45424668	    -11.45243990	     41.14821475	     18.71588811	   -152.39433398	      6.87448715	   3640.04618529	    160.93121027	     25.69485120
      0.30481219	    -21.68253985	     -1.41796087	    -11.47708448	     39.82566834	     18.39728911	   -145.60814572	      6.90560919	   3528.70623266	    161.50121320	     25.56479764
      0.30535456	    -21.50221996	     -1.38036597	    -11.50138217	     38.47545583	     18.06168026	   -138.77668707	      6.94352141	   3417.55028212	    162.06570524	     25.42275763
      0.30589693	    -21.31101669	     -1.34152316	    -11.52531551	     37.09919734	     17.70962987	   -131.90723956	      6.98834675	   3306.63258463	    162.62402876	     25.26923352
      0.30643931	    -21.10962449	     -1.30150502	    -11.54883760	     35.70279834	     17.34215905	   -125.02995016	      7.03994286	   3196.07069799	    163.17579799	     25.10477837
      0.30698168	    -20.89888621	     -1.26040088	    -11.57189200	     34.29397932	     16.96054378	   -118.18407133	      7.09806346	   3086.05447044	    163.72068077	     24.93002923
      0.30752405	    -20.67905335	     -1.21824475	    -11.59439082	     32.87968388	     16.56537183	   -111.40712265	      7.16242960	   2976.66307179	    164.25882517	     24.74492646
      0.30806642	    -20.45005983	     -1.17505154	    -11.61625138	     31.46447946	     16.15677082	   -104.72482035	      7.23286971	   2867.96702395	    164.79043697	     24.54913592
      0.30860879	    -20.21124103	     -1.13078672	    -11.63739880	     30.04922275	     15.73403500	    -98.14574042	      7.30935280	   2760.01808199	    165.31591253	     24.34177519
      0.30915116	    -19.96202158	     -1.08542968	    -11.65775480	     28.63558388	     15.29659838	    -91.68252144	      7.39180498	   2652.92469740	    165.83565159	     24.12202713
      0.30969353	    -19.70157608	     -1.03894308	    -11.67724684	     27.22283233	     14.84350078	    -85.33556807	      7.48029589	   2546.70322534	    166.34997307	     23.88889121
      0.31023590	    -19.42890793	     -0.99127722	    -11.69578542	     25.80978403	     14.37356477	    -79.10304653	      7.57493871	   2441.22939706	    166.85926536	     23.64117799
      0.31077827	    -19.14344589	     -0.94242841	    -11.71333279	     24.39572649	     13.88612430	    -72.98572794	      7.67578322	   2336.82855126	    167.36366688	     23.37820355
      0.31132064	    -18.84463013	     -0.89239599	    -11.72985745	     22.98048745	     13.38055790	    -66.98824363	      7.78281040	   2233.96379519	    167.86344509	     23.09927282
      0.31186301	    -18.53280615	     -0.84127266	    -11.74532826	     21.56651221	     12.85735307	    -61.12244398	      7.89606360	   2132.91154598	    168.35800215	     22.80466864
      0.31240538	    -18.20687398	     -0.78901175	    -11.75968698	     20.15056551	     12.31512170	    -55.37712623	      8.01575795	   2033.63368339	    168.84767817	     22.49319554
      0.31294775	    -17.86945864	     -0.73593239	    -11.77292655	     18.74347344	     11.75727231	    -49.79493637	      8.14179909	   1936.56053466	    169.33014381	     22.16749695
      0.31349012	    -17.52292606	     -0.68232676	    -11.78506923	     17.35522191	     11.18691688	    -44.41729671	      8.27398395	   1842.46353775	    169.80343292	     21.82994187
      0.31403249	    -17.17506479	     -0.62902159	    -11.79614750	     16.01642462	     10.61412916	    -39.35844507	      8.41185099	   1752.13730722	    170.26133425	     21.48844794
      0.31457486	    -16.83500645	     -0.57697071	    -11.80625055	     14.76273523	     10.05076217	    -34.75214103	      8.55467646	   1667.01164585	    170.69678024	     21.15229571
      0.31511723	    -16.50990814	     -0.52693681	    -11.81537675	     13.62032369	      9.50597549	    -30.68397046	      8.70234183	   1587.27169062	    171.10349219	     20.82880422
      0.31565960	    -16.20447094	     -0.47943347	    -11.82354294	     12.60519019	      8.98576073	    -27.20107725	      8.85484284	   1513.19582071	    171.47707363	     20.52280547
      0.31620197	    -15.91873877	     -0.43451275	    -11.83072074	     11.71443990	      8.49003054	    -24.27697730	      9.01266463	   1444.35920811	    171.81652957	     20.23441678
      0.31674434	    -15.65451308	     -0.39239075	    -11.83693774	     10.95237152	      8.02102463	    -21.91543305	      9.17596428	   1380.92116519	    172.11981847	     19.96553200
      0.31728671	    -15.41118444	     -0.35304340	    -11.84219894	     10.31404929	      7.57786257	    -20.08583924	      9.34509393	   1322.66064203	    172.38677066	     19.71558406
      0.31782908	    -15.18914764	     -0.31654023	    -11.84652564	      9.79873326	      7.16098806	    -18.77406170	      9.52026178	   1269.46496471	    172.61654251	     19.48501509
      0.31837146	    -14.98756247	     -0.28282645	    -11.84993665	      9.40137629	      6.76927365	    -17.95177420	      9.70169843	   1221.10295437	    172.80938003	     19.27299245
      0.31891383	    -14.80658463	     -0.25194279	    -11.85245613	      9.12116283	      6.40290201	    -17.60641242	      9.88952017	   1177.33730720	    172.96481688	     19.07967872
      0.31945620	    -14.64591319	     -0.22388251	    -11.85411584	      8.95603262	      6.06149953	    -17.72273238	     10.08378014	   1137.93495251	    173.08290102	     18.90475272
      0.31999857	    -14.50603020	     -0.19871616	    -11.85494241	      8.90737004	      5.74572538	    -18.29746663	     10.28445679	   1102.55049763	    173.16308643	     18.74866620
      0.32054094	    -14.38714194	     -0.17648447	    -11.85497071	      8.97583833	      5.45590878	    -19.32593450	     10.49146643	   1070.84324922	    173.20516067	     18.61157906
      0.32108331	    -14.29040924	     -0.15732431	    -11.85423773	      9.16646646	      5.19365319	    -20.81937729	     10.70458617	   1042.45845689	    173.20827582	     18.49458474
      0.32162568	    -14.21590772	     -0.14126257	    -11.85275703	      9.47958937	      4.95912466	    -22.76967408	     10.92376502	   1016.69445795	    173.17221959	     18.39769813
      0.32216805	    -14.16637781	     -0.12859162	    -11.85061870	      9.92806310	      4.75609970	    -25.22105383	     11.14830133	    993.65879631	    173.09551737	     18.32354095
      0.32271042	    -14.13853810	     -0.11900420	    -11.84771217	     10.49660238	      4.58019878	    -28.09674202	     11.37899979	    971.24516583	    172.97942444	     18.26883129
      0.32325279	    -14.14280173	     -0.11355462	    -11.84440021	     11.23481602	      4.44566937	    -31.59846783	     11.61301081	    952.35209602	    172.81928858	     18.24367195
      0.32379516	    -14.15625120	     -0.10996685	    -11.83996705	     12.03416796	      4.32143301	    -35.25717326	     11.85614892	    928.64933393	    172.62538675	     18.22564206
      0.32433753	    -14.23326718	     -0.11371014	    -11.83610473	     13.15387028	      4.28159181	    -40.14898119	     12.09420336	    916.49353656	    172.37286397	     18.26764160
      0.32487990	    -14.19255542	     -0.10649107	    -11.82791557	     13.73000706	      4.07951636	    -42.72006087	     12.37219959	    866.05833687	    172.14900044	     18.19345896
      0.32542227	    -13.91886584	     -0.07632458	    -11.81417692	     13.20865352	      3.55878646	    -40.90396407	     12.71357519	    767.59648248	    172.01908869	     17.89234841
