Coordinates
version=1
nRows=601
nColumns=11
inDegrees=no

Units are S.I. units (second, meters, Newtons, ...)
If the header above contains a line with 'inDegrees', this indicates whether rotational values are in degrees (yes) or radians (no).

endheader
time	pelvis_tilt	pelvis_tx	pelvis_ty	hip_flexion_l	hip_flexion_r	knee_angle_l	knee_angle_r	ankle_angle_l	ankle_angle_r	lumbar
      0.00000000	     -0.14484653	      0.00000000	      1.06238334	      0.19938303	      0.34966618	     -0.69486463	     -0.57705125	     -0.26753198	     -0.33305433	      0.02276161
      0.00128632	     -0.14357807	      0.00205990	      1.06271763	      0.20153578	      0.34658891	     -0.69614268	     -0.57711700	     -0.26297153	     -0.33476056	      0.02071582
      0.00257264	     -0.14235180	      0.00412194	      1.06304060	      0.20372294	      0.34350190	     -0.69735654	     -0.57712218	     -0.25842392	     -0.33630418	      0.01872563
      0.00385896	     -0.14116926	      0.00618629	      1.06335196	      0.20594580	      0.34040384	     -0.69850640	     -0.57706395	     -0.25388767	     -0.33767678	      0.01679322
      0.00514528	     -0.14003187	      0.00825311	      1.06365145	      0.20820560	      0.33729334	     -0.69959263	     -0.57693924	     -0.24936001	     -0.33887143	      0.01492064
      0.00643160	     -0.13894104	      0.01032255	      1.06393878	      0.21050357	      0.33416905	     -0.70061568	     -0.57674494	     -0.24483761	     -0.33988204	      0.01310990
      0.00771792	     -0.13789808	      0.01239476	      1.06421371	      0.21284089	      0.33102960	     -0.70157607	     -0.57647781	     -0.24031634	     -0.34070389	      0.01136292
      0.00900424	     -0.13690430	      0.01446989	      1.06447599	      0.21521871	      0.32787368	     -0.70247440	     -0.57613464	     -0.23579183	     -0.34133289	      0.00968154
      0.01029056	     -0.13596088	      0.01654808	      1.06472538	      0.21763811	      0.32470005	     -0.70331129	     -0.57571223	     -0.23125979	     -0.34176629	      0.00806750
      0.01157688	     -0.13506896	      0.01862946	      1.06496166	      0.22010012	      0.32150746	     -0.70408736	     -0.57520743	     -0.22671609	     -0.34200192	      0.00652242
      0.01286320	     -0.13422955	      0.02071416	      1.06518463	      0.22260566	      0.31829476	     -0.70480323	     -0.57461716	     -0.22215734	     -0.34203880	      0.00504780
      0.01414952	     -0.13344363	      0.02280229	      1.06539409	      0.22515560	      0.31506083	     -0.70545947	     -0.57393841	     -0.21758067	     -0.34187656	      0.00364503
      0.01543584	     -0.13271203	      0.02489397	      1.06558989	      0.22775069	      0.31180462	     -0.70605662	     -0.57316824	     -0.21298417	     -0.34151605	      0.00231537
      0.01672216	     -0.13203553	      0.02698930	      1.06577185	      0.23039163	      0.30852512	     -0.70659517	     -0.57230379	     -0.20836645	     -0.34095880	      0.00105996
      0.01800848	     -0.13141481	      0.02908838	      1.06593984	      0.23307899	      0.30522143	     -0.70707559	     -0.57134228	     -0.20372681	     -0.34020767	     -0.00012018
      0.01929480	     -0.13085048	      0.03119130	      1.06609374	      0.23581328	      0.30189270	     -0.70749827	     -0.57028100	     -0.19906483	     -0.33926616	     -0.00122414
      0.02058112	     -0.13034304	      0.03329816	      1.06623344	      0.23859492	      0.29853820	     -0.70786358	     -0.56911738	     -0.19438046	     -0.33813895	     -0.00225113
      0.02186744	     -0.12989297	      0.03540901	      1.06635885	      0.24142425	      0.29515728	     -0.70817185	     -0.56784889	     -0.18967373	     -0.33683127	     -0.00320044
      0.02315376	     -0.12950063	      0.03752394	      1.06646991	      0.24430152	      0.29174941	     -0.70842336	     -0.56647318	     -0.18494487	     -0.33534928	     -0.00407148
      0.02444008	     -0.12916635	      0.03964301	      1.06656653	      0.24722691	      0.28831413	     -0.70861833	     -0.56498798	     -0.18019422	     -0.33369954	     -0.00486374
      0.02572640	     -0.12889037	      0.04176627	      1.06664870	      0.25020052	      0.28485112	     -0.70875694	     -0.56339122	     -0.17542235	     -0.33188924	     -0.00557681
      0.02701273	     -0.12867288	      0.04389378	      1.06671636	      0.25322237	      0.28136013	     -0.70883931	     -0.56168088	     -0.17062998	     -0.32992587	     -0.00621037
      0.02829905	     -0.12851401	      0.04602557	      1.06676950	      0.25629239	      0.27784105	     -0.70886548	     -0.55985518	     -0.16581812	     -0.32781734	     -0.00676417
      0.02958537	     -0.12841383	      0.04816169	      1.06680813	      0.25941047	      0.27429380	     -0.70883546	     -0.55791241	     -0.16098789	     -0.32557174	     -0.00723804
      0.03087169	     -0.12837237	      0.05030217	      1.06683223	      0.26257640	      0.27071846	     -0.70874917	     -0.55585109	     -0.15614060	     -0.32319743	     -0.00763190
      0.03215801	     -0.12838960	      0.05244705	      1.06684183	      0.26578992	      0.26711514	     -0.70860647	     -0.55366982	     -0.15127761	     -0.32070288	     -0.00794573
      0.03344433	     -0.12846544	      0.05459633	      1.06683696	      0.26905067	      0.26348410	     -0.70840719	     -0.55136742	     -0.14640024	     -0.31809672	     -0.00817956
      0.03473065	     -0.12859978	      0.05675005	      1.06681765	      0.27235825	      0.25982562	     -0.70815106	     -0.54894282	     -0.14150977	     -0.31538767	     -0.00833350
      0.03601697	     -0.12879245	      0.05890821	      1.06678395	      0.27571220	      0.25614014	     -0.70783778	     -0.54639517	     -0.13660725	     -0.31258453	     -0.00840772
      0.03730329	     -0.12904327	      0.06107084	      1.06673590	      0.27911197	      0.25242813	     -0.70746699	     -0.54372373	     -0.13169358	     -0.30969613	     -0.00840241
      0.03858961	     -0.12935199	      0.06323792	      1.06667357	      0.28255698	      0.24869019	     -0.70703824	     -0.54092799	     -0.12676938	     -0.30673137	     -0.00831784
      0.03987593	     -0.12971838	      0.06540948	      1.06659703	      0.28604657	      0.24492695	     -0.70655107	     -0.53800755	     -0.12183512	     -0.30369915	     -0.00815432
      0.04116225	     -0.13014212	      0.06758550	      1.06650635	      0.28958004	      0.24113920	     -0.70600490	     -0.53496226	     -0.11689101	     -0.30060837	     -0.00791218
      0.04244857	     -0.13062293	      0.06976599	      1.06640161	      0.29315662	      0.23732776	     -0.70539912	     -0.53179207	     -0.11193714	     -0.29746794	     -0.00759182
      0.04373489	     -0.13116043	      0.07195093	      1.06628290	      0.29677549	      0.23349355	     -0.70473303	     -0.52849719	     -0.10697348	     -0.29428673	     -0.00719365
      0.04502121	     -0.13175428	      0.07414031	      1.06615032	      0.30043579	      0.22963758	     -0.70400587	     -0.52507794	     -0.10199995	     -0.29107361	     -0.00671813
      0.04630753	     -0.13240406	      0.07633413	      1.06600397	      0.30413657	      0.22576093	     -0.70321676	     -0.52153492	     -0.09701646	     -0.28783734	     -0.00616577
      0.04759385	     -0.13310936	      0.07853236	      1.06584395	      0.30787685	      0.22186476	     -0.70236481	     -0.51786883	     -0.09202293	     -0.28458665	     -0.00553710
      0.04888017	     -0.13386972	      0.08073499	      1.06567039	      0.31165558	      0.21795032	     -0.70144897	     -0.51408068	     -0.08701939	     -0.28133015	     -0.00483269
      0.05016649	     -0.13468467	      0.08294199	      1.06548341	      0.31547167	      0.21401893	     -0.70046816	     -0.51017161	     -0.08200589	     -0.27807636	     -0.00405317
      0.05145281	     -0.13555368	      0.08515333	      1.06528315	      0.31932394	      0.21007199	     -0.69942119	     -0.50614303	     -0.07698268	     -0.27483366	     -0.00319918
      0.05273913	     -0.13647621	      0.08736900	      1.06506974	      0.32321115	      0.20611091	     -0.69830679	     -0.50199647	     -0.07195003	     -0.27161033	     -0.00227145
      0.05402545	     -0.13745165	      0.08958896	      1.06484333	      0.32713197	      0.20213721	     -0.69712358	     -0.49773378	     -0.06690841	     -0.26841444	     -0.00127074
      0.05531177	     -0.13847935	      0.09181318	      1.06460408	      0.33108499	      0.19815239	     -0.69587014	     -0.49335688	     -0.06185836	     -0.26525396	     -0.00019787
      0.05659809	     -0.13955861	      0.09404163	      1.06435217	      0.33506870	      0.19415802	     -0.69454490	     -0.48886802	     -0.05680057	     -0.26213660	      0.00094623
      0.05788441	     -0.14068866	      0.09627429	      1.06408777	      0.33908150	      0.19015564	     -0.69314626	     -0.48426954	     -0.05173580	     -0.25906992	      0.00216062
      0.05917073	     -0.14186866	      0.09851111	      1.06381108	      0.34312167	      0.18614682	     -0.69167248	     -0.47956404	     -0.04666496	     -0.25606121	      0.00344421
      0.06045705	     -0.14309771	      0.10075208	      1.06352230	      0.34718739	      0.18213313	     -0.69012180	     -0.47475427	     -0.04158903	     -0.25311756	      0.00479589
      0.06174337	     -0.14437482	      0.10299715	      1.06322164	      0.35127672	      0.17811610	     -0.68849233	     -0.46984320	     -0.03650915	     -0.25024576	      0.00621442
      0.06302969	     -0.14569894	      0.10524631	      1.06290933	      0.35538762	      0.17409724	     -0.68678215	     -0.46483392	     -0.03142653	     -0.24745242	      0.00769849
      0.06431601	     -0.14706893	      0.10749952	      1.06258561	      0.35951791	      0.17007805	     -0.68498923	     -0.45972976	     -0.02634258	     -0.24474376	      0.00924667
      0.06560233	     -0.14848357	      0.10975676	      1.06225073	      0.36366533	      0.16605997	     -0.68311153	     -0.45453416	     -0.02125880	     -0.24212583	      0.01085748
      0.06688865	     -0.14994156	      0.11201801	      1.06190495	      0.36782746	      0.16204441	     -0.68114691	     -0.44925076	     -0.01617694	     -0.23960431	      0.01252931
      0.06817497	     -0.15144155	      0.11428324	      1.06154854	      0.37200184	      0.15803273	     -0.67909323	     -0.44388330	     -0.01109886	     -0.23718468	      0.01426049
      0.06946129	     -0.15298206	      0.11655244	      1.06118178	      0.37618585	      0.15402624	     -0.67694830	     -0.43843571	     -0.00602670	     -0.23487201	      0.01604923
      0.07074761	     -0.15456159	      0.11882559	      1.06080498	      0.38037684	      0.15002622	     -0.67470990	     -0.43291203	     -0.00096272	     -0.23267122	      0.01789372
      0.07203393	     -0.15617857	      0.12110268	      1.06041843	      0.38457203	      0.14603390	     -0.67237582	     -0.42731643	      0.00409049	     -0.23058682	      0.01979201
      0.07332025	     -0.15783135	      0.12338369	      1.06002245	      0.38876860	      0.14205046	     -0.66994382	     -0.42165318	      0.00913022	     -0.22862315	      0.02174215
      0.07460657	     -0.15951825	      0.12566863	      1.05961736	      0.39296368	      0.13807707	     -0.66741169	     -0.41592670	      0.01415348	     -0.22678418	      0.02374207
      0.07589289	     -0.16123755	      0.12795747	      1.05920348	      0.39715435	      0.13411485	     -0.66477725	     -0.41014147	      0.01915709	     -0.22507372	      0.02578972
      0.07717921	     -0.16298749	      0.13025023	      1.05878115	      0.40133765	      0.13016490	     -0.66203834	     -0.40430207	      0.02413761	     -0.22349523	      0.02788297
      0.07846554	     -0.16476628	      0.13254689	      1.05835070	      0.40551063	      0.12622832	     -0.65919284	     -0.39841317	      0.02909143	     -0.22205200	      0.03001968
      0.07975186	     -0.16657214	      0.13484746	      1.05791249	      0.40967032	      0.12230618	     -0.65623869	     -0.39247952	      0.03401463	     -0.22074705	      0.03219770
      0.08103818	     -0.16840326	      0.13715195	      1.05746684	      0.41381376	      0.11839955	     -0.65317387	     -0.38650592	      0.03890318	     -0.21958320	      0.03441487
      0.08232450	     -0.17025784	      0.13946036	      1.05701412	      0.41793802	      0.11450954	     -0.64999646	     -0.38049724	      0.04375274	     -0.21856304	      0.03666905
      0.08361082	     -0.17213410	      0.14177270	      1.05655468	      0.42204019	      0.11063721	     -0.64670457	     -0.37445840	      0.04855884	     -0.21768901	      0.03895810
      0.08489714	     -0.17403026	      0.14408899	      1.05608886	      0.42611742	      0.10678369	     -0.64329643	     -0.36839434	      0.05331678	     -0.21696329	      0.04127992
      0.08618346	     -0.17594457	      0.14640924	      1.05561702	      0.43016689	      0.10295008	     -0.63977030	     -0.36231004	      0.05802175	     -0.21638797	      0.04363242
      0.08746978	     -0.17787531	      0.14873346	      1.05513951	      0.43418583	      0.09913754	     -0.63612457	     -0.35621052	      0.06266879	     -0.21596492	      0.04601357
      0.08875610	     -0.17982078	      0.15106168	      1.05465668	      0.43817151	      0.09534721	     -0.63235765	     -0.35010078	      0.06725286	     -0.21569592	      0.04842135
      0.09004242	     -0.18177930	      0.15339393	      1.05416889	      0.44212128	      0.09158026	     -0.62846809	     -0.34398583	      0.07176883	     -0.21558257	      0.05085381
      0.09132874	     -0.18374925	      0.15573024	      1.05367649	      0.44603251	      0.08783790	     -0.62445447	     -0.33787069	      0.07621154	     -0.21562638	      0.05330903
      0.09261506	     -0.18572905	      0.15807062	      1.05317984	      0.44990269	      0.08412137	     -0.62031547	     -0.33176041	      0.08057581	     -0.21582873	      0.05578517
      0.09390138	     -0.18771715	      0.16041513	      1.05267927	      0.45372933	      0.08043196	     -0.61604982	     -0.32566003	      0.08485647	     -0.21619095	      0.05828043
      0.09518770	     -0.18971205	      0.16276380	      1.05217515	      0.45751000	      0.07677099	     -0.61165632	     -0.31957455	      0.08904834	     -0.21671436	      0.06079309
      0.09647402	     -0.19171227	      0.16511667	      1.05166782	      0.46124232	      0.07313976	     -0.60713381	     -0.31350894	      0.09314630	     -0.21740028	      0.06332144
      0.09776034	     -0.19371635	      0.16747379	      1.05115764	      0.46492389	      0.06953956	     -0.60248118	     -0.30746806	      0.09714525	     -0.21824999	      0.06586381
      0.09904666	     -0.19572281	      0.16983523	      1.05064497	      0.46855233	      0.06597166	     -0.59769733	     -0.30145675	      0.10104015	     -0.21926476	      0.06841856
      0.10033298	     -0.19773019	      0.17220105	      1.05013017	      0.47212522	      0.06243721	     -0.59278117	     -0.29547962	      0.10482601	     -0.22044633	      0.07098403
      0.10161930	     -0.19973695	      0.17457133	      1.04961363	      0.47564008	      0.05893728	     -0.58773161	     -0.28954112	      0.10849790	     -0.22179648	      0.07355853
      0.10290562	     -0.20174160	      0.17694615	      1.04909571	      0.47909441	      0.05547298	     -0.58254757	     -0.28364606	      0.11205099	     -0.22331454	      0.07614044
      0.10419194	     -0.20374266	      0.17932559	      1.04857677	      0.48248580	      0.05204543	     -0.57722803	     -0.27779969	      0.11548057	     -0.22499808	      0.07872813
      0.10547826	     -0.20573873	      0.18170975	      1.04805717	      0.48581193	      0.04865589	     -0.57177208	     -0.27200792	      0.11878210	     -0.22684210	      0.08132009
      0.10676458	     -0.20772846	      0.18409870	      1.04753722	      0.48907054	      0.04530565	     -0.56617887	     -0.26627684	      0.12195118	     -0.22884071	      0.08391485
      0.10805090	     -0.20971054	      0.18649254	      1.04701722	      0.49225951	      0.04199600	     -0.56044765	     -0.26061267	      0.12498356	     -0.23098747	      0.08651102
      0.10933722	     -0.21168369	      0.18889133	      1.04649745	      0.49537675	      0.03872823	     -0.55457775	     -0.25502150	      0.12787510	     -0.23327613	      0.08910722
      0.11062354	     -0.21364664	      0.19129517	      1.04597818	      0.49842018	      0.03550350	     -0.54856856	     -0.24950920	      0.13062175	     -0.23570071	      0.09170207
      0.11190986	     -0.21559807	      0.19370414	      1.04545964	      0.50138770	      0.03232290	     -0.54241951	     -0.24408146	      0.13321948	     -0.23825542	      0.09429415
      0.11319618	     -0.21753665	      0.19611832	      1.04494209	      0.50427728	      0.02918752	     -0.53613011	     -0.23874398	      0.13566425	     -0.24093443	      0.09688203
      0.11448250	     -0.21946108	      0.19853778	      1.04442572	      0.50708689	      0.02609847	     -0.52969993	     -0.23350250	      0.13795197	     -0.24373177	      0.09946428
      0.11576882	     -0.22137013	      0.20096259	      1.04391073	      0.50981464	      0.02305690	     -0.52312860	     -0.22836255	      0.14007835	     -0.24664166	      0.10203957
      0.11705514	     -0.22326260	      0.20339283	      1.04339730	      0.51245870	      0.02006390	     -0.51641578	     -0.22332944	      0.14203898	     -0.24965854	      0.10460658
      0.11834146	     -0.22513741	      0.20582856	      1.04288557	      0.51501737	      0.01712045	     -0.50956118	     -0.21840793	      0.14382906	     -0.25277727	      0.10716417
      0.11962778	     -0.22699353	      0.20826987	      1.04237567	      0.51748901	      0.01422745	     -0.50256454	     -0.21360248	      0.14544354	     -0.25599288	      0.10971124
      0.12091410	     -0.22883002	      0.21071683	      1.04186772	      0.51987212	      0.01138567	     -0.49542561	     -0.20891706	      0.14687671	     -0.25930063	      0.11224684
      0.12220042	     -0.23064603	      0.21316952	      1.04136179	      0.52216527	      0.00859583	     -0.48814419	     -0.20435542	      0.14812247	     -0.26269590	      0.11477010
      0.12348674	     -0.23244083	      0.21562802	      1.04085796	      0.52436722	      0.00585861	     -0.48072011	     -0.19992090	      0.14917387	     -0.26617419	      0.11728030
      0.12477306	     -0.23421378	      0.21809240	      1.04035626	      0.52647683	      0.00317466	     -0.47315324	     -0.19561666	      0.15002344	     -0.26973107	      0.11977687
      0.12605938	     -0.23596444	      0.22056275	      1.03985673	      0.52849325	      0.00054473	     -0.46544355	     -0.19144558	      0.15066278	     -0.27336225	      0.12225942
      0.12734570	     -0.23769250	      0.22303913	      1.03935935	      0.53041576	     -0.00203041	     -0.45759105	     -0.18741040	      0.15108301	     -0.27706346	      0.12472773
      0.12863202	     -0.23939784	      0.22552160	      1.03886408	      0.53224399	     -0.00454981	     -0.44959595	     -0.18351369	      0.15127447	     -0.28083051	      0.12718182
      0.12991835	     -0.24108050	      0.22801022	      1.03837088	      0.53397777	     -0.00701242	     -0.44145859	     -0.17975800	      0.15122722	     -0.28465921	      0.12962186
      0.13120467	     -0.24274063	      0.23050503	      1.03787966	      0.53561716	     -0.00941712	     -0.43317952	     -0.17614575	      0.15093120	     -0.28854542	      0.13204814
      0.13249099	     -0.24437836	      0.23300607	      1.03739033	      0.53716226	     -0.01176283	     -0.42475942	     -0.17267931	      0.15037649	     -0.29248509	      0.13446093
      0.13377731	     -0.24599373	      0.23551339	      1.03690280	      0.53861311	     -0.01404865	     -0.41619915	     -0.16936086	      0.14955413	     -0.29647434	      0.13686039
      0.13506363	     -0.24758672	      0.23802702	      1.03641696	      0.53996970	     -0.01627378	     -0.40749971	     -0.16619247	      0.14845594	     -0.30050947	      0.13924659
      0.13634995	     -0.24915716	      0.24054701	      1.03593271	      0.54123193	     -0.01843768	     -0.39866235	     -0.16317601	      0.14707572	     -0.30458703	      0.14161944
      0.13763627	     -0.25070484	      0.24307341	      1.03544994	      0.54239968	     -0.02053988	     -0.38968855	     -0.16031321	      0.14540848	     -0.30870373	      0.14397879
      0.13892259	     -0.25222952	      0.24560624	      1.03496852	      0.54347293	     -0.02258002	     -0.38058036	     -0.15760565	      0.14345135	     -0.31285655	      0.14632446
      0.14020891	     -0.25373098	      0.24814555	      1.03448833	      0.54445174	     -0.02455777	     -0.37134017	     -0.15505480	      0.14120239	     -0.31704260	      0.14865625
      0.14149523	     -0.25520899	      0.25069136	      1.03400923	      0.54533639	     -0.02647281	     -0.36197135	     -0.15266201	      0.13866065	     -0.32125925	      0.15097399
      0.14278155	     -0.25666339	      0.25324371	      1.03353108	      0.54612737	     -0.02832483	     -0.35247783	     -0.15042853	      0.13582523	     -0.32550397	      0.15327753
      0.14406787	     -0.25809404	      0.25580260	      1.03305370	      0.54682552	     -0.03011346	     -0.34286496	     -0.14835553	      0.13269424	     -0.32977451	      0.15556676
      0.14535419	     -0.25950091	      0.25836804	      1.03257695	      0.54743196	     -0.03183829	     -0.33313890	     -0.14644410	      0.12926467	     -0.33406874	      0.15784165
      0.14664051	     -0.26088406	      0.26094000	      1.03210065	      0.54794836	     -0.03349875	     -0.32330766	     -0.14469527	      0.12553046	     -0.33838481	      0.16010225
      0.14792683	     -0.26224365	      0.26351847	      1.03162463	      0.54837673	     -0.03509419	     -0.31338024	     -0.14311005	      0.12148353	     -0.34272097	      0.16234872
      0.14921315	     -0.26357975	      0.26610339	      1.03114873	      0.54871941	     -0.03662407	     -0.30336758	     -0.14168930	      0.11711175	     -0.34707584	      0.16458106
      0.15049947	     -0.26489225	      0.26869472	      1.03067280	      0.54897877	     -0.03808808	     -0.29328162	     -0.14043381	      0.11240094	     -0.35144820	      0.16679902
      0.15178579	     -0.26617940	      0.27129244	      1.03019683	      0.54915570	     -0.03948790	     -0.28313593	     -0.13934377	      0.10733457	     -0.35583743	      0.16900042
      0.15307211	     -0.26743799	      0.27389656	      1.02972091	      0.54924963	     -0.04082698	     -0.27294481	     -0.13841892	      0.10189576	     -0.36024329	      0.17118139
      0.15435843	     -0.26866230	      0.27650717	      1.02924535	      0.54925731	     -0.04211189	     -0.26272319	     -0.13765818	      0.09606930	     -0.36466623	      0.17333504
      0.15564475	     -0.26984542	      0.27912438	      1.02877052	      0.54917415	     -0.04335058	     -0.25248597	     -0.13706007	      0.08984192	     -0.36910704	      0.17545317
      0.15693107	     -0.27097861	      0.28174836	      1.02829692	      0.54899341	     -0.04455328	     -0.24224728	     -0.13662256	      0.08320646	     -0.37356701	      0.17752540
      0.15821739	     -0.27205243	      0.28437929	      1.02782512	      0.54870739	     -0.04573111	     -0.23202056	     -0.13634333	      0.07615990	     -0.37804764	      0.17954053
      0.15950371	     -0.27305647	      0.28701741	      1.02735572	      0.54830701	     -0.04689635	     -0.22181764	     -0.13621978	      0.06870834	     -0.38255077	      0.18148622
      0.16079003	     -0.27398004	      0.28966294	      1.02688936	      0.54778276	     -0.04806163	     -0.21164939	     -0.13624919	      0.06086283	     -0.38707836	      0.18334987
      0.16207635	     -0.27481242	      0.29231612	      1.02642664	      0.54712472	     -0.04923964	     -0.20152496	     -0.13642880	      0.05264377	     -0.39163248	      0.18511876
      0.16336267	     -0.27554304	      0.29497719	      1.02596815	      0.54632306	     -0.05044287	     -0.19145271	     -0.13675590	      0.04407599	     -0.39621526	      0.18678043
      0.16464899	     -0.27616208	      0.29764636	      1.02551441	      0.54536856	     -0.05168291	     -0.18143975	     -0.13722798	      0.03519241	     -0.40082883	      0.18832321
      0.16593531	     -0.27666022	      0.30032382	      1.02506589	      0.54425253	     -0.05297071	     -0.17149272	     -0.13784270	      0.02602974	     -0.40547528	      0.18973608
      0.16722163	     -0.27702946	      0.30300971	      1.02462295	      0.54296770	     -0.05431562	     -0.16161775	     -0.13859808	      0.01663251	     -0.41015663	      0.19100947
      0.16850795	     -0.27726253	      0.30570415	      1.02418588	      0.54150767	     -0.05572608	     -0.15182092	     -0.13949235	      0.00704943	     -0.41487482	      0.19213471
      0.16979427	     -0.27735386	      0.30840719	      1.02375483	      0.53986803	     -0.05720847	     -0.14210853	     -0.14052424	     -0.00266207	     -0.41963165	      0.19310503
      0.17108059	     -0.27729874	      0.31111885	      1.02332989	      0.53804547	     -0.05876808	     -0.13248723	     -0.14169270	     -0.01244004	     -0.42442886	      0.19391472
      0.17236691	     -0.27709442	      0.31383908	      1.02291099	      0.53603909	     -0.06040784	     -0.12296431	     -0.14299723	     -0.02221695	     -0.42926803	      0.19456025
      0.17365323	     -0.27673914	      0.31656776	      1.02249799	      0.53384919	     -0.06212944	     -0.11354744	     -0.14443763	     -0.03192429	     -0.43415068	      0.19503926
      0.17493955	     -0.27623315	      0.31930472	      1.02209060	      0.53147847	     -0.06393211	     -0.10424449	     -0.14601424	     -0.04150023	     -0.43907824	      0.19535167
      0.17622587	     -0.27557768	      0.32204971	      1.02168848	      0.52893069	     -0.06581383	     -0.09506321	     -0.14772776	     -0.05089048	     -0.44405208	      0.19549850
      0.17751219	     -0.27477574	      0.32480243	      1.02129119	      0.52621152	     -0.06777035	     -0.08601050	     -0.14957937	     -0.06006238	     -0.44907366	      0.19548282
      0.17879851	     -0.27383117	      0.32756250	      1.02089823	      0.52332735	     -0.06979643	     -0.07709253	     -0.15157051	     -0.06899719	     -0.45414448	      0.19530861
      0.18008483	     -0.27274918	      0.33032951	      1.02050906	      0.52028582	     -0.07188510	     -0.06831400	     -0.15370294	     -0.07770151	     -0.45926627	      0.19498138
      0.18137115	     -0.27153556	      0.33310301	      1.02012307	      0.51709504	     -0.07402871	     -0.05967888	     -0.15597850	     -0.08619338	     -0.46444091	      0.19450733
      0.18265748	     -0.27019695	      0.33588249	      1.01973964	      0.51376383	     -0.07621865	     -0.05119032	     -0.15839906	     -0.09450449	     -0.46967059	      0.19389361
      0.18394380	     -0.26874026	      0.33866747	      1.01935811	      0.51030128	     -0.07844599	     -0.04285130	     -0.16096645	     -0.10266890	     -0.47495765	      0.19314767
      0.18523012	     -0.26717280	      0.34145740	      1.01897778	      0.50671685	     -0.08070151	     -0.03466518	     -0.16368232	     -0.11071987	     -0.48030472	      0.19227739
      0.18651644	     -0.26550193	      0.34425178	      1.01859797	      0.50302020	     -0.08297593	     -0.02663571	     -0.16654817	     -0.11868747	     -0.48571457	      0.19129076
      0.18780276	     -0.26373509	      0.34705007	      1.01821797	      0.49922124	     -0.08526009	     -0.01876826	     -0.16956519	     -0.12659026	     -0.49119032	      0.19019579
      0.18908908	     -0.26187968	      0.34985174	      1.01783705	      0.49533006	     -0.08754493	     -0.01106933	     -0.17273438	     -0.13443852	     -0.49673519	      0.18900049
      0.19037540	     -0.25994310	      0.35265626	      1.01745448	      0.49135729	     -0.08982163	     -0.00354860	     -0.17605622	     -0.14222198	     -0.50235287	      0.18771285
      0.19166172	     -0.25793285	      0.35546310	      1.01706954	      0.48731399	     -0.09208141	      0.00378231	     -0.17953088	     -0.14991828	     -0.50804731	      0.18634092
      0.19294804	     -0.25585692	      0.35827170	      1.01668145	      0.48321246	     -0.09431528	      0.01090766	     -0.18315773	     -0.15748820	     -0.51382322	      0.18489337
      0.19423436	     -0.25372377	      0.36108150	      1.01628942	      0.47906581	     -0.09651392	      0.01780964	     -0.18693563	     -0.16488745	     -0.51968581	      0.18337936
      0.19552068	     -0.25154267	      0.36389190	      1.01589264	      0.47488873	     -0.09866740	      0.02446571	     -0.19086263	     -0.17206386	     -0.52564095	      0.18180900
      0.19680700	     -0.24932329	      0.36670229	      1.01549029	      0.47069671	     -0.10076556	      0.03085066	     -0.19493646	     -0.17896220	     -0.53169479	      0.18019282
      0.19809332	     -0.24707612	      0.36951201	      1.01508157	      0.46650726	     -0.10279753	      0.03693189	     -0.19915426	     -0.18551162	     -0.53785396	      0.17854225
      0.19937964	     -0.24481205	      0.37232038	      1.01466567	      0.46233908	     -0.10475207	      0.04267218	     -0.20351292	     -0.19162971	     -0.54412532	      0.17686917
      0.20066596	     -0.24254325	      0.37512662	      1.01424179	      0.45821348	     -0.10661658	      0.04802505	     -0.20800908	     -0.19723516	     -0.55051637	      0.17518675
      0.20195228	     -0.24028266	      0.37792992	      1.01380921	      0.45415314	     -0.10837755	      0.05293958	     -0.21263934	     -0.20226036	     -0.55703505	      0.17350904
      0.20323860	     -0.23804556	      0.38072926	      1.01336729	      0.45018377	     -0.11001842	      0.05735575	     -0.21740064	     -0.20670764	     -0.56369098	      0.17185253
      0.20452492	     -0.23584873	      0.38352353	      1.01291550	      0.44633273	     -0.11152066	      0.06120876	     -0.22229012	     -0.21063392	     -0.57049515	      0.17023526
      0.20581124	     -0.23371254	      0.38631133	      1.01245360	      0.44263260	     -0.11286189	      0.06441287	     -0.22730294	     -0.21415521	     -0.57746420	      0.16867908
      0.20709756	     -0.23165953	      0.38909111	      1.01198152	      0.43911975	     -0.11401773	      0.06686523	     -0.23243207	     -0.21739126	     -0.58461867	      0.16720812
      0.20838388	     -0.22971853	      0.39186082	      1.01149969	      0.43584239	     -0.11495781	      0.06841130	     -0.23766501	     -0.22030654	     -0.59198779	      0.16585313
      0.20967020	     -0.22792283	      0.39461809	      1.01100884	      0.43285741	     -0.11564730	      0.06885981	     -0.24298626	     -0.22269348	     -0.59960554	      0.16464959
      0.21095652	     -0.22631356	      0.39735994	      1.01051042	      0.43023068	     -0.11604213	      0.06799603	     -0.24837796	     -0.22395480	     -0.60751451	      0.16364128
      0.21224284	     -0.22494109	      0.40008263	      1.01000639	      0.42804067	     -0.11608531	      0.06557159	     -0.25382543	     -0.22337788	     -0.61576391	      0.16288164
      0.21352916	     -0.22382562	      0.40278484	      1.00949969	      0.42627710	     -0.11576210	      0.06173538	     -0.25929897	     -0.21988311	     -0.62440532	      0.16239257
      0.21481548	     -0.22294743	      0.40546842	      1.00899376	      0.42482910	     -0.11511327	      0.05706242	     -0.26475230	     -0.21256876	     -0.63347272	      0.16215419
      0.21610180	     -0.22229254	      0.40813433	      1.00849203	      0.42360006	     -0.11416554	      0.05210162	     -0.27017027	     -0.20250645	     -0.64279989	      0.16215168
      0.21738812	     -0.22187104	      0.41078125	      1.00799743	      0.42255821	     -0.11290786	      0.04714408	     -0.27557047	     -0.19129319	     -0.65207424	      0.16239470
      0.21867444	     -0.22169474	      0.41340741	      1.00751251	      0.42169875	     -0.11132619	      0.04232979	     -0.28097451	     -0.17983073	     -0.66088955	      0.16289391
      0.21996076	     -0.22177114	      0.41601128	      1.00704000	      0.42101941	     -0.10941444	      0.03775000	     -0.28639010	     -0.16866560	     -0.66884311	      0.16365532
      0.22124708	     -0.22210072	      0.41859182	      1.00658290	      0.42052091	     -0.10717460	      0.03342476	     -0.29181352	     -0.15797247	     -0.67567940	      0.16467752
      0.22253340	     -0.22268022	      0.42114826	      1.00614423	      0.42020206	     -0.10461146	      0.02936024	     -0.29723868	     -0.14782437	     -0.68131341	      0.16595508
      0.22381972	     -0.22350064	      0.42368017	      1.00572678	      0.42005884	     -0.10173405	      0.02554306	     -0.30265785	     -0.13819812	     -0.68584906	      0.16747637
      0.22510604	     -0.22455040	      0.42618727	      1.00533311	      0.42008492	     -0.09855337	      0.02195820	     -0.30806515	     -0.12905634	     -0.68941018	      0.16922693
      0.22639236	     -0.22581268	      0.42866969	      1.00496537	      0.42026859	     -0.09508629	      0.01858845	     -0.31345480	     -0.12035505	     -0.69214646	      0.17118675
      0.22767868	     -0.22726793	      0.43112776	      1.00462556	      0.42059475	     -0.09135373	      0.01541797	     -0.31881935	     -0.11205309	     -0.69420887	      0.17333294
      0.22896500	     -0.22889280	      0.43356221	      1.00431526	      0.42104348	     -0.08738212	      0.01243245	     -0.32415110	     -0.10411670	     -0.69572808	      0.17563877
      0.23025132	     -0.23066275	      0.43597389	      1.00403586	      0.42159323	     -0.08319955	      0.00961863	     -0.32944359	     -0.09651491	     -0.69681410	      0.17807630
      0.23153764	     -0.23255188	      0.43836386	      1.00378829	      0.42222028	     -0.07883609	      0.00696481	     -0.33469273	     -0.08922215	     -0.69754097	      0.18061638
      0.23282396	     -0.23453404	      0.44073329	      1.00357332	      0.42290027	     -0.07432228	      0.00446014	     -0.33989560	     -0.08221443	     -0.69796712	      0.18322965
      0.23411029	     -0.23658326	      0.44308343	      1.00339135	      0.42360842	     -0.06968859	      0.00209518	     -0.34505117	     -0.07547089	     -0.69812816	      0.18588720
      0.23539661	     -0.23867395	      0.44541561	      1.00324264	      0.42431986	     -0.06496515	     -0.00013854	     -0.35015907	     -0.06897197	     -0.69805237	      0.18856062
      0.23668293	     -0.24078177	      0.44773116	      1.00312716	      0.42501043	     -0.06018065	     -0.00224810	     -0.35522013	     -0.06270019	     -0.69775776	      0.19122302
      0.23796925	     -0.24288333	      0.45003141	      1.00304476	      0.42565694	     -0.05536262	     -0.00424045	     -0.36023570	     -0.05663812	     -0.69725951	      0.19384865
      0.23925557	     -0.24495738	      0.45231767	      1.00299509	      0.42623822	     -0.05053605	     -0.00612182	     -0.36520758	     -0.05076977	     -0.69657412	      0.19641424
      0.24054189	     -0.24698382	      0.45459121	      1.00297768	      0.42673409	     -0.04572457	     -0.00789785	     -0.37013749	     -0.04508021	     -0.69572193	      0.19889781
      0.24182821	     -0.24894513	      0.45685321	      1.00299192	      0.42712688	     -0.04094872	     -0.00957347	     -0.37502725	     -0.03955597	     -0.69472894	      0.20128037
      0.24311453	     -0.25082519	      0.45910481	      1.00303713	      0.42740037	     -0.03622730	     -0.01115329	     -0.37987876	     -0.03418426	     -0.69362327	      0.20354452
      0.24440085	     -0.25261074	      0.46134706	      1.00311246	      0.42754127	     -0.03157568	     -0.01264152	     -0.38469439	     -0.02895356	     -0.69243367	      0.20567607
      0.24568717	     -0.25428993	      0.46358093	      1.00321704	      0.42753779	     -0.02700745	     -0.01404218	     -0.38947683	     -0.02385293	     -0.69118762	      0.20766244
      0.24697349	     -0.25585364	      0.46580724	      1.00334986	      0.42738108	     -0.02253284	     -0.01535906	     -0.39422953	     -0.01887257	     -0.68990753	      0.20949408
      0.24825981	     -0.25729403	      0.46802680	      1.00350987	      0.42706370	     -0.01816048	     -0.01659587	     -0.39895638	     -0.01400319	     -0.68861222	      0.21116293
      0.24954613	     -0.25860571	      0.47024025	      1.00369597	      0.42658087	     -0.01389606	     -0.01775620	     -0.40366200	     -0.00923645	     -0.68731321	      0.21266360
      0.25083245	     -0.25978437	      0.47244820	      1.00390701	      0.42592903	     -0.00974388	     -0.01884361	     -0.40835131	     -0.00456449	     -0.68601843	      0.21399193
      0.25211877	     -0.26082767	      0.47465113	      1.00414179	      0.42510681	     -0.00570588	     -0.01986158	     -0.41302969	      0.00001974	     -0.68473013	      0.21514596
      0.25340509	     -0.26173418	      0.47684948	      1.00439911	      0.42411380	     -0.00178293	     -0.02081359	     -0.41770260	      0.00452288	     -0.68344843	      0.21612470
      0.25469141	     -0.26250396	      0.47904359	      1.00467778	      0.42295131	      0.00202591	     -0.02170302	     -0.42237564	      0.00895086	     -0.68217085	      0.21692883
      0.25597773	     -0.26313771	      0.48123378	      1.00497657	      0.42162134	      0.00572234	     -0.02253326	     -0.42705435	      0.01330929	     -0.68089432	      0.21755975
      0.25726405	     -0.26363727	      0.48342027	      1.00529429	      0.42012712	      0.00930934	     -0.02330764	     -0.43174415	      0.01760320	     -0.67961544	      0.21802006
      0.25855037	     -0.26400488	      0.48560326	      1.00562976	      0.41847239	      0.01279042	     -0.02402944	     -0.43645033	      0.02183732	     -0.67833100	      0.21831284
      0.25983669	     -0.26424360	      0.48778290	      1.00598180	      0.41666177	      0.01617000	     -0.02470191	     -0.44117800	      0.02601594	     -0.67703833	      0.21844204
      0.26112301	     -0.26435679	      0.48995928	      1.00634929	      0.41470021	      0.01945285	     -0.02532831	     -0.44593213	      0.03014312	     -0.67573512	      0.21841191
      0.26240933	     -0.26434840	      0.49213248	      1.00673110	      0.41259337	      0.02264441	     -0.02591187	     -0.45071745	      0.03422256	     -0.67441962	      0.21822736
      0.26369565	     -0.26422264	      0.49430253	      1.00712614	      0.41034718	      0.02575039	     -0.02645583	     -0.45553856	      0.03825778	     -0.67309032	      0.21789358
      0.26498197	     -0.26398419	      0.49646944	      1.00753333	      0.40796818	      0.02877705	     -0.02696347	     -0.46039983	      0.04225204	     -0.67174620	      0.21741623
      0.26626829	     -0.26363797	      0.49863319	      1.00795161	      0.40546314	      0.03173086	     -0.02743809	     -0.46530547	      0.04620844	     -0.67038641	      0.21680126
      0.26755461	     -0.26318929	      0.50079373	      1.00837994	      0.40283936	      0.03461872	     -0.02788305	     -0.47025942	      0.05012986	     -0.66901052	      0.21605501
      0.26884093	     -0.26264367	      0.50295100	      1.00881730	      0.40010434	      0.03744771	     -0.02830173	     -0.47526547	      0.05401905	     -0.66761830	      0.21518406
      0.27012725	     -0.26200692	      0.50510489	      1.00926269	      0.39726600	      0.04022524	     -0.02869756	     -0.48032709	      0.05787852	     -0.66620990	      0.21419531
      0.27141357	     -0.26128500	      0.50725531	      1.00971512	      0.39433240	      0.04295878	     -0.02907396	     -0.48544762	      0.06171061	     -0.66478562	      0.21309581
      0.27269989	     -0.26048407	      0.50940215	      1.01017361	      0.39131186	      0.04565600	     -0.02943438	     -0.49063002	      0.06551735	     -0.66334606	      0.21189280
      0.27398621	     -0.25961035	      0.51154526	      1.01063723	      0.38821276	      0.04832458	     -0.02978220	     -0.49587711	      0.06930056	     -0.66189192	      0.21059363
      0.27527253	     -0.25867012	      0.51368452	      1.01110503	      0.38504350	      0.05097215	     -0.03012072	     -0.50119134	      0.07306156	     -0.66042410	      0.20920566
      0.27655885	     -0.25766964	      0.51581980	      1.01157612	      0.38181248	      0.05360630	     -0.03045315	     -0.50657497	      0.07680139	     -0.65894354	      0.20773626
      0.27784517	     -0.25661510	      0.51795095	      1.01204963	      0.37852789	      0.05623437	     -0.03078251	     -0.51202991	      0.08052040	     -0.65745130	      0.20619268
      0.27913149	     -0.25551256	      0.52007784	      1.01252472	      0.37519779	      0.05886357	     -0.03111169	     -0.51755785	      0.08421855	     -0.65594846	      0.20458205
      0.28041781	     -0.25436787	      0.52220035	      1.01300056	      0.37182987	      0.06150067	     -0.03144325	     -0.52316008	      0.08789491	     -0.65443619	      0.20291123
      0.28170413	     -0.25318670	      0.52431836	      1.01347640	      0.36843153	      0.06415220	     -0.03177959	     -0.52883772	      0.09154806	     -0.65291569	      0.20118689
      0.28299045	     -0.25197433	      0.52643176	      1.01395150	      0.36500964	      0.06682414	     -0.03212272	     -0.53459148	      0.09517555	     -0.65138824	      0.19941527
      0.28427677	     -0.25073584	      0.52854046	      1.01442516	      0.36157074	      0.06952212	     -0.03247443	     -0.54042184	      0.09877438	     -0.64985514	      0.19760234
      0.28556309	     -0.24947581	      0.53064440	      1.01489674	      0.35812063	      0.07225110	     -0.03283607	     -0.54632889	      0.10234054	     -0.64831773	      0.19575355
      0.28684942	     -0.24819856	      0.53274349	      1.01536564	      0.35466474	      0.07501565	     -0.03320875	     -0.55231253	      0.10586951	     -0.64677737	      0.19387402
      0.28813574	     -0.24690787	      0.53483771	      1.01583129	      0.35120770	      0.07781960	     -0.03359314	     -0.55837226	      0.10935600	     -0.64523542	      0.19196826
      0.28942206	     -0.24560721	      0.53692704	      1.01629318	      0.34775374	      0.08066635	     -0.03398970	     -0.56450739	      0.11279440	     -0.64369322	      0.19004044
      0.29070838	     -0.24429948	      0.53901146	      1.01675086	      0.34430627	      0.08355854	     -0.03439852	     -0.57071690	      0.11617885	     -0.64215204	      0.18809410
      0.29199470	     -0.24298730	      0.54109098	      1.01720388	      0.34086829	      0.08649842	     -0.03481951	     -0.57699959	      0.11950351	     -0.64061311	      0.18613243
      0.29328102	     -0.24167271	      0.54316565	      1.01765188	      0.33744205	      0.08948748	     -0.03525237	     -0.58335396	      0.12276302	     -0.63907757	      0.18415797
      0.29456734	     -0.24035749	      0.54523550	      1.01809451	      0.33402946	      0.09252687	     -0.03569672	     -0.58977838	      0.12595246	     -0.63754651	      0.18217299
      0.29585366	     -0.23904290	      0.54730060	      1.01853148	      0.33063173	      0.09561704	     -0.03615207	     -0.59627099	      0.12906808	     -0.63602089	      0.18017912
      0.29713998	     -0.23772996	      0.54936102	      1.01896252	      0.32724982	      0.09875815	     -0.03661795	     -0.60282978	      0.13210684	     -0.63450163	      0.17817776
      0.29842630	     -0.23641926	      0.55141684	      1.01938742	      0.32388411	      0.10194979	     -0.03709388	     -0.60945260	      0.13506726	     -0.63298955	      0.17616979
      0.29971262	     -0.23511116	      0.55346817	      1.01980598	      0.32053474	      0.10519127	     -0.03757943	     -0.61613716	      0.13794862	     -0.63148541	      0.17415585
      0.30099894	     -0.23380571	      0.55551510	      1.02021805	      0.31720144	      0.10848150	     -0.03807421	     -0.62288108	      0.14075159	     -0.62998992	      0.17213620
      0.30228526	     -0.23250278	      0.55755775	      1.02062348	      0.31388375	      0.11181917	     -0.03857784	     -0.62968190	      0.14347741	     -0.62850372	      0.17011092
      0.30357158	     -0.23120202	      0.55959625	      1.02102217	      0.31058089	      0.11520269	     -0.03908993	     -0.63653704	      0.14612815	     -0.62702742	      0.16807983
      0.30485790	     -0.22990299	      0.56163071	      1.02141404	      0.30729198	      0.11863033	     -0.03961010	     -0.64344392	      0.14870610	     -0.62556159	      0.16604263
      0.30614422	     -0.22860512	      0.56366126	      1.02179902	      0.30401593	      0.12210025	     -0.04013788	     -0.65039988	      0.15121377	     -0.62410672	      0.16399890
      0.30743054	     -0.22730780	      0.56568804	      1.02217705	      0.30075161	      0.12561052	     -0.04067279	     -0.65740225	      0.15365362	     -0.62266331	      0.16194818
      0.30871686	     -0.22601045	      0.56771117	      1.02254809	      0.29749783	      0.12915927	     -0.04121424	     -0.66444837	      0.15602794	     -0.62123178	      0.15989001
      0.31000318	     -0.22471248	      0.56973078	      1.02291210	      0.29425344	      0.13274461	     -0.04176162	     -0.67153555	      0.15833887	     -0.61981257	      0.15782396
      0.31128950	     -0.22341344	      0.57174701	      1.02326903	      0.29101736	      0.13636483	     -0.04231427	     -0.67866112	      0.16058832	     -0.61840608	      0.15574975
      0.31257582	     -0.22211294	      0.57375997	      1.02361886	      0.28778862	      0.14001829	     -0.04287152	     -0.68582246	      0.16277815	     -0.61701277	      0.15366715
      0.31386214	     -0.22081079	      0.57576979	      1.02396154	      0.28456645	      0.14370362	     -0.04343273	     -0.69301695	      0.16491016	     -0.61563315	      0.15157620
      0.31514846	     -0.21950690	      0.57777658	      1.02429702	      0.28135023	      0.14741955	     -0.04399729	     -0.70024202	      0.16698622	     -0.61426778	      0.14947702
      0.31643478	     -0.21820141	      0.57978044	      1.02462524	      0.27813962	      0.15116515	     -0.04456469	     -0.70749514	      0.16900837	     -0.61291733	      0.14737003
      0.31772110	     -0.21689462	      0.58178149	      1.02494614	      0.27493446	      0.15493962	     -0.04513446	     -0.71477381	      0.17097875	     -0.61158252	      0.14525579
      0.31900742	     -0.21558704	      0.58377981	      1.02525963	      0.27173487	      0.15874248	     -0.04570627	     -0.72207558	      0.17289974	     -0.61026410	      0.14313512
      0.32029374	     -0.21427931	      0.58577550	      1.02556565	      0.26854116	      0.16257341	     -0.04627981	     -0.72939802	      0.17477377	     -0.60896283	      0.14100902
      0.32158006	     -0.21297229	      0.58776864	      1.02586409	      0.26535391	      0.16643234	     -0.04685490	     -0.73673877	      0.17660333	     -0.60767941	      0.13887870
      0.32286638	     -0.21166696	      0.58975932	      1.02615486	      0.26217381	      0.17031935	     -0.04743136	     -0.74409548	      0.17839088	     -0.60641451	      0.13674551
      0.32415270	     -0.21036444	      0.59174761	      1.02643784	      0.25900177	      0.17423473	     -0.04800903	     -0.75146584	      0.18013860	     -0.60516874	      0.13461100
      0.32543902	     -0.20906593	      0.59373358	      1.02671292	      0.25583876	      0.17817884	     -0.04858776	     -0.75884754	      0.18184852	     -0.60394267	      0.13247677
      0.32672534	     -0.20777273	      0.59571731	      1.02698000	      0.25268586	      0.18215218	     -0.04916735	     -0.76623832	      0.18352217	     -0.60273688	      0.13034456
      0.32801166	     -0.20648616	      0.59769887	      1.02723896	      0.24954417	      0.18615528	     -0.04974755	     -0.77363592	      0.18516084	     -0.60155194	      0.12821613
      0.32929798	     -0.20520760	      0.59967834	      1.02748969	      0.24641483	      0.19018873	     -0.05032803	     -0.78103812	      0.18676524	     -0.60038808	      0.12609330
      0.33058430	     -0.20393833	      0.60165579	      1.02773209	      0.24329886	      0.19425299	     -0.05090841	     -0.78844259	      0.18833586	     -0.59924459	      0.12397781
      0.33187062	     -0.20267962	      0.60363132	      1.02796604	      0.24019721	      0.19834837	     -0.05148816	     -0.79584700	      0.18987273	     -0.59811826	      0.12187135
      0.33315694	     -0.20143280	      0.60560499	      1.02819146	      0.23711093	      0.20247546	     -0.05206684	     -0.80324939	      0.19137578	     -0.59700581	      0.11977572
      0.33444326	     -0.20019927	      0.60757687	      1.02840823	      0.23404119	      0.20663500	     -0.05264400	     -0.81064803	      0.19284479	     -0.59590515	      0.11769274
      0.33572958	     -0.19898037	      0.60954704	      1.02861625	      0.23098907	      0.21082768	     -0.05321916	     -0.81804109	      0.19427948	     -0.59481469	      0.11562418
      0.33701590	     -0.19777737	      0.61151557	      1.02881543	      0.22795561	      0.21505412	     -0.05379190	     -0.82542675	      0.19567966	     -0.59373344	      0.11357175
      0.33830223	     -0.19659154	      0.61348252	      1.02900567	      0.22494183	      0.21931494	     -0.05436181	     -0.83280320	      0.19704523	     -0.59266066	      0.11153709
      0.33958855	     -0.19542405	      0.61544798	      1.02918690	      0.22194870	      0.22361067	     -0.05492856	     -0.84016862	      0.19837632	     -0.59159589	      0.10952180
      0.34087487	     -0.19427606	      0.61741201	      1.02935903	      0.21897720	      0.22794185	     -0.05549188	     -0.84752123	      0.19967316	     -0.59053872	      0.10752742
      0.34216119	     -0.19314866	      0.61937469	      1.02952200	      0.21602827	      0.23230893	     -0.05605157	     -0.85485928	      0.20093624	     -0.58948885	      0.10555542
      0.34344751	     -0.19204293	      0.62133609	      1.02967573	      0.21310285	      0.23671239	     -0.05660754	     -0.86218103	      0.20216613	     -0.58844596	      0.10360724
      0.34473383	     -0.19095986	      0.62329628	      1.02982017	      0.21020186	      0.24115260	     -0.05715975	     -0.86948480	      0.20336350	     -0.58740977	      0.10168422
      0.34602015	     -0.18990043	      0.62525533	      1.02995527	      0.20732622	      0.24562996	     -0.05770826	     -0.87676893	      0.20452907	     -0.58638004	      0.09978768
      0.34730647	     -0.18886554	      0.62721331	      1.03008097	      0.20447683	      0.25014477	     -0.05825319	     -0.88403178	      0.20566348	     -0.58535656	      0.09791885
      0.34859279	     -0.18785609	      0.62917029	      1.03019723	      0.20165459	      0.25469734	     -0.05879471	     -0.89127176	      0.20676732	     -0.58433912	      0.09607894
      0.34987911	     -0.18687289	      0.63112633	      1.03030401	      0.19886039	      0.25928793	     -0.05933306	     -0.89848730	      0.20784102	     -0.58332756	      0.09426906
      0.35116543	     -0.18591673	      0.63308150	      1.03040128	      0.19609510	      0.26391674	     -0.05986853	     -0.90567688	      0.20888489	     -0.58232171	      0.09249029
      0.35245175	     -0.18498833	      0.63503586	      1.03048902	      0.19335959	      0.26858395	     -0.06040148	     -0.91283898	      0.20989903	     -0.58132142	      0.09074363
      0.35373807	     -0.18408839	      0.63698949	      1.03056720	      0.19065470	      0.27328971	     -0.06093229	     -0.91997215	      0.21088346	     -0.58032655	      0.08903005
      0.35502439	     -0.18321756	      0.63894243	      1.03063582	      0.18798131	      0.27803412	     -0.06146142	     -0.92707493	      0.21183799	     -0.57933697	      0.08735042
      0.35631071	     -0.18237644	      0.64089475	      1.03069486	      0.18534027	      0.28281724	     -0.06198938	     -0.93414593	      0.21276240	     -0.57835254	      0.08570560
      0.35759703	     -0.18156561	      0.64284651	      1.03074433	      0.18273243	      0.28763912	     -0.06251677	     -0.94118377	      0.21365635	     -0.57737313	      0.08409639
      0.35888335	     -0.18078560	      0.64479777	      1.03078423	      0.18015866	      0.29249977	     -0.06304423	     -0.94818709	      0.21451950	     -0.57639859	      0.08252352
      0.36016967	     -0.18003691	      0.64674857	      1.03081457	      0.17761984	      0.29739918	     -0.06357247	     -0.95515456	      0.21535144	     -0.57542878	      0.08098771
      0.36145599	     -0.17932003	      0.64869897	      1.03083537	      0.17511686	      0.30233731	     -0.06410227	     -0.96208490	      0.21615180	     -0.57446353	      0.07948963
      0.36274231	     -0.17863539	      0.65064902	      1.03084664	      0.17265063	      0.30731411	     -0.06463450	     -0.96897683	      0.21692017	     -0.57350266	      0.07802989
      0.36402863	     -0.17798344	      0.65259876	      1.03084843	      0.17022205	      0.31232951	     -0.06517003	     -0.97582909	      0.21765614	     -0.57254599	      0.07660912
      0.36531495	     -0.17736459	      0.65454826	      1.03084075	      0.16783207	      0.31738342	     -0.06570983	     -0.98264045	      0.21835938	     -0.57159333	      0.07522788
      0.36660127	     -0.17677923	      0.65649754	      1.03082366	      0.16548163	      0.32247575	     -0.06625489	     -0.98940970	      0.21902960	     -0.57064449	      0.07388673
      0.36788759	     -0.17622775	      0.65844665	      1.03079719	      0.16317170	      0.32760641	     -0.06680630	     -0.99613563	      0.21966680	     -0.56969927	      0.07258621
      0.36917391	     -0.17571055	      0.66039563	      1.03076141	      0.16090327	      0.33277529	     -0.06736518	     -1.00281705	      0.22027116	     -0.56875746	      0.07132685
      0.37046023	     -0.17522800	      0.66234451	      1.03071638	      0.15867737	      0.33798229	     -0.06793276	     -1.00945279	      0.22084317	     -0.56781884	      0.07010918
      0.37174655	     -0.17478050	      0.66429334	      1.03066215	      0.15649505	      0.34322733	     -0.06851028	     -1.01604167	      0.22138353	     -0.56688320	      0.06893370
      0.37303287	     -0.17436845	      0.66624215	      1.03059881	      0.15435750	      0.34851035	     -0.06909941	     -1.02258256	      0.22189589	     -0.56595028	      0.06780098
      0.37431919	     -0.17399233	      0.66819094	      1.03052642	      0.15226606	      0.35383136	     -0.06970220	     -1.02907434	      0.22238610	     -0.56501981	      0.06671160
      0.37560551	     -0.17365259	      0.67013976	      1.03044505	      0.15022213	      0.35919040	     -0.07032085	     -1.03551588	      0.22285830	     -0.56409152	      0.06566616
      0.37689183	     -0.17334970	      0.67208863	      1.03035481	      0.14822704	      0.36458743	     -0.07095720	     -1.04190607	      0.22331339	     -0.56316511	      0.06466522
      0.37817815	     -0.17308403	      0.67403756	      1.03025580	      0.14628181	      0.37002235	     -0.07161211	     -1.04824371	      0.22374592	     -0.56224028	      0.06370928
      0.37946447	     -0.17285590	      0.67598659	      1.03014815	      0.14438729	      0.37549494	     -0.07228583	     -1.05452757	      0.22414727	     -0.56131667	      0.06279876
      0.38075079	     -0.17266552	      0.67793576	      1.03003202	      0.14254395	      0.38100482	     -0.07297765	     -1.06075635	      0.22450452	     -0.56039393	      0.06193398
      0.38203711	     -0.17251302	      0.67988510	      1.02990758	      0.14075207	      0.38655151	     -0.07368642	     -1.06692872	      0.22480342	     -0.55947170	      0.06111516
      0.38332343	     -0.17239840	      0.68183467	      1.02977505	      0.13901152	      0.39213432	     -0.07441010	     -1.07304325	      0.22502566	     -0.55854964	      0.06034239
      0.38460975	     -0.17232157	      0.68378453	      1.02963465	      0.13732187	      0.39775243	     -0.07514607	     -1.07909841	      0.22515080	     -0.55762746	      0.05961566
      0.38589607	     -0.17228226	      0.68573474	      1.02948666	      0.13568227	      0.40340476	     -0.07589106	     -1.08509259	      0.22515899	     -0.55670498	      0.05893476
      0.38718239	     -0.17228012	      0.68768538	      1.02933140	      0.13409167	      0.40909010	     -0.07664182	     -1.09102407	      0.22503324	     -0.55578204	      0.05829940
      0.38846871	     -0.17231471	      0.68963651	      1.02916918	      0.13254894	      0.41480710	     -0.07739604	     -1.09689111	      0.22476849	     -0.55485858	      0.05770918
      0.38975504	     -0.17238557	      0.69158821	      1.02900034	      0.13105303	      0.42055439	     -0.07815247	     -1.10269192	      0.22436819	     -0.55393458	      0.05716367
      0.39104136	     -0.17249227	      0.69354055	      1.02882523	      0.12960320	      0.42633063	     -0.07891193	     -1.10842475	      0.22385057	     -0.55301004	      0.05666248
      0.39232768	     -0.17263442	      0.69549360	      1.02864419	      0.12819893	      0.43213456	     -0.07967631	     -1.11408787	      0.22323984	     -0.55208494	      0.05620528
      0.39361400	     -0.17281175	      0.69744741	      1.02845755	      0.12683992	      0.43796501	     -0.08044862	     -1.11967960	      0.22256460	     -0.55115925	      0.05579180
      0.39490032	     -0.17302400	      0.69940205	      1.02826564	      0.12552595	      0.44382086	     -0.08123197	     -1.12519829	      0.22185239	     -0.55023289	      0.05542187
      0.39618664	     -0.17327098	      0.70135758	      1.02806878	      0.12425679	      0.44970107	     -0.08202893	     -1.13064233	      0.22112499	     -0.54930572	      0.05509535
      0.39747296	     -0.17355252	      0.70331406	      1.02786727	      0.12303212	      0.45560459	     -0.08284157	     -1.13601016	      0.22039987	     -0.54837755	      0.05481213
      0.39875928	     -0.17386843	      0.70527154	      1.02766143	      0.12185148	      0.46153040	     -0.08367081	     -1.14130024	      0.21968688	     -0.54744815	      0.05457210
      0.40004560	     -0.17421854	      0.70723009	      1.02745155	      0.12071432	      0.46747745	     -0.08451707	     -1.14651111	      0.21899248	     -0.54651726	      0.05437517
      0.40133192	     -0.17460267	      0.70918978	      1.02723791	      0.11961999	      0.47344471	     -0.08538000	     -1.15164131	      0.21831837	     -0.54558461	      0.05422122
      0.40261824	     -0.17502060	      0.71115066	      1.02702081	      0.11856776	      0.47943111	     -0.08625894	     -1.15668946	      0.21766475	     -0.54464992	      0.05411013
      0.40390456	     -0.17547214	      0.71311280	      1.02680050	      0.11755686	      0.48543562	     -0.08715293	     -1.16165422	      0.21702986	     -0.54371290	      0.05404175
      0.40519088	     -0.17595706	      0.71507626	      1.02657725	      0.11658651	      0.49145716	     -0.08806089	     -1.16653430	      0.21641152	     -0.54277329	      0.05401593
      0.40647720	     -0.17647511	      0.71704111	      1.02635130	      0.11565588	      0.49749466	     -0.08898168	     -1.17132845	      0.21580708	     -0.54183079	      0.05403249
      0.40776352	     -0.17702603	      0.71900740	      1.02612292	      0.11476414	      0.50354703	     -0.08991413	     -1.17603547	      0.21521382	     -0.54088512	      0.05409122
      0.40904984	     -0.17760954	      0.72097519	      1.02589232	      0.11391042	      0.50961316	     -0.09085705	     -1.18065423	      0.21462905	     -0.53993597	      0.05419189
      0.41033616	     -0.17822530	      0.72294455	      1.02565974	      0.11309382	      0.51569190	     -0.09180928	     -1.18518363	      0.21405015	     -0.53898304	      0.05433421
      0.41162248	     -0.17887295	      0.72491553	      1.02542540	      0.11231342	      0.52178210	     -0.09276966	     -1.18962262	      0.21347465	     -0.53802599	      0.05451786
      0.41290880	     -0.17955211	      0.72688820	      1.02518951	      0.11156824	      0.52788253	     -0.09373707	     -1.19397018	      0.21290019	     -0.53706450	      0.05474249
      0.41419512	     -0.18026235	      0.72886260	      1.02495228	      0.11085729	      0.53399198	     -0.09471039	     -1.19822536	      0.21232462	     -0.53609821	      0.05500767
      0.41548144	     -0.18100319	      0.73083880	      1.02471390	      0.11017956	      0.54010918	     -0.09568852	     -1.20238723	      0.21174591	     -0.53512678	      0.05531297
      0.41676776	     -0.18177417	      0.73281685	      1.02447457	      0.10953400	      0.54623285	     -0.09667042	     -1.20645494	      0.21116224	     -0.53414983	      0.05565790
      0.41805408	     -0.18257476	      0.73479682	      1.02423447	      0.10891955	      0.55236169	     -0.09765506	     -1.21042765	      0.21057187	     -0.53316700	      0.05604196
      0.41934040	     -0.18340443	      0.73677874	      1.02399378	      0.10833516	      0.55849440	     -0.09864144	     -1.21430458	      0.20997328	     -0.53217792	      0.05646462
      0.42062672	     -0.18426265	      0.73876269	      1.02375266	      0.10777976	      0.56462966	     -0.09962861	     -1.21808499	      0.20936503	     -0.53118221	      0.05692532
      0.42191304	     -0.18514886	      0.74074871	      1.02351127	      0.10725229	      0.57076616	     -0.10061565	     -1.22176819	      0.20874584	     -0.53017953	      0.05742351
      0.42319936	     -0.18606250	      0.74273686	      1.02326977	      0.10675172	      0.57690261	     -0.10160167	     -1.22535351	      0.20811448	     -0.52916950	      0.05795861
      0.42448568	     -0.18700303	      0.74472717	      1.02302829	      0.10627702	      0.58303769	     -0.10258584	     -1.22884035	      0.20746984	     -0.52815178	      0.05853006
      0.42577200	     -0.18796989	      0.74671971	      1.02278698	      0.10582717	      0.58917014	     -0.10356733	     -1.23222814	      0.20681087	     -0.52712601	      0.05913727
      0.42705832	     -0.18896252	      0.74871452	      1.02254595	      0.10540121	      0.59529869	     -0.10454539	     -1.23551634	      0.20613659	     -0.52609181	      0.05977969
      0.42834464	     -0.18998039	      0.75071164	      1.02230533	      0.10499816	      0.60142208	     -0.10551927	     -1.23870445	      0.20544607	     -0.52504879	      0.06045675
      0.42963096	     -0.19102296	      0.75271112	      1.02206523	      0.10461710	      0.60753907	     -0.10648827	     -1.24179201	      0.20473841	     -0.52399654	      0.06116788
      0.43091728	     -0.19208968	      0.75471300	      1.02182575	      0.10425709	      0.61364844	     -0.10745171	     -1.24477860	      0.20401278	     -0.52293462	      0.06191253
      0.43220360	     -0.19318002	      0.75671733	      1.02158699	      0.10391725	      0.61974896	     -0.10840897	     -1.24766381	      0.20326837	     -0.52186257	      0.06269013
      0.43348992	     -0.19429343	      0.75872415	      1.02134904	      0.10359668	      0.62583941	     -0.10935941	     -1.25044727	      0.20250437	     -0.52077989	      0.06350012
      0.43477624	     -0.19542938	      0.76073350	      1.02111200	      0.10329449	      0.63191857	     -0.11030245	     -1.25312864	      0.20172005	     -0.51968608	      0.06434193
      0.43606256	     -0.19658730	      0.76274542	      1.02087594	      0.10300981	      0.63798522	     -0.11123753	     -1.25570758	      0.20091465	     -0.51858058	      0.06521497
      0.43734888	     -0.19776662	      0.76475996	      1.02064095	      0.10274174	      0.64403810	     -0.11216409	     -1.25818381	      0.20008748	     -0.51746281	      0.06611863
      0.43863520	     -0.19896677	      0.76677715	      1.02040711	      0.10248940	      0.65007597	     -0.11308161	     -1.26055703	      0.19923784	     -0.51633217	      0.06705231
      0.43992152	     -0.20018712	      0.76879704	      1.02017449	      0.10225187	      0.65609753	     -0.11398958	     -1.26282697	      0.19836504	     -0.51518802	      0.06801535
      0.44120784	     -0.20142704	      0.77081967	      1.01994318	      0.10202822	      0.66210149	     -0.11488749	     -1.26499338	      0.19746844	     -0.51402968	      0.06900708
      0.44249417	     -0.20268589	      0.77284509	      1.01971324	      0.10181750	      0.66808650	     -0.11577488	     -1.26705601	      0.19654739	     -0.51285648	      0.07002681
      0.44378049	     -0.20396297	      0.77487334	      1.01948475	      0.10161875	      0.67405121	     -0.11665126	     -1.26901462	      0.19560126	     -0.51166770	      0.07107380
      0.44506681	     -0.20525757	      0.77690448	      1.01925778	      0.10143097	      0.67999421	     -0.11751618	     -1.27086899	      0.19462943	     -0.51046263	      0.07214730
      0.44635313	     -0.20656898	      0.77893854	      1.01903242	      0.10125315	      0.68591409	     -0.11836920	     -1.27261890	      0.19363131	     -0.50924053	      0.07324653
      0.44763945	     -0.20789642	      0.78097558	      1.01880874	      0.10108426	      0.69180939	     -0.11920989	     -1.27426413	      0.19260629	     -0.50800065	      0.07437067
      0.44892577	     -0.20923913	      0.78301566	      1.01858682	      0.10092327	      0.69767865	     -0.12003783	     -1.27580448	      0.19155380	     -0.50674226	      0.07551891
      0.45021209	     -0.21059632	      0.78505881	      1.01836673	      0.10076912	      0.70352038	     -0.12085263	     -1.27723972	      0.19047325	     -0.50546463	      0.07669041
      0.45149841	     -0.21196720	      0.78710510	      1.01814855	      0.10062077	      0.70933308	     -0.12165391	     -1.27856968	      0.18936409	     -0.50416701	      0.07788432
      0.45278473	     -0.21335098	      0.78915458	      1.01793236	      0.10047719	      0.71511525	     -0.12244132	     -1.27979413	      0.18822576	     -0.50284869	      0.07909979
      0.45407105	     -0.21474686	      0.79120731	      1.01771823	      0.10033734	      0.72086539	     -0.12321452	     -1.28091289	      0.18705770	     -0.50150895	      0.08033600
      0.45535737	     -0.21615406	      0.79326334	      1.01750625	      0.10020024	      0.72658202	     -0.12397320	     -1.28192575	      0.18585936	     -0.50014707	      0.08159210
      0.45664369	     -0.21757182	      0.79532274	      1.01729649	      0.10006489	      0.73226365	     -0.12471709	     -1.28283253	      0.18463021	     -0.49876231	      0.08286730
      0.45793001	     -0.21899938	      0.79738556	      1.01708903	      0.09993038	      0.73790884	     -0.12544593	     -1.28363303	      0.18336969	     -0.49735393	      0.08416082
      0.45921633	     -0.22043602	      0.79945185	      1.01688394	      0.09979579	      0.74351614	     -0.12615950	     -1.28432706	      0.18207728	     -0.49592116	      0.08547189
      0.46050265	     -0.22188105	      0.80152170	      1.01668130	      0.09966029	      0.74908416	     -0.12685761	     -1.28491443	      0.18075243	     -0.49446319	      0.08679983
      0.46178897	     -0.22333379	      0.80359514	      1.01648117	      0.09952306	      0.75461152	     -0.12754012	     -1.28539495	      0.17939461	     -0.49297924	      0.08814392
      0.46307529	     -0.22479361	      0.80567225	      1.01628364	      0.09938336	      0.76009689	     -0.12820691	     -1.28576844	      0.17800327	     -0.49146848	      0.08950355
      0.46436161	     -0.22625990	      0.80775309	      1.01608877	      0.09924049	      0.76553895	     -0.12885789	     -1.28603470	      0.17657787	     -0.48993012	      0.09087811
      0.46564793	     -0.22773210	      0.80983772	      1.01589663	      0.09909380	      0.77093644	     -0.12949302	     -1.28619355	      0.17511786	     -0.48836335	      0.09226705
      0.46693425	     -0.22920966	      0.81192621	      1.01570730	      0.09894271	      0.77628813	     -0.13011228	     -1.28624478	      0.17362269	     -0.48676738	      0.09366985
      0.46822057	     -0.23069210	      0.81401862	      1.01552083	      0.09878671	      0.78159283	     -0.13071572	     -1.28618820	      0.17209181	     -0.48514140	      0.09508606
      0.46950689	     -0.23217928	      0.81611501	      1.01533727	      0.09862573	      0.78684980	     -0.13130350	     -1.28602366	      0.17052469	     -0.48348478	      0.09651565
      0.47079321	     -0.23367155	      0.81821542	      1.01515661	      0.09846032	      0.79205889	     -0.13187595	     -1.28575107	      0.16892083	     -0.48179715	      0.09795912
      0.47207953	     -0.23516892	      0.82031990	      1.01497890	      0.09829061	      0.79721951	     -0.13243333	     -1.28537024	      0.16727968	     -0.48007804	      0.09941660
      0.47336585	     -0.23667109	      0.82242852	      1.01480418	      0.09811641	      0.80233064	     -0.13297586	     -1.28488087	      0.16560064	     -0.47832688	      0.10088788
      0.47465217	     -0.23817790	      0.82454135	      1.01463252	      0.09793769	      0.80739145	     -0.13350385	     -1.28428266	      0.16388311	     -0.47654312	      0.10237292
      0.47593849	     -0.23968924	      0.82665845	      1.01446396	      0.09775452	      0.81240111	     -0.13401770	     -1.28357522	      0.16212647	     -0.47472618	      0.10387174
      0.47722481	     -0.24120503	      0.82877989	      1.01429856	      0.09756702	      0.81735880	     -0.13451784	     -1.28275815	      0.16033007	     -0.47287548	      0.10538436
      0.47851113	     -0.24272520	      0.83090574	      1.01413639	      0.09737535	      0.82226370	     -0.13500471	     -1.28183095	      0.15849325	     -0.47099046	      0.10691087
      0.47979745	     -0.24424971	      0.83303606	      1.01397749	      0.09717970	      0.82711500	     -0.13547875	     -1.28079309	      0.15661530	     -0.46907061	      0.10845137
      0.48108377	     -0.24577853	      0.83517094	      1.01382192	      0.09698028	      0.83191192	     -0.13594031	     -1.27964397	      0.15469550	     -0.46711556	      0.11000601
      0.48237009	     -0.24731168	      0.83731044	      1.01366972	      0.09677731	      0.83665366	     -0.13638976	     -1.27838299	      0.15273309	     -0.46512502	      0.11157493
      0.48365641	     -0.24884915	      0.83945463	      1.01352093	      0.09657103	      0.84133948	     -0.13682740	     -1.27700947	      0.15072733	     -0.46309889	      0.11315830
      0.48494273	     -0.25039096	      0.84160357	      1.01337558	      0.09636166	      0.84596860	     -0.13725357	     -1.27552273	      0.14867746	     -0.46103723	      0.11475629
      0.48622905	     -0.25193711	      0.84375733	      1.01323370	      0.09614943	      0.85054026	     -0.13766857	     -1.27392202	      0.14658274	     -0.45894034	      0.11636907
      0.48751537	     -0.25348761	      0.84591597	      1.01309532	      0.09593455	      0.85505367	     -0.13807272	     -1.27220659	      0.14444244	     -0.45680865	      0.11799677
      0.48880169	     -0.25504242	      0.84807957	      1.01296046	      0.09571720	      0.85950802	     -0.13846635	     -1.27037565	      0.14225585	     -0.45464288	      0.11963952
      0.49008801	     -0.25660149	      0.85024819	      1.01282914	      0.09549757	      0.86390249	     -0.13884979	     -1.26842835	      0.14002227	     -0.45244388	      0.12129740
      0.49137433	     -0.25816473	      0.85242188	      1.01270139	      0.09527579	      0.86823619	     -0.13922336	     -1.26636386	      0.13774102	     -0.45021274	      0.12297045
      0.49266065	     -0.25973202	      0.85460072	      1.01257721	      0.09505196	      0.87250824	     -0.13958740	     -1.26418130	      0.13541141	     -0.44795071	      0.12465868
      0.49394698	     -0.26130320	      0.85678476	      1.01245662	      0.09482616	      0.87671770	     -0.13994227	     -1.26187976	      0.13303281	     -0.44565924	      0.12636204
      0.49523330	     -0.26287809	      0.85897408	      1.01233964	      0.09459843	      0.88086360	     -0.14028834	     -1.25945835	      0.13060457	     -0.44333988	      0.12808045
      0.49651962	     -0.26445645	      0.86116872	      1.01222629	      0.09436880	      0.88494493	     -0.14062597	     -1.25691613	      0.12812607	     -0.44099437	      0.12981378
      0.49780594	     -0.26603801	      0.86336876	      1.01211658	      0.09413725	      0.88896066	     -0.14095556	     -1.25425217	      0.12559672	     -0.43862447	      0.13156184
      0.49909226	     -0.26762249	      0.86557426	      1.01201052	      0.09390374	      0.89290972	     -0.14127751	     -1.25146551	      0.12301593	     -0.43623206	      0.13332443
      0.50037858	     -0.26920955	      0.86778526	      1.01190812	      0.09366823	      0.89679103	     -0.14159226	     -1.24855520	      0.12038314	     -0.43381901	      0.13510130
      0.50166490	     -0.27079886	      0.87000185	      1.01180938	      0.09343066	      0.90060347	     -0.14190025	     -1.24552028	      0.11769782	     -0.43138719	      0.13689216
      0.50295122	     -0.27239005	      0.87222407	      1.01171432	      0.09319096	      0.90434592	     -0.14220196	     -1.24235978	      0.11495944	     -0.42893844	      0.13869672
      0.50423754	     -0.27398272	      0.87445198	      1.01162294	      0.09294904	      0.90801722	     -0.14249788	     -1.23907273	      0.11216750	     -0.42647449	      0.14051464
      0.50552386	     -0.27557646	      0.87668564	      1.01153525	      0.09270483	      0.91161620	     -0.14278854	     -1.23565815	      0.10932151	     -0.42399703	      0.14234555
      0.50681018	     -0.27717080	      0.87892511	      1.01145124	      0.09245818	      0.91514161	     -0.14307448	     -1.23211505	      0.10642103	     -0.42150755	      0.14418901
      0.50809650	     -0.27876522	      0.88117045	      1.01137092	      0.09220892	      0.91859215	     -0.14335627	     -1.22844240	      0.10346560	     -0.41900749	      0.14604454
      0.50938282	     -0.28035914	      0.88342172	      1.01129430	      0.09195684	      0.92196643	     -0.14363451	     -1.22463917	      0.10045481	     -0.41649814	      0.14791156
      0.51066914	     -0.28195193	      0.88567898	      1.01122139	      0.09170166	      0.92526299	     -0.14390980	     -1.22070430	      0.09738823	     -0.41398072	      0.14978946
      0.51195546	     -0.28354287	      0.88794229	      1.01115220	      0.09144307	      0.92848030	     -0.14418282	     -1.21663668	      0.09426548	     -0.41145637	      0.15167751
      0.51324178	     -0.28513125	      0.89021171	      1.01108674	      0.09118073	      0.93161676	     -0.14445423	     -1.21243519	      0.09108618	     -0.40892625	      0.15357496
      0.51452810	     -0.28671626	      0.89248731	      1.01102501	      0.09091429	      0.93467072	     -0.14472478	     -1.20809865	      0.08785000	     -0.40639148	      0.15548100
      0.51581442	     -0.28829712	      0.89476914	      1.01096704	      0.09064340	      0.93764051	     -0.14499523	     -1.20362586	      0.08455659	     -0.40385323	      0.15739480
      0.51710074	     -0.28987303	      0.89705727	      1.01091283	      0.09036774	      0.94052444	     -0.14526640	     -1.19901558	      0.08120565	     -0.40131271	      0.15931553
      0.51838706	     -0.29144318	      0.89935175	      1.01086238	      0.09008700	      0.94332081	     -0.14553915	     -1.19426654	      0.07779689	     -0.39877115	      0.16124234
      0.51967338	     -0.29300678	      0.90165264	      1.01081570	      0.08980095	      0.94602793	     -0.14581443	     -1.18937740	      0.07433005	     -0.39622975	      0.16317441
      0.52095970	     -0.29456306	      0.90396001	      1.01077278	      0.08950937	      0.94864412	     -0.14609321	     -1.18434683	      0.07080487	     -0.39368970	      0.16511091
      0.52224602	     -0.29611127	      0.90627389	      1.01073362	      0.08921213	      0.95116771	     -0.14637652	     -1.17917343	      0.06722116	     -0.39115201	      0.16705106
      0.52353234	     -0.29765069	      0.90859435	      1.01069821	      0.08890915	      0.95359707	     -0.14666545	     -1.17385579	      0.06357870	     -0.38861761	      0.16899411
      0.52481866	     -0.29918065	      0.91092144	      1.01066652	      0.08860042	      0.95593058	     -0.14696118	     -1.16839245	      0.05987733	     -0.38608711	      0.17093935
      0.52610498	     -0.30070050	      0.91325520	      1.01063855	      0.08828602	      0.95816667	     -0.14726489	     -1.16278192	      0.05611689	     -0.38356100	      0.17288611
      0.52739130	     -0.30220966	      0.91559568	      1.01061425	      0.08796615	      0.96030382	     -0.14757788	     -1.15702268	      0.05229725	     -0.38103940	      0.17483380
      0.52867762	     -0.30370761	      0.91794292	      1.01059359	      0.08764105	      0.96234056	     -0.14790150	     -1.15111319	      0.04841830	     -0.37852232	      0.17678188
      0.52996394	     -0.30519392	      0.92029696	      1.01057652	      0.08731117	      0.96427552	     -0.14823718	     -1.14505184	      0.04447998	     -0.37600958	      0.17872992
      0.53125026	     -0.30666822	      0.92265784	      1.01056299	      0.08697701	      0.96610738	     -0.14858639	     -1.13883701	      0.04048221	     -0.37350096	      0.18067755
      0.53253658	     -0.30813024	      0.92502559	      1.01055294	      0.08663929	      0.96783493	     -0.14895075	     -1.13246703	      0.03642495	     -0.37099628	      0.18262456
      0.53382290	     -0.30957981	      0.92740023	      1.01054628	      0.08629881	      0.96945707	     -0.14933189	     -1.12594019	      0.03230821	     -0.36849539	      0.18457079
      0.53510922	     -0.31101689	      0.92978179	      1.01054294	      0.08595661	      0.97097283	     -0.14973158	     -1.11925473	      0.02813199	     -0.36599816	      0.18651626
      0.53639554	     -0.31244151	      0.93217028	      1.01054281	      0.08561382	      0.97238130	     -0.15015163	     -1.11240884	      0.02389631	     -0.36350438	      0.18846108
      0.53768186	     -0.31385381	      0.93456573	      1.01054579	      0.08527176	      0.97368169	     -0.15059397	     -1.10540071	      0.01960124	     -0.36101326	      0.19040547
      0.53896818	     -0.31525399	      0.93696814	      1.01055178	      0.08493182	      0.97487325	     -0.15106055	     -1.09822849	      0.01524684	     -0.35852353	      0.19234973
      0.54025450	     -0.31664229	      0.93937752	      1.01056063	      0.08459548	      0.97595524	     -0.15155341	     -1.09089033	      0.01083319	     -0.35603233	      0.19429418
      0.54154082	     -0.31801895	      0.94179389	      1.01057224	      0.08426424	      0.97692691	     -0.15207460	     -1.08338442	      0.00636039	     -0.35353570	      0.19623920
      0.54282714	     -0.31938418	      0.94421726	      1.01058647	      0.08393959	      0.97778741	     -0.15262624	     -1.07570894	      0.00182853	     -0.35102727	      0.19818509
      0.54411346	     -0.32073815	      0.94664766	      1.01060321	      0.08362297	      0.97853582	     -0.15321043	     -1.06786213	     -0.00276228	     -0.34849935	      0.20013213
      0.54539979	     -0.32208090	      0.94908509	      1.01062231	      0.08331571	      0.97917107	     -0.15382931	     -1.05984227	     -0.00741195	     -0.34594205	      0.20208045
      0.54668611	     -0.32341240	      0.95152960	      1.01064366	      0.08301903	      0.97969197	     -0.15448499	     -1.05164764	     -0.01212037	     -0.34334468	      0.20403008
      0.54797243	     -0.32473246	      0.95398120	      1.01066716	      0.08273400	      0.98009713	     -0.15517960	     -1.04327652	     -0.01688746	     -0.34069616	      0.20598088
      0.54925875	     -0.32604076	      0.95643994	      1.01069268	      0.08246156	      0.98038509	     -0.15591526	     -1.03472718	     -0.02171315	     -0.33798578	      0.20793258
      0.55054507	     -0.32733685	      0.95890585	      1.01072012	      0.08220250	      0.98055424	     -0.15669410	     -1.02599784	     -0.02659737	     -0.33520492	      0.20988472
      0.55183139	     -0.32862018	      0.96137897	      1.01074939	      0.08195751	      0.98060287	     -0.15751823	     -1.01708663	     -0.03154007	     -0.33234666	      0.21183671
      0.55311771	     -0.32989001	      0.96385935	      1.01078039	      0.08172709	      0.98052920	     -0.15838978	     -1.00799164	     -0.03654125	     -0.32940802	      0.21378778
      0.55440403	     -0.33114552	      0.96634701	      1.01081305	      0.08151164	      0.98033134	     -0.15931085	     -0.99871086	     -0.04160091	     -0.32638841	      0.21573700
      0.55569035	     -0.33238567	      0.96884200	      1.01084729	      0.08131133	      0.98000730	     -0.16028353	     -0.98924226	     -0.04671909	     -0.32329183	      0.21768322
      0.55697667	     -0.33360928	      0.97134437	      1.01088303	      0.08112617	      0.97955493	     -0.16130988	     -0.97958379	     -0.05189587	     -0.32012459	      0.21962508
      0.55826299	     -0.33481485	      0.97385417	      1.01092025	      0.08095581	      0.97897187	     -0.16239189	     -0.96973343	     -0.05713138	     -0.31689725	      0.22156088
      0.55954931	     -0.33600070	      0.97637144	      1.01095889	      0.08079966	      0.97825560	     -0.16353150	     -0.95968928	     -0.06242578	     -0.31362224	      0.22348867
      0.56083563	     -0.33716470	      0.97889627	      1.01099895	      0.08065661	      0.97740318	     -0.16473053	     -0.94944962	     -0.06777931	     -0.31031533	      0.22540598
      0.56212195	     -0.33830447	      0.98142872	      1.01104043	      0.08052524	      0.97641148	     -0.16599073	     -0.93901298	     -0.07319224	     -0.30699364	      0.22731005
      0.56340827	     -0.33941702	      0.98396889	      1.01108336	      0.08040338	      0.97527684	     -0.16731368	     -0.92837836	     -0.07866492	     -0.30367641	      0.22919742
      0.56469459	     -0.34049906	      0.98651689	      1.01112781	      0.08028849	      0.97399527	     -0.16870084	     -0.91754513	     -0.08419777	     -0.30038368	      0.23106422
      0.56598091	     -0.34154649	      0.98907284	      1.01117386	      0.08017706	      0.97256217	     -0.17015344	     -0.90651359	     -0.08979125	     -0.29713628	      0.23290572
      0.56726723	     -0.34255486	      0.99163690	      1.01122165	      0.08006509	      0.97097253	     -0.17167261	     -0.89528460	     -0.09544592	     -0.29395516	      0.23471670
      0.56855355	     -0.34351875	      0.99420924	      1.01127133	      0.07994745	      0.96922063	     -0.17325917	     -0.88386047	     -0.10116239	     -0.29086076	      0.23649090
      0.56983987	     -0.34443231	      0.99679006	      1.01132313	      0.07981843	      0.96730033	     -0.17491381	     -0.87224441	     -0.10694133	     -0.28787302	      0.23822147
      0.57112619	     -0.34528868	      0.99937960	      1.01137728	      0.07967108	      0.96520476	     -0.17663694	     -0.86044168	     -0.11278351	     -0.28501030	      0.23990045
      0.57241251	     -0.34608053	      1.00197810	      1.01143407	      0.07949790	      0.96292674	     -0.17842880	     -0.84845875	     -0.11868972	     -0.28229000	      0.24151930
      0.57369883	     -0.34679962	      1.00458586	      1.01149382	      0.07929024	      0.96045853	     -0.18028940	     -0.83630477	     -0.12466084	     -0.27972719	      0.24306843
      0.57498515	     -0.34743728	      1.00720315	      1.01155688	      0.07903895	      0.95779217	     -0.18221864	     -0.82399037	     -0.13069777	     -0.27733565	      0.24453774
      0.57627147	     -0.34798414	      1.00983031	      1.01162365	      0.07873403	      0.95491948	     -0.18421621	     -0.81152918	     -0.13680149	     -0.27512619	      0.24591630
      0.57755779	     -0.34843047	      1.01246765	      1.01169451	      0.07836504	      0.95183219	     -0.18628173	     -0.79893635	     -0.14297302	     -0.27310791	      0.24719276
      0.57884411	     -0.34876601	      1.01511549	      1.01176992	      0.07792094	      0.94852197	     -0.18841468	     -0.78622977	     -0.14921349	     -0.27128632	      0.24835512
      0.58013043	     -0.34898087	      1.01777412	      1.01185027	      0.07739124	      0.94498177	     -0.19061482	     -0.77342842	     -0.15552399	     -0.26969244	      0.24939170
      0.58141675	     -0.34906474	      1.02044376	      1.01193602	      0.07676508	      0.94120547	     -0.19288192	     -0.76055505	     -0.16190563	     -0.26836995	      0.25029023
      0.58270307	     -0.34900576	      1.02312476	      1.01202766	      0.07602951	      0.93718466	     -0.19521505	     -0.74763469	     -0.16835968	     -0.26731066	      0.25103678
      0.58398939	     -0.34879140	      1.02581747	      1.01212578	      0.07517070	      0.93291037	     -0.19761301	     -0.73469542	     -0.17488768	     -0.26648683	      0.25161658
      0.58527571	     -0.34840981	      1.02852219	      1.01223091	      0.07417581	      0.92837531	     -0.20007492	     -0.72176690	     -0.18149119	     -0.26589903	      0.25201563
      0.58656203	     -0.34785083	      1.03123906	      1.01234349	      0.07303416	      0.92357615	     -0.20260044	     -0.70888845	     -0.18817190	     -0.26557745	      0.25222167
      0.58784835	     -0.34710552	      1.03396816	      1.01246388	      0.07173666	      0.91851255	     -0.20518961	     -0.69610712	     -0.19493153	     -0.26556955	      0.25222382
      0.58913467	     -0.34616829	      1.03670932	      1.01259223	      0.07027851	      0.91319257	     -0.20784351	     -0.68349452	     -0.20177176	     -0.26595985	      0.25201484
      0.59042099	     -0.34503561	      1.03946224	      1.01272855	      0.06865754	      0.90762972	     -0.21056391	     -0.67113887	     -0.20869420	     -0.26685257	      0.25158974
      0.59170731	     -0.34370989	      1.04222618	      1.01287247	      0.06687927	      0.90185259	     -0.21335460	     -0.65917284	     -0.21570030	     -0.26839572	      0.25095001
      0.59299363	     -0.34219743	      1.04500016	      1.01302343	      0.06495432	      0.89589968	     -0.21622078	     -0.64775756	     -0.22279139	     -0.27076518	      0.25010132
      0.59427995	     -0.34051505	      1.04778244	      1.01318026	      0.06290704	      0.88983411	     -0.21917142	     -0.63712095	     -0.22996866	     -0.27414297	      0.24906077
      0.59556627	     -0.33868643	      1.05057081	      1.01334144	      0.06077081	      0.88373479	     -0.22221801	     -0.62753238	     -0.23723330	     -0.27868685	      0.24785289
      0.59685259	     -0.33674834	      1.05336231	      1.01350483	      0.05859562	      0.87770053	     -0.22537588	     -0.61929458	     -0.24458758	     -0.28421654	      0.24651677
      0.59813892	     -0.33474329	      1.05615382	      1.01366812	      0.05643832	      0.87183132	     -0.22866127	     -0.61269053	     -0.25203515	     -0.29018350	      0.24509822
      0.59942524	     -0.33271276	      1.05894297	      1.01382938	      0.05435213	      0.86618722	     -0.23208602	     -0.60782393	     -0.25958460	     -0.29545850	      0.24364338
      0.60071156	     -0.33069064	      1.06172828	      1.01398740	      0.05237894	      0.86078730	     -0.23565658	     -0.60464094	     -0.26724812	     -0.29886107	      0.24219101
      0.60199788	     -0.32869653	      1.06450942	      1.01414216	      0.05054091	      0.85559304	     -0.23937161	     -0.60286147	     -0.27504261	     -0.29996758	      0.24076471
      0.60328420	     -0.32674488	      1.06728625	      1.01429404	      0.04885377	      0.85055527	     -0.24322796	     -0.60216212	     -0.28298578	     -0.29893683	      0.23938208
      0.60457052	     -0.32483297	      1.07005967	      1.01444420	      0.04731042	      0.84559280	     -0.24721537	     -0.60214474	     -0.29109539	     -0.29595070	      0.23804177
      0.60585684	     -0.32295070	      1.07283098	      1.01459398	      0.04589403	      0.84061599	     -0.25132085	     -0.60240568	     -0.29938805	     -0.29120447	      0.23673426
      0.60714316	     -0.32109241	      1.07560064	      1.01474409	      0.04459490	      0.83558007	     -0.25553538	     -0.60272668	     -0.30787614	     -0.28543324	      0.23545352
      0.60842948	     -0.31925476	      1.07836874	      1.01489488	      0.04340669	      0.83046083	     -0.25985131	     -0.60298252	     -0.31657059	     -0.27917881	      0.23419568
      0.60971580	     -0.31743507	      1.08113522	      1.01504649	      0.04232377	      0.82524740	     -0.26426091	     -0.60311407	     -0.32548117	     -0.27262300	      0.23295727
      0.61100212	     -0.31563206	      1.08389988	      1.01519894	      0.04134227	      0.81993509	     -0.26875688	     -0.60308303	     -0.33461734	     -0.26593877	      0.23173626
      0.61228844	     -0.31384560	      1.08666241	      1.01535209	      0.04045959	      0.81452557	     -0.27333179	     -0.60287517	     -0.34398834	     -0.25919406	      0.23053180
      0.61357476	     -0.31207615	      1.08942246	      1.01550581	      0.03967373	      0.80902267	     -0.27797822	     -0.60248321	     -0.35360335	     -0.25244713	      0.22934363
      0.61486108	     -0.31032482	      1.09217959	      1.01565986	      0.03898330	      0.80343298	     -0.28268854	     -0.60190863	     -0.36347172	     -0.24572566	      0.22817221
      0.61614740	     -0.30859295	      1.09493339	      1.01581404	      0.03838708	      0.79776393	     -0.28745500	     -0.60115530	     -0.37360304	     -0.23905299	      0.22701821
      0.61743372	     -0.30688168	      1.09768344	      1.01596813	      0.03788267	      0.79202339	     -0.29226764	     -0.60023010	     -0.38400819	     -0.23244343	      0.22588213
      0.61872004	     -0.30519190	      1.10042939	      1.01612198	      0.03746656	      0.78621916	     -0.29711446	     -0.59914070	     -0.39469896	     -0.22590980	      0.22476425
      0.62000636	     -0.30352253	      1.10317104	      1.01627563	      0.03713015	      0.78035670	     -0.30197665	     -0.59789535	     -0.40568852	     -0.21946183	      0.22366281
      0.62129268	     -0.30187096	      1.10590835	      1.01642926	      0.03686119	      0.77443956	     -0.30683075	     -0.59650217	     -0.41698988	     -0.21310839	      0.22257450
      0.62257900	     -0.30023426	      1.10864139	      1.01658313	      0.03664528	      0.76847088	     -0.31164965	     -0.59496969	     -0.42861189	     -0.20685766	      0.22149583
      0.62386532	     -0.29860989	      1.11137019	      1.01673753	      0.03646844	      0.76245437	     -0.31640669	     -0.59330669	     -0.44056048	     -0.20071798	      0.22042382
      0.62515164	     -0.29699561	      1.11409482	      1.01689275	      0.03631752	      0.75639409	     -0.32107696	     -0.59152207	     -0.45283761	     -0.19469793	      0.21935581
      0.62643796	     -0.29538950	      1.11681530	      1.01704909	      0.03618024	      0.75029451	     -0.32563705	     -0.58962489	     -0.46544355	     -0.18880630	      0.21828951
      0.62772428	     -0.29379052	      1.11953155	      1.01720685	      0.03604694	      0.74416126	     -0.33006779	     -0.58762449	     -0.47837576	     -0.18305227	      0.21722350
      0.62901060	     -0.29219818	      1.12224347	      1.01736626	      0.03590967	      0.73800072	     -0.33435268	     -0.58553044	     -0.49163065	     -0.17744522	      0.21615696
      0.63029692	     -0.29061326	      1.12495079	      1.01752751	      0.03576425	      0.73182094	     -0.33848095	     -0.58335273	     -0.50520260	     -0.17199478	      0.21509027
      0.63158324	     -0.28903717	      1.12765317	      1.01769074	      0.03560850	      0.72563081	     -0.34244482	     -0.58110161	     -0.51908508	     -0.16671059	      0.21402443
      0.63286956	     -0.28747249	      1.13035013	      1.01785601	      0.03544404	      0.71944083	     -0.34624207	     -0.57878781	     -0.53326945	     -0.16160217	      0.21296155
      0.63415588	     -0.28592234	      1.13304112	      1.01802331	      0.03527423	      0.71326220	     -0.34987296	     -0.57642230	     -0.54774521	     -0.15667885	      0.21190426
      0.63544220	     -0.28439058	      1.13572545	      1.01819258	      0.03510501	      0.70710714	     -0.35334285	     -0.57401656	     -0.56247040	     -0.15194904	      0.21085577
      0.63672852	     -0.28288125	      1.13840240	      1.01836370	      0.03494303	      0.70098822	     -0.35665939	     -0.57158233	     -0.57737454	     -0.14742049	      0.20981946
      0.63801484	     -0.28139885	      1.14107116	      1.01853644	      0.03479710	      0.69491856	     -0.35983802	     -0.56913173	     -0.59229955	     -0.14309963	      0.20879901
      0.63930116	     -0.27994811	      1.14373086	      1.01871057	      0.03467756	      0.68891157	     -0.36290055	     -0.56667694	     -0.60702498	     -0.13899233	      0.20779833
      0.64058748	     -0.27853383	      1.14638061	      1.01888589	      0.03459751	      0.68298039	     -0.36588024	     -0.56422981	     -0.62127957	     -0.13510350	      0.20682132
      0.64187380	     -0.27716063	      1.14901956	      1.01906226	      0.03457078	      0.67713766	     -0.36881381	     -0.56180182	     -0.63480981	     -0.13143755	      0.20587171
      0.64316012	     -0.27583234	      1.15164689	      1.01923963	      0.03461065	      0.67139467	     -0.37173914	     -0.55940384	     -0.64738164	     -0.12799743	      0.20495240
      0.64444644	     -0.27455231	      1.15426183	      1.01941795	      0.03472936	      0.66576181	     -0.37469290	     -0.55704644	     -0.65875894	     -0.12478519	      0.20406573
      0.64573276	     -0.27332259	      1.15686373	      1.01959735	      0.03493657	      0.66024734	     -0.37770589	     -0.55473919	     -0.66874877	     -0.12180152	      0.20321282
      0.64701908	     -0.27214456	      1.15945205	      1.01977802	      0.03524031	      0.65485819	     -0.38080398	     -0.55249098	     -0.67720328	     -0.11904657	      0.20239406
      0.64830540	     -0.27101812	      1.16202638	      1.01996034	      0.03564517	      0.64959874	     -0.38400171	     -0.55030929	     -0.68407892	     -0.11651954	      0.20160848
      0.64959173	     -0.26994249	      1.16458643	      1.02014480	      0.03615392	      0.64447204	     -0.38730718	     -0.54820085	     -0.68939170	     -0.11421925	      0.20085445
      0.65087805	     -0.26891562	      1.16713207	      1.02033206	      0.03676603	      0.63947875	     -0.39071647	     -0.54617093	     -0.69326718	     -0.11214383	      0.20012916
      0.65216437	     -0.26793491	      1.16966325	      1.02052284	      0.03747949	      0.63461846	     -0.39422025	     -0.54422413	     -0.69587900	     -0.11029106	      0.19942932
      0.65345069	     -0.26699716	      1.17218000	      1.02071791	      0.03829065	      0.62988940	     -0.39780446	     -0.54236401	     -0.69743472	     -0.10865805	      0.19875110
      0.65473701	     -0.26609908	      1.17468239	      1.02091801	      0.03919569	      0.62528948	     -0.40145547	     -0.54059383	     -0.69813069	     -0.10724154	      0.19809060
      0.65602333	     -0.26523731	      1.17717048	      1.02112384	      0.04019063	      0.62081610	     -0.40516167	     -0.53891618	     -0.69812944	     -0.10603765	      0.19744391
      0.65730965	     -0.26440853	      1.17964438	      1.02133604	      0.04127160	      0.61646648	     -0.40891316	     -0.53733337	     -0.69757055	     -0.10504220	      0.19680715
      0.65859597	     -0.26360944	      1.18210419	      1.02155518	      0.04243483	      0.61223753	     -0.41270311	     -0.53584715	     -0.69655140	     -0.10425047	      0.19617652
      0.65988229	     -0.26283673	      1.18455003	      1.02178179	      0.04367663	      0.60812594	     -0.41652614	     -0.53445897	     -0.69514978	     -0.10365751	      0.19554825
      0.66116861	     -0.26208715	      1.18698202	      1.02201632	      0.04499335	      0.60412809	     -0.42037902	     -0.53316968	     -0.69341411	     -0.10325798	      0.19491864
      0.66245493	     -0.26135743	      1.18940033	      1.02225921	      0.04638135	      0.60024015	     -0.42425920	     -0.53197982	     -0.69138279	     -0.10304643	      0.19428402
      0.66374125	     -0.26064428	      1.19180512	      1.02251084	      0.04783685	      0.59645786	     -0.42816477	     -0.53088929	     -0.68908397	     -0.10301719	      0.19364078
      0.66502757	     -0.25994439	      1.19419660	      1.02277157	      0.04935599	      0.59277675	     -0.43209370	     -0.52989769	     -0.68654524	     -0.10316455	      0.19298530
      0.66631389	     -0.25925445	      1.19657500	      1.02304172	      0.05093473	      0.58919202	     -0.43604396	     -0.52900403	     -0.68379176	     -0.10348274	      0.19231402
      0.66760021	     -0.25857115	      1.19894056	      1.02332159	      0.05256901	      0.58569868	     -0.44001355	     -0.52820704	     -0.68084697	     -0.10396603	      0.19162342
      0.66888653	     -0.25789124	      1.20129355	      1.02361142	      0.05425470	      0.58229156	     -0.44400074	     -0.52750500	     -0.67772886	     -0.10460873	      0.19091012
      0.67017285	     -0.25721150	      1.20363423	      1.02391143	      0.05598769	      0.57896543	     -0.44800398	     -0.52689602	     -0.67445173	     -0.10540521	      0.19017079
      0.67145917	     -0.25652885	      1.20596290	      1.02422180	      0.05776387	      0.57571497	     -0.45202205	     -0.52637783	     -0.67102287	     -0.10634994	      0.18940226
      0.67274549	     -0.25584023	      1.20827986	      1.02454267	      0.05957915	      0.57253485	     -0.45605389	     -0.52594806	     -0.66744625	     -0.10743741	      0.18860149
      0.67403181	     -0.25514275	      1.21058542	      1.02487414	      0.06142950	      0.56941976	     -0.46009850	     -0.52560405	     -0.66372173	     -0.10866227	      0.18776559
      0.67531813	     -0.25443358	      1.21287990	      1.02521628	      0.06331087	      0.56636441	     -0.46415482	     -0.52534309	     -0.65984832	     -0.11001921	      0.18689180
      0.67660445	     -0.25371006	      1.21516362	      1.02556913	      0.06521930	      0.56336359	     -0.46822157	     -0.52516224	     -0.65582500	     -0.11150305	      0.18597757
      0.67789077	     -0.25296961	      1.21743692	      1.02593270	      0.06715088	      0.56041216	     -0.47229729	     -0.52505855	     -0.65165155	     -0.11310868	      0.18502048
      0.67917709	     -0.25220985	      1.21970012	      1.02630697	      0.06910180	      0.55750512	     -0.47638025	     -0.52502892	     -0.64732915	     -0.11483116	      0.18401835
      0.68046341	     -0.25142851	      1.22195358	      1.02669188	      0.07106833	      0.55463760	     -0.48046857	     -0.52507025	     -0.64285957	     -0.11666560	      0.18296914
      0.68174973	     -0.25062355	      1.22419762	      1.02708735	      0.07304695	      0.55180494	     -0.48456029	     -0.52517940	     -0.63824478	     -0.11860729	      0.18187108
      0.68303605	     -0.24979303	      1.22643259	      1.02749328	      0.07503425	      0.54900264	     -0.48865340	     -0.52535324	     -0.63348634	     -0.12065159	      0.18072254
      0.68432237	     -0.24893529	      1.22865881	      1.02790952	      0.07702707	      0.54622649	     -0.49274593	     -0.52558865	     -0.62858483	     -0.12279400	      0.17952221
      0.68560869	     -0.24804877	      1.23087661	      1.02833591	      0.07902238	      0.54347243	     -0.49683594	     -0.52588257	     -0.62354021	     -0.12503012	      0.17826889
      0.68689501	     -0.24713219	      1.23308631	      1.02877224	      0.08101747	      0.54073676	     -0.50092153	     -0.52623198	     -0.61835200	     -0.12735571	      0.17696171
      0.68818133	     -0.24618438	      1.23528822	      1.02921831	      0.08300976	      0.53801591	     -0.50500080	     -0.52663392	     -0.61301991	     -0.12976660	      0.17559992
      0.68946765	     -0.24520442	      1.23748265	      1.02967386	      0.08499696	      0.53530667	     -0.50907183	     -0.52708551	     -0.60754501	     -0.13225881	      0.17418306
      0.69075397	     -0.24419153	      1.23966989	      1.03013863	      0.08697695	      0.53260599	     -0.51313261	     -0.52758392	     -0.60192965	     -0.13482844	      0.17271082
      0.69204029	     -0.24314512	      1.24185023	      1.03061234	      0.08894788	      0.52991114	     -0.51718101	     -0.52812643	     -0.59617948	     -0.13747175	      0.17118313
      0.69332661	     -0.24206476	      1.24402396	      1.03109470	      0.09090806	      0.52721955	     -0.52121479	     -0.52871036	     -0.59030222	     -0.14018512	      0.16960004
      0.69461293	     -0.24095019	      1.24619134	      1.03158540	      0.09285606	      0.52452894	     -0.52523153	     -0.52933312	     -0.58431006	     -0.14296508	      0.16796185
      0.69589925	     -0.23980126	      1.24835263	      1.03208411	      0.09479061	      0.52183719	     -0.52922875	     -0.52999221	     -0.57821755	     -0.14580825	      0.16626895
      0.69718557	     -0.23861803	      1.25050810	      1.03259050	      0.09671072	      0.51914248	     -0.53320379	     -0.53068523	     -0.57204369	     -0.14871144	      0.16452195
      0.69847189	     -0.23740064	      1.25265798	      1.03310423	      0.09861555	      0.51644310	     -0.53715402	     -0.53140982	     -0.56580957	     -0.15167151	      0.16272155
      0.69975821	     -0.23614939	      1.25480250	      1.03362494	      0.10050453	      0.51373765	     -0.54107680	     -0.53216378	     -0.55953856	     -0.15468550	      0.16086865
      0.70104454	     -0.23486469	      1.25694189	      1.03415228	      0.10237721	      0.51102484	     -0.54496963	     -0.53294494	     -0.55325431	     -0.15775048	      0.15896422
      0.70233086	     -0.23354707	      1.25907636	      1.03468586	      0.10423341	      0.50830365	     -0.54883026	     -0.53375128	     -0.54697874	     -0.16086366	      0.15700938
      0.70361718	     -0.23219715	      1.26120612	      1.03522532	      0.10607304	      0.50557316	     -0.55265667	     -0.53458088	     -0.54073180	     -0.16402228	      0.15500532
      0.70490350	     -0.23081564	      1.26333135	      1.03577025	      0.10789618	      0.50283268	     -0.55644728	     -0.53543191	     -0.53452847	     -0.16722366	      0.15295333
      0.70618982	     -0.22940334	      1.26545223	      1.03632026	      0.10970303	      0.50008163	     -0.56020073	     -0.53630266	     -0.52838073	     -0.17046516	      0.15085478
      0.70747614	     -0.22796113	      1.26756895	      1.03687493	      0.11149392	      0.49731962	     -0.56391612	     -0.53719151	     -0.52229502	     -0.17374418	      0.14871113
      0.70876246	     -0.22648993	      1.26968166	      1.03743387	      0.11326925	      0.49454634	     -0.56759273	     -0.53809693	     -0.51627525	     -0.17705817	      0.14652387
      0.71004878	     -0.22499077	      1.27179052	      1.03799664	      0.11502955	      0.49176167	     -0.57123016	     -0.53901749	     -0.51032135	     -0.18040465	      0.14429459
      0.71133510	     -0.22346471	      1.27389568	      1.03856282	      0.11677542	      0.48896555	     -0.57482813	     -0.53995183	     -0.50443185	     -0.18378115	      0.14202489
      0.71262142	     -0.22191287	      1.27599728	      1.03913199	      0.11850756	      0.48615806	     -0.57838652	     -0.54089867	     -0.49860350	     -0.18718528	      0.13971646
      0.71390774	     -0.22033639	      1.27809546	      1.03970374	      0.12022671	      0.48333932	     -0.58190524	     -0.54185675	     -0.49283267	     -0.19061468	      0.13737099
      0.71519406	     -0.21873648	      1.28019035	      1.04027763	      0.12193368	      0.48050956	     -0.58538426	     -0.54282490	     -0.48711567	     -0.19406705	      0.13499025
      0.71648038	     -0.21711436	      1.28228208	      1.04085326	      0.12362933	      0.47766906	     -0.58882353	     -0.54380198	     -0.48144915	     -0.19754015	      0.13257597
      0.71776670	     -0.21547128	      1.28437075	      1.04143021	      0.12531456	      0.47481815	     -0.59222296	     -0.54478686	     -0.47583052	     -0.20103176	      0.13012995
      0.71905302	     -0.21380849	      1.28645650	      1.04200807	      0.12699029	      0.47195718	     -0.59558247	     -0.54577846	     -0.47025771	     -0.20453972	      0.12765398
      0.72033934	     -0.21212726	      1.28853944	      1.04258645	      0.12865747	      0.46908654	     -0.59890191	     -0.54677571	     -0.46472940	     -0.20806189	      0.12514985
      0.72162566	     -0.21042887	      1.29061967	      1.04316495	      0.13031706	      0.46620663	     -0.60218116	     -0.54777756	     -0.45924459	     -0.21159616	      0.12261934
      0.72291198	     -0.20871458	      1.29269730	      1.04374318	      0.13197004	      0.46331786	     -0.60542005	     -0.54878298	     -0.45380254	     -0.21514044	      0.12006425
      0.72419830	     -0.20698568	      1.29477245	      1.04432077	      0.13361738	      0.46042064	     -0.60861844	     -0.54979091	     -0.44840253	     -0.21869266	      0.11748634
      0.72548462	     -0.20524343	      1.29684520	      1.04489734	      0.13526005	      0.45751538	     -0.61177618	     -0.55080032	     -0.44304361	     -0.22225073	      0.11488739
      0.72677094	     -0.20348907	      1.29891568	      1.04547253	      0.13689901	      0.45460246	     -0.61489315	     -0.55181017	     -0.43772465	     -0.22581259	      0.11226913
      0.72805726	     -0.20172387	      1.30098396	      1.04604597	      0.13853523	      0.45168227	     -0.61796924	     -0.55281939	     -0.43244409	     -0.22937615	      0.10963330
      0.72934358	     -0.19994905	      1.30305016	      1.04661733	      0.14016966	      0.44875515	     -0.62100433	     -0.55382692	     -0.42720018	     -0.23293932	      0.10698162
      0.73062990	     -0.19816586	      1.30511437	      1.04718626	      0.14180323	      0.44582144	     -0.62399833	     -0.55483166	     -0.42199088	     -0.23649997	      0.10431581
      0.73191622	     -0.19637553	      1.30717669	      1.04775242	      0.14343690	      0.44288147	     -0.62695111	     -0.55583251	     -0.41681408	     -0.24005598	      0.10163757
      0.73320254	     -0.19457929	      1.30923722	      1.04831549	      0.14507161	      0.43993553	     -0.62986254	     -0.55682831	     -0.41166769	     -0.24360515	      0.09894861
      0.73448886	     -0.19277840	      1.31129604	      1.04887514	      0.14670829	      0.43698391	     -0.63273246	     -0.55781789	     -0.40654970	     -0.24714529	      0.09625065
      0.73577518	     -0.19097410	      1.31335327	      1.04943106	      0.14834789	      0.43402687	     -0.63556064	     -0.55880005	     -0.40145844	     -0.25067413	      0.09354543
      0.73706150	     -0.18916767	      1.31540899	      1.04998296	      0.14999138	      0.43106469	     -0.63834681	     -0.55977355	     -0.39639246	     -0.25418940	      0.09083468
      0.73834782	     -0.18736041	      1.31746330	      1.05053052	      0.15163969	      0.42809761	     -0.64109059	     -0.56073709	     -0.39135079	     -0.25768869	      0.08812020
      0.73963414	     -0.18555364	      1.31951631	      1.05107345	      0.15329380	      0.42512589	     -0.64379155	     -0.56168936	     -0.38633269	     -0.26116961	      0.08540380
      0.74092046	     -0.18374872	      1.32156811	      1.05161146	      0.15495468	      0.42214975	     -0.64644912	     -0.56262897	     -0.38133787	     -0.26462962	      0.08268733
      0.74220678	     -0.18194702	      1.32361880	      1.05214427	      0.15662328	      0.41916945	     -0.64906265	     -0.56355454	     -0.37636624	     -0.26806612	      0.07997268
      0.74349310	     -0.18014996	      1.32566849	      1.05267161	      0.15830058	      0.41618520	     -0.65163139	     -0.56446458	     -0.37141796	     -0.27147636	      0.07726180
      0.74477942	     -0.17835898	      1.32771729	      1.05319319	      0.15998756	      0.41319722	     -0.65415451	     -0.56535761	     -0.36649323	     -0.27485752	      0.07455664
      0.74606574	     -0.17657555	      1.32976531	      1.05370875	      0.16168519	      0.41020569	     -0.65663112	     -0.56623208	     -0.36159227	     -0.27820655	      0.07185923
      0.74735206	     -0.17480117	      1.33181265	      1.05421802	      0.16339446	      0.40721079	     -0.65906026	     -0.56708637	     -0.35671519	     -0.28152029	      0.06917160
      0.74863838	     -0.17303735	      1.33385943	      1.05472074	      0.16511633	      0.40421264	     -0.66144095	     -0.56791886	     -0.35186190	     -0.28479534	      0.06649582
      0.74992470	     -0.17128559	      1.33590577	      1.05521665	      0.16685179	      0.40121132	     -0.66377218	     -0.56872783	     -0.34703211	     -0.28802817	      0.06383397
      0.75121102	     -0.16954741	      1.33795179	      1.05570551	      0.16860178	      0.39820684	     -0.66605293	     -0.56951150	     -0.34222524	     -0.29121538	      0.06118812
      0.75249734	     -0.16782434	      1.33999761	      1.05618706	      0.17036725	      0.39519921	     -0.66828218	     -0.57026802	     -0.33744055	     -0.29435370	      0.05856036
      0.75378367	     -0.16611790	      1.34204335	      1.05666108	      0.17214916	      0.39218838	     -0.67045888	     -0.57099541	     -0.33267698	     -0.29744025	      0.05595281
      0.75506999	     -0.16442963	      1.34408913	      1.05712732	      0.17394846	      0.38917432	     -0.67258200	     -0.57169168	     -0.32793337	     -0.30047235	      0.05336754
      0.75635631	     -0.16276105	      1.34613507	      1.05758557	      0.17576612	      0.38615700	     -0.67465049	     -0.57235478	     -0.32320833	     -0.30344751	      0.05080667
      0.75764263	     -0.16111371	      1.34818129	      1.05803560	      0.17760309	      0.38313639	     -0.67666334	     -0.57298269	     -0.31850034	     -0.30636326	      0.04827231
      0.75892895	     -0.15948918	      1.35022792	      1.05847721	      0.17946038	      0.38011251	     -0.67861951	     -0.57357337	     -0.31380782	     -0.30921720	      0.04576659
      0.76021527	     -0.15788902	      1.35227506	      1.05891020	      0.18133899	      0.37708541	     -0.68051802	     -0.57412484	     -0.30912915	     -0.31200676	      0.04329163
      0.76150159	     -0.15631483	      1.35432285	      1.05933436	      0.18323998	      0.37405512	     -0.68235788	     -0.57463526	     -0.30446295	     -0.31472809	      0.04084961
      0.76278791	     -0.15476820	      1.35637139	      1.05974949	      0.18516440	      0.37102168	     -0.68413814	     -0.57510292	     -0.29980803	     -0.31737626	      0.03844268
      0.76407423	     -0.15325070	      1.35842083	      1.06015537	      0.18711331	      0.36798494	     -0.68585790	     -0.57552636	     -0.29516372	     -0.31994309	      0.03607301
      0.76536055	     -0.15176389	      1.36047129	      1.06055180	      0.18908773	      0.36494462	     -0.68751630	     -0.57590425	     -0.29052972	     -0.32241874	      0.03374275
      0.76664687	     -0.15030935	      1.36252293	      1.06093853	      0.19108876	      0.36190017	     -0.68911257	     -0.57623512	     -0.28590629	     -0.32479242	      0.03145410
      0.76793319	     -0.14888867	      1.36457589	      1.06131532	      0.19311752	      0.35885095	     -0.69064600	     -0.57651732	     -0.28129398	     -0.32705339	      0.02920932
      0.76921951	     -0.14750353	      1.36663035	      1.06168190	      0.19517527	      0.35579616	     -0.69211607	     -0.57674889	     -0.27669363	     -0.32919094	      0.02701074
      0.77050583	     -0.14615558	      1.36868645	      1.06203800	      0.19726332	      0.35273491	     -0.69352237	     -0.57692768	     -0.27210610	     -0.33119456	      0.02486071
      0.77179215	     -0.14484653	      1.37074437	      1.06238334	      0.19938303	      0.34966618	     -0.69486463	     -0.57705125	     -0.26753198	     -0.33305433	      0.02276161
