Speeds
version=1
nRows=601
nColumns=11
inDegrees=no

Units are S.I. units (second, meters, Newtons, ...)
If the header above contains a line with 'inDegrees', this indicates whether rotational values are in degrees (yes) or radians (no).

endheader
time	pelvis_tilt	pelvis_tx	pelvis_ty	hip_flexion_l	hip_flexion_r	knee_angle_l	knee_angle_r	ankle_angle_l	ankle_angle_r	lumbar
      0.00000000	      0.33830471	      1.48972387	      0.05431468	      3.34093402	     -3.37528778	     -4.20760552	      2.15470658	      5.31620676	      2.13158143	     -0.32034688
      0.00133756	      0.30225457	      1.48992956	      0.04992850	      3.36908656	     -3.33346194	     -4.12766334	      2.15585164	      5.32574159	      2.10776187	     -0.28014994
      0.00267513	      0.26692647	      1.49022792	      0.04563477	      3.39534761	     -3.29270150	     -4.04514700	      2.15725999	      5.33352111	      2.08422231	     -0.24059680
      0.00401269	      0.23249134	      1.49066453	      0.04146019	      3.41897698	     -3.25333457	     -3.95884722	      2.15906108	      5.33989276	      2.06110909	     -0.20178740
      0.00535025	      0.19865860	      1.49122134	      0.03737160	      3.44049371	     -3.21499159	     -3.86930380	      2.16119536	      5.34627035	      2.03838845	     -0.16341996
      0.00668782	      0.16528220	      1.49190122	      0.03335521	      3.46001261	     -3.17751080	     -3.77644004	      2.16363791	      5.35294658	      2.01608416	     -0.12531690
      0.00802538	      0.13215533	      1.49269745	      0.02938898	      3.47783342	     -3.14064045	     -3.68045472	      2.16635073	      5.36035202	      1.99417565	     -0.08725027
      0.00936294	      0.09911330	      1.49360603	      0.02545551	      3.49418679	     -3.10417970	     -3.58146532	      2.16929988	      5.36829204	      1.97264693	     -0.04903567
      0.01070051	      0.06597408	      1.49462149	      0.02153531	      3.50933739	     -3.06790510	     -3.47963489	      2.17244788	      5.37680182	      1.95147885	     -0.01047153
      0.01203807	      0.03258885	      1.49573877	      0.01761194	      3.52351293	     -3.03163054	     -3.37511506	      2.17575870	      5.38564906	      1.93065840	      0.02860579
      0.01337563	     -0.00120123	      1.49695247	      0.01366792	      3.53695536	     -2.99515776	     -3.26806727	      2.17919427	      5.39466119	      1.91017271	      0.06837097
      0.01471320	     -0.03551401	      1.49825767	      0.00968962	      3.54985607	     -2.95833664	     -3.15863329	      2.18272170	      5.40347977	      1.89001459	      0.10895208
      0.01605076	     -0.07047688	      1.49964933	      0.00566254	      3.56241846	     -2.92100603	     -3.04695788	      2.18630734	      5.41175938	      1.87017531	      0.15048799
      0.01738832	     -0.10617010	      1.50112323	      0.00157671	      3.57478092	     -2.88306235	     -2.93315504	      2.18992734	      5.41910023	      1.85065029	      0.19306478
      0.01872589	     -0.14267960	      1.50267512	     -0.00257841	      3.58708951	     -2.84439557	     -2.81734229	      2.19355740	      5.42511417	      1.83143483	      0.23677494
      0.02006345	     -0.18005367	      1.50430150	     -0.00680974	      3.59943506	     -2.80494131	     -2.69961197	      2.19718058	      5.42949054	      1.81252616	      0.28166911
      0.02140101	     -0.21834193	      1.50599888	     -0.01112434	      3.61191043	     -2.76463450	     -2.58005676	      2.20078134	      5.43190881	      1.79392134	      0.32779944
      0.02273858	     -0.25758785	      1.50776384	     -0.01552868	      3.62459636	     -2.72341451	     -2.45876604	      2.20434020	      5.43218138	      1.77561631	      0.37521145
      0.02407614	     -0.29783368	      1.50959303	     -0.02002912	      3.63757261	     -2.68122337	     -2.33582823	      2.20784009	      5.43009782	      1.75760684	      0.42394925
      0.02541370	     -0.33915253	      1.51148222	     -0.02463500	      3.65095914	     -2.63795859	     -2.21135439	      2.21124515	      5.42557501	      1.73988654	      0.47409144
      0.02675127	     -0.38161909	      1.51342719	     -0.02935587	      3.66487927	     -2.59351655	     -2.08545754	      2.21452060	      5.41850864	      1.72244898	      0.52571828
      0.02808883	     -0.42534733	      1.51542264	     -0.03420503	      3.67950805	     -2.54773753	     -1.95827629	      2.21760840	      5.40888012	      1.70528675	      0.57895403
      0.02942639	     -0.47047522	      1.51746276	     -0.03919805	      3.69505284	     -2.50042981	     -1.82996001	      2.22044010	      5.39665178	      1.68839145	      0.63394963
      0.03076396	     -0.51710129	      1.51954249	     -0.04434671	      3.71166568	     -2.45145216	     -1.70063782	      2.22296083	      5.38182659	      1.67175613	      0.69081246
      0.03210152	     -0.56533287	      1.52165660	     -0.04966366	      3.72951181	     -2.40065214	     -1.57044523	      2.22511307	      5.36439318	      1.65537327	      0.74965961
      0.03343908	     -0.61513364	      1.52380310	     -0.05514769	      3.74855952	     -2.34806927	     -1.43943874	      2.22690088	      5.34436170	      1.63924269	      0.81044857
      0.03477665	     -0.66643157	      1.52598073	     -0.06079436	      3.76873424	     -2.29379297	     -1.30766840	      2.22834812	      5.32173799	      1.62336660	      0.87309672
      0.03611421	     -0.71910237	      1.52818975	     -0.06659369	      3.78987681	     -2.23797879	     -1.17512458	      2.22949141	      5.29654368	      1.60775193	      0.93746418
      0.03745177	     -0.77306350	      1.53042951	     -0.07253965	      3.81188197	     -2.18072485	     -1.04181318	      2.23034575	      5.26879502	      1.59240503	      1.00345766
      0.03878934	     -0.82830083	      1.53269820	     -0.07863207	      3.83471994	     -2.12203413	     -0.90773501	      2.23089106	      5.23852142	      1.57731932	      1.07106136
      0.04012690	     -0.88482191	      1.53499352	     -0.08487280	      3.85838933	     -2.06188029	     -0.77290027	      2.23109784	      5.20574816	      1.56248534	      1.14028365
      0.04146446	     -0.94262684	      1.53731320	     -0.09126294	      3.88288239	     -2.00025045	     -0.63732273	      2.23094836	      5.17051680	      1.54788849	      1.21112476
      0.04280203	     -1.00162680	      1.53965684	     -0.09779544	      3.90808195	     -1.93725520	     -0.50099651	      2.23047272	      5.13287013	      1.53351875	      1.28348515
      0.04413959	     -1.06181292	      1.54202196	     -0.10447070	      3.93397871	     -1.87289517	     -0.36395317	      2.22965532	      5.09285769	      1.51937562	      1.35735453
      0.04547715	     -1.12324754	      1.54440460	     -0.11129581	      3.96065363	     -1.80707190	     -0.22624690	      2.22844016	      5.05051677	      1.50546134	      1.43280219
      0.04681472	     -1.18609359	      1.54679839	     -0.11828694	      3.98831204	     -1.73954800	     -0.08795360	      2.22672252	      5.00590058	      1.49176184	      1.51001053
      0.04815228	     -1.25050392	      1.54919723	     -0.12545934	      4.01714671	     -1.67010032	      0.05085301	      2.22440461	      4.95906202	      1.47826062	      1.58915067
      0.04948984	     -1.31655019	      1.55159675	     -0.13282029	      4.04723817	     -1.59861620	      0.19014832	      2.22143205	      4.91008533	      1.46493036	      1.67030377
      0.05082741	     -1.38429782	      1.55399273	     -0.14037652	      4.07865966	     -1.52499167	      0.32990790	      2.21775371	      4.85905408	      1.45174467	      1.75354395
      0.05216497	     -1.45366410	      1.55638424	     -0.14812059	      4.11128849	     -1.44932504	      0.47017424	      2.21339180	      4.80607026	      1.43868096	      1.83878003
      0.05350253	     -1.52458589	      1.55876994	     -0.15604692	      4.14502747	     -1.37168774	      0.61098178	      2.20835823	      4.75123213	      1.42571671	      1.92594271
      0.05484010	     -1.59689502	      1.56115083	     -0.16413995	      4.17964445	     -1.29229531	      0.75240320	      2.20271615	      4.69463580	      1.41283939	      2.01484505
      0.05617766	     -1.67044196	      1.56352749	     -0.17238590	      4.21493122	     -1.21133777	      0.89450432	      2.19651954	      4.63637621	      1.40003521	      2.10532100
      0.05751522	     -1.74503933	      1.56590137	     -0.18076749	      4.25063572	     -1.12905807	      1.03735386	      2.18984103	      4.57653718	      1.38729961	      2.19716163
      0.05885279	     -1.82051316	      1.56827361	     -0.18926871	      4.28652222	     -1.04568061	      1.18101756	      2.18274643	      4.51520398	      1.37462683	      2.29017313
      0.06019035	     -1.89669290	      1.57064528	     -0.19787400	      4.32236622	     -0.96142644	      1.32554508	      2.17530090	      4.45245145	      1.36201558	      2.38416473
      0.06152791	     -1.97341126	      1.57301739	     -0.20656811	      4.35794608	     -0.87651185	      1.47098761	      2.16756774	      4.38835670	      1.34946383	      2.47894954
      0.06286548	     -2.05051170	      1.57539076	     -0.21533700	      4.39306071	     -0.79113945	      1.61737873	      2.15960663	      4.32298965	      1.33696961	      2.57435183
      0.06420304	     -2.12783512	      1.57776626	     -0.22416635	      4.42750436	     -0.70551516	      1.76475555	      2.15147823	      4.25642216	      1.32453084	      2.67019321
      0.06554061	     -2.20523009	      1.58014474	     -0.23304277	      4.46108662	     -0.61983488	      1.91314249	      2.14324091	      4.18872084	      1.31214313	      2.76630296
      0.06687817	     -2.28254170	      1.58252711	     -0.24195250	      4.49361139	     -0.53429920	      2.06256736	      2.13495457	      4.11995385	      1.29980238	      2.86250668
      0.06821573	     -2.35962406	      1.58491434	     -0.25088284	      4.52489816	     -0.44909632	      2.21304892	      2.12667538	      4.05018448	      1.28750155	      2.95863919
      0.06955330	     -2.43632759	      1.58730742	     -0.25982067	      4.55476068	     -0.36441958	      2.36460872	      2.11846133	      3.97947755	      1.27523406	      3.05453138
      0.07089086	     -2.51251799	      1.58970736	     -0.26875450	      4.58303535	     -0.28044089	      2.51725978	      2.11036248	      3.90789240	      1.26299092	      3.15003036
      0.07222842	     -2.58805655	      1.59211517	     -0.27767237	      4.60955209	     -0.19733838	      2.67101762	      2.10243131	      3.83549059	      1.25076359	      3.24497852
      0.07356599	     -2.66282689	      1.59453175	     -0.28656460	      4.63417217	     -0.11525866	      2.82588791	      2.09470770	      3.76232567	      1.23854212	      3.33924240
      0.07490355	     -2.73670748	      1.59695802	     -0.29542099	      4.65674953	     -0.03435567	      2.98187871	      2.08723449	      3.68845447	      1.22631689	      3.43268296
      0.07624111	     -2.80960324	      1.59939465	     -0.30423401	      4.67717475	      0.04525414	      3.13898705	      2.08003905	      3.61392053	      1.21407772	      3.52519000
      0.07757868	     -2.88141358	      1.60184237	     -0.31299554	      4.69533069	      0.12344650	      3.29721238	      2.07315202	      3.53877123	      1.20181452	      3.61664734
      0.07891624	     -2.95206378	      1.60430165	     -0.32170012	      4.71113624	      0.20013393	      3.45654317	      2.06658849	      3.46303461	      1.18951725	      3.70696698
      0.08025380	     -3.02147390	      1.60677298	     -0.33034172	      4.72450289	      0.27522150	      3.61697030	      2.06036681	      3.38674287	      1.17717577	      3.79605531
      0.08159137	     -3.08958518	      1.60925671	     -0.33891653	      4.73537234	      0.34864472	      3.77847495	      2.05449200	      3.30990600	      1.16478057	      3.88384171
      0.08292893	     -3.15633449	      1.61175320	     -0.34742026	      4.74367990	      0.42033272	      3.94104051	      2.04897203	      3.23253862	      1.15232186	      3.97025087
      0.08426649	     -3.22167344	      1.61426280	     -0.35585023	      4.74938291	      0.49023619	      4.10464249	      2.04380471	      3.15463455	      1.13979122	      4.05522332
      0.08560406	     -3.28555034	      1.61678585	     -0.36420340	      4.75243369	      0.55830093	      4.26925833	      2.03899040	      3.07619230	      1.12717971	      4.13869610
      0.08694162	     -3.34792233	      1.61932285	     -0.37247781	      4.75279922	      0.62448632	      4.43485890	      2.03452173	      2.99719293	      1.11448070	      4.22061551
      0.08827918	     -3.40874415	      1.62187425	     -0.38067121	      4.75044247	      0.68874766	      4.60141695	      2.03039433	      2.91762143	      1.10168651	      4.30092533
      0.08961675	     -3.46797538	      1.62444073	     -0.38878209	      4.74533638	      0.75104923	      4.76889896	      2.02659619	      2.83744895	      1.08879314	      4.37957416
      0.09095431	     -3.52557516	      1.62702284	     -0.39680885	      4.73745236	      0.81135464	      4.93727287	      2.02311516	      2.75664883	      1.07579711	      4.45651017
      0.09229187	     -3.58150552	      1.62962135	     -0.40475051	      4.72676978	      0.86963505	      5.10649987	      2.01993047	      2.67518550	      1.06269838	      4.53168404
      0.09362944	     -3.63572789	      1.63223695	     -0.41260594	      4.71326614	      0.92585971	      5.27654289	      2.01702417	      2.59302357	      1.04949482	      4.60504595
      0.09496700	     -3.68820256	      1.63487072	     -0.42037427	      4.69692186	      0.97999843	      5.44735840	      2.01437509	      2.51012797	      1.03618633	      4.67654424
      0.09630456	     -3.73889034	      1.63752360	     -0.42805458	      4.67771695	      1.03202105	      5.61890442	      2.01196297	      2.42646125	      1.02277227	      4.74612795
      0.09764213	     -3.78774887	      1.64019702	     -0.43564608	      4.65563184	      1.08189545	      5.79113245	      2.00976412	      2.34199910	      1.00925601	      4.81374202
      0.09897969	     -3.83473712	      1.64289223	     -0.44314797	      4.63064759	      1.12959084	      5.96399530	      2.00775523	      2.25671217	      0.99564007	      4.87933304
      0.10031725	     -3.87980822	      1.64561104	     -0.45055937	      4.60274217	      1.17507089	      6.13743997	      2.00591058	      2.17059876	      0.98193155	      4.94284049
      0.10165482	     -3.92291739	      1.64835510	     -0.45787947	      4.57189516	      1.21830168	      6.31141449	      2.00420440	      2.08365138	      0.96813652	      5.00420632
      0.10299238	     -3.96401033	      1.65112674	     -0.46510706	      4.53807814	      1.25923847	      6.48586271	      2.00261107	      1.99589879	      0.95426557	      5.06336135
      0.10432994	     -4.00303568	      1.65392810	     -0.47224108	      4.50126538	      1.29784015	      6.66072909	      2.00110422	      1.90736419	      0.94032826	      5.12023978
      0.10566751	     -4.03992842	      1.65676222	     -0.47927969	      4.46141782	      1.33404835	      6.83595623	      1.99966138	      1.81809940	      0.92633822	      5.17476010
      0.10700507	     -4.07462822	      1.65963181	     -0.48622132	      4.41850202	      1.36781096	      7.01148650	      1.99825819	      1.72811377	      0.91230803	      5.22684605
      0.10834263	     -4.10705559	      1.66254085	     -0.49306320	      4.37246289	      1.39904984	      7.18726377	      1.99687907	      1.63749226	      0.89825395	      5.27639971
      0.10968020	     -4.13714531	      1.66549219	     -0.49980343	      4.32327270	      1.42770678	      7.36321967	      1.99550147	      1.54591086	      0.88419096	      5.32333818
      0.11101776	     -4.16485386	      1.66848593	     -0.50644242	      4.27100151	      1.45375516	      7.53916193	      1.99409124	      1.45154118	      0.87014154	      5.36759723
      0.11235532	     -4.19009696	      1.67152598	     -0.51297762	      4.21560842	      1.47710984	      7.71498193	      1.99263641	      1.35445622	      0.85612644	      5.40907250
      0.11369289	     -4.21271021	      1.67462280	     -0.51940016	      4.15687688	      1.49757281	      7.89071959	      1.99116536	      1.25665146	      0.84216701	      5.44757585
      0.11503045	     -4.23258664	      1.67778198	     -0.52570523	      4.09472522	      1.51502610	      8.06632068	      1.98967913	      1.15809644	      0.82828473	      5.48297794
      0.11636801	     -4.24961172	      1.68100872	     -0.53188763	      4.02909624	      1.52934531	      8.24168866	      1.98817573	      1.05788421	      0.81450627	      5.51513753
      0.11770558	     -4.26366616	      1.68430906	     -0.53794182	      3.95990681	      1.54039626	      8.41675261	      1.98666050	      0.95572307	      0.80085703	      5.54391017
      0.11904314	     -4.27460080	      1.68768986	     -0.54386030	      3.88705465	      1.54801512	      8.59142198	      1.98513275	      0.85096283	      0.78736822	      5.56911510
      0.12038070	     -4.28226400	      1.69115800	     -0.54963523	      3.81042913	      1.55203427	      8.76561503	      1.98359323	      0.74305814	      0.77407049	      5.59056918
      0.12171827	     -4.28647410	      1.69472154	     -0.55525701	      3.72989108	      1.55225866	      8.93923914	      1.98203420	      0.63140476	      0.76099698	      5.60805342
      0.12305583	     -4.28704413	      1.69838856	     -0.56071542	      3.64529158	      1.54848687	      9.11221029	      1.98044878	      0.51540171	      0.74817937	      5.62134286
      0.12439339	     -4.28379833	      1.70216746	     -0.56600201	      3.55650197	      1.54053530	      9.28442190	      1.97882294	      0.39456333	      0.73565015	      5.63022513
      0.12573096	     -4.27656003	      1.70606652	     -0.57110811	      3.46339143	      1.52821913	      9.45577169	      1.97714315	      0.26836363	      0.72343962	      5.63448674
      0.12706852	     -4.26520809	      1.71009325	     -0.57603041	      3.36590445	      1.51141695	      9.62611785	      1.97539218	      0.13653289	      0.71158494	      5.63397909
      0.12840608	     -4.24964240	      1.71425411	     -0.58076724	      3.26401314	      1.49003543	      9.79531269	      1.97354236	     -0.00125622	      0.70012396	      5.62857725
      0.12974365	     -4.22976967	      1.71855675	     -0.58531790	      3.15769674	      1.46397561	      9.96319413	      1.97159190	     -0.14498568	      0.68909943	      5.61816688
      0.13108121	     -4.20548562	      1.72300925	     -0.58968055	      3.04691842	      1.43311918	     10.12960821	      1.96955655	     -0.29466405	      0.67854543	      5.60262149
      0.13241877	     -4.17662127	      1.72762270	     -0.59384840	      2.93155491	      1.39726642	     10.29442099	      1.96746315	     -0.45003540	      0.66851412	      5.58174189
      0.13375634	     -4.14301238	      1.73240812	     -0.59781495	      2.81148737	      1.35622125	     10.45750138	      1.96534104	     -0.61084673	      0.65906057	      5.55533457
      0.13509390	     -4.10443233	      1.73737774	     -0.60156930	      2.68652176	      1.30973811	     10.61873294	      1.96317040	     -0.77684930	      0.65025946	      5.52313189
      0.13643146	     -4.06063296	      1.74254411	     -0.60509902	      2.55643381	      1.25755699	     10.77801874	      1.96090820	     -0.94773595	      0.64220091	      5.48484031
      0.13776903	     -4.01140293	      1.74791761	     -0.60839489	      2.42106335	      1.19947176	     10.93521353	      1.95849869	     -1.12357299	      0.63493761	      5.44020642
      0.13910659	     -3.95660801	      1.75350638	     -0.61145394	      2.28034916	      1.13535739	     11.09016245	      1.95589729	     -1.30437858	      0.62851023	      5.38906648
      0.14044415	     -3.89608500	      1.75931933	     -0.61426988	      2.13420850	      1.06504348	     11.24264190	      1.95309972	     -1.49073858	      0.62292517	      5.33122348
      0.14178172	     -3.82958383	      1.76536837	     -0.61682957	      1.98242686	      0.98826580	     11.39255474	      1.95009198	     -1.68321093	      0.61820514	      5.26638018
      0.14311928	     -3.75682838	      1.77166649	     -0.61911640	      1.82479344	      0.90470783	     11.53955692	      1.94692345	     -1.88273192	      0.61433549	      5.19421036
      0.14445684	     -3.67755093	      1.77822684	     -0.62111505	      1.66107812	      0.81407173	     11.68346549	      1.94362224	     -2.09029555	      0.61130847	      5.11439793
      0.14579441	     -3.59162782	      1.78505692	     -0.62281966	      1.49135471	      0.71618266	     11.82336097	      1.94030375	     -2.30669520	      0.60907061	      5.02679348
      0.14713197	     -3.49891982	      1.79216729	     -0.62422373	      1.31562888	      0.61082522	     11.95855793	      1.93713531	     -2.53287162	      0.60754822	      4.93123462
      0.14846953	     -3.39949000	      1.79955464	     -0.62533362	      1.13440675	      0.49802670	     12.08706743	      1.93423056	     -2.76893825	      0.60670616	      4.82778088
      0.14980710	     -3.29354338	      1.80721112	     -0.62616694	      0.94832168	      0.37800239	     12.20706626	      1.93162509	     -3.01582262	      0.60653495	      4.71665662
      0.15114466	     -3.18112379	      1.81512199	     -0.62672551	      0.75813785	      0.25082686	     12.31529198	      1.92928838	     -3.27206063	      0.60706045	      4.59787554
      0.15248222	     -3.06259248	      1.82325994	     -0.62703366	      0.56498682	      0.11697141	     12.40844991	      1.92709157	     -3.53805838	      0.60830551	      4.47181650
      0.15381979	     -2.93703414	      1.83163792	     -0.62701972	      0.36865987	     -0.02463313	     12.48278947	      1.92522555	     -3.80716977	      0.61026593	      4.33737102
      0.15515735	     -2.80358718	      1.84026546	     -0.62661422	      0.16904639	     -0.17499368	     12.53436316	      1.92388634	     -4.07431405	      0.61291836	      4.19349012
      0.15649491	     -2.65947664	      1.84923439	     -0.62561452	     -0.03645353	     -0.33750000	     12.56076626	      1.92384149	     -4.32241126	      0.61623743	      4.03693602
      0.15783248	     -2.50141599	      1.85865546	     -0.62378152	     -0.25097425	     -0.51616477	     12.55938068	      1.92598972	     -4.53415708	      0.62021286	      3.86387750
      0.15917004	     -2.32639899	      1.86865141	     -0.62090877	     -0.47792635	     -0.71472274	     12.53043752	      1.93121627	     -4.68434210	      0.62485886	      3.67085254
      0.16050760	     -2.13184101	      1.87933228	     -0.61682365	     -0.72023409	     -0.93639180	     12.47410841	      1.94027224	     -4.74689645	      0.63023782	      3.45489021
      0.16184517	     -1.91729322	      1.89073256	     -0.61150664	     -0.97875775	     -1.18181251	     12.39229855	      1.95341389	     -4.70178100	      0.63629390	      3.21550618
      0.16318273	     -1.68174777	      1.90290916	     -0.60490299	     -1.25488342	     -1.45230820	     12.28644591	      1.97104456	     -4.52538687	      0.64299723	      2.95157013
      0.16452029	     -1.42656236	      1.91580468	     -0.59709901	     -1.54733110	     -1.74627884	     12.15802917	      1.99297315	     -4.21691618	      0.65005811	      2.66465163
      0.16585786	     -1.15280310	      1.92937620	     -0.58816553	     -1.85509261	     -2.06248828	     12.00833335	      2.01908758	     -3.77177258	      0.65722537	      2.35598683
      0.16719542	     -0.86348088	      1.94346797	     -0.57826374	     -2.17497266	     -2.39724758	     11.83839567	      2.04873298	     -3.21715608	      0.66396545	      2.02900128
      0.16853298	     -0.56124243	      1.95794153	     -0.56753279	     -2.50421089	     -2.74731459	     11.64950603	      2.08133845	     -2.57855654	      0.66977698	      1.68670339
      0.16987055	     -0.24969572	      1.97259285	     -0.55613998	     -2.83903698	     -3.10821039	     11.44256900	      2.11604987	     -1.90296000	      0.67396887	      1.33317212
      0.17120811	      0.06776449	      1.98723050	     -0.54424051	     -3.17601762	     -3.47573061	     11.21906887	      2.15209565	     -1.23791524	      0.67583592	      0.97224717
      0.17254567	      0.38761011	      2.00165199	     -0.53199340	     -3.51139266	     -3.84548883	     10.97863517	      2.18862473	     -0.62252549	      0.67475266	      0.60791910
      0.17388324	      0.70654921	      2.01567032	     -0.51954989	     -3.84175359	     -4.21340972	     10.72144590	      2.22486851	     -0.09365025	      0.67011445	      0.24391876
      0.17522080	      1.02124535	      2.02909729	     -0.50707618	     -4.16299229	     -4.57533659	     10.44385395	      2.25995085	      0.33940833	      0.66156233	     -0.11597589
      0.17655836	      1.32846426	      2.04175341	     -0.49474006	     -4.47124535	     -4.92726954	     10.14310154	      2.29306559	      0.66638696	      0.64872888	     -0.46809214
      0.17789593	      1.62437088	      2.05341967	     -0.48273131	     -4.76113125	     -5.26435666	      9.81184868	      2.32307001	      0.89080184	      0.63138116	     -0.80811681
      0.17923349	      1.90525125	      2.06388806	     -0.47124394	     -5.02761342	     -5.58194451	      9.44402666	      2.34892552	      1.01299988	      0.60927348	     -1.13185706
      0.18057105	      2.16641571	      2.07287654	     -0.46047120	     -5.26364593	     -5.87393896	      9.02827081	      2.36902087	      1.03113442	      0.58212983	     -1.43410188
      0.18190862	      2.40333260	      2.08011826	     -0.45062053	     -5.46248502	     -6.13450612	      8.55397339	      2.38185915	      0.94250104	      0.54972989	     -1.70979551
      0.18324618	      2.61057753	      2.08526005	     -0.44183781	     -5.61556586	     -6.35635365	      8.00528882	      2.38528345	      0.73668904	      0.51159623	     -1.95300315
      0.18458374	      2.78281671	      2.08795325	     -0.43429209	     -5.71410348	     -6.53234159	      7.36427172	      2.37718963	      0.40270641	      0.46734277	     -2.15788480
      0.18592131	      2.91415843	      2.08778569	     -0.42801909	     -5.74900768	     -6.65428517	      6.61444367	      2.35498403	     -0.07532142	      0.41603756	     -2.31808789
      0.18725887	      2.99786740	      2.08427875	     -0.42310801	     -5.70889786	     -6.71287447	      5.73033657	      2.31572101	     -0.72341258	      0.35676699	     -2.42635663
      0.18859643	      3.02852997	      2.07706389	     -0.41943555	     -5.58804169	     -6.70044893	      4.71343919	      2.25700168	     -1.54898679	      0.28805014	     -2.47685852
      0.18993400	      2.99861807	      2.06562337	     -0.41693279	     -5.37669351	     -6.60648926	      3.55281218	      2.17558113	     -2.58510987	      0.20813091	     -2.46147323
      0.19127156	      2.90870302	      2.05007428	     -0.41520853	     -5.08474707	     -6.43155463	      2.31029865	      2.07180216	     -3.76188357	      0.11568407	     -2.38071011
      0.19260913	      2.75710209	      2.03039236	     -0.41388651	     -4.71915811	     -6.17314508	      1.04722165	      1.94515897	     -4.98749113	      0.00901206	     -2.23261137
      0.19394669	      2.58654768	      2.00992353	     -0.41186363	     -4.37173549	     -5.89000917	      0.07771488	      1.81436873	     -5.45296505	     -0.10592287	     -2.06274732
      0.19528425	      2.43645345	      1.99172687	     -0.40809569	     -4.12923145	     -5.63626460	     -0.30102770	      1.69641702	     -4.56609362	     -0.22452135	     -1.91316337
      0.19662182	      2.25988131	      1.97192497	     -0.40319853	     -3.89345992	     -5.34621315	     -0.42759438	      1.56938066	     -3.66141549	     -0.35556373	     -1.73423368
      0.19795938	      2.02871608	      1.94816191	     -0.39748967	     -3.60205245	     -4.98030248	     -0.52406149	      1.42010128	     -3.47144930	     -0.50324834	     -1.49635895
      0.19929694	      1.76506135	      1.92197688	     -0.39068134	     -3.28378891	     -4.56866117	     -0.55068784	      1.25790589	     -3.55265259	     -0.66251936	     -1.22356292
      0.20063451	      1.47604939	      1.89373333	     -0.38267127	     -2.94035154	     -4.12062488	     -0.54801058	      1.08525870	     -3.86783985	     -0.83175528	     -0.92389307
      0.20197207	      1.17310158	      1.86414194	     -0.37336852	     -2.58275894	     -3.65171374	     -0.52800976	      0.90679537	     -4.30228152	     -1.00856224	     -0.60989555
      0.20330963	      0.86752589	      1.83389514	     -0.36266066	     -2.22175409	     -3.17722289	     -0.50371341	      0.72701952	     -4.76788512	     -1.19065555	     -0.29401914
      0.20464720	      0.56658236	      1.80344018	     -0.35052749	     -1.86462262	     -2.70715876	     -0.48465024	      0.54907924	     -5.20354446	     -1.37678195	      0.01578420
      0.20598476	      0.27880560	      1.77330665	     -0.33693284	     -1.52001221	     -2.25320094	     -0.47971344	      0.37652192	     -5.52333408	     -1.56530228	      0.31015790
      0.20732232	      0.00532150	      1.74356677	     -0.32193636	     -1.18847430	     -1.81717496	     -0.49913489	      0.21031314	     -5.64674780	     -1.75625123	      0.58790836
      0.20865989	     -0.25066232	      1.71443819	     -0.30558778	     -0.87330793	     -1.40373549	     -0.54865452	      0.05222533	     -5.51302242	     -1.94909393	      0.84557800
      0.20999745	     -0.49335363	      1.68567163	     -0.28796757	     -0.56959054	     -1.00764248	     -0.63592831	     -0.09845325	     -5.04096855	     -2.14514591	      1.08786056
      0.21133501	     -0.73197785	      1.65663804	     -0.26918714	     -0.26338234	     -0.61659972	     -0.79472765	     -0.24488992	     -3.93034895	     -2.34687076	      1.32483465
      0.21267258	     -0.97384195	      1.62691388	     -0.24917811	      0.04934612	     -0.22134375	     -1.00685823	     -0.38827980	     -2.31747795	     -2.55763480	      1.56468313
      0.21401014	     -1.21978428	      1.59656188	     -0.22771762	      0.35850178	      0.17833765	     -1.20755110	     -0.52652884	     -0.67969786	     -2.78058249	      1.80867800
      0.21534770	     -1.45501035	      1.56668737	     -0.20477552	      0.64069136	      0.56116928	     -1.34489871	     -0.65133345	      0.59326268	     -3.01166192	      2.04092224
      0.21668527	     -1.66662944	      1.53821194	     -0.18045197	      0.88077802	      0.90862938	     -1.40587069	     -0.75561530	      1.39382578	     -3.24654732	      2.24744968
      0.21802283	     -1.84739128	      1.51166796	     -0.15509778	      1.07683704	      1.21021684	     -1.42075334	     -0.83590436	      1.91183323	     -3.47888731	      2.42033907
      0.21936039	     -1.99143460	      1.48752030	     -0.12898838	      1.22575705	      1.45723432	     -1.40504090	     -0.88886481	      2.23754801	     -3.70583156	      2.55326431
      0.22069796	     -2.09984457	      1.46578851	     -0.10240305	      1.33081006	      1.65084349	     -1.36985036	     -0.91522153	      2.44112128	     -3.92101886	      2.64751142
      0.22203552	     -2.17228659	      1.44660212	     -0.07557620	      1.39322341	      1.79016171	     -1.32317184	     -0.91428041	      2.57140413	     -4.13003045	      2.70286011
      0.22337308	     -2.21243838	      1.42976677	     -0.04878005	      1.41780969	      1.88033525	     -1.26809733	     -0.89010905	      2.64588917	     -4.29815194	      2.72334649
      0.22471065	     -2.22367485	      1.41505285	     -0.02241126	      1.40963886	      1.92649447	     -1.20933092	     -0.85022359	      2.68852609	     -4.34693710	      2.71252978
      0.22604821	     -2.21000691	      1.40221184	      0.00331324	      1.37361920	      1.93398494	     -1.14826193	     -0.79710484	      2.70544932	     -4.25610253	      2.67476682
      0.22738577	     -2.17438450	      1.39112853	      0.02828408	      1.31328084	      1.90588326	     -1.08647972	     -0.72762214	      2.70730254	     -4.04995922	      2.61341015
      0.22872334	     -2.11927404	      1.38176625	      0.05258867	      1.23100106	      1.84451833	     -1.02376107	     -0.63541042	      2.69667262	     -3.78515613	      2.53144312
      0.23006090	     -2.04731259	      1.37407142	      0.07627322	      1.12952617	      1.75281531	     -0.96043664	     -0.51658093	      2.67854439	     -3.50511667	      2.43201170
      0.23139846	     -1.96148457	      1.36789625	      0.09932752	      1.01218763	      1.63580947	     -0.89674064	     -0.37540953	      2.65438771	     -3.24231246	      2.31849379
      0.23273603	     -1.86507240	      1.36305528	      0.12168270	      0.88272852	      1.49898188	     -0.83308684	     -0.21688212	      2.62656340	     -3.01485206	      2.19453946
      0.23407359	     -1.76114703	      1.35929690	      0.14319776	      0.74501722	      1.34767781	     -0.77034295	     -0.04686865	      2.59617456	     -2.79769590	      2.06338994
      0.23541115	     -1.65275855	      1.35638957	      0.16375401	      0.60289214	      1.18698329	     -0.70943764	      0.12994442	      2.56490174	     -2.57345136	      1.92830676
      0.23674872	     -1.54190054	      1.35416526	      0.18329134	      0.45878732	      1.02025486	     -0.65071770	      0.31065031	      2.53300989	     -2.33064911	      1.79139736
      0.23808628	     -1.43068631	      1.35245734	      0.20175480	      0.31524033	      0.85103428	     -0.59453047	      0.49234958	      2.50098495	     -2.06405823	      1.65492045
      0.23942384	     -1.32028378	      1.35116872	      0.21914682	      0.17359405	      0.68124378	     -0.54094940	      0.67404383	      2.46898636	     -1.78003729	      1.52012666
      0.24076141	     -1.21207558	      1.35018749	      0.23545662	      0.03546145	      0.51315898	     -0.49011173	      0.85433489	      2.43729448	     -1.48235380	      1.38849765
      0.24209897	     -1.10677953	      1.34944829	      0.25070223	     -0.09835610	      0.34793718	     -0.44201610	      1.03280946	      2.40600725	     -1.17671438	      1.26079620
      0.24343653	     -1.00528355	      1.34887374	      0.26489265	     -0.22684600	      0.18701456	     -0.39670240	      1.20878287	      2.37527617	     -0.86748270	      1.13796845
      0.24477410	     -0.90798249	      1.34841800	      0.27805305	     -0.34958221	      0.03105453	     -0.35412735	      1.38200799	      2.34512335	     -0.55738219	      1.02041768
      0.24611166	     -0.81538223	      1.34802757	      0.29020460	     -0.46600524	     -0.11909791	     -0.31426753	      1.55210517	      2.31560206	     -0.24916921	      0.90866800
      0.24744922	     -0.72760497	      1.34767279	      0.30138088	     -0.57601033	     -0.26316114	     -0.27703312	      1.71892471	      2.28666602	      0.05580367	      0.80281799
      0.24878679	     -0.64484211	      1.34731922	      0.31161393	     -0.67941226	     -0.40074606	     -0.24234245	      1.88226377	      2.25828827	      0.35588828	      0.70304205
      0.25012435	     -0.56703581	      1.34694929	      0.32094282	     -0.77631910	     -0.53182589	     -0.21007460	      2.04206578	      2.23037370	      0.64999665	      0.60924018
      0.25146191	     -0.49417657	      1.34654212	      0.32940582	     -0.86678342	     -0.65630446	     -0.18011342	      2.19825428	      2.20283969	      0.93680853	      0.52136553
      0.25279948	     -0.42615564	      1.34608579	      0.33704021	     -0.95096630	     -0.77423378	     -0.15234437	      2.35080468	      2.17557179	      1.21527692	      0.43926553
      0.25413704	     -0.36292056	      1.34556477	      0.34388126	     -1.02896081	     -0.88558700	     -0.12666475	      2.49966511	      2.14846292	      1.48425539	      0.36284986
      0.25547460	     -0.30436209	      1.34496947	      0.34996171	     -1.10091932	     -0.99041579	     -0.10298013	      2.64478260	      2.12140502	      1.74293626	      0.29196870
      0.25681217	     -0.25040676	      1.34428761	      0.35531319	     -1.16695038	     -1.08871819	     -0.08120360	      2.78607904	      2.09428536	      1.99047217	      0.22651114
      0.25814973	     -0.20084195	      1.34351643	      0.35997199	     -1.22733415	     -1.18068361	     -0.06121629	      2.92352706	      2.06701985	      2.22632570	      0.16621293
      0.25948729	     -0.15539605	      1.34265498	      0.36397958	     -1.28242724	     -1.26657582	     -0.04287455	      3.05712497	      2.03951081	      2.44995289	      0.11074124
      0.26082486	     -0.11376994	      1.34170707	      0.36737603	     -1.33262312	     -1.34671779	     -0.02602995	      3.18691601	      2.01171486	      2.66087187	      0.05973834
      0.26216242	     -0.07567811	      1.34067543	      0.37020142	     -1.37830041	     -1.42141554	     -0.01053303	      3.31294696	      1.98359089	      2.85856444	      0.01286125
      0.26349998	     -0.04103218	      1.33955686	      0.37247951	     -1.41958649	     -1.49073532	      0.00368681	      3.43520216	      1.95514132	      3.04237351	     -0.03000267
      0.26483755	     -0.00987771	      1.33834164	      0.37422541	     -1.45644126	     -1.55456418	      0.01666409	      3.55360200	      1.92633255	      3.21162264	     -0.06881441
      0.26617511	      0.01783010	      1.33702575	      0.37545762	     -1.48892567	     -1.61290990	      0.02842377	      3.66809320	      1.89724206	      3.36553151	     -0.10363525
      0.26751267	      0.04231858	      1.33561300	      0.37620774	     -1.51733072	     -1.66601943	      0.03904803	      3.77871252	      1.86795385	      3.50323361	     -0.13473514
      0.26885024	      0.06395206	      1.33411374	      0.37651517	     -1.54210930	     -1.71430974	      0.04863938	      3.88550916	      1.83860206	      3.62408435	     -0.16254004
      0.27018780	      0.08303950	      1.33253539	      0.37641618	     -1.56364566	     -1.75812162	      0.05728706	      3.98850644	      1.80931033	      3.72734817	     -0.18741351
      0.27152536	      0.09972553	      1.33087848	      0.37593394	     -1.58211466	     -1.79757643	      0.06502465	      4.08760521	      1.78020113	      3.81295068	     -0.20953124
      0.27286293	      0.11410810	      1.32914137	      0.37508891	     -1.59763423	     -1.83273453	      0.07187529	      4.18269324	      1.75139196	      3.88068658	     -0.22901574
      0.27420049	      0.12618912	      1.32731905	      0.37389252	     -1.61020313	     -1.86354113	      0.07783457	      4.27359825	      1.72298103	      3.93124195	     -0.24587850
      0.27553805	      0.13601950	      1.32540863	      0.37235996	     -1.61988176	     -1.89000671	      0.08291221	      4.36017969	      1.69508000	      3.96514424	     -0.26018695
      0.27687562	      0.14368922	      1.32340973	      0.37050690	     -1.62678138	     -1.91220530	      0.08713587	      4.44231020	      1.66774407	      3.98375736	     -0.27205190
      0.27821318	      0.14929914	      1.32132225	      0.36835024	     -1.63102637	     -1.93022276	      0.09053562	      4.51986699	      1.64103352	      3.98830056	     -0.28159691
      0.27955074	      0.15297138	      1.31914752	      0.36590662	     -1.63276919	     -1.94417815	      0.09315513	      4.59273160	      1.61494176	      3.98057039	     -0.28896905
      0.28088831	      0.15481467	      1.31688600	      0.36319216	     -1.63214536	     -1.95416802	      0.09503435	      4.66076948	      1.58946275	      3.96228092	     -0.29430068
      0.28222587	      0.15493241	      1.31453870	      0.36022133	     -1.62928436	     -1.96028957	      0.09621328	      4.72386294	      1.56456763	      3.93535256	     -0.29771653
      0.28356343	      0.15342279	      1.31210612	      0.35700851	     -1.62430912	     -1.96262866	      0.09673079	      4.78187961	      1.54022809	      3.90169582	     -0.29933596
      0.28490100	      0.15039209	      1.30959053	      0.35356770	     -1.61735234	     -1.96130226	      0.09662169	      4.83475803	      1.51645167	      3.86303757	     -0.29928452
      0.28623856	      0.14594818	      1.30699424	      0.34991317	     -1.60854912	     -1.95643191	      0.09592243	      4.88244068	      1.49324527	      3.82114833	     -0.29768963
      0.28757612	      0.14021972	      1.30432182	      0.34606011	     -1.59805896	     -1.94818474	      0.09466430	      4.92494976	      1.47067411	      3.77733112	     -0.29469946
      0.28891369	      0.13332982	      1.30157719	      0.34202345	     -1.58603388	     -1.93671407	      0.09287681	      4.96228352	      1.44880417	      3.73299291	     -0.29045671
      0.29025125	      0.12542183	      1.29876602	      0.33781938	     -1.57264978	     -1.92220501	      0.09058790	      4.99448809	      1.42773032	      3.68895071	     -0.28512530
      0.29158881	      0.11663915	      1.29589364	      0.33346417	     -1.55808222	     -1.90483794	      0.08782490	      5.02159254	      1.40755365	      3.64613688	     -0.27886988
      0.29292638	      0.10713702	      1.29296688	      0.32897487	     -1.54252339	     -1.88481886	      0.08462336	      5.04367855	      1.38833600	      3.60490779	     -0.27186643
      0.29426394	      0.09707218	      1.28999254	      0.32436872	     -1.52616713	     -1.86235709	      0.08101789	      5.06082814	      1.37015141	      3.56572422	     -0.26429281
      0.29560150	      0.08659025	      1.28697780	      0.31966201	     -1.50919782	     -1.83765822	      0.07705582	      5.07315984	      1.35297122	      3.52861128	     -0.25631223
      0.29693907	      0.07583741	      1.28392969	      0.31487116	     -1.49179965	     -1.81092618	      0.07278155	      5.08078355	      1.33678377	      3.49368314	     -0.24808899
      0.29827663	      0.06493341	      1.28085450	      0.31001041	     -1.47412887	     -1.78233365	      0.06825240	      5.08381154	      1.32145449	      3.46080085	     -0.23975619
      0.29961419	      0.05400369	      1.27775861	      0.30509449	     -1.45634786	     -1.75205741	      0.06352404	      5.08234883	      1.30686617	      3.42988500	     -0.23145388
      0.30095176	      0.04314478	      1.27464751	      0.30013548	     -1.43858751	     -1.72024052	      0.05866173	      5.07649760	      1.29280746	      3.40074241	     -0.22328837
      0.30228932	      0.03246077	      1.27152693	      0.29514612	     -1.42098752	     -1.68703536	      0.05373075	      5.06636193	      1.27907797	      3.37320898	     -0.21537470
      0.30362688	      0.02202588	      1.26840171	      0.29013623	     -1.40365293	     -1.65256306	      0.04879652	      5.05204914	      1.26544457	      3.34708771	     -0.20779310
      0.30496445	      0.01191885	      1.26527680	      0.28511612	     -1.38669408	     -1.61694861	      0.04392503	      5.03366372	      1.25167318	      3.32219287	     -0.20062916
      0.30630201	      0.00219335	      1.26215637	      0.28009344	     -1.37018997	     -1.58029327	      0.03917201	      5.01131797	      1.23756930	      3.29834376	     -0.19393928
      0.30763957	     -0.00709182	      1.25904470	      0.27507638	     -1.35422610	     -1.54270175	      0.03459611	      4.98511877	      1.22292466	      3.27536455	     -0.18778594
      0.30897714	     -0.01589255	      1.25594577	      0.27007119	     -1.33886759	     -1.50427177	      0.03023844	      4.95519446	      1.20763266	      3.25308796	     -0.18221427
      0.31031470	     -0.02415624	      1.25286392	      0.26508489	     -1.32419091	     -1.46511059	      0.02614621	      4.92167386	      1.19156375	      3.23134504	     -0.17727915
      0.31165226	     -0.03184722	      1.24980298	      0.26012252	     -1.31024752	     -1.42531623	      0.02234099	      4.88470936	      1.17472503	      3.20996482	     -0.17301571
      0.31298983	     -0.03892403	      1.24676706	      0.25518971	     -1.29709713	     -1.38499281	      0.01885069	      4.84445304	      1.15709592	      3.18876006	     -0.16946564
      0.31432739	     -0.04537551	      1.24375893	      0.25028941	     -1.28475606	     -1.34421206	      0.01566991	      4.80106006	      1.13879541	      3.16757035	     -0.16663622
      0.31566495	     -0.05119250	      1.24078127	      0.24542454	     -1.27323900	     -1.30304269	      0.01279698	      4.75468364	      1.11991572	      3.14623910	     -0.16453234
      0.31700252	     -0.05638565	      1.23783561	      0.24059623	     -1.26253040	     -1.26152647	      0.01020225	      4.70546362	      1.10066496	      3.12465766	     -0.16313712
      0.31834008	     -0.06095121	      1.23492425	      0.23580664	     -1.25263361	     -1.21972715	      0.00786376	      4.65355479	      1.08123433	      3.10268361	     -0.16244977
      0.31967765	     -0.06492477	      1.23204606	      0.23105538	     -1.24349649	     -1.17761295	      0.00573038	      4.59897894	      1.06187593	      3.08033665	     -0.16242834
      0.32101521	     -0.06835392	      1.22919957	      0.22634131	     -1.23505300	     -1.13513677	      0.00374962	      4.54175550	      1.04284271	      3.05762867	     -0.16301687
      0.32235277	     -0.07123011	      1.22638673	      0.22166646	     -1.22730991	     -1.09236279	      0.00188972	      4.48202484	      1.02438043	      3.03453959	     -0.16422143
      0.32369034	     -0.07352749	      1.22361015	      0.21703406	     -1.22029461	     -1.04937531	      0.00012214	      4.41992714	      1.00673980	      3.01104866	     -0.16606803
      0.32502790	     -0.07524093	      1.22087127	      0.21244585	     -1.21401004	     -1.00622881	     -0.00157777	      4.35558422	      0.99007695	      2.98719238	     -0.16855967
      0.32636546	     -0.07637543	      1.21817118	      0.20790301	     -1.20844628	     -0.96296521	     -0.00323989	      4.28911624	      0.97456855	      2.96298280	     -0.17168759
      0.32770303	     -0.07696620	      1.21550926	      0.20340459	     -1.20355870	     -0.91957888	     -0.00488544	      4.22060818	      0.96026042	      2.93849521	     -0.17540935
      0.32904059	     -0.07704582	      1.21288503	      0.19894985	     -1.19930522	     -0.87606735	     -0.00653866	      4.15014535	      0.94722526	      2.91381873	     -0.17968547
      0.33037815	     -0.07664788	      1.21029782	      0.19453778	     -1.19564652	     -0.83242452	     -0.00820310	      4.07780655	      0.93539987	      2.88905588	     -0.18447571
      0.33171572	     -0.07579841	      1.20774739	      0.19016794	     -1.19255234	     -0.78865601	     -0.00988347	      4.00367917	      0.92474619	      2.86428174	     -0.18974821
      0.33305328	     -0.07452345	      1.20523336	      0.18583963	     -1.18999541	     -0.74476592	     -0.01156675	      3.92784694	      0.91511259	      2.83956725	     -0.19547148
      0.33439084	     -0.07284915	      1.20275537	      0.18155220	     -1.18794766	     -0.70075834	     -0.01324310	      3.85039343	      0.90636483	      2.81500421	     -0.20161383
      0.33572841	     -0.07081152	      1.20031249	      0.17730403	     -1.18636985	     -0.65662265	     -0.01489535	      3.77139350	      0.89830432	      2.79066948	     -0.20813269
      0.33706597	     -0.06844705	      1.19790380	      0.17309357	     -1.18522208	     -0.61234829	     -0.01650763	      3.69092363	      0.89073902	      2.76663225	     -0.21498480
      0.33840353	     -0.06580134	      1.19552789	      0.16891834	     -1.18445244	     -0.56791075	     -0.01806574	      3.60905160	      0.88347615	      2.74292846	     -0.22211681
      0.33974110	     -0.06292317	      1.19318318	      0.16477575	     -1.18400536	     -0.52328080	     -0.01955586	      3.52584208	      0.87631847	      2.71960176	     -0.22947175
      0.34107866	     -0.05985522	      1.19086825	      0.16066325	     -1.18383072	     -0.47843576	     -0.02097039	      3.44135933	      0.86912761	      2.69667745	     -0.23699995
      0.34241622	     -0.05663761	      1.18858187	      0.15657851	     -1.18388229	     -0.43335872	     -0.02229880	      3.35567468	      0.86175312	      2.67418343	     -0.24465447
      0.34375379	     -0.05329020	      1.18632357	      0.15252021	     -1.18413599	     -0.38805965	     -0.02353873	      3.26887028	      0.85413791	      2.65213172	     -0.25241183
      0.34509135	     -0.04983628	      1.18409275	      0.14848688	     -1.18456416	     -0.34254398	     -0.02468609	      3.18102636	      0.84620693	      2.63053873	     -0.26024461
      0.34642891	     -0.04628767	      1.18188902	      0.14447772	     -1.18514944	     -0.29682592	     -0.02574985	      3.09221326	      0.83798293	      2.60942019	     -0.26813919
      0.34776648	     -0.04266165	      1.17971179	      0.14049157	     -1.18586845	     -0.25091392	     -0.02673754	      3.00250221	      0.82947130	      2.58879389	     -0.27607555
      0.34910404	     -0.03896389	      1.17756068	      0.13652805	     -1.18670870	     -0.20482427	     -0.02766765	      2.91195119	      0.82075471	      2.56867559	     -0.28404770
      0.35044160	     -0.03520408	      1.17543518	      0.13258654	     -1.18765323	     -0.15856959	     -0.02855754	      2.82062042	      0.81190319	      2.54908054	     -0.29204488
      0.35177917	     -0.03137328	      1.17333527	      0.12866775	     -1.18870587	     -0.11217933	     -0.02942803	      2.72855928	      0.80302836	      2.53002072	     -0.30007833
      0.35311673	     -0.02746463	      1.17126093	      0.12477222	     -1.18986816	     -0.06568174	     -0.03029948	      2.63581993	      0.79423547	      2.51150846	     -0.30815678
      0.35445429	     -0.02345224	      1.16921271	      0.12090195	     -1.19116485	     -0.01912347	     -0.03118814	      2.54244658	      0.78563330	      2.49355521	     -0.31631126
      0.35579186	     -0.01931460	      1.16719102	      0.11705859	     -1.19261518	      0.02745309	     -0.03211157	      2.44848517	      0.77733071	      2.47617339	     -0.32456764
      0.35712942	     -0.01501647	      1.16519676	      0.11324492	     -1.19425710	      0.07399246	     -0.03307802	      2.35397557	      0.76941059	      2.45937530	     -0.33296775
      0.35846698	     -0.01052595	      1.16323070	      0.10946344	     -1.19612415	      0.12044232	     -0.03409768	      2.25895914	      0.76196141	      2.44317455	     -0.34154953
      0.35980455	     -0.00580059	      1.16129405	      0.10571757	     -1.19826573	      0.16674037	     -0.03516865	      2.16347276	      0.75502951	      2.42758106	     -0.35036307
      0.36114211	     -0.00079822	      1.15938802	      0.10201066	     -1.20073041	      0.21282385	     -0.03629075	      2.06755524	      0.74866966	      2.41260462	     -0.35945805
      0.36247967	      0.00452724	      1.15751395	      0.09834650	     -1.20357433	      0.25862787	     -0.03745328	      1.97123998	      0.74289130	      2.39824944	     -0.36888869
      0.36381724	      0.01022013	      1.15567316	      0.09472875	     -1.20685082	      0.30408917	     -0.03864798	      1.87456112	      0.73771254	      2.38452265	     -0.37870717
      0.36515480	      0.01632263	      1.15386683	      0.09116105	     -1.21061260	      0.34914962	     -0.03985943	      1.77754654	      0.73311300	      2.37142296	     -0.38896318
      0.36649236	      0.02287686	      1.15209618	      0.08764703	     -1.21491189	      0.39375058	     -0.04107384	      1.68022554	      0.72907946	      2.35894640	     -0.39970632
      0.36782993	      0.02992220	      1.15036231	      0.08419025	     -1.21979898	      0.43783881	     -0.04227261	      1.58262204	      0.72557309	      2.34708607	     -0.41098302
      0.36916749	      0.03749949	      1.14866638	      0.08079434	     -1.22532571	      0.48135884	     -0.04343766	      1.48476143	      0.72255908	      2.33583575	     -0.42284139
      0.37050505	      0.04564589	      1.14700941	      0.07746273	     -1.23154024	      0.52426140	     -0.04454904	      1.38666428	      0.71999289	      2.32519786	     -0.43532529
      0.37184262	      0.05440066	      1.14539249	      0.07419900	     -1.23849324	      0.56649416	     -0.04558649	      1.28835285	      0.71783077	      2.31517458	     -0.44848100
      0.37318018	      0.06379523	      1.14381640	      0.07100622	     -1.24622570	      0.60801595	     -0.04653211	      1.18984386	      0.71603518	      2.30577946	     -0.46234579
      0.37451774	      0.07386382	      1.14228203	      0.06788764	     -1.25478212	      0.64878180	     -0.04736707	      1.09115552	      0.71456711	      2.29702990	     -0.47696014
      0.37585531	      0.08462693	      1.14078969	      0.06484564	     -1.26418922	      0.68876504	     -0.04807930	      0.99229913	      0.71340501	      2.28893939	     -0.49234877
      0.37719287	      0.09610838	      1.13933983	      0.06188279	     -1.27447798	      0.72793448	     -0.04865542	      0.89328778	      0.71252524	      2.28152401	     -0.50854022
      0.37853043	      0.10831384	      1.13793215	      0.05900051	     -1.28565572	      0.76628264	     -0.04909128	      0.79412658	      0.71192295	      2.27477221	     -0.52554218
      0.37986800	      0.12125215	      1.13656649	      0.05620043	     -1.29773386	      0.80379741	     -0.04938133	      0.69482321	      0.71159154	      2.26866744	     -0.54336592
      0.38120556	      0.13491469	      1.13524195	      0.05348304	     -1.31070127	      0.84049023	     -0.04952817	      0.59537556	      0.71153434	      2.26317374	     -0.56200270
      0.38254312	      0.14929855	      1.13395789	      0.05084922	     -1.32455411	      0.87636458	     -0.04953221	      0.49578533	      0.71175341	      2.25825082	     -0.58145032
      0.38388069	      0.16438368	      1.13271285	      0.04829869	     -1.33926674	      0.91144891	     -0.04939998	      0.39603973	      0.71224906	      2.25388260	     -0.60168707
      0.38521825	      0.18015832	      1.13150574	      0.04583175	     -1.35482397	      0.94576055	     -0.04913541	      0.29613043	      0.71302297	      2.25005200	     -0.62270073
      0.38655581	      0.19658223	      1.13033413	      0.04344673	     -1.37117478	      0.97935746	     -0.04875035	      0.19602742	      0.71406458	      2.24679573	     -0.64444675
      0.38789338	      0.21361083	      1.12919540	      0.04114173	     -1.38826258	      1.01230320	     -0.04825824	      0.09569913	      0.71536407	      2.24415315	     -0.66687560
      0.38923094	      0.23118086	      1.12808608	      0.03891348	     -1.40600758	      1.04468745	     -0.04767642	     -0.00489908	      0.71689697	      2.24219140	     -0.68991650
      0.39056850	      0.24923116	      1.12700279	      0.03675889	     -1.42433269	      1.07659701	     -0.04702149	     -0.10581049	      0.71863860	      2.24096928	     -0.71350103
      0.39190607	      0.26771329	      1.12594276	      0.03467551	     -1.44317721	      1.10810101	     -0.04630469	     -0.20707073	      0.72056060	      2.24053707	     -0.73757526
      0.39324363	      0.28658471	      1.12490343	      0.03266127	     -1.46248767	      1.13926176	     -0.04553605	     -0.30871515	      0.72263787	      2.24096656	     -0.76209210
      0.39458119	      0.30581802	      1.12388307	      0.03071494	     -1.48223015	      1.17011727	     -0.04472013	     -0.41076134	      0.72484756	      2.24226247	     -0.78702135
      0.39591876	      0.32538263	      1.12287984	      0.02883514	     -1.50236689	      1.20070997	     -0.04386196	     -0.51322875	      0.72716411	      2.24441979	     -0.81232920
      0.39725632	      0.34524742	      1.12189206	      0.02702026	     -1.52285975	      1.23107728	     -0.04296726	     -0.61612268	      0.72956864	      2.24735529	     -0.83798072
      0.39859388	      0.36537893	      1.12091795	      0.02526860	     -1.54366770	      1.26126068	     -0.04204191	     -0.71945197	      0.73203794	      2.25099549	     -0.86393838
      0.39993145	      0.38573913	      1.11995563	      0.02357791	     -1.56474340	      1.29130361	     -0.04109634	     -0.82321746	      0.73456736	      2.25524861	     -0.89015916
      0.40126901	      0.40628942	      1.11900318	      0.02194597	     -1.58603893	      1.32125129	     -0.04014025	     -0.92742292	      0.73714553	      2.26003458	     -0.91659949
      0.40260657	      0.42699197	      1.11805877	      0.02037032	     -1.60750613	      1.35114541	     -0.03918855	     -1.03206556	      0.73979474	      2.26528887	     -0.94321655
      0.40394414	      0.44780725	      1.11712046	      0.01884842	     -1.62909501	      1.38103072	     -0.03825538	     -1.13714546	      0.74252941	      2.27095565	     -0.96996566
      0.40528170	      0.46870528	      1.11618682	      0.01737813	     -1.65076615	      1.41093716	     -0.03735888	     -1.24265272	      0.74540811	      2.27697406	     -0.99681294
      0.40661926	      0.48965528	      1.11525636	      0.01595730	     -1.67247959	      1.44089598	     -0.03651610	     -1.34857844	      0.74848462	      2.28327424	     -1.02372359
      0.40795683	      0.51064021	      1.11432828	      0.01458450	     -1.69421110	      1.47091851	     -0.03574675	     -1.45490280	      0.75184916	      2.28976983	     -1.05067835
      0.40929439	      0.53164376	      1.11340181	      0.01325837	     -1.71593772	      1.50101534	     -0.03506979	     -1.56160625	      0.75559422	      2.29636759	     -1.07765883
      0.41063195	      0.55265463	      1.11247639	      0.01197773	     -1.73764129	      1.53118968	     -0.03450637	     -1.66866543	      0.75981136	      2.30299353	     -1.10465236
      0.41196952	      0.57366393	      1.11155154	      0.01074159	     -1.75930669	      1.56144241	     -0.03407760	     -1.77605783	      0.76460121	      2.30958732	     -1.13164907
      0.41330708	      0.59464827	      1.11062618	      0.00954789	     -1.78089985	      1.59179235	     -0.03380578	     -1.88376542	      0.77000655	      2.31610854	     -1.15862253
      0.41464464	      0.61558093	      1.10969904	      0.00839438	     -1.80238226	      1.62226315	     -0.03371561	     -1.99177280	      0.77607921	      2.32252903	     -1.18554260
      0.41598221	      0.63641713	      1.10876821	      0.00727755	     -1.82369384	      1.65289946	     -0.03382636	     -2.10006618	      0.78277890	      2.32876923	     -1.21235815
      0.41731977	      0.65710510	      1.10783152	      0.00619350	     -1.84476561	      1.68375412	     -0.03416039	     -2.20863227	      0.79006863	      2.33470690	     -1.23901003
      0.41865733	      0.67760846	      1.10688760	      0.00513917	     -1.86555057	      1.71485946	     -0.03472288	     -2.31745027	      0.79785119	      2.34022049	     -1.26545642
      0.41999490	      0.69788928	      1.10593492	      0.00411139	     -1.88599938	      1.74625141	     -0.03552116	     -2.42650405	      0.80603690	      2.34523272	     -1.29165396
      0.42133246	      0.71795995	      1.10497423	      0.00311011	     -1.90612883	      1.77790069	     -0.03654000	     -2.53575696	      0.81453936	      2.34969861	     -1.31761651
      0.42267002	      0.73784352	      1.10400670	      0.00213603	     -1.92596903	      1.80976543	     -0.03776235	     -2.64517060	      0.82328491	      2.35358924	     -1.34337028
      0.42400759	      0.75757992	      1.10303452	      0.00119089	     -1.94557286	      1.84177704	     -0.03916471	     -2.75468847	      0.83221945	      2.35679845	     -1.36896004
      0.42534515	      0.77719415	      1.10205917	      0.00027544	     -1.96497392	      1.87388666	     -0.04072953	     -2.86426089	      0.84129321	      2.35923581	     -1.39441362
      0.42668271	      0.79668997	      1.10108167	     -0.00061087	     -1.98417907	      1.90606451	     -0.04244630	     -2.97382808	      0.85044291	      2.36062325	     -1.41973358
      0.42802028	      0.81605763	      1.10010265	     -0.00146931	     -2.00317906	      1.93829438	     -0.04430598	     -3.08332543	      0.85958843	      2.36049625	     -1.44490656
      0.42935784	      0.83530558	      1.09912327	     -0.00230024	     -2.02198498	      1.97054072	     -0.04629867	     -3.19269465	      0.86865043	      2.35864811	     -1.46994062
      0.43069540	      0.85445940	      1.09814517	     -0.00310294	     -2.04062910	      2.00275034	     -0.04840818	     -3.30188301	      0.87753660	      2.35498698	     -1.49486392
      0.43203297	      0.87356947	      1.09717047	     -0.00387554	     -2.05917134	      2.03484858	     -0.05062203	     -3.41085365	      0.88622451	      2.34999179	     -1.51973435
      0.43337053	      0.89265443	      1.09619923	     -0.00461881	     -2.07762794	      2.06681304	     -0.05294408	     -3.51961268	      0.89470277	      2.34462569	     -1.54457507
      0.43470809	      0.91178153	      1.09523518	     -0.00532926	     -2.09608389	      2.09853114	     -0.05535887	     -3.62806670	      0.90301417	      2.33885971	     -1.56946104
      0.43604566	      0.93108615	      1.09428650	     -0.00599766	     -2.11471935	      2.12977432	     -0.05781035	     -3.73601863	      0.91114426	      2.33146426	     -1.59454134
      0.43738322	      0.95063961	      1.09335856	     -0.00661924	     -2.13363208	      2.16040006	     -0.06027319	     -3.84330435	      0.91919805	      2.32144891	     -1.61989196
      0.43872078	      0.97043477	      1.09245185	     -0.00719571	     -2.15281283	      2.19039393	     -0.06276317	     -3.94986262	      0.92733390	      2.30904440	     -1.64550291
      0.44005835	      0.99039560	      1.09156279	     -0.00773391	     -2.17215610	      2.21985386	     -0.06533886	     -4.05572917	      0.93572587	      2.29513765	     -1.67128812
      0.44139591	      1.01050013	      1.09069083	     -0.00823656	     -2.19162878	      2.24879417	     -0.06803306	     -4.16088122	      0.94452327	      2.28007983	     -1.69722158
      0.44273347	      1.03074550	      1.08983649	     -0.00870428	     -2.21122064	      2.27720475	     -0.07086604	     -4.26529875	      0.95377332	      2.26365617	     -1.72329850
      0.44407104	      1.05112843	      1.08900034	     -0.00913766	     -2.23092131	      2.30507396	     -0.07385871	     -4.36895617	      0.96353855	      2.24555766	     -1.74951338
      0.44540860	      1.07163427	      1.08818222	     -0.00953784	     -2.25070481	      2.33241323	     -0.07702699	     -4.47185842	      0.97376068	      2.22543719	     -1.77584831
      0.44674616	      1.09225112	      1.08738185	     -0.00990602	     -2.27054754	      2.35923346	     -0.08039072	     -4.57401638	      0.98441216	      2.20316806	     -1.80228904
      0.44808373	      1.11293909	      1.08659762	     -0.01024548	     -2.29039275	      2.38558617	     -0.08396304	     -4.67546025	      0.99534512	      2.17879528	     -1.82878977
      0.44942129	      1.13369002	      1.08582942	     -0.01055713	     -2.31022586	      2.41147887	     -0.08774227	     -4.77619952	      1.00639386	      2.15224793	     -1.85534055
      0.45075886	      1.15440556	      1.08507352	     -0.01084840	     -2.32991972	      2.43703396	     -0.09174804	     -4.87626982	      1.01737931	      2.12353503	     -1.88182825
      0.45209642	      1.17498459	      1.08432619	     -0.01112684	     -2.34934430	      2.46237289	     -0.09599914	     -4.97569740	      1.02811477	      2.09265152	     -1.90813622
      0.45343398	      1.19520637	      1.08357866	     -0.01140890	     -2.36821298	      2.48777565	     -0.10057420	     -5.07456257	      1.03855122	      2.05974747	     -1.93401195
      0.45477155	      1.21484685	      1.08282291	     -0.01171152	     -2.38623726	      2.51349995	     -0.10555050	     -5.17287853	      1.04864682	      2.02502290	     -1.95919698
      0.45610911	      1.23373002	      1.08205429	     -0.01204900	     -2.40318712	      2.53971004	     -0.11101259	     -5.27055579	      1.05850069	      1.98852341	     -1.98348525
      0.45744667	      1.25165381	      1.08126319	     -0.01243632	     -2.41878997	      2.56671095	     -0.11706264	     -5.36779441	      1.06817926	      1.95030865	     -2.00664970
      0.45878424	      1.26846202	      1.08043967	     -0.01288533	     -2.43282152	      2.59481205	     -0.12381079	     -5.46493927	      1.07785335	      1.91039656	     -2.02852113
      0.46012180	      1.28405600	      1.07958016	     -0.01340473	     -2.44514100	      2.62413738	     -0.13133504	     -5.56202448	      1.08769977	      1.86870568	     -2.04898698
      0.46145936	      1.29838449	      1.07868517	     -0.01400062	     -2.45567338	      2.65469794	     -0.13969183	     -5.65892905	      1.09787827	      1.82520799	     -2.06798433
      0.46279693	      1.31135341	      1.07775200	     -0.01468180	     -2.46428363	      2.68659703	     -0.14896341	     -5.75564521	      1.10859067	      1.77994305	     -2.08540460
      0.46413449	      1.32287874	      1.07677961	     -0.01545643	     -2.47086103	      2.71990385	     -0.15919196	     -5.85210508	      1.11983112	      1.73300712	     -2.10114815
      0.46547205	      1.33286653	      1.07576624	     -0.01633332	     -2.47528075	      2.75470779	     -0.17042558	     -5.94826396	      1.13159256	      1.68447112	     -2.11510474
      0.46680962	      1.34125544	      1.07471246	     -0.01731879	     -2.47747475	      2.79104639	     -0.18264779	     -6.04403862	      1.14361744	      1.63442025	     -2.12719937
      0.46814718	      1.34798521	      1.07361867	     -0.01841907	     -2.47737512	      2.82895921	     -0.19584443	     -6.13935412	      1.15565157	      1.58293007	     -2.13735866
      0.46948474	      1.35303384	      1.07248763	     -0.01963756	     -2.47497185	      2.86842836	     -0.20996097	     -6.23410042	      1.16737918	      1.53010254	     -2.14555134
      0.47082231	      1.35637802	      1.07132184	     -0.02097785	     -2.47025044	      2.90943974	     -0.22495465	     -6.32817341	      1.17855299	      1.47603834	     -2.15174500
      0.47215987	      1.35800176	      1.07012469	     -0.02244272	     -2.46320808	      2.95196082	     -0.24077812	     -6.42144448	      1.18892702	      1.42086989	     -2.15591438
      0.47349743	      1.35787567	      1.06889895	     -0.02403604	     -2.45382397	      2.99597730	     -0.25739222	     -6.51379284	      1.19827475	      1.36472973	     -2.15801912
      0.47483500	      1.35596901	      1.06764776	     -0.02576112	     -2.44207651	      3.04146945	     -0.27475156	     -6.60508063	      1.20627654	      1.30775942	     -2.15801644
      0.47617256	      1.35223680	      1.06637367	     -0.02762235	     -2.42792886	      3.08843671	     -0.29280059	     -6.69517797	      1.21250230	      1.25009985	     -2.15584738
      0.47751012	      1.34667872	      1.06508107	     -0.02962032	     -2.41139530	      3.13681904	     -0.31148653	     -6.78393120	      1.21667115	      1.19187197	     -2.15150383
      0.47884769	      1.33929862	      1.06377439	     -0.03175554	     -2.39249402	      3.18655256	     -0.33076012	     -6.87118853	      1.21853151	      1.13319374	     -2.14498270
      0.48018525	      1.33016564	      1.06246053	     -0.03402323	     -2.37131654	      3.23748979	     -0.35059837	     -6.95677222	      1.21815569	      1.07416081	     -2.13635547
      0.48152281	      1.31935589	      1.06114663	     -0.03641845	     -2.34796127	      3.28947425	     -0.37098783	     -7.04050118	      1.21571020	      1.01487035	     -2.12570170
      0.48286038	      1.30694868	      1.05984011	     -0.03893494	     -2.32253348	      3.34234439	     -0.39191118	     -7.12219206	      1.21127275	      0.95541763	     -2.11310388
      0.48419794	      1.29302129	      1.05854859	     -0.04156670	     -2.29514086	      3.39593668	     -0.41333343	     -7.20165108	      1.20481821	      0.89590323	     -2.09864160
      0.48553550	      1.27757957	      1.05727651	     -0.04431163	     -2.26580555	      3.45019014	     -0.43520718	     -7.27874299	      1.19608829	      0.83643722	     -2.08231366
      0.48687307	      1.26061790	      1.05602756	     -0.04716910	     -2.23452473	      3.50506130	     -0.45753136	     -7.35334382	      1.18509054	      0.77713366	     -2.06410649
      0.48821063	      1.24208358	      1.05480342	     -0.05013996	     -2.20125109	      3.56057582	     -0.48023777	     -7.42537137	      1.17113421	      0.71809264	     -2.04395321
      0.48954819	      1.22194092	      1.05360706	     -0.05322390	     -2.16597298	      3.61673226	     -0.50320177	     -7.49472385	      1.15322676	      0.65941126	     -2.02180501
      0.49088576	      1.20015937	      1.05244096	     -0.05641859	     -2.12868673	      3.67353178	     -0.52625903	     -7.56131901	      1.13028408	      0.60117129	     -1.99762050
      0.49222332	      1.17671886	      1.05130777	     -0.05972164	     -2.08939045	      3.73096120	     -0.54928688	     -7.62506773	      1.10148121	      0.54346149	     -1.97137071
      0.49356088	      1.15159679	      1.05020881	     -0.06312936	     -2.04805855	      3.78902159	     -0.57223741	     -7.68590662	      1.06645493	      0.48635642	     -1.94302664
      0.49489845	      1.12475262	      1.04914385	     -0.06664131	     -2.00460283	      3.84773736	     -0.59523111	     -7.74377830	      1.02580134	      0.42994864	     -1.91254078
      0.49623601	      1.09615693	      1.04811475	     -0.07025084	     -1.95903342	      3.90712122	     -0.61806877	     -7.79863099	      0.97774437	      0.37427673	     -1.87987451
      0.49757357	      1.06578617	      1.04712525	     -0.07395012	     -1.91142353	      3.96717160	     -0.64030397	     -7.85039762	      0.91887347	      0.31936767	     -1.84499228
      0.49891114	      1.03365332	      1.04618152	     -0.07772338	     -1.86196285	      4.02784503	     -0.66122727	     -7.89901206	      0.84560111	      0.26520947	     -1.80789781
      0.50024870	      0.99975378	      1.04528798	     -0.08155690	     -1.81078873	      4.08912169	     -0.68018752	     -7.94441426	      0.75433728	      0.21179890	     -1.76857732
      0.50158626	      0.96413302	      1.04444966	     -0.08543194	     -1.75804665	      4.15092955	     -0.69697526	     -7.98655431	      0.64565000	      0.15913748	     -1.72707683
      0.50292383	      0.92685203	      1.04367404	     -0.08932685	     -1.70396365	      4.21317003	     -0.71111470	     -8.02536427	      0.51861470	      0.10722025	     -1.68345602
      0.50426139	      0.88798323	      1.04296463	     -0.09322590	     -1.64857675	      4.27574984	     -0.72330188	     -8.06081559	      0.38101917	      0.05609333	     -1.63779686
      0.50559895	      0.84755852	      1.04232171	     -0.09711841	     -1.59179887	      4.33863366	     -0.73458322	     -8.09290694	      0.24287416	      0.00582334	     -1.59013907
      0.50693652	      0.80563035	      1.04174364	     -0.10099755	     -1.53345892	      4.40176972	     -0.74652928	     -8.12164669	      0.11459064	     -0.04352575	     -1.54055120
      0.50827408	      0.76225989	      1.04123036	     -0.10485379	     -1.47344009	      4.46508705	     -0.76050577	     -8.14702192	      0.00532099	     -0.09190028	     -1.48910905
      0.50961164	      0.71758137	      1.04078675	     -0.10867362	     -1.41185880	      4.52840832	     -0.77693480	     -8.16896088	     -0.08296994	     -0.13929243	     -1.43596603
      0.51094921	      0.67172563	      1.04041780	     -0.11244277	     -1.34883180	      4.59156111	     -0.79623521	     -8.18739589	     -0.14814523	     -0.18568520	     -1.38127136
      0.51228677	      0.62485862	      1.04013126	     -0.11614594	     -1.28466548	      4.65432961	     -0.81785460	     -8.20225085	     -0.19416262	     -0.23111073	     -1.32521012
      0.51362433	      0.57714273	      1.03993470	     -0.11976760	     -1.21964527	      4.71650186	     -0.84135661	     -8.21344977	     -0.22414059	     -0.27558977	     -1.26796373
      0.51496190	      0.52872155	      1.03983442	     -0.12329612	     -1.15407261	      4.77789929	     -0.86599300	     -8.22094335	     -0.24270427	     -0.31919151	     -1.20969262
      0.51629946	      0.47973976	      1.03983678	     -0.12671937	     -1.08823630	      4.83834007	     -0.89111361	     -8.22467744	     -0.25386864	     -0.36197555	     -1.15055861
      0.51763702	      0.43029350	      1.03994451	     -0.13003156	     -1.02232667	      4.89771766	     -0.91625372	     -8.22464402	     -0.26026825	     -0.40404483	     -1.09067166
      0.51897459	      0.38048533	      1.04016087	     -0.13322588	     -0.95654172	      4.95591471	     -0.94096086	     -8.22082631	     -0.26449891	     -0.44549536	     -1.03014860
      0.52031215	      0.33037169	      1.04048555	     -0.13630121	     -0.89097205	      5.01288597	     -0.96506228	     -8.21325510	     -0.26746135	     -0.48645107	     -0.96905731
      0.52164971	      0.28001826	      1.04091896	     -0.13925527	     -0.82572757	      5.06857163	     -0.98834406	     -8.20195093	     -0.27032095	     -0.52703281	     -0.90747555
      0.52298728	      0.22945987	      1.04145906	     -0.14208970	     -0.76084839	      5.12296253	     -1.01077064	     -8.18697523	     -0.27325446	     -0.56736605	     -0.84544847
      0.52432484	      0.17873963	      1.04210440	     -0.14480512	     -0.69639233	      5.17603681	     -1.03226434	     -8.16838072	     -0.27668261	     -0.60757717	     -0.78303010
      0.52566240	      0.12788021	      1.04285195	     -0.14740485	     -0.63237750	      5.22780705	     -1.05282726	     -8.14625233	     -0.28062002	     -0.64777346	     -0.72025270
      0.52699997	      0.07690922	      1.04369899	     -0.14989161	     -0.56883191	      5.27827930	     -1.07243906	     -8.12067220	     -0.28520477	     -0.68806692	     -0.65715400
      0.52833753	      0.02583815	      1.04464181	     -0.15227007	     -0.50575821	      5.32748362	     -1.09110973	     -8.09174096	     -0.29043969	     -0.72853456	     -0.59375397
      0.52967509	     -0.02531556	      1.04567703	     -0.15454429	     -0.44316809	      5.37544078	     -1.10883917	     -8.05955228	     -0.29637415	     -0.76925733	     -0.53007914
      0.53101266	     -0.07654924	      1.04680087	     -0.15671979	     -0.38105426	      5.42218456	     -1.12563765	     -8.02419254	     -0.30301801	     -0.81027980	     -0.46613873
      0.53235022	     -0.12785547	      1.04800970	     -0.15880166	     -0.31941560	      5.46774365	     -1.14151183	     -7.98574877	     -0.31039578	     -0.85164841	     -0.40194744
      0.53368778	     -0.17924932	      1.04929913	     -0.16079677	     -0.25822360	      5.51217281	     -1.15647537	     -7.94430972	     -0.31851831	     -0.89339730	     -0.33749403
      0.53502535	     -0.23074303	      1.05066486	     -0.16271181	     -0.19745312	      5.55552390	     -1.17054079	     -7.89996492	     -0.32740156	     -0.93556077	     -0.27277057
      0.53636291	     -0.28237053	      1.05210193	     -0.16455488	     -0.13705366	      5.59787324	     -1.18372493	     -7.85280167	     -0.33705275	     -0.97819165	     -0.20774388
      0.53770047	     -0.33416422	      1.05360545	     -0.16633405	     -0.07697644	      5.63929540	     -1.19604423	     -7.80290715	     -0.34748167	     -1.02134857	     -0.14238261
      0.53903804	     -0.38616545	      1.05517033	     -0.16805764	     -0.01716333	      5.67987437	     -1.20751553	     -7.75036485	     -0.35868951	     -1.06511042	     -0.07664474
      0.54037560	     -0.43841367	      1.05679153	     -0.16973395	      0.04244142	      5.71969212	     -1.21815482	     -7.69525841	     -0.37067942	     -1.10956335	     -0.01049047
      0.54171316	     -0.49094304	      1.05846424	     -0.17137037	      0.10188649	      5.75882381	     -1.22797666	     -7.63766986	     -0.38344694	     -1.15477307	      0.05611418
      0.54305073	     -0.54379002	      1.06018352	     -0.17297460	      0.16122342	      5.79734780	     -1.23699609	     -7.57768209	     -0.39698916	     -1.20082538	      0.12320573
      0.54438829	     -0.59697562	      1.06194498	     -0.17455265	      0.22048581	      5.83532344	     -1.24522676	     -7.51537781	     -0.41129684	     -1.24771288	      0.19080316
      0.54572585	     -0.65052560	      1.06374402	     -0.17611103	      0.27971308	      5.87281624	     -1.25268342	     -7.45084082	     -0.42636184	     -1.29545096	      0.25893079
      0.54706342	     -0.70444139	      1.06557694	     -0.17765387	      0.33891624	      5.90986048	     -1.25937774	     -7.38415241	     -0.44217226	     -1.34389614	      0.32758536
      0.54840098	     -0.75873038	      1.06743983	     -0.17918589	      0.39811317	      5.94649779	     -1.26532197	     -7.31539408	     -0.45871790	     -1.39292240	      0.39677037
      0.54973854	     -0.81337021	      1.06932994	     -0.18070893	      0.45728651	      5.98273094	     -1.27052375	     -7.24464239	     -0.47598385	     -1.44225307	      0.46645568
      0.55107611	     -0.86835017	      1.07124412	     -0.18222585	      0.51643302	      6.01857671	     -1.27499336	     -7.17197415	     -0.49395600	     -1.49162431	      0.53662444
      0.55241367	     -0.92361890	      1.07318075	     -0.18373574	      0.57550046	      6.05400179	     -1.27873298	     -7.09746385	     -0.51261540	     -1.54071171	      0.60721351
      0.55375123	     -0.97913766	      1.07513774	     -0.18523882	      0.63445202	      6.08898793	     -1.28174785	     -7.02118721	     -0.53194320	     -1.58916645	      0.67817419
      0.55508880	     -1.03480813	      1.07711519	     -0.18672993	      0.69317782	      6.12344646	     -1.28402813	     -6.94321759	     -0.55192002	     -1.63674765	      0.74938958
      0.55642636	     -1.09054397	      1.07911279	     -0.18820501	      0.75158222	      6.15730236	     -1.28556625	     -6.86362831	     -0.57252615	     -1.68317543	      0.82075654
      0.55776392	     -1.14619055	      1.08113267	     -0.18965385	      0.80948595	      6.19040308	     -1.28633698	     -6.78249174	     -0.59374713	     -1.72846315	      0.89209332
      0.55910149	     -1.20160468	      1.08317655	     -0.19106728	      0.86672292	      6.22260834	     -1.28631637	     -6.69987866	     -0.61556819	     -1.77256857	      0.96323148
      0.56043905	     -1.25658621	      1.08524817	     -0.19243088	      0.92305985	      6.25371707	     -1.28547026	     -6.61586341	     -0.63798038	     -1.81583065	      1.03393636
      0.56177661	     -1.31094244	      1.08735111	     -0.19373085	      0.97827147	      6.28353089	     -1.28376457	     -6.53050608	     -0.66097515	     -1.85851138	      1.10398245
      0.56311418	     -1.36443395	      1.08949145	     -0.19494892	      1.03207812	      6.31178417	     -1.28115864	     -6.44382769	     -0.68454907	     -1.90096167	      1.17309126
      0.56445174	     -1.41683709	      1.09167359	     -0.19606857	      1.08422244	      6.33825286	     -1.27762074	     -6.35590786	     -0.70869142	     -1.94365271	      1.24100025
      0.56578930	     -1.46794173	      1.09390090	     -0.19707425	      1.13447058	      6.36275776	     -1.27313151	     -6.26689406	     -0.73339357	     -1.98743834	      1.30745972
      0.56712687	     -1.51754265	      1.09617757	     -0.19795045	      1.18258871	      6.38509895	     -1.26766213	     -6.17687135	     -0.75865592	     -2.03294314	      1.37222822
      0.56846443	     -1.56542103	      1.09850931	     -0.19868022	      1.22832966	      6.40505079	     -1.26118912	     -6.08589960	     -0.78447202	     -2.08070826	      1.43504940
      0.56980199	     -1.61138875	      1.10090036	     -0.19924912	      1.27148094	      6.42243218	     -1.25369076	     -5.99406306	     -0.81083567	     -2.13138471	      1.49570185
      0.57113956	     -1.65515656	      1.10335895	     -0.19963476	      1.31171903	      6.43693713	     -1.24514912	     -5.90141824	     -0.83772546	     -2.18545108	      1.55384695
      0.57247712	     -1.69640404	      1.10589397	     -0.19981233	      1.34868198	      6.44822674	     -1.23553907	     -5.80802347	     -0.86511652	     -2.24353031	      1.60910987
      0.57381468	     -1.73473291	      1.10851767	     -0.19975135	      1.38192879	      6.45586069	     -1.22484242	     -5.71390961	     -0.89298447	     -2.30570879	      1.66102523
      0.57515225	     -1.76975218	      1.11124194	     -0.19942201	      1.41102471	      6.45940743	     -1.21303713	     -5.61911100	     -0.92130947	     -2.37203955	      1.70913628
      0.57648981	     -1.80113065	      1.11407779	     -0.19879943	      1.43561967	      6.45849411	     -1.20013482	     -5.52365043	     -0.95006741	     -2.44198786	      1.75305529
      0.57782738	     -1.82852598	      1.11703650	     -0.19785795	      1.45534709	      6.45273497	     -1.18613929	     -5.42755130	     -0.97923478	     -2.51502410	      1.79238189
      0.57916494	     -1.85174081	      1.12012531	     -0.19658285	      1.47002409	      6.44191206	     -1.17110198	     -5.33084448	     -1.00878522	     -2.59059783	      1.82688286
      0.58050250	     -1.87054928	      1.12335211	     -0.19495714	      1.47943228	      6.42577807	     -1.15506587	     -5.23356295	     -1.03869169	     -2.66834309	      1.85629175
      0.58184007	     -1.88489529	      1.12671969	     -0.19297645	      1.48356258	      6.40428549	     -1.13812024	     -5.13575344	     -1.06892960	     -2.74806797	      1.88053824
      0.58317763	     -1.89469248	      1.13023169	     -0.19063420	      1.48236866	      6.37735176	     -1.12034583	     -5.03746150	     -1.09947442	     -2.82955388	      1.89951693
      0.58451519	     -1.90000077	      1.13388753	     -0.18793470	      1.47598045	      6.34506047	     -1.10185795	     -4.93873843	     -1.13030267	     -2.91249891	      1.91329270
      0.58585276	     -1.90084852	      1.13768757	     -0.18488001	      1.46448964	      6.30745826	     -1.08276434	     -4.83963365	     -1.16139048	     -2.99655280	      1.92189375
      0.58719032	     -1.89736760	      1.14162922	     -0.18147968	      1.44810954	      6.26470604	     -1.06319277	     -4.74019543	     -1.19271420	     -3.08126205	      1.92546959
      0.58852788	     -1.88966647	      1.14571057	     -0.17774158	      1.42702603	      6.21693872	     -1.04326674	     -4.64047199	     -1.22424971	     -3.16618416	      1.92414233
      0.58986545	     -1.87792128	      1.14992768	     -0.17367818	      1.40150201	      6.16436544	     -1.02311861	     -4.54050807	     -1.25597490	     -3.25091467	      1.91811384
      0.59120301	     -1.86229406	      1.15427700	     -0.16930100	      1.37178450	      6.10718024	     -1.00287913	     -4.44034941	     -1.28786712	     -3.33505453	      1.90756937
      0.59254057	     -1.84298504	      1.15875373	     -0.16462389	      1.33816141	      6.04561812	     -0.98267953	     -4.34003716	     -1.31990788	     -3.41831183	      1.89273972
      0.59387814	     -1.82018574	      1.16335338	     -0.15966016	      1.30091130	      5.97990499	     -0.96265083	     -4.23961383	     -1.35207794	     -3.50038043	      1.87384535
      0.59521570	     -1.79410302	      1.16807082	     -0.15442384	      1.26032606	      5.91028101	     -0.94291903	     -4.13911602	     -1.38436245	     -3.58104787	      1.85112573
      0.59655326	     -1.76493974	      1.17290109	     -0.14892878	      1.21669402	      5.83698269	     -0.92361124	     -4.03858209	     -1.41674530	     -3.66008206	      1.82481545
      0.59789083	     -1.73290058	      1.17783900	     -0.14318867	      1.17030077	      5.76024470	     -0.90484666	     -3.93804301	     -1.44921482	     -3.73730896	      1.79515236
      0.59922839	     -1.69819114	      1.18287930	     -0.13721748	      1.12143381	      5.68030403	     -0.88674527	     -3.83753229	     -1.48175735	     -3.81253833	      1.76237504
      0.60056595	     -1.66100912	      1.18801692	     -0.13102823	      1.07036689	      5.59738389	     -0.86941928	     -3.73707368	     -1.51436661	     -3.88561572	      1.72671411
      0.60190352	     -1.62155621	      1.19324652	     -0.12463485	      1.01737685	      5.51171425	     -0.85297592	     -3.63669540	     -1.54703365	     -3.95637262	      1.68840435
      0.60324108	     -1.58001410	      1.19856369	     -0.11804819	      0.96271832	      5.42349479	     -0.83752948	     -3.53640985	     -1.57976102	     -4.02467669	      1.64765903
      0.60457864	     -1.53656693	      1.20396367	     -0.11128037	      0.90664524	      5.33293109	     -0.82318655	     -3.43623553	     -1.61254640	     -4.09038113	      1.60469357
      0.60591621	     -1.49137353	      1.20944375	     -0.10433682	      0.84939957	      5.24018609	     -0.81009949	     -3.33616243	     -1.64541132	     -4.15339620	      1.55969726
      0.60725377	     -1.44459492	      1.21500141	     -0.09722222	      0.79123308	      5.14542382	     -0.79844731	     -3.23617790	     -1.67837097	     -4.21362267	      1.51286222
      0.60859133	     -1.39637772	      1.22063591	     -0.08993528	      0.73239626	      5.04877889	     -0.78842203	     -3.13624322	     -1.71146461	     -4.27103399	      1.46436722
      0.60992890	     -1.34687578	      1.22634686	     -0.08247366	      0.67315412	      4.95039072	     -0.78022497	     -3.03631441	     -1.74472772	     -4.32559320	      1.41440044
      0.61126646	     -1.29623168	      1.23213185	     -0.07484204	      0.61371312	      4.85040276	     -0.77390123	     -2.93637839	     -1.77821629	     -4.37730815	      1.36313325
      0.61260402	     -1.24458945	      1.23798811	     -0.06704683	      0.55427175	      4.74896374	     -0.76946890	     -2.83643021	     -1.81200118	     -4.42616695	      1.31073802
      0.61394159	     -1.19208300	      1.24390932	     -0.05910429	      0.49497957	      4.64623669	     -0.76688732	     -2.73650803	     -1.84614092	     -4.47220087	      1.25736844
      0.61527915	     -1.13886388	      1.24988901	     -0.05103032	      0.43601700	      4.54240223	     -0.76615280	     -2.63664433	     -1.88068056	     -4.51544706	      1.20319945
      0.61661671	     -1.08504883	      1.25592041	     -0.04284065	      0.37752525	      4.43760736	     -0.76728980	     -2.53687791	     -1.91562329	     -4.55597095	      1.14836295
      0.61795428	     -1.03084509	      1.26199349	     -0.03455678	      0.31976137	      4.33211249	     -0.77035370	     -2.43726896	     -1.95096821	     -4.59387638	      1.09309558
      0.61929184	     -0.97679488	      1.26808338	     -0.02622613	      0.26340902	      4.22661124	     -0.77552796	     -2.33797075	     -1.98667116	     -4.62946949	      1.03801729
      0.62062940	     -0.92303862	      1.27418241	     -0.01786443	      0.20864903	      4.12128108	     -0.78285874	     -2.23902859	     -2.02273604	     -4.66283003	      0.98328771
      0.62196697	     -0.86917085	      1.28030558	     -0.00944388	      0.15499748	      4.01559559	     -0.79225348	     -2.14033295	     -2.05919367	     -4.69376379	      0.92843953
      0.62330453	     -0.81525548	      1.28644829	     -0.00097354	      0.10255252	      3.90962775	     -0.80376333	     -2.04189513	     -2.09603411	     -4.72232885	      0.87354407
      0.62464209	     -0.76147367	      1.29260054	      0.00752858	      0.05156547	      3.80360275	     -0.81748598	     -1.94375691	     -2.13323913	     -4.74865953	      0.81880631
      0.62597966	     -0.70787901	      1.29875780	      0.01605439	      0.00212680	      3.69758302	     -0.83347575	     -1.84592921	     -2.17080176	     -4.77281402	      0.76428504
      0.62731722	     -0.65452079	      1.30491519	      0.02459601	     -0.04567277	      3.59163247	     -0.85179583	     -1.74843030	     -2.20870984	     -4.79486050	      0.71003298
      0.62865478	     -0.60144133	      1.31106823	      0.03314608	     -0.09175305	      3.48580641	     -0.87250389	     -1.65127820	     -2.24695247	     -4.81485755	      0.65609508
      0.62999235	     -0.54865001	      1.31721340	      0.04169978	     -0.13606973	      3.38012127	     -0.89565547	     -1.55448290	     -2.28552027	     -4.83287064	      0.60247745
      0.63132991	     -0.49617684	      1.32334645	      0.05025068	     -0.17855404	      3.27461934	     -0.92131036	     -1.45805993	     -2.32440267	     -4.84897384	      0.54921017
      0.63266747	     -0.44398850	      1.32946550	      0.05879740	     -0.21921001	      3.16925940	     -0.94951811	     -1.36199814	     -2.36359559	     -4.86323610	      0.49624988
      0.63400504	     -0.39208304	      1.33556740	      0.06733602	     -0.25800368	      3.06404308	     -0.98033673	     -1.26630265	     -2.40309054	     -4.87574166	      0.44358927
      0.63534260	     -0.34032817	      1.34165441	      0.07587314	     -0.29505803	      2.95879543	     -1.01379135	     -1.17091847	     -2.44289710	     -4.88651727	      0.39107106
      0.63668016	     -0.28866109	      1.34772581	      0.08440960	     -0.33041047	      2.85343831	     -1.04992735	     -1.07583225	     -2.48301622	     -4.89561829	      0.33861760
      0.63801773	     -0.23675157	      1.35379256	      0.09296842	     -0.36442836	      2.74752132	     -1.08871101	     -0.98087823	     -2.52348531	     -4.90295978	      0.28584479
      0.63935529	     -0.18432112	      1.35986398	      0.10156913	     -0.39741627	      2.64064692	     -1.13012205	     -0.88587155	     -2.56434009	     -4.90847151	      0.23242904
      0.64069285	     -0.13071544	      1.36596475	      0.11026120	     -0.43014352	      2.53192864	     -1.17402934	     -0.79049477	     -2.60565110	     -4.91191784	      0.17761376
      0.64203042	     -0.07536679	      1.37211582	      0.11908678	     -0.46327289	      2.42060284	     -1.22032788	     -0.69448441	     -2.64747555	     -4.91310478	      0.12074162
      0.64336798	     -0.01729955	      1.37835360	      0.12811938	     -0.49797050	      2.30540532	     -1.26878997	     -0.59751182	     -2.68990775	     -4.91168367	      0.06068308
      0.64470554	      0.04452737	      1.38471760	      0.13743764	     -0.53548563	      2.18498863	     -1.31916567	     -0.49922814	     -2.73304427	     -4.90726231	     -0.00376616
      0.64604311	      0.11123410	      1.39124878	      0.14712630	     -0.57715797	      2.05791260	     -1.37118777	     -0.39929369	     -2.77699989	     -4.89946437	     -0.07390422
      0.64738067	      0.18401357	      1.39799096	      0.15727481	     -0.62441686	      1.92266674	     -1.42456886	     -0.29741114	     -2.82188632	     -4.88785380	     -0.15111374
      0.64871823	      0.26346963	      1.40496287	      0.16792895	     -0.67795373	      1.77843356	     -1.47920652	     -0.19330431	     -2.86780152	     -4.87236258	     -0.23609888
      0.65005580	      0.35019905	      1.41218378	      0.17913470	     -0.73845247	      1.62438822	     -1.53499919	     -0.08665415	     -2.91484391	     -4.85291445	     -0.32955442
      0.65139336	      0.44400939	      1.41964001	      0.19087908	     -0.80561650	      1.46063844	     -1.59208378	      0.02283516	     -2.96308569	     -4.82991695	     -0.43126489
      0.65273092	      0.54485159	      1.42732385	      0.20315984	     -0.87932702	      1.28712354	     -1.65055540	      0.13546026	     -3.01260104	     -4.80368887	     -0.54118027
      0.65406849	      0.65215232	      1.43520469	      0.21593391	     -0.95881832	      1.10443186	     -1.71065882	      0.25143351	     -3.06344706	     -4.77488529	     -0.65864701
      0.65540605	      0.76544684	      1.44325658	      0.22916665	     -1.04345808	      0.91302006	     -1.77260915	      0.37097712	     -3.11568269	     -4.74409306	     -0.78313673
      0.65674361	      0.88401642	      1.45144170	      0.24280218	     -1.13230661	      0.71367962	     -1.83668139	      0.49422929	     -3.16936457	     -4.71207458	     -0.91382935
      0.65808118	      1.00720074	      1.45972486	      0.25678952	     -1.22449425	      0.50712561	     -1.90313810	      0.62134620	     -3.22454905	     -4.67955388	     -1.04997195
      0.65941874	      1.13427960	      1.46806739	      0.27107085	     -1.31908873	      0.29417253	     -1.97223501	      0.75242465	     -3.28130415	     -4.64730641	     -1.19074328
      0.66075630	      1.26455008	      1.47643150	      0.28559021	     -1.41517582	      0.07560786	     -2.04422988	      0.88757535	     -3.33969448	     -4.61609473	     -1.33534196
      0.66209387	      1.39735968	      1.48478098	      0.30029294	     -1.51191938	     -0.14781806	     -2.11933214	      1.02686924	     -3.39980683	     -4.58665575	     -1.48302482
      0.66343143	      1.53204927	      1.49307942	      0.31512449	     -1.60847082	     -0.37535226	     -2.19776229	      1.17038686	     -3.46172225	     -4.55973012	     -1.63304119
      0.66476899	      1.66805520	      1.50129448	      0.33003488	     -1.70411934	     -0.60633746	     -2.27967115	      1.31818190	     -3.52555120	     -4.53599583	     -1.78474986
      0.66610656	      1.80479669	      1.50939299	      0.34497348	     -1.79812770	     -0.84010004	     -2.36522560	      1.47031451	     -3.59139688	     -4.51614449	     -1.93749017
      0.66744412	      1.94178974	      1.51734660	      0.35989431	     -1.88990160	     -1.07606809	     -2.45451560	      1.62682625	     -3.65939566	     -4.50079357	     -2.09071173
      0.66878168	      2.07852848	      1.52512578	      0.37475036	     -1.97881338	     -1.31364678	     -2.54765053	      1.78776361	     -3.72967560	     -4.49058380	     -2.24383934
      0.67011925	      2.21458870	      1.53270585	      0.38949815	     -2.06436312	     -1.55232886	     -2.64466070	      1.95315898	     -3.80239987	     -4.48606991	     -2.39638995
      0.67145681	      2.34952260	      1.54006074	      0.40409304	     -2.14601449	     -1.79158139	     -2.74559813	      2.12304925	     -3.87772258	     -4.48784053	     -2.54785385
      0.67279437	      2.48295890	      1.54716958	      0.41849350	     -2.22335632	     -2.03095539	     -2.85043024	      2.29745727	     -3.95583531	     -4.49635873	     -2.69780684
      0.67413194	      2.61450476	      1.55401011	      0.43265703	     -2.29594272	     -2.26997802	     -2.95914684	      2.47641028	     -4.03692096	     -4.51212779	     -2.84580059
      0.67546950	      2.74385199	      1.56056599	      0.44654486	     -2.36346681	     -2.50827127	     -3.07164441	      2.65991797	     -4.12119883	     -4.53546436	     -2.99148104
      0.67680706	      2.87067367	      1.56681949	      0.46011744	     -2.42558952	     -2.74543609	     -3.18784259	      2.84799452	     -4.20888021	     -4.56672646	     -3.13447345
      0.67814463	      2.99473078	      1.57275923	      0.47333940	     -2.48211842	     -2.98117307	     -3.30756114	      3.04063307	     -4.30020786	     -4.60604726	     -3.27450056
      0.67948219	      3.11576031	      1.57837220	      0.48617407	     -2.53282168	     -3.21515572	     -3.43064583	      3.23783240	     -4.39541602	     -4.65360082	     -3.41125845
      0.68081975	      3.23358691	      1.58365194	      0.49858931	     -2.57761689	     -3.44715742	     -3.55683739	      3.43956780	     -4.49477114	     -4.70935432	     -3.54453991
      0.68215732	      3.34799433	      1.58858979	      0.51055028	     -2.61636110	     -3.67690534	     -3.68590763	      3.64582251	     -4.59853066	     -4.77330748	     -3.67409157
      0.68349488	      3.45889586	      1.59318499	      0.52203045	     -2.64911395	     -3.90427380	     -3.81750949	      3.85655088	     -4.70698825	     -4.84532034	     -3.79980500
      0.68483244	      3.56617420	      1.59743501	      0.53300119	     -2.67588674	     -4.12910406	     -3.95132508	      4.07172249	     -4.82042948	     -4.92521799	     -3.92153763
      0.68617001	      3.66989629	      1.60134661	      0.54344729	     -2.69696129	     -4.35144346	     -4.08690181	      4.29125883	     -4.93917428	     -5.01287358	     -4.03935510
      0.68750757	      3.77012443	      1.60492561	      0.55335325	     -2.71260158	     -4.57134224	     -4.22381218	      4.51512775	     -5.06353637	     -5.10791653	     -4.15331905
      0.68884513	      3.86704924	      1.60818477	      0.56271379	     -2.72327634	     -4.78897660	     -4.36150158	      4.74316864	     -5.19385732	     -5.21064067	     -4.26363427
      0.69018270	      3.96085861	      1.61113631	      0.57152335	     -2.72944090	     -5.00455229	     -4.49943431	      4.97537766	     -5.33047953	     -5.32046326	     -4.37050282
      0.69152026	      4.05171678	      1.61379367	      0.57977558	     -2.73156907	     -5.21816024	     -4.63699093	      5.21131082	     -5.47374944	     -5.43939014	     -4.47409508
      0.69285782	      4.13986846	      1.61617370	      0.58747038	     -2.73023139	     -5.43009406	     -4.77353231	      5.45102309	     -5.62402635	     -5.56668401	     -4.57467176
      0.69419539	      4.22526167	      1.61828248	      0.59458555	     -2.72566003	     -5.63998509	     -4.90845938	      5.69308395	     -5.78162274	     -5.71010555	     -4.67215466
      0.69553295	      4.30805887	      1.62013679	      0.60111611	     -2.71835476	     -5.84802589	     -5.04110664	      5.93744740	     -5.94688360	     -5.87117914	     -4.76670297
      0.69687051	      4.38848672	      1.62174453	      0.60706680	     -2.70888259	     -6.05358053	     -5.17079792	      6.17976793	     -6.12014266	     -6.07421768	     -4.85857774
      0.69820808	      4.46631578	      1.62310635	      0.61240130	     -2.69726601	     -6.25596112	     -5.29698120	      6.41808483	     -6.30166595	     -6.33934852	     -4.94749244
      0.69954564	      4.53975424	      1.62413876	      0.61695868	     -2.68150499	     -6.45014813	     -5.41971244	      6.63921214	     -6.49149214	     -6.72875459	     -5.03145228
      0.70088320	      4.60846824	      1.62482949	      0.62069211	     -2.66147411	     -6.63440561	     -5.53851306	      6.83698671	     -6.68979398	     -7.31363947	     -5.11007684
      0.70222077	      4.67068246	      1.62505989	      0.62345839	     -2.63508411	     -6.80134482	     -5.65356002	      6.98669483	     -6.89667687	     -8.14958371	     -5.18149700
      0.70355833	      4.72486333	      1.62471638	      0.62511726	     -2.60052347	     -6.94436456	     -5.76505080	      7.06821669	     -7.11206132	     -9.51832825	     -5.24410315
      0.70489590	      4.76339674	      1.62323745	      0.62508325	     -2.54769020	     -7.03406209	     -5.87592938	      6.98947063	     -7.33555228	    -11.58704398	     -5.28995704
      0.70623346	      4.76526501	      1.61890909	      0.62171187	     -2.44753878	     -6.98701840	     -5.99642615	      6.50032842	     -7.56498975	    -15.67945913	     -5.29746281
      0.70757102	      4.72638091	      1.61169779	      0.61482993	     -2.29576649	     -6.79704069	     -6.12588253	      5.57499109	     -7.80244256	    -19.76410058	     -5.26192672
      0.70890859	      4.66532004	      1.60360793	      0.60606594	     -2.12026966	     -6.55302292	     -6.25112517	      4.46376072	     -8.05311794	    -18.78842547	     -5.20157541
      0.71024615	      4.59161766	      1.59535219	      0.59653413	     -1.93480009	     -6.30143873	     -6.36566339	      3.36080539	     -8.32057447	    -14.97019549	     -5.12651238
      0.71158371	      4.50772175	      1.58700138	      0.58673272	     -1.74302716	     -6.05514140	     -6.46693442	      2.34886503	     -8.60774041	    -11.73832140	     -5.03966050
      0.71292128	      4.42712875	      1.57963462	      0.57760755	     -1.56440816	     -5.85849096	     -6.54691149	      1.53944139	     -8.91492830	     -8.93561483	     -4.95491193
      0.71425884	      4.35554729	      1.57365224	      0.56950405	     -1.40661062	     -5.72902022	     -6.60383975	      0.97915057	     -9.24233329	     -6.86653892	     -4.87824988
      0.71559640	      4.29181053	      1.56890742	      0.56218945	     -1.26949867	     -5.65269945	     -6.63486819	      0.61018373	     -9.58816298	     -5.30607803	     -4.80851447
      0.71693397	      4.23747558	      1.56550440	      0.55573188	     -1.15871666	     -5.62413242	     -6.63047416	      0.40025960	     -9.95072430	     -4.17715761	     -4.74731132
      0.71827153	      4.19133491	      1.56333039	      0.55004916	     -1.07495388	     -5.63016327	     -6.58592435	      0.29863596	    -10.32037254	     -3.36290628	     -4.69339524
      0.71960909	      4.15288188	      1.56232223	      0.54509771	     -1.01872239	     -5.66239853	     -6.49930096	      0.27132326	    -10.68749628	     -2.73161402	     -4.64626012
      0.72094666	      4.11928709	      1.56220473	      0.54063075	     -0.98366827	     -5.71147722	     -6.37882641	      0.29402382	    -11.04765133	     -2.26337126	     -4.60309306
      0.72228422	      4.08873662	      1.56279625	      0.53648669	     -0.96563115	     -5.77040826	     -6.23015294	      0.34627608	    -11.39735262	     -1.86444398	     -4.56209372
      0.72362178	      4.05802191	      1.56378536	      0.53233567	     -0.95615684	     -5.83260224	     -6.06513446	      0.41815418	    -11.73718694	     -1.54062273	     -4.52010063
      0.72495935	      4.02316016	      1.56479943	      0.52776104	     -0.94481763	     -5.89033448	     -5.89801902	      0.49858655	    -12.07580025	     -1.24603052	     -4.47315878
      0.72629691	      3.98200114	      1.56560403	      0.52248241	     -0.92551962	     -5.93969008	     -5.73737524	      0.58359515	    -12.41132950	     -0.98537417	     -4.41923139
      0.72763447	      3.93415139	      1.56608808	      0.51643682	     -0.89619929	     -5.97888671	     -5.58382368	      0.66848492	    -12.78711938	     -0.73973110	     -4.35811678
      0.72897204	      3.88024958	      1.56628270	      0.50955465	     -0.85869576	     -6.00818552	     -5.43934760	      0.75179278	    -13.11740890	     -0.51000636	     -4.29052056
      0.73030960	      3.81875227	      1.56609204	      0.50141524	     -0.81075290	     -6.02460567	     -5.31870050	      0.83011272	    -13.16682959	     -0.28815214	     -4.21479140
      0.73164716	      3.74915416	      1.56547547	      0.49191249	     -0.74948758	     -6.02727076	     -5.23985918	      0.90279709	    -12.72055388	     -0.07473187	     -4.13043662
      0.73298473	      3.67205755	      1.56444043	      0.48117248	     -0.67378784	     -6.01684253	     -5.21058468	      0.96957759	    -11.72947945	      0.13226662	     -4.03820604
      0.73432229	      3.58989758	      1.56310504	      0.46964431	     -0.58748905	     -5.99678356	     -5.21499286	      1.03186403	    -10.43175219	      0.33193302	     -3.94079984
      0.73565985	      3.50454089	      1.56155012	      0.45766106	     -0.49313953	     -5.96965491	     -5.24348117	      1.09047280	     -8.97334004	      0.52455098	     -3.84031153
      0.73699742	      3.41766242	      1.55984486	      0.44551992	     -0.39333650	     -5.93780543	     -5.28539504	      1.14635091	     -7.48915744	      0.70953855	     -3.73860685
      0.73833498	      3.33093745	      1.55805859	      0.43351623	     -0.29068197	     -5.90356266	     -5.33011156	      1.20036527	     -6.11523012	      0.88665854	     -3.63755391
      0.73967254	      3.24514522	      1.55622473	      0.42177430	     -0.18669417	     -5.86800422	     -5.37196514	      1.25293672	     -4.90460318	      1.05558579	     -3.53800346
      0.74101011	      3.16113180	      1.55437966	      0.41042971	     -0.08294902	     -5.83229217	     -5.40518295	      1.30449226	     -3.91489261	      1.21609339	     -3.44088287
      0.74234767	      3.07887610	      1.55252859	      0.39945453	      0.02018019	     -5.79637579	     -5.42992795	      1.35498583	     -3.12123121	      1.36807038	     -3.34613769
      0.74368523	      2.99847973	      1.55068216	      0.38884283	      0.12214797	     -5.76037443	     -5.44567754	      1.40443205	     -2.50884823	      1.51140806	     -3.25385105
      0.74502280	      2.91965862	      1.54883724	      0.37852312	      0.22303915	     -5.72388301	     -5.45465844	      1.45265698	     -2.03156204	      1.64607140	     -3.16367393
      0.74636036	      2.84224774	      1.54699502	      0.36844506	      0.32276129	     -5.68666067	     -5.45830635	      1.49955081	     -1.65339390	      1.77199595	     -3.07539134
      0.74769792	      2.76605268	      1.54515374	      0.35856433	      0.42139107	     -5.64844647	     -5.45809248	      1.54501833	     -1.34556682	      1.88915859	     -2.98876352
      0.74903549	      2.69092502	      1.54331330	      0.34884341	      0.51892234	     -5.60903980	     -5.45519160	      1.58898739	     -1.08210726	      1.99750997	     -2.90360176
      0.75037305	      2.61674939	      1.54147304	      0.33926170	      0.61540031	     -5.56830540	     -5.45023222	      1.63141853	     -0.85008591	      2.09708343	     -2.81976200
      0.75171061	      2.54339901	      1.53963231	      0.32979494	      0.71086366	     -5.52608867	     -5.44393184	      1.67226563	     -0.63412483	      2.18789110	     -2.73708571
      0.75304818	      2.47076582	      1.53779034	      0.32042887	      0.80538284	     -5.48227529	     -5.43664621	      1.71148552	     -0.42700284	      2.27007212	     -2.65543981
      0.75438574	      2.39872798	      1.53594623	      0.31114541	      0.89903134	     -5.43672805	     -5.42885266	      1.74902634	     -0.21901812	      2.34374657	     -2.57467451
      0.75572330	      2.32720346	      1.53409983	      0.30193541	      0.99186516	     -5.38937452	     -5.42074911	      1.78484026	     -0.00601366	      2.40915890	     -2.49468734
      0.75706087	      2.25609941	      1.53225085	      0.29278727	      1.08394500	     -5.34012433	     -5.41261003	      1.81887563	      0.21766939	      2.46652635	     -2.41536300
      0.75839843	      2.18539104	      1.53040049	      0.28370035	      1.17526844	     -5.28898978	     -5.40440846	      1.85110380	      0.45260134	      2.51616478	     -2.33666458
      0.75973599	      2.11503977	      1.52854966	      0.27467199	      1.26584462	     -5.23596190	     -5.39616639	      1.88149420	      0.70025950	      2.55835263	     -2.25853934
      0.76107356	      2.04508476	      1.52670095	      0.26571034	      1.35560341	     -5.18114784	     -5.38763723	      1.91004469	      0.95788099	      2.59348252	     -2.18102309
      0.76241112	      1.97555332	      1.52485664	      0.25682206	      1.44448571	     -5.12463525	     -5.37860465	      1.93674637	      1.22325399	      2.62192502	     -2.10413825
      0.76374868	      1.90653622	      1.52302050	      0.24802079	      1.53236812	     -5.06661001	     -5.36872441	      1.96161522	      1.49207805	      2.64416887	     -2.02797857
      0.76508625	      1.83812664	      1.52119615	      0.23932004	      1.61912222	     -5.00725532	     -5.35766806	      1.98465582	      1.76037874	      2.66069581	     -1.95264073
      0.76642381	      1.77042493	      1.51938787	      0.23073299	      1.70461902	     -4.94678481	     -5.34514560	      2.00591094	      2.02446394	      2.67201322	     -1.87822786
      0.76776137	      1.70351946	      1.51759950	      0.22227204	      1.78874313	     -4.88539300	     -5.33086514	      2.02542770	      2.28061895	      2.67846395	     -1.80483008
      0.76909894	      1.63746130	      1.51583503	      0.21394400	      1.87142712	     -4.82324759	     -5.31467654	      2.04327403	      2.52690518	      2.68064308	     -1.73249274
      0.77043650	      1.57227486	      1.51409624	      0.20575415	      1.95264039	     -4.76045472	     -5.29642911	      2.05954016	      2.76122798	      2.67813962	     -1.66123520
      0.77177406	      1.50786677	      1.51237633	      0.19769568	      2.03251558	     -4.69684476	     -5.27615963	      2.07425575	      2.98340774	      2.66988543	     -1.59095816
      0.77311163	      1.44425410	      1.51067757	      0.18976990	      2.11102987	     -4.63249793	     -5.25384003	      2.08733477	      3.19306403	      2.65818443	     -1.52167091
      0.77444919	      1.38159215	      1.50901510	      0.18198777	      2.18795781	     -4.56785803	     -5.22942649	      2.09878410	      3.39070751	      2.64472229	     -1.45351523
      0.77578675	      1.31991897	      1.50739328	      0.17435300	      2.26325949	     -4.50310240	     -5.20288154	      2.10874972	      3.57543439	      2.62874984	     -1.38652035
      0.77712432	      1.25925194	      1.50581467	      0.16686600	      2.33690495	     -4.43834000	     -5.17423924	      2.11740099	      3.74795886	      2.61055645	     -1.32069533
      0.77846188	      1.19965644	      1.50428720	      0.15952924	      2.40874059	     -4.37376673	     -5.14356603	      2.12483438	      3.91191892	      2.59046975	     -1.25609279
      0.77979944	      1.14116513	      1.50281387	      0.15234368	      2.47873154	     -4.30951259	     -5.11091261	      2.13114056	      4.06774461	      2.56870615	     -1.19273866
      0.78113701	      1.08380265	      1.50139565	      0.14531115	      2.54690480	     -4.24570318	     -5.07629062	      2.13640910	      4.21334184	      2.54559540	     -1.13065444
      0.78247457	      1.02763231	      1.50003678	      0.13843595	      2.61317342	     -4.18250708	     -5.03967085	      2.14073927	      4.34860653	      2.52133995	     -1.06989948
      0.78381213	      0.97272394	      1.49874199	      0.13172257	      2.67743691	     -4.12010462	     -5.00104199	      2.14423287	      4.47391886	      2.49623232	     -1.01053946
      0.78514970	      0.91911492	      1.49751579	      0.12517296	      2.73962123	     -4.05862749	     -4.96035357	      2.14698624	      4.58947286	      2.47044447	     -0.95260308
      0.78648726	      0.86684180	      1.49636263	      0.11878876	      2.79965591	     -3.99820865	     -4.91757444	      2.14909636	      4.69564243	      2.44419817	     -0.89611801
      0.78782482	      0.81590133	      1.49528716	      0.11256876	      2.85749510	     -3.93892403	     -4.87261271	      2.15065348	      4.79268591	      2.41762111	     -0.84106567
      0.78916239	      0.76630048	      1.49429446	      0.10651288	      2.91307556	     -3.88086538	     -4.82535858	      2.15175204	      4.88082126	      2.39087114	     -0.78743833
      0.79049995	      0.71801671	      1.49338915	      0.10061884	      2.96636332	     -3.82407845	     -4.77568112	      2.15247762	      4.96011627	      2.36403977	     -0.73519552
      0.79183751	      0.67103557	      1.49257608	      0.09488519	      3.01731338	     -3.76862217	     -4.72344198	      2.15292024	      5.03060400	      2.33723676	     -0.68430561
      0.79317508	      0.62531366	      1.49185792	      0.08930697	      3.06594647	     -3.71450528	     -4.66859595	      2.15315036	      5.09242033	      2.31053227	     -0.63470854
      0.79451264	      0.58078080	      1.49123519	      0.08387564	      3.11235270	     -3.66170071	     -4.61119897	      2.15322668	      5.14571621	      2.28400972	     -0.58631746
      0.79585020	      0.53741045	      1.49071064	      0.07858739	      3.15653248	     -3.61023078	     -4.55122515	      2.15321620	      5.19091490	      2.25772686	     -0.53909219
      0.79718777	      0.49519185	      1.49028730	      0.07344012	      3.19845512	     -3.56014338	     -4.48861228	      2.15320104	      5.22849112	      2.23174195	     -0.49301012
      0.79852533	      0.45419069	      1.48997493	      0.06844153	      3.23789665	     -3.51158126	     -4.42304192	      2.15327633	      5.25901331	      2.20610651	     -0.44812389
      0.79986289	      0.41437619	      1.48977323	      0.06358719	      3.27486234	     -3.46455899	     -4.35449785	      2.15352062	      5.28338267	      2.18084008	     -0.40439461
      0.80120046	      0.37588994	      1.48970340	      0.05889569	      3.30890720	     -3.41931299	     -4.28232265	      2.15401846	      5.30171624	      2.15603708	     -0.36194002
      0.80253802	      0.33826217	      1.48972447	      0.05431038	      3.34096341	     -3.37525103	     -4.20759397	      2.15472243	      5.31666466	      2.13157249	     -0.32029503
