Speeds
version=1
nRows=601
nColumns=11
inDegrees=no

Units are S.I. units (second, meters, Newtons, ...)
If the header above contains a line with 'inDegrees', this indicates whether rotational values are in degrees (yes) or radians (no).

endheader
time	pelvis_tilt	pelvis_tx	pelvis_ty	hip_flexion_l	hip_flexion_r	knee_angle_l	knee_angle_r	ankle_angle_l	ankle_angle_r	lumbar
      0.00000000	     -0.24087370	      0.83370188	      0.05804749	      3.45392535	     -0.58038400	     -3.30226098	     -0.06786003	      1.78019176	      0.55690799	     -0.07962140
      0.00187526	     -0.22814189	      0.83440873	      0.05638153	      3.41343988	     -0.60022064	     -3.18772606	     -0.05639195	      1.76155690	      0.54492514	     -0.09384539
      0.00375052	     -0.21567678	      0.83516930	      0.05467527	      3.37270097	     -0.61977788	     -3.07251693	     -0.04533591	      1.75051595	      0.53743383	     -0.10765440
      0.00562578	     -0.20448663	      0.83599113	      0.05282354	      3.33258207	     -0.63774269	     -2.95731392	     -0.03557711	      1.76328927	      0.53720280	     -0.11982827
      0.00750104	     -0.19519800	      0.83684956	      0.05077784	      3.29395401	     -0.65332819	     -2.84264450	     -0.02721289	      1.80147200	      0.54153049	     -0.12965977
      0.00937631	     -0.18774943	      0.83774417	      0.04856141	      3.25685925	     -0.66672018	     -2.72776406	     -0.01960120	      1.85150325	      0.54729315	     -0.13722719
      0.01125157	     -0.18220173	      0.83866505	      0.04617572	      3.22149340	     -0.67784597	     -2.61259497	     -0.01262089	      1.90804392	      0.55383360	     -0.14248007
      0.01312683	     -0.17847453	      0.83960956	      0.04363044	      3.18781686	     -0.68678578	     -2.49707007	     -0.00629460	      1.96815898	      0.56138655	     -0.14552176
      0.01500209	     -0.17652592	      0.84057436	      0.04093261	      3.15582453	     -0.69358957	     -2.38116059	     -0.00056807	      2.02986562	      0.56955457	     -0.14641044
      0.01687735	     -0.17618826	      0.84156097	      0.03809777	      3.12531030	     -0.69846491	     -2.26486145	      0.00462972	      2.09346104	      0.57821510	     -0.14534555
      0.01875261	     -0.17730083	      0.84256943	      0.03514136	      3.09609569	     -0.70160590	     -2.14816119	      0.00936115	      2.15851080	      0.58723397	     -0.14252186
      0.02062787	     -0.17989797	      0.84359991	      0.03206188	      3.06821235	     -0.70297517	     -2.03108955	      0.01362191	      2.22516846	      0.59662576	     -0.13789388
      0.02250313	     -0.18401250	      0.84465228	      0.02885826	      3.04169385	     -0.70253824	     -1.91366952	      0.01741741	      2.29340229	      0.60634396	     -0.13141860
      0.02437839	     -0.18946079	      0.84572884	      0.02554743	      3.01631653	     -0.70051853	     -1.79587951	      0.02080122	      2.36316166	      0.61636311	     -0.12331204
      0.02625366	     -0.19607520	      0.84683133	      0.02214504	      2.99188016	     -0.69711886	     -1.67770003	      0.02382043	      2.43424893	      0.62666394	     -0.11377218
      0.02812892	     -0.20380708	      0.84796105	      0.01865667	      2.96831941	     -0.69240107	     -1.55912428	      0.02649131	      2.50646896	      0.63724298	     -0.10285196
      0.03000418	     -0.21260418	      0.84911952	      0.01508823	      2.94556196	     -0.68643280	     -1.44014797	      0.02883604	      2.57975972	      0.64807530	     -0.09060802
      0.03187944	     -0.22227852	      0.85030942	      0.01145682	      2.92337697	     -0.67944279	     -1.32074026	      0.03091010	      2.65400738	      0.65912229	     -0.07726080
      0.03375470	     -0.23264739	      0.85153320	      0.00777921	      2.90154210	     -0.67165289	     -1.20087004	      0.03276572	      2.72900303	      0.67035504	     -0.06302480
      0.03562996	     -0.24363322	      0.85279224	      0.00406308	      2.87995967	     -0.66315773	     -1.08052200	      0.03442425	      2.80448406	      0.68176737	     -0.04798889
      0.03750522	     -0.25514578	      0.85408811	      0.00031720	      2.85851559	     -0.65406769	     -0.95968068	      0.03591145	      2.88026000	      0.69334966	     -0.03225672
      0.03938048	     -0.26712119	      0.85542178	     -0.00345211	      2.83712898	     -0.64445970	     -0.83833647	      0.03724368	      2.95613060	      0.70509174	     -0.01590194
      0.04125574	     -0.27948685	      0.85679439	     -0.00723777	      2.81570797	     -0.63442160	     -0.71647857	      0.03844063	      3.03192275	      0.71697946	      0.00099161
      0.04313100	     -0.29224555	      0.85820592	     -0.01103920	      2.79425366	     -0.62394913	     -0.59410641	      0.03949983	      3.10731684	      0.72900910	      0.01842913
      0.04500627	     -0.30539622	      0.85965648	     -0.01485538	      2.77276275	     -0.61304287	     -0.47121695	      0.04041936	      3.18194702	      0.74118294	      0.03641157
      0.04688153	     -0.31886273	      0.86114632	     -0.01867927	      2.75114854	     -0.60179075	     -0.34779861	      0.04121436	      3.25540201	      0.75348081	      0.05484739
      0.04875679	     -0.33257081	      0.86267571	     -0.02250393	      2.72932544	     -0.59027872	     -0.22384121	      0.04189984	      3.32731721	      0.76588269	      0.07364750
      0.05063205	     -0.34651128	      0.86424424	     -0.02632816	      2.70728480	     -0.57851507	     -0.09934676	      0.04247631	      3.39735212	      0.77836017	      0.09280043
      0.05250731	     -0.36066290	      0.86585168	     -0.03014967	      2.68500275	     -0.56652301	      0.02568490	      0.04294888	      3.46519704	      0.79087757	      0.11228046
      0.05438257	     -0.37506709	      0.86749725	     -0.03397156	      2.66252999	     -0.55425101	      0.15124549	      0.04330640	      3.53047394	      0.80341625	      0.13213729
      0.05625783	     -0.38976280	      0.86918014	     -0.03779666	      2.63991541	     -0.54165001	      0.27732865	      0.04353673	      3.59274153	      0.81596535	      0.15241758
      0.05813309	     -0.40471986	      0.87090017	     -0.04162220	      2.61712745	     -0.52875293	      0.40393519	      0.04364336	      3.65158922	      0.82851157	      0.17308469
      0.06000835	     -0.41990809	      0.87265719	     -0.04544539	      2.59413351	     -0.51559291	      0.53106528	      0.04363031	      3.70665629	      0.84103901	      0.19410200
      0.06188362	     -0.43537275	      0.87445070	     -0.04926996	      2.57098739	     -0.50211421	      0.65870647	      0.04348375	      3.75761945	      0.85354202	      0.21552468
      0.06375888	     -0.45116023	      0.87628013	     -0.05309962	      2.54774479	     -0.48825975	      0.78684813	      0.04318989	      3.80410512	      0.86601360	      0.23740936
      0.06563414	     -0.46719394	      0.87814598	     -0.05692802	      2.52431825	     -0.47411869	      0.91549162	      0.04276601	      3.84582524	      0.87842631	      0.25966398
      0.06750940	     -0.48340141	      0.88004859	     -0.06074910	      2.50062620	     -0.45977486	      1.04463815	      0.04222741	      3.88245100	      0.89075536	      0.28220110
      0.06938466	     -0.49981622	      0.88198767	     -0.06456599	      2.47670704	     -0.44518692	      1.17426895	      0.04156460	      3.91383128	      0.90298766	      0.30506180
      0.07125992	     -0.51646233	      0.88396300	     -0.06838097	      2.45258741	     -0.43032529	      1.30436708	      0.04077172	      3.93983184	      0.91510218	      0.32827563
      0.07313518	     -0.53337029	      0.88597454	     -0.07219704	      2.42829888	     -0.41515299	      1.43491140	      0.03984084	      3.96046397	      0.92709064	      0.35188065
      0.07501044	     -0.55057119	      0.88802210	     -0.07601720	      2.40387547	     -0.39963181	      1.56588180	      0.03876255	      3.97565691	      0.93894926	      0.37591515
      0.07688570	     -0.56808786	      0.89010590	     -0.07984394	      2.37933851	     -0.38373389	      1.69725744	      0.03752829	      3.98547350	      0.95068508	      0.40040862
      0.07876097	     -0.58594748	      0.89222605	     -0.08368005	      2.35471489	     -0.36742600	      1.82901688	      0.03612807	      3.98995070	      0.96230620	      0.42539559
      0.08063623	     -0.60411742	      0.89438367	     -0.08752354	      2.32995762	     -0.35074754	      1.96114618	      0.03456904	      3.98931065	      0.97380681	      0.45083979
      0.08251149	     -0.62256943	      0.89657973	     -0.09137272	      2.30502550	     -0.33373234	      2.09363030	      0.03285694	      3.98375965	      0.98518023	      0.47670986
      0.08438675	     -0.64132162	      0.89881541	     -0.09522994	      2.27992652	     -0.31636188	      2.22645183	      0.03099121	      3.97362149	      0.99641455	      0.50303251
      0.08626201	     -0.66039130	      0.90109193	     -0.09909739	      2.25466754	     -0.29861875	      2.35959412	      0.02897215	      3.95920360	      1.00749440	      0.52983363
      0.08813727	     -0.67970662	      0.90341153	     -0.10296998	      2.22915190	     -0.28059239	      2.49305406	      0.02682369	      3.94084708	      1.01839335	      0.55703203
      0.09001253	     -0.69920001	      0.90577631	     -0.10684291	      2.20328837	     -0.26236674	      2.62682777	      0.02456761	      3.91886631	      1.02908927	      0.58455146
      0.09188779	     -0.71885474	      0.90818794	     -0.11071588	      2.17704715	     -0.24396501	      2.76090427	      0.02221146	      3.89355893	      1.03957652	      0.61237690
      0.09376305	     -0.73864972	      0.91064812	     -0.11458821	      2.15039219	     -0.22541567	      2.89527321	      0.01976408	      3.86525343	      1.04984782	      0.64048810
      0.09563832	     -0.75858125	      0.91315810	     -0.11846085	      2.12331287	     -0.20672537	      3.02991895	      0.01722786	      3.83421817	      1.05990271	      0.66888476
      0.09751358	     -0.77864309	      0.91571914	     -0.12233452	      2.09579486	     -0.18790362	      3.16482677	      0.01460541	      3.80073205	      1.06974110	      0.69756344
      0.09938884	     -0.79887404	      0.91833191	     -0.12621381	      2.06788194	     -0.16890620	      3.29997276	      0.01188834	      3.76495205	      1.07936515	      0.72657464
      0.10126410	     -0.81931095	      0.92099717	     -0.13010311	      2.03961358	     -0.14969149	      3.43533514	      0.00906933	      3.72707202	      1.08877503	      0.75596685
      0.10313936	     -0.83994258	      0.92371601	     -0.13400286	      2.01098094	     -0.13027510	      3.57089173	      0.00615408	      3.68713374	      1.09795844	      0.78573024
      0.10501462	     -0.86076379	      0.92648948	     -0.13791399	      1.98198060	     -0.11066538	      3.70662192	      0.00314661	      3.64519727	      1.10690442	      0.81586234
      0.10688988	     -0.88173714	      0.92931889	     -0.14183489	      1.95257976	     -0.09090930	      3.84249853	      0.00005971	      3.60117957	      1.11559734	      0.84632172
      0.10876514	     -0.90282761	      0.93220554	     -0.14576413	      1.92274614	     -0.07105093	      3.97849706	     -0.00309453	      3.55504812	      1.12402109	      0.87706971
      0.11064040	     -0.92403089	      0.93515049	     -0.14970300	      1.89249120	     -0.05109847	      4.11457530	     -0.00631111	      3.50662271	      1.13217045	      0.90810531
      0.11251566	     -0.94534255	      0.93815482	     -0.15365275	      1.86182361	     -0.03106025	      4.25069554	     -0.00958495	      3.45577083	      1.14003880	      0.93942736
      0.11439093	     -0.96673254	      0.94121983	     -0.15761266	      1.83073313	     -0.01097511	      4.38680378	     -0.01290550	      3.40217310	      1.14762589	      0.97100390
      0.11626619	     -0.98817530	      0.94434671	     -0.16158232	      1.79921278	      0.00912387	      4.52285108	     -0.01626401	      3.34551493	      1.15493307	      1.00280820
      0.11814145	     -1.00963399	      0.94753686	     -0.16556059	      1.76725343	      0.02918957	      4.65876487	     -0.01964853	      3.28534075	      1.16196391	      1.03480044
      0.12001671	     -1.03107789	      0.95079152	     -0.16954680	      1.73485111	      0.04918254	      4.79447753	     -0.02304907	      3.22119768	      1.16872200	      1.06694791
      0.12189197	     -1.05244517	      0.95411264	     -0.17353800	      1.70197447	      0.06902457	      4.92989645	     -0.02644472	      3.15265215	      1.17520173	      1.09918150
      0.12376723	     -1.07368022	      0.95750197	     -0.17753164	      1.66859742	      0.08864527	      5.06493548	     -0.02981658	      3.07924240	      1.18139719	      1.13143931
      0.12564249	     -1.09470102	      0.96096225	     -0.18152342	      1.63466861	      0.10793999	      5.19948223	     -0.03313433	      3.00071056	      1.18729480	      1.16362957
      0.12751775	     -1.11543123	      0.96449606	     -0.18550938	      1.60014150	      0.12681132	      5.33343081	     -0.03636990	      2.91674848	      1.19288247	      1.19566713
      0.12939301	     -1.13574657	      0.96810726	     -0.18948214	      1.56491842	      0.14510212	      5.46665094	     -0.03947909	      2.82740231	      1.19814139	      1.22741073
      0.13126828	     -1.15552612	      0.97179965	     -0.19343452	      1.52890257	      0.16265955	      5.59901934	     -0.04241917	      2.73272508	      1.20305356	      1.25872311
      0.13314354	     -1.17466223	      0.97557737	     -0.19736087	      1.49202047	      0.17934451	      5.73038259	     -0.04514768	      2.63298973	      1.20760500	      1.28948399
      0.13501880	     -1.19304588	      0.97944467	     -0.20125539	      1.45419269	      0.19501613	      5.86059601	     -0.04762159	      2.52851394	      1.21177995	      1.31957171
      0.13689406	     -1.21056741	      0.98340541	     -0.20511226	      1.41535816	      0.20953373	      5.98948366	     -0.04979874	      2.41939970	      1.21556762	      1.34886213
      0.13876932	     -1.22711691	      0.98746352	     -0.20892563	      1.37545183	      0.22275618	      6.11687842	     -0.05163682	      2.30574540	      1.21895632	      1.37723119
      0.14064458	     -1.24258334	      0.99162188	     -0.21268934	      1.33443377	      0.23454430	      6.24257576	     -0.05309762	      2.18716027	      1.22194145	      1.40454956
      0.14251984	     -1.25685364	      0.99588337	     -0.21639701	      1.29225956	      0.24475662	      6.36637960	     -0.05414253	      2.06316475	      1.22451643	      1.43068560
      0.14439510	     -1.26986814	      1.00024957	     -0.22004663	      1.24896451	      0.25331692	      6.48804805	     -0.05474883	      1.93319746	      1.22669012	      1.45556952
      0.14627036	     -1.28155949	      1.00472227	     -0.22363552	      1.20457100	      0.26013945	      6.60734871	     -0.05489111	      1.79668454	      1.22846806	      1.47912291
      0.14814563	     -1.29187551	      1.00930310	     -0.22716249	      1.15912546	      0.26515666	      6.72401095	     -0.05454861	      1.65359983	      1.22986642	      1.50128458
      0.15002089	     -1.30075640	      1.01399407	     -0.23062578	      1.11265914	      0.26829102	      6.83777755	     -0.05369751	      1.50396384	      1.23089929	      1.52198527
      0.15189615	     -1.30814787	      1.01879677	     -0.23402413	      1.06522001	      0.26947291	      6.94835316	     -0.05231776	      1.34826745	      1.23158811	      1.54116024
      0.15377141	     -1.31399105	      1.02371286	     -0.23735556	      1.01684529	      0.26862747	      7.05547040	     -0.05038829	      1.18668676	      1.23195142	      1.55873942
      0.15564667	     -1.31827513	      1.02874317	     -0.24062269	      0.96764271	      0.26573701	      7.15878429	     -0.04790022	      1.02031732	      1.23201963	      1.57470962
      0.15752193	     -1.32092829	      1.03389394	     -0.24382325	      0.91756321	      0.26069880	      7.25811150	     -0.04481336	      0.85214027	      1.23180613	      1.58899563
      0.15939719	     -1.32196499	      1.03916498	     -0.24696185	      0.86676022	      0.25352682	      7.35306344	     -0.04112705	      0.68353275	      1.23134287	      1.60161257
      0.16127245	     -1.32155332	      1.04454158	     -0.25005706	      0.81581228	      0.24445214	      7.44276334	     -0.03692473	      0.51070285	      1.23072287	      1.61272981
      0.16314771	     -1.31968947	      1.05002375	     -0.25311327	      0.76488742	      0.23346557	      7.52666253	     -0.03219698	      0.33639348	      1.22996765	      1.62234079
      0.16502298	     -1.31623463	      1.05562435	     -0.25612252	      0.71377526	      0.22036785	      7.60467187	     -0.02686316	      0.16747730	      1.22904978	      1.63030359
      0.16689824	     -1.31119688	      1.06134163	     -0.25908393	      0.66261519	      0.20516878	      7.67651375	     -0.02091846	      0.00391616	      1.22793786	      1.63662146
      0.16877350	     -1.30461587	      1.06717088	     -0.26200002	      0.61163898	      0.18792282	      7.74178420	     -0.01437538	     -0.15532483	      1.22661974	      1.64132936
      0.17064876	     -1.29650186	      1.07310967	     -0.26487024	      0.56100535	      0.16864180	      7.80013369	     -0.00722464	     -0.30991165	      1.22505168	      1.64443211
      0.17252402	     -1.28684361	      1.07915732	     -0.26769364	      0.51084228	      0.14730843	      7.85118874	      0.00055128	     -0.45858556	      1.22319632	      1.64591216
      0.17439928	     -1.27563674	      1.08531233	     -0.27046800	      0.46126898	      0.12391354	      7.89464340	      0.00897165	     -0.60023139	      1.22099613	      1.64575857
      0.17627454	     -1.26288368	      1.09157205	     -0.27319142	      0.41243342	      0.09845990	      7.93016458	      0.01804841	     -0.73451994	      1.21839748	      1.64396585
      0.17814980	     -1.24865258	      1.09793143	     -0.27586508	      0.36453393	      0.07102960	      7.95752178	      0.02777920	     -0.86164618	      1.21534109	      1.64060393
      0.18002506	     -1.23298932	      1.10438649	     -0.27848916	      0.31774801	      0.04167679	      7.97645667	      0.03816873	     -0.98138984	      1.21176437	      1.63571792
      0.18190032	     -1.21601527	      1.11093090	     -0.28106768	      0.27229223	      0.01054549	      7.98686383	      0.04920461	     -1.09393240	      1.20761453	      1.62944022
      0.18377559	     -1.19784068	      1.11755857	     -0.28360420	      0.22838243	     -0.02223276	      7.98861915	      0.06087615	     -1.19944802	      1.20283547	      1.62189004
      0.18565085	     -1.17865060	      1.12426124	     -0.28610599	      0.18625979	     -0.05643798	      7.98174860	      0.07315427	     -1.29860126	      1.19739955	      1.61327329
      0.18752611	     -1.15863123	      1.13103038	     -0.28858071	      0.14617453	     -0.09184711	      7.96630519	      0.08600726	     -1.39216728	      1.19127776	      1.60379654
      0.18940137	     -1.13803195	      1.13785720	     -0.29103963	      0.10839286	     -0.12816795	      7.94233605	      0.09939392	     -1.48081708	      1.18447360	      1.59374458
      0.19127663	     -1.11710920	      1.14473258	     -0.29349473	      0.07318107	     -0.16509846	      7.91001084	      0.11326930	     -1.56544282	      1.17698994	      1.58341006
      0.19315189	     -1.09606486	      1.15165086	     -0.29595371	      0.04074317	     -0.20241291	      7.86906768	      0.12761634	     -1.64569578	      1.16883555	      1.57302830
      0.19502715	     -1.07510859	      1.15860703	     -0.29842550	      0.01126332	     -0.23987774	      7.81945418	      0.14241702	     -1.72118761	      1.16002325	      1.56284559
      0.19690241	     -1.05429382	      1.16559858	     -0.30090654	     -0.01511595	     -0.27744885	      7.76001006	      0.15769979	     -1.79026551	      1.15053306	      1.55292294
      0.19877767	     -1.03368721	      1.17262394	     -0.30339505	     -0.03826313	     -0.31506871	      7.68974275	      0.17349117	     -1.85130435	      1.14035446	      1.54333957
      0.20065294	     -1.01322502	      1.17967729	     -0.30587602	     -0.05794007	     -0.35282006	      7.60615478	      0.18983908	     -1.90266840	      1.12941257	      1.53400504
      0.20252820	     -0.99287570	      1.18675220	     -0.30833737	     -0.07385115	     -0.39074637	      7.50664562	      0.20678076	     -1.94285830	      1.11764506	      1.52486690
      0.20440346	     -0.97255484	      1.19383443	     -0.31075773	     -0.08561632	     -0.42893219	      7.38799727	      0.22435001	     -1.97105990	      1.10491650	      1.51579014
      0.20627872	     -0.95221967	      1.20090762	     -0.31311877	     -0.09274372	     -0.46740818	      7.24665131	      0.24256403	     -1.98630792	      1.09110004	      1.50668597
      0.20815398	     -0.93172533	      1.20795868	     -0.31539188	     -0.09515685	     -0.50633253	      7.08091451	      0.26148111	     -1.98790950	      1.07601234	      1.49734769
      0.21002924	     -0.91092478	      1.21497487	     -0.31754845	     -0.09275545	     -0.54586708	      6.88896027	      0.28116204	     -1.97429910	      1.05946246	      1.48756686
      0.21190450	     -0.88952388	      1.22195958	     -0.31955188	     -0.08626259	     -0.58638671	      6.67257218	      0.30174946	     -1.94556723	      1.04127115	      1.47699085
      0.21377976	     -0.86716641	      1.22891957	     -0.32136142	     -0.07649306	     -0.62834727	      6.43368388	      0.32341234	     -1.90145404	      1.02123334	      1.46519844
      0.21565502	     -0.84359768	      1.23586528	     -0.32294790	     -0.06448602	     -0.67209595	      6.17582489	      0.34629378	     -1.84627801	      0.99928152	      1.45190115
      0.21753029	     -0.81850619	      1.24280810	     -0.32427701	     -0.05131826	     -0.71804771	      5.90245732	      0.37055365	     -1.78550663	      0.97532125	      1.43674262
      0.21940555	     -0.79207491	      1.24973692	     -0.32535267	     -0.03717605	     -0.76598524	      5.61474333	      0.39615176	     -1.72588821	      0.94948761	      1.41992287
      0.22128081	     -0.76443978	      1.25664171	     -0.32617573	     -0.02225241	     -0.81574917	      5.31365455	      0.42306338	     -1.67363529	      0.92190834	      1.40158644
      0.22315607	     -0.73634847	      1.26348297	     -0.32679091	     -0.00556761	     -0.86639459	      4.99702575	      0.45102489	     -1.63056297	      0.89286746	      1.38256424
      0.22503133	     -0.70849542	      1.27022471	     -0.32724121	      0.01377927	     -0.91704925	      4.66288397	      0.47979785	     -1.59734973	      0.86265657	      1.36362955
      0.22690659	     -0.68188990	      1.27681525	     -0.32758535	      0.03713912	     -0.96643142	      4.30838808	      0.50902576	     -1.57222734	      0.83150284	      1.34590955
      0.22878185	     -0.65752862	      1.28320397	     -0.32788361	      0.06585371	     -1.01327952	      3.93083834	      0.53836118	     -1.55374167	      0.79965606	      1.33051799
      0.23065711	     -0.63625907	      1.28934351	     -0.32816977	      0.10078720	     -1.05650013	      3.52883608	      0.56750158	     -1.54349890	      0.76710101	      1.31839465
      0.23253237	     -0.61896899	      1.29518416	     -0.32848225	      0.14291848	     -1.09495074	      3.10069917	      0.59613194	     -1.54422571	      0.73385471	      1.31052307
      0.23440764	     -0.60604603	      1.30069773	     -0.32880617	      0.19210729	     -1.12810243	      2.64717972	      0.62410455	     -1.56095891	      0.69962503	      1.30732265
      0.23628290	     -0.59793510	      1.30585602	     -0.32913185	      0.24830905	     -1.15536456	      2.16858899	      0.65126471	     -1.59903030	      0.66414466	      1.30928278
      0.23815816	     -0.59453123	      1.31065269	     -0.32940054	      0.31038164	     -1.17681378	      1.66799371	      0.67761474	     -1.66202823	      0.62696506	      1.31626725
      0.24003342	     -0.59593315	      1.31507044	     -0.32956335	      0.37743372	     -1.19226684	      1.14829033	      0.70308698	     -1.76046429	      0.58765601	      1.32836561
      0.24190868	     -0.60151021	      1.31912662	     -0.32954011	      0.44765384	     -1.20245495	      0.61413110	      0.72783755	     -1.88146150	      0.54581975	      1.34484858
      0.24378394	     -0.61031568	      1.32287374	     -0.32924521	      0.51868991	     -1.20858313	      0.07012564	      0.75222980	     -1.99778855	      0.50103980	      1.36467680
      0.24565920	     -0.62169415	      1.32630904	     -0.32860803	      0.58927161	     -1.21133462	     -0.47952264	      0.77629130	     -2.08563719	      0.45310119	      1.38704401
      0.24753446	     -0.63466350	      1.32946646	     -0.32755746	      0.65736570	     -1.21190411	     -1.02814000	      0.80031891	     -2.10713208	      0.40177015	      1.41082345
      0.24940972	     -0.65010155	      1.33218590	     -0.32606631	      0.72473925	     -1.20873178	     -1.57487021	      0.82339970	     -2.09151407	      0.34697287	      1.43674205
      0.25128499	     -0.66528196	      1.33465600	     -0.32395169	      0.78300883	     -1.20533339	     -2.08585991	      0.84650935	     -1.95187926	      0.28827258	      1.46187504
      0.25316025	     -0.66836670	      1.33785541	     -0.32055012	      0.79418995	     -1.21783387	     -2.39919165	      0.87516566	     -1.38634000	      0.22359754	      1.47385362
      0.25503551	     -0.66266558	      1.34137031	     -0.31579988	      0.76003713	     -1.24106524	     -2.48278860	      0.90686549	     -0.58428324	      0.15230415	      1.47582688
      0.25691077	     -0.66298972	      1.34365766	     -0.31030405	      0.72649296	     -1.25360251	     -2.50656823	      0.93309371	     -0.00941514	      0.07712287	      1.48256572
      0.25878603	     -0.66842407	      1.34460085	     -0.30404762	      0.69909031	     -1.25612061	     -2.50949416	      0.95364110	      0.39612369	     -0.00106925	      1.49268657
      0.26066129	     -0.67587704	      1.34435408	     -0.29693056	      0.67532065	     -1.25250562	     -2.49981555	      0.96943280	      0.81389523	     -0.08205704	      1.50273617
      0.26253655	     -0.68676310	      1.34267859	     -0.28899173	      0.66197068	     -1.24033460	     -2.50790921	      0.97909430	      1.28828144	     -0.16508234	      1.51392912
      0.26441181	     -0.69941762	      1.33968941	     -0.28015449	      0.65519419	     -1.22170328	     -2.52240663	      0.98311230	      1.78924410	     -0.24980558	      1.52448056
      0.26628707	     -0.71238718	      1.33546083	     -0.27035278	      0.65254706	     -1.19835192	     -2.53858821	      0.98178249	      2.24604562	     -0.33587488	      1.53277432
      0.26816233	     -0.72194691	      1.33029958	     -0.25950103	      0.64736609	     -1.17533377	     -2.54477470	      0.97674473	      2.61803292	     -0.42295218	      1.53490331
      0.27003760	     -0.72463515	      1.32446392	     -0.24752231	      0.63456590	     -1.15726034	     -2.53704396	      0.96939747	      2.88571367	     -0.51064261	      1.52717561
      0.27191286	     -0.71791130	      1.31818391	     -0.23441561	      0.61092081	     -1.14765100	     -2.51686852	      0.96093025	      3.07156980	     -0.59845133	      1.50695951
      0.27378812	     -0.69930613	      1.31167366	     -0.22017025	      0.57327299	     -1.14988326	     -2.48537718	      0.95243712	      3.18937365	     -0.68588205	      1.47167688
      0.27566338	     -0.66849587	      1.30503860	     -0.20487536	      0.52134196	     -1.16460765	     -2.44507135	      0.94429673	      3.25825746	     -0.77244480	      1.42114792
      0.27753864	     -0.62483755	      1.29839909	     -0.18860223	      0.45434886	     -1.19287095	     -2.39770143	      0.93698121	      3.29208497	     -0.85762282	      1.35483334
      0.27941390	     -0.56966945	      1.29177530	     -0.17150972	      0.37394445	     -1.23321354	     -2.34467369	      0.93032465	      3.29862479	     -0.94105463	      1.27441670
      0.28128916	     -0.50395227	      1.28520599	     -0.15374058	      0.28131239	     -1.28465056	     -2.28736819	      0.92428782	      3.28595043	     -1.02230879	      1.18115710
      0.28316442	     -0.43000041	      1.27866282	     -0.13549735	      0.17925440	     -1.34450873	     -2.22679648	      0.91842073	      3.25724149	     -1.10130194	      1.07784047
      0.28503968	     -0.34993884	      1.27212200	     -0.11698476	      0.07037687	     -1.41034472	     -2.16411691	      0.91241898	      3.21671596	     -1.17784788	      0.96702753
      0.28691495	     -0.26645840	      1.26553971	     -0.09841724	     -0.04213209	     -1.47904299	     -2.10013614	      0.90570368	      3.16622731	     -1.25209264	      0.85194005
      0.28879021	     -0.18227192	      1.25887459	     -0.08001434	     -0.15504111	     -1.54746658	     -2.03579984	      0.89770292	      3.10839923	     -1.32440595	      0.73583170
      0.29066547	     -0.09946616	      1.25214942	     -0.06188591	     -0.26614491	     -1.61332395	     -1.97134058	      0.88737192	      3.04451815	     -1.39588659	      0.62133697
      0.29254073	     -0.02007866	      1.24540860	     -0.04411930	     -0.37335457	     -1.67440534	     -1.90695122	      0.87337594	      2.97619966	     -1.46769958	      0.51108045
      0.29441599	      0.05463454	      1.23867183	     -0.02681000	     -0.47542364	     -1.72941576	     -1.84264411	      0.85546131	      2.90426391	     -1.53829069	      0.40665819
      0.29629125	      0.12316659	      1.23192958	     -0.01010218	     -0.57071886	     -1.77673638	     -1.77861668	      0.83372143	      2.82963872	     -1.60554308	      0.30990673
      0.29816651	      0.18497023	      1.22516450	      0.00589538	     -0.65865531	     -1.81582627	     -1.71493019	      0.80879802	      2.75295855	     -1.66872857	      0.22145319
      0.30004177	      0.23937593	      1.21837195	      0.02108355	     -0.73855690	     -1.84601532	     -1.65161944	      0.78103767	      2.67499403	     -1.72776533	      0.14210685
      0.30191703	      0.28650334	      1.21156458	      0.03543393	     -0.81064010	     -1.86753135	     -1.58861495	      0.75076258	      2.59641163	     -1.78319851	      0.07174017
      0.30379230	      0.32629609	      1.20475307	      0.04890493	     -0.87492451	     -1.88040321	     -1.52587625	      0.71826699	      2.51795701	     -1.83525830	      0.01043901
      0.30566756	      0.35916485	      1.19795605	      0.06150564	     -0.93191135	     -1.88517858	     -1.46336827	      0.68379519	      2.44017810	     -1.88417197	     -0.04226926
      0.30754282	      0.38540709	      1.19119005	      0.07323325	     -0.98198088	     -1.88227892	     -1.40106151	      0.64760461	      2.36366889	     -1.93011258	     -0.08672235
      0.30941808	      0.40558174	      1.18447278	      0.08411878	     -1.02574906	     -1.87240433	     -1.33896578	      0.60991369	      2.28872606	     -1.97322019	     -0.12357672
      0.31129334	      0.42018516	      1.17782140	      0.09418546	     -1.06377190	     -1.85618766	     -1.27708371	      0.57095098	      2.21568288	     -2.01364231	     -0.15341319
      0.31316860	      0.42985083	      1.17125125	      0.10347866	     -1.09670867	     -1.83439828	     -1.21546000	      0.53091239	      2.14462693	     -2.05152613	     -0.17698383
      0.31504386	      0.43519014	      1.16477826	      0.11203955	     -1.12520474	     -1.80778566	     -1.15412753	      0.49000562	      2.07567687	     -2.08703346	     -0.19501263
      0.31691912	      0.43685444	      1.15841500	      0.11992138	     -1.14991355	     -1.77712558	     -1.09316162	      0.44840215	      2.00885852	     -2.12031131	     -0.20827815
      0.31879438	      0.43550170	      1.15217527	      0.12717597	     -1.17150440	     -1.74320746	     -1.03262938	      0.40628880	      1.94424445	     -2.15152942	     -0.21756476
      0.32066965	      0.43172078	      1.14606755	      0.13385606	     -1.19054405	     -1.70671961	     -0.97263681	      0.36379497	      1.88185879	     -2.18077018	     -0.22358156
      0.32254491	      0.42611583	      1.14010147	      0.14001421	     -1.20762036	     -1.66837292	     -0.91328778	      0.32106395	      1.82177057	     -2.20813240	     -0.22705429
      0.32442017	      0.41913465	      1.13427981	      0.14569474	     -1.22313284	     -1.62867420	     -0.85470389	      0.27815881	      1.76389707	     -2.23356584	     -0.22852963
      0.32629543	      0.41123478	      1.12860573	      0.15094183	     -1.23748920	     -1.58814252	     -0.79700878	      0.23514530	      1.70813532	     -2.25697713	     -0.22856582
      0.32817069	      0.40273796	      1.12307798	      0.15579110	     -1.25095543	     -1.54712655	     -0.74030761	      0.19203383	      1.65433264	     -2.27830212	     -0.22756238
      0.33004595	      0.39401604	      1.11769709	      0.16028148	     -1.26385512	     -1.50603732	     -0.68470475	      0.14885201	      1.60237892	     -2.29750107	     -0.22597692
      0.33192121	      0.38533165	      1.11246120	      0.16444457	     -1.27641298	     -1.46515728	     -0.63026705	      0.10560877	      1.55211361	     -2.31467923	     -0.22413690
      0.33379647	      0.37698963	      1.10736963	      0.16831510	     -1.28889808	     -1.42482042	     -0.57706292	      0.06232673	      1.50337156	     -2.32996503	     -0.22241939
      0.33567173	      0.36913792	      1.10241803	      0.17191614	     -1.30142190	     -1.38517701	     -0.52513918	      0.01900457	      1.45596653	     -2.34351594	     -0.22101572
      0.33754699	      0.36194732	      1.09760238	      0.17527265	     -1.31411553	     -1.34640362	     -0.47454832	     -0.02435530	      1.40968551	     -2.35547619	     -0.22014486
      0.33942226	      0.35541480	      1.09291468	      0.17839552	     -1.32692992	     -1.30847164	     -0.42534122	     -0.06778813	      1.36442104	     -2.36589876	     -0.21982030
      0.34129752	      0.34955668	      1.08834716	      0.18129728	     -1.33983187	     -1.27137440	     -0.37757823	     -0.11132698	      1.32007379	     -2.37483082	     -0.22007892
      0.34317278	      0.34428239	      1.08389055	      0.18398069	     -1.35268826	     -1.23498062	     -0.33130761	     -0.15503149	      1.27664460	     -2.38223327	     -0.22082950
      0.34504804	      0.33951972	      1.07953576	      0.18645016	     -1.36538215	     -1.19918005	     -0.28658234	     -0.19895824	      1.23412683	     -2.38807341	     -0.22200295
      0.34692330	      0.33518338	      1.07527512	      0.18870741	     -1.37780639	     -1.16385138	     -0.24342115	     -0.24316484	      1.19253896	     -2.39230574	     -0.22351114
      0.34879856	      0.33119889	      1.07110093	      0.19075533	     -1.38986202	     -1.12888529	     -0.20184637	     -0.28770713	      1.15188560	     -2.39489124	     -0.22527919
      0.35067382	      0.32752854	      1.06700807	      0.19259835	     -1.40151262	     -1.09422143	     -0.16184233	     -0.33262516	      1.11216243	     -2.39583104	     -0.22727190
      0.35254908	      0.32413538	      1.06299113	      0.19424127	     -1.41271884	     -1.05979936	     -0.12339875	     -0.37796019	      1.07335966	     -2.39512381	     -0.22945562
      0.35442434	      0.32101385	      1.05904663	      0.19569050	     -1.42348953	     -1.02560047	     -0.08648126	     -0.42373658	      1.03546508	     -2.39281690	     -0.23183099
      0.35629961	      0.31815397	      1.05517071	      0.19695233	     -1.43382558	     -0.99159983	     -0.05106059	     -0.46998188	      0.99846519	     -2.38894964	     -0.23439412
      0.35817487	      0.31555086	      1.05136030	      0.19803295	     -1.44373939	     -0.95778211	     -0.01709902	     -0.51671278	      0.96235841	     -2.38359574	     -0.23714550
      0.36005013	      0.31319594	      1.04761205	      0.19893842	     -1.45323734	     -0.92412667	      0.01543791	     -0.56394924	      0.92714246	     -2.37682103	     -0.24008183
      0.36192539	      0.31107075	      1.04392284	      0.19967362	     -1.46231717	     -0.89060423	      0.04658569	     -0.61170436	      0.89283029	     -2.36871064	     -0.24318705
      0.36380065	      0.30915600	      1.04028937	      0.20024348	     -1.47097473	     -0.85718371	      0.07637840	     -0.65999365	      0.85943370	     -2.35934495	     -0.24644449
      0.36567591	      0.30742497	      1.03670861	      0.20065199	     -1.47919969	     -0.82382833	      0.10485131	     -0.70882565	      0.82697291	     -2.34881414	     -0.24982776
      0.36755117	      0.30585158	      1.03317745	      0.20090324	     -1.48698188	     -0.79050136	      0.13203905	     -0.75821073	      0.79546715	     -2.33720625	     -0.25331144
      0.36942643	      0.30441156	      1.02969330	      0.20100114	     -1.49431570	     -0.75717125	      0.15797999	     -0.80815094	      0.76493519	     -2.32461315	     -0.25687118
      0.37130169	      0.30308071	      1.02625344	      0.20094966	     -1.50119514	     -0.72380583	      0.18271183	     -0.85865012	      0.73539568	     -2.31112535	     -0.26048293
      0.37317696	      0.30184261	      1.02285585	      0.20075310	     -1.50762550	     -0.69038501	      0.20627728	     -0.90970348	      0.70686134	     -2.29683428	     -0.26413080
      0.37505222	      0.30067989	      1.01949835	      0.20041574	     -1.51361047	     -0.65688685	      0.22871813	     -0.96130819	      0.67934567	     -2.28182972	     -0.26779798
      0.37692748	      0.29958350	      1.01617939	      0.19994230	     -1.51916515	     -0.62330181	      0.25008084	     -1.01345334	      0.65285509	     -2.26620459	     -0.27147648
      0.37880274	      0.29854365	      1.01289729	      0.19933750	     -1.52430348	     -0.58961893	      0.27041110	     -1.06612968	      0.62739703	     -2.25005170	     -0.27515770
      0.38067800	      0.29755490	      1.00965085	      0.19860627	     -1.52904559	     -0.55583471	      0.28975763	     -1.11932106	      0.60297384	     -2.23346913	     -0.27883730
      0.38255326	      0.29661238	      1.00643881	      0.19775362	     -1.53341215	     -0.52194595	      0.30816897	     -1.17301198	      0.57958884	     -2.21655986	     -0.28251176
      0.38442852	      0.29570760	      1.00326008	      0.19678418	     -1.53742003	     -0.48794695	      0.32569377	     -1.22718346	      0.55724373	     -2.19941730	     -0.28617277
      0.38630378	      0.29483092	      1.00011345	      0.19570251	     -1.54108452	     -0.45383009	      0.34237973	     -1.28181805	      0.53594430	     -2.18213474	     -0.28981082
      0.38817904	      0.29396562	      0.99699773	      0.19451253	     -1.54441268	     -0.41958053	      0.35827416	     -1.33689785	      0.51568453	     -2.16478147	     -0.29340765
      0.39005431	      0.29308990	      0.99391144	      0.19321775	     -1.54740513	     -0.38517622	      0.37342304	     -1.39240973	      0.49645673	     -2.14740322	     -0.29693941
      0.39192957	      0.29219162	      0.99085379	      0.19182231	     -1.55007514	     -0.35060992	      0.38787650	     -1.44832960	      0.47824639	     -2.13009349	     -0.30039263
      0.39380483	      0.29126730	      0.98782422	      0.19033109	     -1.55244692	     -0.31588525	      0.40168730	     -1.50462956	      0.46104137	     -2.11297711	     -0.30376388
      0.39568009	      0.29032109	      0.98482275	      0.18874946	     -1.55455362	     -0.28101760	      0.41490912	     -1.56127122	      0.44483031	     -2.09620442	     -0.30705789
      0.39755535	      0.28935877	      0.98184938	      0.18708300	     -1.55643057	     -0.24602471	      0.42759585	     -1.61821396	      0.42960764	     -2.07994082	     -0.31028128
      0.39943061	      0.28836479	      0.97890347	      0.18533551	     -1.55808495	     -0.21089709	      0.43979348	     -1.67542843	      0.41535094	     -2.06424865	     -0.31341606
      0.40130587	      0.28731083	      0.97598384	      0.18350981	     -1.55950839	     -0.17560929	      0.45154574	     -1.73289126	      0.40203222	     -2.04913689	     -0.31642969
      0.40318113	      0.28616420	      0.97308918	      0.18160817	     -1.56068533	     -0.14012757	      0.46289221	     -1.79059128	      0.38962111	     -2.03460254	     -0.31928456
      0.40505639	      0.28490253	      0.97021885	      0.17963359	     -1.56161441	     -0.10443937	      0.47387626	     -1.84849022	      0.37809751	     -2.02069357	     -0.32195434
      0.40693165	      0.28353874	      0.96737388	      0.17759152	     -1.56233521	     -0.06858712	      0.48454525	     -1.90650541	      0.36743600	     -2.00757110	     -0.32445221
      0.40880692	      0.28207111	      0.96455377	      0.17548666	     -1.56286864	     -0.03256472	      0.49494369	     -1.96464366	      0.35760553	     -1.99533561	     -0.32677684
      0.41068218	      0.28050125	      0.96175746	      0.17332394	     -1.56323485	      0.00364964	      0.50511139	     -2.02296088	      0.34856027	     -1.98405577	     -0.32893221
      0.41255744	      0.27884360	      0.95898539	      0.17110903	     -1.56347248	      0.04002982	      0.51509394	     -2.08141939	      0.34026127	     -1.97386312	     -0.33093474
      0.41443270	      0.27711542	      0.95623846	      0.16884750	     -1.56361818	      0.07653284	      0.52492784	     -2.13994291	      0.33266000	     -1.96487500	     -0.33280326
      0.41630796	      0.27532498	      0.95351691	      0.16654439	     -1.56369824	      0.11313718	      0.53464901	     -2.19848776	      0.32570944	     -1.95718006	     -0.33454706
      0.41818322	      0.27347969	      0.95082099	      0.16420438	     -1.56373228	      0.14981843	      0.54428361	     -2.25700021	      0.31935541	     -1.95084731	     -0.33617432
      0.42005848	      0.27158678	      0.94815092	      0.16183220	     -1.56374110	      0.18655400	      0.55385993	     -2.31543124	      0.31354653	     -1.94595129	     -0.33769315
      0.42193374	      0.26965843	      0.94550702	      0.15943273	     -1.56374625	      0.22331426	      0.56339894	     -2.37372795	      0.30822213	     -1.94256308	     -0.33911744
      0.42380900	      0.26770646	      0.94288962	      0.15701085	     -1.56377011	      0.26007042	      0.57292366	     -2.43183853	      0.30332324	     -1.94075605	     -0.34046067
      0.42568427	      0.26574925	      0.94029918	      0.15457172	     -1.56383813	      0.29678505	      0.58245095	     -2.48970766	      0.29878134	     -1.94060485	     -0.34174409
      0.42755953	      0.26380423	      0.93773615	      0.15212047	     -1.56397572	      0.33342213	      0.59199920	     -2.54728084	      0.29453023	     -1.94218355	     -0.34298777
      0.42943479	      0.26189359	      0.93520105	      0.14966244	     -1.56420950	      0.36993927	      0.60158100	     -2.60450042	      0.29049446	     -1.94556861	     -0.34421751
      0.43131005	      0.26003874	      0.93269437	      0.14720291	     -1.56456617	      0.40629526	      0.61121022	     -2.66130956	      0.28660072	     -1.95083512	     -0.34545816
      0.43318531	      0.25826306	      0.93021664	      0.14474719	     -1.56507091	      0.44244587	      0.62089544	     -2.71764855	      0.28276708	     -1.95806308	     -0.34673701
      0.43506057	      0.25658983	      0.92776834	      0.14230062	     -1.56574955	      0.47834724	      0.63064637	     -2.77345843	      0.27891359	     -1.96733043	     -0.34808121
      0.43693583	      0.25504141	      0.92534990	      0.13986840	     -1.56662386	      0.51395587	      0.64046835	     -2.82867736	      0.27495249	     -1.97872417	     -0.34951697
      0.43881109	      0.25364081	      0.92296178	      0.13745576	     -1.56771694	      0.54922775	      0.65036760	     -2.88324432	      0.27079769	     -1.99232815	     -0.35107120
      0.44068635	      0.25240716	      0.92060428	      0.13506768	     -1.56904530	      0.58412263	      0.66034712	     -2.93709509	      0.26635653	     -2.00824055	     -0.35276640
      0.44256162	      0.25136093	      0.91827776	      0.13270920	     -1.57062740	      0.61859894	      0.67041054	     -2.99016637	      0.26153759	     -2.02655501	     -0.35462662
      0.44443688	      0.25051580	      0.91598238	      0.13038494	     -1.57247270	      0.65262221	      0.68055947	     -3.04239115	      0.25624480	     -2.04738571	     -0.35666795
      0.44631214	      0.24988737	      0.91371834	      0.12809964	     -1.57459305	      0.68615599	      0.69079584	     -3.09370353	      0.25038274	     -2.07084067	     -0.35890876
      0.44818740	      0.24948175	      0.91148563	      0.12585748	     -1.57698931	      0.71917388	      0.70112083	     -3.14403299	      0.24385410	     -2.09705540	     -0.36135629
      0.45006266	      0.24930748	      0.90928429	      0.12366277	     -1.57966500	      0.75164699	      0.71153563	     -3.19331041	      0.23656134	     -2.12615757	     -0.36402058
      0.45193792	      0.24936168	      0.90711413	      0.12151920	     -1.58261154	      0.78355854	      0.72204189	     -3.24146074	      0.22840890	     -2.15830985	     -0.36689820
      0.45381318	      0.24964416	      0.90497501	      0.11943061	     -1.58582308	      0.81488894	      0.73264102	     -3.28841068	      0.21929973	     -2.19366554	     -0.36998890
      0.45568844	      0.25014260	      0.90286661	      0.11740021	     -1.58928191	      0.84563134	      0.74333612	     -3.33407922	      0.20914423	     -2.23242004	     -0.37327792
      0.45756370	      0.25084746	      0.90078863	      0.11543137	     -1.59297295	      0.87577601	      0.75412979	     -3.37838744	      0.19784966	     -2.27475866	     -0.37675389
      0.45943897	      0.25173743	      0.89874068	      0.11352691	     -1.59687069	      0.90532531	      0.76502730	     -3.42124682	      0.18533815	     -2.32091306	     -0.38039115
      0.46131423	      0.25279395	      0.89672240	      0.11168977	     -1.60095200	      0.93427870	      0.77603335	     -3.46257110	      0.17152670	     -2.37110574	     -0.38416742
      0.46318949	      0.25398755	      0.89473339	      0.10992245	     -1.60518514	      0.96264680	      0.78715569	     -3.50226323	      0.15635628	     -2.42560252	     -0.38804707
      0.46506475	      0.25529101	      0.89277326	      0.10822756	     -1.60953996	      0.99043770	      0.79840139	     -3.54022802	      0.13976041	     -2.48466348	     -0.39199720
      0.46694001	      0.25666790	      0.89084167	      0.10660730	     -1.61398018	      1.01766923	      0.80978051	     -3.57636034	      0.12170689	     -2.54857708	     -0.39597351
      0.46881527	      0.25808298	      0.88893828	      0.10506396	     -1.61846983	      1.04435721	      0.82130243	     -3.61055480	      0.10215301	     -2.61763620	     -0.39993317
      0.47069053	      0.25949536	      0.88706280	      0.10359956	     -1.62297104	      1.07052622	      0.83297897	     -3.64270496	      0.08110301	     -2.69212220	     -0.40382630
      0.47256579	      0.26086402	      0.88521490	      0.10221614	     -1.62744470	      1.09620112	      0.84482139	     -3.67270539	      0.05854802	     -2.77233942	     -0.40760304
      0.47444105	      0.26214968	      0.88339447	      0.10091577	     -1.63185846	      1.12140756	      0.85684310	     -3.70045385	      0.03453914	     -2.85850158	     -0.41121509
      0.47631631	      0.26331156	      0.88160137	      0.09970049	     -1.63617734	      1.14617142	      0.86905729	     -3.72584309	      0.00911250	     -2.95086784	     -0.41461243
      0.47819158	      0.26431867	      0.87983584	      0.09857252	     -1.64038176	      1.17051174	      0.88147808	     -3.74878128	     -0.01762654	     -3.04948092	     -0.41775635
      0.48006684	      0.26513651	      0.87809801	      0.09753402	     -1.64444735	      1.19445030	      0.89411947	     -3.76917026	     -0.04558757	     -3.15443819	     -0.42060397
      0.48194210	      0.26574882	      0.87638840	      0.09658736	     -1.64837351	      1.21799470	      0.90699508	     -3.78694536	     -0.07461159	     -3.26551325	     -0.42313410
      0.48381736	      0.26613432	      0.87470743	      0.09573486	     -1.65215347	      1.24115686	      0.92011855	     -3.80203326	     -0.10455168	     -3.38253602	     -0.42531955
      0.48569262	      0.26629737	      0.87305596	      0.09497906	     -1.65581091	      1.26392739	      0.93350250	     -3.81440879	     -0.13520871	     -3.50500213	     -0.42716384
      0.48756788	      0.26623542	      0.87143471	      0.09432241	     -1.65936161	      1.28630332	      0.94715944	     -3.82403665	     -0.16638998	     -3.63245471	     -0.42866223
      0.48944314	      0.26597743	      0.86984495	      0.09376767	     -1.66285650	      1.30825310	      0.96110139	     -3.83093441	     -0.19788333	     -3.76420977	     -0.42984764
      0.49131840	      0.26554430	      0.86828780	      0.09331748	     -1.66633822	      1.32975310	      0.97534116	     -3.83510988	     -0.22947561	     -3.89960496	     -0.43074335
      0.49319366	      0.26499326	      0.86676505	      0.09297504	     -1.66988787	      1.35074326	      0.98989188	     -3.83661609	     -0.26097795	     -4.03794141	     -0.43141586
      0.49506893	      0.26437196	      0.86527828	      0.09274330	     -1.67357525	      1.37117399	      1.00476353	     -3.83549930	     -0.29219121	     -4.17850911	     -0.43192042
      0.49694419	      0.26376720	      0.86382981	      0.09262614	     -1.67750931	      1.39095266	      1.01996693	     -3.83183263	     -0.32297622	     -4.32076462	     -0.43235862
      0.49881945	      0.26325598	      0.86242178	      0.09262712	     -1.68178937	      1.40999786	      1.03551359	     -3.82568611	     -0.35318092	     -4.46412501	     -0.43282051
      0.50069471	      0.26295826	      0.86105748	      0.09275149	     -1.68656077	      1.42817643	      1.05142409	     -3.81713071	     -0.38273860	     -4.60831407	     -0.43344624
      0.50256997	      0.26298333	      0.85973989	      0.09300398	     -1.69195759	      1.44536830	      1.06771720	     -3.80623893	     -0.41156308	     -4.75300167	     -0.43436348
      0.50444523	      0.26348468	      0.85847326	      0.09339161	     -1.69816124	      1.46139679	      1.08442115	     -3.79306079	     -0.43965777	     -4.89818970	     -0.43575129
      0.50632049	      0.26460522	      0.85726156	      0.09392085	     -1.70534216	      1.47609876	      1.10156297	     -3.77765075	     -0.46700844	     -5.04383631	     -0.43777629
      0.50819575	      0.26653192	      0.85610990	      0.09460088	     -1.71371698	      1.48925265	      1.11917629	     -3.76002724	     -0.49367634	     -5.19012642	     -0.44065643
      0.51007101	      0.26944184	      0.85502321	      0.09544028	     -1.72349269	      1.50064995	      1.13729487	     -3.74021416	     -0.51970844	     -5.33722685	     -0.44459794
      0.51194628	      0.27355343	      0.85400725	      0.09645048	     -1.73491716	      1.51002636	      1.15595218	     -3.71820078	     -0.54520276	     -5.48533155	     -0.44985567
      0.51382154	      0.27907944	      0.85306778	      0.09764258	     -1.74823453	      1.51712553	      1.17518499	     -3.69398011	     -0.57024962	     -5.63464539	     -0.45667754
      0.51569680	      0.28626187	      0.85221069	      0.09902975	     -1.76371134	      1.52165092	      1.19501654	     -3.66752698	     -0.59495725	     -5.78519927	     -0.46534672
      0.51757206	      0.29534504	      0.85144234	      0.10062542	     -1.78162113	      1.52330082	      1.21547769	     -3.63880592	     -0.61943360	     -5.93708532	     -0.47614820
      0.51944732	      0.30656961	      0.85076755	      0.10244256	     -1.80221465	      1.52178016	      1.23656469	     -3.60780647	     -0.64376650	     -6.09004989	     -0.48936566
      0.52132258	      0.32018376	      0.85019180	      0.10449480	     -1.82575581	      1.51678235	      1.25828240	     -3.57450444	     -0.66804565	     -6.24392266	     -0.50529054
      0.52319784	      0.33638435	      0.84971662	      0.10679142	     -1.85242444	      1.50808033	      1.28058307	     -3.53896876	     -0.69233057	     -6.39806745	     -0.52415999
      0.52507310	      0.35538726	      0.84934452	      0.10934321	     -1.88242734	      1.49542268	      1.30343076	     -3.50125457	     -0.71668619	     -6.55192579	     -0.54623235
      0.52694836	      0.37730775	      0.84907233	      0.11215288	     -1.91582946	      1.47870232	      1.32672917	     -3.46153959	     -0.74114770	     -6.70450050	     -0.57165508
      0.52882363	      0.40228421	      0.84889791	      0.11522490	     -1.95272615	      1.45778295	      1.35039177	     -3.41998569	     -0.76575381	     -6.85490397	     -0.60060181
      0.53069889	      0.43031996	      0.84881334	      0.11855344	     -1.99303819	      1.43270280	      1.37428007	     -3.37684567	     -0.79052912	     -7.00190983	     -0.63309324
      0.53257415	      0.46143802	      0.84881177	      0.12213441	     -2.03671079	      1.40347250	      1.39826079	     -3.33233269	     -0.81549980	     -7.14468088	     -0.66917200
      0.53444941	      0.49553925	      0.84888208	      0.12595441	     -2.08354423	      1.37024920	      1.42217839	     -3.28673514	     -0.84070267	     -7.28154150	     -0.70874016
      0.53632467	      0.53254969	      0.84901498	      0.13000323	     -2.13337147	      1.33315058	      1.44588730	     -3.24022018	     -0.86618469	     -7.41216936	     -0.75172651
      0.53819993	      0.57231503	      0.84919684	      0.13426148	     -2.18593623	      1.29240443	      1.46923856	     -3.19326260	     -0.89197998	     -7.53211976	     -0.79797115
      0.54007519	      0.61470717	      0.84941458	      0.13871126	     -2.24101301	      1.24820744	      1.49208999	     -3.14632831	     -0.91813389	     -7.63692040	     -0.84734512
      0.54195045	      0.65953572	      0.84965021	      0.14332541	     -2.29830369	      1.20086325	      1.51428430	     -3.10038937	     -0.94460760	     -7.71631122	     -0.89965430
      0.54382571	      0.70661637	      0.84988375	      0.14807390	     -2.35750872	      1.15068401	      1.53565275	     -3.05663799	     -0.97136278	     -7.75754206	     -0.95471698
      0.54570097	      0.75572524	      0.85009814	      0.15293032	     -2.41829735	      1.09801389	      1.55603196	     -3.01602755	     -0.99828316	     -7.75150437	     -1.01229543
      0.54757624	      0.80667431	      0.85027936	      0.15787386	     -2.48038723	      1.04313648	      1.57527528	     -2.97928734	     -1.02527356	     -7.69197637	     -1.07218867
      0.54945150	      0.85920875	      0.85041802	      0.16288893	     -2.54343447	      0.98637460	      1.59324219	     -2.94647497	     -1.05223288	     -7.57963004	     -1.13410248
      0.55132676	      0.91309638	      0.85050459	      0.16796042	     -2.60711997	      0.92802526	      1.60979406	     -2.91769762	     -1.07905836	     -7.41420417	     -1.19777071
      0.55320202	      0.96796838	      0.85052669	      0.17306477	     -2.67095954	      0.86855330	      1.62475940	     -2.89291208	     -1.10567555	     -7.19644135	     -1.26276710
      0.55507728	      1.02349211	      0.85047223	      0.17818006	     -2.73451295	      0.80838399	      1.63797767	     -2.87215425	     -1.13200820	     -6.92607851	     -1.32870860
      0.55695254	      1.07914617	      0.85032151	      0.18326662	     -2.79709725	      0.74820261	      1.64922030	     -2.85569887	     -1.15799213	     -6.60117104	     -1.39500085
      0.55882780	      1.13443347	      0.85005501	      0.18828617	     -2.85805908	      0.68866677	      1.65826576	     -2.84388141	     -1.18356195	     -6.21835720	     -1.46107811
      0.56070306	      1.18867747	      0.84964680	      0.19318352	     -2.91651089	      0.63066537	      1.66481798	     -2.83717993	     -1.20863455	     -5.77394781	     -1.52617323
      0.56257832	      1.24118368	      0.84906934	      0.19790155	     -2.97153733	      0.57512339	      1.66856483	     -2.83620661	     -1.23311895	     -5.26409077	     -1.58950011
      0.56445359	      1.29124943	      0.84829898	      0.20238511	     -3.02222276	      0.52294007	      1.66920906	     -2.84110281	     -1.25694457	     -4.69414455	     -1.65025764
      0.56632885	      1.33814592	      0.84731035	      0.20657634	     -3.06761332	      0.47505078	      1.66643469	     -2.85211255	     -1.28003454	     -4.06724362	     -1.70761611
      0.56820411	      1.38139316	      0.84609426	      0.21044382	     -3.10710529	      0.43199212	      1.66007401	     -2.86840812	     -1.30235883	     -3.39640521	     -1.76101599
      0.57007937	      1.42048411	      0.84464034	      0.21395449	     -3.14005761	      0.39433748	      1.64994503	     -2.88918073	     -1.32389275	     -2.69465335	     -1.80986683
      0.57195463	      1.45527699	      0.84295659	      0.21710902	     -3.16633356	      0.36213978	      1.63606520	     -2.91274955	     -1.34462700	     -1.98177115	     -1.85398434
      0.57382989	      1.48558072	      0.84104882	      0.21990438	     -3.18572863	      0.33551741	      1.61842559	     -2.93746508	     -1.36455615	     -1.27762194	     -1.89312857
      0.57570515	      1.51148829	      0.83893273	      0.22235715	     -3.19842362	      0.31424230	      1.59716040	     -2.96174029	     -1.38364160	     -0.59916792	     -1.92738492
      0.57758041	      1.53303348	      0.83662148	      0.22447912	     -3.20451748	      0.29816306	      1.57237062	     -2.98402497	     -1.40184335	      0.03660407	     -1.95677208
      0.57945567	      1.55039678	      0.83412966	      0.22628573	     -3.20430440	      0.28700250	      1.54422663	     -3.00355350	     -1.41908228	      0.62258334	     -1.98148506
      0.58133094	      1.56371814	      0.83147061	      0.22778975	     -3.19802271	      0.28052876	      1.51287616	     -3.01950437	     -1.43527783	      1.15080737	     -2.00167220
      0.58320620	      1.57320019	      0.82865660	      0.22900279	     -3.18599651	      0.27848755	      1.47850374	     -3.03182522	     -1.45034450	      1.62213424	     -2.01756050
      0.58508146	      1.57902926	      0.82569989	      0.22993621	     -3.16852752	      0.28063554	      1.44128478	     -3.04033369	     -1.46419594	      2.03588104	     -2.02935715
      0.58695672	      1.58141729	      0.82261235	      0.23060185	     -3.14595823	      0.28672819	      1.40142206	     -3.04524376	     -1.47677367	      2.39551820	     -2.03730041
      0.58883198	      1.58056983	      0.81940607	      0.23101164	     -3.11862186	      0.29652165	      1.35911351	     -3.04666544	     -1.48801488	      2.70336053	     -2.04162048
      0.59070724	      1.57669833	      0.81609324	      0.23117911	     -3.08686620	      0.30977478	      1.31457438	     -3.04483054	     -1.49789628	      2.96273110	     -2.04255313
      0.59258250	      1.57001019	      0.81268605	      0.23111744	     -3.05103260	      0.32624854	      1.26801553	     -3.03992757	     -1.50638635	      3.17650659	     -2.04032951
      0.59445776	      1.56071168	      0.80919680	      0.23084134	     -3.01146496	      0.34570473	      1.21965651	     -3.03215599	     -1.51349376	      3.34748580	     -2.03517760
      0.59633302	      1.54900836	      0.80563779	      0.23036521	     -2.96850554	      0.36790605	      1.16971489	     -3.02170551	     -1.51921848	      3.47837931	     -2.02732492
      0.59820829	      1.53510448	      0.80202130	      0.22970460	     -2.92249611	      0.39261109	      1.11841133	     -3.00874886	     -1.52359536	      3.57171981	     -2.01699563
      0.60008355	      1.51920483	      0.79835966	      0.22887481	     -2.87377909	      0.41957927	      1.06596625	     -2.99346016	     -1.52665141	      3.63003657	     -2.00441488
      0.60195881	      1.50151647	      0.79466509	      0.22789203	     -2.82269829	      0.44855875	      1.01259939	     -2.97599607	     -1.52844236	      3.65587668	     -1.98980908
      0.60383407	      1.48224730	      0.79094988	      0.22677233	     -2.76959931	      0.47929878	      0.95853182	     -2.95651666	     -1.52901757	      3.65177040	     -1.97340585
      0.60570933	      1.46161046	      0.78722600	      0.22553240	     -2.71483004	      0.51153231	      0.90397965	     -2.93516935	     -1.52844892	      3.62047109	     -1.95543823
      0.60758459	      1.43982025	      0.78350557	      0.22418896	     -2.65874121	      0.54499325	      0.84916174	     -2.91210495	     -1.52680350	      3.56469243	     -1.93614073
      0.60945985	      1.41708675	      0.77979997	      0.22275839	     -2.60167148	      0.57941014	      0.79428379	     -2.88746623	     -1.52416396	      3.48747340	     -1.91574284
      0.61133511	      1.39362291	      0.77612078	      0.22125723	     -2.54396510	      0.61451030	      0.73955599	     -2.86139955	     -1.52060954	      3.39181529	     -1.89447744
      0.61321037	      1.36961937	      0.77247839	      0.21970035	     -2.48592937	      0.65003816	      0.68516478	     -2.83404365	     -1.51622885	      3.28098986	     -1.87255153
      0.61508564	      1.34527267	      0.76888350	      0.21810296	     -2.42788167	      0.68573286	      0.63130331	     -2.80554178	     -1.51110836	      3.15826721	     -1.85017886
      0.61696090	      1.32074875	      0.76534538	      0.21647832	     -2.37008936	      0.72136291	      0.57813302	     -2.77602069	     -1.50533983	      3.02695484	     -1.82753815
      0.61883616	      1.29622147	      0.76187366	      0.21484011	     -2.31283297	      0.75668838	      0.52582377	     -2.74561350	     -1.49901399	      2.89041830	     -1.80481703
      0.62071142	      1.27183433	      0.75847644	      0.21320064	     -2.25634024	      0.79150244	      0.47450831	     -2.71442156	     -1.49222402	      2.75168700	     -1.78216920
      0.62258668	      1.24773979	      0.75516221	      0.21157268	     -2.20085351	      0.82558768	      0.42432814	     -2.68255434	     -1.48506312	      2.61391256	     -1.75975837
      0.62446194	      1.22405106	      0.75193764	      0.20996732	     -2.14654981	      0.85877533	      0.37538317	     -2.65007845	     -1.47762323	      2.47951529	     -1.73770447
      0.62633720	      1.20089223	      0.74880987	      0.20839636	     -2.09362252	      0.89088279	      0.32778116	     -2.61706912	     -1.46999764	      2.35109270	     -1.71613964
      0.62821246	      1.17833272	      0.74578393	      0.20686835	     -2.04218304	      0.92179898	      0.28159018	     -2.58355792	     -1.46227246	      2.23024169	     -1.69513435
      0.63008772	      1.15645467	      0.74286538	      0.20539294	     -1.99236053	      0.95139591	      0.23688489	     -2.54958428	     -1.45453681	      2.11877193	     -1.67477341
      0.63196298	      1.13528348	      0.74005761	      0.20397510	     -1.94420617	      0.97962297	      0.19371445	     -2.51515167	     -1.44686573	      2.01742967	     -1.65507794
      0.63383825	      1.11485652	      0.73736452	      0.20262092	     -1.89778756	      1.00641304	      0.15213422	     -2.48027049	     -1.43933856	      1.92718111	     -1.63608238
      0.63571351	      1.09516382	      0.73478800	      0.20133109	     -1.85311332	      1.03176685	      0.11218971	     -2.44492753	     -1.43201467	      1.84804846	     -1.61776906
      0.63758877	      1.07620531	      0.73233037	      0.20010721	     -1.81020588	      1.05567097	      0.07393250	     -2.40911473	     -1.42495825	      1.78024826	     -1.60013111
      0.63946403	      1.05793976	      0.72999213	      0.19894543	     -1.76903790	      1.07817206	      0.03740324	     -2.37281366	     -1.41820998	      1.72327644	     -1.58311679
      0.64133929	      1.04033461	      0.72777416	      0.19784280	     -1.72959395	      1.09930429	      0.00264757	     -2.33600835	     -1.41181527	      1.67677468	     -1.56668376
      0.64321455	      1.02332371	      0.72567579	      0.19679228	     -1.69181283	      1.11915068	     -0.03031254	     -2.29868130	     -1.40579612	      1.63992230	     -1.55075319
      0.64508981	      1.00684763	      0.72369670	      0.19578762	     -1.65564284	      1.13778440	     -0.06145045	     -2.26081537	     -1.40017908	      1.61199358	     -1.53525346
      0.64696507	      0.99082904	      0.72183544	      0.19482076	     -1.62099991	      1.15530590	     -0.09076901	     -2.22239559	     -1.39497136	      1.59203944	     -1.52009441
      0.64884033	      0.97519373	      0.72009077	      0.19388406	     -1.58780567	      1.17181063	     -0.11826594	     -2.18340658	     -1.39018431	      1.57916040	     -1.50518898
      0.65071560	      0.95986365	      0.71846079	      0.19296970	     -1.55596504	      1.18740206	     -0.14396463	     -2.14383708	     -1.38581541	      1.57240908	     -1.49044760
      0.65259086	      0.94476091	      0.71694370	      0.19206992	     -1.52538542	      1.20218294	     -0.16788341	     -2.10367402	     -1.38186563	      1.57082888	     -1.47578045
      0.65446612	      0.92981128	      0.71553734	      0.19117737	     -1.49596848	      1.21625304	     -0.19005907	     -2.06291179	     -1.37832575	      1.57355983	     -1.46110327
      0.65634138	      0.91493880	      0.71423962	      0.19028465	     -1.46761602	      1.22971448	     -0.21052430	     -2.02154028	     -1.37518959	      1.57965268	     -1.44632953
      0.65821664	      0.90008094	      0.71304843	      0.18938520	     -1.44023859	      1.24265194	     -0.22932258	     -1.97956495	     -1.37244153	      1.58850616	     -1.43138900
      0.66009190	      0.88517268	      0.71196169	      0.18847231	     -1.41374572	      1.25515337	     -0.24649427	     -1.93698910	     -1.37006799	      1.59945890	     -1.41620841
      0.66196716	      0.87016902	      0.71097755	      0.18754039	     -1.38806545	      1.26727854	     -0.26208581	     -1.89383768	     -1.36804687	      1.61241358	     -1.40073808
      0.66384242	      0.85502324	      0.71009423	      0.18658350	     -1.36312564	      1.27908838	     -0.27614094	     -1.85014603	     -1.36635546	      1.62744403	     -1.38492608
      0.66571768	      0.83969995	      0.70930996	      0.18559686	     -1.33886203	      1.29062923	     -0.28871092	     -1.80593724	     -1.36497336	      1.64455016	     -1.36873408
      0.66759295	      0.82415036	      0.70862219	      0.18457521	     -1.31519320	      1.30197654	     -0.29985069	     -1.76121671	     -1.36388339	      1.66292461	     -1.35210950
      0.66946821	      0.80834118	      0.70802887	      0.18351481	     -1.29205246	      1.31318000	     -0.30961923	     -1.71597037	     -1.36306496	      1.68182610	     -1.33501721
      0.67134347	      0.79225263	      0.70752980	      0.18241204	     -1.26939482	      1.32423839	     -0.31806527	     -1.67018781	     -1.36249661	      1.70196399	     -1.31743383
      0.67321873	      0.77586716	      0.70712268	      0.18126437	     -1.24717005	      1.33519043	     -0.32524886	     -1.62387258	     -1.36215160	      1.72260156	     -1.29934353
      0.67509399	      0.75915273	      0.70680371	      0.18006855	     -1.22530823	      1.34612061	     -0.33123526	     -1.57703734	     -1.36200301	      1.74196409	     -1.28071668
      0.67696925	      0.74212490	      0.70657181	      0.17882336	     -1.20380156	      1.35701087	     -0.33607270	     -1.52974077	     -1.36202567	      1.76087194	     -1.26157406
      0.67884451	      0.72479696	      0.70642608	      0.17752741	     -1.18264049	      1.36784174	     -0.33980865	     -1.48203256	     -1.36219482	      1.78017055	     -1.24193331
      0.68071977	      0.70718317	      0.70636538	      0.17617996	     -1.16181272	      1.37859546	     -0.34249705	     -1.43394840	     -1.36248750	      1.80042230	     -1.22181372
      0.68259503	      0.68929459	      0.70638849	      0.17477997	     -1.14130229	      1.38925813	     -0.34419237	     -1.38552325	     -1.36288021	      1.82216609	     -1.20123085
      0.68447030	      0.67113603	      0.70649379	      0.17332663	     -1.12108184	      1.39982788	     -0.34495656	     -1.33677008	     -1.36335252	      1.84545318	     -1.18019369
      0.68634556	      0.65271334	      0.70667969	      0.17181915	     -1.10112599	      1.41030140	     -0.34485018	     -1.28770322	     -1.36388383	      1.87035895	     -1.15871232
      0.68822082	      0.63403048	      0.70694440	      0.17025709	     -1.08140513	      1.42068002	     -0.34393680	     -1.23832510	     -1.36445623	      1.89670818	     -1.13679502
      0.69009608	      0.61509280	      0.70728617	      0.16864003	     -1.06189192	      1.43096312	     -0.34227868	     -1.18863995	     -1.36505186	      1.92435956	     -1.11445158
      0.69197134	      0.59590490	      0.70770321	      0.16696763	     -1.04255751	      1.44114973	     -0.33993933	     -1.13865510	     -1.36565148	      1.95327816	     -1.09169098
      0.69384660	      0.57646977	      0.70819374	      0.16523922	     -1.02337074	      1.45123991	     -0.33698378	     -1.08838346	     -1.36623373	      1.98353964	     -1.06852027
      0.69572186	      0.55678991	      0.70875599	      0.16345430	     -1.00430098	      1.46123308	     -0.33347440	     -1.03783798	     -1.36678225	      2.01527494	     -1.04494577
      0.69759712	      0.53686919	      0.70938823	      0.16161248	     -0.98531905	      1.47112798	     -0.32947333	     -0.98702843	     -1.36728104	      2.04853666	     -1.02097546
      0.69947238	      0.51671160	      0.71008880	      0.15971370	     -0.96639831	      1.48092308	     -0.32503784	     -0.93595932	     -1.36771688	      2.08331062	     -0.99661706
      0.70134764	      0.49632119	      0.71085603	      0.15775782	     -0.94751155	      1.49061689	     -0.32022646	     -0.88463608	     -1.36807573	      2.11958950	     -0.97187846
      0.70322291	      0.47570183	      0.71168842	      0.15574489	     -0.92863436	      1.50020736	     -0.31509194	     -0.83306187	     -1.36834585	      2.15736880	     -0.94676690
      0.70509817	      0.45485661	      0.71258438	      0.15367481	     -0.90974048	      1.50969336	     -0.30968908	     -0.78124151	     -1.36851440	      2.19666392	     -0.92128878
      0.70697343	      0.43379033	      0.71354256	      0.15154782	     -0.89080941	      1.51907081	     -0.30406496	     -0.72917741	     -1.36857230	      2.23750036	     -0.89545205
      0.70884869	      0.41250689	      0.71456153	      0.14936401	     -0.87181854	      1.52833694	     -0.29826884	     -0.67687257	     -1.36850966	      2.27990003	     -0.86926373
      0.71072395	      0.39101527	      0.71564014	      0.14712410	     -0.85275585	      1.53748227	     -0.29234000	     -0.62432581	     -1.36832066	      2.32386688	     -0.84273620
      0.71259921	      0.36932340	      0.71677717	      0.14482866	     -0.83360688	      1.54649872	     -0.28632021	     -0.57153676	     -1.36799855	      2.36940745	     -0.81588081
      0.71447447	      0.34744343	      0.71797172	      0.14247879	     -0.81436740	      1.55537258	     -0.28024038	     -0.51850092	     -1.36754034	      2.41650212	     -0.78871303
      0.71634973	      0.32538637	      0.71922281	      0.14007545	     -0.79503056	      1.56409155	     -0.27413415	     -0.46521485	     -1.36694207	      2.46514096	     -0.76124722
      0.71822499	      0.30316862	      0.72052984	      0.13762021	     -0.77560155	      1.57263642	     -0.26802325	     -0.41167068	     -1.36620377	      2.51527969	     -0.73350318
      0.72010026	      0.28080553	      0.72189210	      0.13511449	     -0.75608301	      1.58098931	     -0.26193212	     -0.35786141	     -1.36532464	      2.56688171	     -0.70549966
      0.72197552	      0.25831746	      0.72330927	      0.13256030	     -0.73648923	      1.58912606	     -0.25587339	     -0.30377588	     -1.36430743	      2.61986797	     -0.67726041
      0.72385078	      0.23572364	      0.72478093	      0.12995950	     -0.71683194	      1.59702388	     -0.24986227	     -0.24940372	     -1.36315424	      2.67416742	     -0.64880800
      0.72572604	      0.21305137	      0.72630703	      0.12731475	     -0.69713767	      1.60465032	     -0.24390236	     -0.19473049	     -1.36187041	      2.72966928	     -0.62017388
      0.72760130	      0.19032679	      0.72788740	      0.12462858	     -0.67743031	      1.61197434	     -0.23799984	     -0.13974247	     -1.36046057	      2.78627191	     -0.59138822
      0.72947656	      0.16757807	      0.72952214	      0.12190378	     -0.65774069	      1.61896252	     -0.23215217	     -0.08442419	     -1.35893140	      2.84384139	     -0.56248306
      0.73135182	      0.14483269	      0.73121126	      0.11914306	     -0.63809769	      1.62558225	     -0.22635904	     -0.02876063	     -1.35728903	      2.90225248	     -0.53348974
      0.73322708	      0.12211965	      0.73295498	      0.11634931	     -0.61853582	      1.63179940	     -0.22061258	      0.02726410	     -1.35554142	      2.96135183	     -0.50444096
      0.73510234	      0.09946781	      0.73475346	      0.11352540	     -0.59908853	      1.63757990	     -0.21490676	      0.08366576	     -1.35369610	      3.02099371	     -0.47536940
      0.73697761	      0.07690323	      0.73660699	      0.11067400	     -0.57978936	      1.64289345	     -0.20922976	      0.14045946	     -1.35176178	      3.08100416	     -0.44630400
      0.73885287	      0.05445233	      0.73851583	      0.10779780	     -0.56067154	      1.64770916	     -0.20357109	      0.19766049	     -1.34974698	      3.14121633	     -0.41727419
      0.74072813	      0.03214294	      0.74048038	      0.10489966	     -0.54177297	      1.65199509	     -0.19791433	      0.25528390	     -1.34766155	      3.20143397	     -0.38831089
      0.74260339	      0.01000310	      0.74250100	      0.10198242	     -0.52313110	      1.65571891	     -0.19224432	      0.31334499	     -1.34551504	      3.26146774	     -0.35944528
      0.74447865	     -0.01194178	      0.74457811	      0.09904873	     -0.50478264	      1.65885218	     -0.18654209	      0.37185737	     -1.34331754	      3.32109900	     -0.33070534
      0.74635391	     -0.03366573	      0.74671213	      0.09610130	     -0.48676446	      1.66136558	     -0.18078953	      0.43083511	     -1.34107905	      3.38011565	     -0.30211969
      0.74822917	     -0.05514455	      0.74890349	      0.09314267	     -0.46911310	      1.66323282	     -0.17496555	      0.49029019	     -1.33881002	      3.43827878	     -0.27371494
      0.75010443	     -0.07635335	      0.75115264	      0.09017544	     -0.45186550	      1.66442659	     -0.16904970	      0.55023521	     -1.33652077	      3.49535538	     -0.24551845
      0.75197969	     -0.09727143	      0.75345997	      0.08720188	     -0.43505493	      1.66492545	     -0.16302008	      0.61067961	     -1.33422165	      3.55108995	     -0.21755280
      0.75385496	     -0.11787703	      0.75582593	      0.08422433	     -0.41871561	      1.66470650	     -0.15685507	      0.67163365	     -1.33192301	      3.60523251	     -0.18984174
      0.75573022	     -0.13815317	      0.75825088	      0.08124472	     -0.40287699	      1.66375342	     -0.15053252	      0.73310391	     -1.32963499	      3.65751445	     -0.16240357
      0.75760548	     -0.15808156	      0.76073521	      0.07826508	     -0.38756982	      1.66204811	     -0.14403038	      0.79509792	     -1.32736777	      3.70767222	     -0.13525808
      0.75948074	     -0.17765111	      0.76327927	      0.07528685	     -0.37281690	      1.65958191	     -0.13732720	      0.85761881	     -1.32513108	      3.75542488	     -0.10841671
      0.76135600	     -0.19684913	      0.76588340	      0.07231160	     -0.35864286	      1.65634403	     -0.13040123	      0.92067086	     -1.32293486	      3.80049371	     -0.08189273
      0.76323126	     -0.21566735	      0.76854790	      0.06934051	     -0.34506728	      1.65232977	     -0.12323134	      0.98425430	     -1.32078878	      3.84258656	     -0.05569441
      0.76510652	     -0.23409624	      0.77127307	      0.06637488	     -0.33211122	      1.64753286	     -0.11579614	      1.04837055	     -1.31870269	      3.88140640	     -0.02983148
      0.76698178	     -0.25213143	      0.77405914	      0.06341556	     -0.31978937	      1.64195365	     -0.10807591	      1.11301626	     -1.31668560	      3.91666473	     -0.00430782
      0.76885704	     -0.26976736	      0.77690636	      0.06046349	     -0.30811787	      1.63559110	     -0.10005053	      1.17818936	     -1.31474688	      3.94806133	      0.02087131
      0.77073230	     -0.28700509	      0.77981490	      0.05751901	     -0.29710444	      1.62845183	     -0.09170273	      1.24388188	     -1.31289371	      3.97535097	      0.04570832
      0.77260757	     -0.30384486	      0.78278495	      0.05458251	     -0.28675782	      1.62054136	     -0.08301500	      1.31008681	     -1.31113343	      3.99828630	      0.07020468
      0.77448283	     -0.32029151	      0.78581671	      0.05165390	     -0.27708083	      1.61187008	     -0.07397202	      1.37679191	     -1.30947191	      4.01669214	      0.09436727
      0.77635809	     -0.33634921	      0.78891035	      0.04873319	     -0.26807718	      1.60244763	     -0.06455809	      1.44398615	     -1.30791522	      4.03037776	      0.11820221
      0.77823335	     -0.35202152	      0.79206613	      0.04582033	     -0.25975114	      1.59228250	     -0.05475776	      1.51165506	     -1.30646974	      4.03920725	      0.14171495
      0.78010861	     -0.36731166	      0.79528429	      0.04291537	     -0.25210749	      1.58138309	     -0.04455511	      1.57978585	     -1.30514263	      4.04300604	      0.16491049
      0.78198387	     -0.38222094	      0.79856515	      0.04001835	     -0.24515312	      1.56975469	     -0.03393464	      1.64836129	     -1.30393861	      4.04169797	      0.18779175
      0.78385913	     -0.39675019	      0.80190913	      0.03712938	     -0.23889563	      1.55740067	     -0.02288062	      1.71736650	     -1.30286220	      4.03524022	      0.21036124
      0.78573439	     -0.41090234	      0.80531662	      0.03424819	     -0.23333982	      1.54432813	     -0.01137871	      1.78677815	     -1.30191691	      4.02365102	      0.23262397
      0.78760965	     -0.42467303	      0.80878853	      0.03137509	     -0.22850101	      1.53052714	      0.00059003	      1.85658630	     -1.30110762	      4.00715885	      0.25457747
      0.78948492	     -0.43806848	      0.81232516	      0.02850950	     -0.22437931	      1.51601104	      0.01303800	      1.92676308	     -1.30043893	      3.98573895	      0.27623047
      0.79136018	     -0.45111149	      0.81592519	      0.02564974	     -0.22095147	      1.50084051	      0.02596928	      1.99724003	     -1.29991290	      3.95864052	      0.29760768
      0.79323544	     -0.46381061	      0.81958876	      0.02279494	     -0.21821262	      1.48503186	      0.03939177	      2.06798397	     -1.29953353	      3.92590052	      0.31872019
      0.79511070	     -0.47616395	      0.82331730	      0.01994508	     -0.21617318	      1.46856554	      0.05331904	      2.13900000	     -1.29930622	      3.88809100	      0.33956952
      0.79698596	     -0.48818323	      0.82711097	      0.01709912	     -0.21482207	      1.45145743	      0.06775307	      2.21026769	     -1.29923263	      3.84525387	      0.36017053
      0.79886122	     -0.49987659	      0.83096994	      0.01425629	     -0.21415392	      1.43372269	      0.08269990	      2.28175825	     -1.29931563	      3.79739928	      0.38053385
      0.80073648	     -0.51124623	      0.83489464	      0.01141609	     -0.21416930	      1.41536593	      0.09816439	      2.35344386	     -1.29955915	      3.74474150	      0.40066359
      0.80261174	     -0.52229646	      0.83888540	      0.00857788	     -0.21486636	      1.39639526	      0.11415099	      2.42529608	     -1.29996654	      3.68744666	      0.42056616
      0.80448700	     -0.53303842	      0.84294228	      0.00574045	     -0.21623116	      1.37682848	      0.13065538	      2.49728407	     -1.30053966	      3.62565739	      0.44025548
      0.80636227	     -0.54348560	      0.84706523	      0.00290244	     -0.21824695	      1.35668702	      0.14767269	      2.56937692	     -1.30127991	      3.55946114	      0.45974802
      0.80823753	     -0.55365746	      0.85125401	      0.00006195	     -0.22088698	      1.33600086	      0.16519161	      2.64154079	     -1.30218838	      3.48892589	      0.47906711
      0.81011279	     -0.56357191	      0.85550849	     -0.00278276	     -0.22412755	      1.31479770	      0.18320357	      2.71374240	     -1.30326694	      3.41412585	      0.49823447
      0.81198805	     -0.57323073	      0.85982871	     -0.00563222	     -0.22796237	      1.29308596	      0.20170060	      2.78594991	     -1.30451929	      3.33521838	      0.51725278
      0.81386331	     -0.58263672	      0.86421469	     -0.00848701	     -0.23238466	      1.27087495	      0.22067556	      2.85813154	     -1.30594866	      3.25235970	      0.53612589
      0.81573857	     -0.59179236	      0.86866652	     -0.01134786	     -0.23738546	      1.24817340	      0.24011657	      2.93025449	     -1.30755782	      3.16579825	      0.55485760
      0.81761383	     -0.60069996	      0.87318432	     -0.01421542	     -0.24295704	      1.22498962	      0.26001364	      3.00228628	     -1.30935005	      3.07576964	      0.57345152
      0.81948909	     -0.60936416	      0.87776804	     -0.01709067	     -0.24908489	      1.20133546	      0.28034869	      3.07419358	     -1.31132715	      2.98255398	      0.59191379
      0.82136435	     -0.61778973	      0.88241770	     -0.01997454	     -0.25575550	      1.17722268	      0.30110569	      3.14594323	     -1.31349138	      2.88642006	      0.61025080
      0.82323962	     -0.62597782	      0.88713301	     -0.02286771	     -0.26295394	      1.15266057	      0.32225915	      3.21750254	     -1.31584340	      2.78763994	      0.62846382
      0.82511488	     -0.63393001	      0.89191374	     -0.02577089	     -0.27066587	      1.12765862	      0.34378530	      3.28883874	     -1.31838365	      2.68648309	      0.64655465
      0.82699014	     -0.64166106	      0.89675923	     -0.02868594	     -0.27885531	      1.10224378	      0.36564636	      3.35991643	     -1.32110984	      2.58320288	      0.66454015
      0.82886540	     -0.64918454	      0.90166893	     -0.03161457	     -0.28748937	      1.07644102	      0.38780807	      3.43070066	     -1.32402071	      2.47805844	      0.68243602
      0.83074066	     -0.65650602	      0.90664199	     -0.03455785	     -0.29653858	      1.05026802	      0.41022727	      3.50115788	     -1.32711476	      2.37128353	      0.70024749
      0.83261592	     -0.66363127	      0.91167765	     -0.03751686	     -0.30597465	      1.02374216	      0.43286326	      3.57125459	     -1.33039045	      2.26312149	      0.71798019
      0.83449118	     -0.67057406	      0.91677473	     -0.04049334	     -0.31575345	      0.99689258	      0.45566187	      3.64095511	     -1.33384323	      2.15377375	      0.73564864
      0.83636644	     -0.67734925	      0.92193214	     -0.04348912	     -0.32583090	      0.96974915	      0.47857094	      3.71022373	     -1.33746847	      2.04345420	      0.75326878
      0.83824170	     -0.68396266	      0.92714851	     -0.04650522	     -0.33616785	      0.94233353	      0.50153071	      3.77902575	     -1.34126335	      1.93231810	      0.77084512
      0.84011696	     -0.69041975	      0.93242264	     -0.04954266	     -0.34672767	      0.91466618	      0.52448544	      3.84732690	     -1.34522607	      1.82053677	      0.78838201
      0.84199223	     -0.69672630	      0.93775299	     -0.05260238	     -0.35746690	      0.88677065	      0.54736731	      3.91509142	     -1.34935210	      1.70820596	      0.80588372
      0.84386749	     -0.70289153	      0.94313808	     -0.05568564	     -0.36833937	      0.85867391	      0.57011005	      3.98228325	     -1.35363648	      1.59543661	      0.82335869
      0.84574275	     -0.70889882	      0.94857623	     -0.05879145	     -0.37932215	      0.83037544	      0.59264076	      4.04886921	     -1.35807629	      1.48226203	      0.84078355
      0.84761801	     -0.71473298	      0.95406583	     -0.06191897	     -0.39039271	      0.80187577	      0.61488993	      4.11481642	     -1.36266878	      1.36872966	      0.85813676
      0.84949327	     -0.72039576	      0.95960486	     -0.06506866	     -0.40150048	      0.77319791	      0.63676924	      4.18008570	     -1.36740651	      1.25482090	      0.87541680
      0.85136853	     -0.72588906	      0.96519140	     -0.06824102	     -0.41259737	      0.74436436	      0.65819550	      4.24463874	     -1.37228425	      1.14052654	      0.89262259
      0.85324379	     -0.73118610	      0.97082333	     -0.07143409	     -0.42365918	      0.71536629	      0.67907378	      4.30843946	     -1.37729456	      1.02580531	      0.90971760
      0.85511905	     -0.73626304	      0.97649856	     -0.07464614	     -0.43466054	      0.68619798	      0.69931252	      4.37145195	     -1.38243003	      0.91061569	      0.92666896
      0.85699431	     -0.74111834	      0.98221442	     -0.07787729	     -0.44553784	      0.65688181	      0.71879219	      4.43363191	     -1.38767318	      0.79492543	      0.94346985
      0.85886958	     -0.74575109	      0.98796840	     -0.08112768	     -0.45623068	      0.62744019	      0.73740092	      4.49493611	     -1.39301047	      0.67869474	      0.96011478
      0.86074484	     -0.75010520	      0.99375782	     -0.08439287	     -0.46672919	      0.59783257	      0.75501251	      4.55532817	     -1.39842468	      0.56194711	      0.97653020
      0.86262010	     -0.75413039	      0.99957999	     -0.08766893	     -0.47701948	      0.56802497	      0.77150426	      4.61477139	     -1.40389835	      0.44468687	      0.99264961
      0.86449536	     -0.75780763	      1.00543142	     -0.09095455	     -0.48703456	      0.53802166	      0.78671515	      4.67321823	     -1.40939808	      0.32701765	      1.00844287
      0.86637062	     -0.76111703	      1.01130875	     -0.09424835	     -0.49671269	      0.50782522	      0.80049278	      4.73062299	     -1.41489516	      0.20902258	      1.02387919
      0.86824588	     -0.76402094	      1.01720826	     -0.09754751	     -0.50599732	      0.47741885	      0.81265904	      4.78693835	     -1.42035060	      0.09090848	      1.03890529
      0.87012114	     -0.76648256	      1.02312639	     -0.10084930	     -0.51483529	      0.44678648	      0.82304420	      4.84211725	     -1.42572972	     -0.02713793	      1.05346936
      0.87199640	     -0.76845824	      1.02905903	     -0.10415044	     -0.52316445	      0.41590602	      0.83144633	      4.89610864	     -1.43097838	     -0.14482529	      1.06750995
      0.87387166	     -0.76991016	      1.03500208	     -0.10744814	     -0.53091842	      0.38476187	      0.83766692	      4.94886159	     -1.43604411	     -0.26188303	      1.08097278
      0.87574693	     -0.77077123	      1.04095113	     -0.11073723	     -0.53805001	      0.35330575	      0.84148544	      5.00032778	     -1.44086275	     -0.37797256	      1.09376698
      0.87762219	     -0.77097680	      1.04690184	     -0.11401273	     -0.54451244	      0.32149192	      0.84268740	      5.05045904	     -1.44537434	     -0.49276571	      1.10580475
      0.87949745	     -0.77048347	      1.05284950	     -0.11727142	     -0.55022357	      0.28930082	      0.84103289	      5.09920080	     -1.44950132	     -0.60591253	      1.11702385
      0.88137271	     -0.76924609	      1.05878953	     -0.12050992	     -0.55510529	      0.25671031	      0.83628647	      5.14649944	     -1.45317170	     -0.71706469	      1.12736031
      0.88324797	     -0.76716955	      1.06471754	     -0.12372080	     -0.55913249	      0.22364096	      0.82821227	      5.19231033	     -1.45630002	     -0.82588942	      1.13668932
      0.88512323	     -0.76416792	      1.07062891	     -0.12689735	     -0.56226668	      0.19002441	      0.81656667	      5.23658684	     -1.45879875	     -0.93205874	      1.14489662
      0.88699849	     -0.76015101	      1.07651926	     -0.13003273	     -0.56448018	      0.15578771	      0.80111894	      5.27928308	     -1.46057430	     -1.03527465	      1.15186302
      0.88887375	     -0.75502718	      1.08238406	     -0.13311990	     -0.56574329	      0.12085634	      0.78163205	      5.32035372	     -1.46153482	     -1.13523254	      1.15746737
      0.89074901	     -0.74872199	      1.08821962	     -0.13615358	     -0.56602946	      0.08517414	      0.75790990	      5.35975083	     -1.46158974	     -1.23164835	      1.16161121
      0.89262428	     -0.74115974	      1.09402199	     -0.13912828	     -0.56530732	      0.04868378	      0.72974522	      5.39742794	     -1.46064813	     -1.32423115	      1.16419415
      0.89449954	     -0.73226719	      1.09978874	     -0.14203919	     -0.56358039	      0.01132782	      0.69700082	      5.43333669	     -1.45862970	     -1.41270584	      1.16512193
      0.89637480	     -0.72197600	      1.10551708	     -0.14488177	     -0.56083887	     -0.02694533	      0.65952433	      5.46743131	     -1.45544969	     -1.49679114	      1.16430548
      0.89825006	     -0.71018658	      1.11120617	     -0.14764957	     -0.55715272	     -0.06622603	      0.61724970	      5.49966139	     -1.45105064	     -1.57622451	      1.16162171
      0.90012532	     -0.69679859	      1.11685500	     -0.15033593	     -0.55258551	     -0.10660663	      0.57009763	      5.52998517	     -1.44536995	     -1.65072439	      1.15694618
      0.90200058	     -0.68172849	      1.12246363	     -0.15293625	     -0.54721663	     -0.14815720	      0.51804838	      5.55832461	     -1.43836581	     -1.72006572	      1.15017773
      0.90387584	     -0.66489190	      1.12803193	     -0.15544574	     -0.54111908	     -0.19095008	      0.46106830	      5.58461406	     -1.42998828	     -1.78399198	      1.14121381
      0.90575110	     -0.64619842	      1.13356006	     -0.15785966	     -0.53439578	     -0.23505491	      0.39916799	      5.60872497	     -1.42021760	     -1.84237815	      1.12994505
      0.90762636	     -0.62555921	      1.13904816	     -0.16017331	     -0.52714187	     -0.28054267	      0.33234507	      5.63054874	     -1.40902209	     -1.89505463	      1.11626405
      0.90950162	     -0.60286092	      1.14449596	     -0.16238019	     -0.51949508	     -0.32749756	      0.26063560	      5.64988720	     -1.39642116	     -1.94207888	      1.10003212
      0.91137689	     -0.57799011	      1.14990329	     -0.16447384	     -0.51158879	     -0.37600741	      0.18406492	      5.66656547	     -1.38241948	     -1.98345268	      1.08111075
      0.91325215	     -0.55086699	      1.15526855	     -0.16645021	     -0.50352775	     -0.42610060	      0.10268385	      5.68028132	     -1.36708265	     -2.01947988	      1.05939933
      0.91512741	     -0.52140742	      1.16059035	     -0.16830500	     -0.49541810	     -0.47781367	      0.01653412	      5.69075520	     -1.35045942	     -2.05040946	      1.03479251
      0.91700267	     -0.48954674	      1.16586591	     -0.17003471	     -0.48735626	     -0.53114234	     -0.07430477	      5.69758534	     -1.33267932	     -2.07678939	      1.00720566
      0.91887793	     -0.45521249	      1.17109281	     -0.17163535	     -0.47944433	     -0.58609284	     -0.16976236	      5.70038451	     -1.31385265	     -2.09912781	      0.97654550
      0.92075319	     -0.41833514	      1.17626750	     -0.17310220	     -0.47179719	     -0.64266042	     -0.26971786	      5.69869430	     -1.29418323	     -2.11812554	      0.94271967
      0.92262845	     -0.37883890	      1.18138668	     -0.17443015	     -0.46453276	     -0.70084561	     -0.37406184	      5.69205403	     -1.27385325	     -2.13447071	      0.90562868
      0.92450371	     -0.33668688	      1.18644593	     -0.17561644	     -0.45774196	     -0.76061462	     -0.48263817	      5.68002068	     -1.25313624	     -2.14885432	      0.86521797
      0.92637897	     -0.29182845	      1.19144107	     -0.17665725	     -0.45152735	     -0.82194397	     -0.59530031	      5.66213056	     -1.23228615	     -2.16197642	      0.82141668
      0.92825424	     -0.24429427	      1.19636695	     -0.17755497	     -0.44591619	     -0.88474910	     -0.71186455	      5.63805268	     -1.21163551	     -2.17435227	      0.77425139
      0.93012950	     -0.19409432	      1.20121873	     -0.17831033	     -0.44095599	     -0.94896079	     -0.83215349	      5.60741879	     -1.19150215	     -2.18651799	      0.72372404
      0.93200476	     -0.14132395	      1.20599092	     -0.17893118	     -0.43661283	     -1.01446228	     -0.95596047	      5.57009872	     -1.17226230	     -2.19875326	      0.66993948
      0.93388002	     -0.08606186	      1.21067824	     -0.17942396	     -0.43286849	     -1.08114608	     -1.08308492	      5.52591523	     -1.15428075	     -2.21136091	      0.61298260
      0.93575528	     -0.02845149	      1.21527507	     -0.17980107	     -0.42964386	     -1.14888759	     -1.21330443	      5.47497537	     -1.13796030	     -2.22447690	      0.55301618
      0.93763054	      0.03138142	      1.21977595	     -0.18007335	     -0.42687761	     -1.21757276	     -1.34639962	      5.41733939	     -1.12369794	     -2.23825032	      0.49018168
      0.93950580	      0.09319393	      1.22417432	     -0.18026203	     -0.42438035	     -1.28699636	     -1.48215801	      5.35328765	     -1.11189194	     -2.25284347	      0.42476151
      0.94138106	      0.15676366	      1.22846391	     -0.18038646	     -0.42198543	     -1.35696997	     -1.62036470	      5.28306782	     -1.10294392	     -2.26841618	      0.35701365
      0.94325632	      0.22179963	      1.23263742	     -0.18047247	     -0.41944957	     -1.42724942	     -1.76081660	      5.20704367	     -1.09723265	     -2.28528779	      0.28727745
      0.94513159	      0.28802143	      1.23668784	     -0.18054478	     -0.41654179	     -1.49760010	     -1.90330696	      5.12556779	     -1.09514499	     -2.30375762	      0.21588007
      0.94700685	      0.35513442	      1.24060698	     -0.18063016	     -0.41301132	     -1.56776967	     -2.04764727	      5.03897953	     -1.09702202	     -2.32432173	      0.14316283
      0.94888211	      0.42284914	      1.24438696	     -0.18075479	     -0.40861299	     -1.63751416	     -2.19364703	      4.94763561	     -1.10321470	     -2.34744431	      0.06946156
      0.95075737	      0.49084818	      1.24801810	     -0.18094781	     -0.40306336	     -1.70653191	     -2.34114355	      4.85174088	     -1.11401148	     -2.37373721	     -0.00485801
      0.95263263	      0.55882072	      1.25149130	     -0.18123776	     -0.39608787	     -1.77453748	     -2.48996817	      4.75155332	     -1.12971523	     -2.40379488	     -0.07943664
      0.95450789	      0.62645890	      1.25479539	     -0.18165328	     -0.38741050	     -1.84120358	     -2.63997137	      4.64706154	     -1.15056705	     -2.43826273	     -0.15392396
      0.95638315	      0.69346078	      1.25792006	     -0.18222274	     -0.37676356	     -1.90622505	     -2.79099826	      4.53834828	     -1.17682204	     -2.47780536	     -0.22797444
      0.95825841	      0.75954069	      1.26085194	     -0.18297267	     -0.36389414	     -1.96924814	     -2.94290497	      4.42508890	     -1.20867963	     -2.52298193	     -0.30127097
      0.96013367	      0.82442167	      1.26357893	     -0.18392965	     -0.34856085	     -2.02995115	     -3.09554401	      4.30709978	     -1.24634838	     -2.57435587	     -0.37350353
      0.96200894	      0.88779372	      1.26608353	     -0.18512029	     -0.33047882	     -2.08787717	     -3.24878270	      4.18358832	     -1.28999279	     -2.63227019	     -0.44433688
      0.96388420	      0.94936367	      1.26835000	     -0.18657179	     -0.30938352	     -2.14261518	     -3.40248837	      4.05394920	     -1.33977467	     -2.69688744	     -0.51345130
      0.96575946	      1.00872614	      1.27035407	     -0.18831306	     -0.28487465	     -2.19349744	     -3.55654311	      3.91671795	     -1.39585382	     -2.76857521	     -0.58041387
      0.96763472	      1.06550139	      1.27207380	     -0.19037481	     -0.25658128	     -2.23991115	     -3.71083552	      3.77064899	     -1.45836775	     -2.84717457	     -0.64481630
      0.96950998	      1.11913990	      1.27347443	     -0.19278543	     -0.22392995	     -2.28088673	     -3.86524963	      3.61336059	     -1.52753961	     -2.93427534	     -0.70607883
      0.97138524	      1.16911819	      1.27452416	     -0.19557757	     -0.18637508	     -2.31550912	     -4.01968748	      3.44271369	     -1.60354499	     -3.03077738	     -0.76364525
      0.97326050	      1.21482011	      1.27518040	     -0.19876251	     -0.14328007	     -2.34269004	     -4.17395212	      3.25555118	     -1.68680532	     -3.14179914	     -0.81687770
      0.97513576	      1.25563475	      1.27540258	     -0.20236060	     -0.09400466	     -2.36133776	     -4.32789107	      3.04888257	     -1.77765530	     -3.27259724	     -0.86513881
      0.97701102	      1.29089679	      1.27513834	     -0.20635260	     -0.03788022	     -2.37029678	     -4.48116618	      2.81883154	     -1.87683059	     -3.43245749	     -0.90775888
      0.97888628	      1.31994025	      1.27433846	     -0.21073352	      0.02577473	     -2.36840514	     -4.63350207	      2.56178083	     -1.98494168	     -3.63545374	     -0.94405910
      0.98076155	      1.34213632	      1.27294391	     -0.21543414	      0.09753318	     -2.35465774	     -4.78431880	      2.27350112	     -2.10316296	     -3.88779137	     -0.97343364
      0.98263681	      1.35683226	      1.27089917	     -0.22040922	      0.17801438	     -2.32797031	     -4.93313404	      1.94983853	     -2.23247877	     -4.21351436	     -0.99523890
      0.98451207	      1.36350074	      1.26813653	     -0.22551415	      0.26760399	     -2.28759146	     -5.07903735	      1.58590741	     -2.37464738	     -4.58325302	     -1.00901425
      0.98638733	      1.36139779	      1.26457603	     -0.23063762	      0.36701549	     -2.23198415	     -5.22134021	      1.17296366	     -2.53121297	     -5.00953208	     -1.01406710
      0.98826259	      1.35044506	      1.26016508	     -0.23553306	      0.47593954	     -2.16177736	     -5.35855219	      0.71117779	     -2.70461647	     -5.36657975	     -1.01044187
      0.99013785	      1.32843540	      1.25461237	     -0.23987875	      0.59728168	     -2.06910628	     -5.49031691	      0.15072132	     -2.89835702	     -5.44174082	     -0.99618087
      0.99201311	      1.29679722	      1.24797872	     -0.24329989	      0.72845434	     -1.96020895	     -5.61384247	     -0.47878116	     -3.11562554	     -4.42616147	     -0.97287347
      0.99388837	      1.26124689	      1.24077500	     -0.24545607	      0.86055166	     -1.85937736	     -5.72409692	     -1.04586846	     -3.35812118	     -1.54255609	     -0.94621677
      0.99576363	      1.22437145	      1.23306049	     -0.24549389	      0.98963047	     -1.77906365	     -5.81745225	     -1.48710335	     -3.63201768	      1.64794638	     -0.91917575
      0.99763890	      1.18724984	      1.22480403	     -0.24279150	      1.11361411	     -1.72440850	     -5.89070759	     -1.77290627	     -3.94228914	      3.69584499	     -0.89311321
      0.99951416	      1.15039741	      1.21620664	     -0.23790131	      1.23075717	     -1.69350495	     -5.94301293	     -1.89581568	     -4.28563922	      4.83133421	     -0.86817798
      1.00138942	      1.11248056	      1.20719838	     -0.23101159	      1.34224708	     -1.67877244	     -5.97402091	     -1.88895157	     -4.66172113	      5.24897052	     -0.84292864
      1.00326468	      1.07130972	      1.19760044	     -0.22235852	      1.45132467	     -1.66890106	     -5.98626326	     -1.81547285	     -5.07191934	      5.27873307	     -0.81515343
      1.00513994	      1.02596661	      1.18735417	     -0.21217842	      1.55928223	     -1.65722701	     -5.98054138	     -1.71135466	     -5.52622268	      5.13477644	     -0.78388831
      1.00701520	      0.97655211	      1.17647494	     -0.20072459	      1.66670722	     -1.64109423	     -5.96091680	     -1.59499016	     -6.03015133	      4.89886573	     -0.74922203
      1.00889046	      0.92379638	      1.16503092	     -0.18820260	      1.77215600	     -1.61888904	     -5.92382087	     -1.48163081	     -6.70854082	      4.66104283	     -0.71187293
      1.01076572	      0.86741411	      1.15304893	     -0.17500709	      1.87722830	     -1.58967411	     -5.88235729	     -1.37335074	     -7.41715467	      4.42231974	     -0.67144253
      1.01264098	      0.80540320	      1.14043370	     -0.16171377	      1.98853006	     -1.54971199	     -5.87079383	     -1.27583237	     -7.69599494	      4.20770803	     -0.62576202
      1.01451625	      0.73700644	      1.12719100	     -0.14863831	      2.11029503	     -1.49797000	     -5.91099109	     -1.18865063	     -7.27153084	      4.00865677	     -0.57391996
      1.01639151	      0.66230685	      1.11339235	     -0.13603143	      2.24323769	     -1.43433296	     -6.00920264	     -1.11255223	     -6.11441042	      3.82797401	     -0.51585944
      1.01826677	      0.58438752	      1.09929997	     -0.12364486	      2.38178117	     -1.36317465	     -6.14319202	     -1.04530118	     -4.52591298	      3.65971826	     -0.45466136
      1.02014203	      0.50681722	      1.08519763	     -0.11113795	      2.52034088	     -1.28941443	     -6.29076654	     -0.98494169	     -2.78802157	      3.50120167	     -0.39393500
      1.02201729	      0.43276881	      1.07133403	     -0.09821384	      2.65346602	     -1.21753451	     -6.42805497	     -0.92953697	     -1.17979862	      3.34980762	     -0.33689043
      1.02389255	      0.36457008	      1.05790715	     -0.08472778	      2.77727836	     -1.15080490	     -6.53819406	     -0.87774026	      0.10085312	      3.20404600	     -0.28584621
      1.02576781	      0.30205634	      1.04495249	     -0.07090510	      2.89181890	     -1.08914360	     -6.62233145	     -0.82943964	      1.08104536	      3.06400387	     -0.24052055
      1.02764307	      0.24537991	      1.03252972	     -0.05693316	      2.99662836	     -1.03289461	     -6.68007494	     -0.78436355	      1.76755137	      2.92958773	     -0.20095536
      1.02951833	      0.19375616	      1.02062735	     -0.04307416	      3.09276184	     -0.98118250	     -6.71772232	     -0.74258994	      2.24510502	      2.80109437	     -0.16624060
      1.03139360	      0.14668094	      1.00925365	     -0.02955660	      3.18082449	     -0.93349431	     -6.73940183	     -0.70409377	      2.57162703	      2.67871515	     -0.13575529
      1.03326886	      0.10359300	      0.99839539	     -0.01652979	      3.26160285	     -0.88927844	     -6.74883552	     -0.66874759	      2.79406716	      2.56241563	     -0.10886097
      1.03514412	      0.06405306	      0.98805133	     -0.00414362	      3.33567204	     -0.84819854	     -6.74923482	     -0.63625574	      2.95485129	      2.45199128	     -0.08503680
      1.03701938	      0.02774526	      0.97820939	      0.00754785	      3.40350286	     -0.81000400	     -6.74189239	     -0.60642235	      3.06820850	      2.34728462	     -0.06393465
      1.03889464	     -0.00566675	      0.96885838	      0.01847611	      3.46559303	     -0.77437605	     -6.72810296	     -0.57914232	      3.14831890	      2.24825089	     -0.04517959
      1.04076990	     -0.03638376	      0.95998475	      0.02864117	      3.52229851	     -0.74120487	     -6.70800436	     -0.55413050	      3.19315215	      2.15446938	     -0.02856348
      1.04264516	     -0.06463505	      0.95157591	      0.03802697	      3.57400958	     -0.71035372	     -6.68206758	     -0.53111438	      3.20524651	      2.06558660	     -0.01384190
      1.04452042	     -0.09062692	      0.94361366	      0.04664719	      3.62108384	     -0.68167672	     -6.65062952	     -0.50988634	      3.18619617	      1.98134110	     -0.00081052
      1.04639568	     -0.11458226	      0.93608061	      0.05450590	      3.66389547	     -0.65501509	     -6.61418960	     -0.49022812	      3.13986767	      1.90145420	      0.01075660
      1.04827095	     -0.13669765	      0.92895671	      0.06162323	      3.70275748	     -0.63020709	     -6.57330915	     -0.47198343	      3.07258479	      1.82568643	      0.02104776
      1.05014621	     -0.15717761	      0.92222239	      0.06801502	      3.73799533	     -0.60708928	     -6.52857300	     -0.45498082	      2.99078842	      1.75378306	      0.03026196
      1.05202147	     -0.17618390	      0.91585804	      0.07370883	      3.76985911	     -0.58552083	     -6.48048632	     -0.43909798	      2.90091565	      1.68551812	      0.03854659
      1.05389673	     -0.19389042	      0.90984381	      0.07872854	      3.79861284	     -0.56535182	     -6.42963185	     -0.42420403	      2.81045934	      1.62066565	      0.04606299
      1.05577199	     -0.21046353	      0.90416154	      0.08310637	      3.82451614	     -0.54642145	     -6.37621243	     -0.41021092	      2.72124210	      1.55901017	      0.05296860
      1.05764725	     -0.22608340	      0.89879045	      0.08687869	      3.84792518	     -0.52855312	     -6.32015407	     -0.39702425	      2.62820912	      1.50030195	      0.05943125
      1.05952251	     -0.24088807	      0.89371423	      0.09007852	      3.86906811	     -0.51160767	     -6.26155399	     -0.38457823	      2.53152984	      1.44436813	      0.06557917
      1.06139777	     -0.25496932	      0.88892438	      0.09273121	      3.88791055	     -0.49552403	     -6.20104103	     -0.37276911	      2.44678006	      1.39106477	      0.07150321
      1.06327303	     -0.26845517	      0.88440185	      0.09486559	      3.90471865	     -0.48015198	     -6.13891733	     -0.36157508	      2.37487540	      1.34023946	      0.07731261
      1.06514829	     -0.28154677	      0.88011964	      0.09651428	      3.92002181	     -0.46524014	     -6.07512108	     -0.35099853	      2.30492614	      1.29171789	      0.08318575
      1.06702356	     -0.29426773	      0.87606535	      0.09771104	      3.93390881	     -0.45076946	     -6.00975081	     -0.34098983	      2.23705169	      1.24539187	      0.08912272
      1.06889882	     -0.30664954	      0.87222726	      0.09848701	      3.94643518	     -0.43671595	     -5.94307820	     -0.33149613	      2.17541075	      1.20114248	      0.09513463
      1.07077408	     -0.31864124	      0.86859696	      0.09887750	      3.95756910	     -0.42315064	     -5.87519204	     -0.32245850	      2.12107611	      1.15886535	      0.10114162
      1.07264934	     -0.33020361	      0.86516509	      0.09891959	      3.96730843	     -0.41013140	     -5.80611194	     -0.31381586	      2.07362928	      1.11844313	      0.10707573
      1.07452460	     -0.34122190	      0.86192511	      0.09865282	      3.97557010	     -0.39780353	     -5.73572966	     -0.30550099	      2.03049700	      1.07978488	      0.11278451
      1.07639986	     -0.35159452	      0.85886971	      0.09811622	      3.98228527	     -0.38629668	     -5.66397790	     -0.29744841	      1.98977546	      1.04279977	      0.11812938
      1.07827512	     -0.36125981	      0.85599392	      0.09733899	      3.98740835	     -0.37569244	     -5.59085821	     -0.28961183	      1.95099512	      1.00743349	      0.12302637
      1.08015038	     -0.37015874	      0.85329253	      0.09635046	      3.99088866	     -0.36607039	     -5.51642140	     -0.28194224	      1.91469659	      0.97362568	      0.12739423
      1.08202564	     -0.37813376	      0.85076292	      0.09518373	      3.99254926	     -0.35762742	     -5.44068065	     -0.27437194	      1.88135676	      0.94132280	      0.13103736
      1.08390091	     -0.38503094	      0.84840167	      0.09387364	      3.99223212	     -0.35055535	     -5.36360069	     -0.26683368	      1.85029863	      0.91046634	      0.13376268
      1.08577617	     -0.39078327	      0.84620615	      0.09244403	      3.98987305	     -0.34494219	     -5.28514765	     -0.25928646	      1.82077544	      0.88102406	      0.13548454
      1.08765143	     -0.39531372	      0.84417368	      0.09092003	      3.98539321	     -0.34088854	     -5.20531072	     -0.25168483	      1.79251192	      0.85295928	      0.13610522
      1.08952669	     -0.39853777	      0.84230282	      0.08932367	      3.97868993	     -0.33850405	     -5.12408345	     -0.24398439	      1.76577495	      0.82624313	      0.13551973
      1.09140195	     -0.40036349	      0.84059203	      0.08767845	      3.96965422	     -0.33790782	     -5.04145688	     -0.23613696	      1.74073411	      0.80084033	      0.13361414
      1.09327721	     -0.40073554	      0.83903983	      0.08600203	      3.95821231	     -0.33917311	     -4.95741852	     -0.22810970	      1.71770194	      0.77673554	      0.13031763
      1.09515247	     -0.39959071	      0.83764471	      0.08431339	      3.94428289	     -0.34238293	     -4.87195529	     -0.21986715	      1.69693842	      0.75391328	      0.12555004
      1.09702773	     -0.39691511	      0.83640435	      0.08262518	      3.92784124	     -0.34755743	     -4.78504697	     -0.21139423	      1.67861179	      0.73237390	      0.11928737
      1.09890299	     -0.39267702	      0.83531659	      0.08095210	      3.90884317	     -0.35473864	     -4.69667234	     -0.20267007	      1.66285856	      0.71211363	      0.11148446
      1.10077826	     -0.38699769	      0.83437742	      0.07929422	      3.88742431	     -0.36378234	     -4.60682740	     -0.19371873	      1.64973992	      0.69314877	      0.10227705
      1.10265352	     -0.37997753	      0.83358312	      0.07765378	      3.86369583	     -0.37456988	     -4.51550727	     -0.18455781	      1.63934291	      0.67549404	      0.09177631
      1.10452878	     -0.37176323	      0.83292914	      0.07602750	      3.83782210	     -0.38692496	     -4.42270606	     -0.17521987	      1.63174796	      0.65916217	      0.08014700
      1.10640404	     -0.36249237	      0.83241105	      0.07441323	      3.80995757	     -0.40068232	     -4.32841745	     -0.16573571	      1.62701134	      0.64417211	      0.06754313
      1.10827930	     -0.35234783	      0.83202398	      0.07280355	      3.78030678	     -0.41562244	     -4.23263841	     -0.15614548	      1.62526421	      0.63051987	      0.05417281
      1.11015456	     -0.34151324	      0.83176323	      0.07119140	      3.74907491	     -0.43152608	     -4.13536331	     -0.14648737	      1.62659404	      0.61820149	      0.04024574
      1.11202982	     -0.32999921	      0.83162534	      0.06958245	      3.71626131	     -0.44837945	     -4.03656296	     -0.13675576	      1.63132931	      0.60717987	      0.02576258
      1.11390508	     -0.31783028	      0.83160607	      0.06798122	      3.68188684	     -0.46614546	     -3.93623084	     -0.12697060	      1.63990351	      0.59752383	      0.01073881
      1.11578034	     -0.30520821	      0.83170096	      0.06637655	      3.64616813	     -0.48458744	     -3.83437819	     -0.11715358	      1.65291716	      0.58904889	     -0.00459354
      1.11765561	     -0.29231456	      0.83190566	      0.06475858	      3.60928257	     -0.50349969	     -3.73108076	     -0.10729855	      1.67250502	      0.58150412	     -0.02002655
      1.11953087	     -0.27924320	      0.83221799	      0.06312534	      3.57132683	     -0.52278140	     -3.62624116	     -0.09737804	      1.69773112	      0.57474343	     -0.03545446
      1.12140613	     -0.26624970	      0.83262196	      0.06145264	      3.53263560	     -0.54203216	     -3.52038461	     -0.08777244	      1.73421927	      0.57050917	     -0.05060880
      1.12328139	     -0.25351007	      0.83312619	      0.05974631	      3.49343845	     -0.56114726	     -3.41249973	     -0.07812456	      1.76683477	      0.56588003	     -0.06525446
      1.12515665	     -0.24094265	      0.83369726	      0.05803663	      3.45399454	     -0.58026533	     -3.30255166	     -0.06803466	      1.78443419	      0.55833854	     -0.07955261
