inDegrees=no
num_controls=19
num_derivatives=0
num_input_controls=0
num_iterations=107
num_multipliers=0
num_parameters=0
num_slacks=0
num_states=38
objective=0.380451
objective_effort=0.174234
objective_final_time=0.206216
solver_duration=1734.088076
status=Solve_Succeeded
success=true
DataType=double
version=3
OpenSimVersion=4.5.2-2025-04-14-fb5fac1
endheader
time	/jointset/groundPelvis/pelvis_tilt/value	/jointset/groundPelvis/pelvis_tx/value	/jointset/groundPelvis/pelvis_ty/value	/jointset/hip_l/hip_flexion_l/value	/jointset/hip_r/hip_flexion_r/value	/jointset/lumbar/lumbar/value	/jointset/knee_l/knee_angle_l/value	/jointset/knee_r/knee_angle_r/value	/jointset/ankle_l/ankle_angle_l/value	/jointset/ankle_r/ankle_angle_r/value	/jointset/groundPelvis/pelvis_tilt/speed	/jointset/groundPelvis/pelvis_tx/speed	/jointset/groundPelvis/pelvis_ty/speed	/jointset/hip_l/hip_flexion_l/speed	/jointset/hip_r/hip_flexion_r/speed	/jointset/lumbar/lumbar/speed	/jointset/knee_l/knee_angle_l/speed	/jointset/knee_r/knee_angle_r/speed	/jointset/ankle_l/ankle_angle_l/speed	/jointset/ankle_r/ankle_angle_r/speed	/hamstrings_r/activation	/bifemsh_r/activation	/glut_max_r/activation	/iliopsoas_r/activation	/rect_fem_r/activation	/vasti_r/activation	/gastroc_r/activation	/soleus_r/activation	/tib_ant_r/activation	/hamstrings_l/activation	/bifemsh_l/activation	/glut_max_l/activation	/iliopsoas_l/activation	/rect_fem_l/activation	/vasti_l/activation	/gastroc_l/activation	/soleus_l/activation	/tib_ant_l/activation	/lumbarAct	/hamstrings_r	/bifemsh_r	/glut_max_r	/iliopsoas_r	/rect_fem_r	/vasti_r	/gastroc_r	/soleus_r	/tib_ant_r	/hamstrings_l	/bifemsh_l	/glut_max_l	/iliopsoas_l	/rect_fem_l	/vasti_l	/gastroc_l	/soleus_l	/tib_ant_l
0	-0.2795565892377077	0	1.053945460496589	0.1120704781327097	0.6504716730545415	0.1908357308248002	-0.2722823717139906	-0.4438381975706245	-0.4162097946661385	-0.3362776461521454	1.948063717727881	1.707714614505477	0.1181263497996378	-1.194889729845482	-4.343646365843391	-1.82444221268794	-3.721912186357671	4.367549564013085	-3.899171310160621	-6.358752059731748	0.0887589339896005	0.01355070185716681	0.2139123433982428	0.01119339729841987	0.03690480177076929	0.3986908273481491	0.01439255923707674	0.04392382485915416	0.1858317130085176	0.02144386027833865	0.06450281226933466	0.01260924504665333	0.1940478733360818	0.03276492019170386	0.0111712178892178	0.3835202172626124	0.3578619731625213	0.01014194621074125	0.0007239861360288918	0.1000461813927539	0.01440709428364014	0.2723141696535394	0.01106459131249119	0.04842029387200355	0.5874464298779429	0.02902097681524021	0.1530424084883798	0.0111855202046425	0.02065664328510004	0.05816069911066402	0.01462267290591016	0.1632339482203006	0.06883701782158759	0.01284852334761045	0.2696286364560795	0.221945696816358	0.0102011154593356
0.001311828463213234	-0.2770232989925497	0.00223662707534205	1.054096888970874	0.1105706227037147	0.6448880081468966	0.1884621987063809	-0.2772298430791507	-0.4387766809464195	-0.4213672860065739	-0.3445261150851744	1.912970311504759	1.702173858043585	0.1127797655496804	-1.090668441414806	-4.168842824084244	-1.792867412825171	-3.82015331528251	3.348909124843735	-3.965703946287663	-6.085483511168452	0.08981292134230869	0.01358209648760067	0.2174260541473098	0.01117005505886053	0.0373761275367482	0.4084525426715467	0.01532841427055587	0.05360233137410008	0.1746526476958996	0.02122711529065897	0.0636516762807085	0.01274248222739903	0.1916631612489069	0.0357410466649534	0.01130067392765681	0.3771016674969178	0.3500605575892151	0.01014523236470964	-0.0002672347962825856	0.105710786581781	0.01343131970925121	0.2686719395704353	0.01079160449386326	0.0369745822179148	0.5780317333509237	0.02146462202228678	0.1731848844965972	0.01085743631701101	0.017198009793423	0.04910918472309925	0.01367101862819536	0.1498780972379564	0.06830388597468247	0.01246390057804417	0.2558501154136853	0.2051031259859119	0.01015844648811013
0.002623656926426468	-0.2745407436677976	0.004465789276456113	1.054241460444814	0.1092118396665183	0.6395348682419554	0.186135410668977	-0.2823030504308895	-0.4350525350546663	-0.4266192105679594	-0.3518993960684808	1.870713788136786	1.696333744379082	0.1076722389766043	-0.9798122302053833	-3.992190340814643	-1.753176676956125	-3.913607964500687	2.328608054142334	-4.043143218228101	-5.024449602332049	0.09120776154230668	0.01352596396268803	0.2204818732752745	0.01112487265606798	0.0368645305117316	0.417139207688521	0.01552700426702898	0.06392677981852374	0.1640073488139767	0.02073335683646194	0.06215867784837362	0.01278121340382611	0.1885730598391436	0.03840811113417972	0.0113851716486214	0.3702645200965935	0.3417255585667868	0.01014448928530872	-0.001258455728594063	0.1113753917708082	0.01245554513486229	0.2650297094873313	0.01051861767523533	0.02552887056382603	0.5686170368239045	0.01390826722933336	0.1933273605048146	0.01052935242937951	0.01373937630174595	0.04005767033553448	0.01271936435048055	0.1365222462556121	0.06777075412777735	0.01207927780847789	0.2420715943712911	0.1882605551554659	0.01011577751688466
0.003935485389639702	-0.2721124368377299	0.006687610901434489	1.054379852259353	0.1079946403704247	0.6343967197741142	0.1838599332757176	-0.2874926856357308	-0.4326098472363938	-0.4319803618038355	-0.3574009793167691	1.834396209384801	1.691342571707868	0.103598797207616	-0.8805363091710233	-3.854935932530583	-1.718910428251529	-3.995636733931156	1.448049879863602	-4.132307046139069	-3.304437534047592	0.09302196235847025	0.01345170509305993	0.2231909628539819	0.01107385641501631	0.03586536290357285	0.424443440798323	0.01536891609564061	0.0719425384521834	0.1539320344758177	0.02013295548720317	0.06041883433234641	0.01278633730990121	0.1853476289017086	0.04115821397347647	0.01148422778155476	0.3628790639069078	0.3329318168808381	0.01014252908287261	0.0002411745300463885	0.1198728774884315	0.01288022498726956	0.2638603196799022	0.01056297058032757	0.02398451821687363	0.5446592786749767	0.01349580049374301	0.1405698207581598	0.01171676168739103	0.01367508454918195	0.03980381831173219	0.01295732113558819	0.1396562487589473	0.07590445435943878	0.01294791427316116	0.2228606180789729	0.1734641415420006	0.01012831456286642
0.005247313852852936	-0.269720207102175	0.008904105701951126	1.054514003606126	0.1068894954781156	0.6293852656291591	0.1816179234635732	-0.2927788342889485	-0.4311154451934638	-0.4374659385195185	-0.3604149164886823	1.815711028533833	1.688212522867129	0.1012072664479722	-0.8089752546297604	-3.79903349612792	-1.702152355843193	-4.060751365037582	0.8828614510388055	-4.232841007998308	-1.231810209702225	0.09532457050270744	0.01342080252226811	0.2256530248234205	0.01103117732492427	0.03481896480555291	0.4300799492416958	0.01518878600778807	0.07515289002777839	0.1444611675116377	0.01957763083043507	0.05878974137157327	0.01281173365494836	0.1825165146519797	0.04433204120405852	0.01165046463883194	0.3548214520137583	0.3237493991405718	0.01014183980338565	0.00174080478868684	0.1283703632060549	0.01330490483967684	0.2626909298724731	0.01060732348541981	0.02244016586992121	0.5207015205260488	0.01308333375815265	0.08781228101150512	0.01290417094540255	0.01361079279661794	0.03954996628792991	0.01319527792069583	0.1427902512622825	0.0840381545911002	0.01381655073784443	0.2036496417866548	0.1586677279285354	0.01014085160884818
0.006559142316066169	-0.2673447195503842	0.01111733707267411	1.054646035543722	0.1058653768373352	0.6243988726039299	0.1793902407345248	-0.2981411333965039	-0.4301354641799808	-0.4430913803588635	-0.3610808268660261	1.806217706179479	1.686075100507699	0.1002016919171971	-0.7532487002750254	-3.807485442700805	-1.69445869951429	-4.113118854736205	0.6380918898078465	-4.345238057990716	0.09893587110281263	0.09802479750317243	0.01341164603712272	0.2279159734065336	0.01099402675685962	0.03377902816008822	0.4340029519560192	0.01499555561307244	0.07558476908152144	0.1355564987848857	0.01905589761940455	0.05719255243876453	0.01284658664939782	0.1798519000490621	0.04775913846532111	0.01206772038567574	0.3460824367625496	0.3141528376670903	0.01014213039052101	-0.00130803837198926	0.1355527569650674	0.01332558532752775	0.2624999514141407	0.0106049855413091	0.02208782683362405	0.4908105109696918	0.01283135068477991	0.0739745122963496	0.01346930145281944	0.0133681039998671	0.03751423965867226	0.0132287757026774	0.1395636637513241	0.08906688183615565	0.01897422446699347	0.1831828791368676	0.1425323454612165	0.01014938295265999
0.007870970779279405	-0.2649805632638316	0.01332783577422023	1.054777198724061	0.1049109643187076	0.6193844061549023	0.1771714338403179	-0.303566481877382	-0.4293707750730281	-0.4488705218117591	-0.3604639754230615	1.798435501349751	1.684046323549382	0.09988276874846259	-0.7027020274626921	-3.841833948116498	-1.688620353441807	-4.156875783429178	0.5546296775958534	-4.467169841822425	0.7238749744788944	0.1010411006612167	0.0134050814176572	0.2300230340031907	0.01095991774073644	0.03279384982170274	0.4361626100645254	0.01479716507793239	0.07492680812025848	0.1271798088950711	0.01855749261511623	0.05555556622272483	0.01288131915508722	0.1771416206773009	0.05129112062965171	0.01289778794938091	0.336651268978244	0.3041167128146997	0.01014314333203276	-0.004356881532665361	0.1427351507240799	0.01334626581537867	0.2623089729558082	0.0106026475971984	0.02173548779732688	0.4609195014133348	0.01257936761140717	0.06013674358119407	0.01403443196023633	0.01312541520311626	0.0354785130294146	0.01326227348465898	0.1363370762403658	0.09409560908121109	0.02413189819614251	0.1627161164870804	0.1263969629938976	0.01015791429647179
0.009182799242492637	-0.2626233940665566	0.01553585835639024	1.05490828625065	0.1040166352151351	0.6143112135929429	0.1749567426299193	-0.3090428572647089	-0.4286500408736834	-0.4548141567976986	-0.3591719905658932	1.79558462819907	1.682281805954864	0.1000208169659984	-0.661751787020217	-3.893972719040866	-1.688248555576426	-4.190755973486842	0.5521541241475149	-4.59546569888961	1.206884803506454	0.1039360957895302	0.01339887951278662	0.2320149401199611	0.01092872912474242	0.03189455190029495	0.438098998651873	0.01461878723813326	0.07575794585117536	0.1192781909902532	0.01808434972656255	0.05391483743556896	0.01291634873924809	0.1744990829161753	0.05492273737128793	0.01442867832023043	0.3264923017981671	0.2936225239826447	0.01014524055965695	-0.004921596130548419	0.1388210424256817	0.01332149344766519	0.2630889869379104	0.01060363592176393	0.02222182510545318	0.4860964938854844	0.01289050155539801	0.1107174171688069	0.01357516756113669	0.01297187303039425	0.03427070448258264	0.01330500696818208	0.1364966501938261	0.09925802733631235	0.036687127327279	0.1401326741651293	0.1091908668937107	0.01017603487885378
0.01049462770570587	-0.2602687661692947	0.01774156571869142	1.055039747346054	0.1031722125156293	0.6091646252715274	0.1727410680642419	-0.3145574081686734	-0.4279012279062573	-0.460930153897894	-0.357399811707981	1.794561061319942	1.680516563155208	0.1004523085080908	-0.626615242307188	-3.953732361535756	-1.690119566691854	-4.215077777164032	0.5974383003031171	-4.72995133463249	1.455973670581528	0.1063223862203131	0.01339106546854585	0.2339286598695668	0.01090035349424115	0.03110902537654375	0.4412355438553573	0.01448276507988279	0.08037664543340457	0.1117997505348782	0.01763818413473035	0.0523031116896406	0.01295204513653963	0.1720295379116653	0.05864948340457371	0.01690888697098478	0.3155688779668897	0.2826510216807487	0.01014874229811939	-0.005486310728431476	0.1349069341272836	0.0132967210799517	0.2638690009200126	0.01060462424632946	0.02270816241357948	0.511273486357634	0.01320163549938884	0.1612980907564197	0.01311590316203704	0.01281833085767225	0.03306289593575068	0.01334774045170518	0.1366562241472865	0.1044204455914136	0.04924235645841548	0.1175492318431783	0.09198477079352375	0.01019415546123577
0.0118064561689191	-0.2579146045472561	0.01994494054313566	1.055171948677946	0.102370257238748	0.6039359228749429	0.170521828290947	-0.3200971657493755	-0.4270670572452016	-0.4672265837126156	-0.3553872895762184	1.794413105838795	1.678694572351424	0.1011332495364546	-0.596526847008636	-4.017848030372297	-1.69318761563335	-4.229068494887954	0.6781598936021849	-4.870390834628891	1.593294232826587	0.1082464542041382	0.01338036260427493	0.2357121828941106	0.01087445800111793	0.03044116596749035	0.4455331178179235	0.01439912734847736	0.0878046546306374	0.1047262085215723	0.01721950415249241	0.05073448185252197	0.01298649045685167	0.1697642913498248	0.06240752777434455	0.02015899466578666	0.3037787612790303	0.2712031562526244	0.01015467043373368	-0.004356599582004241	0.1310529646044922	0.01323978121433106	0.2627791628263628	0.01060372458904494	0.02349877986171989	0.5374864250858378	0.01382452908630368	0.1954774016633005	0.01257266405152229	0.01272838574045469	0.03225440756598877	0.01334835351845282	0.1380551192354793	0.1082229959994974	0.05991002085936807	0.09055727198053404	0.07444595487666159	0.01023808376256458
0.01311828463213234	-0.2555612513139436	0.02214580247548045	1.055305172301724	0.1016058467435954	0.5986232880638873	0.1682990463168726	-0.3256485455896589	-0.4261119197716645	-0.4737106735327286	-0.3532694094471346	1.793328598910924	1.676685433777303	0.1020108846134167	-0.5693748575964687	-4.081694845877339	-1.695519967974199	-4.23279694935862	0.7818630448704474	-5.016055838024369	1.61660138835587	0.1097478803121932	0.01336564006938707	0.2373180012405898	0.0108507479299638	0.02989432583737725	0.4509526839837634	0.01437674511089275	0.09713251091778272	0.0980392236477034	0.01682875260981719	0.04922171260421191	0.01301798682945976	0.1677321177410371	0.06614147138559733	0.02401892635294015	0.2910195456111139	0.2592779219110865	0.01016392909532763	-0.003226888435577005	0.1271989950817009	0.01318284134871041	0.2616893247327129	0.01060282493176042	0.02428939730986031	0.5636993638140415	0.01444742267321852	0.2296567125701813	0.01202942494100753	0.01263844062323714	0.03144591919622685	0.01334896658520045	0.139454014323672	0.1120255464075812	0.07057768526032067	0.06356531211788975	0.05690713895979942	0.01028201206389339
0.01443011309534557	-0.2532103815596793	0.02434387882927763	1.0554396650826	0.1008755984164245	0.5932282946683607	0.1660741738724895	-0.331198022215783	-0.4250096187630817	-0.4803889308792809	-0.3511680420349131	1.790285215965983	1.674422324335529	0.1030556932011684	-0.5439852260214209	-4.142447706499947	-1.696013510992941	-4.226366202604383	0.8995493575983787	-5.166050144101221	1.579621982416665	0.1109523291819185	0.01334899563175954	0.2387013446877254	0.01082917014685872	0.02945375527943779	0.456691541985052	0.01441237557698569	0.1078396294400082	0.09173718428861979	0.01646761608132112	0.04779148200483095	0.01304510410544209	0.1659094271422538	0.06974497302548342	0.02801104181179746	0.2774312321491358	0.2469554966364407	0.01017998026056408	-0.003113218861148835	0.1258543492899593	0.0131654789960506	0.2587438881044327	0.01060509156979662	0.02496283250190291	0.5615668004575757	0.01511846571434127	0.2558783294622983	0.01185586833883124	0.01264107648830563	0.03139112991220028	0.01331123959025847	0.1405451186035209	0.113056595314571	0.07168444640957683	0.04079080658042274	0.04183618867245324	0.01041052113777496
0.01574194155855881	-0.2508654628669215	0.02653876372199991	1.055575608291683	0.1001785346640003	0.5877575715754005	0.1638505580833314	-0.3367331161151491	-0.4237495657556238	-0.4872659401517597	-0.3491446990184278	1.784255670896539	1.6718197651062	0.1042221928046395	-0.5187819989027811	-4.197151548714564	-1.693604083287761	-4.210869188457016	1.022370088556456	-5.319070977247093	1.497646234202669	0.1119715311803302	0.01333228762610725	0.2398210880264453	0.01080967757212975	0.02910614447439009	0.4620090104910927	0.01450311283313265	0.1194786461773202	0.08581763631441952	0.01613758472729901	0.04646789130405592	0.01306657586168866	0.1642741292586494	0.0731251800543589	0.03172558834470877	0.2631441086551838	0.2343117508032225	0.01020588672083456	-0.002999549286720666	0.1245097034982176	0.0131481166433908	0.2557984514761523	0.01060735820783282	0.0256362676939455	0.55943423710111	0.01578950875546401	0.2820999463544152	0.01168231173665495	0.01264371235337412	0.03133634062817371	0.01327351259531649	0.1416362228833698	0.1140876442215607	0.07279120755883298	0.01801630104295573	0.02676523838510705	0.01053903021165654
0.01705377002177204	-0.2485307351780396	0.02872998301807377	1.055713142166748	0.09951500270552406	0.5822200939077566	0.1616323358549835	-0.3422426825064087	-0.4223285281659473	-0.4943421650043823	-0.3472418301590955	1.77459606230564	1.668811607190729	0.1054428307741473	-0.4923765155772052	-4.243571415918137	-1.687656447396048	-4.189026256367755	1.142273837963504	-5.460866633533237	1.406236607271875	0.1128934681510167	0.01331774092879192	0.2406955427132849	0.01079228931097957	0.02881853989238986	0.4664762139800468	0.01461967303496744	0.1305149583082785	0.08027138795001566	0.01584115401880447	0.04528649697596215	0.01308158196644913	0.1628145243628228	0.07611948803295042	0.03467964564651479	0.2487513443450309	0.2216278435078906	0.01265576365864013	-0.003267607111164873	0.125195462072774	0.01318110374247106	0.2528890443119302	0.01061422173083023	0.02571471332729252	0.5396788274140381	0.01590513548465117	0.2686923454643315	0.01170312504167907	0.01276380613373838	0.03234014801545279	0.01320585227072455	0.1427100563118905	0.1103581985457106	0.06171160341334087	0.01532369627692788	0.0209474474621081	0.06492896941383161
0.01836559848498527	-0.2462112363135849	0.03091694616337317	1.055852207675214	0.09888790250585681	0.5766282455166855	0.1594243477414101	-0.3477238622916173	-0.4207574984663838	-0.5015713389576109	-0.3454478996240343	1.761037964153799	1.665330881601339	0.106557305627391	-0.4632385194484762	-4.280044581703345	-1.67800125970916	-4.167591259500233	1.25104648058023	-5.552255589925497	1.331560028649078	0.1137971220709288	0.01330732642481137	0.2413411661736726	0.01077702223783322	0.02856148202037476	0.4696966970190166	0.0147361232068498	0.1396550935653631	0.07508877117402568	0.01558053023940367	0.04427925173750765	0.01308939566042791	0.1615196254524771	0.07858418789623181	0.0364516937793761	0.2348322075847837	0.2091776000907029	0.01959294632578206	-0.003535664935609079	0.1258812206473304	0.01321409084155132	0.249979637147708	0.01062108525382764	0.02579315896063954	0.519923417726966	0.01602076221383833	0.2552847445742477	0.01172393834670318	0.01288389991410263	0.03334395540273186	0.0131381919461326	0.1437838897404112	0.1066287528698603	0.05063199926784876	0.01263109151090003	0.01512965653910914	0.1193189086160067
0.01967742694819851	-0.2439121607403204	0.03309900420478624	1.05599258505113	0.09830157047382779	0.5709955953687487	0.1572314862996159	-0.3531810363582601	-0.4190537608391284	-0.5088691027425495	-0.343732579191843	1.743363356423823	1.661303591786508	0.107356080409031	-0.4297885966004295	-4.305492464908113	-1.664548164953003	-4.155343348471828	1.343859539570069	-5.535006805009374	1.287306192457061	0.114712484076354	0.01330152732325863	0.2418205639697264	0.0107638173577327	0.02832266666714397	0.4717380530007104	0.01484075610959549	0.1474817468281153	0.07025456214415728	0.0153523708565623	0.0434243023607476	0.0130921139734255	0.1603328685598585	0.08060283761067008	0.03732284665100021	0.2214444667709482	0.1971190138328064	0.03519944674677367	-0.003981066383167278	0.1273588588653202	0.01326629708759835	0.2486524195291525	0.01063085893475424	0.0256423072816034	0.4999667407818261	0.0158697305449207	0.252194645973367	0.01179677852603084	0.0129977890939694	0.03413514643039296	0.01310366638079587	0.1434703188392328	0.1037994458731076	0.04348466611614769	0.01229872620872292	0.01466896396295357	0.2826458650618517
0.02098925541141174	-0.2416392044100415	0.03527535210944426	1.056133599007719	0.0977626161326511	0.5653372072827221	0.1550588871332289	-0.3586338865548022	-0.417238479381343	-0.5159914153229713	-0.3420607250789022	1.721216839823929	1.656625266117187	0.1075278303688782	-0.3910069858250814	-4.319284369902141	-1.647109608437982	-4.160999135281855	1.421105033918269	-5.284764481019894	1.265291727160539	0.1156665519050073	0.01330077145132643	0.2421910230861358	0.01075262242141017	0.028091116727174	0.4726595861457937	0.01492320845028161	0.1544761595614334	0.06575352394175832	0.01515369362426255	0.04270172057345697	0.0130915936470857	0.1592021328479218	0.08224731257109805	0.03753146222813551	0.2086453781128778	0.1856068862839146	0.06240853157530066	-0.004426467830725477	0.12883649708331	0.01331850333364537	0.2473252019105969	0.01064063261568084	0.02549145560256726	0.480010063836686	0.01571869887600309	0.2491045473724864	0.01186961870535849	0.01311167827383618	0.03492633745805406	0.01306914081545913	0.1431567479380544	0.1009701388763549	0.03633733296444661	0.01196636090654581	0.014208271386798	0.4459728215076966
0.02230108387462498	-0.2393982814154069	0.03744510090308636	1.056274295930305	0.09727787920443788	0.5596684781721792	0.1529117523318002	-0.364107434695582	-0.4153316855515601	-0.5225489266711638	-0.3404048322827356	1.694835439854552	1.651276767814987	0.1069354057196704	-0.3473560413595843	-4.321904313667871	-1.626029221061491	-4.186660514668248	1.484293459042412	-4.669649902283145	1.260960310312808	0.1166276703333184	0.01330444922017688	0.24249359249572	0.01074315957460247	0.02786890685840656	0.4727335208490969	0.01499531132489496	0.1607356819907407	0.06156724038423985	0.01497551327585011	0.04204219427012006	0.01309108504744964	0.1580773133325573	0.0837423763179935	0.03772045045728994	0.1964411213668999	0.1746561484448713	0.08784653013201685	-0.005154291907144137	0.1295168883296931	0.01336696571929994	0.2471270005371934	0.01064815389536933	0.02540353595078623	0.4683227486785088	0.01579237618604853	0.2463705819168358	0.01191177398668227	0.01307873162486238	0.0342865955880495	0.01310187212796123	0.1414569854111609	0.1031838597418682	0.04322017245091218	0.0122948185481968	0.01464773345384624	0.3295787337790413
0.02361291233783821	-0.2371936803818358	0.03960754061005072	1.056414051061278	0.09685300959687018	0.5540014150108062	0.1507936900699188	-0.369625450031894	-0.4133486089040422	-0.5281298973146336	-0.3387479503416309	1.665840758575142	1.645481908225248	0.1060919852754775	-0.2997338928127177	-4.316744479399484	-1.60278592118585	-4.228793358161258	1.53740501864691	-3.795940740481568	1.266799760440249	0.117567339788523	0.01331202052298894	0.2427659639321388	0.01073518282468177	0.02765788506528237	0.4722111472709311	0.01506753789805799	0.1663403485209033	0.05767769710285323	0.01480984512289885	0.04138336395364739	0.01309346703447381	0.1569123823691588	0.08528740538303731	0.03846023690161372	0.1848377097521446	0.1642809666601367	0.1014401522389857	-0.005882115983562795	0.1301972795760762	0.01341542810495451	0.2469287991637897	0.01065567517505783	0.0253156162990052	0.4566354335203316	0.01586605349609398	0.2436366164611852	0.01195392926800605	0.01304578497588858	0.03364685371804494	0.01313460344046333	0.1397572228842676	0.1053975806073815	0.05010301193737774	0.01262327618984779	0.0150871955208945	0.213184646050386
0.02492474080105144	-0.2350279470822286	0.04176220443354536	1.056552796055668	0.09649235715472562	0.5483444679502212	0.1487067271014481	-0.3752056469807997	-0.4113006169043402	-0.5324985677977104	-0.3370794417226797	1.63610534537951	1.639486056381291	0.1055079060326396	-0.2504375631893676	-4.307470303249004	-1.579114974166892	-4.277433010215592	1.584250563421405	-2.8755234981042	1.277053848566945	0.118444473859558	0.01332297808517413	0.24300477191193	0.01072859047931554	0.02747062143540526	0.4713144898829211	0.01514813384640809	0.1714560321634583	0.0540668035726793	0.01465527666392197	0.04073760984047117	0.01309717842809716	0.1557557305527913	0.0868495327879755	0.03960243252635157	0.1738225422242162	0.1544784828748442	0.1082224960420547	-0.006596915407932011	0.1296864441397416	0.01346017278171442	0.2465582963153251	0.01066386955787364	0.02554439549704404	0.4524422044102731	0.01612779851884684	0.2440416244286601	0.01195773471363906	0.01300537698112594	0.03330757177335755	0.01313771609390175	0.1394175291478887	0.1068556726703146	0.05456688537296779	0.01302059293996532	0.01590181216891759	0.1761619317110249
0.02623656926426468	-0.2329008606650996	0.0439089630839094	1.056691053119402	0.09619509606881574	0.5427008981121496	0.1466502696272647	-0.3808445988219747	-0.4091938935227012	-0.5357032354840446	-0.3353972344387906	1.606920125688992	1.633429763153607	0.1053480917698461	-0.2030880905112138	-4.296349704438289	-1.55627756519293	-4.318370458827361	1.62694626945929	-2.021314207929351	1.287684598211661	0.1192220332582156	0.01333687253704865	0.2432069164004443	0.01072329248610552	0.0273183110315368	0.4702503414704925	0.01524440016167347	0.1762268401885632	0.05071708667124437	0.01451055266565475	0.04011604452335796	0.01310083655777284	0.1546517928825226	0.08839948888649816	0.04101411989873444	0.1633828133374848	0.1452450423853896	0.1117626045108915	-0.007311714832301226	0.129175608703407	0.01350491745847433	0.2461877934668605	0.01067206394068945	0.02577317469508288	0.4482489753002145	0.01638954354159971	0.244446632396135	0.01196154015927207	0.01296496898636329	0.03296828982867015	0.01314082874734017	0.1390778354115098	0.1083137647332478	0.05903075880855785	0.01341790969008284	0.01671642881694069	0.1391392173716638
0.02754839772747792	-0.2308113121171402	0.04604778171406819	1.056829432419497	0.09595777553369135	0.5370723897118087	0.1446228516089131	-0.3865289817659801	-0.4070330912409085	-0.5378602505365201	-0.3337020770984111	1.57903306070961	1.627400853444011	0.105711499500493	-0.1594054878617832	-4.284841373828706	-1.534988450712481	-4.345516256227723	1.667079611157459	-1.288638450085623	1.296240984311013	0.1198840747758142	0.0133536304607488	0.2433412391297624	0.01071929867346024	0.02720872333218901	0.4690589839995966	0.01535767570059208	0.180673660977174	0.04761309492544855	0.01437558664678131	0.03953330289034772	0.01310258959029593	0.1536454840285818	0.0899192447550717	0.04250190133524384	0.1534988613377136	0.136561505019191	0.1129415495706612	-0.007780084214850641	0.1280082802212943	0.01355387462034171	0.2447153565925669	0.01068306452910561	0.02625294256153193	0.4453049128965934	0.016713372967273	0.2445711236837697	0.01196869995004794	0.01294206560248057	0.03302760682230809	0.01310183274228386	0.1401625206156278	0.1092664073235504	0.05941598708644027	0.01368098960961044	0.01745630352339401	0.1175599303043764
0.02886022619069115	-0.2287573656661604	0.04817873078836753	1.056968634548637	0.09577509419891304	0.5314588765532724	0.1426222370896582	-0.3922392773349744	-0.4048208637250073	-0.5391403003762741	-0.3319976378312682	1.552641540255436	1.621431919880708	0.1066025687366777	-0.1197857336237056	-4.273488114391179	-1.515413231345822	-4.357876580886733	1.705348644012144	-0.6843021684007301	1.301835728293514	0.1204161201888937	0.01337318676519782	0.2433790619969783	0.01071661770866929	0.02714875981947798	0.4677780316832547	0.01548914364242454	0.1848141148332629	0.04474000685210076	0.01425030074421904	0.03900249932365395	0.01310079737453152	0.1527779679081629	0.09139271640438458	0.04389518880632884	0.1441507841086235	0.1284082228149372	0.1124905378958564	-0.008248453597400054	0.1268409517391816	0.01360283178220908	0.2432429197182733	0.01069406511752176	0.02673271042798099	0.4423608504929722	0.01703720239294629	0.2446956149714045	0.01197585974082381	0.01291916221859786	0.03308692381594604	0.01306283673722756	0.1412472058197456	0.110219049913853	0.05980121536432268	0.01394406952913804	0.01819617822984733	0.09598064323708905
0.03017205465390438	-0.2267370275953808	0.05030189775400539	1.057109343716677	0.09564167659053169	0.5258600078171979	0.1406461595606976	-0.397956162534399	-0.4025594368958509	-0.5397094610071028	-0.3302878718845478	1.527762162921482	1.615538074369759	0.1079932332350959	-0.08420705041790863	-4.262532279794594	-1.497536109806345	-4.356052921265412	1.742138192183642	-0.1991416857947169	1.304585554169591	0.1208081993708491	0.01339564601039598	0.2432891776899283	0.01071528672087832	0.02714089613224345	0.4663745283663985	0.01563285133804959	0.1885465065575611	0.04208439673804234	0.014133778025791	0.03852710476054896	0.01309438203171121	0.1520788813314468	0.09281326169379128	0.04510656602457026	0.1353223901688857	0.1207566743454838	0.111088804819282	-0.008418570165202796	0.1251233379328898	0.01365976479323318	0.2405465327023868	0.01070852635650493	0.0273690564578553	0.4379557081182933	0.01726205718112506	0.2409144886214399	0.01201187961018563	0.01289457781527284	0.03332898936550589	0.0129923039464496	0.1434649852326406	0.1108916708223232	0.05785047061347917	0.01418941157687764	0.01861817510523717	0.0898427557857122
0.03148388311711762	-0.2247484716394295	0.05241737920461978	1.057252160793563	0.09555262721776558	0.5202753401187256	0.1386925807831637	-0.4036628864988833	-0.4002507752412302	-0.5397039907216565	-0.3285755613824158	1.504186859157758	1.609714663422583	0.1098162648715013	-0.05214238260409713	-4.251837359615138	-1.481111869985747	-4.342384869947431	1.777362365220919	0.1917741473566149	1.305715134447624	0.1210511669017613	0.01342110072041982	0.243042797067227	0.01071533854890058	0.02718731018957024	0.4648176345036059	0.01578352889997364	0.1917787631454046	0.03963347867694093	0.01402520412978099	0.03811019797769876	0.01308238867984634	0.1515752098818709	0.0941749167395341	0.04605858436665291	0.1269970516093912	0.1135782727810762	0.1093444788894461	-0.008588686733005536	0.1234057241265981	0.01371669780425727	0.2378501456865003	0.0107229875954881	0.02800540248772962	0.4335505657436144	0.01748691196930384	0.2371333622714754	0.01204789947954746	0.01286999341194783	0.03357105491506572	0.01292177115567164	0.1456827646455355	0.1115642917307934	0.05589972586263567	0.01443475362461723	0.01904017198062703	0.08370486833433535
0.03279571158033085	-0.2227900933839722	0.05452526453762809	1.057397621707151	0.09550359870273477	0.5147046064203118	0.1367597185344721	-0.4093449969121009	-0.3978969455542835	-0.5392363978453458	-0.3268625494390266	1.481661784196489	1.603954445200897	0.1120010115881252	-0.02298099140243026	-4.241220669041484	-1.465845487686279	-4.319259936926313	1.811031434424642	0.5123270465509803	1.305697066568545	0.1211408615459464	0.01344952352277006	0.2426278013610371	0.01071681990308849	0.02729029598358705	0.4630797027057001	0.01593964198838974	0.1945412488268748	0.03737424913461324	0.01392343414083996	0.03774991551084769	0.01306445984628617	0.1512673487766203	0.09547992273906954	0.04673623783547737	0.1191586340300806	0.1068501466834628	0.107393743329379	-0.008341348527798768	0.121266350297975	0.01377901151214172	0.2344429515710792	0.01074126750465995	0.02880424071730371	0.4277715788459028	0.01769086010740381	0.2330736768448514	0.01209904860287785	0.01283514594368219	0.0338812675256961	0.01283198568008333	0.1482869467216587	0.1121670411792042	0.05301996485499429	0.01468339032365805	0.01931041669245166	0.08070591404005265
0.03410754004354408	-0.2208607699647313	0.0566256291553142	1.05754614176133	0.09549134914542287	0.5091478963888326	0.1348463490028501	-0.4149918855255713	-0.3954998544168947	-0.5383828717311078	-0.3251504582548116	1.459890158250561	1.598248658908816	0.1144801989228935	0.003930434415533198	-4.23045702200045	-1.451393476760955	-4.288686081812971	1.843318320745785	0.7801639425333413	1.304311354939045	0.1210733590906157	0.01348089011381351	0.2420329061583039	0.01071977210842623	0.02745186496658449	0.4611348137804916	0.01609983260257475	0.1968598323054478	0.03529445769196714	0.01382745202394139	0.03744455621102345	0.01304027858953075	0.1511554233112863	0.09673024233353142	0.04712554559870821	0.1117905340324212	0.10054933499282	0.10536105126738	-0.008094010322592004	0.1191269764693519	0.01384132522002616	0.2310357574556582	0.01075954741383181	0.02960307894687781	0.4219925919481913	0.01789480824550379	0.2290139914182275	0.01215019772620825	0.01280029847541655	0.03419148013632648	0.01274220020449502	0.150891128797782	0.1127697906276151	0.0501402038473529	0.01493202702269887	0.0195806614042763	0.07770695974576995
0.03541936850675732	-0.2189596467733649	0.0587185404719833	1.057698078291049	0.0955132156688708	0.5036055078305018	0.1329515585347961	-0.4205946078716178	-0.3930612375447383	-0.5372056260318985	-0.3234411965078461	1.438570160695724	1.592588287266124	0.1171897983823568	0.02923698788065459	-4.219305454174301	-1.437407094858993	-4.252446363682156	1.874401691892305	1.009866968976058	1.301243650459247	0.1208560346287041	0.01351503592068911	0.2412638627876432	0.01072420656060997	0.02767102448685768	0.4589579391246091	0.01626743546197695	0.1987915901760889	0.0333815613669757	0.01373639083526686	0.03719004085975987	0.01301028640911726	0.1512224538458247	0.09792833663890262	0.04724846926684489	0.1048778000994804	0.09465659583101041	0.1032924493993783	-0.007516577463808037	0.1168795482773323	0.01390580527529112	0.2274672036773965	0.01078102802415692	0.03049710650597747	0.4148446638875947	0.01818316003570028	0.2257075354798692	0.01220013608580457	0.01275724242295368	0.03451092024424494	0.0126499432795258	0.1533824806776976	0.1133191104048778	0.04719747653837066	0.01523573751076391	0.01980338568797622	0.07582657586641946
0.03673119696997055	-0.2170863826488065	0.06080405051377984	1.057853684018897	0.09556761086880064	0.4980781627700353	0.131075026140775	-0.426146957832057	-0.3905825128974207	-0.5357458829633631	-0.3217374058457193	1.417416514989753	1.5869647520807	0.1200742202819414	0.0535233167004195	-4.207521860643173	-1.423557407481792	-4.21188886789667	1.904466215711457	1.210856487995161	1.29597019463862	0.1204954344203706	0.01355181516634296	0.2403258522233497	0.01073013333617659	0.02794686621934983	0.456525551534844	0.01644540161313821	0.2003872094847962	0.03162386228254827	0.01364948148389611	0.03698269585714187	0.01297487414583211	0.1514527587766016	0.09907637448866714	0.04712394687297577	0.0984049956966561	0.08915261734193169	0.1012302000264885	-0.00693914460502407	0.1146321200853127	0.01397028533055609	0.2238986498991347	0.01080250863448204	0.03139113406507714	0.4076967358269981	0.01847151182589677	0.2224010795415109	0.01225007444540089	0.01271418637049082	0.03483036035216339	0.01255768635455658	0.1558738325576131	0.1138684301821406	0.04425474922938842	0.01553944799882895	0.02002610997167615	0.07394619198706898
0.03804302543318379	-0.2152408812222004	0.06288220388217988	1.058013164882562	0.09565344428735066	0.4925667986942558	0.1292167127793594	-0.4316438166511603	-0.3880649514291853	-0.534037694895756	-0.3200421212730217	1.396169157075669	1.581370310255887	0.1230825485893383	0.07732122327170943	-4.194873516960213	-1.409544710908758	-4.16817216236226	1.933641216689128	1.390603028980997	1.288218724021432	0.1200099570140906	0.0135910256418166	0.2392354219083735	0.0107374827386372	0.02827140221628226	0.4538215072719748	0.01663532717688956	0.2016696984923787	0.03001030275453628	0.01356631366254127	0.03681725971228335	0.01293511621397516	0.1518196181248684	0.100175089073058	0.04679212924455899	0.09235870410992408	0.08402140957426037	0.09917137940698345	-0.006353362041427934	0.11261928300448	0.01403545663475276	0.2205517020127832	0.01082540668574446	0.03221337336403827	0.3994422465889719	0.01881735958536503	0.2190704714331317	0.01230392413487549	0.01267005955250249	0.03511648588551602	0.01247897450462339	0.1579094971008503	0.1143288454938321	0.04179983895083045	0.01595726814969929	0.02029012129888045	0.0719979960177672
0.03935485389639702	-0.213423435913466	0.06495303432122691	1.058176646842335	0.09577043278723543	0.4870727072486211	0.1273770298228484	-0.4370817815202898	-0.3855096702766621	-0.5321048325934173	-0.3183586749489959	1.374642450130549	1.575800290046003	0.1261742498129041	0.1010220295433758	-4.181188187777161	-1.395153686854555	-4.122099765468286	1.961973251970304	1.553392484676592	1.277921723143574	0.1194162294335947	0.01363248826535944	0.2380077677986544	0.01074619308689267	0.02863752853770001	0.4508305349241187	0.01683862391701666	0.2026593911211371	0.02853064294718524	0.01348652338539276	0.03668901503901423	0.01289196434900379	0.152298602113594	0.1012251084457974	0.04628857251585887	0.08672502045040704	0.07924691352204456	0.09711330323799221	-0.005767579477831797	0.1106064459236473	0.01410062793894943	0.2172047541264317	0.01084830473700689	0.0330356126629994	0.3911877573509456	0.01916320734483329	0.2157398633247526	0.01235777382435009	0.01262593273451417	0.03540261141886864	0.01240026265469019	0.1599451616440875	0.1147892608055235	0.0393449286722725	0.01637508830056963	0.02055413262608475	0.07004980004846542
0.04066668235961025	-0.2116344855969395	0.06701657218796851	1.058344222664362	0.09591860414306622	0.4815973161345209	0.1255565577977211	-0.4424580784659576	-0.3829177612167453	-0.5299679590168619	-0.3166903956069438	1.352694600756095	1.570251976773565	0.1293139583285708	0.1249399356616057	-4.166339264983002	-1.38021827805681	-4.074329839652722	1.989489388449007	1.702399565573797	1.265141471645241	0.118737163776159	0.01367596853433306	0.2366636291267269	0.0107561076510691	0.02903300648959614	0.447571642642957	0.0170530339060606	0.2033562614674549	0.02717559967833568	0.01341000864256433	0.03659236735099392	0.01284663577751118	0.1528649382305157	0.1022263869950598	0.04565649647038317	0.08149389989831615	0.07481694780725082	0.09503970203746977	-0.005212766450479735	0.1090261251981012	0.01416499299954031	0.2142813837423835	0.01087039622905754	0.03365569857161393	0.3831445688067782	0.01948457891351226	0.2117812056750234	0.01242849130892747	0.01258620307902523	0.0356284330902247	0.01234237259213674	0.16148243819171	0.1151434221405859	0.0376133683328041	0.01701199550607203	0.020959342250951	0.06766527005512697
0.04197851082282349	-0.209874633852011	0.06907284703395133	1.058515932378868	0.09609839360961017	0.47614217857324	0.1237560747804655	-0.4477708567844417	-0.3802902863942874	-0.5276437330365873	-0.3150403697072155	1.330279071609166	1.564727164074788	0.1324767392857167	0.1492266715231876	-4.150309832003783	-1.364678654715786	-4.025259928089301	2.016196441934044	1.839028006607976	1.250092714909446	0.1179935755340806	0.01372125879008729	0.235222140503132	0.01076708773778085	0.02944698096606865	0.4440624929034144	0.01727655871358048	0.2037598257468491	0.02593662203673598	0.01333667884389993	0.03652231346179822	0.01280020892611186	0.1534960712368402	0.1031788569609887	0.04493455691826545	0.07665470094891781	0.07071917903418135	0.09293565297881044	-0.004657953423127673	0.107445804472555	0.01422935806013119	0.2113580133583353	0.01089248772110819	0.03427578448022846	0.3751013802626108	0.01980595048219124	0.2078225480252941	0.01249920879350485	0.01254647342353629	0.03585425476158076	0.0122844825295833	0.1630197147393325	0.1154975834756482	0.03588180799333571	0.01764890271157442	0.02136455187581725	0.06528074006178854
0.04329033928603672	-0.2081445043168869	0.07112189096521757	1.058691796449906	0.09631033404711577	0.4707088378663754	0.1219763881808094	-0.4530185590867358	-0.3776283012059494	-0.5251479413378728	-0.3134114796372229	1.307389561259714	1.559229711885891	0.1356421087580355	0.1739655595529036	-4.133136836395337	-1.348519407825098	-3.975186849626966	2.042118725599464	1.964068009311876	1.232997249266417	0.1172028332387154	0.01376809574207719	0.2336998963094492	0.01077894356286242	0.02986897761470684	0.4403670894808811	0.01750514004110817	0.2038638667931687	0.02480575636983835	0.01326648501865388	0.03647399858915969	0.01275359993008789	0.1541796841768586	0.1040834214763021	0.04415659358089667	0.07220151009156982	0.06694404403760165	0.09078418758017187	-0.004134860340388013	0.1062276085838485	0.01429137572943691	0.2087981592180178	0.01091243579033368	0.03468741568880686	0.3690871290351739	0.02005294719667143	0.2030599538057004	0.01259230493754743	0.01251196601271087	0.03601682224694211	0.01224516220173582	0.164328650514382	0.11577178945729	0.03480403145806245	0.01862986567404301	0.02198039454424793	0.06239157052100928
0.04460216774924995	-0.2064446727154552	0.07316374612341327	1.058871806280285	0.09655500338465606	0.465298686044277	0.1202182679937377	-0.4582000017316149	-0.3749327813232003	-0.5224958399045804	-0.3118061919686988	1.284087158308547	1.553767235401533	0.1387973208170698	0.199124811031096	-4.114956300465177	-1.331798727890745	-3.924241144444576	2.067323087477435	2.077336198584546	1.214108739439757	0.1163807519815758	0.01381624625476315	0.2321122398464426	0.01079150718706766	0.03028971300788359	0.4365454273439751	0.01773518722650188	0.2036622446523471	0.02377571374665892	0.01319938361678433	0.03644308752186326	0.01270762048096098	0.1549045806975085	0.1049408666585182	0.04335300722026091	0.06812761090699379	0.06348177141164194	0.08856973846763679	-0.003611767257648351	0.105009412695142	0.01435339339874263	0.2062383050777004	0.01093238385955918	0.03509904689738525	0.3630728778077371	0.02029994391115161	0.1982973595861067	0.01268540108159001	0.01247745860188545	0.03617938973230347	0.01220584187388835	0.1656375862894314	0.1160459954389318	0.0337262549227892	0.0196108286365116	0.02259623721267861	0.05950240098023001
0.04591399621246319	-0.2047756474401032	0.07519846208117453	1.059055943738987	0.09683292792420171	0.4599129753322745	0.1184824181369308	-0.4633140814880727	-0.3722046327290556	-0.519703033445588	-0.3102267705988427	1.260450636042342	1.548348363186647	0.1419320971150684	0.2246401268730573	-4.095933603051592	-1.314593976884258	-3.872502831508883	2.09190086623358	2.178389442943502	1.193616954592459	0.1155342748366617	0.01386547688524999	0.2304667352064917	0.01080463257799012	0.03070414983850751	0.4326579113082247	0.01796334162440766	0.2031601695812194	0.02283925274620668	0.01313522905512449	0.03642630600982779	0.01266271036514904	0.1556687298999781	0.1057531718895123	0.04254265324798367	0.06442630338309008	0.06032092703135576	0.08629433515769019	-0.003162027461165851	0.1039253850892672	0.0144127444399576	0.2038059109152888	0.01095045751497674	0.03538921919146064	0.3591680687944336	0.02047293276940636	0.193087044876179	0.01279442667522496	0.01244580190322693	0.03629837089042925	0.01217773900366937	0.1669728403059015	0.1162739980236613	0.03305794848744181	0.0209394955349613	0.02337913087546899	0.05656213989922497
0.04722582467567642	-0.2031377895498952	0.07722610416373893	1.059244175211279	0.09714449771225533	0.454552646120114	0.1167693972743804	-0.4683597829652004	-0.3694445685839237	-0.5167861550481363	-0.3086751897996005	1.236569688255216	1.54298247886067	0.1450390112622014	0.2504200059939239	-4.076259931156065	-1.296993881972542	-3.819992331969258	2.11598120459059	2.266494982748376	1.171663295302746	0.1146697291508269	0.01391558093180719	0.2287703802204919	0.01081819051249923	0.03110782173988162	0.4287612869079103	0.018186631199847	0.2023619795051315	0.02198977433271	0.01307389218024702	0.03642073256088017	0.01261925919767547	0.1564702837090597	0.1065220949433102	0.0417424907878074	0.06109018441919704	0.05745013555996958	0.08395982541536968	-0.002712287664683351	0.1028413574833923	0.01447209548117256	0.2013735167528772	0.01096853117039431	0.03567939148553603	0.35526325978113	0.02064592162766111	0.1878767301662514	0.01290345226885991	0.01241414520456841	0.03641735204855504	0.01214963613345039	0.1683080943223716	0.1165020006083908	0.03238964205209442	0.02226816243341101	0.02416202453825938	0.05362187881821993
0.04853765313888966	-0.2015313798719978	0.07924674600697607	1.059436461145817	0.09749001786561025	0.4492184676440689	0.1150796845791572	-0.4733360975955771	-0.3666531853375898	-0.5137625245181152	-0.3071533061143775	1.212530883361975	1.537678571636694	0.1481110497399127	0.2763739181800741	-4.056119580651069	-1.279084144370775	-3.766724810290703	2.139684363133814	2.340966728564162	1.148387587149375	0.1137891410720918	0.01396642066548172	0.2270289147385964	0.01083211621758627	0.03150060129367727	0.4248568812794408	0.01840280914617047	0.2012779774722076	0.02122041631896071	0.01301513358113225	0.03642468757845007	0.01257731775345987	0.1573023186898832	0.1072490818712091	0.04095866555886248	0.0581011746008769	0.05485071018986232	0.08159302588873113	-0.002418830676837868	0.1017796528068348	0.01453006988593145	0.1990358246963068	0.01098601019767729	0.03594430912621898	0.351397529270629	0.02075744008695083	0.1824192038601383	0.013015165223053	0.01238266896683873	0.03651857307668167	0.01212559157159313	0.1695170423443934	0.1166778838496124	0.03188905259306476	0.02367844033538002	0.02492548182630976	0.05128997331712377
0.0498494816021029	-0.1999565635188262	0.08126047541713968	1.059632749197138	0.09786965401864126	0.4439109199267125	0.1134136251248234	-0.4782420611125262	-0.3638308972491741	-0.510650384680593	-0.3056627318584359	1.188402834921938	1.532443855313302	0.1511405967341933	0.3024329035659747	-4.035658954740637	-1.260932397909276	-3.712735757353388	2.163098405651095	2.401435350782918	1.123929265321881	0.1128943577036459	0.01401787413277882	0.2252476530692284	0.01084635237422895	0.03188237328680244	0.4209459401678411	0.01860988610216143	0.199917253103088	0.02052496001386189	0.01295874099448652	0.03643667294434165	0.0125369309805156	0.1581585501846059	0.1079354156717563	0.04019669842694071	0.05544151644401744	0.05250479969763552	0.07921853970172157	-0.002125373688992385	0.1007179481302772	0.01458804429069034	0.1966981326397365	0.01100348922496028	0.03620922676690193	0.3475317987601279	0.02086895854624056	0.1769616775540251	0.01312687817724609	0.01235119272910904	0.03661979410480831	0.01210154700973586	0.1707259903664151	0.116853767090834	0.03138846313403509	0.02508871823734904	0.02568893911436015	0.0489580678160276
0.05116131006531613	-0.1984134298280779	0.08326738611091963	1.059832980193472	0.0982835166490596	0.4386303636655605	0.1117715091421054	-0.4830767454450093	-0.3609780488618843	-0.5074682253487731	-0.3042049537488548	1.164244371910358	1.52728456569863	0.1541194894593192	0.3285404241153829	-4.015003056195744	-1.242596469142952	-3.658079172454582	2.186292332213081	2.447787727608473	1.098436596589978	0.1119852448883586	0.01406989852069877	0.2234348928200171	0.01086089940939052	0.03225571734727392	0.417009507916376	0.0188064991935716	0.1982885560826725	0.01989701098540503	0.01290444997701837	0.03645595581277859	0.01249795986700526	0.1590267768340077	0.1085853055186717	0.03945627559985081	0.05307763733645729	0.0503858352672446	0.07687523968188295	-0.001864293797050075	0.09962596755494549	0.0146462770839428	0.1945578444807953	0.01102159871180639	0.03651251531754217	0.3429342369707897	0.02093065386405127	0.1712639247112645	0.01323020246007534	0.01231843393971777	0.03671956434061492	0.01207745442649632	0.1716240433643568	0.117059708711813	0.03092138579422866	0.02618064078724262	0.02620640602874129	0.04762798558070976
0.05247313852852935	-0.1969019813190831	0.08526758092544905	1.060037079572361	0.09873163844356718	0.4333769792198304	0.1101535413740755	-0.4878393582392535	-0.3580949004731585	-0.5042341689854382	-0.3027811978536817	1.140095937157527	1.522204895683366	0.1570382923405198	0.3546640683148145	-3.99423308866483	-1.224116281734705	-3.602856241125457	2.209293472901726	2.480557024756691	1.072059351213467	0.1110616806323911	0.01412245591755774	0.22159832407906	0.01087575769824188	0.03262292046717381	0.4130297613456598	0.0189914403186957	0.1963996209944411	0.01933080146246078	0.01285202613155133	0.03648188254017817	0.01246028123564548	0.1598959278477993	0.1092025281868911	0.03873710777368379	0.05097794501731499	0.04846904059270028	0.07459876666336211	-0.001603213905107764	0.09853398697961378	0.01470450987719526	0.1924175563218541	0.01103970819865249	0.03681580386818241	0.3383366751814515	0.02099234918186197	0.1655661718685039	0.01333352674290459	0.01228567515032649	0.03681933457642154	0.01205336184325679	0.1725220963622985	0.117265650332792	0.03045430845442224	0.02727256333713621	0.02672387294312242	0.0462979033453919
0.05378496699174259	-0.1954221891179262	0.08726116593579811	1.06024496425199	0.0992140288972313	0.428150884738369	0.1085598955506261	-0.4925292056655165	-0.3551816935683749	-0.5009657327050361	-0.3013925754627855	1.115987662546419	1.517208147472738	0.1598870002974371	0.3807840339849934	-3.973411966614794	-1.20552116234978	-3.547188980691898	2.232126957525269	2.500584215259817	1.044893923788219	0.1101209005574005	0.01417554017018918	0.2197442311640145	0.01089095655372327	0.03298748749781043	0.4090110289934668	0.01916434020791822	0.1942672847029812	0.01882111422620161	0.01280123582210402	0.0365140029482142	0.0124237248183177	0.1607605532212274	0.1097948186580058	0.03803758515485298	0.04910258871977479	0.04672526005093588	0.07242375599924508	-0.001362135830331772	0.09733875978769528	0.0147636724079771	0.1904377208130876	0.01105910128628353	0.0371895566692944	0.333833064220343	0.02102184771798082	0.1599282648376241	0.01343437837424523	0.01225134125141117	0.03692165213382174	0.01202799173758696	0.1732600102482486	0.1176159694003944	0.0299886357202389	0.02781993896037971	0.02686781245103428	0.04597416093100429
0.05509679545495583	-0.1939739919874351	0.08924825152221791	1.060456532684824	0.09973068684768721	0.4229521201584064	0.1069907156166402	-0.49714584120008	-0.3522386291017688	-0.4976784332214991	-0.3000400850359958	1.091926421719402	1.512295941587239	0.1626545039263095	0.4069079371320711	-3.952566206061435	-1.186815841773538	-3.491238153956834	2.254814001309099	2.509315668362424	1.016972934379912	0.1091603850400234	0.01422914582895488	0.2178784401768335	0.01090652191317024	0.03335252847011529	0.4049573714539643	0.01932486991464675	0.1919068416554232	0.01836325675994823	0.01275187198907948	0.03655191553814371	0.01238813976538375	0.1616157063323951	0.11036914059528	0.03735625605621343	0.04741474997215599	0.04512766843448014	0.07038183153663605	-0.001121057755555779	0.09614353259577678	0.01482283493875894	0.1884578853043212	0.01107849437391457	0.03756330947040638	0.3293294532592345	0.02105134625409966	0.1542903578067442	0.01353523000558587	0.01221700735249585	0.03702396969122193	0.01200262163191714	0.1739979241341986	0.1179662884679967	0.02952296298605555	0.02836731458362322	0.02701175195894614	0.04565041851661667
0.05640862391816906	-0.1925573274066562	0.09122894913271268	1.060671673409039	0.1002816232893273	0.4177807097110005	0.1054461463569755	-0.501688966768926	-0.3492658913752643	-0.4943863955523004	-0.2987247035061484	1.067908488922399	1.507469135853739	0.1653293187278219	0.4330554885652872	-3.931705071325282	-1.167993860448798	-3.435177583385587	2.277367837751756	2.508422956501705	0.9883246028217318	0.1081770974568669	0.01428324946806996	0.2160041297405421	0.01092247970645346	0.03372101989121902	0.4008761860863058	0.01947321229240104	0.1893372204607005	0.01795417750852853	0.01270376634734585	0.03659508011373051	0.01235340866599643	0.1624619252835997	0.1109264088742258	0.0366926716278522	0.04587978283007099	0.0436508899070002	0.06849549539053017	-0.0009996244406835623	0.09482804117088044	0.01488251182328733	0.1865597289354158	0.01109920611983269	0.0380087324894067	0.3250505256303273	0.02105997580475907	0.1488468516041325	0.01366563709825248	0.01218170277853876	0.037124984992808	0.0119765307715675	0.1747318317391623	0.1183043756278331	0.02908095242317444	0.02839037308178317	0.02679228797868905	0.04612774342876624
0.05772045238138229	-0.1911721589702449	0.0932033703727449	1.060890254185527	0.1008669060123651	0.4126366937376924	0.1039263646931761	-0.5061586050683455	-0.3462636576772467	-0.4911005178683154	-0.2974473736063514	1.043907728227835	1.5027270524898	0.1678991715813989	0.4592719202056618	-3.91080087669477	-1.149024931499082	-3.37920022881565	2.299783252929229	2.499924219728628	0.958959814755098	0.1071682693929781	0.01433783034656811	0.2141242468191307	0.01093885287966852	0.0340956040846228	0.3967744220548346	0.01960952742598406	0.1865757619882704	0.01759112966908032	0.01265676976566283	0.03664301509774117	0.0123194275034788	0.1632996969457919	0.1114674447201926	0.03604642383283996	0.04446600023135797	0.04227176502592584	0.0667850846712166	-0.0008781911258113452	0.09351254974598411	0.01494218870781572	0.1846615725665104	0.0111199178657508	0.03845415550840701	0.3207715980014202	0.02106860535541847	0.1434033454015208	0.0137960441909191	0.01214639820458166	0.03722600029439407	0.01195043991121787	0.175465739344126	0.1186424627876696	0.02863894186029333	0.02841343157994313	0.02657282399843196	0.04660506834091581
0.05903228084459552	-0.1898184784364855	0.0951716258734316	1.061112131822156	0.1014866484989028	0.40752014642467	0.1024315796322527	-0.5105549514729046	-0.343232117367989	-0.4878298638754859	-0.2962090213540404	1.019889043321567	1.498068324582952	0.1703515838935591	0.4856121798388965	-3.889808457001307	-1.12986942561332	-3.323500711536966	2.322038950065674	2.485911571876289	0.9289103072018255	0.106132793851195	0.01439280031527238	0.2122416188543553	0.01095563614759605	0.03447784039857029	0.3926605457554729	0.01973404126337922	0.1836386050641267	0.01727302301940829	0.0126107992823691	0.03669492841704691	0.01228617115590402	0.1641304553366695	0.1119895951856245	0.03541901188890069	0.04315004822172732	0.04097280146332969	0.06525893255274842	-0.0008825914034297478	0.09211932606539611	0.01500081999074843	0.1828444064514581	0.01114134316260664	0.03894922083909113	0.3167814099272014	0.02105810394285859	0.1381382093415087	0.01399063835065085	0.01211142399728433	0.03731764423954495	0.01192527556088964	0.1762246313132996	0.1188735936193418	0.02826562017096129	0.02808321750172642	0.02610358184737447	0.04759857126048604
0.06034410930780876	-0.1884963474438406	0.09713382317404103	1.061337141648252	0.1021410675744909	0.4024312373619149	0.1009620782330119	-0.5148785329204593	-0.3401715093560878	-0.4845798320536108	-0.2950105170375013	0.9958076265909759	1.493490783695886	0.1726744747877904	0.5121394869173591	-3.86866388872592	-1.110477724405843	-3.268263533707132	2.344099570334197	2.468483873279756	0.8982080661487635	0.1050696604855697	0.01444808132382735	0.2103588665807664	0.01097282483713327	0.03486911341456972	0.3885425153325633	0.01984695231228499	0.1805405921512574	0.01699886430620167	0.01256578137348686	0.03675011418534496	0.01225361735707076	0.1649555015377537	0.1124904628288192	0.03481177443569725	0.04191068916865467	0.03973810913754796	0.06392431997408611	-0.0008869916810481503	0.0907261023848081	0.01505945127368114	0.1810272403364057	0.01116276845946248	0.03944428616977524	0.3127912218529826	0.02104760253029871	0.1328730732814967	0.01418523251038261	0.01207644978998699	0.03740928818469585	0.01190011121056142	0.1769835232824733	0.119104724451014	0.02789229848162925	0.02775300342350971	0.02563433969631699	0.04859207418005627
0.061655937771022	-0.1872058683033739	0.0990900677946582	1.061565108584051	0.1028304362402648	0.3973701945200695	0.09951819247419784	-0.5191300346162158	-0.3370821034878645	-0.4813539902885203	-0.2938527089463509	0.9716195494256895	1.488992256618747	0.1748565889090606	0.5389132855519738	-3.84730549051735	-1.090801296083618	-3.213658770294833	2.365936500993837	2.449651101019523	0.8668671043407019	0.1039803564176508	0.0145034770463954	0.2084803019053246	0.0109903582066804	0.03526959310127398	0.3844421912033371	0.01994857302539405	0.1772990038456969	0.01676821478763519	0.01252171621607623	0.03680752742531821	0.0122218362266613	0.1657741015100333	0.1129686848540324	0.0342278535360364	0.04073632459033392	0.0385589277521028	0.06277601879741503	-0.001008060098306915	0.08932241131821134	0.01511424243264884	0.1793476228387254	0.01118363727808139	0.03996202962030657	0.3096183691552493	0.02102086975556875	0.1278779858543378	0.01445556479769618	0.01204337719499562	0.03748250231348715	0.0118779340010369	0.1777083549335778	0.1192540653524123	0.02763219280457585	0.02728020733752397	0.02507003921250043	0.04979470738735121
0.06296776623423524	-0.1859472136920994	0.1010404617186918	1.061795839848479	0.103555118403613	0.3923373425091425	0.09810033194819009	-0.5233104046408112	-0.3339642082387237	-0.4781526560844194	-0.2927364357185916	0.9472882810574254	1.48457087257687	0.176888941187764	0.5659780776547544	-3.825684442225976	-1.070799925754809	-3.159816929179723	2.38753418467679	2.431119901474463	0.8348844450939703	0.1028662361682242	0.01455881363821038	0.2066099197390033	0.01100818251149947	0.03567943057465358	0.3803801300236373	0.02003917885216624	0.1739298155562185	0.01658066372775598	0.01247860394486626	0.03686623700791482	0.01219088985503349	0.1665855874085663	0.1134230259041344	0.03367005698316084	0.03961643149613099	0.03742731263722029	0.06180897013178266	-0.001129128515565681	0.08791872025161455	0.01516903359161654	0.1776680053410451	0.01120450609670029	0.04047977307083787	0.3064455164575159	0.0209941369808388	0.1228828984271789	0.01472589708500974	0.01201030460000425	0.03755571644227845	0.01185575679151239	0.1784331865846823	0.1194034062538106	0.02737208712752245	0.02680741125153822	0.02450573872868387	0.05099734059464615
0.06427959469744846	-0.184720586663777	0.1029851053473903	1.062029135296573	0.1043155138888941	0.387333045967018	0.09670893962734733	-0.5274206969136597	-0.3308181432545065	-0.4749747240014763	-0.2916625425250441	0.922783174968787	1.480224997126379	0.1787639090746687	0.5933684063431943	-3.803761115811962	-1.050440013115843	-3.106845458996792	2.408883291641086	2.414394938265509	0.802249266960705	0.1017305477096392	0.01461380676519864	0.2047534917487597	0.01102619149260506	0.03609804928475868	0.3763787442955797	0.02011923799737607	0.1704517830617236	0.01643529987794808	0.0124364853872853	0.03692514494145746	0.01216088710614598	0.1673860524498946	0.1138527958438667	0.03314183000125161	0.0385476414053467	0.03634092472323511	0.0610080294419179	-0.001356136008796186	0.0865577941120738	0.01521723764721162	0.1761863341529475	0.01122356249425444	0.04100306734603121	0.3041778403353477	0.02095599385743715	0.1182583650329484	0.0150601422798529	0.01198005478345809	0.03760525727417025	0.01183770702945114	0.1790257468702585	0.1194842961249595	0.02724371436585141	0.02635271123263387	0.02397192700788104	0.05215155473567059
0.06559142316066169	-0.1835262293926027	0.1049240968829805	1.06226478425039	0.1051120590525955	0.3823577167846471	0.09534450116212233	-0.5314621044010767	-0.3276442307788593	-0.4718168717823696	-0.2906319043288663	0.8980901457194971	1.47595375025564	0.1804770712668562	0.6210915008810967	-3.78152110814348	-1.029706358539177	-3.054795903209468	2.4299901811418	2.400506350415615	0.7689383256220778	0.1005762518006947	0.01466820463529947	0.2029163619418614	0.0110442911263581	0.03652493760776823	0.372459103131184	0.02018916432264075	0.1668823173869932	0.0163312952725836	0.01239539668823986	0.03698327287884187	0.0121319243800577	0.1681719445565477	0.1142573655638979	0.03264624632116742	0.03752688453557761	0.03529762872757354	0.06035925071672069	-0.001583143502026691	0.08519686797253306	0.01526544170280672	0.1747046629648498	0.01124261889180859	0.04152636162122456	0.3019101642131794	0.02091785073403551	0.1136338316387179	0.01539438747469606	0.01194980496691193	0.03765479810606204	0.01181965726738989	0.1796183071558348	0.1195651859961083	0.02711534160418037	0.02589801121372952	0.0234381152870782	0.05330576887669503
0.06690325162387492	-0.1823643927599523	0.1068575339316294	1.062502572870638	0.1059451903257148	0.3774117742072842	0.09400751150660398	-0.5354358520138994	-0.3244427855748077	-0.4686749817184002	-0.2896454148958099	0.8732020281981229	1.471756494197506	0.1820254253309413	0.6491429482352626	-3.758958004010331	-1.008591601304937	-3.003692788051027	2.450859854296761	2.390245560855171	0.7349364670896008	0.09940678972390915	0.01472170268473093	0.2011045914858094	0.01106236919378806	0.0369595720646812	0.3686197925248628	0.02024950862716091	0.1632396338273581	0.01626697874802876	0.01235536957851265	0.03703973855514244	0.01210408029886018	0.1689376004262546	0.114636467085629	0.03218561177993572	0.03655457518021616	0.03429804756903776	0.05984307276023108	-0.00188989260670547	0.08389517414675324	0.01530551970050754	0.1734490196741995	0.01125932682434113	0.04205422559593382	0.2997331034816577	0.02087201801859931	0.109419317291821	0.0157723546181489	0.01192232565385666	0.03768165120994393	0.01180546047609781	0.1800098552597715	0.1195867566822891	0.02710425419291015	0.0255414107896655	0.02299810755262048	0.05425586006406817
0.06821508008708817	-0.1812353303775929	0.1087855131027512	1.062742284187122	0.1068153217885963	0.3724956406328587	0.09269846688888354	-0.5393431692213856	-0.3212141200407638	-0.4655439582222297	-0.2887039892667804	0.8481228654612649	1.4676327269883	0.1834083936901249	0.6775016047744817	-3.736074613685609	-0.9871016453760411	-2.953516799586306	2.471490013740572	2.383939294356119	0.7002345184782613	0.09822529911798923	0.01477403118217319	0.1993237867742901	0.01108032639483922	0.03740148818869406	0.3648594705411741	0.02030075838155598	0.1595406864516814	0.01624085157545926	0.01231643214205691	0.0370937557685793	0.0120774244715538	0.1696778674370571	0.1149898522590003	0.0317619748287875	0.03563105617354999	0.03334271602106369	0.05944169862771573	-0.002196641711384249	0.08259348032097343	0.01534559769820836	0.1721933763835491	0.01127603475687368	0.04258208957064308	0.297556042750136	0.02082618530316312	0.105204802944924	0.01615032176160174	0.01189484634080139	0.03770850431382582	0.01179126368480573	0.1804014033637082	0.1196083273684698	0.02709316678163993	0.02518481036560149	0.02255809981816276	0.05520595125144132
0.0695269085503014	-0.1801392900402157	0.1107081305872324	1.062983701235441	0.1077228457057191	0.3676097341494776	0.09141785566075797	-0.54318525954929	-0.3179585499101579	-0.4624185194038451	-0.2878085479254814	0.8228604198594976	1.463581922959536	0.1846263576051453	0.7061412688251953	-3.712876050362145	-0.9652469358078498	-2.904232270287375	2.49187520690261	2.381717244314062	0.6648281062393543	0.09703419505138026	0.01482492203240569	0.1975785344080226	0.01109807679213894	0.03785067825017777	0.3611713267526389	0.0203435038923878	0.1558014055247783	0.01625077184529674	0.01227858382274502	0.03714481851873003	0.01205197405258292	0.1703883343199339	0.1153179260598318	0.03137581407017016	0.03475733844722955	0.03243258730690834	0.05913629546943897	-0.002558192683457177	0.08133508385109639	0.01537722468513331	0.1711374796736283	0.01129056274434352	0.04312483311744919	0.2952662362749267	0.02077569464596092	0.1013831346271241	0.01655548585578893	0.01186952645072011	0.03771832297899894	0.01177982578350613	0.1806067361216888	0.1195883778522993	0.02716478835955198	0.02494260211362292	0.0222223700039621	0.05590515415098438
0.07083873701351463	-0.1790765014019986	0.1126254815286307	1.063226609105592	0.1086681027833988	0.3627544625941055	0.09016614212189308	-0.5469632410079684	-0.3146764072670947	-0.4592934567039628	-0.2869600176205713	0.7974276716604701	1.459603410219216	0.1856812848969566	0.7350291882935918	-3.689368922420275	-0.9430445297557649	-2.855777085768734	2.512002190295185	2.383365867897814	0.628714440319899	0.09583567955402754	0.01487413776891115	0.1958730688587789	0.0111155443388596	0.03830713577024896	0.3575489519625016	0.02037826802234267	0.152036640249338	0.01629482799725172	0.01224182410400335	0.03719247578472585	0.01202774421034483	0.1710649813267351	0.115621048785942	0.03102754134251318	0.03393429980465461	0.03156849130239434	0.05890983832683299	-0.002919743655530105	0.08007668738121936	0.01540885167205826	0.1700815829637075	0.01130509073181335	0.04366757666425529	0.2929764297997173	0.02072520398875872	0.09756146630932414	0.01696064994997612	0.01184420656063883	0.03772814164417206	0.01176838788220653	0.1808120688796695	0.1195684283361287	0.02723640993746403	0.02470039386164435	0.02188664018976144	0.05660435705052745
0.07215056547672788	-0.1780471817235377	0.1145376604507246	1.063470794942743	0.1096514037953204	0.3579302277007472	0.08894377433105784	-0.5506781718129869	-0.3113680369577956	-0.456163820119377	-0.2861593265855797	0.7718386473453809	1.455696436429262	0.186575725357467	0.7641316468773041	-3.665560024366411	-0.9205129043128895	-2.808080853180016	2.531856991103159	2.388549573567959	0.5918919443942453	0.09463072367072618	0.01492147277407678	0.1942095507786951	0.01113268177537676	0.03877140157752639	0.353992963035568	0.02040566291491738	0.1482596403416507	0.01637073777003541	0.01220612184615518	0.03723662299463533	0.01200469347401377	0.1717066008785716	0.1159002179852666	0.03071579673992863	0.0331617887971332	0.03075024783779192	0.0587477713680213	-0.003310272698941573	0.07883098723880878	0.01543243392538705	0.1691649472961802	0.01131798627081224	0.04423835741100717	0.2908250307518335	0.02067281958964141	0.09409621621586414	0.01738211929802368	0.01182035243588426	0.03772861816891871	0.01175844818679594	0.1809102828196952	0.1195251897057046	0.02734946264636974	0.02454912346322829	0.02163222202888814	0.05709346793031754
0.0734623939399411	-0.177051523841665	0.1164447604094727	1.063716051101627	0.1106730017537947	0.3531374199490485	0.08775116786691627	-0.554330978746578	-0.3080338081934013	-0.4530253993479857	-0.285407407821909	0.746107247586554	1.451860075560713	0.1873130860314965	0.7934163140954995	-3.641455430401126	-0.8976707214981821	-2.761063678953601	2.551425722277767	2.396758147429832	0.5543567430107158	0.09342021297408315	0.01496674488314939	0.1925899649643615	0.01114944727826874	0.0392439564011506	0.3505039286140303	0.0204262311157456	0.1444827624595424	0.01647646981534974	0.01217144944509284	0.03727716680828815	0.01198278509608874	0.1723120841535397	0.1161563307197517	0.03043935095666808	0.03243963835199498	0.02997766822127164	0.05863698467503711	-0.00370080174235304	0.0775852870963982	0.01545601617871583	0.1682483116286529	0.01133088180981112	0.04480913815775904	0.2886736317039496	0.0206204351905241	0.09063096612240414	0.01780358864607124	0.0117964983111297	0.03772909469366537	0.01174850849138536	0.181008496759721	0.1194819510752805	0.02746251535527545	0.02439785306481222	0.02137780386801485	0.05758257881010763
0.07477422240315433	-0.1760897085963793	0.1183468736086066	1.063962173088586	0.1117331218859518	0.3483764248385298	0.08658872209956585	-0.5579225169812791	-0.3046741024923927	-0.4498744648797615	-0.2847051966763797	0.7202457665740053	1.448093282116521	0.1878969843294226	0.8228537360913085	-3.617059357290795	-0.8745349345791347	-2.714645461508201	2.570694275650172	2.407443205257045	0.5161086125456896	0.09220389601218509	0.01500982210584405	0.1910143438055998	0.01116583034127107	0.03972562147547762	0.3470854758133776	0.02044054963144989	0.140716626349943	0.01660992797660034	0.01213775753899099	0.03731433768320224	0.01196193760855411	0.172883067699558	0.1163906188617787	0.03019538439267338	0.03176582299817846	0.02924887950804056	0.05856873678361359	-0.004095997111335863	0.07632286739915868	0.01547245178940573	0.1674121692736576	0.01134279528482302	0.04541686507189231	0.2867722748418108	0.02056768074747149	0.08747980995962537	0.0182372533638061	0.01177358107797236	0.03772786059839139	0.01173900707823179	0.18108107305188	0.1194259970258515	0.0275779880374112	0.02429332695232701	0.02116478761021291	0.05795423129197669
0.07608605086636756	-0.1751618997734115	0.1202440901922772	1.064208962847046	0.1128319452598986	0.3436476249641472	0.08545681166311002	-0.5614535064557631	-0.301289325449368	-0.4467082559636021	-0.2840536264737814	0.6942614106829184	1.444394746582475	0.1883311632730932	0.8524228734354424	-3.592370909473172	-0.8511168744617734	-2.668751670318323	2.58964922975199	2.420045411461679	0.4771500887060158	0.09098154441051819	0.0150505874650273	0.1894827025760809	0.011181821663337	0.04021712664914348	0.3437409951713946	0.02044913008487388	0.1369711312472581	0.01676924957355828	0.01210500238805192	0.03734834088825144	0.01194207884998867	0.1734210321528791	0.1166041927783335	0.02998136941698319	0.03113849855664051	0.02856217820263704	0.05853516955233378	-0.004491192480318684	0.07506044770191916	0.01548888740009564	0.1665760269186624	0.01135470875983491	0.04602459198602556	0.2848709179796721	0.02051492630441889	0.08432865379684663	0.01867091808154096	0.01175066384481501	0.03772662650311742	0.01172950566507823	0.181153649344039	0.1193700429764226	0.02769346071954695	0.02418880083984181	0.02095177135241098	0.05832588377384575
0.0773978793295808	-0.1742682560326555	0.1221364990996513	1.064456225611715	0.1139696364738944	0.3389514049218729	0.08435580258567806	-0.5649246033941061	-0.2978798944407747	-0.4435245004525455	-0.2834536263832297	0.6681584065217437	1.440763026972036	0.1886193077441518	0.8821074945120453	-3.567386203526047	-0.8274245351519515	-2.623313382267485	2.608276998125564	2.434036615357813	0.4374892061292019	0.08975229941678141	0.01508898606656902	0.1879937970221552	0.0111974366126595	0.04071917025373128	0.3404744390467385	0.02045245344390104	0.1332542363531401	0.01695286196635721	0.01207313118628943	0.03737962088428484	0.01192311217079086	0.1739286843348663	0.116798058373967	0.02979365307877609	0.03055384092420168	0.02791413377872663	0.0585330409680493	-0.004871938779565344	0.07376430101067399	0.01549943350779002	0.1657812501164919	0.01136618412485434	0.04666958762555483	0.2832427700260584	0.02046178000789204	0.08144194766071221	0.01912097197011024	0.01172842036789891	0.03772968742524085	0.01171979310724765	0.1812398769392468	0.1193000097196133	0.02778164586488653	0.02408208824331443	0.0207375872114945	0.05868544096152778
0.07870970779279404	-0.1734089341025105	0.1240241865313585	1.064703772826511	0.1151463404711338	0.3342881612809695	0.08328605307529927	-0.5683363562247488	-0.2944462502312495	-0.4403217549893866	-0.2829061053753765	0.641934736035954	1.437196433912978	0.1887648327356145	0.9119013565038184	-3.542095432110453	-0.8034588644775199	-2.578276262392614	2.626564424189552	2.448997294464725	0.3971410259548649	0.08851537974450116	0.01512496920924615	0.1865464640519708	0.01121268878530494	0.04123237302318587	0.3372894967146509	0.02045094628996403	0.1295733494854148	0.01715936867182213	0.01204209714800204	0.03740857375071841	0.01190495197289873	0.1744084828328309	0.1169731227564908	0.0296289703769692	0.03000840346457036	0.02730165507564722	0.05855943636086527	-0.005252685078812003	0.07246815431942881	0.01550997961548441	0.1649864733143215	0.01137765948987376	0.04731458326508408	0.2816146220724447	0.0204086337113652	0.07855524152457777	0.01957102585867953	0.0117061768909828	0.03773274834736429	0.01171008054941708	0.1813261045344547	0.119229976462804	0.0278698310102261	0.02397537564678704	0.02052340307057802	0.05904499814920981
0.08002153625600728	-0.1725840938394107	0.1259072371566867	1.06495141885975	0.1163621989164566	0.3296583005116085	0.08224792204965249	-0.5716892691592785	-0.2909888452039744	-0.4370989177245789	-0.2824119566094793	0.615585753763005	1.433693176276236	0.1887709907605047	0.9418025016255678	-3.51648620270395	-0.7792178411564585	-2.533594074999514	2.644497721577046	2.464579303762088	0.3561274213156896	0.08727005492990214	0.01515855544352965	0.1851389774650561	0.01122760552995136	0.0417569548896133	0.3341872464977632	0.02044496846551674	0.1259338558461914	0.01738798598463207	0.01201185544948272	0.0374357204405441	0.01188750908951637	0.1748625145500476	0.1171298987492551	0.02948354603357171	0.02949727907596672	0.02672045814895398	0.05861491029645308	-0.005607551038135617	0.07113882382980077	0.01551610298099247	0.1642143144428956	0.01138902504256458	0.04798809953845632	0.2801685860816765	0.02035412638995947	0.07587979890730989	0.02004966606929747	0.0116845894171759	0.03774362628928685	0.01169996252162018	0.1814182018188154	0.1191361374773064	0.02791452394817245	0.02382791921174495	0.02027641550898184	0.05947554764497935
0.08133336471922051	-0.1717939069725923	0.1277857323709137	1.065198983461841	0.1176173563255017	0.3250622543930629	0.08124177620209468	-0.5749837802139538	-0.2875081567836813	-0.4338553541498552	-0.2819720261286824	0.5891025293076324	1.430251301550183	0.1886406834151163	0.9718161473796229	-3.490541968338993	-0.754694595438397	-2.489237365247829	2.662062043088583	2.480596410534903	0.314480393622492	0.08601566082120786	0.01518976112683397	0.1837697317802448	0.01124221104535156	0.04229311165948501	0.3311686777812891	0.02043483917202531	0.1223407526931289	0.01763801720351929	0.01198236637853711	0.03746152528842352	0.0118707045547738	0.1752926762373821	0.1172688479055912	0.02935401129304365	0.02901606326031413	0.02616669770225155	0.0586999531435187	-0.005962416997459231	0.06980949334017275	0.01552222634650054	0.1634421555714698	0.01140039059525539	0.04866161581182857	0.2787225500909083	0.02029961906855374	0.07320435629004202	0.02052830627991543	0.011663001943369	0.03775450423120943	0.01168984449382328	0.1815102991031761	0.1190422984918088	0.0279592168861188	0.02368046277670287	0.02002942794738566	0.05990609714074888
0.08264519318243374	-0.1710385539243571	0.1296597518290782	1.065446288846742	0.1189119632696874	0.3205004700227557	0.08026798923427782	-0.5782203052814475	-0.2840046756436144	-0.4305905571803054	-0.281587129454466	0.5624749644042172	1.426868815608654	0.1883766784540019	1.001949712752184	-3.464245116118589	-0.7298809293743372	-2.445184088073069	2.679241850525379	2.496939107638399	0.2722375874031007	0.08475216265392348	0.01521866775093133	0.1824370323514017	0.01125653329128347	0.04284040943295991	0.3282315578215288	0.02042081783232227	0.1187971913053253	0.01790956777596417	0.01195359789475135	0.03748646710877852	0.01185447065278858	0.1756999092505304	0.1173900995418961	0.02923707641527662	0.02855989862388285	0.02563630231758587	0.05881654325729044	-0.00628836885663229	0.06846293459826672	0.01552543289596504	0.1626880172642672	0.01141176336752174	0.04934873373596764	0.2773435287016473	0.0202427981603725	0.07069097352744982	0.02105303611848649	0.01164219119958862	0.03777416685950913	0.01167947043988578	0.181581918485293	0.118916038605471	0.02795790935938426	0.02347622709337921	0.01973969135850578	0.06044566697339621
0.08395702164564697	-0.1703182335490654	0.1315293716728963	1.065693161886782	0.1202461853310592	0.3159734258913565	0.07932695007079871	-0.5813992332023015	-0.280478920869078	-0.4273040848427258	-0.281258007943577	0.5356920813303433	1.423543695296532	0.1879815347026977	1.032212942534709	-3.437577362580613	-0.7047676343622914	-2.401425355989764	2.69602019453711	2.513642450740001	0.2294461611983567	0.08347952975143166	0.01524534744257449	0.1811393055643412	0.01127059700790201	0.04339846322380743	0.3253737733132365	0.02040313459043279	0.1153060791729287	0.01820272828347367	0.01192552161011094	0.03751097272191095	0.01183874741638946	0.1760850677639419	0.1174937683222186	0.02912980885120789	0.02812443524796599	0.02512562517581683	0.05896644521503065	-0.006614320715805351	0.06711637585636068	0.01552863944542955	0.1619338789570647	0.0114231361397881	0.05003585166010671	0.2759645073123863	0.02018597725219125	0.06817759076485762	0.02157776595705756	0.01162138045580824	0.03779382948780884	0.01166909638594828	0.1816535378674098	0.1187897787191331	0.02795660183264971	0.02327199141005554	0.01944995476962591	0.06098523680604354
0.08526885010886021	-0.1696331544212263	0.1333946662723952	1.065939431652468	0.1216201970186165	0.3114816165068797	0.07841905583107375	-0.5845209477814486	-0.2769314265147391	-0.4239954341749225	-0.2809853601979528	0.5087434295811956	1.420273948939608	0.1874577807355357	1.062615368742678	-3.410521371258778	-0.6793460656673272	-2.357956817058024	2.712380257283986	2.530793327821516	0.1861557140949341	0.08219865317899099	0.01526992977956337	0.1798751320556609	0.01128442484391855	0.04396621471523394	0.3225918452234152	0.02038199988186775	0.1118689181662137	0.01851839500551404	0.01189811718365255	0.03753540441924416	0.01182349214623494	0.1764484539006751	0.1175799591917414	0.02902976039899288	0.02770596818065224	0.02463178991785009	0.05915088601760977	-0.006913740827705458	0.06577684307547393	0.01553033481493572	0.1612006597292127	0.011434501830292	0.05071971657087217	0.2746013080229671	0.0201266954427488	0.06578851841858779	0.02216728906654565	0.0116014906572019	0.03782130062206795	0.01165877697193061	0.1816890912095239	0.1186309999035055	0.02791686031233011	0.02302072984985145	0.01913096049385762	0.06162287042691071
0.08658067857207344	-0.1689835413627569	0.135255706617365	1.066184931665709	0.1230341875665856	0.3070255637542954	0.0775447165351074	-0.5875858306894221	-0.2733627556553533	-0.4206638851382838	-0.2807697933050081	0.4816208816927986	1.417057703106116	0.1868079779018668	1.093164296802141	-3.383063174655617	-0.6536101169516171	-2.314780382653448	2.728305673813977	2.548553065227949	0.1424212885538237	0.08091034473131553	0.01529252950797984	0.1786431943492139	0.01129803683971072	0.04454272417964008	0.3198824970174666	0.02035760041498477	0.1084870752254844	0.01885735790063863	0.0118713665904486	0.03756008516819866	0.01180866702897637	0.1767903395968256	0.1176487649296786	0.0289347499842476	0.02730118386718679	0.02415222294914826	0.05937095576625095	-0.007213160939605565	0.06443731029458719	0.0155320301844419	0.1604674405013607	0.01144586752079589	0.05140358148163762	0.2732381087335479	0.02006741363330634	0.06339944607231796	0.02275681217603375	0.01158160085859557	0.03784877175632708	0.01164845755791294	0.181724644551638	0.1184722210878778	0.02787711879201051	0.02276946828964735	0.01881196621808932	0.06226050404777787
0.08789250703528667	-0.1683696257488485	0.1371125620880492	1.066429497700725	0.124488352046481	0.3026058009059228	0.07670434693829337	-0.5905942664979449	-0.2697734853955626	-0.4173085622610915	-0.2806118660205765	0.4543180398017399	1.413893174531769	0.1860347637883961	1.123865119672596	-3.355191366813672	-0.6275555684668818	-2.271899151404761	2.743781258001965	2.567096142536959	0.09829723204361263	0.07961633283656422	0.01531330973155388	0.1774423565590894	0.01131145000924145	0.04512647378519235	0.3172423914364382	0.02033014965227548	0.1051610722787461	0.01922107359510776	0.01184525802426967	0.03758525645804378	0.01179424994587537	0.1771110493339372	0.1177005186382506	0.02884313675009013	0.02690798199457313	0.02368554531642713	0.05962605907353884	-0.0074868766829862	0.06312970802903581	0.01553346982249352	0.159759136469554	0.01145718447138173	0.05206880211086486	0.2718850292101094	0.0200065370364089	0.06111177360191525	0.0234276611670074	0.01156274861730626	0.03788253007532023	0.0116384972801731	0.1817261175586824	0.1182877700815536	0.02780878918278543	0.02249546860470777	0.01848832052415465	0.06295557022279664
0.0892043354984999	-0.1677916465000513	0.1389652991334701	1.066672970342309	0.1259828907387101	0.298222875900819	0.07589836519655019	-0.5935466449926989	-0.266164217139247	-0.413928288533796	-0.2805120412642766	0.426832674090822	1.410778794798919	0.1851410014244945	1.154718400461572	-3.326900583124189	-0.6011827516590951	-2.229315986543318	2.75879441120159	2.586592871241906	0.05383878025032497	0.07831819062376172	0.01533241492119972	0.1762715642064471	0.01132467940648111	0.04571611535617862	0.31466838920838	0.02029983702612543	0.1018913623310365	0.01961082687159514	0.01181978101971192	0.0376111335700668	0.01178022130801458	0.1774108758433502	0.1177355200507973	0.02875345939192685	0.02652448523960734	0.02323052313012136	0.05991565520655026	-0.007760592426366834	0.06182210576348446	0.01553490946054513	0.1590508324377473	0.01146850142196756	0.0527340227400921	0.2705319496866708	0.01994566043951146	0.05882410113151253	0.02409851015798106	0.01154389637601695	0.03791628839431337	0.01162853700243326	0.1817275905657268	0.1181033190752293	0.02774045957356035	0.0222214689197682	0.01816467483021999	0.06365063639781543
0.09051616396171314	-0.1672498435657262	0.1408139828793013	1.066915192730403	0.1275180033402026	0.2938773400154996	0.07512718817215436	-0.5964433583080989	-0.2625355626269786	-0.410521740039638	-0.2804707344776446	0.3991648000179067	1.407713112792669	0.1841296926039911	1.185722041764971	-3.298188758949019	-0.5744944444489889	-2.187032434754889	2.773334340906858	2.607197149055453	0.009098480023320451	0.07701822897036489	0.01535003036473619	0.1751297867112535	0.01133773935544775	0.04630987237193199	0.312157351204689	0.02026690982340712	0.09867806846818704	0.02002837124244552	0.0117949290774907	0.03763787427348968	0.01176657239923566	0.1776903208600932	0.1177542812249896	0.02866464190524013	0.02614988020856417	0.02278687064789177	0.06023753891456795	-0.008003744375215907	0.06056735982617238	0.01553721665999236	0.1583669117915666	0.01147977318079852	0.05336821734947499	0.2691855776171436	0.01988477540463262	0.05662857515511921	0.02486341938961166	0.01152615739711135	0.03795524311293356	0.01161915556121147	0.1817017664768406	0.1178995409304856	0.02765068113061272	0.02194725409118411	0.01785684331548387	0.06436075149316273
0.09182799242492638	-0.1667444527388288	0.1426586761247935	1.067156013527764	0.1290938809558845	0.2895697421436607	0.07439122336017447	-0.599284797714965	-0.2588881493472829	-0.4070873684298982	-0.2804882711942257	0.3713191547344844	1.404694919497866	0.1830041505536261	1.216868316527944	-3.269060683541936	-0.5474985797769053	-2.145045961882846	2.787393832749753	2.629011703235585	-0.03587341090960923	0.07571854964075772	0.01536632020990594	0.1740160680431982	0.01135064252987518	0.0469061663195394	0.3097063276879238	0.02023158753650425	0.09552127160341663	0.02047525285736165	0.01177069643268322	0.03766561921427909	0.01175329549840651	0.1779498393248418	0.1177572644317298	0.02857572622368616	0.02578343953610885	0.0223543305035493	0.06058973179386033	-0.00824689632406498	0.0593126138888603	0.01553952385943958	0.1576829911453859	0.01149104493962948	0.05400241195885788	0.2678392055476163	0.01982389036975379	0.05443304917872589	0.02562832862124225	0.01150841841820575	0.03799419783155377	0.01160977411998968	0.1816759423879543	0.1176957627857419	0.02756090268766509	0.02167303926260002	0.01754901180074774	0.06507086658851002
0.09313982088813962	-0.1662757046441825	0.1444994406649912	1.067395284363323	0.1307107067052597	0.2853006254936295	0.07369087020038571	-0.6020713513116274	-0.2552226102646316	-0.4036235473020179	-0.2805649343620357	0.343302795205965	1.401723122998588	0.1817678497216213	1.248146725372284	-3.239524462488939	-0.5202056253382279	-2.103351535464697	2.800967496682544	2.65210660972424	-0.08103012206141536	0.07442178107807934	0.01538148357090142	0.1729292290415742	0.01136340392587941	0.04750313172649796	0.3073117104498193	0.02019415819740899	0.09242113098965946	0.02095328018198054	0.01174707784457158	0.03769444464981567	0.01174038981138851	0.1781897858409975	0.117744949734957	0.02848615432298666	0.02542518534507402	0.0219332398045333	0.06096893576788288	-0.008453345119916583	0.05812662357582349	0.0155437147973678	0.1570155298177284	0.01150234081733164	0.05459627887615415	0.2664730907707507	0.01976486874413127	0.05233124872885544	0.02649571389131584	0.01149179685019643	0.03803699355507274	0.01160111778903396	0.1816203998842558	0.1174737921620139	0.02745781772584059	0.02141518377204471	0.01727042760003265	0.06576022837134221
0.09445164935135283	-0.1658438135206396	0.1463363365813068	1.067632863230873	0.1323686405433996	0.2810705134762206	0.07302650538821003	-0.6048033937355072	-0.2515395849272939	-0.4001285923634947	-0.2807009283837624	0.3151274008778351	1.398796855771787	0.1804245935157796	1.279541280486846	-3.209594627514178	-0.4926311202914598	-2.061938796190915	2.814053194559885	2.676477986385655	-0.126328611886498	0.07313031190389137	0.0153956968650422	0.1718681784159353	0.01137603681259841	0.04809911022405928	0.3049701158541633	0.02015487749931555	0.08937775916232868	0.02146404660981612	0.01172406866345339	0.03772441855853609	0.0117278546316666	0.1784104814720377	0.1177177707854042	0.02839542939649032	0.02507513603996576	0.02152389677762621	0.06137219871786886	-0.008659793915768184	0.05694063326278667	0.01554790573529602	0.1563480684900708	0.0115136366950338	0.05519014579345041	0.2651069759938852	0.01970584711850875	0.05022944827898498	0.02736309916138943	0.01147517528218712	0.03807978927859169	0.01159246145807824	0.1815648573805574	0.1172518215382858	0.0273547327640161	0.0211573282814894	0.01699184339931755	0.0664495901541744
0.09576347781456608	-0.1654489823848163	0.1481694232452946	1.067868611522999	0.1340678272473269	0.2768799153883781	0.07239849092336544	-0.6074812893949659	-0.2478397139971537	-0.3966008391388493	-0.2808964215951669	0.286806849785496	1.395915353301096	0.1789783433954964	1.311033381486559	-3.179288681064464	-0.4647930233434955	-2.020794812218552	2.826650307262442	2.702085577588087	-0.1717295199479411	0.07184684256175111	0.01540916667058707	0.1708314169775664	0.01138855996585525	0.04869228271583039	0.3026772197203083	0.02011406911306778	0.08639168127944712	0.02200918667081041	0.01170166226866549	0.03775554609974072	0.01171569264728706	0.1786118620441603	0.1176760052331073	0.02830341777643545	0.02473369093299079	0.02112681991886411	0.06179577811618118	-0.008829170650504547	0.05583396976638333	0.01555490337901134	0.1556834119148869	0.01152509872575197	0.05573733092789133	0.2636844046839538	0.01965059493866502	0.04823185752160888	0.02833640579484547	0.01145962037517618	0.03812501101456223	0.01158460598973354	0.1814682952836442	0.1170079048779913	0.02724621915814509	0.02092472204296668	0.0167479523430461	0.06709424568846047
0.09707530627777931	-0.1650913863090699	0.1499987588571847	1.068102397821803	0.1358083746877676	0.2727293051421621	0.07180715334174594	-0.6101053757757637	-0.2441236371116016	-0.3930387541110945	-0.2811515170236481	0.2583592165381383	1.39307804076115	0.1774333587001779	1.342599428539714	-3.148629581260687	-0.4367139266207432	-1.979901730951555	2.838760625356024	2.728819895501901	-0.2171975303518473	0.0705738244844071	0.01542207603327392	0.1698175607855511	0.01140099000078482	0.04928103097879315	0.3004289748503934	0.02007202039277616	0.08346334549631811	0.022590138789671	0.01167985278929372	0.03778783186971866	0.01170390623497649	0.1787938664317485	0.117619903496895	0.02821000047518007	0.0244012046968359	0.02074246880109709	0.06223632758233415	-0.008998547385240908	0.05472730626997999	0.01556190102272665	0.1550187553397031	0.01153656075647015	0.05628451606233226	0.2622618333740224	0.01959534275882129	0.04623426676423278	0.0293097124283015	0.01144406546816524	0.03817023275053276	0.01157675052138885	0.181371733186731	0.1167639882176968	0.02713770555227409	0.02069211580444394	0.01650406128677465	0.06773890122274652
0.09838713474099255	-0.1647711836396002	0.1518244011555811	1.068334094499988	0.1375903690015524	0.2686191353734288	0.07125279840540501	-0.6126759736990646	-0.2403919917666685	-0.3894409142577533	-0.2814662883161341	0.2298044418440767	1.390284425511725	0.175794025449088	1.374213597601719	-3.117642651468355	-0.4084184872904532	-1.939239730829347	2.85038702408874	2.756543960330305	-0.2627006304388046	0.06931378078800104	0.01543463440467721	0.1688247947772847	0.01141335278328461	0.04986369590822346	0.2982205743796157	0.02002908113922498	0.08059385894694672	0.02320815346779815	0.01165863089357791	0.03782124561664606	0.01169249712460907	0.1789561533425249	0.1175495673356355	0.02811525562055402	0.02407805554847276	0.02037120748816075	0.06269039194596571	-0.009136384669233675	0.05370438787502452	0.01557255155326093	0.1543422406020309	0.01154842000827626	0.05678165095525228	0.2607518458177026	0.01954567968734052	0.04435799813050787	0.03038692137117624	0.01142949119400298	0.03821705133117891	0.01156968443818358	0.1812255302347842	0.116494332710242	0.0270282359180103	0.02048574239967209	0.01629321733145971	0.06833143713169447
0.09969896320420579	-0.1644884949978224	0.1536464071420934	1.068563581780835	0.1394138477603804	0.2645498109644266	0.07073568559907392	-0.6151933665372779	-0.2366454091307551	-0.3858061749347766	-0.2818407561776086	0.2011657211052394	1.387534157482206	0.1740649343034588	1.405846181297912	-3.086357171809456	-0.3799349636274315	-1.898785812926961	2.861533863490146	2.785076442235645	-0.3082102968166908	0.06806899867161487	0.01544702738659453	0.1678514465634011	0.01142567120458495	0.05043880031216591	0.2960475259680582	0.01998556191493351	0.07778420255384173	0.02386432900503933	0.01163798831077673	0.03785576037008612	0.01168146684461694	0.179098408498426	0.1174650878324961	0.02801925278243152	0.02376457908364606	0.0200133575369245	0.06315488335558241	-0.009274221953226441	0.05268146948006905	0.01558320208379521	0.1536657258643587	0.01156027926008237	0.05727878584817232	0.2592418582613827	0.01949601661585975	0.04248172949678296	0.03146413031405098	0.01141491691984071	0.03826386991182507	0.01156261835497832	0.1810793272828374	0.1162246772027873	0.0269187662837465	0.02027936899490024	0.01608237337614477	0.06892397304064243
0.101010791667419	-0.1642434200241211	0.1554648335423028	1.068790743945988	0.1412788217272554	0.2605217103485034	0.07025604892390823	-0.6176578168972571	-0.2328845162340889	-0.382133559191406	-0.2822749174660824	0.1724674167044811	1.384826937606978	0.17225073384555	1.437466103291085	-3.054803726956902	-0.3512929040219575	-1.858516059807937	2.872205876473452	2.814222241922238	-0.3537001096032139	0.06684159988744671	0.01545946380262534	0.1668955302309331	0.01143798101659999	0.05100493007459849	0.2939043052270062	0.01994182569250304	0.07503611851067395	0.02455937538709933	0.0116179119079955	0.03789133725647736	0.01167081271036493	0.1792204585235935	0.1173666034573138	0.02792212831517496	0.02346095731841285	0.01966901701500058	0.06362702569259442	-0.009384536690601748	0.05174046671649914	0.01559828250991568	0.152965924392797	0.01157285671649197	0.05772526245380678	0.2576036370372781	0.01945356103733166	0.04074680578594315	0.03263811751832231	0.01140120241741612	0.03831196411462121	0.01155624847708481	0.1808873786827065	0.1159307464396321	0.02680999994917074	0.02009607334013376	0.01589981777078173	0.06946791609688094
0.1023226201306323	-0.1640360143812771	0.15727973662079	1.069015473440809	0.143185245748654	0.2565351571744404	0.06981406919727219	-0.6200695447741863	-0.2291099318263793	-0.378422445393942	-0.2827687244526872	0.1437354521053969	1.382162537823937	0.170356110232869	1.469040502604386	-3.023014375220338	-0.3225235726725739	-1.818405664929234	2.882407798419409	2.843770174173192	-0.3991455061602238	0.06563350399929276	0.01547212870335699	0.1659552183739744	0.01145031386145318	0.05156082469653692	0.291785755844428	0.01989819472545961	0.07235116616640712	0.02529391338848794	0.01159839004966584	0.03792794162086688	0.01166053234194108	0.179322142476203	0.1172542387075158	0.02782400362262932	0.02316735080194219	0.0193382703708678	0.06410433837893287	-0.009494851427977052	0.05079946395292923	0.01561336293603615	0.1522661229212352	0.01158543417290158	0.05817173905944126	0.2559654158131736	0.01941110545880357	0.03901188207510334	0.03381210472259365	0.01138748791499153	0.03836005831741735	0.0115498785991913	0.1806954300825756	0.115636815676477	0.02670123361459498	0.01991277768536729	0.01571726216541868	0.07001185915311946
0.1036344485938455	-0.1638663107316855	0.1590911724575177	1.069237666816101	0.1451330455583437	0.2525904467450517	0.06940989953232755	-0.622428748314478	-0.2253222704986924	-0.3746723995663375	-0.2833221084805146	0.114996061215685	1.379540749969487	0.1683857225484345	1.500536207170535	-2.991021329117725	-0.2936585597319565	-1.778429961073072	2.892144206240365	2.873508046907038	-0.4445228372204125	0.06444630703326296	0.01548522658156813	0.1650285100098096	0.01146271580118869	0.05210535482678917	0.2896863655690096	0.01985503048766164	0.06973161000071326	0.0260680249214954	0.01157940589440393	0.03796553898689198	0.01165061760206653	0.1794038170942724	0.1171283487429561	0.02772499789002954	0.02288371151724221	0.01902096298103703	0.06458484378852665	-0.009583588358932252	0.04993415547597386	0.01563356341190119	0.1515356464570499	0.01159909773108198	0.05856894932010262	0.2541810359489353	0.01937718682942362	0.03743717142315198	0.03507155037480868	0.01137450010943078	0.03840938637327529	0.01154407167147065	0.1804733567655595	0.1153252252121114	0.02659327833844756	0.01974791438035312	0.01555759174627691	0.07051642696209344
0.1049462770570587	-0.1637342960323235	0.1608991967813788	1.069457228652842	0.1471220892121728	0.2486878186662466	0.06904363804313036	-0.6247355834620378	-0.2215221395272396	-0.370883352747834	-0.2839349599208765	0.08627527162912998	1.376961380779134	0.166344093750357	1.5319204376923	-2.958856062321449	-0.2647291633430581	-1.738565359331199	2.901418887140427	2.903230678327229	-0.4898089031850288	0.06328144870573217	0.01549893865093134	0.1641135656822324	0.01147522760428925	0.05263751229007406	0.2876009940388424	0.01981265388555863	0.06717948052662996	0.02688177692261654	0.01156094452406539	0.03800409862072344	0.01164106128356993	0.1794658060430644	0.1169892547928472	0.02762521723210058	0.02260999505979138	0.01871695441490531	0.06506677466386376	-0.009672325289887452	0.04906884699901849	0.01565376388776624	0.1508051699928646	0.01161276128926237	0.05896615958076398	0.252396656084697	0.01934326820004368	0.03586246077120064	0.03633099602702371	0.01136151230387003	0.03845871442913323	0.01153826474374999	0.1802512834485434	0.1150136347477459	0.02648532306230014	0.01958305107533895	0.01539792132713515	0.07102099477106739
0.106258105520272	-0.1636399345641003	0.1627038651548532	1.069674067454194	0.1491522162336253	0.2448274852241626	0.06871535558502005	-0.6269901858057488	-0.2177101430446917	-0.367055413432992	-0.2846071488430399	0.05759861930750362	1.374424238523505	0.1642356394543932	1.563161070429102	-2.926549303883818	-0.2357660785349689	-1.698789212460106	2.910235264020973	2.932741479521031	-0.534980185548766	0.06214001345310598	0.01551346137651138	0.1632084291763247	0.01148790307447236	0.05315644268004498	0.2855251439772201	0.01977140732687245	0.0646972771060904	0.02773464499426358	0.01154298695528336	0.03804359196736396	0.01163185138136491	0.1795089902882996	0.116837514416477	0.02752475023633245	0.02234593379259205	0.0184258860871972	0.0655489500636062	-0.009727184711215097	0.04827173318969527	0.01567967400295488	0.1500383290524676	0.01162785978520724	0.05931643151133034	0.2504827965333984	0.01931880579585402	0.03446107488092783	0.03766250962288009	0.01134913954112438	0.03850928777739362	0.01153290278286283	0.1800165755256573	0.1146914120131078	0.02637790745856082	0.01943138239463535	0.01525593972985769	0.07149854589976995
0.1075699339834852	-0.1635831471517209	0.1645052328026103	1.069888099219155	0.1512232115163981	0.2410096065628025	0.06842507078453611	-0.6291926533615821	-0.2138868798132284	-0.3631890136755392	-0.2853385035598917	0.0289902579452092	1.371929128665286	0.1620645150961732	1.594227763118584	-2.894129946270899	-0.2067983308906098	-1.659081205250666	2.9185960548303	2.961867068201333	-0.580012456802374	0.06102297499057576	0.0155289688551829	0.1623113036500836	0.01150078983320416	0.05366138174281479	0.2834546240848182	0.01973159476363961	0.06228723465933526	0.02862616235065212	0.01152551637448217	0.03808399357251743	0.01162297726434923	0.1795341731681221	0.1166736327127118	0.02742367577425172	0.02209128787939706	0.01814743638193487	0.06603031434840013	-0.009782044132542743	0.04747461938037205	0.01570558411814352	0.1492714881120706	0.01164295828115211	0.05966670344189668	0.2485689369820997	0.01929434339166436	0.03305968899065503	0.03899402321873646	0.01133676677837872	0.038559861125654	0.01152754082197567	0.1797818676027712	0.1143691892784698	0.02627049185482151	0.01927971371393175	0.01511395813258023	0.07197609702847248
0.1088817624466984	-0.1635638338295839	0.1663033547780071	1.070099243520947	0.1533348338444823	0.237234318004664	0.06817277728584904	-0.6313430669179145	-0.2100529464469733	-0.3592847317423494	-0.2861288305166543	0.0004734340157265768	1.369475852189732	0.1598347182874748	1.625091309919812	-2.861625705712556	-0.1778538568331794	-1.619422418782128	2.926503340360909	2.990448922878362	-0.624879471401373	0.05993101452827154	0.01554564722493026	0.1614202779173594	0.01151394543384132	0.05415171250662187	0.2813855366305583	0.01969351696394041	0.05995165035401127	0.02955537391951745	0.01150851370794508	0.0381252769793392	0.01161442568809765	0.179542397375734	0.1164981854479415	0.02732206633939411	0.0218455916001334	0.01788109466336773	0.06651041538385466	-0.009792622934766808	0.04673932113865267	0.01573771093071653	0.1484627262415907	0.01165977964696567	0.05997256935830978	0.2465312063823762	0.0192796656176466	0.03183463091127515	0.04038578263930747	0.01132493566536882	0.038611621919302	0.01152255065249384	0.179542939690765	0.1140389824583645	0.02616357018118275	0.01913569837864789	0.01498491483736232	0.07244046426489203
0.1101935909099117	-0.1635818556871843	0.1680982857776192	1.070307426624754	0.1554867930417131	0.2335017085428385	0.06795842192335438	-0.6334414767829953	-0.2062089369345085	-0.3553433942392467	-0.2869778880083422	-0.02793056770853607	1.367064200153215	0.1575499032881693	1.65572493356571	-2.829061840978949	-0.148958244210557	-1.579796919711049	2.933958041978077	3.018361603811146	-0.6695524179018104	0.05886473903200856	0.01556366142522275	0.1605335976972299	0.01152742081730808	0.05462688159060528	0.2793142507603352	0.01965744087971433	0.05769256197931517	0.03052143469984021	0.0114919620631633	0.03816741860459895	0.01160618492473624	0.1795346147487805	0.1163116944956808	0.02721998647215827	0.02160842907147135	0.017626404535217	0.06698884875962517	-0.009803201736990872	0.04600402289693328	0.01576983774328954	0.1476539643711109	0.01167660101277922	0.06027843527472289	0.2444934757826527	0.01926498784362884	0.03060957283189527	0.04177754205987847	0.01131310455235891	0.03866338271295001	0.011517560483012	0.1793040117787588	0.1137087756382593	0.026056648507544	0.01899168304336402	0.01485587154214441	0.07290483150131159
0.1115054193731249	-0.163637055527962	0.1698900803145446	1.070512577923756	0.1576787759254726	0.2298118455114619	0.06778192954584236	-0.6354879199735814	-0.2023554447846939	-0.3513659300312535	-0.2878854078292936	-0.05620121513275735	1.36469396135913	0.1552135587998437	1.686102786132159	-2.796462570735833	-0.1201361848899141	-1.540190270158059	2.940960127087427	3.045497577658918	-0.7139990641509508	0.05782453752967351	0.01558318639585759	0.1596494372731826	0.01154127393851193	0.05508647914134783	0.2772368009464808	0.01962360185077223	0.05551160919010757	0.03152324556909363	0.01147584359062173	0.03821039103245599	0.01159824228395424	0.1795115416202395	0.1161145610911541	0.02711750764984728	0.02137918842790031	0.01738276478404631	0.06746574801083803	-0.009817368187615708	0.04532566748023717	0.0158086297731979	0.146799067707348	0.011695371751628	0.06054265017455993	0.2423165487129855	0.01925971991337933	0.02955227542254138	0.04322261353740248	0.01130177102162858	0.0387162076630958	0.01151290476397474	0.1790549569340894	0.1133679259759648	0.0259504681035715	0.01885025175470816	0.01473586173070577	0.07336913435543678
0.1128172478363381	-0.1637292419624731	0.1716787925218768	1.07071463257656	0.1599104261840307	0.2261647562221013	0.06764318386327441	-0.6374824109511588	-0.1984930653060632	-0.3473534240537334	-0.2888510616146044	-0.08431994276629649	1.362364912491151	0.1528287885509165	1.716201399897202	-2.763849439813055	-0.0914100268755046	-1.500591117354101	2.947507570463847	3.071785920351348	-0.7581828536784629	0.05681075165720878	0.01560437714487724	0.1587661217443731	0.0115555560941921	0.05553013597726145	0.27514949432218	0.01959220871382724	0.05341021819562468	0.03255983620036335	0.0114601424826135	0.0382541698252386	0.0115905865288538	0.1794738318867494	0.1159071489187322	0.0270146935031851	0.0211573241101814	0.01714963901800176	0.06794123238072718	-0.009831534638240545	0.04464731206354105	0.01584742180310626	0.1459441710435851	0.01171414249047677	0.06080686507439696	0.2401396216433182	0.01925445198312983	0.02849497801318749	0.0446676850149265	0.01129043749089826	0.03876903261324159	0.01150824904493748	0.1788059020894201	0.1130270763136705	0.025844287699599	0.01870882046605229	0.01461585191926713	0.07383343720956197
0.1141290762995514	-0.1638582078245345	0.1734644763345749	1.070913528368712	0.1621813675364085	0.2225604497697823	0.06754204959013872	-0.6394249549318763	-0.1946223960742929	-0.3433070152231324	-0.2898744874436823	-0.1122691843685505	1.36007682439538	0.1503984924718612	1.745998503791255	-2.7312425846537	-0.06280092543954707	-1.460989583341599	2.953597117317566	3.097173249538758	-0.8020634774145935	0.05582354614003181	0.01562739617763024	0.1578819428029119	0.01157032356231838	0.05595764155695014	0.2730483946361931	0.01956341397521775	0.05138907739189606	0.03363023268070482	0.01144484237463369	0.03829872565057262	0.01158320593019144	0.1794217621849415	0.1156896862797041	0.02691162296201473	0.02094217570694703	0.01692641162566046	0.06841578340716496	-0.009832982267002613	0.04402178780211929	0.01589325749779935	0.1450401639712991	0.01173504371586375	0.06103283579726974	0.2378113334192887	0.01925757364657444	0.02758813186260188	0.04616483127764152	0.01127956794906736	0.03882277175291785	0.01150390169916417	0.1785360790981819	0.112672309007987	0.02573929031363148	0.01856661568090224	0.01450237199167222	0.07430708639790867
0.1154409047627646	-0.1640237167602233	0.1752471852784225	1.07110920780788	0.1644911865789351	0.2189989022897233	0.06747835626818771	-0.6413155422455661	-0.1907440424341603	-0.3392279068116941	-0.2909552486631057	-0.1400331316881623	1.357829458356995	0.1479251700992334	1.775473921232833	-2.698659556451193	-0.03432794329802565	-1.421378524435719	2.95922313892616	3.121639360436696	-0.8455957917553943	0.0548630593831339	0.01565238747405372	0.156995333946611	0.01158562615552665	0.05636880426414397	0.2709298367719956	0.01953735291798498	0.04944873836486372	0.03473357655337583	0.01142992877451461	0.03834403236257828	0.01157609010222346	0.1793555845211074	0.1154623800301992	0.02680836628436397	0.02073315487626332	0.01671253395494852	0.06888983174629258	-0.00983442989576468	0.04339626354069755	0.01593909319249245	0.1441361568990131	0.01175594494125072	0.06125880652014252	0.2354830451952592	0.01926069531001905	0.02668128571201627	0.04766197754035654	0.01126869840723647	0.03887651089259413	0.01149955435339087	0.1782662561069438	0.1123175417023035	0.02563429292766395	0.01842441089575219	0.01438889206407731	0.07478073558625538
0.1167527332259778	-0.1642255190283684	0.1770269726679541	1.071301615495132	0.1668394527831372	0.2154800751926365	0.06745191729080993	-0.6431541575764921	-0.1868586151824013	-0.3351173126390045	-0.2920928677385742	-0.1675970036208711	1.355622569070098	0.1454111041959438	1.804608704351178	-2.666116458122019	-0.006008918796999737	-1.381752039595495	2.9643788598595	3.145177973259834	-0.8887316696863226	0.0539292708817048	0.01567949792112539	0.1561047181785735	0.01160151683061438	0.05676361853871768	0.2687905182329408	0.01951408891847009	0.04758888120139567	0.03586916867047953	0.01141538658209181	0.03839005840652526	0.01156922803116946	0.1792755129131584	0.1152254765252199	0.02670501411673774	0.02052966719639437	0.01650744818853297	0.06936392337673623	-0.009797005663271479	0.04281970413899792	0.01599223188267171	0.1431808858016859	0.0117791143421459	0.06145088785727879	0.2330119847674835	0.01927073088878043	0.02590375710281216	0.04921399163455722	0.01125825984743638	0.03893099957659116	0.0114954873600919	0.1779748563813909	0.1119502400746255	0.02553104779969769	0.01828053190209365	0.01428102442414865	0.07526729155651884
0.118064561689191	-0.1644633406615645	0.1788038913770598	1.071490699656402	0.1692257044433609	0.2120039040514225	0.06746251677957248	-0.6449407772100079	-0.1829667388195013	-0.33097643676296	-0.2932867794954621	-0.1949478799753899	1.353455897988748	0.1428581568181044	1.833386151716015	-2.633626730795704	0.02214051577754065	-1.342106426194142	2.969055386109287	3.16780652972027	-0.9314190265747422	0.05302215168991913	0.01570885764914755	0.1552086498979104	0.01161804246061847	0.05714207570901963	0.2666273638105957	0.01949367813534102	0.0458091378189984	0.03703639398212902	0.01140120242520652	0.03843677565551919	0.01156260996489818	0.1791817422310639	0.1149791990930603	0.02660164713778094	0.0203311833799775	0.01631065749689532	0.06983854682290318	-0.009759581430778281	0.0422431447372983	0.01604537057285096	0.1422256147043588	0.01180228374304108	0.06164296919441505	0.2305409243397079	0.01928076646754182	0.02512622849360804	0.0507660057287579	0.01124782128763629	0.03898548826058822	0.01149142036679292	0.1776834566558381	0.1115829384469476	0.02542780267173143	0.01813665290843512	0.01417315678421998	0.0757538475267823
0.1193763901524043	-0.1647368966709363	0.1805779940530473	1.071676410063873	0.1716494655860169	0.2085703131014972	0.06750992551282782	-0.6466753746310195	-0.1790690460147511	-0.3268064630336828	-0.294536372290614	-0.2220734782976226	1.351329186936623	0.1402680042105275	1.861790349880857	-2.601202936389122	0.05010548377899824	-1.30243881530006	2.973243165595691	3.189550805920951	-0.9736041150459294	0.05214155294516596	0.01574059216495161	0.154305856704105	0.01163524892002111	0.05750435408440251	0.2644384512977451	0.01947609657365655	0.0441082905243509	0.03823486779167169	0.01138736303565125	0.03848414836381051	0.01155622663287555	0.1790746788159794	0.1147239353036025	0.02649837392763902	0.02013725645882558	0.01612170473039724	0.07031410271281702	-0.009742648673695883	0.04171248183040267	0.01610588162521493	0.1412225148447526	0.01182776152786952	0.06180580892630233	0.2279631034641087	0.01929594598415251	0.02445678677560825	0.05237776515030475	0.01123779826724688	0.03904050606044297	0.01148763161182845	0.1773772162132516	0.1112079686426944	0.02532706809730008	0.01799231249021285	0.01407116479459373	0.07625175676056235
0.1206882186156175	-0.1650458822193925	0.1823493328851209	1.071858699061428	0.174110234417659	0.2051792066698193	0.06759389019649634	-0.6483579196438857	-0.1751661871757045	-0.3226085199477355	-0.2958409385357001	-0.2489633857594437	1.349242170275095	0.1376419107142477	1.889807688784544	-2.568855277154557	0.07787333642601453	-1.262747867353728	2.976931467726931	3.210448319353605	-1.01523097470941	0.05128733013936469	0.0157748126447695	0.1533951725435728	0.01165317681308612	0.05785060938753671	0.2622219900111789	0.01946132284891017	0.04248515904256806	0.0394642531951272	0.01137385666369242	0.03853214466821796	0.01155006982642874	0.1789546936577148	0.1144600367561738	0.02639529111583514	0.01994748853859048	0.01594018285185546	0.07079094967964467	-0.009725715916613489	0.04118181892350705	0.0161663926775789	0.1402194149851464	0.01185323931269795	0.06196864865818961	0.2253852825885095	0.01931112550076319	0.02378734505760847	0.05398952457185159	0.01122777524685746	0.03909552386029772	0.01148384285686398	0.1770709757706651	0.1108329988384412	0.02522633352286874	0.01784797207199058	0.01396917280496749	0.07674966599434239
0.1220000470788308	-0.1653899839586251	0.184117959815423	1.072037519990148	0.1766074979955191	0.20183048106653	0.06771414715978687	-0.6499883812817665	-0.17125882256491	-0.3183837008744626	-0.2971997217239206	-0.2756072997799685	1.347194648859073	0.1349810171812677	1.917424582162309	-2.536594909314299	0.1054317017437665	-1.223032403222108	2.980112366538533	3.230538939790704	-1.056247159454973	0.05045930227890099	0.01581161096717112	0.1524758975229437	0.01167185315384507	0.0581811635558734	0.2599777194564684	0.01944926870398674	0.04093791652106207	0.04072421231423631	0.01136067500533332	0.03858071823410131	0.01154413717055834	0.17882221784011	0.1141879553620005	0.02629254993436773	0.01976161442601157	0.01576574838306668	0.07126921428900591	-0.009702086501708323	0.04069592686827199	0.01623398555908613	0.1391808908749451	0.01188077267519218	0.0621066155171842	0.2227506691684007	0.01932988202747957	0.02320906292669326	0.05566079706480002	0.01121822996718383	0.03915068064464874	0.01148045323279698	0.1767522358307252	0.1104536122793735	0.02512951263918049	0.01770571083136473	0.01387397862957626	0.0772534888637563
0.123311875542044	-0.1657688677780248	0.1858839267818237	1.072212828262613	0.1791407156836076	0.1985240045702097	0.0678704085262669	-0.6515667252115889	-0.1673476137636317	-0.3141330294792471	-0.2986118837984124	-0.3019917824427844	1.345186816949204	0.1322865513954927	1.944622950672363	-2.504442729140631	0.1327652739505772	-1.183289752942505	2.98279228015966	3.249862499908871	-1.09661186763372	0.0496572963296855	0.01585106850415867	0.1515473905140902	0.01169130185217933	0.05849630099520683	0.2577053955990134	0.01943985573730049	0.0394648378632445	0.04201445020047601	0.01134781070635322	0.0386298277578296	0.01153842656158282	0.1786776451772706	0.1139081012213614	0.02619028495631763	0.01957939801084481	0.01559809550340825	0.0717490099657951	-0.009678457086803156	0.04021003481303693	0.01630157844059336	0.1381423667647438	0.01190830603768641	0.06224458237617879	0.2201160557482919	0.01934863855419595	0.02263078079577805	0.05733206955774845	0.01120868468751021	0.03920583742899975	0.01147706360872998	0.1764334958907854	0.1100742257203058	0.02503269175549223	0.01756344959073888	0.01377878445418505	0.0777573117331702
0.1246237040052572	-0.1661821870508433	0.1876472859889802	1.072384580395863	0.1817093299326002	0.1952596248380247	0.06806237232297206	-0.6530929143662655	-0.163433213754221	-0.3098574948596245	-0.3000765529604075	-0.3281029115349593	1.343218978749796	0.1295597027930464	1.971383964738803	-2.472421760870108	0.1598583987785442	-1.143516868221889	2.984979762406343	3.268456154179287	-1.136284156260484	0.04888108307706041	0.01589324604616968	0.1506094515811425	0.01171153185722435	0.05879644026308541	0.2554061080239485	0.0194329542391715	0.03806371089468471	0.0433344089108633	0.01133525926719458	0.03867942268408043	0.01153294030490979	0.1785213154551993	0.1136208904785016	0.02608866241478399	0.01940075151722107	0.01543697700791531	0.07223013387538101	-0.009625776725678879	0.0397672789671043	0.01637589365393224	0.1370806799835386	0.011937588775164	0.06236142857035386	0.2174694101214654	0.01936968775483598	0.02213011955164607	0.05905634197422407	0.01119967186705101	0.03926085569607	0.01147416999157454	0.1761011406324391	0.109691130686604	0.02494070045692244	0.0174263739653177	0.01369132646125995	0.07825908486131787
0.1259355324684705	-0.1666295724745613	0.1894080901271231	1.072552734683649	0.1843127525204057	0.192037152065372	0.06828971109773564	-0.6545669069115748	-0.1595162644291803	-0.3055580283841403	-0.3015927799567285	-0.3539286808411041	1.341291385280988	0.1268013135009597	1.997691381409109	-2.440551815625739	0.1866975965063694	-1.103711346413267	2.986678940052534	3.28634875789324	-1.175216403663465	0.04813044656384811	0.01593819741573967	0.1496618978774032	0.01173255108842389	0.05908195258952122	0.2530808696659811	0.01942844904292979	0.0367324717267248	0.04468359992964935	0.0113230167023382	0.03872945794560234	0.01152768044089937	0.1783535390921887	0.1133267008446945	0.0259878302129941	0.01922559663257309	0.01528217273904159	0.07271240454384492	-0.009573096364554603	0.03932452312117167	0.01645020886727111	0.1360189932023334	0.0119668715126416	0.06247827476452894	0.2148227644946389	0.01939073695547601	0.02162945830751409	0.06078061439069968	0.01119065904659181	0.03931587396314024	0.01147127637441909	0.1757687853740929	0.1093080356529022	0.02484870915835265	0.0172892983398965	0.01360386846833486	0.07876085798946551
0.1272473609316837	-0.1671106445930992	0.1911663920963162	1.072717250084364	0.1869503814995882	0.1888563796881483	0.06855208599994714	-0.6559886590339792	-0.1555974046614707	-0.3012355381252791	-0.3031595733773688	-0.3794578369439203	1.339404263913941	0.1240120703250131	2.023530026414331	-2.408851533575252	0.2132702283818512	-1.063871037253317	2.987893353548944	3.303563729204911	-1.213361938383198	0.04740502197987021	0.01598596263363142	0.1487047152515764	0.01175436450707638	0.05935325076621267	0.2507309073762052	0.01942617433459994	0.03546856983910928	0.04606136704190274	0.01131107812937586	0.03877989524493288	0.01152264732425106	0.178174562464172	0.113025847141047	0.02588790442453333	0.01905397586887482	0.01513349758869626	0.07319536440185331	-0.009521307014199898	0.03892095630530334	0.0165310050467944	0.1349389208188082	0.0119978475496463	0.06257555580610799	0.2121724988483541	0.01941276068367197	0.02119258296944275	0.06255333849147802	0.01118215312231681	0.03937085609500254	0.01146884338968265	0.1754212832912059	0.1089199874162471	0.02476099713694786	0.01716008316643345	0.01352465759614937	0.07925321574626673
0.1285591893948969	-0.1676250058040187	0.1929222451426515	1.07287808648535	0.1896215905421904	0.1857170709139931	0.06884913779389998	-0.6573581236310413	-0.1516772683378566	-0.296890901957824	-0.3047758617357235	-0.4046808839502986	1.337557782940187	0.1211923486615239	2.048887196309507	-2.377336838810657	0.2395656239798922	-1.023994330340142	2.988625163867255	3.320112179285697	-1.250675868923098	0.04670447197352758	0.01603657711947667	0.1477378911420624	0.01177697650335313	0.05961070135942395	0.2483573621865681	0.01942598293258436	0.03426964697673864	0.04746713549637989	0.01129943922401145	0.03883070044211082	0.01151784126831893	0.1779846106106156	0.1127186151533191	0.02578898830052321	0.01888592673350454	0.01499078665061335	0.07367860377318322	-0.009469517663845191	0.03851738948943502	0.01661180122631768	0.1338588484352829	0.01202882358665101	0.06267283684768703	0.2095222332020693	0.01943478441186794	0.02075570763137141	0.06432606259225637	0.01117364719804181	0.03942583822686484	0.0114664104049462	0.1750737812083188	0.1085319391795921	0.02467328511554307	0.0170308679929704	0.01344544672396389	0.07974557350306795
0.1298710178581101	-0.1681722506061594	0.1946757026460411	1.073035204032253	0.1923257427774789	0.1826189756403838	0.06918049836818072	-0.6586752523162747	-0.147756487724492	-0.292524990756082	-0.306440534810037	-0.4295892595202778	1.335752074583741	0.1183423712762511	2.073751507730202	-2.346022184399518	0.2655741499052965	-0.9840799407156322	2.988875889143256	3.335999166660347	-1.287114721228086	0.0460283096357005	0.01609006626691038	0.14676147192676	0.0118003918928814	0.05985470665554779	0.2459612131183079	0.01942768583944101	0.03313294021309541	0.04890019391458693	0.01128809459253871	0.03888185379325044	0.01151326065032626	0.1777837905560969	0.112405179260679	0.02569112995949038	0.01872154865452956	0.01485387874541862	0.07416155525165842	-0.009409170223847338	0.03814891867128573	0.01669889872074543	0.1327621447519169	0.01206150867422334	0.06275195547346342	0.2068643277525113	0.01945662499729431	0.0203704416194778	0.0661432730101059	0.01116561824770488	0.03948108456398892	0.0114643946993109	0.1747078428592508	0.1081362332543762	0.02458869977050214	0.01691098220535495	0.01337435165940152	0.08022386298087653
0.1311828463213234	-0.1687519600772808	0.1964268181467076	1.073188563014095	0.1950621836664028	0.1795618210758476	0.0695457844616119	-0.6599399950716215	-0.1438356937331568	-0.2881386767484021	-0.3081524086545447	-0.4541761797638009	1.333987189926479	0.1154620793452963	2.098114141341109	-2.314919060774729	0.2912881166727838	-0.9441272877308169	2.988645559885019	3.351218084535711	-1.322637670217119	0.04537608866838556	0.01614645253762632	0.1457755005275145	0.01182461493758008	0.06008562427082555	0.2435433707273839	0.01943111532466526	0.03205591164694921	0.05035991919672201	0.01127703945808469	0.03893333769897801	0.01150890403283362	0.1775721998627112	0.1120856977901638	0.02559437217725561	0.01856092970121296	0.01472263030291137	0.07464371060043397	-0.009348822783849485	0.03778044785313643	0.01678599621517318	0.1316654410685509	0.01209419376179567	0.0628310740992398	0.2042064223029533	0.01947846558272068	0.01998517560758419	0.06796048342795542	0.01115758929736796	0.03953633090111298	0.0114623789936756	0.1743419045101826	0.1077405273291602	0.02450411442546122	0.0167910964177395	0.01330325659483916	0.08070215245868513
0.1324946747845366	-0.169363709748091	0.1981756452116851	1.073338123607069	0.1978302515146067	0.1765453250238596	0.06994460650910991	-0.6611523015299395	-0.1399155175570243	-0.2837328404278828	-0.3099102643398869	-0.4784357071066406	1.332263136490876	0.1125512848548392	2.121967512157106	-2.284037491984971	0.3167007479116494	-0.9041361992995166	2.98793347298626	3.365757614486004	-1.357205608293189	0.04474726791734691	0.01620575154563076	0.1447800925983467	0.01184965001449787	0.06030381713590831	0.2411046615781182	0.01943607216086901	0.0310357275473261	0.05184549757509677	0.0112662687433607	0.03898514962849549	0.01150476911702231	0.1773498420343327	0.1117602567068555	0.02549870422503184	0.01840415819293752	0.01459687410495051	0.07512454297152048	-0.009281628999584545	0.03744419552479147	0.01687927070175799	0.1305543226108387	0.01212859642595434	0.06289265674878673	0.2015392085761993	0.01949917525838447	0.01964171872975565	0.06981676659131623	0.01115002417344649	0.03959218019638934	0.01146075918702198	0.1739548064534914	0.1073353778108135	0.02442146252112995	0.01668065741545135	0.01323955068339864	0.08116516579429552
0.1338065032477499	-0.1700070661932792	0.1999222373407227	1.073483845451383	0.2006292734598788	0.1735691903240164	0.07037656461972751	-0.6623121217984955	-0.1359965930218061	-0.2793083888748363	-0.311712817097595	-0.5023635384316127	1.330579829817867	0.1096095629500353	2.145306435363999	-2.25338456431002	0.3418070129627229	-0.8641073899670628	2.986737321394114	3.37959867399586	-1.390782359844471	0.04414135333879527	0.01626797709116413	0.1437753545463447	0.01187550099777709	0.06050960804834653	0.2386458544564274	0.01944237955981953	0.03006979793821023	0.05335621572373422	0.01125577795177606	0.03903728732862448	0.01150085386697906	0.1771167199098392	0.1114289340965858	0.02540411652021644	0.01825131230133547	0.01447646131165799	0.07560358023094947	-0.009214435215319608	0.03710794319644651	0.01697254518834281	0.1294432041531264	0.01216299909011301	0.06295423939833365	0.1988719948494453	0.01951988493404827	0.01929826185192712	0.07167304975467705	0.01114245904952502	0.0396480294916657	0.01145913938036836	0.1735677083968002	0.1069302282924667	0.02433881061679869	0.01657021841316319	0.01317584477195813	0.0816281791299059
0.1351183317109631	-0.1706815925727524	0.2016666479396637	1.073625687764606	0.2034585726198053	0.1706331142484594	0.07084125487386007	-0.6634194068078232	-0.1320795562980475	-0.2748662474466452	-0.3135587513276346	-0.5259560948347446	1.328937140595635	0.106636386570808	2.168126803276967	-2.222966018517406	0.3666026436783827	-0.8240420507697059	2.985054105270974	3.392719819184637	-1.423333659887485	0.04355780766590008	0.01633313774853271	0.1427615072727379	0.0119021708333321	0.06070329835138402	0.2361679157763179	0.01944984121923475	0.02915534329308635	0.05489111446666631	0.01124556291061466	0.03908976208154585	0.01149715635360537	0.1768728280191776	0.1110918231736378	0.0253105558500766	0.01810242550749335	0.01436120360034642	0.07608044103987555	-0.009143752876994144	0.03680223609177892	0.01707189788177885	0.1283211682238949	0.0121991037450942	0.0629981907730673	0.196202921730509	0.01953877940617975	0.01898923640372733	0.07356142621935302	0.01113535907775412	0.03970480429805419	0.01145791517909624	0.1731592190079347	0.1065161639464583	0.02425706123824467	0.01646829980750268	0.01311843459400821	0.08207758998466677
0.1364301601741763	-0.1713868469612598	0.2034089301111598	1.073763608686406	0.2063174666807917	0.1677367862653	0.07133826711327737	-0.664474110427095	-0.1281650500119842	-0.2704073813516361	-0.3154466942976701	-0.5492111406343996	1.327334851454156	0.1036310502585337	2.190426513338853	-2.19278503729512	0.391084774696899	-0.7839423508344404	2.982879442741762	3.405096926683334	-1.454828445927514	0.04299614136628797	0.01640124108510945	0.1417387536044662	0.01192966212895071	0.06088515604932256	0.2336717446196097	0.01945828296058909	0.02828983313714785	0.05644935201542883	0.01123561992425979	0.03914258394959331	0.01149367486837517	0.1766181610095352	0.1107490086175181	0.02521797484227883	0.01795752724991777	0.01425093349603796	0.07655478343226337	-0.009073070538668678	0.03649652898711134	0.01717125057521489	0.1271991322946635	0.01223520840007539	0.06304214214780093	0.1935338486115729	0.01955767387831123	0.01868021095552753	0.075449802684029	0.01112825910598323	0.03976157910444268	0.01145669097782412	0.1727507296190691	0.1061020996004499	0.02417531185969066	0.01636638120184218	0.01306102441605829	0.08252700083942763
0.1377419886373896	-0.172122385782412	0.205149136748294	1.073897565699748	0.2092052719406577	0.1648798936299617	0.07186718899302433	-0.6654761886444552	-0.1242537209143408	-0.2659327773652366	-0.3173752469335556	-0.5721270554310126	1.32577270314568	0.1005927728455447	2.212204379029637	-2.162843620104268	0.4152511797829748	-0.7438109673135482	2.980208354644676	3.416705980563769	-1.485237542353397	0.04245585250483119	0.01647229121584421	0.1407074115084953	0.01195797579268282	0.06105540824697764	0.2311585347931374	0.01946752218546087	0.02747063033571538	0.05802980615798464	0.01122594592283185	0.03919577513294333	0.01149040836984685	0.1763527667142379	0.1104006356590392	0.02512629237829377	0.01781658092928704	0.0141454401756204	0.0770264328866157	-0.008993021065531286	0.03622044898727808	0.01727661494754521	0.1260697942082665	0.01227298033638523	0.06306780149145484	0.1908736097789226	0.01957432745656722	0.01840021708875869	0.07736215499617548	0.01112163349236968	0.03981958497227499	0.01145587518217417	0.1723224800370363	0.1056809091601473	0.0240936155030543	0.01627150480400323	0.01300870472161371	0.08296665982032912
0.1390538171006028	-0.1728877635200209	0.206887320222932	1.074027514818309	0.2121213039782765	0.1620621219110319	0.07242760518337055	-0.6664256029875829	-0.1203462254245218	-0.2614434624771251	-0.3193429619396596	-0.5947032415752289	1.32425035893674	0.09752065545093222	2.233460764795025	-2.1331416962816	0.4391006722523792	-0.7036515571926069	2.977034764560722	3.427525014083542	-1.514534986299182	0.04193648421160241	0.01654629176198949	0.1396677727073902	0.01198711262900068	0.06121425674313471	0.2286293971236667	0.01947739688316554	0.0266953417251744	0.05963149075445465	0.01121653818717046	0.03924935542891881	0.01148735593539706	0.176076688608575	0.1100468362061233	0.02503543627164748	0.01767955374280179	0.01404453629555887	0.0774952326546661	-0.008912971592393895	0.03594436898744481	0.01738197931987553	0.1249404561218695	0.01231075227269507	0.06309346083510875	0.1882133709462724	0.01959098103482321	0.01812022322198985	0.07927450730832195	0.01111500787875613	0.03987759084010731	0.01145505938652422	0.1718942304550034	0.1052597187198446	0.02401191914641794	0.01617662840616428	0.01295638502716913	0.08340631880123063
0.140365645563816	-0.1736825343597038	0.2086235325953789	1.074153411244029	0.2150648790310294	0.1592831571942816	0.07301909954489551	-0.6673223184004755	-0.1164432255198965	-0.2569404823578801	-0.3213483700639969	-0.6169395399640506	1.322767445586586	0.09441375477507376	2.254196706140026	-2.103678258084957	0.4626325024447951	-0.6634682532974007	2.973352063116429	3.437534008142374	-1.542696434232087	0.04143758237118933	0.01662324573225971	0.1386202057236341	0.01201707154024034	0.06136184729758382	0.2260855623962114	0.01948774487730879	0.02596152026784615	0.06125313914463643	0.01120739464268877	0.03930335487332662	0.01148451748734943	0.175790000059326	0.1096877683623959	0.02494530963011813	0.01754635146920532	0.01394799859145861	0.07796119792235776	-0.008822449641838688	0.03569740484775377	0.01749334855359691	0.1238064120843282	0.01235014980862445	0.06309969477976474	0.1855670951537918	0.01960517407600422	0.01786521559416335	0.08120240147327645	0.01110886755246634	0.03993710078015301	0.01145466985965377	0.1714472055625045	0.1048323021072729	0.02392960486336463	0.01608734215810671	0.01290809364254174	0.08384046440487852
0.1416774740270293	-0.1745062528415207	0.2103578252141883	1.074275208475526	0.2180353161331662	0.1565426887735727	0.07364125523987514	-0.6681663078326364	-0.1125453956117488	-0.2524249133295244	-0.323389961953416	-0.638836514983709	1.321323522489598	0.09127106646484889	2.274414365616749	-2.074450644988179	0.4858466215493882	-0.6232660766358379	2.969152642218639	3.446717933686759	-1.569700376322371	0.04095873385556494	0.01670315577268843	0.137565048545715	0.01204785155609856	0.06149830905418412	0.2235281758899463	0.01949842228093238	0.02526695130705799	0.06289363689943106	0.01119851345143841	0.03935780025068053	0.01148189295633131	0.1754927679554646	0.1093235757298769	0.02485582624849349	0.01741689016082645	0.01385562877380194	0.07842434196298591	-0.008731927691283481	0.03545044070806273	0.01760471778731829	0.122672368046787	0.01238954734455383	0.06310592872442071	0.1829208193613113	0.01961936711718524	0.01761020796633685	0.08313029563823095	0.01110272722617655	0.03999661072019871	0.01145428033278331	0.1710001806700056	0.1044048854947012	0.02384729058031132	0.01599805591004913	0.01285980225791436	0.0842746100085264
0.1429893024902425	-0.1753584741562336	0.2120902490277197	1.074392859120034	0.2210319364552489	0.1538404086328646	0.07429365553956434	-0.6689575488195028	-0.108653416994735	-0.2478978437368873	-0.3254662100601266	-0.6603950198263611	1.319918117139967	0.08809156939327381	2.294116369007265	-2.045455449429774	0.5087432470673616	-0.5830504491549346	2.96442835489127	3.455064506886554	-1.595526576423114	0.0404995319176155	0.01678602751770526	0.1365026658442909	0.01207945004973165	0.06162370474357066	0.2209582469173592	0.01950929049555845	0.02460939770690024	0.06455160155543514	0.01118989325109617	0.03941272652127777	0.01147948301937819	0.1751850132873444	0.1089543536334981	0.02476688301619478	0.01729104380787235	0.01376720517879796	0.07888479664267277	-0.008630814362792802	0.03523222211420334	0.01772216621297041	0.1215348127241467	0.01243053199150241	0.06309124295856679	0.1802853358069521	0.01963102958819904	0.01737704589046757	0.0850653198390998	0.0110970804750456	0.04005785757607352	0.01145433384765653	0.1705330909961951	0.1039701073745953	0.02376385106918264	0.01591328544855209	0.01281474776169813	0.08470634218504006
0.1443011309534557	-0.1762387553730252	0.2138208541062559	1.074506313990826	0.2240540664063725	0.1511760158683981	0.07497588442686919	-0.6696960290010006	-0.1047679861343872	-0.2433603784101688	-0.3275755534403598	-0.6816163491634288	1.318550698013416	0.08487423339229276	2.313306080488907	-2.016687946487085	0.5313229752280288	-0.5428275028064425	2.959170001086557	3.462567161503927	-1.620157084313181	0.04005960663576956	0.01687186594422349	0.1354333920280674	0.01211186469789779	0.06173808926605247	0.2183767146321169	0.01952022655450413	0.02398683949758941	0.06622581533880963	0.01118153283434782	0.03946816486146013	0.01147728827528214	0.1748667550193209	0.10858018870062	0.02467838820942555	0.01716870027840394	0.01368253101721489	0.07934267989455643	-0.008529701034302123	0.03501400352034395	0.01783961463862253	0.1203972574015064	0.012471516638451	0.06307655719271288	0.177649852252593	0.01964269205921285	0.01714388381459828	0.08700034403996869	0.01109143372391466	0.04011910443194833	0.01145438736252975	0.1700660013223847	0.1035353292544893	0.02368041155805396	0.01582851498705505	0.01276969326548191	0.0851380743615537
0.145612959416669	-0.1771466547899078	0.2155496900421891	1.074615522998492	0.2271010354993112	0.1485492139995813	0.07568752648872296	-0.6703817415342462	-0.1008898077819482	-0.2388136266743748	-0.3297164159319143	-0.7025019626092607	1.317220705619954	0.08161803519207117	2.331987156377292	-1.988142811429214	0.5535865277324756	-0.5026036720405067	2.953367819573169	3.469222058055274	-1.643574927703914	0.03963858249003887	0.01696068251606427	0.1343575442430934	0.01214509214565963	0.06184144958809609	0.2157842552264984	0.01953111663047437	0.0233972553290119	0.06791481109307404	0.01117343116366714	0.03952415380929639	0.01147530971356783	0.1745379252681862	0.1082010804296007	0.024590236887441	0.01704972147027422	0.01360139581478504	0.07979818847169534	-0.008417526831308943	0.03482392467741239	0.01796329991714136	0.1192561130811826	0.01251406224051409	0.06303931815227541	0.1750177096434248	0.01965187041720932	0.01693011639068911	0.08893430724014259	0.01108628277296774	0.04018230743360417	0.01145489354921511	0.1695762537667888	0.1030909161822672	0.02359541840617428	0.01574751813282125	0.01272730615112354	0.08556961054359341
0.1469247878798822	-0.1780817334484388	0.2172768054042195	1.074720434293996	0.2301721800176093	0.1459597167818778	0.07642816768379217	-0.6710146912741995	-0.09701960472785989	-0.2342587000127785	-0.3318871932666478	-0.7230535376331819	1.315927528916833	0.0783219860286489	2.350163682340476	-1.959813664648405	0.5755347513760377	-0.4623858982144152	2.947010944797598	3.475030568170497	-1.665764941367747	0.03923611819152052	0.01705248737882102	0.1332754133260461	0.01217912942590188	0.06193377280434099	0.2131814978476136	0.01954185973367819	0.02283882376261927	0.06961729484725881	0.0111655873193638	0.03958072773231376	0.01147354820970546	0.1741984616377349	0.1078170284809722	0.02450233571027557	0.01693398456266936	0.01352361277379405	0.08025149858260762	-0.008305352628315766	0.03463384583448082	0.0180869851956602	0.1181149687608588	0.01255660784257719	0.06300207911183794	0.1723855670342566	0.01966104877520579	0.01671634896677994	0.09086827044031648	0.01108113182202081	0.04024551043526001	0.01145539973590046	0.169086506211193	0.102646503110045	0.0235104252542946	0.01566652127858744	0.01268491903676518	0.08600114672563311
0.1482366163430955	-0.1790435539067633	0.2190022482152442	1.074820995171169	0.2332668399142314	0.1434072437845595	0.07719739474072984	-0.671594889256268	-0.0931581095103507	-0.229696707587635	-0.3340862682838692	-0.7432728417189947	1.314670532491562	0.07498512189217545	2.3678399274578	-1.931693631782324	0.5971685360372959	-0.4221813297082975	2.940087967686247	3.479996378482873	-1.686712728762685	0.03885183319070533	0.01714730011221903	0.1321872419317639	0.01221397381431106	0.06201498623248673	0.2105688727876151	0.01955236733617363	0.02230973841089912	0.07133175188568421	0.01115800008402888	0.03963792916228993	0.01147200433962399	0.1738482471082155	0.1074279779073937	0.02441457604097707	0.01682135056623161	0.01344898726019464	0.08070283869075143	-0.008181390514054381	0.03447052741200823	0.0182171396201654	0.1169692212430321	0.0126007162236458	0.06294076767520373	0.1697511026361761	0.01966789525067836	0.01652011799458038	0.09279350785065887	0.01107646873010197	0.04031091250364494	0.01145635300485481	0.1685723851272588	0.1021909673504913	0.02342339970583818	0.01558876645315526	0.01264477554605523	0.08643409736556795
0.1495484448063087	-0.1800316819235316	0.2207260653477346	1.074917151293689	0.2363843628559945	0.1408915273781081	0.07799479596944289	-0.6721223593077101	-0.08930607552809908	-0.2251287484287798	-0.3363119999493266	-0.7631617669751926	1.313449036311048	0.07160654280278456	2.385020442994134	-1.903774949749022	0.6184887999093086	-0.3819974448841224	2.932586444591425	3.484127388195843	-1.706405388396131	0.03848538229860741	0.01724513805569845	0.131093252651563	0.01224962290250697	0.06208502354595712	0.2079467803834866	0.01956256089277156	0.02180837438675744	0.07305684457553703	0.01115066837884557	0.03969579602890543	0.0114706786127192	0.1734871742937851	0.1070338789648831	0.02432686126302912	0.01671169591832414	0.01337734657828302	0.08115241354955967	-0.008057428399792994	0.03430720898953565	0.0183472940446706	0.1158234737252053	0.01264482460471441	0.06287945623856951	0.1671166382380956	0.01967474172615094	0.01632388702238081	0.09471874526100128	0.01107180563818312	0.04037631457202986	0.01145730627380915	0.1680582640433245	0.1017354315909376	0.02333637415738176	0.01551101162772308	0.01260463205534527	0.08686704800550278
0.1508602732695219	-0.1810456849470558	0.2224483030694505	1.075008847551735	0.2395241005611869	0.138412306926309	0.07881996049794884	-0.6725971318680185	-0.08546426729008767	-0.2205559137700653	-0.3385627362446023	-0.7827223146289154	1.312262338456083	0.06818538227447135	2.401709971964335	-1.876049383424667	0.6394965336603432	-0.3418418569959327	2.924493452762916	3.487433172698864	-1.724830656022533	0.03813633087808727	0.01734603046027687	0.1299935820879735	0.01228607644335222	0.06214377293240268	0.2053155585232062	0.01957237738268577	0.02133313382737134	0.07479104485223456	0.01114359024245481	0.03975437616965234	0.01146957029064583	0.1731151780821615	0.1066347066862935	0.02423907403214322	0.0166048932949481	0.01330851646364513	0.08160044746130309	-0.007919511328454061	0.03416806339698503	0.01848421661852401	0.1146709550195437	0.0126905417579138	0.06279284292236299	0.1644783342594771	0.01967950898708612	0.01614382780984836	0.09662822588526621	0.01106760905778627	0.04044420549650021	0.0114586791361617	0.1675209377323608	0.1012694007895573	0.02324670701311009	0.01543625014163163	0.01256646903223859	0.08730221135515866
0.1521721017327351	-0.182085134137406	0.2241690063847333	1.075096027384426	0.2426854133924781	0.1359693369929057	0.07967247934452358	-0.6730192508774108	-0.08163347266785434	-0.2159792756509522	-0.3408368048456333	-0.8019567276337958	1.311109696200061	0.06472084759080195	2.417913655704004	-1.848507787658733	0.6601929080231326	-0.3017223900886853	2.915795201217819	3.489926104280042	-1.741977577557624	0.03780428593531467	0.01745000323671985	0.12888835573212	0.01232333422159595	0.06219113299572986	0.2026755215494206	0.01958176088972092	0.02088258158595241	0.076533001452538	0.01113676393761801	0.03981371224635805	0.01146867871943222	0.1727321986272027	0.1062304385442573	0.02415110999840187	0.01650082952862678	0.01324234232512438	0.08204714154455625	-0.007781594257115128	0.03402891780443442	0.01862113919237742	0.1135184363138821	0.0127362589111132	0.06270622960615646	0.1618400302808587	0.01968427624802129	0.0159637685973159	0.09853770650953114	0.01106341247738941	0.04051209642097057	0.01146005199851425	0.1669836114213972	0.1008033699881771	0.02315703986883842	0.01536148865554017	0.0125283060091319	0.08773737470481455
0.1534839301959484	-0.1831496026806814	0.2258882196391349	1.075178633553022	0.2458676663104191	0.1335623803529232	0.08055194460421115	-0.6733887671645934	-0.07781449178685083	-0.2113998947373092	-0.343132524104894	-0.8208674668782426	1.309990345672492	0.06121217982035157	2.433636949708182	-1.821140480578191	0.6805793007425145	-0.2616469533284163	2.906477501436145	3.491619296679124	-1.757835749809119	0.03748872499521966	0.01755709630079227	0.1277775668571673	0.01236139961669672	0.0622269679198299	0.200026988356212	0.01959067323634059	0.02045531545048196	0.07828119439466584	0.01113018638099366	0.0398738572776655	0.01146800121701643	0.1723383006121724	0.1058211386479678	0.0240628419198819	0.01639940771804602	0.01317867701573404	0.08249265601601491	-0.007626799747802692	0.03391034039954594	0.01876518880037277	0.1123555617244281	0.01278366622873226	0.06259331881374462	0.159198406866817	0.01968729812845214	0.01579886753226548	0.1004248726761725	0.01105964972842785	0.04058278328415654	0.01146179779657043	0.1664268005772581	0.1003291981797579	0.02306406175369363	0.01528994312818766	0.01249208838503705	0.08817396115542077
0.1547957586591616	-0.1842386685255233	0.2276059858063543	1.075256607550725	0.2490702344530211	0.1311912176824711	0.08145795124031337	-0.6737057455067368	-0.07400815019588756	-0.2068188081449434	-0.3454481951998668	-0.8394575171654801	1.308903482109187	0.05765868794271076	2.448886035819684	-1.793936675199684	0.7006576137608282	-0.2216235868118797	2.896525471796061	3.492526564290218	-1.772395937359497	0.03718917713339531	0.01766734501430546	0.1266612097976762	0.01240027562390575	0.06225115477647572	0.1973702555707411	0.01959908054695203	0.02005007764277715	0.08003427757974486	0.01112385484231785	0.03993485854656912	0.01146753540889597	0.1719335430779168	0.1054068653105183	0.02397415665463923	0.01630054172851248	0.01311739001737192	0.08293713455921968	-0.007472005238490257	0.03379176299465745	0.01890923840836813	0.1111926871349742	0.01283107354635132	0.0624804080213328	0.1565567834527754	0.01969032000888298	0.01563396646721506	0.102312038842814	0.01105588697946629	0.04065347014734252	0.01146354359462661	0.1658699897331189	0.09985502637133861	0.02297108363854885	0.01521839760083516	0.0124558707609422	0.08861054760602699
0.1561075871223749	-0.1853519123541275	0.2293223471470787	1.075329890280792	0.252292498534458	0.12885563934435	0.08239009600408818	-0.6739702577393492	-0.07021528661581447	-0.2022370408343462	-0.3477821114524607	-0.8577302026697813	1.307848279974054	0.0540597127160092	2.463667551063063	-1.766884970206	0.7204301052371672	-0.1816603674490335	2.885923909671987	3.492661253057992	-1.785649372276988	0.03690504722984523	0.01778079995394244	0.1255391221150568	0.01243996774556997	0.06226353296652047	0.1947055878135479	0.01960696757991861	0.01966564358555879	0.08179075083473489	0.01111776524188688	0.03999677052975965	0.01146727687943717	0.1715180956514586	0.1049877612961006	0.02388492579123901	0.01620418228575096	0.01305836711457288	0.08338060806352766	-0.007298509159633902	0.03369018029135763	0.01906081486910716	0.1100150417749668	0.01288023212772983	0.06234009562617465	0.1539111901008765	0.019691980359373	0.01548342107936103	0.1041706636585798	0.01105252399009984	0.04072719017255327	0.01146561309056907	0.1652971406803324	0.09937510601828191	0.02287429126266211	0.01515079627032932	0.01242179585058369	0.08904579762712643
0.1574194155855881	-0.1864889213228946	0.2310373444432452	1.075398421548855	0.2555338517467572	0.1265554567357182	0.08334798030424244	-0.6741823898537688	-0.06643676682928995	-0.1976555960397741	-0.3501325517349382	-0.875689602096043	1.306823873937831	0.0504146583118075	2.477989126118355	-1.739972715342025	0.7398998425361205	-0.1417654047036823	2.874657074075609	3.492034859730409	-1.797588300158194	0.03663580009350906	0.01789750592890203	0.1244111557328044	0.01248048085651264	0.06226395731560137	0.1920332312051955	0.01961432080892801	0.01930091608685402	0.08354928348462556	0.01111191396764413	0.04005964181150436	0.01146722171967109	0.1710921135251453	0.1045639562923748	0.02379503515633749	0.01611028554057136	0.01300150700296377	0.08382310415996896	-0.007125013080777548	0.03358859758805779	0.0192123913298462	0.1088373964149594	0.01292939070910833	0.06219978323101648	0.1512655967489776	0.01969364070986302	0.015332875691507	0.1060292884743456	0.01104916100073339	0.04080091019776401	0.01146768258651153	0.1647242916275459	0.0988951856652252	0.02277749888677538	0.01508319493982349	0.01238772094022518	0.0894810476482259
0.1587312440488013	-0.1876492863209033	0.2327510177112666	1.075462140653492	0.2587936941737168	0.1242904925915632	0.08433120840973095	-0.6743422349366264	-0.06267347050686932	-0.19307546742138	-0.352497788333367	-0.8933401441194072	1.305829381784271	0.04672296584343644	2.491858847746465	-1.713186701897688	0.7590702719977177	-0.1019467697781984	2.862709008840101	3.49065725960499	-1.808205394991181	0.03638083792930171	0.01801752280353865	0.1232770488264957	0.01252181746302247	0.06225222324965386	0.1893533516758764	0.01962114537626097	0.01895482776922416	0.08530839485654747	0.0111062966885739	0.04012352132791781	0.01146736505168088	0.1706557233460202	0.1041355995633289	0.02370437204594679	0.0160188521345017	0.01294672789038673	0.08426449304450712	-0.006932360310867709	0.03350182922230327	0.01937190408572628	0.1076416363992319	0.01298025379395783	0.06203038990914339	0.1486138373758887	0.01969435131989064	0.01519599454387413	0.1078532239880361	0.01104617675734775	0.04087773760536443	0.01147004872090643	0.1641347632417017	0.09841022470860136	0.02267677701782663	0.01502049528362768	0.01235609713389183	0.0899108586754134
0.1600430725120146	-0.1888326065424959	0.2344634054005795	1.075520985988172	0.2620714407614611	0.1220605935999864	0.08533939122952774	-0.674449900061417	-0.0589263054790448	-0.1884976348125498	-0.3548760815413491	-0.9106868966534534	1.304863893982958	0.04298415925647969	2.505285623397142	-1.686512749582203	0.777945539759887	-0.06221238464041182	2.85006347087295	3.488534387492181	-1.817494270096372	0.03613962383447785	0.01814090361780438	0.1221365624962974	0.01256397978854024	0.06222814611561622	0.1866661035874304	0.01962744584162452	0.01862642324641688	0.08706676932441045	0.01110090957034605	0.04018845272359178	0.01146770255743586	0.1702090409893067	0.103702826691972	0.02361283626037902	0.01592988251797035	0.0128939572249099	0.08470465805424662	-0.006739707540957871	0.03341506085654874	0.01953141684160635	0.1064458763835045	0.01303111687880733	0.06186099658727032	0.1459620780027997	0.01969506192991826	0.01505911339624127	0.1096771595017267	0.01104319251396212	0.04095456501296485	0.01147241485530132	0.1635452348558576	0.09792526375197751	0.02257605514887788	0.01495779562743187	0.01232447332755848	0.09034066970260093
0.1613549009752278	-0.1900384857438521	0.2361745451595038	1.075574895549113	0.2653665144129713	0.1198656190501666	0.08637214344004897	-0.6745054991914448	-0.0551961938416644	-0.1839230737590529	-0.3572656862579102	-0.9277350676512612	1.303926495962395	0.03919781997509453	2.518278534354862	-1.659936458310342	0.7965299434448708	-0.02257001218251645	2.836704205729825	3.48566996364261	-1.825449005589557	0.03591164721046452	0.01826771530250503	0.1209894758135243	0.01260696070526561	0.06219144895557332	0.1839716158151723	0.01963324631602327	0.01831477197512007	0.08882294418064188	0.01109574910698363	0.04025447178702263	0.01146823073339977	0.1697519493907253	0.1032657069484294	0.02352034674271787	0.015843408536131	0.01284313659281607	0.08514333518529746	-0.006528830793047998	0.03334304775458799	0.01969926032926858	0.1052322729421879	0.01308347597382161	0.06165996368211986	0.1433035773335573	0.01969527902450608	0.0149352602020106	0.1114603106914828	0.01104058934421109	0.04103436961067074	0.01147509031248352	0.1629321671326853	0.09743363597002833	0.02247171770237608	0.01490071392326259	0.01229552500742996	0.09076099338979916
0.162666729438441	-0.1912665368018863	0.2378844730406355	1.075623806721258	0.2686783539065791	0.1177054534397578	0.08742908724521554	-0.6745091594880562	-0.0514840859325724	-0.1793527572712222	-0.3596648479547522	-0.9444898781920018	1.303016277676149	0.03536366762146451	2.530846651879744	-1.633443403734142	0.8148277926965922	0.01697301928987242	2.822615174766453	3.482063166930598	-1.832064741755349	0.03569644965026864	0.01839801716064522	0.1198355873600786	0.01265075390941836	0.06214188211791793	0.1812700082686074	0.01963856819041391	0.01801904178962462	0.09057561741075523	0.01109081219464409	0.04032161043943502	0.01146894647835973	0.1692843412443251	0.1028243033369252	0.02342683143713887	0.01575945832338326	0.01279421417154548	0.08558028718625731	-0.006317954045138127	0.03327103465262724	0.01986710381693081	0.1040186695008713	0.01313583506883589	0.06145893077696939	0.1406450766643148	0.0196954961190939	0.01481140700777993	0.113243461881239	0.01103798617446006	0.04111417420837661	0.01147776576966571	0.162319099409513	0.09694200818807913	0.02236738025587428	0.01484363221909332	0.01226657668730143	0.09118131707699739
0.1639785579016542	-0.1925163771412149	0.2395932243023065	1.075667656676341	0.2720064059249185	0.1155799938582642	0.08850984859606996	-0.6744610144201002	-0.04779094605476437	-0.174787660057153	-0.3620718081077991	-0.9609562620180074	1.302132344828848	0.03148151475126347	2.542998657396953	-1.607019580496629	0.8328430758536226	0.05640969476199378	2.807780683791843	3.477711269272507	-1.83733731425392	0.03549366009948957	0.01853188145475737	0.1186748809852529	0.01269533887105874	0.06207908039993753	0.1785615437232596	0.01964345679332907	0.01773842026059127	0.09232332101772336	0.01108609703413944	0.04038988670207852	0.01146984914858178	0.1688057407788223	0.1023785573657391	0.02333224683126977	0.01567806203027271	0.01274714050955744	0.08601519455498186	-0.006092262500322773	0.03321527290774804	0.02004366018199075	0.1027922220046676	0.01318935967411341	0.06122303156267946	0.1379843975462593	0.01969579934429081	0.01469997741693487	0.1149792085407745	0.01103578941363437	0.0411966643210826	0.01148080197543644	0.1616712759447841	0.09644049784143961	0.02225999637625276	0.01479225063033985	0.01224028891564761	0.09158964423551866
0.1652903863648675	-0.1937876319696417	0.2413008326847361	1.075706382448235	0.2753501311947663	0.1134891606315058	0.089614059481297	-0.674361209062267	-0.04411776506018498	-0.1702287644020926	-0.364484802234478	-0.9771381850120259	1.301273855841502	0.02755139117059423	2.554741928146556	-1.580652424572626	0.8505787082721504	0.095733758640486	2.792186069811158	3.472608334717532	-1.841264074230093	0.03530294523190049	0.01866937221431509	0.1175073425330704	0.01274069742320049	0.06200271486789461	0.175846466416463	0.01964795234309059	0.01747218143106176	0.09406474583713412	0.01108160203260519	0.04045931665298855	0.01147093817462337	0.1683157121415892	0.1019284161387008	0.02323655425401801	0.01559924628424611	0.01270187173539615	0.08644777007651172	-0.005866570955507418	0.03315951116286883	0.0202202165470507	0.1015657745084639	0.01324288427939094	0.0609871323483895	0.1353237184282037	0.01969610256948771	0.01458854782608981	0.11671495520031	0.01103359265280868	0.04127915443378858	0.01148383818120716	0.1610234524800553	0.09593898749480009	0.02215261249663123	0.01474086904158639	0.01221400114399378	0.09199797139403991
0.1666022148280807	-0.1950799297210506	0.2430073312045274	1.075739921146817	0.2787089965713616	0.1114328847152856	0.09074135416889345	-0.6742098937876472	-0.04046554636305016	-0.1656770584275469	-0.3669020640448715	-0.9930388430990829	1.300440009763403	0.02357345829618773	2.56608281263181	-1.554330545610439	0.8680367513684176	0.1349394122282479	2.775817546478647	3.466747594853522	-1.843843832324018	0.03512406659017216	0.01881056619589838	0.1163332160955007	0.01278679709186461	0.0619123522361405	0.1731253394032978	0.01965212979588851	0.01721961623401706	0.09579825655331907	0.0110773274345177	0.04052990086842989	0.0114722163775634	0.1678135460623199	0.101473722069048	0.0231397479974835	0.01552301050224114	0.01265835577415297	0.0868777259152442	-0.005634110838063969	0.03312183409693696	0.02040586965046247	0.1003337093414773	0.01329722594160476	0.06071332389498422	0.132670856824352	0.01969734533624769	0.01448900227672718	0.1183923315956962	0.01103184166762327	0.0413639783851992	0.01148731101318571	0.1603321258942416	0.09542469611463938	0.022042897530702	0.01469460134363655	0.01219012996322517	0.09239387454258635
0.1679140432912939	-0.1963929028177531	0.2447127515664538	1.075768210415195	0.2820824778613894	0.109411114485368	0.09189136876940457	-0.6740072282289333	-0.03683531561309036	-0.161133542651584	-0.3693218275259886	-1.008659600890101	1.299630107543799	0.01954816443201365	2.577025197810135	-1.528045415245577	0.8852172505734708	0.1740218664033431	2.758663475118518	3.460121643340626	-1.845078094548486	0.0349568095456092	0.01895553141363466	0.1151527253646173	0.01283360913653992	0.06180760232612018	0.1703986856204285	0.01965605566046935	0.01698009152454655	0.09752239231139292	0.01107327345613559	0.04060163987029564	0.01147368625527948	0.1672985927636209	0.1010143323851597	0.02304182300391692	0.0154493540498839	0.01261654643931886	0.08730480318079417	-0.00540165072062052	0.0330841570310051	0.02059152275387425	0.09910164417449076	0.01335156760381857	0.06043951544157894	0.1300179952205003	0.01969858810300767	0.01438945672736454	0.1200697079910825	0.01103009068243786	0.04144880233660982	0.01149078384516426	0.159640799308428	0.09491040473447868	0.02193318256477278	0.01464833364568671	0.01216625878245656	0.09278977769113281
0.1692258717545072	-0.1977261844443129	0.2464171248870652	1.075791188353671	0.2854700536949286	0.1074238051020465	0.09306373895618104	-0.6737533759812865	-0.03322810809461978	-0.156599224142535	-0.3717423291394273	-1.024000774033291	1.298843511449359	0.01547611462941229	2.587571553718695	-1.501790245170883	0.9021191016747039	0.2129768754922683	2.740713834119084	3.452723525061399	-1.84497167413109	0.03480106831965576	0.01910434776446431	0.1139662005306826	0.0128810940010179	0.06168802825895813	0.1676674201977659	0.01965984808245667	0.01675298716875286	0.09923485319562625	0.01106944215794475	0.04067451782099351	0.01147535396672783	0.16677035277515	0.1005501054479478	0.02294282821916518	0.01537823825161699	0.01257638565965847	0.0877288067203128	-0.00517383566488612	0.0330668823357586	0.02078664318057513	0.09786720703126636	0.01340644276277889	0.0601261351522492	0.127385325570446	0.01970204795851651	0.01430128166908022	0.1216636086191345	0.01102882737337423	0.04153556673682624	0.0114947793291547	0.1589097141263482	0.09438319712948724	0.02182238376581629	0.01460631118408404	0.01214447381921788	0.09317457188076884
0.1705377002177204	-0.199079406515699	0.2481204812860043	1.075808794399057	0.2888712045206154	0.1054709204008171	0.09425809650182666	-0.6734485070889326	-0.02964497343811671	-0.1520751205291376	-0.3741618184321595	-1.039060595169988	1.298079719308179	0.01135823205693436	2.597721489732922	-1.4755619041053	0.9187389486041612	0.2518013110370669	2.721962241087318	3.444548119921655	-1.843534720216348	0.03465674690106268	0.01925708604845898	0.1127739438866602	0.01292921667470921	0.0615532364646515	0.1649323926079212	0.0196636118950068	0.01653774978916234	0.1009335823777422	0.0110658353635972	0.04074852060547295	0.01147722496443165	0.1662283683903815	0.1000809129713538	0.02284280717580258	0.01530962869419433	0.01253782194538179	0.08814956082564133	-0.004946020609151722	0.03304960764051211	0.02098176360727601	0.09663276988804195	0.0134613179217392	0.05981275486291947	0.1247526559203919	0.01970550781402534	0.01421310661079591	0.1232575092471866	0.01102756406431061	0.04162233113704266	0.01149877481314514	0.1581786289442684	0.09385598952449578	0.02171158496685979	0.01456428872248137	0.01212268885597919	0.0935593660704049
0.1718495286809336	-0.2004521989394656	0.2498228504735605	1.075820968865699	0.2922854098124275	0.1035524261395228	0.09547406974373816	-0.6730927940883907	-0.02608696599931521	-0.1475622534645603	-0.3765785556315286	-1.053836444619537	1.29733829604165	0.007195589461583566	2.607473403869545	-1.449358981687971	0.9350725357919886	0.2904925653372146	2.702404525037393	3.435591757281263	-1.84078210267322	0.03452397724909514	0.01941382281418945	0.1115758952096724	0.01297793374456956	0.06140286968990608	0.16219470685619	0.01966752762293161	0.01633383617056814	0.1026152343290412	0.01106245603436199	0.04082361385675188	0.01147930828511257	0.1656731323831354	0.09960683306581178	0.02274191429117277	0.0152434649360016	0.01250079949042364	0.08856703086867133	-0.004729537788545368	0.03305804211237753	0.02118658549268112	0.09538629922899818	0.01351648992959833	0.05946023539801373	0.1221485934233269	0.01971306712450878	0.01413582207365139	0.1247295049293748	0.01102681640878535	0.04171052885796379	0.01150338096526724	0.1574357932334181	0.09332130698202785	0.02160233163300614	0.01452587264469055	0.0121028241991568	0.09393653571944929
0.1731613571441469	-0.2018441859319201	0.2515242615137098	1.075827654184325	0.2957121445672376	0.1016682878534768	0.09671127846107824	-0.6726864132282038	-0.02255514336264911	-0.1430616479738729	-0.3789908337191458	-1.068324434448263	1.296618937706565	0.002989534052226515	2.616823778798871	-1.423183142732557	0.9511143329597229	0.3290490016107758	2.682041165123454	3.425854252198782	-1.836736404231903	0.03440287554328515	0.01957462590061766	0.1103720000860644	0.01302720678831225	0.06123660570572691	0.1594553872141166	0.01967175545004314	0.01614076185282797	0.1042768138964502	0.0110593067904523	0.040899766935872	0.01148161192748898	0.1651050958887607	0.09912793676193817	0.02264028686026224	0.0151796932740237	0.01246526882054462	0.08898118537046014	-0.004513054967939014	0.03306647658424296	0.02139140737808623	0.0941398285699544	0.01357166193745746	0.05910771593310798	0.1195445309262619	0.01972062643499222	0.01405853753650688	0.126201500611563	0.01102606875326009	0.04179872657888493	0.01150798711738933	0.1566929575225677	0.09278662443955991	0.02149307829915249	0.01448745656689974	0.0120829595423344	0.09431370536849372
0.1744731856073601	-0.2032549880842928	0.2532247432316065	1.075828794020284	0.2991508803523357	0.0998184690309698	0.09796933737794783	-0.6722295419888021	-0.01905056179806364	-0.1385743285115539	-0.3813969663843181	-1.082520800348394	1.295921378997805	-0.001258508846755338	2.625769099262228	-1.397036538703558	0.9668590352418511	0.3674692522858629	2.660874132444349	3.41533681210286	-1.831421362529671	0.03429388465583164	0.01973957131547812	0.10916116070218	0.01307703725404595	0.06105422664681834	0.1567152556163269	0.01967655473842523	0.01595795908186907	0.1059149670325166	0.01105638965978859	0.04097693280481875	0.01148414540794424	0.1645266761263421	0.09864477921865414	0.02253820110949556	0.01511830563924248	0.01243120294893145	0.08939212233940545	-0.004300016575418582	0.03310855137855215	0.02160621757408157	0.09285254157649601	0.01362798483104612	0.05871830307225726	0.1169639501048257	0.01973478154298906	0.01398961373365387	0.1275367506848123	0.01102582659032314	0.04188792114273274	0.01151324836503496	0.15599790519291	0.09225765332226608	0.02138877091314838	0.01445361529740864	0.01206545844606121	0.09468663681576898
0.1757850140705733	-0.2046842205259656	0.2549243240222661	1.075824334593914	0.3026010837465863	0.09800292973379235	0.09924785336177724	-0.6717223600482823	-0.01557427200542488	-0.1341013153595343	-0.3837953119582132	-1.096423061325295	1.295245393381232	-0.005547043080204601	2.634307176549834	-1.370920936128803	0.9823029638611934	0.405752172027261	2.638907824939819	3.404043000640735	-1.824864285236984	0.03419739798328621	0.01990872642644023	0.107942375175052	0.01312742643741002	0.06085553536908687	0.1539750741552652	0.01968215561995344	0.01578492207864766	0.1075266842081572	0.0110537064347737	0.04105506952482151	0.01148691714701468	0.1639400871628663	0.09815786407262639	0.02243590260635461	0.01505929478167747	0.0123985779351075	0.08979992955260201	-0.004086978182898149	0.03315062617286135	0.0218210277700769	0.09156525458303766	0.01368430772463478	0.05832889021140654	0.1143833692833896	0.01974893665098589	0.01392068993080086	0.1288720007580616	0.01102558442738618	0.04197711570658054	0.0115185096126806	0.1553028528632523	0.09172868220497227	0.02128446352714427	0.01441977402791754	0.01204795734978803	0.09505956826304425
0.1770968425337866	-0.2061314966751988	0.2566230320839589	1.075814223436934	0.3060622199267407	0.09622162894563326	0.1005464306200147	-0.6711650480910513	-0.01212732143128306	-0.1296436251017495	-0.386184243961908	-1.110031439922937	1.294590661907687	-0.009874752668871778	2.6424391943695	-1.344833892186641	0.9974455209677096	0.4438958243385081	2.616140517495597	3.39197849293298	-1.817061985105966	0.03411360134478295	0.02008215300588091	0.1067127602540376	0.013178473661745	0.06064034666084823	0.1512341982137094	0.01968901838681947	0.01562122196176105	0.1091182814331243	0.01105126067980898	0.04113416565262586	0.01148994124735899	0.1633502689127782	0.09766847142621805	0.02233362958106616	0.01500248657232149	0.01236725739190573	0.0902044424654169	-0.00384668176008153	0.03322192480218861	0.02204579631869466	0.09018445235991536	0.0137440075007526	0.05790267079433561	0.1117853674319872	0.01977529182239532	0.01386121714367106	0.1303210602301469	0.01102588977654291	0.04206798771207594	0.01152456491392985	0.1547399180132161	0.09122700795428049	0.02118525335896678	0.01438669691032365	0.01203024333461495	0.09542167425100719
0.1784086709969998	-0.2075964372502147	0.2583208947567379	1.075798409791179	0.3095337650012411	0.09447454125010243	0.1018646800557646	-0.6705577927246673	-0.00871077509345004	-0.1252022596000546	-0.3885620963232281	-1.123354060697566	1.293956522203733	-0.01424099817234192	2.65017646879169	-1.318760012063135	1.012294960524075	0.4818953729257616	2.592553843471757	3.379154447709093	-1.807972376735449	0.03404265873879763	0.02025990581964379	0.1054696843005645	0.01323026686917911	0.06040849268618827	0.1484920300282692	0.01969755143576503	0.01546647663491511	0.1106953984035902	0.01104905554547517	0.04121421099382834	0.01149323018633013	0.1627617461400059	0.09717776216437399	0.02223159380056327	0.01494772653270275	0.01233712048680743	0.09060551277201263	-0.003606385337264911	0.03329322343151587	0.02227056486731242	0.08880365013679307	0.01380370727687042	0.05747645137726468	0.1091873655805848	0.01980164699380474	0.01380174435654126	0.1317701197022321	0.01102619512569964	0.04215885971757136	0.0115306202151791	0.15417698316318	0.09072533370358871	0.0210860431907893	0.01435361979272976	0.01201252931944186	0.09578378023897012
0.179720499460213	-0.2090786721834681	0.2600179387087629	1.07577684328206	0.3130152076766647	0.09276165848096517	0.1032022221533264	-0.6699007855256925	-0.005325721010209539	-0.120778210255365	-0.3909271279963169	-1.136406784211896	1.293341860167358	-0.01864597612589503	2.657540705313668	-1.29266809922928	1.026867967115983	0.5197423637608743	2.568099509603595	3.365580065377666	-1.797434368094354	0.03398226003350732	0.02044265198186512	0.1042103580716848	0.01328423840232599	0.06015921207438268	0.1457453686032231	0.01970798734851998	0.01531893796049569	0.1122992341668522	0.01104708147096128	0.04129540052584281	0.01149674093741838	0.162178410300931	0.09668703731153519	0.02212891226976367	0.01489512383012238	0.0123081600196797	0.09100198380149373	-0.003272708207835103	0.03333512924287044	0.02251949161233622	0.08732221449317204	0.01389737523396446	0.05699833664299848	0.1064951592382798	0.01983669933604171	0.0137201057880867	0.1343219357368032	0.01102676697445733	0.04225635234633975	0.01153623558774088	0.1537328229503687	0.09025617326326719	0.02096685452007828	0.01432710591084817	0.01199701375000939	0.09610800295691882
0.1810323279234263	-0.2105778762510089	0.2617141875198347	1.075749471080363	0.316506098217306	0.09108306335018397	0.1045587249121386	-0.6691942421339721	-0.001973395410318481	-0.1163724600473167	-0.3932771711815211	-1.149225025913233	1.292744258543185	-0.02309229670577426	2.664580586065354	-1.266485436342986	1.041202186918761	0.5574177359184753	2.542656339214372	3.351255774762337	-1.785121083492481	0.0339303446629451	0.02063098254147271	0.1029322361178629	0.01334165609702225	0.05989181928012692	0.1429912480756066	0.01972053245797643	0.0151770534544249	0.1139666789959627	0.0110453299992123	0.04137790815057846	0.01150043542448414	0.1616038248659054	0.09619747642386085	0.02202480012360677	0.01484477517823195	0.01228036959084777	0.09139281467429491	-0.002939031078405295	0.03337703505422501	0.02276841835736004	0.08584077884955101	0.01399104319105851	0.05652022190873228	0.1038029528959748	0.01987175167827867	0.01363846721963213	0.1368737517713743	0.01102733882321502	0.04235384497510813	0.01154185096030265	0.1532886627375574	0.08978701282294567	0.02084766584936727	0.01430059202896659	0.01198149818057691	0.09643222567486752
0.1823441563866395	-0.2120938469127736	0.2634096539095441	1.075716230646666	0.3200061559197564	0.08943915323723917	0.1059339814079282	-0.66843843374893	0.001344462077819152	-0.111986008420356	-0.3956093627951764	-1.162000138038976	1.292146047528133	-0.02759496926599237	2.67156005746545	-1.239708561060433	1.055491118225443	0.5948365916229609	2.515453834634538	3.336157851560548	-1.770185354413065	0.03388401424663226	0.02082587866606607	0.1016495467203996	0.0134029693738644	0.0596063480775746	0.1402517887187374	0.01973409037942028	0.01503970068862182	0.1156426241662216	0.01104376990992126	0.04146177497791111	0.01150426195622573	0.1610224640736797	0.09570493486846389	0.02191844822947213	0.01479684445583609	0.01225380228293191	0.09177939796594191	-0.002569964336063793	0.03336691458742368	0.02305132406514952	0.08471251621990872	0.01410182752628118	0.05600745341233634	0.1017430374781947	0.0198857857780851	0.01354246428544795	0.138040177302053	0.01102765222110988	0.04245498412872432	0.0115466676398714	0.1523982727013282	0.08920866294509208	0.02070691136674024	0.01428229747186097	0.01196951794321932	0.09678195875730072
0.1836559848498528	-0.2136265452352047	0.2651043351644296	1.075677047122634	0.3235153267246068	0.08783074069870891	0.1073279494785439	-0.6676337085340425	0.004625608338388917	-0.1076198537603222	-0.3979206681998118	-1.174727842960685	1.291547250118774	-0.03215307041580753	2.678474327440334	-1.212366204628146	1.069729658731459	0.6319958247046961	2.486686784650049	3.320311230549002	-1.753278187151046	0.03384068516515513	0.02102820956857951	0.1003752766121124	0.01346857596666253	0.05930282719857515	0.1375474750790882	0.01974768835721142	0.01490588332606211	0.117277715860144	0.01104237357359415	0.04154703768301625	0.01150817478269046	0.1604201118359854	0.09520565576239411	0.02180913741175379	0.01475147686040055	0.01222850508473779	0.09216298605635537	-0.002200897593722291	0.03335679412062237	0.02333422977293901	0.08358425359026643	0.01421261186150385	0.0554946849159404	0.09968312206041456	0.01989981987789152	0.01344646135126376	0.1392066028327317	0.01102796561900474	0.04255612328234052	0.01155148431944015	0.1515078826650989	0.08863031306723849	0.02056615688411322	0.01426400291475535	0.01195753770586173	0.09713169183973393
0.184967813313066	-0.2151758223361054	0.2667982384806436	1.075631855210512	0.3270334062943209	0.08625832797469576	0.1087404752385413	-0.6667803724894028	0.007868417827886894	-0.1032749539822644	-0.4002091650044346	-1.187246248223476	1.290962590878836	-0.036751963159703	2.685101305666264	-1.18490117166773	1.083753485502583	0.6689612862235221	2.457138427843911	3.303761446118721	-1.735645275983654	0.03380008240395165	0.02123762712185224	0.09910482521941712	0.01353674818543246	0.05898202235604596	0.1348795227405098	0.01976265426628919	0.01477793470293449	0.1188235686769629	0.01104104788554211	0.04163364064361529	0.01151206078662161	0.1597965507841679	0.09470023824647393	0.02169788046376216	0.01470823720956917	0.01220434212047088	0.09254300477081061	-0.00208042174720666	0.03334611588186753	0.02362420575014646	0.08234681440637853	0.01429284584405537	0.05496584413493561	0.09771728941818318	0.01994451339103009	0.01341053252414603	0.1389334676483758	0.01102650558234588	0.04265872823562972	0.01155391739775255	0.1505706452412572	0.08805506470129387	0.02044296854963073	0.01424091122026139	0.01194501853184709	0.09745993552115292
0.1862796417762792	-0.2167413733697543	0.2684913845955219	1.075580607097023	0.3305599753498356	0.08472201036425003	0.1101712447997683	-0.6658786627161628	0.01107195992753373	-0.09895222205264101	-0.4024741569847571	-1.199538911026555	1.290392828805092	-0.04138629200364206	2.691417309280415	-1.157335971099816	1.097543967649275	0.7057459070678135	2.426820131744133	3.286514359966607	-1.717442976691438	0.03376196077854111	0.02145382285183999	0.09783399418204378	0.01360595684553239	0.05864462034457513	0.1322490428283171	0.01978016625005486	0.01465792448764548	0.1202367394059757	0.01103971043552425	0.04172153426349861	0.0115158198307142	0.1591515807337603	0.09418922558598675	0.02158557760678584	0.01466673965542966	0.01218119303423598	0.09291893708575968	-0.00195994590069103	0.0333354376431127	0.02391418172735391	0.08110937522249062	0.01437307982660689	0.05443700335393083	0.09575145677595177	0.01998920690416867	0.01337460369702829	0.1386603324640199	0.01102504554568703	0.04276133318891892	0.01155635047606495	0.1496334078174155	0.08747981633534926	0.02031978021514823	0.01421781952576743	0.01193249935783245	0.09778817920257193
0.1875914702394925	-0.2183228878585839	0.2701837942460795	1.075523259213027	0.3340946052477746	0.08322188504321296	0.1116199371413189	-0.6649288071984547	0.01423527924409428	-0.09465256835529218	-0.4047149116118699	-1.211590323331384	1.28983958638012	-0.04605126184134047	2.697398235030072	-1.129712202420868	1.111085633502713	0.7423630551116671	2.39578864567904	3.268574578783989	-1.698543983266661	0.03372514668327801	0.02167733491232112	0.09654357901154281	0.01367965503283324	0.05829012105463304	0.1296301039360962	0.01979948843572441	0.01454275269486033	0.1216249136024159	0.01103841773382792	0.04181104063105021	0.01151951940204882	0.1584998754072106	0.09367801774794406	0.02147171293119769	0.014627462332752	0.01215918040596317	0.09328921990535453	-0.00169999052861028	0.03330180914533549	0.02423039502239176	0.07935344481071807	0.01453376593714248	0.05386328688746071	0.09310756384141802	0.02002204914732086	0.01328387102585083	0.1411087620125478	0.01102483623005589	0.04287432713648354	0.01156005317828049	0.1490912976401202	0.08703848455031367	0.02018258780110076	0.01420907951336314	0.0119247764882698	0.09806623862902439
0.1889032987027057	-0.2199200886865661	0.2718754871271254	1.075459769815288	0.3376369064511522	0.08175810471583854	0.1130862693594713	-0.6639310377573665	0.01735728108772047	-0.09037691395221513	-0.4069299130634422	-1.223454140181018	1.28930004941831	-0.05074957996313753	2.703112902084166	-1.101924772593071	1.12443753954209	0.7787949751310864	2.363827942775228	3.249925286047007	-1.678179951692936	0.03368859426613958	0.02190864003858892	0.09521606483992807	0.01376089905810231	0.05791807381971444	0.1269987238090488	0.01981996789856465	0.01442966889585691	0.1230847532641066	0.01103721979425275	0.04190244703177727	0.01152321923571036	0.1578548715352402	0.09317150868713983	0.02135582790982424	0.0145908289994917	0.01213841277202884	0.09365244574982266	-0.001440035156529531	0.03326818064755828	0.02454660831742961	0.07759751439894554	0.01469445204767808	0.05328957042099058	0.09046367090688429	0.02005489139047305	0.01319313835467337	0.1435571915610757	0.01102462691442475	0.04298732108404815	0.01156375588049603	0.1485491874628248	0.08659715276527806	0.02004539538705328	0.01420033950095885	0.01191705361870715	0.09834429805547686
0.1902151271659189	-0.2215327584264565	0.2735664796156602	1.075390093252778	0.3411865669872428	0.0803309394447411	0.1145700238705553	-0.6628856081280505	0.02043664798380618	-0.08612619684085665	-0.4091170473291371	-1.235189237361477	1.288770956103155	-0.05548502980981667	2.708637818420393	-1.073862560746785	1.137664142281208	0.8150194007256428	2.330753113532379	3.230557978461505	-1.656022800582581	0.03365454537469818	0.02214775753462493	0.09385886657113364	0.01385117320658003	0.0575285441293996	0.1243603177840992	0.01984143529242245	0.01431847575508901	0.1245831095953085	0.01103614390215204	0.04199540451069285	0.01152696722365468	0.1572137398534771	0.09266756846202934	0.02123832019895672	0.01455653240807652	0.01211873097534037	0.09400998157473429	-0.001333227945546636	0.03328835247096444	0.02487914398060314	0.07597367712881618	0.01490403289672737	0.05268338446200758	0.08795433192541902	0.02008614982337865	0.01310204546245504	0.1452306224173715	0.01102522194700203	0.04309569976247923	0.01156853975820719	0.1479359949346407	0.08610791648688788	0.01991339113985607	0.01418988093079006	0.01190821673672838	0.09864444942335279
0.1915269556291322	-0.2231607592641701	0.2752567837906458	1.075314179251956	0.3447433778405132	0.07894079944033182	0.1160710705251643	-0.6617928029023306	0.02347188019158603	-0.0819013417184505	-0.4112740159027254	-1.246827772085327	1.288250653695854	-0.06025911351505982	2.714014201598383	-1.0454764369434	1.150800961181893	0.8510233154919929	2.296540656777046	3.210496367349988	-1.632189650937695	0.03362499758215588	0.02239470445560553	0.0924787450643704	0.01395179066731399	0.05712158971245298	0.1217198908918955	0.01986374035976265	0.01420899809992492	0.1260901981682628	0.01103521420348529	0.04208960184256053	0.0115308057536495	0.1565738894601936	0.09216426681000048	0.02111954325313943	0.01452430015075882	0.01209999405438193	0.09436305735148416	-0.001226420734563742	0.0333085242943706	0.02521167964377668	0.07434983985868682	0.01511361374577667	0.05207719850302457	0.08544499294395373	0.02011740825628426	0.0130109525702367	0.1469040532736673	0.01102581697957932	0.04320407844091032	0.01157332363591836	0.1473228024064567	0.08561868020849769	0.01978138689265886	0.01417942236062127	0.0118993798547496	0.09894460079122872
0.1928387840923454	-0.2248039766205534	0.2769464105993663	1.075231976702805	0.3483071594627375	0.07758812711324556	0.1175893050030501	-0.6606529160634088	0.02646148084687898	-0.07770324712291347	-0.4133986222667294	-1.258394138022775	1.287737900424895	-0.06507259000786723	2.719273121064345	-1.016729576456296	1.163875012419318	0.8867967678967734	2.261175563075416	3.189766207180735	-1.606668005581865	0.03360306277777218	0.02264930204203993	0.09108313750535553	0.01406369038724333	0.05669726224067586	0.119083403969192	0.01988672320334583	0.01410087299012194	0.1276194673928682	0.0110344340100988	0.04218459596002515	0.01153474377937833	0.1559351604480617	0.09165948828831384	0.02100014517241188	0.0144941453756627	0.01208222022403471	0.0947107172897575	-0.00098387316155268	0.03341162218338984	0.02555604068487109	0.07288362455661933	0.01536537642394528	0.05143853177872321	0.08310134497614602	0.02014666280835211	0.01291501669762089	0.1489764547291292	0.01102677957416944	0.04330423104484107	0.01157849174988775	0.1467073510145265	0.08507420927511435	0.01966184075922126	0.01417337999080153	0.01189284145401547	0.09920998394299102
0.1941506125555586	-0.2264623271640903	0.2786353691521626	1.075143433945096	0.3518777729226694	0.07627341815565722	0.1191246570605652	-0.6594662561267725	0.02940391026201579	-0.07353277460399434	-0.4154885874852299	-1.269899671371131	1.28723183762365	-0.06992532949720799	2.724429950540787	-0.9875978796551846	1.176898244442603	0.9223330926474699	2.224623875674874	3.168384037294683	-1.579376121014306	0.03359151311585911	0.02291139192092428	0.08967882740699047	0.01418770245316125	0.05625560716175262	0.1164563621252194	0.01991024196621286	0.01399377850160743	0.1291830056694912	0.01103380625583976	0.04227999168631474	0.01153878923128209	0.1552974063426845	0.09115131653375599	0.02088070197369597	0.01446607967592361	0.01206542559955291	0.09505210018121731	-0.0007413255885416181	0.03351472007240907	0.02590040172596549	0.07141740925455183	0.01561713910211389	0.05079986505442186	0.08075769700833829	0.02017591736041996	0.01281908082500509	0.151048856184591	0.01102774216875956	0.04340438364877181	0.01158365986385713	0.1460918996225963	0.08452973834173098	0.01954229462578367	0.01416733762098178	0.01188630305328134	0.09947536709475334
0.1954624410187719	-0.2281357347568926	0.280323667891887	1.075048499603491	0.3554550894551628	0.07499718614046673	0.1206770637774614	-0.6582331367636034	0.03229759937816002	-0.06939077302471063	-0.4175415895354286	-1.281347959543493	1.286731982769423	-0.07481652844020442	2.729490025028039	-0.9580703373243212	1.189873989413932	0.9576287412946041	2.186871766292854	3.146363720609194	-1.550350358231203	0.03359267924338692	0.02318029993239235	0.08826908744138511	0.01432426225267512	0.05579714515756214	0.1138411144531508	0.0199349039126463	0.0138881349250278	0.1307575957579931	0.01103337248068747	0.04237541233457995	0.01154302485202396	0.1546519245086303	0.09063835162862954	0.0207619449849223	0.01444009617048715	0.01204963205319568	0.09538675771273139	-0.0003139035206785047	0.0336939404229193	0.02624442014540181	0.07002278512355635	0.01590326181608149	0.05014069048165404	0.07849638454162469	0.02022023657461959	0.01273474036812093	0.1525375160544052	0.01102994685909207	0.04349622419652082	0.01159091203001159	0.1452210802163469	0.08394143648613461	0.01943954438573734	0.01416530702365833	0.01188221504846491	0.09971584907779772
0.1967742694819851	-0.2298241127732634	0.2820113154005993	1.074947125471233	0.359038967014451	0.0737599325403986	0.1222464497518373	-0.6569538694619648	0.03514100618605935	-0.06527807020005703	-0.4195554953712989	-1.292723422930425	1.286238977560591	-0.07974336728598437	2.734432823910641	-0.9281717945258087	1.202784643130812	0.9926897585591282	2.147963992844614	3.123715461416912	-1.519770440171224	0.03360863600257655	0.02345542889972842	0.08685690234593776	0.01447375402058615	0.05532234359581872	0.111239826262146	0.01996124781068092	0.01378431494686777	0.1323223706555161	0.01103316945178104	0.04247052191074056	0.01154752388572973	0.1539907498097884	0.09011932574907766	0.02064452411132942	0.01441618870499464	0.01203485893977799	0.09571428536106197	0.0001135185471846089	0.03387316077342953	0.02658843856483813	0.06862816099256089	0.01618938453004909	0.04948151590888623	0.07623507207491108	0.02026455578881922	0.01265039991123677	0.1540261759242193	0.01103215154942459	0.04358806474426984	0.01159816419616606	0.1443502608100975	0.08335313463053826	0.01933679414569101	0.01416327642633489	0.01187812704364847	0.09995633106084209
0.1980860979451984	-0.2315273557609201	0.2836983210902165	1.074839266335645	0.3626292387646392	0.07256212812655839	0.1238327183956471	-0.6556287581224102	0.03793263986844637	-0.06119548576506466	-0.4215283491226542	-1.304000419915834	1.285754039181836	-0.08470190999410242	2.739224465551322	-0.8979451414796944	1.215601497618781	1.027526872930164	2.107968072691176	3.100447672749522	-1.487844688030516	0.03364070526858576	0.02373628522547926	0.08544436550175546	0.01463668022070449	0.05483186410097986	0.1086543351714579	0.01999007138093825	0.01368267384688436	0.1338490306498838	0.01103323231241999	0.04256507480564173	0.01155235113943743	0.1533104861389522	0.08959375391729223	0.02052880093619392	0.01439436906268345	0.01202111107531998	0.09603429370899819	0.0002723363314574508	0.03411339564065535	0.02693370654687916	0.06728473750942555	0.0165131104041038	0.04880731333193443	0.07404872015394917	0.0203306259261535	0.01257774374650623	0.1546853035520304	0.01103561051291531	0.04367332875739655	0.01160740718073909	0.1433492049226114	0.08274027914742291	0.01924503420502357	0.01416565735951249	0.01187618622695829	0.1001717464639348
0.1993979264084116	-0.2332453030673037	0.2853846973487346	1.074724885311572	0.3662256640057053	0.07140414595480044	0.1254357120770545	-0.6542580815143738	0.04067116216641441	-0.05714382815151323	-0.4234586247261628	-1.315141473811733	1.285279353421686	-0.08968657056491672	2.743814372256052	-0.8674592196664668	1.228283460829735	1.062158091893139	2.066990930048497	3.076564751842852	-1.454856239598896	0.03369006217595046	0.02402243174986607	0.0840333849806645	0.01481348429184286	0.05432630110692335	0.1060863314778643	0.02002208231979111	0.01358352657061591	0.1353121053202187	0.01103359216685228	0.04265885191666301	0.01155756397891037	0.1526080246086516	0.08906119712681794	0.02041509669289299	0.01437464763137343	0.01200839271019734	0.09634643109063562	0.0004311541157302926	0.03435363050788116	0.0272789745289202	0.06594131402629021	0.0168368362781585	0.04813311075498263	0.07186236823298729	0.02039669606348778	0.01250508758177568	0.1553444311798416	0.01103906947640602	0.04375859277052325	0.01161665016531213	0.1423481490351254	0.08212742366430759	0.01915327426435612	0.0141680382926901	0.01187424541026811	0.1003871618670275
0.2007097548716248	-0.2349777597831613	0.287070458651128	1.074603950686416	0.369827955489502	0.07028629542275784	0.1270552358072438	-0.6528421013052386	0.04335533067435537	-0.05312390288144107	-0.4253450034341812	-1.326111075591998	1.284817107407303	-0.0946917730706912	2.748154155361374	-0.8367780815587934	1.240791851795119	1.09660138801925	2.025117373426579	3.052070754809962	-1.420927809056892	0.03375743362411294	0.02431405655724841	0.08262456816460947	0.01500545226302713	0.05380582628093198	0.1035368468708233	0.02005712963012459	0.01348661290382497	0.136733767174096	0.01103425849897455	0.04275178761424406	0.01156317548203161	0.1518877839637495	0.08852202170804961	0.02030336104543705	0.0143570084009789	0.01199668361760417	0.09665058662801954	0.0006669242682731764	0.0346458322965575	0.02763943986639437	0.06461688132678542	0.01721798953180757	0.04743417986096875	0.06973419141846912	0.02046567716432689	0.01243147207805036	0.156498852554533	0.01104333637431779	0.04384070323612771	0.01162695998711336	0.1414348391330691	0.08151087701450845	0.01906435352585601	0.01417424446551048	0.01187390394274926	0.1005834901848656
0.202021583334838	-0.236724477274012	0.2887556227465328	1.074476439609749	0.3734357529093213	0.06920879557256304	0.1286910359028519	-0.6513810523112047	0.0459839896842141	-0.04913650560072039	-0.427186207800527	-1.336883302597543	1.284368857825571	-0.09971296006411379	2.752208665300753	-0.805940990961998	1.253098237668612	1.130869491507335	1.982361727944491	3.026972918368232	-1.385983908163976	0.03384346424884599	0.02461132645125995	0.08121846794569884	0.01521372033000006	0.05327059369483506	0.1010068260827568	0.02009507929391826	0.01339170201788805	0.1381339546798273	0.01103523970189193	0.04284382332784051	0.01156919722392073	0.1511538080853799	0.08797655967630183	0.02019354917393102	0.01434143713240873	0.01198596587400894	0.09694665950327555	0.0009026944208160602	0.03493803408523384	0.02799990520386856	0.06329244862728065	0.01759914278545664	0.04673524896695488	0.06760601460395096	0.02053465826516601	0.01235785657432503	0.1576532739292245	0.01104760327222956	0.04392281370173217	0.01163726980891459	0.1405215292310128	0.0808943303647093	0.0189754327873559	0.01418045063833087	0.01187356247523041	0.1007798185027037
0.2033334117980512	-0.2384851860295313	0.2904402086192379	1.07434233299893	0.3770486677579635	0.06817183564238816	0.1303428357097113	-0.6498751593517076	0.04855598443702049	-0.045182424564948	-0.4289808854086815	-1.347434823025892	1.283935965990685	-0.1047459672021964	2.755946550406494	-0.7749811290019134	1.265176882819767	1.164973080175754	1.938727041055372	3.001282403287507	-1.349974569510004	0.03394904113371545	0.02491444512756337	0.07981605370260988	0.01543961553770947	0.05272084758289759	0.09849762764610452	0.02013540020836409	0.01329848523199967	0.1395240043888628	0.01103654124195251	0.04293485849261054	0.01157563531385883	0.150407975063569	0.08742493585996947	0.02008565686024559	0.014327846498542	0.01197619581645232	0.09723497021869924	0.00113653229745282	0.03528887693397195	0.02837667303155612	0.06199847056467148	0.01804367996687735	0.0460140768892758	0.0655478332967098	0.02059722061043472	0.01228121305344608	0.1590868272978367	0.01105262332221499	0.04400067306057928	0.01164853854595989	0.1396372718308733	0.08026903144716793	0.01889022758359491	0.0141888014668247	0.01187421455793563	0.1009682565522241
0.2046452402612645	-0.2402595788177846	0.2921242374098151	1.074201618532799	0.3806662612379103	0.06717555351638277	0.1320103167956714	-0.6483246312422835	0.05107015704259683	-0.04126242049071845	-0.430727583996945	-1.357745836188708	1.283519536174587	-0.1097872274680187	2.759341658259438	-0.7439240349334011	1.277005752159003	1.19891977574543	1.894206685016617	2.975019538053724	-1.312835593499135	0.03407495100755493	0.02522359324142202	0.07841820732723596	0.01568430968062601	0.05215680741388931	0.09601049520592066	0.02017762118681661	0.01320668881120957	0.1409141293426913	0.01103816795669397	0.04302480336225037	0.01158249515895719	0.1496520040627547	0.0868672635699322	0.01997968026722522	0.01431615907262328	0.01196733477224046	0.09751580678904094	0.00137037017408958	0.03563971978271006	0.02875344085924368	0.06070449250206233	0.01848821714829806	0.04529290481159672	0.06348965198946864	0.02065978295570343	0.01220456953256712	0.1605203806664489	0.01105764337220043	0.04407853241942638	0.01165980728300518	0.1387530144307339	0.07964373252962656	0.01880502237983393	0.01419715229531853	0.01187486664064084	0.1011566946017446
0.2059570687244777	-0.242047331503414	0.2938077311810689	1.074054286903789	0.3842880723803812	0.06622006568597827	0.1336931418521964	-0.646729670713203	0.05352534374297387	-0.03737723438249965	-0.432424810987296	-1.367795058788968	1.283120735923734	-0.1148331415996072	2.762366145119177	-0.7127982162364986	1.288561101503234	1.232717151532466	1.848803344836508	2.948207491144195	-1.274561721470662	0.0342226493814725	0.02553857214983884	0.07702708477548501	0.0159481527452408	0.05157906215942166	0.09354745937394261	0.02022163251260062	0.01311633980598806	0.1422979933792204	0.01104013966790143	0.04311341899456601	0.01158981024232006	0.1488848642493931	0.08630329651315795	0.01987587088818981	0.01430628030397623	0.01195934530573815	0.09778919701614246	0.001508432598330885	0.03606623164837543	0.02913793160976579	0.05947503525865477	0.01897907025066868	0.04455895671083159	0.06152346056080358	0.02072362902582361	0.01213135927240515	0.1617706912378549	0.0110637611086822	0.04414840066621267	0.01167267649072015	0.1378192901510511	0.07900033146971838	0.01872940953878607	0.01420715580692565	0.0118764889120872	0.1013306241582637
0.207268897187691	-0.2438480773195559	0.2954907143826022	1.073900335537814	0.3879135845422994	0.06530542753833052	0.1353909261416694	-0.645090465447676	0.05592041016467413	-0.03352756423853471	-0.4340711317075782	-1.377555027454432	1.282741126858448	-0.1198796095090212	2.764984194376788	-0.6816450346498977	1.299812442615622	1.266374839670279	1.802547934988912	2.920872269209251	-1.235224424080114	0.03439342802541789	0.02585920602470253	0.07564464658010439	0.01623145216223389	0.0509881414807785	0.09111037911313985	0.02026733684557358	0.01302746214534762	0.14366988100141	0.01104247391888516	0.04320049216679856	0.01159761020208078	0.1481056123254186	0.08573281196984329	0.01977445203557935	0.01429812637749533	0.01195219426114555	0.09805516519217612	0.001646495022572189	0.0364927435140408	0.0295224223602879	0.05824557801524721	0.0194699233530393	0.04382500861006646	0.05955726913213852	0.02078747509594379	0.01205814901224318	0.1630210018092609	0.01106987884516397	0.04421826891299897	0.01168554569843512	0.1368855658713683	0.07835693040981019	0.0186537966977382	0.01421715931853276	0.01187811118353357	0.1015045537147828
0.2085807256509042	-0.2456614243172993	0.2971732129120084	1.073739765548047	0.3915422482254352	0.06443165583769953	0.1371032570150213	-0.6434071942595048	0.05825425404656059	-0.02971408484872011	-0.4356651809255013	-1.386995115658344	1.282382475644282	-0.1249222461063324	2.767155870751177	-0.6505115078642801	1.310725849435513	1.299903690182905	1.755478978173706	2.893040111497918	-1.194897364251121	0.03458921828575455	0.02618512402126812	0.07427353592460244	0.01653362419517801	0.05038468947253573	0.08870128915591086	0.02031492315712886	0.01294021125125544	0.1450247496927805	0.01104520075058982	0.04328571741487991	0.01160594595928786	0.1473125913075583	0.08515547296132563	0.01967578583011011	0.01429163371235006	0.01194586168852349	0.09831361834963884	0.001787816592906378	0.03701198274661423	0.02990984969223615	0.05710033688548573	0.01998723361900748	0.04308180912772053	0.05768909379366705	0.02085907659052006	0.01199138253667745	0.1640985554709429	0.01107739960472588	0.04427761982260157	0.01170053576211003	0.1358804146210853	0.07769216205820306	0.01859126409162802	0.01422916438676075	0.01188095819734067	0.1016608405307688
0.2098925541141174	-0.2474869198196983	0.2988552561607188	1.073572586340517	0.3951734349531604	0.06359867368118641	0.1388296545418618	-0.641680014488523	0.06052585120301238	-0.02593742552530811	-0.4372057415458201	-1.396076510930472	1.282047010617458	-0.1299559540776026	2.768830802291946	-0.6194577211640718	1.321258315722783	1.333317407288803	1.707647226505635	2.864736779818157	-1.15367626513962	0.03481173388140859	0.02651599772332767	0.07291615383814376	0.01685415110248072	0.04976928554043086	0.08632204784333236	0.02036455907533043	0.01285472482982793	0.1463580438452623	0.01104834675073591	0.04336882212392468	0.01161486258732555	0.1465042847471213	0.08457097470143198	0.01958019378845183	0.01428674594411448	0.01194032991616963	0.09856447190417499	0.001929138163240566	0.03753122197918767	0.03029727702418439	0.05595509575572425	0.02050454388497566	0.04233860964537459	0.05582091845519557	0.02093067808509632	0.01192461606111172	0.1651761091326248	0.0110849203642878	0.04433697073220418	0.01171552582578495	0.1348752633708024	0.07702739370659592	0.01852873148551785	0.01424116945498873	0.01188380521114778	0.1018171273467548
0.2112043825773307	-0.2493240754741241	0.3005368755673367	1.073398811932367	0.3988064699842699	0.06280634893714203	0.1405695992605482	-0.63990907087618	0.06273422376532424	-0.02219819316591365	-0.4386916780159887	-1.40475690041265	1.281737146244583	-0.1349753470194545	2.769954233511795	-0.5885485769367623	1.331362915303989	1.366630783146893	1.659104389326022	2.835987876506907	-1.111642888899181	0.03506302374607048	0.02685152820967903	0.07157489977452904	0.01719202915167779	0.0491424511429844	0.08397422448694197	0.02041639141046825	0.01277110071565886	0.1476698510786813	0.01105194280368154	0.04344951824514796	0.01162441022101042	0.1456795027350011	0.08397908078811203	0.01948799424972902	0.01428341127194701	0.0119355856187426	0.09880770796365859	0.002087618478260538	0.03815363016689363	0.0306878839259647	0.05489649655275755	0.02103654102154036	0.04158548868077367	0.05404445547174141	0.02100978062139124	0.01186356954157703	0.1662090272742552	0.01109397652222455	0.04438506140911948	0.01173281127109204	0.1338064707401781	0.07634271228513227	0.01847962616441444	0.01425520511413747	0.0118879517750204	0.1019574509178011
0.2125162110405439	-0.2511723233713723	0.3022181070614984	1.073218466170339	0.4024405760358955	0.06205442912148633	0.1423224833371645	-0.638094480895527	0.0648784829014955	-0.01849694993911259	-0.4401219856262117	-1.412987628621404	1.281455603295866	-0.1399745717559529	2.770463669438833	-0.557856788833352	1.340985525770056	1.399860205434913	1.609900565603941	2.806818944298468	-1.068865084488782	0.03534490435487932	0.02719145079000556	0.07025194965073517	0.01754637006490026	0.04850465552091903	0.08165924548449083	0.02047055038188142	0.01268942554638861	0.1489602427012551	0.01105601624317006	0.0435275486532446	0.01163463323701881	0.1448371561234032	0.08337957752719856	0.01939946976129946	0.0142815837755339	0.01193161699112418	0.0990433096409605	0.00224609879328051	0.03877603835459961	0.031078490827745	0.05383789734979084	0.02156853815810507	0.04083236771617275	0.05226799248828725	0.02108888315768616	0.01180252302204235	0.1672419454158855	0.0111030326801613	0.04443315208603478	0.01175009671639913	0.1327376781095538	0.07565803086366861	0.01843052084331104	0.01426924077328622	0.01189209833889302	0.1020977744888474
0.2138280395037571	-0.253031051722608	0.3038989890178395	1.073031578116241	0.4060749195504079	0.06134259650065232	0.1440876501014115	-0.6362363473576377	0.06695778339775571	-0.01483423569755243	-0.4414957175927973	-1.420717474074197	1.28120523055354	-0.1449476038355655	2.770293542275324	-0.5274582612392583	1.350069109627318	1.433022591048432	1.560085757115492	2.777255348880361	-1.025409640694336	0.03565921363147286	0.02753555958305782	0.06894926801467043	0.01791602546603881	0.04785638773930528	0.07937830314326101	0.02052707251669935	0.01260973862774752	0.1502296195897652	0.01106059513362482	0.04360267523864741	0.01164557405444772	0.1439766877502871	0.08277237283763847	0.01931485086051515	0.0142812183008899	0.01192841314850076	0.0992712619366399	0.002441744068680652	0.03950478065901621	0.03147329531117912	0.05286274498290602	0.02210807946449391	0.04007042710702326	0.0505780706661099	0.02117350151169347	0.01174623750983025	0.1682399091912471	0.01111367717064423	0.04447009707535419	0.01176969260110041	0.1316195209757674	0.07495639957279732	0.01839401585291446	0.01428526358377569	0.01189754959986481	0.102222158956558
0.2151398679669703	-0.2548995552468169	0.3055795649851586	1.072838187607399	0.4097085477243668	0.06067039584389062	0.1458643386554196	-0.6343347428782464	0.06897136731783403	-0.01121054641788187	-0.4428120393669089	-1.427890755352883	1.280989095591258	-0.1498881465266461	2.76937306913006	-0.4974343098441291	1.358551526169882	1.466135549715743	1.509709758859103	2.747321894232436	-0.9813381028142841	0.03600757857187244	0.02788367233972231	0.06766863213499591	0.01829997994125518	0.04719808797714763	0.07713247420239297	0.02058599020026023	0.01253207471179639	0.1514783366429789	0.01106570431249286	0.04367468539122717	0.01165727021948942	0.1430975874224262	0.08215738369782288	0.01923434204731876	0.01428227482212069	0.0119259644474447	0.09949155058843775	0.002637389344080794	0.04023352296343283	0.03186809979461323	0.0518875926160212	0.02264762077088275	0.03930848649787378	0.04888814884393254	0.02125811986570078	0.01168995199761816	0.1692378729666087	0.01112432166112715	0.0445070420646736	0.01178928848580168	0.1305013638419811	0.07425476828192604	0.01835751086251788	0.01430128639426517	0.01190300086083659	0.1023465434242686
0.2164516964301836	-0.2567770789007907	0.3072598812448001	1.072638340053463	0.4133404446075614	0.06003729947862954	0.147651732530073	-0.6323897245118267	0.07091852051258486	-0.007626356498331036	-0.4440701715883962	-1.434449723703559	1.280810371180269	-0.1547897795701243	2.767629082515004	-0.4678690019188166	1.366368262385264	1.49921694894705	1.458823795780913	2.717042994813917	-0.9367180745374032	0.03639146461070968	0.02823563396152523	0.06641157593905739	0.0186970260154763	0.04653030683226906	0.07492272610569457	0.02064727752211839	0.01245644672647548	0.152704926776129	0.01107136880862849	0.04374340089779196	0.01166975512246071	0.1421996931808988	0.08153464337239859	0.01915808874132383	0.01428471435010872	0.01192426097481054	0.09970416757880891	0.002820954001516772	0.04106719316170562	0.03226749344691725	0.05099148309685587	0.02318892104205099	0.03854100192970752	0.04728259179628116	0.02134695388251679	0.01163797834744911	0.1701478529183363	0.01113659193744115	0.04453338999519837	0.01181115112396128	0.1293434459903971	0.07353916427890327	0.01833251536073807	0.01431926687810363	0.01190973793600153	0.1024551350656755
0.2177635248933968	-0.2586627640273372	0.3089399897886276	1.072432092240029	0.4169694633169308	0.05944262894774881	0.1494488994619815	-0.6304013178380727	0.07279862134170825	-0.00408209857587816	-0.445269458837967	-1.440333651281488	1.280672414198419	-0.1596459154865152	2.764985035775488	-0.4388506836033786	1.373451427228541	1.532284910821488	1.407482421448566	2.686441987742836	-0.8916236713761118	0.03681216617188984	0.02859130719461615	0.06517948264002527	0.01910609658391164	0.04585353983589047	0.07274992635995649	0.02071091148359367	0.01238286604396165	0.1539080559936271	0.01107761077235808	0.04380866256190638	0.01168305831699013	0.1412828564964202	0.0809041823164502	0.01908621981093758	0.0142885023251463	0.01192329394821592	0.09990910496228399	0.003004518658952748	0.04190086335997841	0.03266688709922127	0.05009537357769057	0.02373022131321922	0.03777351736154128	0.04567703474862978	0.02143578789933281	0.01158600469728006	0.1710578328700639	0.01114886221375514	0.04455973792572313	0.01183301376212087	0.1281855281388131	0.07282356027588052	0.01830751985895826	0.01433724736194209	0.01191647501116648	0.1025637267070823
0.21907535335661	-0.2605556981906245	0.3106199455839818	1.072219506752211	0.4205943892693901	0.05888562762454146	0.1512548470500682	-0.6283695325352686	0.07461109628197445	-0.0005781850691094694	-0.4464093088052467	-1.44548086371291	1.280578638277851	-0.1644499363116606	2.761363418343914	-0.4104686709409029	1.379732022387663	1.565357430159493	1.355739343642408	2.655542130859315	-0.8461208910357477	0.0372707094194268	0.02895055481035119	0.0639734894402119	0.0195259605148857	0.04516843026755653	0.07061487581871659	0.02077682418948079	0.01231133024855222	0.155088899032688	0.01108445290757929	0.04387035628357452	0.0116972038737591	0.1403472838758724	0.08026614192945709	0.01901880396980155	0.01429358285792054	0.01192304608703233	0.1001064737969268	0.003151775054923373	0.04283508949852444	0.03307068726732332	0.04927345289552847	0.02426804337318455	0.03700472687389054	0.04415461420986425	0.02152777187286293	0.01153804493544829	0.1719516457627498	0.0111628003342343	0.04457636993214548	0.01185705885703815	0.1269980574332843	0.07209695199180348	0.01829282001793623	0.01435665477890637	0.01192429412772493	0.1026597327509507
0.2203871818198233	-0.2624548605150668	0.3122998096108605	1.072000657696145	0.4242138720282962	0.05836538277429607	0.153068461487602	-0.6262943474510462	0.07635546244603918	0.002885012593368035	-0.4474892355857124	-1.449829040782494	1.28053250491222	-0.1691952863878247	2.756686400098597	-0.3828121483651443	1.385140225827738	1.598451765208114	1.303644491477488	2.624367035995182	-0.8002654047639893	0.03776799762100416	0.02931325537874165	0.06279461713980797	0.01995553013145173	0.04447555695910881	0.06851828675734697	0.0208449554034108	0.0122418371152049	0.1562485113727214	0.01109191530648768	0.04392838006124846	0.0117122130967292	0.1393931640864031	0.0796206505461248	0.01895590195742254	0.0142999064204881	0.01192350208691253	0.1002963736268529	0.003299031450893999	0.04376931563707047	0.03347448743542539	0.04845153221336638	0.02480586543314987	0.03623593638623982	0.04263219367109871	0.02161975584639305	0.01149008517361651	0.1728454586554358	0.01117673845471345	0.04459300193856782	0.01188110395195544	0.1258105867277556	0.07137034370772644	0.0182781201769142	0.01437606219587065	0.01193211324428338	0.1027557387948191
0.2216990102830365	-0.2643591755427379	0.3139796458860918	1.071775624891832	0.4278264930923615	0.05788090372721676	0.1548885677990988	-0.6241757265176289	0.07803128005385004	0.006307143788426132	-0.4485088024379222	-1.453315957834855	1.280537491984042	-0.1738754734529382	2.750876479921845	-0.3559700238886734	1.389606304543922	1.631584701852153	1.251247576158774	2.592941212006036	-0.7541173267661506	0.03830455326734823	0.02967924607274532	0.0616437015592711	0.02039353703339244	0.04377568685735463	0.06646087903730809	0.02091526254690215	0.01217438416497044	0.1573862831646972	0.01110001972412105	0.04398268287419421	0.0117281014011083	0.1384209457212517	0.07896793397027953	0.01889751409949165	0.01430737539114827	0.01192462889941517	0.1004791090229439	0.003435916055925829	0.04479651239214474	0.03388155780658254	0.04770013830080982	0.02533453580577218	0.03547114064955958	0.04119346637642716	0.02171521783369324	0.01144612968274398	0.1736754125338716	0.011192408783045	0.0446010197330516	0.01190722706685634	0.1246013886431992	0.07063545855996872	0.01827240749489346	0.01439573730416917	0.01194059291400717	0.1028448459462953
0.2230108387462498	-0.2662674593881696	0.3156595245322869	1.071544499393855	0.4314306992592571	0.05743104489523614	0.1567138694756648	-0.6220136051809132	0.07963819667514244	0.009687902963472246	-0.4494676804724612	-1.455879858899265	1.280597103221013	-0.178484143673426	2.743857136077726	-0.3300305295867725	1.393061025112153	1.664772026673901	1.19859876591549	2.561291685588286	-0.7077398653988134	0.03888083220772259	0.03004838274362371	0.06052148840911638	0.02083886073645961	0.04306950986589683	0.06444328843680572	0.02098770784624433	0.01210896911708487	0.1585016554025175	0.01110878541252322	0.04403321901280392	0.01174488242949548	0.1374310392493704	0.07830819691857645	0.01884364042243088	0.01431590327601255	0.0119263972615619	0.100654954281494	0.00357280066095766	0.04582370914721901	0.0342886281777397	0.04694874438825326	0.02586320617839448	0.03470634491287935	0.03975473908175561	0.02181067982099344	0.01140217419187145	0.1745053664123076	0.01120807911137655	0.04460903752753538	0.01193335018175724	0.1233921905586429	0.06990057341221101	0.01826669481287271	0.01441541241246769	0.01194907258373096	0.1029339530977716
0.224322667209463	-0.2681784743013102	0.3173395187411828	1.071307377780023	0.4350248706674961	0.05701458370937033	0.1585430096195648	-0.6198079053088441	0.08117590394280935	0.01302700879518189	-0.4503655976748275	-1.457459647005984	1.280714845365299	-0.1830150381288699	2.735552827715042	-0.305081172148443	1.395435907048046	1.698028958052215	1.145748926140647	2.529447045263223	-0.6612006680721574	0.0394967930387744	0.0304204947962443	0.05942846091914933	0.02129032950122493	0.04235788388913794	0.0624661013591002	0.02106226941658729	0.01204558160348371	0.1595923484669408	0.01111823190003406	0.0440800077571912	0.01176255929233235	0.136423980053501	0.07764174563824579	0.01879420135631745	0.01432535481762312	0.01192875870436783	0.1008243656493998	0.003712686077416845	0.04693286680212195	0.03469815043989701	0.04626200219041095	0.02637997203161937	0.03395046588621663	0.03839876396324617	0.02190993729727447	0.01136203617516864	0.1752194987584609	0.01122551362780529	0.04460995949983033	0.01196133174037663	0.1221654378572262	0.06916032847963961	0.01826814067043977	0.01443413138180696	0.01195773967627499	0.1030214650354574
0.2256344956726762	-0.2700908772283906	0.3190197078318642	1.071064367390838	0.4386072575097881	0.05663014620979049	0.1603745133491086	-0.6175585231865391	0.08264418378982565	0.01632423288605132	-0.4512024058204943	-1.457996010412716	1.280894217943015	-0.1874621092238795	2.725890510172571	-0.2812075515609533	1.396664523004455	1.731369530090796	1.092750444357621	2.497439220125762	-0.614573634034592	0.0401523917574871	0.03079543116312257	0.05836504421472916	0.02174690819677593	0.04164158039478451	0.06052982952898103	0.02113892784414286	0.01198421235478178	0.1606562893666716	0.01112837646768447	0.04412306615707998	0.01178113474115514	0.1354002581878413	0.07696885761745687	0.01874912602902064	0.01433561018683785	0.01193167031421213	0.100987754501058	0.003852571493876029	0.04804202445702489	0.03510767270205432	0.04557525999256865	0.02689673788484426	0.03319458685955389	0.03704278884473673	0.0220091947735555	0.01132189815846585	0.1759336311046142	0.01124294814423403	0.04461088147212527	0.01198931329899602	0.1209386851558095	0.06842008354706819	0.01826958652800683	0.01445285035114622	0.01196640676881901	0.1031089769731432
0.2269463241358895	-0.2720032737018603	0.3207001741794683	1.070815580805414	0.4421760467259796	0.05627628415433605	0.162206848213216	-0.6152653430995008	0.08404286374793242	0.01957937546736166	-0.4519780175913025	-1.457431428777458	1.281138660749941	-0.1918194962261172	2.714799547379845	-0.2584924311796598	1.39668245646369	1.764806881445029	1.039652464229827	2.465301530476863	-0.5679175242414842	0.04084688848260479	0.03117301984624863	0.05733130354360805	0.02220767263840083	0.04092155833204368	0.05863493214964549	0.02121764666628225	0.01192483777778476	0.1616957188996617	0.0111392329292432	0.04416248939595022	0.0118005932978458	0.1343605637552827	0.07628993280752891	0.01870824326593491	0.01434652688320681	0.01193507690074401	0.1011456402891846	0.004003962082065694	0.04921660769020435	0.03551894701091562	0.04494454548788206	0.02740270757225	0.03245309167957845	0.03576845910508361	0.02211182905863108	0.01128524086414007	0.1766571275702702	0.01126209175389246	0.04460663020112279	0.01201874521418734	0.1197007805183383	0.06767801730744391	0.01827579354351053	0.01446993807413695	0.0119749266287468	0.1031983836173433
0.2282581525991027	-0.2739141728135179	0.3223810059961648	1.070561140418005	0.4457293072867244	0.05595141149502815	0.1640383737210486	-0.612928228328974	0.08537184902470098	0.02279229719835217	-0.4526924307379628	-1.455713148134867	1.281451408299248	-0.1960818368185834	2.702215684457345	-0.2370106206330238	1.395430586727447	1.798351890611793	0.9864946599166871	2.433069751891745	-0.5212708490947303	0.04157962099675402	0.03155310849784289	0.05632728538083101	0.0226718062976318	0.04019867966654115	0.05678180313090377	0.02129839354092476	0.01186743689060219	0.162712660752976	0.01115081350802575	0.04419836230622524	0.01182092126143371	0.1333055285511789	0.0756053334298919	0.01867140093453275	0.01435797866614151	0.0119389296013963	0.1012984916365575	0.00415535267025536	0.0503911909233838	0.03593022131977692	0.04431383098319548	0.02790867725965573	0.03171159649960301	0.0344941293654305	0.02221446334370667	0.01124858356981429	0.1773806240359263	0.01128123536355089	0.0446023789301203	0.01204817712937865	0.1184628758808671	0.06693595106781965	0.01828200055901423	0.01448702579712767	0.01198344648867458	0.1032877902615435
0.2295699810623159	-0.2758220385780316	0.3240622942773344	1.070301173200581	0.4492650533880666	0.05565387845579433	0.1658673988542111	-0.6105470331465028	0.08663107794852071	0.025962890489897	-0.4533456774245269	-1.452791253348532	1.281835585809346	-0.2002440441640098	2.68807838131076	-0.2168330203437109	1.392852993161693	1.832014267211857	0.9333153941449368	2.400779936922346	-0.4746805870177099	0.04234891859948578	0.03193546356292778	0.05535269645473806	0.02313865560987658	0.03947410978756089	0.05497096358978452	0.02138125555584096	0.01181200057220425	0.1637057043969008	0.01116312364791823	0.04423085346156715	0.01184208130294402	0.1322362780833322	0.07491555863478411	0.01863833798271439	0.01436986020346703	0.01194318126156351	0.1014467712803	0.004313134143740425	0.05160614221046547	0.03634111808232821	0.04373064804652195	0.02840647478306318	0.03099282900037264	0.03330474006776879	0.02232319261177083	0.01121564702096919	0.17801398111282	0.01130195151607413	0.04459510445059937	0.01207850729796077	0.1172287564495148	0.06619606605769066	0.018290266312423	0.01450278949529045	0.01199179271175149	0.103379568488362
0.2308818095255292	-0.2777252533307537	0.3257441352871416	1.070035814518275	0.4527812005537151	0.05538191830475479	0.1676921411965311	-0.6081215968731712	0.08782055568939649	0.02909111021656266	-0.4539378780259811	-1.448622263981195	1.282294092610972	-0.2043016079991434	2.672335351925387	-0.19802246209312	1.388901088328599	1.865801396609715	0.8801527337203576	2.368467456636079	-0.4282006237127117	0.04315329581221161	0.03231987804217927	0.05440725951824824	0.02360764304550052	0.03874889564788626	0.05320286214308256	0.02146630996756247	0.01175852066630757	0.1646735634697699	0.01117616816484724	0.04426011325277262	0.01186404038196167	0.1311538427293944	0.07422106029749002	0.01860882257764346	0.01438207818369442	0.01194779013401964	0.1015908967950537	0.004470915617225489	0.05282109349754713	0.03675201484487949	0.04314746510984842	0.02890427230647062	0.03027406150114227	0.03211535077010707	0.02243192187983499	0.0111827104721241	0.1786473381897137	0.01132266766859736	0.04458782997107844	0.01210883746654288	0.1159946370181625	0.06545618104756165	0.01829853206583176	0.01451855319345323	0.0120001389348284	0.1034713467151805
0.2321936379887424	-0.279622162706032	0.3274266277831023	1.069765203560048	0.4562756202801952	0.05513371086745645	0.1695107773568248	-0.6056517528540951	0.08894032131269793	0.03217694193042578	-0.4544692051973426	-1.44316616501901	1.282829733530361	-0.2082503011377023	2.654938652390273	-0.1806383067050346	1.38353030475404	1.899719605643925	0.8270477577037131	2.336166006741413	-0.3819003591519191	0.0439900732548703	0.03270609234805567	0.05349020636121902	0.02407859092784512	0.03802436383866081	0.05147798136086106	0.02155381490113955	0.01170700534393231	0.1656098919518104	0.01118994106480622	0.04428638921770464	0.01188674035376761	0.1300598833663463	0.07352244157969062	0.01858249722708524	0.01439460170432813	0.01195272876522476	0.1017311580297156	0.00461825126802649	0.05404551654798607	0.03716100095225872	0.04259923862575296	0.02940237147780179	0.02958597847149219	0.03101193717249623	0.02255103405806972	0.01115385262251943	0.1790371341356973	0.01134471898415561	0.04458009612121209	0.0121394544531139	0.1147835306281362	0.06472294359449141	0.01830566419300266	0.01453428771502264	0.01200857912663625	0.1035625961630568
0.2335054664519557	-0.2815110494987314	0.3291098752386336	1.069489486379213	0.459746109015967	0.05490733928291773	0.1713214143287141	-0.6031373252403583	0.0899904911823883	0.03522042571484601	-0.4549399720609968	-1.436391118161048	1.283445096101209	-0.2120865017791612	2.635850413492554	-0.1647317488128774	1.376705608963559	1.933773080318823	0.7740477735094241	2.303904244898948	-0.3358710096583232	0.04485687382114448	0.03309387631846388	0.05260083201967065	0.02455134236108502	0.0373017053948252	0.04979673309352673	0.02164399933273201	0.01165746176942405	0.1665089203424178	0.01120443704142382	0.04430990229787124	0.01191012975467514	0.1289559203089725	0.0728202482969945	0.01855904459339625	0.01440740338987683	0.01195797284999648	0.1018678165422998	0.004765586918827492	0.055269939598425	0.03756998705963795	0.0420510121416575	0.02990047064913296	0.02889789544184212	0.02990852357488538	0.02267014623630446	0.01112499477291476	0.179426930081681	0.01136677029971385	0.04457236227134573	0.01217007143968493	0.11357242423811	0.06398970614142116	0.01831279632017356	0.01455002223659205	0.01201701931844409	0.103653845610933
0.2348172949151689	-0.2833901705687999	0.330793983333373	1.069208812057727	0.4631904324518229	0.05470084405428469	0.1731221306795747	-0.6005781350196857	0.09097122338512498	0.03822162544592108	-0.4553505693854866	-1.428270624091061	1.284142572897365	-0.2158069828246484	2.615039403837682	-0.1503470905682866	1.368398090414463	1.967964585355437	0.7211970807287256	2.271707152460354	-0.2901897113846259	0.04575019515200184	0.03348302735519962	0.05173778411536956	0.02502640519488632	0.03658225228747228	0.04815934820547135	0.02173716018097539	0.01160988627154534	0.167368409222106	0.01121963486962696	0.04433097382789618	0.01193413631934465	0.1278439836376795	0.07211517968720234	0.01853801404192166	0.0144205289100644	0.01196351330704681	0.1020009456589544	0.004894995106428352	0.05647309997810821	0.03797739589597552	0.04152085715298762	0.03041413514327585	0.0282452702303053	0.02888681712994551	0.02280152428128533	0.0110999797018764	0.1796704748321658	0.01138979054063542	0.04456690609433499	0.01220043620148972	0.1124005980674487	0.06326773351862487	0.01831531352523749	0.0145673523290532	0.01202586536675785	0.1037398088525724
0.2361291233783821	-0.2852577469792031	0.3324790615134781	1.068923334522337	0.4666063147953717	0.05451220235657135	0.1749109664676024	-0.5979740012080614	0.09188274561821128	0.04118064158729177	-0.4557015097012097	-1.418790250349194	1.284924078142638	-0.2194094316436572	2.592489421201129	-0.1375124418695465	1.358592626632721	2.002293610601526	0.6685309755063954	2.239591583814176	-0.2449185558051421	0.04666693294905844	0.03387336579520065	0.05089983276565768	0.02550422889439784	0.03586719948635792	0.04656600868739056	0.02183356082620087	0.0115642755260497	0.1681863109383568	0.0112355157638685	0.04434989069548122	0.01195869608563756	0.1267259312785771	0.07140786824760081	0.01851900566506172	0.0144340187229172	0.01196934209646959	0.1021306114363671	0.005024403294029214	0.05767626035779141	0.03838480473231309	0.04099070216431774	0.03092779963741875	0.02759264501876849	0.02786511068500565	0.0229329023262662	0.01107496463083804	0.1799140195826506	0.011412810781557	0.04456144991732424	0.0122308009632945	0.1112287718967873	0.06254576089582861	0.01831783073030142	0.01458468242151436	0.0120347114150716	0.1038257720942117
0.2374409518415953	-0.287111989851924	0.3341652207932636	1.068633209518432	0.4699914694226527	0.05433937035402249	0.176685951590502	-0.5953247439929178	0.09272531462133492	0.04409758748892505	-0.4559933581438865	-1.40794187866803	1.285791273179157	-0.2228920127244308	2.568192097786343	-0.1262476239854121	1.347281320200243	2.036757977346333	0.616081244244513	2.207569883076336	-0.2001180487449989	0.04760312802033384	0.03426473430662985	0.05008527921786596	0.0259858357580128	0.03515779790052674	0.04501674458918369	0.02193349531717007	0.01152061030372694	0.1689598146246775	0.01125204181904648	0.04436701163349049	0.01198372879711892	0.1256037903397081	0.07069905866682114	0.01850150673401637	0.01444799831735474	0.01197547029797404	0.1022567137151875	0.005146815166592161	0.05883273939752139	0.03879091659044745	0.04046558379984301	0.03147105249663823	0.02697820769104463	0.02692137817986322	0.02307761484385117	0.01105342860426748	0.1799853285518381	0.0114363435026928	0.04456040205953354	0.01226045960059549	0.1101031522440008	0.06183869754599348	0.01831261212038668	0.01460559599395217	0.0120443849596784	0.1039020219215471
0.2387527803048086	-0.2889511073030405	0.3358525746373855	1.068338595164037	0.4733436089188309	0.05418028411527266	0.1784451149464802	-0.5926301902711496	0.09349923718766177	0.04697259003635006	-0.4562267805512858	-1.395730190236472	1.286745298488779	-0.2262538486139334	2.54215489706972	-0.1165557938145698	1.334470925667194	2.071352192417953	0.5638733337989401	2.175645183264045	-0.1558428313570422	0.04855527228727072	0.03465699334220881	0.04929258419782057	0.02647213062294433	0.03445516872671314	0.04351155529393701	0.02203722447446296	0.01147887350675011	0.1696863496796659	0.01126917948870938	0.0443826569712002	0.01200916341818399	0.1244794155032188	0.06998942426717827	0.01848506231275381	0.01446257886078245	0.01198190772018585	0.1023791618557101	0.005269227039155108	0.05998921843725137	0.03919702844858181	0.03994046543536827	0.0320143053558577	0.02636377036332077	0.02597764567472079	0.02322232736143613	0.01103189257769692	0.1800566375210255	0.0114598762238286	0.04455935420174283	0.01229011823789648	0.1089775325912143	0.06113163419615835	0.01830739351047193	0.01462650956638998	0.0120540585042852	0.1039782717488824
0.2400646087680218	-0.2907733143724299	0.3375412373938619	1.06803965013255	0.4766604558911594	0.05403288059568254	0.180186494584966	-0.58989017246808	0.09420484118132709	0.04980577679251633	-0.4564024912642337	-1.382165761729298	1.287787061903826	-0.2294944924443772	2.514392510804156	-0.1084327576225686	1.320174981697348	2.106069339548416	0.5119312468203246	2.143815932548113	-0.1121518881461663	0.04951951775482565	0.03504996622585339	0.04852020695461094	0.02696412962933216	0.03376041510801692	0.04205043941685355	0.02214510829932093	0.01143904625925345	0.1703608811555285	0.01128688346584412	0.04439716771297721	0.01203493205095344	0.1233541786668961	0.06927964236282982	0.01846917409825211	0.01447796704897475	0.01198868695222383	0.1024977115706262	0.005410908475736624	0.06108544774096845	0.03960076398842334	0.03941850398072484	0.03259106303504691	0.0257883936567715	0.02511168275526165	0.02338302734278318	0.01101377305038166	0.1798776930532446	0.01148361137994236	0.04456364513719937	0.0123190467675949	0.107886606889055	0.06044038739716497	0.01829283968540379	0.0146533277765895	0.01206508776825735	0.1040405081736638
0.241376437231235	-0.2925768537782857	0.3392313246416209	1.067736533230849	0.4799397698165232	0.05389511519302346	0.1819081628299796	-0.587104537188371	0.09484249532230736	0.05259726466243791	-0.4565213121265035	-1.367269665023267	1.288917063066974	-0.2326142384568951	2.48493240552479	-0.1018616213154325	1.304419140638087	2.140900121752585	0.460277696949059	2.112071496023694	-0.06910915800745024	0.05049245449392955	0.03544349618211656	0.04776675335055657	0.02746273245913214	0.03307452462622208	0.04063336785487458	0.02225746609463353	0.01140111178451299	0.1709788098662239	0.01130511365448993	0.04441084838747685	0.01206097459786787	0.1222293345539578	0.06857032507171767	0.01845339999337372	0.01449434598560288	0.01199583684477378	0.1026121419916474	0.005552589912318139	0.06218167704468553	0.04000449952826486	0.03889654252608141	0.03316782071423612	0.02521301695022224	0.02424571983580252	0.02354372732413024	0.0109956535230664	0.1796987485854636	0.01150734653605612	0.0445679360726559	0.01234797529729332	0.1067956811868958	0.05974914059817159	0.01827828586033566	0.01468014598678902	0.0120761170322295	0.1041027445984453
0.2426882656944483	-0.2943599889785428	0.3409229523070129	1.067429402846431	0.4831793370007532	0.05376496091724335	0.183608217110528	-0.5842731396796421	0.09541258760223188	0.05534715919316619	-0.4565841189388288	-1.351067340030337	1.290135623195074	-0.2356136870179363	2.453807344665438	-0.09681991135166536	1.287234098506479	2.175834305838635	0.4089330268111759	2.080396499944008	-0.02677032694498695	0.05147081515004294	0.0358373179641906	0.04703131853241075	0.02796842394875395	0.03239842906117178	0.03926044869720309	0.0223748578128823	0.01136506893928813	0.1715375589383815	0.01132383143457589	0.04442397917893311	0.01208726044781872	0.1211050614346084	0.06786193500974576	0.01843732360292276	0.01451199848621887	0.01200340969365106	0.1027219541542039	0.00573888253910889	0.06321601852366712	0.04040305029394364	0.0383880397351492	0.03376967306535392	0.02467651911437276	0.02346063849852982	0.02372642673207744	0.01098128112616791	0.1793240689538041	0.01153126411051077	0.04457737994555495	0.01237676023751843	0.1057106077397764	0.05907061837686596	0.01825440016802691	0.01471538142088296	0.01208907067726737	0.1041431063335951
0.2440000941576615	-0.2961210338968567	0.3426162366134085	1.067118415894089	0.4863770082940644	0.05364043801282131	0.185284815418704	-0.5813958543474901	0.09591553691341327	0.05805553097784096	-0.4565918760526916	-1.333591051468586	1.291442760697297	-0.2384939217094319	2.421058367557472	-0.09327609132312657	1.26865840966887	2.210860218961366	0.3579122269329637	2.048766350277384	0.01481903835513041	0.05245170295608361	0.03623119607987906	0.04631308276852068	0.02848163375531008	0.03173296133676364	0.03793175180325913	0.02249778007845022	0.01133091665377372	0.1720347588159772	0.01134300262906732	0.04443681031584518	0.01211376250592306	0.1199815222117307	0.06715489001302656	0.01842057551079979	0.01453117507827549	0.01201145179537544	0.1028266970287342	0.005925175165899641	0.06425036000264872	0.04080160105962242	0.03787953694421698	0.03437152541647173	0.02414002127852328	0.02267555716125714	0.02390912614002464	0.01096690872926941	0.1789493893221445	0.01155518168496543	0.044586823818454	0.01240554517774354	0.1046255342926571	0.05839209615556033	0.01823051447571816	0.0147506168549769	0.01210202432230523	0.1041834680687449
0.2453119226208747	-0.2978583321436404	0.3443112937361496	1.066803728236245	0.4895306722136357	0.05351959618917707	0.1869361511617145	-0.5784725661114231	0.09635177452532952	0.06072242716790899	-0.4565455895742409	-1.314875176287335	1.292838412611839	-0.2412561617468826	2.386728975630315	-0.09119638992863925	1.248733119938002	2.245965877772824	0.3072311692780405	2.017152949389175	0.0556034036317597	0.05343251886336133	0.03662474223245017	0.04561190621339906	0.0290021654397185	0.03107891247821973	0.03664747267261928	0.02262718850344392	0.01129869410868241	0.1724639676429925	0.01136260349091711	0.0444495602841451	0.01214050010029841	0.1188578583992402	0.06644938115310985	0.01840281586627413	0.01455215302517445	0.01202000771702024	0.1029257928571838	0.006178488671380362	0.06522576328575845	0.04119098194506252	0.03740008352997443	0.0349844074213983	0.02364237030938903	0.02197429546988048	0.02412514374416185	0.0109571905586859	0.1782525747263238	0.01157947174823748	0.04460098224143828	0.01243520034826668	0.1035178905045681	0.05772101446114913	0.01819748557555696	0.01479521244909371	0.0121169250011349	0.1041978979979641
0.246623751084088	-0.2995702890592922	0.3460082397040063	1.066485493543491	0.4926382950084965	0.05340054489176158	0.1885604915499133	-0.575503180753164	0.09672176373455348	0.06334784091256718	-0.4564463735297606	-1.294955922202995	1.29432247430486	-0.2439016941477471	2.350864549324437	-0.09054627377844052	1.227501573129686	2.281139410886838	0.2569106030250921	1.985522646465754	0.09551490269137941	0.05441095665238715	0.03701761153207881	0.04492765819887296	0.02952984568940337	0.03043698835554283	0.03540775981590987	0.02276393056088122	0.01126843594068334	0.1728192877496563	0.01138261300672165	0.04446242421627802	0.01216749033902221	0.1177332853858765	0.06574558079454286	0.01838374315781561	0.01457517792036869	0.01202911691233521	0.103018719285956	0.006431802176861084	0.06620116656886818	0.04158036283050261	0.03692063011573189	0.03559728942632487	0.02314471934025478	0.02127303377850383	0.02434116134829907	0.01094747238810238	0.1775557601305031	0.01160376181150954	0.04461514066442255	0.01246485551878983	0.102410246716479	0.05704993276673792	0.01816445667539576	0.01483980804321052	0.01213182567996457	0.1042123279271832
0.2479355795473012	-0.3012553416641015	0.3477071904555563	1.066163864373928	0.4956978825731508	0.05328142338539209	0.1901561417402903	-0.5724876143589738	0.09702598771360288	0.06593173513902116	-0.4562954093592667	-1.273868804263648	1.295894906945348	-0.2464316941327402	2.313509361150263	-0.0912937589938736	1.205006449855467	2.316369407310841	0.2069782614036295	1.953842686877892	0.1344608402264354	0.05538490535635717	0.03740945498183577	0.04426037274550031	0.03006440421190851	0.0298077448462437	0.03421251381052184	0.02290927304301087	0.01124020238306442	0.1730859408107439	0.01140301970253099	0.04447561298909424	0.01219481002089738	0.1166071542456307	0.06504349489554777	0.01836301213916491	0.01460039110763649	0.01203877121670739	0.1031054336975284	0.006586546130995164	0.06711894083052955	0.04195998667221	0.03647404144169896	0.0362186959025232	0.02268318722339544	0.02064971152656753	0.02460138468219492	0.01094303199764471	0.176259861649802	0.01162861189332802	0.04463465689339094	0.01249675393152724	0.1012829380657605	0.05638226338875593	0.01812088096577609	0.01489172060002492	0.01214764919371235	0.1042131745668455
0.2492474080105144	-0.302911988161105	0.3494082620446832	1.065838991457267	0.4987075163436462	0.05316042168092247	0.1917214809107729	-0.5694258018865574	0.09726499300274141	0.06847402010243327	-0.4560940737894509	-1.25164826635801	1.297555881210407	-0.2488470771362586	2.274705515985212	-0.09341280428860384	1.181289708168912	2.351645699632416	0.1574788685180653	1.92208559782289	0.172310612602497	0.05635248956833874	0.03779996244766408	0.0436100756528142	0.03060560229769189	0.02919167646274647	0.03306161719978288	0.02306433919462306	0.01121404670909893	0.1732504063790229	0.01142381342744166	0.04448931494085894	0.01222252712354241	0.1154788722537396	0.06434312859568962	0.01834031649716627	0.01462791776262334	0.01204896340122514	0.1031858972174623	0.006741290085129244	0.06803671509219091	0.04233961051391739	0.03602745276766604	0.03684010237872153	0.0222216551065361	0.02002638927463124	0.02486160801609078	0.01093859160718704	0.174963963169101	0.0116534619751465	0.04465417312235933	0.01252865234426466	0.100155629415042	0.05571459401077392	0.01807730525615642	0.01494363315683933	0.01216347270746013	0.1042140212065079
0.2505592364737277	-0.3045387563276868	0.35111157072538	1.065511024805841	0.5016653137446115	0.05303575107388873	0.1932549243874147	-0.5663176868732288	0.09743936782692607	0.07097458348152842	-0.4558438543646796	-1.228328234394668	1.299305619569888	-0.2511486474702112	2.234494232503083	-0.09687863699288631	1.156392821623074	2.386958407313297	0.1084569354975183	1.89022897102722	0.2089575589219165	0.0573120177307995	0.03818904409308532	0.04297632276503662	0.03115377701608396	0.02858896277351631	0.03195438556523965	0.02323022396938579	0.01118999595924351	0.1733067237065279	0.01144498929939221	0.04450377218657165	0.01225078573360563	0.1143492447915902	0.06364442913290719	0.01831525567435254	0.01465779449976045	0.01205964072326605	0.1032606766082402	0.006616858721736999	0.06889854821905776	0.04271432013384979	0.03560231499436649	0.03748331024012926	0.02178939416367347	0.01946732484209829	0.02516692892341442	0.01093890776591697	0.1732800483900884	0.01167897764249584	0.04468060669389078	0.01256460644200427	0.09904686116155298	0.05504887002764905	0.01802061395949995	0.01500101571893001	0.01217918018192781	0.1042177167284546
0.2518710649369409	-0.3061342349214639	0.3528172330984293	1.065180112975386	0.5045694659752845	0.05290566847303924	0.1947549620821124	-0.5631632305458717	0.09754977181127898	0.0734332844968963	-0.4555464018032074	-1.203944509841333	1.301144296088111	-0.2533372663528332	2.192918649035068	-0.1016638736928666	1.130359601270408	2.422297183890992	0.05994959314749154	1.858262674531033	0.2443217602240442	0.0582619846817773	0.03857661993557884	0.04235871055760349	0.03170922746785703	0.02799976103443682	0.03089017595855554	0.02340789786366883	0.01116807401583835	0.1732493866311506	0.01146654300185566	0.04451920096154366	0.01227971338709351	0.113219007666884	0.06294734864726503	0.01828747425810937	0.01469005371850731	0.01207075649061444	0.1033302837904565	0.006492427358344752	0.0697603813459246	0.0430890297537822	0.03517717722106694	0.03812651810153701	0.02135713322081083	0.01890826040956534	0.02547224983073807	0.01093922392464689	0.1715961336110757	0.01170449330984517	0.04470704026542222	0.01260056053974387	0.09793809290806389	0.05438314604452418	0.01796392266284349	0.0150583982810207	0.01219488765639549	0.1042214122504014
0.2531828934001542	-0.3076970448643804	0.3545253658949123	1.06484640372341	0.5074182028967086	0.05276845591657926	0.1962201232682808	-0.5599624033450948	0.09759689480434498	0.07584997597522083	-0.4552034261355499	-1.178534972109441	1.303071990056144	-0.2554139458031372	2.150024356051291	-0.1077374882172301	1.10323630707974	2.457651049855145	0.01198617177307399	1.826180937783179	0.2783528704624175	0.05920126833059382	0.03896272141597366	0.04175683317000591	0.03227232813262058	0.02742400645963109	0.02986809637573971	0.02359830308699084	0.01114829809217374	0.1730812930991271	0.01148850598513915	0.0445358149373063	0.0123095570862213	0.1120894523759714	0.06225172653606482	0.01825661963381071	0.01472479025807905	0.01208226620357682	0.1033952127214129	0.006299811095805282	0.07057352558034309	0.04346138594523154	0.03477291704932789	0.03879377424697598	0.02094909331386069	0.01840677973184628	0.02582336394700644	0.01094417815717836	0.1697724679747134	0.01173147666833448	0.04474061751046222	0.01264344378925718	0.09686408187210381	0.05371645629589084	0.01789371004033872	0.01512271622547283	0.01221046650742889	0.1042281572536139
0.2544947218633674	-0.3092258754102165	0.3562360857861679	1.064510042820387	0.5102098368887396	0.05262245528724065	0.1976490203722518	-0.5567151962162042	0.09758146220948082	0.07822450690712551	-0.4548166832615926	-1.15213987528865	1.305088553870941	-0.2573799458606678	2.105860118567169	-0.1150620779869574	1.075071759632905	2.493007538782229	-0.03542200404107853	1.793985145015293	0.3110487866277739	0.06012886779344585	0.03934737631225392	0.04117032208958277	0.0328434113419873	0.02686163767039898	0.02888731985386468	0.02380227432910817	0.01113068337131763	0.1728050252053659	0.01151090608784737	0.04455380493942012	0.0123405354605902	0.1109617581233345	0.06155741767142559	0.01822237888667289	0.01476208809005964	0.01209413046798965	0.1034559096653259	0.00610719483326581	0.07138666981476156	0.04383374213668087	0.03436865687758883	0.03946103039241496	0.02054105340691055	0.01790529905412722	0.0261744780632748	0.01094913238970983	0.1679488023383511	0.01175846002682379	0.04477419475550221	0.01268632703877048	0.09579007083614373	0.05304976654725748	0.01782349741783395	0.01518703416992495	0.01222604535846229	0.1042349022568263
0.2558065503265806	-0.3107194521494795	0.3579495092533968	1.06417117483174	0.5129427243736886	0.05246604310308416	0.1990403098302451	-0.5534216114107868	0.09750420655758994	0.0805567287195937	-0.4543879329380095	-1.12480057185795	1.307193796267858	-0.259236631385787	2.06047596071187	-0.1235990144850811	1.045916154312972	2.528353858336576	-0.08226305799646398	1.761677417350015	0.3423848802534918	0.06104415609788907	0.03973047495149302	0.04059955865818732	0.03342211583983568	0.02631258608493772	0.02794711938837608	0.02402127175340338	0.01111533402989339	0.172413947126246	0.01153386647606632	0.0445732844056719	0.01237305015090383	0.1098357465713585	0.06086405552304016	0.01818456074942593	0.01480205163900349	0.01210630640721742	0.1035122215150898	0.006193521444380584	0.07215895122997207	0.04420047320709801	0.03400290951374122	0.04013639278978601	0.02015696344880421	0.01746275530404931	0.02658710601888644	0.0109607531256134	0.1657105068023255	0.01178910153040729	0.04481328786662197	0.01274057357777893	0.09471468079100068	0.05237635530732811	0.01774214209842228	0.01525886675064573	0.0122413643518505	0.1042289769079384
0.2571183787897938	-0.3121765698623434	0.3596657525804983	1.063829942176659	0.5156153052931234	0.05229765791412577	0.2003927324143506	-0.5500816727661366	0.09736588954650958	0.08284649557850936	-0.4539189984656888	-1.096554823710788	1.309387682909555	-0.2609850916064587	2.013917357782291	-0.1333159962945229	1.015815728916639	2.563678118846821	-0.1285155156581516	1.729258765442256	0.3723131206138683	0.06194657152373408	0.04011191966779611	0.04004488097936889	0.03400812230678264	0.02577678706659605	0.02704681903063903	0.02425658882664728	0.01110234223397771	0.1719019189254032	0.01155749615934045	0.0445943546356134	0.01240745665756274	0.1087112546596319	0.06017130931255012	0.01814299543192814	0.01484477336119506	0.01211875606436016	0.1035640096965737	0.006279848055495357	0.07293123264518257	0.04456720427751514	0.03363716214989361	0.04081175518715708	0.01977287349069787	0.01702021155397139	0.02699973397449809	0.01097237386151697	0.1634722112662999	0.01181974303399079	0.04485238097774173	0.01279482011678738	0.09363929074585761	0.05170294406739873	0.0176607867790106	0.01533069933136651	0.01225668334523872	0.1042230515590505
0.2584302072530071	-0.313596055914435	0.3613849320499887	1.063486486355469	0.5182260587508211	0.05211576542826504	0.2017050688957392	-0.5466954143676944	0.09716729441201935	0.08509366263098556	-0.4534117569553953	-1.067438647589106	1.311670327962277	-0.2626262405452714	1.966227246991763	-0.1441851853390914	0.9848149841015986	2.598969277756401	-0.1741476065618245	1.696733274098944	0.4007500893423902	0.06283520604528213	0.04049166082133569	0.03950647156137615	0.03460156162434011	0.02525416858962481	0.02618554709901688	0.02451028021689345	0.0110919177550487	0.1712506567307534	0.011582061295506	0.04461708167802431	0.01244433934680789	0.1075861733419018	0.05947883584084174	0.01809757519255818	0.01489017007533973	0.01213138869142903	0.1036118440764356	0.006839271181863359	0.07365301753468703	0.04492932659703861	0.03330656211233503	0.04150550058605333	0.01941245604891863	0.01663119913221627	0.0274934217511288	0.01099343725932377	0.1604452246522821	0.01185773814630857	0.04489626805948646	0.01286608623992405	0.09250885146922121	0.05102210235431712	0.0175694895679849	0.01540617345555242	0.0122704977373554	0.1042235647173853
0.2597420357162203	-0.3149767949378031	0.3631071645716353	1.063140947853992	0.5207735309618912	0.05191886762926592	0.2029761718502752	-0.5432628870626078	0.09690928231204689	0.08729810117284378	-0.4528682812493378	-1.037481507586115	1.314042334485725	-0.2641603242006451	1.917439429048339	-0.1561929403486264	0.9529515237164582	2.634219211570768	-0.2191020017197182	1.664115323634116	0.4275553973228292	0.06370924690906585	0.04086965408543167	0.0389844898770851	0.03520255046333483	0.02474466307894381	0.02536250045953636	0.02478416554549517	0.01108424621758648	0.1704433124705846	0.01160779744202829	0.04464152450641951	0.01248421542887355	0.1064585781448851	0.05878632555969069	0.01804820433597158	0.0149381680715574	0.01214412395200686	0.1036562396858434	0.00739869430823136	0.07437480242419148	0.04529144891656209	0.03297596207477647	0.04219924598494958	0.01905203860713939	0.01624218671046115	0.02798710952775951	0.01101450065713057	0.1574182380382644	0.01189573325862634	0.0449401551412312	0.01293735236306072	0.09137841219258479	0.0503412606412355	0.01747819235695919	0.01548164757973832	0.01228431212947208	0.1042240778757201
0.2610538641794335	-0.3163176936705109	0.3648325677360277	1.062793467257231	0.5232562931574047	0.05170547291762869	0.2042049225076434	-0.5397841478644595	0.09659276921682719	0.08945969768293983	-0.4522907658521755	-1.006707300368425	1.316504504435999	-0.2655870912177004	1.867580844888691	-0.1693332087097973	0.9202563998459435	2.669421104277232	-0.263318821227683	1.63142453041662	0.4526112425201851	0.06456622385384331	0.04124641694894818	0.03847674679743686	0.03581432962553346	0.02424811840029747	0.02457630475845026	0.02507993476407579	0.01107953910969289	0.1694713158344402	0.01163520240723249	0.04466782475037595	0.01252778659911165	0.1053279246222008	0.05809401613508587	0.01799469779444512	0.01498883713974817	0.01215691117566736	0.1036983447819862	0.007243523146546726	0.07500286675673767	0.04566246066770748	0.0326242262641938	0.04298609057756701	0.01871321735668506	0.01589241800928431	0.02856142929359255	0.01104583775710528	0.1538340455943046	0.01194732059015122	0.04499092716769637	0.0130305083510597	0.09022855818595289	0.04966632849551792	0.01737477898682109	0.01556393383251491	0.01229718576752955	0.1042489679798087
0.2623656926426468	-0.3176177047367266	0.3665612604324893	1.062444185399351	0.5256729680598405	0.05147410542402497	0.2053902613214878	-0.536259266085844	0.09621876970807267	0.09157837941841496	-0.4516815910483025	-0.9751445973901336	1.319057520883144	-0.2669065080548818	1.816683431044845	-0.1835940564720318	0.8867662795919902	2.704567708657843	-0.3067451885124565	1.598687905675031	0.4758229987011915	0.06540393080468684	0.04162240951276702	0.03798127683332772	0.03643977175164543	0.02376439560758402	0.02382570970542543	0.02539908306009186	0.01107798354854703	0.1683266676325088	0.0116647167410321	0.0446961088788012	0.01257567385145643	0.1041937164793595	0.05740212180915846	0.0179368912393169	0.01504223906436286	0.01216970550491324	0.1037391974322755	0.007088351984862093	0.07563093108928384	0.04603347241885288	0.03227249045361114	0.04377293517018443	0.01837439610623073	0.01554264930810747	0.02913574905942558	0.01107717485707998	0.1502498531503447	0.0119989079216761	0.04504169919416155	0.01312366433905868	0.08907870417932102	0.04899139634980034	0.01727136561668299	0.01564622008529151	0.01231005940558702	0.1042738580838973
0.26367752110586	-0.3188758073272749	0.36829336210196	1.062093243058529	0.5280222080882276	0.05122330188935805	0.2065311626924823	-0.5326883175468043	0.09578834159577969	0.0936540973492702	-0.4510432025679914	-0.9428295971609989	1.321701709141774	-0.2681190838653711	1.764788448271622	-0.1989516305619045	0.8525265365356692	2.739650016533353	-0.3493434420908764	1.565922388834935	0.4971518224208408	0.06621789077608815	0.04199877692044043	0.03749315478038062	0.03708592415977255	0.02329338753286497	0.0231091858399214	0.02574230675525634	0.01107972331813101	0.1670188610245048	0.01169720346485524	0.04472659321517769	0.01262850265931158	0.1030598713083555	0.0567117136010693	0.01787456614705089	0.01509898734504143	0.012182591939167	0.1037774707446504	0.006369631506155828	0.07610424323003571	0.04643058621697749	0.03182620011229788	0.04475697565029631	0.01805771645817823	0.01522414433909723	0.02977424381301511	0.01111805833394425	0.1466290034547395	0.01207422062704431	0.04510171296865675	0.01323964768160439	0.08802926641297008	0.0483440316573794	0.0171543793207326	0.01574796974921665	0.01232487001130699	0.1042600878315103
0.2649893495690733	-0.3200910620818975	0.3700289917650277	1.061740778715978	0.53030276068681	0.05095167022815764	0.2076267007142517	-0.5290713990058312	0.09530257333395255	0.0956868025873187	-0.4503780371523408	-0.9098192333065784	1.324436263248587	-0.2692269359465635	1.711963291668547	-0.2153484011213912	0.8176057902298119	2.774653094162931	-0.3911162037846102	1.533111202621683	0.5166468356667698	0.0670041042866253	0.04237653786610122	0.03700796699721363	0.03775903252238923	0.02283499557598147	0.02242534804984975	0.02611021980617604	0.01108488558589445	0.1655564876536637	0.01173342627026715	0.04475947092438343	0.01268682645534919	0.1019299617201971	0.0560237566134039	0.0178075284737535	0.01515962529689062	0.01219564572690885	0.1038119649762079	0.005650911027449563	0.07657755537078757	0.04682770001510211	0.03137990977098461	0.04574101613040819	0.01774103681012573	0.01490563937008698	0.03041273856660462	0.01115894181080851	0.1430081537591342	0.01214953333241252	0.04516172674315195	0.01335563102415011	0.08697982864661913	0.04769666696495845	0.01703739302478221	0.01584971941314179	0.01233968061702697	0.1042463175791232
0.2663011780322865	-0.321262586307477	0.3717682674390767	1.061386928472151	0.5325134405954511	0.05065787859984529	0.2086760174299515	-0.5254086218113492	0.09476254311737607	0.09767642441943558	-0.4496884827917257	-0.876186103086867	1.327259716169668	-0.2702333924797035	1.658294341557384	-0.2327053544806116	0.7820907971752981	2.809558272017425	-0.4320775243725787	1.500227338658544	0.5343501483652843	0.06775725202658507	0.0427570148856759	0.03652015748551282	0.03846781621938593	0.02238928856628087	0.02177309489163649	0.02650305064116719	0.01109361002973833	0.1639422177815408	0.01177463443936078	0.04479488092462425	0.01275100763219415	0.1008077841664474	0.05533974797250184	0.01773576695679019	0.01522469356315199	0.01220894435436273	0.1038423474558621	0.005553931240254138	0.07685647257711312	0.04725971360298651	0.03080628882782778	0.04699090748611367	0.01745023893064258	0.01462330317929557	0.03110737576149492	0.01120982499190628	0.1391853409149514	0.01226056772358305	0.04522992123574501	0.01349086424510225	0.08604086311102908	0.04709126486605348	0.01691077208085407	0.0159716045311099	0.01235657897300321	0.1042159053357949
0.2676130064954997	-0.3223896422140711	0.3735113036603441	1.0610318211964	0.5346532360717259	0.0503407585179037	0.2096784269004665	-0.5217001359807301	0.09416929308398846	0.09962283683306881	-0.4489768477484536	-0.8420232976382558	1.330169554449403	-0.2711433936287378	1.603893625081808	-0.2509147184082711	0.7460914931921642	2.844340003925546	-0.472254581950433	1.467234573639495	0.5503108149592705	0.06847257456225324	0.04314138485206334	0.03602475068244824	0.03921999827729445	0.0219563250305616	0.02115142752850791	0.02692099863761684	0.01110602016591105	0.1621783969692206	0.01182193332193419	0.04483294724262679	0.01282136670091206	0.09969679806382914	0.05466103597435611	0.01765927147409562	0.01529467086173429	0.01222255641824385	0.1038683172512967	0.005456951453058713	0.07713538978343866	0.04769172719087092	0.03023266788467095	0.04824079884181915	0.01715944105115943	0.01434096698850415	0.03180201295638522	0.01126070817300405	0.1353625280707687	0.01237160211475358	0.04529811572833806	0.0136260974660544	0.08510189757543903	0.04648586276714852	0.01678415113692593	0.01609348964907802	0.01237347732897946	0.1041854930924667
0.2689248349587129	-0.3234715769705263	0.3752582125589586	1.060675581151105	0.5367212379252004	0.04999924088453369	0.2106333432637598	-0.5179461154220015	0.09352383924301674	0.1015258814248823	-0.4482453984486487	-0.8074301754026889	1.333162890098998	-0.2719623931186608	1.548881182999866	-0.2698597449630207	0.7097247564231887	2.878969851558358	-0.5116776866242714	1.434102963704464	0.5645715783143467	0.06914541386977564	0.04353084640672177	0.03551733918508784	0.040023896145221	0.02153629092392721	0.02055980970199751	0.02736432612196148	0.01112227383683778	0.1602646362238948	0.01187683672404261	0.04487360887649241	0.01289797953242023	0.09859902251762963	0.05398908196593519	0.01757840089904183	0.015369467664375	0.01223644059658458	0.1038910109279589	0.00553919876312417	0.0772154297962417	0.04816083770421522	0.02953919496656603	0.04978262472553235	0.0168975273579523	0.01410426388681795	0.03255467530341254	0.01132253186045387	0.1312613568624224	0.01252907806121446	0.04537015354930753	0.01377547661875492	0.08423825812625536	0.04592682256796984	0.01665634259905643	0.01622320790834713	0.01239006790237837	0.104177208234453
0.2702366634219262	-0.3245079230155407	0.3770091006519892	1.06031832214555	0.5387167607649207	0.04963247626602915	0.2115403981874849	-0.5141467875227008	0.09282714103139071	0.1033853670172964	-0.4474963340465131	-0.7725192233056818	1.336236192897826	-0.2726968897300941	1.493392876319741	-0.2894060089049749	0.6731224413551873	2.913415102544523	-0.5503812154179143	1.40082497726126	0.5771666171346402	0.06977159030582489	0.04392646642525668	0.03499397658058856	0.04088686686851497	0.02112934916194121	0.01999774971903155	0.02783326266212341	0.01114251061401232	0.1582004677666415	0.01194068373602142	0.04491681131996467	0.01298091304179367	0.09751629419491065	0.05332520092173972	0.0174934736408854	0.01544900456631567	0.01225056030572039	0.1039114561244612	0.005621446073189628	0.07729546980904473	0.04862994821755952	0.02884572204846111	0.05132445060924555	0.01663561366474517	0.01386756078513176	0.03330733765043987	0.01138435554790368	0.1271601856540762	0.01268655400767534	0.04544219137027698	0.01392485577145543	0.0833746186770717	0.04536778236879117	0.01652853406118694	0.01635292616761623	0.01240665847577729	0.1041689233764393
0.2715484918851394	-0.325498313293474	0.3787640712482942	1.059960152132909	0.540639240599229	0.04923973580421469	0.212399341036427	-0.5103024090493873	0.09208012685777785	0.1052011009922915	-0.4467318231615471	-0.7374061150250145	1.339385727339771	-0.273353653770356	1.437568387806981	-0.3094141867618845	0.6364199233106754	2.947641826606516	-0.588402237190062	1.367404863294496	0.5881349113700959	0.07034794312769314	0.0443293115277724	0.03445182276643356	0.04181602044826194	0.02073567937964396	0.01946504784286352	0.02832809706130134	0.01116670139643551	0.1559869108111055	0.01201508370727813	0.04496227975358568	0.0130700290732608	0.0964499416792966	0.05267064706404413	0.01740519562858553	0.01553277084898031	0.01226482805851498	0.1039307882085919	0.00556638784512126	0.07719663320404183	0.04913767310720808	0.02805399588748327	0.05316388830199889	0.01640315590715452	0.01368260174557228	0.03411988002307782	0.01145350257408324	0.1228273966665359	0.01289839387563035	0.04551263598100092	0.0140838304441	0.0825746157567484	0.04485514674445305	0.01640883720239055	0.01648054158402307	0.01242174071597143	0.104187075278544
0.2728603203483527	-0.3264425886637918	0.3805232208099263	1.059601166741288	0.5424883643072562	0.04882054281798558	0.2132101643072496	-0.5064132979520115	0.09128365503024752	0.1069729178047738	-0.4459539620766164	-0.7022129157971327	1.342607400003933	-0.273940007936221	1.381554890946591	-0.3297352520972099	0.5997598342263734	2.981613994386405	-0.6257838390722665	1.333869329139873	0.5975201938888188	0.07087162150142813	0.04474033122125005	0.0338883337960144	0.04281763191785329	0.0203554387294273	0.0189615138748507	0.02884908249731497	0.01119482031552244	0.1536247969443357	0.01210145970221646	0.04500976874864202	0.0131652051744638	0.0954011706545712	0.05202654769396388	0.01731419336849397	0.01562031416883379	0.01227916640156266	0.1039500338678955	0.005511329617052893	0.07709779659903891	0.04964539799685665	0.02726226972650542	0.05500332599475223	0.01617069814956388	0.01349764270601281	0.03493242239571577	0.01152264960026281	0.1184946076789957	0.01311023374358537	0.04558308059172485	0.01424280511674458	0.08177461283642508	0.04434251112011495	0.01628914034359417	0.01660815700042991	0.01243682295616558	0.1042052271806487
0.2741721488115659	-0.3273406983266099	0.3822866421373494	1.059241455061141	0.5442639493286564	0.04837455334825748	0.2139729870590235	-0.502479804162283	0.09043854445985042	0.1087006801505316	-0.4451648044142001	-0.6670640767846945	1.345896966887727	-0.2744635066654135	1.325502353243701	-0.3502158939284316	0.5632875068787642	3.015294739721333	-0.6625742741254343	1.300255702526268	0.6053803714909054	0.07134135501946395	0.04516059894779038	0.03330209097863649	0.04389756308196221	0.0199886542984691	0.01848689190935158	0.02939625232699466	0.0112263535575713	0.1511188896255161	0.01220126726627908	0.04505884767480645	0.01326614528953811	0.0943711257625979	0.05139392622567034	0.0172213713080761	0.01571091044428996	0.01229349371026801	0.1039705230228494	0.00544918481427877	0.07685661524118458	0.05019612279528674	0.02639605391012493	0.0571408292726794	0.01596487949369813	0.01336267542815885	0.035800188914148	0.01158807875468803	0.1140502864671893	0.01337911208137771	0.04564709309102078	0.01440728020204659	0.08103790628241259	0.04387503694170522	0.01618474418567145	0.01672686479840424	0.01245019922785598	0.1042594501982076
0.2754839772747791	-0.3281928103906001	0.3840544204214669	1.058881092744208	0.5459660769401103	0.04790169594197329	0.2146881837608504	-0.4985023430802983	0.08954552004381566	0.1103843337374586	-0.4443662840814877	-0.6320854561098569	1.349249970900086	-0.2749319619131729	1.269562489585407	-0.370697828339497	0.527149655103011	3.048646069484938	-0.6988327886669359	1.2666215752691	0.6117944248674598	0.07175597870152459	0.04559107031821311	0.03269182221601461	0.045060971948793	0.01963534727587778	0.0180409424248905	0.02996963385406852	0.01126084639591848	0.1484734901332894	0.01231579266210647	0.04510913198755957	0.01337258731394859	0.09336084365033179	0.05077370112886052	0.01712753219814797	0.01580391846287993	0.01230773772096995	0.1039934583213085	0.005387040011504648	0.07661543388333024	0.05074684759371684	0.02552983809374445	0.05927833255060656	0.01575906083783237	0.01322770815030489	0.03666795543258024	0.01165350790911325	0.109605965255383	0.01364799041917006	0.04571110559031671	0.0145717552873486	0.08030119972840009	0.04340756276329549	0.01608034802774874	0.01684557259637855	0.01246357549954637	0.1043136732157664
0.2767958057379924	-0.3289992034218038	0.3858266369072944	1.058520148548564	0.5475949615713822	0.0474020387952739	0.2153562575930803	-0.494481363582351	0.08860525214915506	0.1120238790573271	-0.4435602585654445	-0.5974030593711461	1.352661849984358	-0.2753533017842435	1.21388730824016	-0.3910204064542895	0.491492999102742	3.081629506238819	-0.734626175652853	1.23303403094528	0.6168611609660923	0.07211622866473096	0.04603298671089912	0.03205730382620642	0.04631283245492425	0.01929524458934608	0.01762290912961393	0.03056858309189666	0.01129789810403992	0.1456998331742425	0.01244604283023407	0.04516011199473004	0.01348412036810766	0.09237127142943954	0.05016668843389104	0.01703360782890597	0.01589842677759867	0.01232180930485827	0.104020320592591	0.005382440182026925	0.07627926607256295	0.05134893078441607	0.02461259370174825	0.0617186468499784	0.01557312405058559	0.01313059070268571	0.03757531909845894	0.01171583102393514	0.1052603144100054	0.0139693593173322	0.04576512172393778	0.01473800723407804	0.0796265074928157	0.04298380139964818	0.01599525995599941	0.01694834223184996	0.01247476792016581	0.104413155270256
0.2781076342012056	-0.3297603750267161	0.3876033646902158	1.0581586772273	0.5491510823212408	0.046875933945094	0.2159779663765233	-0.4904173825319305	0.08761828003080262	0.1136194495296754	-0.4427483835221745	-0.5631413410639602	1.356127847564063	-0.2757356120615723	1.158627434643474	-0.4110197216091087	0.4564619853164291	3.114205788005641	-0.7700375611873669	1.19957798119323	0.62071255462066	0.07242273693681898	0.04648745315943893	0.031398333609789	0.04765750712349637	0.01896810030780238	0.01723210789817613	0.03119252841539099	0.01133715408377844	0.1428082369787923	0.01259290655859147	0.04521133255837109	0.0136003808314676	0.09140326461243481	0.0495736190971559	0.016940425191583	0.01599362828556332	0.01233562955404442	0.1040524488495835	0.005377840352549202	0.0759430982617957	0.05195101397511531	0.02369534930975205	0.06415896114935024	0.0153871872633388	0.01303347325506654	0.03848268276433763	0.01177815413875703	0.1009146635646278	0.01429072821549434	0.04581913785755885	0.01490425918080748	0.07895181525723131	0.04256004003600088	0.01591017188425009	0.01705111186732138	0.01248596034078525	0.1045126373247455
0.2794194626644188	-0.3304769313496648	0.3893846726644771	1.057796726423628	0.5506350497529408	0.04632387744862142	0.2165541938095824	-0.4863109512954292	0.08658506705630448	0.1151712565409887	-0.4419321948161256	-0.5294237202227031	1.359643116139927	-0.2760870537508127	1.103932529799188	-0.4305307515859295	0.4221996130053236	3.146335417558042	-0.8051562302453321	1.166344771476496	0.623486371689594	0.07267776940829875	0.04695590914266658	0.03071571923969479	0.04909941527918906	0.01865333438938698	0.01686699862699801	0.03183985277723164	0.01137987840893903	0.1398140857025927	0.01275666039282684	0.04526226491530109	0.01372084791429847	0.09045749893021336	0.04899515098755056	0.01684880979265542	0.01608853406895289	0.01234910124458068	0.1040910824650961	0.005472975155359076	0.07555505762727438	0.05261424533594337	0.0227508621858031	0.06691193061625803	0.01521313626715291	0.01295377640260352	0.03940425474013001	0.01187343162584518	0.09682631649391751	0.01465197415735205	0.04586075285406925	0.0150682332351801	0.07833525941882968	0.04217904898894079	0.01584544235558384	0.01713270227426213	0.01249444933032824	0.1046564548228157
0.2807312911276321	-0.3311496918621009	0.3911706210874624	1.057434329412776	0.5520477337420601	0.04574665535332204	0.2170860702473022	-0.4821626905031067	0.0855059101091898	0.1166796796907497	-0.4411129730610862	-0.4963707050344339	1.363202627458658	-0.2764158948025034	1.049949441343888	-0.4493869314912265	0.3888449205035106	3.177978692891837	-0.8400832626951463	1.133435398167443	0.6253367106638953	0.07288333424268423	0.04743963586349187	0.03001018272607178	0.05064242139723882	0.01835042813843324	0.0165262016534438	0.03250912441553665	0.0114271894485544	0.136731585379772	0.01293754692348397	0.04531243688098818	0.01384506082516305	0.08953458199818617	0.04843187206120087	0.01675949419022196	0.01618226836449359	0.01236213830015935	0.104137341885823	0.005568109958168949	0.07516701699275306	0.05327747669677144	0.02180637506185415	0.06966490008316581	0.01503908527096701	0.0128740795501405	0.04032582671592238	0.01196870911293332	0.09273796942320719	0.01501322009920977	0.04590236785057965	0.01523220728955272	0.07771870358042805	0.0417980579418807	0.01578071282691761	0.0172142926812029	0.01250293831987122	0.1048002723208859
0.2820431195908453	-0.3317795807346554	0.3929612657796543	1.057071512218067	0.5533901319184065	0.04514519959060254	0.217574846705113	-0.4779732555445353	0.08438101566850138	0.1181451888111497	-0.4402918662654672	-0.4641009810276273	1.366801297739001	-0.2767304192203338	0.9968231226042288	-0.4674222400650738	0.3565345767416824	3.209096116286815	-0.874920907507508	1.100953229019337	0.6264041217557154	0.07304212642664053	0.04794007646539428	0.02928366867595572	0.05229028064822713	0.01805873809761165	0.01620758117371823	0.03319797962544011	0.01148194639516146	0.1335738846505971	0.01313502407472116	0.04536133904097549	0.01397242472825013	0.08863508901027006	0.04788433720538619	0.01667314209026553	0.01627389820306147	0.01237465116906566	0.1041922370386581	0.005733820352104552	0.07474774376335307	0.05400771349950178	0.02086446367106587	0.07273595859804809	0.01487339312903719	0.01279280768640307	0.04123754893107098	0.01213775406288777	0.08888982615249451	0.01539693809076329	0.04593004062165179	0.01539023777859426	0.07716006317901505	0.04145971255195812	0.0157357273657948	0.01727221316600585	0.0125085305136347	0.1049869183392394
0.2833549480540585	-0.3323677263419577	0.3947566536325912	1.056708286392764	0.5546634917369041	0.04452073021398791	0.218022008981347	-0.4737433700566646	0.08321041300311238	0.119568436022419	-0.4394697924174717	-0.4327293581299209	1.370434001029389	-0.2770388886736503	0.9446942808257964	-0.4844732475745899	0.3254003734487105	3.239649148515241	-0.9097695453488527	1.069003332111584	0.6268110696810471	0.0731565459455609	0.04845851514862956	0.02853791853976471	0.05404626580080792	0.01777768977504343	0.01590923072073434	0.0339043269793785	0.01154667852311324	0.1303531529319247	0.01334861095802432	0.04540851644983059	0.0141024133670517	0.08775953535164657	0.04735304117457077	0.01659034231484898	0.01636259722342711	0.01238656056450895	0.1042566806315913	0.005899530746040152	0.07432847053395307	0.05473795030223212	0.0199225522802776	0.07580701711293038	0.01470770098710737	0.01271153582266565	0.04214927114621957	0.01230679901284222	0.08504168288178179	0.01578065608231682	0.04595771339272393	0.0155482682676358	0.07660142277760205	0.04112136716203554	0.01569074190467199	0.0173301336508088	0.01251412270739819	0.1051735643575929
0.2846667765172718	-0.3329153563914006	0.3965568270518459	1.056344656285852	0.5558691825210854	0.04387460929115937	0.2184291567924222	-0.4694737911290808	0.08199404455387563	0.1209501653620475	-0.4386475707064126	-0.4023679384337708	1.374095653324058	-0.277349463709948	0.8937004930348198	-0.5003797168439529	0.2955708281751134	3.269600188033489	-0.9447246322488027	1.037687953764041	0.6266555636108019	0.07322879396548278	0.04899611504037894	0.02777634344012779	0.05591290686980086	0.01750686848294211	0.0156289587306625	0.03462566297269591	0.01162487058412887	0.1270761708915102	0.01357703861082321	0.04545348595713013	0.0142344143846193	0.08690852735151355	0.04683845052918463	0.01651159472484115	0.01644769265101704	0.01239782216137442	0.1043312187553719	0.00602785163067197	0.0738762685810294	0.05553414729653793	0.01902460840676867	0.07918534290643309	0.01455329191934057	0.01261978106949449	0.04303836363060397	0.01257461578253646	0.08129079086619262	0.01616835221432238	0.04597014613441997	0.01569768592412666	0.0761036500507502	0.04082555632303213	0.01566423880437253	0.01736677658249374	0.01251750370361439	0.1053942770667682
0.285978604980485	-0.3334238904028978	0.3983618196848123	1.055980612178076	0.5570088090654165	0.04320847303621559	0.2187981096517108	-0.4651653395173014	0.08073169697967503	0.1222912910851264	-0.4378258838378074	-0.3731239463700195	1.377781324156731	-0.2776700700024262	0.8439734296056208	-0.5149884144633698	0.2671687484718405	3.298914038052112	-0.9798688398780845	1.007099481639721	0.6259956557059903	0.07326083302238566	0.04955391082180742	0.02700199966941324	0.05789239458664099	0.01724590371479159	0.015364812362134	0.03535977302531559	0.0117196039419669	0.1237492172214464	0.01381918436110707	0.04549581601494705	0.01436788602877928	0.08608260785181931	0.04634098014263888	0.01643734260567849	0.01652858838746438	0.01240839671119269	0.1044163445326968	0.006156172515303788	0.07342406662810572	0.05633034429084372	0.01812666453325974	0.0825636686999358	0.01439888285157378	0.01252802631632333	0.04392745611498837	0.01284243255223071	0.07753989885060343	0.01655604834632795	0.04598257887611602	0.01584710358061752	0.07560587732389835	0.04052974548402871	0.01563773570407307	0.01740341951417868	0.0125208846998306	0.1056149897759436
0.2872904334436982	-0.3338948403309396	0.4001716609081688	1.055616137491154	0.5580840897129964	0.04252408977050622	0.2191307928977499	-0.4608188661743969	0.0794230877654733	0.1235928055398425	-0.4370053746428926	-0.3451008973881132	1.381486245526613	-0.2780083792376444	0.7956401898431678	-0.5281519631394249	0.2403126804360072	3.327557296046569	-1.01527587382034	0.9773202128369461	0.6248626036221733	0.07325431445454055	0.0501325996844398	0.02622001720504829	0.05998542664484283	0.01699467289356639	0.01511499567219351	0.03610452066093655	0.0118356291746785	0.1203743552850136	0.01407320563718595	0.04553503178405346	0.01450223305204889	0.08528198833533283	0.04586094842992069	0.01636793459268213	0.0166050616991378	0.0124183149521857	0.1045116420196012	0.006123956776886898	0.0729336994717006	0.05718579651258569	0.01732487771657449	0.08621808435799279	0.01426095109077615	0.0124268817855259	0.04479257462075607	0.01325093584812597	0.07377299686572081	0.01692986063591937	0.04597813784173874	0.01598595672645057	0.07516080913463434	0.0402746011504565	0.01562813419400736	0.0174265144569291	0.01252358634143645	0.1058456522364195
0.2886022619069115	-0.3343298926591859	0.4019863721315994	1.055251202742997	0.5590969567926312	0.0418234742096478	0.2194293319291573	-0.4564352767691093	0.07806782300902239	0.1248558227378055	-0.4361866727940732	-0.3183948400529297	1.385206075636688	-0.2783714744921615	0.7488183547308923	-0.5397360025672439	0.2151128351048887	3.355500800318725	-1.050999393318254	0.9484069653432214	0.6232401960407242	0.07321071095325896	0.05073280145583614	0.02543499214149839	0.06219258326498703	0.0167530654945358	0.01487790987642227	0.03685801601173286	0.01197714420887995	0.1169534910576246	0.01433747368078766	0.04557070906672441	0.01463692880567816	0.08450685276657156	0.04539863686246357	0.01630367967648372	0.01667691500144309	0.01242760409392387	0.1046167346536507	0.006091741038470006	0.07244333231529551	0.05804124873432767	0.01652309089988924	0.08987250001604978	0.01412301932997852	0.01232573725472846	0.04565769312652376	0.01365943914402123	0.07000609488083818	0.0173036729255108	0.04597369680736146	0.01612480987228362	0.07471574094537034	0.04001945681688429	0.01561853268394164	0.01744960939967951	0.0125262879830423	0.1060763146968954
0.2899140903701247	-0.3347308163906258	0.4038059710599972	1.054885772376959	0.5600494435480209	0.04110875589993142	0.2196959469011925	-0.4520155015455702	0.07666546613482988	0.1260815004893978	-0.4353704312481222	-0.2930969275291944	1.388936774962079	-0.2787660296636942	0.7036192037595628	-0.5496144852106531	0.1916740250066521	3.382718026553508	-1.087083086188868	0.9204019935401062	0.6210943814212202	0.07313180163615535	0.05135469832214952	0.02465355029912431	0.06451124655065289	0.01652112692649157	0.01465230517688733	0.0376187513903669	0.01215070742346823	0.1134889435567422	0.01460991227296967	0.04560235816461595	0.01477148074759661	0.08375620647404229	0.04495410574223743	0.01624481369706878	0.01674417417845223	0.01243632859671885	0.1047303089352663	0.006016003430364012	0.07192479473508614	0.05894618373120408	0.01587016937243288	0.09372592332524265	0.01400498099741084	0.01222110139340219	0.04650522529546269	0.01426778741068944	0.06623694409077548	0.0176511964657885	0.04595021728839222	0.01625315922484886	0.07429252273496358	0.03979991847764978	0.01562456882919727	0.01746399981706492	0.01252918980488608	0.1062908696698055
0.2912259188333379	-0.3350995281506786	0.4056304690241499	1.054519800149456	0.5609437628207331	0.04038226578968033	0.2199330281520398	-0.4475605116310498	0.07521552252993162	0.1272710444152164	-0.4345573935906167	-0.2692848043611998	1.392675094606761	-0.27919759075695	0.6601368172127396	-0.5576831670376795	0.1700860319432472	3.4091887515549	-1.12354962709591	0.8933177112650186	0.6183555825045887	0.07301917738114595	0.05199845184156127	0.02388162451570998	0.0669390885535469	0.01629889604029999	0.01443706951332706	0.03838539302508716	0.01236210873235682	0.1099828579925347	0.01488868678540921	0.04562954151961623	0.01490545304260335	0.08302914022137446	0.044527404783357	0.01619154549777503	0.01680686187455741	0.01244454552932159	0.1048511772882328	0.005940265822258017	0.07140625715487676	0.05985111872808049	0.01521724784497653	0.09757934663443553	0.01388694266484316	0.01211646553207591	0.04735275746440164	0.01487613567735765	0.06246779330071277	0.0179987200060662	0.04592673776942299	0.0163815085774141	0.0738693045245568	0.03958038013841527	0.0156306049744529	0.01747839023445033	0.01253209162672985	0.1065054246427156
0.2925377472965512	-0.3354380100246929	0.4074598746784498	1.054153235178295	0.5617822065352276	0.03964642187089706	0.2201430418850593	-0.4430712945257887	0.07371748174156767	0.1284256649193019	-0.4337483671649689	-0.2470284068914219	1.396418252757913	-0.2796710781084703	0.6184553930093053	-0.563849644084385	0.1504301402697775	3.43489610837216	-1.16041409849528	0.8671576482308944	0.6149547987796242	0.07287529303701026	0.05266377451715012	0.02312619644123996	0.06946783561214577	0.01608646815200018	0.01423142916220856	0.03915720660342929	0.01261827716628089	0.1064413062327294	0.01517190765245636	0.04565174880975851	0.01503857076734765	0.08232317518518117	0.04411830649418488	0.01614406360113358	0.0168648367463392	0.01245228237632808	0.104978418759483	0.006144800040124076	0.07088403143191098	0.06079479869830524	0.01474443478410537	0.1014787308463799	0.01379013106612021	0.0120146015789009	0.04819514543496038	0.01571822998687845	0.05880688947904873	0.01831617138525802	0.0458818611352827	0.0165024261071241	0.07342561230144481	0.03938975229978962	0.01565209141828997	0.01748035596786125	0.01253460003316749	0.1067095522495591
0.2938495757597644	-0.3357483471994304	0.4092941928175331	1.053786019456895	0.5625671898366912	0.03890377625796272	0.2203285748371492	-0.438548860486752	0.07217081994927492	0.1295465699887072	-0.4329442857840922	-0.2263756892733683	1.400164617820943	-0.2801897177050769	0.5786316289969485	-0.5680529591490443	0.1327628887534241	3.459830942958086	-1.197676703101303	0.8419155110421832	0.6108164201449953	0.07270235076515637	0.0533504102217868	0.02239350979922067	0.07209020123967602	0.0158839264418863	0.01403469571124811	0.03993354265226011	0.01292531917916359	0.1028699201271771	0.01545790532195899	0.04566852394715529	0.01517059059625632	0.08163605957893527	0.04372660267094115	0.01610253482327069	0.01691797326740172	0.01245956347037082	0.1051112008452048	0.006349334257990133	0.07036180570894519	0.06173847866852999	0.01427162172323421	0.1053781150583244	0.01369331946739726	0.01191273762572588	0.04903753340551911	0.01656032429639924	0.05514598565738468	0.01863362276444985	0.0458369845011424	0.01662334363683409	0.07298192007833282	0.03919912446116396	0.01567357786212704	0.01748232170127216	0.01253710843960513	0.1069136798564026
0.2951614042229777	-0.3360326613595599	0.411133427075519	1.053418092575699	0.5633011707147707	0.03815692684432756	0.2204922570078408	-0.4339942260050533	0.07057501591538812	0.1306349603260847	-0.4321461452338596	-0.2073628562744078	1.403913102002568	-0.2807558639679911	0.5407077516989545	-0.5702476398752772	0.1171273870474798	3.483987780545996	-1.235334987804251	0.8175829086046615	0.6058824315695496	0.07250323515057208	0.05405780439442745	0.02168913158758574	0.07479784009386814	0.01569133967520884	0.01384641687915932	0.0407144200641496	0.01328876807208039	0.09927974404934239	0.01574503326683192	0.04567937513045156	0.01530144658104701	0.08096516244953647	0.04335195073938413	0.01606715765903636	0.01696597214930308	0.01246638830106365	0.1052487684518674	0.006508782497449543	0.06985644161747101	0.0627132574186002	0.013970488783223	0.1092850447592544	0.01361750890861146	0.01181812017989166	0.04988993837716264	0.01763199070490994	0.05174497016349922	0.01891921114095169	0.04576923264560264	0.01674054048819229	0.0725051022980794	0.0390338734500584	0.01571146048630015	0.01746771933997087	0.01253869349511842	0.1071083721038193
0.2964732326861909	-0.3362931207133752	0.4129775799609354	1.05304939119121	0.563986660269954	0.03740852963787649	0.2206367746486224	-0.4294084117038801	0.0689295529159368	0.1316920202721573	-0.4313550202196107	-0.1900069002062573	1.40766350604757	-0.2813705172662672	0.5047022637698765	-0.5704127081252234	0.1035448463639424	3.507367371116289	-1.273386244542322	0.7941495230905697	0.6001206081705057	0.07228053855574314	0.05478546365423247	0.02101802884890563	0.07758342024451001	0.01550876743651667	0.01366619008930082	0.04149985634204365	0.0137134847562919	0.09568102797454058	0.01603183646747677	0.04568386269339532	0.01543108030591998	0.08030809751294446	0.04299403976944454	0.01603810771941169	0.01700856785087983	0.01247275641468808	0.1053904391086021	0.006668230736908953	0.06935107752599683	0.06368803616867043	0.01366935584321179	0.1131919744601845	0.01354169834982566	0.01172350273405743	0.05074234334880615	0.01870365711342063	0.04834395466961377	0.01920479951745354	0.04570148079006289	0.01685773733955048	0.07202828451782597	0.03886862243895284	0.01574934311047326	0.01745311697866959	0.0125402785506317	0.1073030643512359
0.2977850611494041	-0.3365319035842057	0.4148266540119709	1.052679851420089	0.564626179984237	0.036661253040079	0.2207648270987743	-0.4247924361250876	0.06723391662762332	0.1327189247806517	-0.4305720071667391	-0.1743163747877692	1.411415956258427	-0.2820341166117654	0.4706234122701794	-0.5685370899570258	0.0920266670832115	3.529973055703135	-1.311829824358733	0.7716037844812371	0.5935145445605325	0.07203749812959849	0.05553271725797353	0.0203830335116165	0.08044361323185951	0.01533616564925976	0.01349373576417874	0.04229043960426345	0.0142039599854246	0.09208777034942438	0.0163169085110898	0.04568152070685035	0.01555962484896349	0.07966228537351808	0.04265250026369468	0.01601565044074909	0.01704548802120174	0.01247867963623246	0.1055354459322179	0.006447595379309445	0.0688825960584072	0.06468889943000215	0.01349644123216507	0.1171985807080739	0.01348460130513648	0.01163840048758404	0.05161861237565076	0.02000387410922611	0.04531032535291041	0.01945760887930457	0.04560963046747839	0.01697549963036888	0.07151040298292807	0.03872693018018951	0.01580590779763349	0.01742143593308469	0.0125412176018351	0.1074850930432605
0.2990968896126173	-0.3367511948994645	0.4166806522723132	1.052309409078787	0.5652222555408138	0.03591777637656281	0.2208791238664856	-0.4201473088622775	0.06548758662334057	0.133716825410804	-0.4297982049987352	-0.160290277699057	1.415170904341342	-0.2827465662657082	0.4384677539767171	-0.5646193681524865	0.08257307639736618	3.551811725081881	-1.350673355563806	0.7499305125481159	0.5860777896599525	0.07177702661810229	0.0562989688247052	0.01978665841072178	0.08337551010097431	0.01517349374638334	0.01332880486629421	0.04308669190979027	0.01476412332648504	0.08851295606396015	0.01659900612586914	0.04567193249080519	0.0156871979552135	0.07902538918235266	0.04232699767012164	0.0160000207301082	0.01707649091441018	0.01248416843406674	0.1056830958609579	0.006226960021709938	0.06841411459081757	0.06568976269133391	0.01332352662111835	0.1212051869559633	0.01342750426044731	0.01155329824111064	0.05249488140249538	0.02130409110503159	0.04227669603620704	0.0197104182411556	0.04551778014489389	0.01709326192118727	0.07099252144803019	0.03858523792142617	0.01586247248479373	0.01738975488749979	0.01254215665303849	0.1076671217352851
0.3004087180758306	-0.336953177581007	0.4185395782292164	1.051938000111218	0.5657774081583365	0.03518077913705699	0.2209823733855103	-0.4154740328557793	0.06369003449194419	0.134686859523393	-0.4290347005330731	-0.1479247670714962	1.418928928922357	-0.2835076486886026	0.4082281681551842	-0.5586613625670206	0.0751811091779661	3.572891767253277	-1.38992430483735	0.7291128681312742	0.5778151378110857	0.07150313351779911	0.05708352285687186	0.0192287819876269	0.08637563298360867	0.0150205198862499	0.01317118577202163	0.04388951291728113	0.01540027350562147	0.0849697334290188	0.01687743459387056	0.04565460993950438	0.01581429768591397	0.07839400527550724	0.04201698683769213	0.01599162689455488	0.01710136137538571	0.01248925863325539	0.1058327410988048	0.006119891307080417	0.06801449863995084	0.06671347099591199	0.01322119462341005	0.1252925909296448	0.01338471177799041	0.01147823425742847	0.05340498599605271	0.02289317680029109	0.03962273233074203	0.01994125517131146	0.04539954027357976	0.01722042441878686	0.07040293756120074	0.03846157805161101	0.01594199257569264	0.01734128246031024	0.01254303761591111	0.1078367846957213
0.3017205465390438	-0.3371400185720565	0.4204034367223818	1.051565561385661	0.5662941351381671	0.03445292646147648	0.2210772681493252	-0.4107735930478135	0.06184072259030417	0.1356301334455502	-0.428282578684307	-0.1372054141324226	1.422690997820432	-0.2843165244648744	0.3798844274981719	-0.5506776615166105	0.06983550376842196	3.593225374011503	-1.42958576175932	0.7091322052094345	0.5687239705504806	0.07121942941969397	0.05788576125451306	0.01870927658534714	0.08944094442062751	0.01487703697481258	0.01302068990611584	0.04469970123248707	0.01611792059768829	0.08147027684066625	0.01715157931686035	0.04562911642132976	0.01594136490812015	0.07776505334687757	0.0417219764827052	0.01599083040689197	0.01711990829024749	0.012493981952939	0.1059837962221926	0.006012822592450896	0.0676148826890841	0.06773717930049009	0.01311886262570175	0.1293799949033263	0.01334191929553351	0.0114031702737463	0.05431509058961004	0.02448226249555059	0.03696876862527703	0.02017209210146732	0.04528130040226563	0.01734758691638645	0.06981335367437128	0.03833791818179584	0.01602151266659155	0.01729281003312069	0.01254391857878372	0.1080064476561576
0.303032375002257	-0.3373138701648375	0.422272233518733	1.051192030618764	0.5667749135460837	0.03373686815335313	0.2211664849677444	-0.4060469629241338	0.0599391122092801	0.1365477365103999	-0.4275429345510013	-0.1281118035533651	1.426458349697487	-0.2851719615450313	0.3534087709343882	-0.5406911736050669	0.06651418884282299	3.612826957630697	-1.46965354518081	0.689966670629086	0.5587761384123577	0.07093074037212718	0.05870531595571529	0.01822597288234954	0.09256557708600019	0.01474260557775905	0.01287711380802107	0.04551783901158699	0.01692700506582861	0.07802611105186634	0.01742178026911682	0.04559493907475649	0.01606935601230689	0.077134845491046	0.04144123965593703	0.01599822588242816	0.01713207584531415	0.01249841253786604	0.1061351691862823	0.006206675269489577	0.06731997698463585	0.06878917529379625	0.01304009996909819	0.1334686402647005	0.01330787510036413	0.01133755991014245	0.05525499745835677	0.02647054028692572	0.03468460966424846	0.0204019489122185	0.04513423988356013	0.01749651494196366	0.06913254308748244	0.03822596564955282	0.01612979573442783	0.01723039102397413	0.01254574412049434	0.1081490955921077
0.3043442034654703	-0.3374768350002823	0.424145977193065	1.050817348685466	0.5672221544397681	0.03303519429894535	0.221252646162306	-0.4012950860204334	0.05798468812772851	0.1374407125248989	-0.4268169451116114	-0.1206075772762982	1.430232956530267	-0.2860715806539124	0.3287534830847125	-0.5287472734723973	0.06517693152733135	3.631716351997338	-1.510104979107244	0.6715860610004608	0.5479061659609278	0.07064141359854735	0.05954186046225527	0.01777691978497704	0.09574438857492935	0.01461683463930902	0.01274027627789585	0.04634444370811843	0.0178362200534236	0.07464787094316953	0.01768833763260264	0.04555161899235456	0.01619911768395511	0.07650004621449534	0.04117412304464845	0.0160143397774265	0.01713781415376914	0.01250261603800431	0.1062858730356895	0.006400527946528259	0.06702507128018761	0.06984117128710242	0.01296133731249463	0.1375572856260747	0.01327383090519474	0.0112719495465386	0.05619490432710349	0.02845881807830084	0.03240045070321989	0.02063180572296968	0.04498717936485463	0.01764544296754086	0.06845173250059358	0.0381140131173098	0.01623807880226412	0.01716797201482757	0.01254756966220496	0.1082917435280578
0.3056560319286835	-0.3376309795209702	0.4260246782284318	1.050441458861209	0.5676382217305621	0.03235044927930471	0.2213383337878052	-0.3965188871936917	0.05597695932762604	0.1383100769039382	-0.4261058538473597	-0.1146462818648069	1.434017230325303	-0.2870122363221621	0.3058583502663199	-0.5149052997564503	0.06577188852751815	3.649916576988737	-1.550907461786794	0.6539535615266093	0.5360288256174159	0.07035659994407847	0.06039539272792201	0.01735926169016224	0.09897188185082327	0.01449911560459028	0.01260995833975987	0.04717930066727366	0.01885734640268814	0.07134482515333897	0.01795222512254172	0.04549864392244528	0.01633188579024219	0.07585743104195888	0.04091986031586713	0.01603993481670046	0.01713723803192465	0.01250669515805783	0.1064341158365907	0.00644652089100316	0.06686102690550058	0.07092921547275734	0.01288304484083998	0.1416288680774195	0.01324307921418074	0.01121469962536333	0.05714755337829146	0.03093175776634719	0.03045695041678768	0.02087653250874179	0.04480940008992695	0.01782617676414991	0.06767856149469446	0.03801020328678498	0.01638122816327491	0.01709531378968511	0.01255126607067436	0.1083840088599586
0.3069678603918968	-0.3377782748697102	0.4279083520380794	1.050064311049185	0.5680253561709878	0.0316850533709389	0.2214260233687176	-0.3917192458134992	0.05391550773778665	0.1391567660596535	-0.425411081123573	-0.110165400980298	1.437814396465709	-0.2879894955738316	0.2846427611725605	-0.4992478201810224	0.06822909187930684	3.667456624924721	-1.592010184496473	0.6370156519251975	0.523027088233065	0.07008093846442943	0.06126591216710062	0.01697044200981045	0.1022432366381166	0.01438890771710061	0.01248596516080201	0.04802222072247703	0.02000065797945332	0.06812547913039171	0.01821430371126388	0.04543555533606054	0.01646875448161029	0.07520408450782831	0.04067776366534603	0.01607568619564436	0.01713044890517309	0.01251074083758092	0.1065782778971335	0.00649251383547806	0.06669698253081355	0.07201725965841226	0.01280475236918534	0.1457004505287642	0.01321232752316674	0.01115744970418806	0.05810020242947943	0.03340469745439355	0.02851345013035546	0.02112125929451391	0.04463162081499929	0.01800691056075896	0.06690539048879533	0.03790639345626017	0.01652437752428569	0.01702265556454265	0.01255496247914375	0.1084762741918594
0.30827968885511	-0.3379206340620287	0.4297970170336146	1.049685859309244	0.5683857236138309	0.03104134966295766	0.2215181253491816	-0.3868970145907721	0.0517999633892014	0.1399816662556124	-0.4247341540834444	-0.1070953375244357	1.441628053136243	-0.2889983388815744	0.2650169778875023	-0.48186743073878	0.07247061961842731	3.684368308435354	-1.633356193856833	0.6207140488439947	0.5087795662819012	0.06981928678885582	0.0621532794088873	0.01660784596009628	0.1055550431685334	0.01428550701213492	0.01236806026159635	0.04887263911429299	0.02127710691142303	0.06499592567272383	0.01847562943622238	0.04536182995112421	0.01661103190450989	0.07453688217914059	0.04044706252506476	0.01612251650193925	0.01711764147034486	0.01251485897747685	0.1067172076336708	0.00640886114212697	0.06667530608089414	0.07313796467871575	0.01272243759685242	0.1497847916426839	0.01318045228848975	0.01110736227784791	0.05905614848831947	0.03639620272919222	0.02685401599273269	0.02138652435189109	0.04442095233590424	0.01822583347421292	0.06603098346190873	0.03780784728547222	0.01670895657326444	0.01694203208537443	0.01256098953211979	0.1085287675277605
0.3095915173183232	-0.3380598371907983	0.4316906985149658	1.049306067420433	0.5687213183927371	0.03042150370916114	0.2216169013214606	-0.3820529859305452	0.04963006401024405	0.1407855572778872	-0.4240768198104064	-0.1053536992317391	1.445462478549594	-0.2900326724403467	0.2468746161123615	-0.4628745367896032	0.07840419020369975	3.700688771177179	-1.674879297533666	0.6049852847757802	0.4931561584025829	0.06957601712756489	0.06305737176970369	0.01626913707646194	0.1089043170721439	0.01418828846905225	0.01225603341600186	0.04973005590916721	0.02269619496125288	0.06196169805342711	0.0187371364795707	0.04527699920255917	0.01675987612478208	0.07385299907556812	0.04022706599012225	0.01618124223430742	0.01709898805427848	0.0125191433478562	0.1068498638112206	0.006325208448775881	0.06665362963097475	0.07425866969901922	0.01264012282451951	0.1538691327566036	0.01314857705381276	0.01105727485150776	0.06001209454715951	0.03938770800399088	0.02519458185510991	0.02165178940926827	0.04421028385680919	0.01844475638766687	0.06515657643502212	0.03770930111468427	0.01689353562224319	0.01686140860620619	0.01256701658509582	0.1085812608636616
0.3109033457815364	-0.3381975900399057	0.4335894256559439	1.048924904691286	0.5690340387914703	0.02982758148573954	0.221724529684437	-0.3771879186577465	0.04740560563913428	0.1415691619270793	-0.4234409293548669	-0.1048554039892408	1.449322079633003	-0.2910861742523901	0.230105595821131	-0.4423817172575174	0.08593449916519423	3.716456815546631	-1.716519835370366	0.5897614269009414	0.4760649156263502	0.0693550199231239	0.06397825024421175	0.0159522730446668	0.1122922071790048	0.01409653447155189	0.01214964252004066	0.05059341735398143	0.02426177940721707	0.05902697615497394	0.01900002289472933	0.04518058168409583	0.01691676154331346	0.07315044926293185	0.0400172679316667	0.01625304876192902	0.0170748714008457	0.01252372668098512	0.1069748804137171	0.006315159798083638	0.06676758868010582	0.07541660173917004	0.01255757985221817	0.1580746237871706	0.01311265623192277	0.01101335331427008	0.06095700040842223	0.04278531506353768	0.02378832385437224	0.02194495234539083	0.04396581360824021	0.01871069076801552	0.06419927667217155	0.03761958287438715	0.01712908234235727	0.01677786854600781	0.01257638133785783	0.1085836725393864
0.3122151742447497	-0.338335446997134	0.4354932353246327	1.048542351624823	0.5693255871557208	0.02926145305653088	0.2218430189132183	-0.3723025020312606	0.04512647052552642	0.1423330758663234	-0.4228284472592216	-0.1055124212091008	1.453211247416895	-0.292152366071323	0.2145959531692422	-0.4205004076851743	0.09496255295100443	3.731713183899026	-1.758238889717177	0.5749650336910344	0.4574680153833082	0.06915979257132493	0.06491597066547791	0.01565543087245837	0.1157197542453935	0.01400960822074316	0.01204867248370258	0.05146178913957145	0.02597711773067848	0.05619549919204742	0.01926534882465418	0.04507214609215247	0.01708299318063599	0.07242743665928152	0.03981721442543492	0.01633898489277649	0.01704563069976867	0.01252872650463372	0.1070910219717461	0.006305111147391395	0.06688154772923689	0.0765745337793209	0.01247503687991684	0.1622801148177375	0.01307673541003279	0.01096943177703239	0.06190190626968495	0.04618292212308447	0.02238206585363457	0.02223811528151338	0.04372134335967122	0.01897662514836417	0.063241976909321	0.03752986463409005	0.01736462906247136	0.01669432848580943	0.01258574609061983	0.1085860842151112
0.3135270027079629	-0.338474884695622	0.437402168232015	1.048158394428486	0.5695975651676041	0.02872489101973607	0.221974289966857	-0.3673973892339162	0.04279257115247179	0.1430778248114921	-0.4222413639533565	-0.107231126000648	1.457134536419905	-0.2932244291578864	0.2002248065777315	-0.3973475239859925	0.1053827962498356	3.746500541892168	-1.800001411624987	0.5605125752715298	0.4373340993961537	0.06899450777281946	0.06586976155484821	0.01537713800592126	0.1191782437398236	0.01392689112879737	0.01195289343578555	0.05233422301978485	0.02784446075328816	0.05346667196473209	0.01953531465144885	0.04495107367041118	0.01726068091745812	0.07168047566038556	0.03962623384683058	0.01644072744698113	0.01701155241932784	0.01253427055514884	0.1071957878295927	0.006425319117016264	0.06715294503163033	0.07774890410770234	0.01239795563093279	0.1663385857860919	0.01303634763973845	0.01093105985441087	0.06283404804809013	0.0499723411196955	0.02112323955656475	0.02258688523586649	0.04343796117150418	0.01930979276969588	0.06215627342931416	0.0374431444024008	0.01766693157426613	0.01660711864097406	0.01259883628016267	0.1085020770428536
0.3148388311711762	-0.3386171999985594	0.4393162735917067	1.047773032253292	0.5698513434484005	0.02821944537945687	0.2221200605246472	-0.3624731539550438	0.04040388005012226	0.1438037765265651	-0.4216817122884359	-0.109899586695035	1.461097114395077	-0.29429438202252	0.186848832898234	-0.3730606737733554	0.1170683457058577	3.760867120094587	-1.841773789576298	0.5463069726684416	0.4156460194986337	0.06886291208917472	0.0668389375766948	0.01511608074363287	0.1226599865685152	0.0138478344572415	0.01186210123938769	0.05320987777257012	0.02986566274942405	0.0508398312214556	0.01981186770223441	0.04481681010042324	0.01745169181220053	0.07090641314116776	0.03944372475257039	0.01655975974224156	0.01697289046038148	0.01254047193485265	0.1072869159049103	0.006545527086641133	0.06742434233402375	0.07892327443608377	0.01232087438194874	0.1703970567544463	0.01299595986944411	0.01089268793178934	0.06376618982649532	0.05376176011630652	0.01986441325949494	0.0229356551902196	0.04315457898333713	0.0196429603910276	0.06107056994930733	0.03735642417071153	0.0179692340860609	0.01651990879613869	0.0126119264697055	0.108418069870596
0.3161506596343894	-0.3387635871209535	0.4412356053081857	1.047386271526456	0.5700881614588619	0.02774653927171349	0.2222819317739718	-0.3575303263673147	0.03796040581726884	0.1445112122731569	-0.4211515874097574	-0.1133907891135801	1.465104996174673	-0.2953530541500427	0.1743053187897581	-0.3478035857700809	0.1298754832930827	3.77486661014671	-1.883481248043072	0.5322549838281748	0.3922222653009557	0.06876808597962535	0.06782162179608484	0.01487110515555478	0.1261487894116289	0.01377197337528925	0.01177606800193291	0.05408999778206269	0.03207513728589293	0.04831390190046223	0.02009705429269092	0.04466871588349612	0.01765836547446306	0.07010124693021484	0.0392690250561184	0.01669824745132468	0.01692983763420862	0.01254743780019497	0.107364041603071	0.006622830796224515	0.06784109233388937	0.08008280381035847	0.01225122343413116	0.1740550248281498	0.01295228953402849	0.01085906077929721	0.0647359943966215	0.05871837393683814	0.01874193913274838	0.0233450322188079	0.04282951382414884	0.02005677644030832	0.0598311156933187	0.0372704637770602	0.01835594007239499	0.01642797080692225	0.01262875820133438	0.1082966021726809
0.3174624880976026	-0.3389149874093761	0.4431602299349268	1.046998137523969	0.5703089331353225	0.02730725216507709	0.2224612201868788	-0.3525693294523676	0.03546237719702944	0.1452002646094698	-0.4206535861119206	-0.1175426070337039	1.469166630321634	-0.2963880635745806	0.1623847592855439	-0.3218054950608384	0.1436223715529637	3.78856788714557	-1.924946840332581	0.518279817039764	0.3666707406039577	0.06871278831546816	0.06881614419142384	0.01464118243973363	0.1296303107197691	0.01369889562696253	0.01169459143860385	0.05497568929190885	0.03450275740478687	0.04588778352109453	0.02039268536354709	0.04450621790117397	0.01788277131741689	0.0692613544973377	0.03910154226018356	0.01685810547957091	0.01688256483279832	0.01255526302810779	0.1074268336669351	0.006700134505807896	0.06825784233375498	0.08124233318463316	0.01218157248631358	0.1777129929018534	0.01290861919861287	0.01082543362680507	0.06570579896674768	0.06367498775736975	0.01761946500600181	0.0237544092473962	0.04250444866496055	0.02047059248958905	0.05859166143733007	0.03718450338340885	0.01874264605872907	0.0163360328177058	0.01264558993296327	0.1081751344747658
0.3187743165608159	-0.3390721940340904	0.4450902218792459	1.046608667009638	0.570514380394992	0.02690245304366689	0.2226590763217584	-0.3475905224960292	0.03291018196558992	0.1458710003768597	-0.4201905663933801	-0.1221970822756447	1.473290113285525	-0.2973873181203689	0.150882328265338	-0.2952794746213072	0.1581315570987274	3.80204060005482	-1.966058035701676	0.5042983779911654	0.3389485050200202	0.06869620063688239	0.06982287000370184	0.01442531056081004	0.1331175874777996	0.01362825582806683	0.0116174402399494	0.05586550831743876	0.03711642304106112	0.04356593758003607	0.02069876574544481	0.04432900404668037	0.01812673555834385	0.06838795231919657	0.03894157232503667	0.01704194935818355	0.01683144145958066	0.01256408236973654	0.1074729679010379	0.006770198895823776	0.06873228640494404	0.08243657137725285	0.01211864522464476	0.1817196666442552	0.01286264164333294	0.01079562976983156	0.06665154738477216	0.06838319823982013	0.01676769364034381	0.02418528188450289	0.04214333765283591	0.02096238204695334	0.05731824372190163	0.03711989759736673	0.01923245551400385	0.01624413639614386	0.01266719256833496	0.1079611368799255
0.3200861450240291	-0.339235758860663	0.4470256668856219	1.046217914419491	0.5707049127068761	0.02653271750497747	0.2228763774494514	-0.3425941546623215	0.03030423447001086	0.1465233218828224	-0.4197650777477743	-0.1272362550589664	1.47748031200783	-0.2983427028020061	0.1396455854053779	-0.2683479221175264	0.1732680048153167	3.815341017818232	-2.006896982602044	0.490205626049507	0.3094512561387219	0.06871757543316336	0.07084212642940962	0.01422259689378621	0.1366221923959394	0.01355974770885505	0.0115444091834722	0.05675817246058602	0.03988802714911689	0.04135231336325368	0.02101529959700087	0.04413679386460245	0.01839187203406664	0.06748213678067827	0.03878937888629121	0.01725209025214337	0.0167767951060551	0.01257401513110479	0.1075003399191995	0.006840263285839655	0.06920673047613307	0.08363080956987255	0.01205571796297594	0.1857263403866571	0.01281666408805301	0.01076582591285804	0.06759729580279664	0.07309140872227052	0.0159159222746858	0.02461615452160958	0.04178222664071127	0.02145417160431762	0.0560448260064732	0.03705529181132462	0.01972226496927863	0.01615223997458193	0.01268879520370665	0.1077471392850852
0.3213979734872423	-0.3394061386663068	0.4489666542759134	1.045825940404025	0.5708808170520621	0.02619853094898904	0.2231138912545339	-0.3375804292615253	0.02764484967959021	0.1471570378134531	-0.4193793300254031	-0.1325471191723288	1.481741453319227	-0.299247023480214	0.128529317687564	-0.2411234156969536	0.1889014208973301	3.828522359371808	-2.047545419754085	0.4759090477739886	0.2784104257173861	0.06877729476880082	0.07187181910161371	0.01403225777042657	0.1401331634873135	0.01349318032642271	0.011475291203444	0.05765431365457452	0.04282714264999067	0.039250691012616	0.02134359374700073	0.04392901517193112	0.01868116870120552	0.06654161360956906	0.03864476301061255	0.01749230395252574	0.01671845918783689	0.01258508644744908	0.1075101066644085	0.006963822620600101	0.06976687576197656	0.08479820281221333	0.01200084356622371	0.1894577576369945	0.01277059266281672	0.01073953374688014	0.06856484357895434	0.07841239631881103	0.01533391656909912	0.02509865324153434	0.04137765343603109	0.02205779598964076	0.05465254071718247	0.03700126597617566	0.02035198492779241	0.01604951872525708	0.01271319554061576	0.1075272385427454
0.3227098019504555	-0.3395835802889001	0.4509132811336439	1.045432818557522	0.5710421108829178	0.02590016075100133	0.2233721431353294	-0.3325494520384323	0.0249322510466187	0.1477718337315487	-0.4190352679817501	-0.138002627306425	1.486078185406593	-0.3000926738255989	0.1173705475835832	-0.213742675883736	0.204885058796573	3.841642966285278	-2.088026252782413	0.4613603722285413	0.2458977025841759	0.06887569066667973	0.07291008323666387	0.01385359537423277	0.143640763112651	0.01342838436273378	0.01140990263257408	0.05855449437468524	0.04594203300055724	0.03726436983186588	0.02168480447852202	0.04370515469359755	0.0189972655510128	0.06556430312981984	0.03850754624685475	0.01776592516540672	0.01665628585920009	0.01259731856492223	0.1075033127358059	0.007087381955360548	0.07032702104782004	0.08596559605455412	0.01194596916947149	0.1931891748873319	0.01272452123758043	0.01071324158090224	0.06953239135511206	0.08373338391535157	0.01475191086351244	0.02558115196145911	0.04097308023135092	0.0226614203749639	0.05326025542789175	0.0369472401410267	0.02098170488630619	0.01594679747593222	0.01273759587752487	0.1073073378004056
0.3240216304136688	-0.3397682161144673	0.4528656487225381	1.045038629254402	0.5711886648196894	0.02563774909322398	0.223651526264744	-0.3275012763193446	0.02216665412248768	0.1483673617901816	-0.4187348056889774	-0.1434676615155475	1.490495497325298	-0.3008716104873544	0.1059954795390127	-0.1863552330970392	0.2210629173257962	3.854765554802949	-2.1283411480337	0.4465241301345125	0.2119322415913498	0.0690122971410768	0.07395471109113171	0.0136859633959445	0.1471368229292323	0.01336527253511094	0.01134805457993668	0.05945999633700495	0.04924844759671543	0.03539549544868316	0.02204214961448285	0.04346458807643813	0.01934488879075376	0.06454826341880096	0.03837737969370497	0.01807830580854885	0.0165897757146666	0.01261069303920616	0.1074798051074261	0.007201620566828479	0.07095307267943739	0.087094503322341	0.01189941681122885	0.1966718656641823	0.01267999358083151	0.01069010141027541	0.07054062610009751	0.08987213278987123	0.01441499005610769	0.02616463721427192	0.04052173107801754	0.02342864781129483	0.05175053268723854	0.03689946784395823	0.02180235949053039	0.01582502207132986	0.01276390222379189	0.1070501154357834
0.325333458876882	-0.3399599284198929	0.4548238676726762	1.044643467802961	0.5713200265143503	0.02541115567881394	0.2239521452929649	-0.3224358371156705	0.01934830024606925	0.1489432251324526	-0.4184798910960544	-0.1487913544038759	1.494999109906289	-0.3015748007947042	0.09420861355882912	-0.1591345553809291	0.2372610886240124	3.867962694924184	-2.168458952696296	0.4313797506981666	0.1764561518063892	0.06918668549836056	0.07500373572243754	0.01352878659452635	0.1506140613003629	0.01330376742835905	0.01128957954183289	0.06037196041220661	0.05275999607648101	0.03364585941594187	0.02241847584843269	0.04320675512246978	0.01972821223526681	0.0634917318404131	0.03825395111997024	0.01843416886182207	0.01651848561966621	0.01262519353055399	0.107439443428315	0.007315859178296412	0.07157912431105475	0.08822341059012789	0.01185286445298621	0.2001545564410326	0.0126354659240826	0.01066696123964857	0.07154886084508295	0.09601088166439087	0.01407806924870294	0.02674812246708473	0.04007038192468415	0.02419587524762577	0.05024080994658531	0.03685169554688976	0.02262301409475459	0.01570324666672751	0.0127902085700589	0.1067928930711612
0.3266452873400953	-0.3401584644054085	0.4567880537577038	1.044247437615419	0.5714355682638728	0.02522008450821744	0.2242739492028293	-0.3173530038725062	0.01647745973477631	0.14949901298999	-0.4182725051235746	-0.1538185594669679	1.499594811490514	-0.3021930649336551	0.08180822884973141	-0.132256023847354	0.2533005056558721	3.881310735826219	-2.20836258902906	0.4159222663037264	0.1394927843168826	0.06939698655198914	0.07605510185196179	0.01338146552795871	0.1540656383805704	0.01324390942156516	0.01123430538908658	0.06129118255435427	0.05647170817719523	0.0320099471748997	0.02281650348872551	0.04293113314449147	0.02015263130931897	0.06239391306501006	0.03813720120143035	0.01884037041826594	0.01644166809048673	0.01264060724235028	0.1073842903496747	0.007446540384342515	0.0722338237332544	0.08930855161230269	0.01181334025521248	0.203387137062955	0.01259505137603281	0.01064664799767599	0.07259087416964491	0.1025425010877011	0.01381466691581746	0.02743374933305705	0.03957250259055115	0.02516091769344563	0.0486365002280015	0.03681583969926746	0.02369047025184669	0.01555488195593692	0.01281395043767898	0.106558589456418
0.3279571158033085	-0.3403632962425935	0.458758332628624	1.04385065790535	0.5715343038313255	0.02506393716156271	0.2246165686685854	-0.3122525074546877	0.01355439837111089	0.1500343408880401	-0.41811451228374	-0.1583899438584616	1.504288107923997	-0.3027175147854008	0.06858608342488871	-0.105890057527262	0.2689962680033077	3.894891786851611	-2.248074320147028	0.4001867098171784	0.1011518941659949	0.06964151487334483	0.07710697699055298	0.0132434670531002	0.1574854307159128	0.01318573424833194	0.01118207951727527	0.0622183721397991	0.06037920841706068	0.03048261643803522	0.02323863756037323	0.0426372526992182	0.02062290505006534	0.06125408102297469	0.03802707639384777	0.01930295299493561	0.01635865980671313	0.01265674576181481	0.1073162116296441	0.007577221590388619	0.07288852315545404	0.09039369263447752	0.01177381605743874	0.2066197176848774	0.01255463682798302	0.01062633475570341	0.07363288749420688	0.1090741205110112	0.01355126458293198	0.02811937619902938	0.03907462325641815	0.02612596013926549	0.04703219050941768	0.03677998385164515	0.0247579264089388	0.01540651724514632	0.01283769230529907	0.1063242858416748
0.3292689442665217	-0.3405737558984117	0.4607348346910409	1.043453255580085	0.5716150634931222	0.02494196666467712	0.2249794714539634	-0.3071340056219375	0.0105793582672904	0.1505488635816193	-0.4180076897237228	-0.1623478268916165	1.509084327326927	-0.3031396397839534	0.05433463462134495	-0.0802044412475148	0.284165119379486	3.908791522134564	-2.28761258320254	0.3842243818404283	0.06148904272796913	0.06991565979681123	0.07815724087987071	0.0131140832032484	0.1608678200457327	0.01312931841705675	0.01113273302962896	0.06315475320653509	0.06449018253714035	0.02905494904646988	0.02368299251391509	0.04232482515586646	0.02114294275087984	0.0600735539981924	0.0379242491187614	0.01982984948777255	0.01626894014577216	0.01267323952802228	0.1072380468025653	0.007688262051406429	0.07349482693106903	0.09142478101538068	0.01173666636172556	0.2096050325347707	0.01251930751883558	0.0106082804589273	0.07472278700357202	0.1163008228190617	0.01326751325081069	0.02881104193364377	0.03853405897131345	0.02727631039026653	0.04538437681659165	0.03677339139474944	0.02612472442716003	0.01523395830963858	0.01285451660778343	0.1061420783733499
0.330580772729735	-0.3407889085358178	0.4627176992856105	1.043055371491905	0.571676322200197	0.02485314223628293	0.225361815081549	-0.3019969991426306	0.007552561865423761	0.1510423487127175	-0.4179537624517323	-0.1655448143147344	1.513988358293854	-0.3034520052538808	0.03885513097925911	-0.05535590716999423	0.2986355732839441	3.92310377807825	-2.326981432702844	0.3681130614701787	0.02050828665818363	0.07021528185738898	0.07920400124527097	0.01299268504911639	0.1642077510723985	0.01307472967481288	0.01108611623531501	0.06410141657064666	0.06881127401807752	0.02771877425506388	0.024147898526869	0.04199359045359109	0.02171618289070774	0.0588535200247414	0.03782931899635508	0.02042803789937413	0.0161720469297582	0.01268976134089141	0.1071523661545429	0.007799302512424239	0.07410113070668402	0.09245586939628386	0.01169951666601237	0.212590347384664	0.01248397820968815	0.01059022616215119	0.07581268651293717	0.1235275251271121	0.0129837619186894	0.02950270766825816	0.03799349468620875	0.02842666064126757	0.04373656312376561	0.03676679893785374	0.02749152244538126	0.01506139937413083	0.0128713409102678	0.105959870905025
0.3318926011929482	-0.3410076934176906	0.4647070698845417	1.042657152713137	0.5717163839329629	0.02479630044559249	0.2257626105009056	-0.2968409050148698	0.004474224601357489	0.1515146359799332	-0.4179544238030017	-0.1678496729726091	1.519004205619559	-0.3036486092834772	0.02196697181658604	-0.03147563902993603	0.3122542124300587	3.93792428769363	-2.36621331766168	0.3519285485467904	-0.02168193655206349	0.07053239568650171	0.08024563558291221	0.01287868509594321	0.1675086516466036	0.01302212421623279	0.01104208735314611	0.06505905745210951	0.07332754943389043	0.02646757887511898	0.02462583525664793	0.04164353330408471	0.02234424211144191	0.05759830471405292	0.03774389529122076	0.02110641020131327	0.01606834290700026	0.01270622486007174	0.1070612634492578	0.007873891633145075	0.07455484566156717	0.09343701284560545	0.01166486093580605	0.2155718051026612	0.01245582965334515	0.01057441055026758	0.07694217206364649	0.130920885311174	0.01271020966473268	0.03006199800391542	0.03741590813839002	0.02972558603349059	0.04212556300789555	0.03681446923890289	0.02921265685443331	0.01488288649580857	0.01288626544056175	0.1058200950761622
0.3332044296561614	-0.3412288617659758	0.466703094638978	1.042258753116788	0.571733285181644	0.02477011207975949	0.2261806466146669	-0.2916649726601244	0.001344446086025231	0.1519656816191285	-0.4180110823442535	-0.1691786220902474	1.524133214600458	-0.3037276775988091	0.003544898250188377	-0.008622015285930209	0.3249205562845757	3.953348932176074	-2.405408228164039	0.3357282968758892	-0.06486444808114995	0.07085984215638588	0.08128069398177747	0.01277156165142901	0.1707735507924762	0.01297164039089194	0.01100052073261759	0.06602829639479743	0.07802608406768756	0.02529540795702622	0.02511015090121685	0.04127463840676758	0.02302853004535228	0.05631182237854015	0.03766941332136077	0.02187276893535074	0.01595814968940851	0.01272255363884701	0.106966634431058	0.007948480753865915	0.07500856061645034	0.09441815629492703	0.01163020520559973	0.2185532628206584	0.01242768109700215	0.01055859493838398	0.07807165761435583	0.138314245495236	0.01243665741077597	0.03062128833957268	0.03683832159057129	0.03102451142571362	0.04051456289202549	0.03686213953995204	0.03093379126348535	0.0147043736174863	0.0129011899708557	0.1056803192472994
0.3345162581193747	-0.3414510779180351	0.4687059247814696	1.041860328782737	0.5717249324428476	0.02477314421336779	0.2266146118649912	-0.2864683579168201	-0.001836661249458043	0.1523954971512402	-0.418125092863019	-0.1694309481496556	1.529379678918416	-0.303686790870263	-0.01656411006576388	0.0130651940834107	0.3365197890842672	3.969490370348401	-2.444495463348672	0.3195790338969595	-0.1090745202183485	0.07118821511896629	0.08230701228421701	0.01267082511774271	0.174009622416161	0.01292348055526984	0.01096131827241223	0.06701052796661307	0.08290550746717382	0.02419793961856522	0.02559291897359471	0.04088690142121733	0.02377019071275816	0.05499897869494837	0.03760773494866673	0.02273716628170141	0.01584135797337925	0.01273839162909723	0.1068705635798505	0.00796465909648077	0.07524207821667393	0.09532840698269121	0.01159808365551889	0.2216611668743213	0.01240834437282838	0.01054547316385329	0.07926142366948577	0.1461538526462277	0.01220509700775477	0.03100897300579107	0.03622403259034795	0.03246846324866389	0.03896961816026719	0.03697618981930686	0.03307403108189114	0.01451050291266854	0.01290778045618642	0.105590642230896
0.3358280865825879	-0.3416729212293635	0.4707157118038622	1.041462033340388	0.5716890794338813	0.02480391965662635	0.2270630906975112	-0.2812500385895337	-0.005069125400416984	0.1528041868969945	-0.4182975706280516	-0.1686101928275081	1.534739601381273	-0.3035311704013224	-0.03838172707768406	0.03367514529438594	0.3470478125922126	3.986439514819939	-2.483706293562742	0.3035201433593675	-0.1540030047360602	0.0715090841360228	0.08332265474591893	0.01257604087016855	0.1772232708434165	0.01287782392869632	0.0109243930242505	0.06800699582559297	0.08796470616462253	0.02317122004069875	0.0260671274436032	0.04048031698721296	0.02457021574376533	0.05366421654029183	0.03756051992467933	0.02370839845999898	0.01571787056345463	0.01275342358528381	0.1067749384510401	0.007980837439095627	0.07547559581689751	0.09623865767045538	0.01156596210543805	0.2247690709279843	0.01238900764865461	0.0105323513893226	0.08045118972461571	0.1539934597972195	0.01197353660473356	0.03139665767200945	0.03560974359012462	0.03391241507161415	0.03742467342850887	0.03709024009866167	0.03521427090029693	0.01431663220785077	0.01291437094151713	0.1055009652144926
0.3371399150458012	-0.3418930114346865	0.4727326004115933	1.041064013147485	0.5716235092978008	0.02486112746784381	0.2275247028423784	-0.276008923636421	-0.008353292638018362	0.1531918785042269	-0.4185292387585268	-0.1667796362416929	1.540204341718254	-0.3032706186413292	-0.06185390526547373	0.05341803652119158	0.3565642648967491	4.004273555141271	-2.52339028074062	0.287566514423061	-0.1992501161656945	0.07181067463615608	0.08432608653213168	0.01248668358699968	0.1804203942784068	0.01283475329345724	0.01088960690983217	0.06901872164247724	0.09319099947389856	0.02221197976983665	0.02651917434639255	0.04005513186107934	0.02542554539335038	0.05231450507950679	0.03753043298459791	0.02479559558537684	0.01558862500049381	0.0127677099338177	0.1066803116850285	0.008176790751109045	0.07539121414086708	0.09708553835903355	0.01153375489206471	0.2279997352626143	0.01237653326387032	0.01052065557268405	0.0816975634271145	0.1619778737961823	0.01179555066697952	0.03144865343860179	0.03496490416259904	0.0354091229497069	0.03601334543244672	0.03729696037562574	0.03779645985736113	0.01413088858642795	0.01292071599073693	0.1054273079087988
0.3384517435090144	-0.3421100808516583	0.474756723029334	1.040666396351207	0.5715260924252826	0.02494374179141278	0.227998181185121	-0.2707437687361615	-0.01168987040958103	0.1535587049913958	-0.4188204770918689	-0.1640047303470284	1.545768497853468	-0.3029161558667822	-0.08693492953955453	0.07240964904443295	0.3651388945438594	4.023090567992988	-2.56361084700705	0.2717093989100512	-0.2448231171068298	0.07208242751532254	0.0853159319525793	0.01240228722193791	0.1836062740847424	0.0127943418972988	0.0108568376087031	0.07004661738326526	0.09857349575709781	0.02131722890093985	0.02693701555588067	0.03961156576813208	0.0263334675449614	0.05095615705339343	0.03751984857043655	0.02600670873742418	0.01545445315776574	0.01278130416832721	0.1065871836803701	0.00837274406312246	0.07530683246483665	0.09793241904761174	0.01150154767869137	0.2312303995972443	0.01236405887908603	0.01050895975604551	0.0829439371296133	0.1699622877951451	0.01161756472922549	0.03150064920519414	0.03432006473507346	0.03690583082779966	0.03460201743638457	0.03750368065258982	0.04037864881442535	0.01394514496500512	0.01292706103995673	0.105353650603105
0.3397635719722276	-0.3423229294431874	0.4767882070401387	1.040269300608711	0.5713947507541361	0.02505084795164865	0.2284823318177514	-0.2654532430028602	-0.01507962209582154	0.1539047813949125	-0.4191716643365875	-0.1603862618921203	1.551424561218219	-0.3024814366777505	-0.1135361577771812	0.09082714831821058	0.3728805710017826	4.04298412470435	-2.604508718437903	0.2559103175291979	-0.2906090022243636	0.07231204968307493	0.08629098700862557	0.01232238279421114	0.1867740580234751	0.01275667507253204	0.01082595435280565	0.07109118986791078	0.104096668620462	0.02048350706562337	0.02730581353821912	0.03914997001763487	0.027288587619497	0.04959622873899241	0.03753165899887696	0.02734929578810334	0.01531654284312171	0.01279432632988852	0.1064951082351426	0.008625035857397389	0.07484528499635826	0.09871830483493899	0.01146857857729004	0.2342214221678935	0.01235881771321489	0.01049833777681187	0.08423804716210356	0.1779474623107928	0.01147897441809829	0.03113437853095362	0.03364819562262783	0.03838902997901639	0.03334937197825288	0.03781866175259149	0.04340843466381512	0.01377673290485827	0.01293474062906682	0.1052707545907318
0.3410754004354408	-0.3425305757338444	0.478827164694562	1.039872816231094	0.5712276116119234	0.02518189393082381	0.2289761992897887	-0.2601358557094784	-0.01852357366377504	0.1542301134194533	-0.4195829766488565	-0.1560733567551649	1.557162737242019	-0.3019840751118745	-0.1415113807919986	0.1089080472956918	0.3799530871772485	4.064043423056869	-2.64624342121658	0.2400827350701055	-0.3364891700239628	0.07248850023158356	0.08725017006279306	0.01224655439267264	0.1899175733646802	0.01272182831548027	0.01079684131779494	0.07215289268381418	0.1097471688714778	0.01970766856172631	0.02761240116861811	0.03867065827757504	0.0282861441456458	0.04824110873423604	0.03756843920995591	0.02882989663682338	0.01517594817477941	0.01280688270674888	0.1064036813024408	0.008877327651672319	0.07438373752787984	0.09950419062226624	0.01143560947588872	0.2372124447385428	0.01235357654734375	0.01048771579757823	0.08553215719459384	0.1859326368264405	0.0113403841069711	0.03076810785671309	0.0329763265101822	0.03987222913023313	0.0320967265201212	0.03813364285259317	0.04643822051320491	0.01360832084471143	0.0129424202181769	0.1051878585783586
0.3423872288986541	-0.3427321775408677	0.4808736992291932	1.039477017379164	0.5710229408169443	0.02533654613109381	0.2294789813754014	-0.254790038819408	-0.02202289139837448	0.1545346211450229	-0.4200544990757577	-0.1512319787437774	1.56297240104192	-0.3014430734160553	-0.1706938361514139	0.1269085578467623	0.3865392017896266	4.086354757972568	-2.688968345362035	0.2241197192908682	-0.3823881752964013	0.0726012732175834	0.0881919688786008	0.012174432878565	0.1930349049574908	0.01268988949501575	0.01076938747371401	0.07323238424467862	0.1155175124150232	0.018986224764865	0.02784564013546034	0.0381740046869325	0.02932062950952048	0.04689625708489011	0.03763269425767402	0.0304532877899012	0.01503380469440696	0.01281918492422675	0.1063117879900808	0.00846764370219844	0.0735437708016918	0.1002159895061113	0.01140238952362105	0.2400838731931156	0.01235594892510413	0.01047812226847997	0.08688009274541689	0.1940530608122243	0.01122973080259856	0.0300128409854429	0.03227934822022263	0.04131754283141521	0.03098669397768887	0.03855870705984251	0.04988778845228166	0.0134604699918811	0.01295396258232123	0.1050757379143832
0.3436990573618673	-0.3429272131529102	0.4829278939775679	1.039081942624982	0.5707793331320971	0.02551495166663826	0.229990230059145	-0.2494140817484489	-0.02557899842462996	0.1548180037962985	-0.4205862298653135	-0.1460626045997802	1.56884141950864	-0.3008801230186079	-0.2008741571393831	0.145122134530664	0.3928611752349898	4.109994829451381	-2.732823782651626	0.207875667127371	-0.4282822134946231	0.07264090572079943	0.08911502426647037	0.01210569095268974	0.196124309154587	0.01266093634288649	0.01074349448732051	0.07433025346425723	0.1214013302917679	0.018316018975436	0.02799560079023255	0.03766034366473487	0.03038718986075607	0.04556661102259712	0.03772665094865379	0.03222355089342675	0.01489112015442173	0.01283142036961643	0.1062184188493659	0.00805795975272456	0.07270380407550375	0.1009277883899563	0.01136916957135338	0.2429553016476883	0.01235832130286452	0.01046852873938171	0.08822802829623994	0.2021734847980081	0.01111907749822601	0.02925757411417272	0.03158236993026306	0.04276285653259729	0.02987666143525653	0.03898377126709186	0.05333735639135841	0.01331261913905077	0.01296550494646556	0.1049636172504077
0.3450108858250805	-0.3431153453112158	0.4849898212899127	1.038687610870097	0.5704955775957822	0.02571752466619127	0.2305097022557895	-0.2440062093282929	-0.02919344029375935	0.1550798249070357	-0.4211781454154135	-0.1407834775581975	1.57475686209375	-0.300318298677712	-0.2318201507229101	0.1638635909652431	0.3991616663622948	4.135031796775784	-2.77795479389843	0.1911899239531404	-0.4741321711629595	0.07260108002608796	0.09001742247492174	0.01204006886559525	0.1991971469411281	0.0126350211745602	0.01071906717846908	0.07544730387267501	0.1273834956194104	0.01769376940664299	0.02805810915603413	0.03713012748460669	0.03148232371863707	0.04425509177894964	0.03785181201861862	0.03414111204006302	0.01474890823767264	0.01284392079841533	0.1061223604024254	0.007833023874840483	0.07155403023146913	0.1015486650453904	0.01133679559867246	0.2461120207806092	0.01236783496913645	0.0104599044317499	0.08963637814418786	0.2101725931385718	0.01102982574492689	0.02823527504140155	0.03086359767745481	0.04419501281295782	0.02886522054905163	0.03950465043879818	0.05713056422591975	0.0131867751882208	0.0129844307547568	0.1048153631087122
0.3463227142882938	-0.3432966378200004	0.487059529769109	1.03829399906666	0.5701708971003292	0.02594525420399092	0.2310376008051791	-0.2385645454889157	-0.03286802364170065	0.1553193473635133	-0.42183015357386	-0.1356349466765725	1.580704505629808	-0.2997824923503867	-0.263267923081724	0.1834755304419005	0.4057079058295536	4.161512875934227	-2.824514853569342	0.1738793713896817	-0.5198987786927387	0.07247607076914639	0.09089744248549418	0.01197733633081847	0.2022636453091444	0.01261219021981637	0.01069602125832326	0.0765842540014241	0.1334509592922241	0.01711651657201051	0.02802938747988453	0.03658376085370786	0.03260294794113317	0.04296433366089773	0.03800950878145003	0.03620624432891574	0.01460806844600726	0.01285697997128608	0.1060225139495633	0.007608087996956407	0.0704042563874345	0.1021695417008245	0.01130442162599153	0.2492687399135301	0.01237734863540838	0.01045128012411809	0.09104472799213577	0.2181717014791355	0.01094057399162776	0.02721297596863039	0.03014482542464656	0.04562716909331836	0.02785377966284671	0.04002552961050451	0.06092377206048108	0.01306093123739084	0.01300335656304805	0.1046671089670167
0.347634542751507	-0.3434713696258487	0.4891370553153891	1.037901061989188	0.5698047523766316	0.02619943492287031	0.23157436784338	-0.2330871776224624	-0.03660469017070459	0.1555356705478034	-0.4225421301749298	-0.1308516185464864	1.586670234675117	-0.2992973139822796	-0.2949571060243176	0.2042918010511912	0.4127603258984952	4.189474577693029	-2.872650610932306	0.1557645859939503	-0.5655537771782487	0.07226594179704914	0.09175279054522341	0.01191735614132156	0.2053081817084552	0.01259242976631298	0.01067427825880761	0.07774195400462988	0.1395877592866351	0.01658124790892095	0.02791553040910694	0.03602182907401875	0.03375088650276268	0.04169349636141452	0.03819926503407386	0.0384141696346549	0.01446928186534724	0.0128707703750637	0.1059188858170833	0.008165042871933422	0.06908681032171483	0.1026815968402365	0.01127469443963501	0.2519176739498267	0.01239270800473175	0.01044364448151412	0.09251817322750928	0.2259377778874953	0.0108680036438417	0.02615109204204335	0.02940914945944522	0.0471580051732883	0.02685939660851576	0.04060079413711745	0.06494426815402483	0.01295329350974594	0.01302730968851562	0.1045115048694606
0.3489463712147203	-0.343640189715063	0.4912224104959426	1.037508714030614	0.5693970185607801	0.02648189152446621	0.2321208540248921	-0.2275721469848531	-0.04040561481136682	0.1557276001523332	-0.4233139213677348	-0.1266220055482	1.592641484687688	-0.2988843276307363	-0.3266742194169844	0.2265846462345338	0.42052561145694	4.218933145382262	-2.922482099821306	0.1366891740883619	-0.6110914822959276	0.07197069752471774	0.09258140211183885	0.0118600066270241	0.2083166451102411	0.01257572756118345	0.01065376869482308	0.07892116427709682	0.1457800602588899	0.01608525435564792	0.02772189577107579	0.03544485632334914	0.03492774946401672	0.04044181272669087	0.03842064919356085	0.04076063510841259	0.01433315270265694	0.01288544474110777	0.1058114816984928	0.00872199774691044	0.06776936425599517	0.1031936519796486	0.01124496725327849	0.2545666079861233	0.01240806737405512	0.01043600883891015	0.0939916184628828	0.233703854295855	0.01079543329605565	0.02508920811545631	0.02867347349424387	0.04868884125325824	0.0258650135541848	0.04117605866373041	0.0689647642475686	0.01284565578210103	0.01305126281398318	0.1043559007719045
0.3502581996779335	-0.343803898713643	0.4933155973199185	1.037116851618239	0.5689477436214818	0.02679466942559385	0.2326780752349809	-0.2220174846825902	-0.0442730701151118	0.1558938121929897	-0.4241453775287486	-0.12309538599416	1.598607041404969	-0.2985624019387248	-0.3582474850408605	0.2505749923435945	0.4291645897924942	4.249894218530008	-2.974108482468644	0.1165221647428639	-0.6565292701984834	0.07159562108369545	0.09338079674138167	0.01180523177976787	0.2112618272119067	0.01256201908381921	0.01063442849381714	0.08012260518970354	0.1520150535823714	0.01562581356994568	0.02746224039225334	0.03485385817446927	0.03614036403794945	0.03920603206624785	0.03867101632972712	0.04323435045504923	0.01420006366394664	0.01290090829673756	0.1057027237079452	0.008816930606461713	0.06642079042856763	0.1035826384332568	0.01121921001341228	0.2562678216973271	0.01242807339700903	0.01042939166422172	0.09553047226720561	0.24123502040312	0.0107359767918458	0.02419243342258055	0.02793332487526675	0.0504455658078629	0.02482689980975179	0.04175210215894097	0.07303881143566218	0.01275197290935087	0.01307483826612697	0.1042590251318232
0.3515700281411467	-0.3439634865842088	0.4954166008189816	1.036725343122935	0.5684572000329489	0.02714010607968114	0.233247245446241	-0.2164212343274327	-0.0482094646290152	0.1560328058953183	-0.4250364062512292	-0.1203389770597004	1.604558706316326	-0.2983447491675377	-0.3895919720392996	0.2763758400262205	0.438742935034529	4.282337858544748	-3.02758609981473	0.09519237935241433	-0.701915188836414	0.07114542756165858	0.09414873879831036	0.01175298188314782	0.2141190967478276	0.01255124709382861	0.01061620092058196	0.0813469217141061	0.1582815919078851	0.01520048330772227	0.0271487841017666	0.03424974461086743	0.03739474920837695	0.03798321442277735	0.03894800661622821	0.04582541712927689	0.01407035408413235	0.01291707712286458	0.1055948049011157	0.008911863466012986	0.0650722166011401	0.103971624886865	0.01119345277354607	0.2579690354085309	0.01244807941996294	0.01042277448953329	0.09706932607152842	0.248766186510385	0.01067652028763594	0.02329565872970479	0.02719317625628962	0.05220229036246755	0.02378878606531878	0.04232814565415153	0.07711285862375575	0.01265829003660071	0.01309841371827076	0.1041621494917419
0.3528818566043599	-0.3441199847475293	0.4975253994943339	1.036334046553832	0.5679257163331426	0.0275206149324125	0.2338296159919283	-0.2107814628522787	-0.05221724698809529	0.1561430316934339	-0.4259869657284808	-0.1183863786036156	1.610489447163434	-0.2982422597882263	-0.4206563551942281	0.3040564251639774	0.4492871990041375	4.316226533870599	-3.082954402146978	0.07266115589008389	-0.7473141608632616	0.07062748431482109	0.09488277484050518	0.01170322551554875	0.2168840802047527	0.01254333058503807	0.01059903169037901	0.08259454890800599	0.164571185773122	0.01480684044213262	0.02679766131967937	0.03363432136499072	0.0386996138751633	0.03677059663952966	0.03924730863386309	0.04851529616364832	0.0139441571478277	0.01293364644970481	0.1054923464891026	0.00872782184239739	0.06376724907317452	0.1042283536633042	0.01117201255628498	0.2593235218539977	0.0124721188335651	0.01041715569570874	0.09866929343316848	0.256115051622331	0.01062762663925106	0.02267166205922942	0.02647102753195501	0.0542593907224894	0.02270795136898986	0.04285489635792307	0.081014491394161	0.01257431927992372	0.01311649395741058	0.1041932406422202
0.3541936850675731	-0.3442744326410346	0.4996419611477453	1.035942804395842	0.567353663022734	0.02793866570682616	0.2344264251710203	-0.2050963396793965	-0.05629891177467359	0.1562229307749774	-0.4269971449288804	-0.1172131573759696	1.616394062021159	-0.2982617943760681	-0.4514439777708651	0.3336118618122422	0.4607559259579679	4.351480585369276	-3.140226477292477	0.04895658357170737	-0.7928107973403197	0.07004840601729634	0.09558068941641108	0.01165593474845516	0.2195527354342132	0.01253819773506176	0.01058287273704586	0.0838658775758252	0.1708764154801066	0.01444271552556885	0.02642325049288482	0.03300920662675934	0.04006263147914104	0.0355656834062565	0.03956508350418422	0.0512878048027384	0.01382159076414421	0.01295034641407119	0.1053995322321156	0.008543780218781796	0.06246228154520893	0.1044850824397433	0.01115057233902388	0.2606780082994645	0.01249615824716727	0.01041153690188419	0.1002692607948086	0.2634639167342769	0.01057873299086619	0.02204766538875404	0.0257488788076204	0.05631649108251125	0.02162711667266095	0.04338164706169461	0.08491612416456626	0.01249034852324672	0.01313457419655041	0.1042243317926986
0.3555055135307864	-0.3444278369596516	0.5017662493961582	1.035551453920104	0.5667413973045566	0.02839670924656697	0.2350388617445626	-0.1993641135139789	-0.0604569597939617	0.1562709834672164	-0.4280671103120897	-0.1167718880192184	1.62226803397726	-0.2984086204584624	-0.481977721933401	0.3650078565937334	0.4730806952997074	4.387995948841308	-3.199405355048952	0.02414021795853059	-0.8384954285381409	0.06941601050053088	0.0962401376343434	0.01161108335300652	0.2221236523671592	0.01253575015833806	0.01056767657820581	0.08516088930742229	0.1771907220575042	0.01410597471644729	0.02604166293075433	0.03237709164672407	0.04149226635264164	0.03436804271067134	0.039895706881258	0.05411858128613294	0.01370254435796142	0.01296667330937996	0.105322623028617	0.008676963515660774	0.06124042185282705	0.1046028031563674	0.01113344997424352	0.2617629240217078	0.0125235350697651	0.01040686581365174	0.1019203991051408	0.2706389219788021	0.01053852539171352	0.02175514278878199	0.02507217839398097	0.05870610982690575	0.02055004010898315	0.0438108407032272	0.08841504583442236	0.01241105558789208	0.01314149822000337	0.1044456318511426
0.3568173419939996	-0.3445810812570026	0.5038982210367789	1.035159825992193	0.5660892031883873	0.02889708556680287	0.2356679472556906	-0.193583260362366	-0.0646938806948429	0.1562858366211662	-0.4291971956046597	-0.1169691909137435	1.628108081969729	-0.2986847948998725	-0.5123183975705865	0.3981519769216194	0.4861387235934917	4.42561678275231	-3.260475249024912	-0.001659086233082254	-0.8844689841609655	0.06873733805476812	0.09685899743792725	0.01156864800591583	0.2245954661043235	0.01253590066114404	0.01055340117276705	0.08647957065840736	0.1835083385798314	0.01379471082409808	0.02566727271636397	0.03174038787047919	0.04299596774215957	0.03317728306829774	0.04023417507758213	0.05698637507887712	0.0135869196295938	0.012982181110807	0.105267284860946	0.008810146812539752	0.06001856216044516	0.1047205238729915	0.01111632760946315	0.262847839743951	0.01255091189236294	0.01040219472541929	0.103571537415473	0.2778139272233273	0.01049831779256086	0.02146262018880994	0.02439547798034154	0.06109572857130024	0.01947296354530534	0.0442400343447598	0.09191396750427845	0.01233176265253744	0.01314842224345634	0.1046669319095866
0.3581291704572128	-0.3447349567946542	0.5060378302758833	1.034767750420794	0.565397302603085	0.02944204060941328	0.2363145832620471	-0.1877524039126996	-0.06901214699525457	0.1562662648566846	-0.4303878191531024	-0.1176882854727819	1.633911500784074	-0.2990907605197425	-0.5425457995168711	0.4329227257427838	0.4997793787844494	4.46416028202167	-3.323414358752732	-0.02827711284933462	-0.930819987819047	0.06801994075599356	0.09743505260836792	0.01152860274315728	0.226958302531819	0.01253852617669067	0.01054000443760566	0.08782137886670185	0.1898172222985722	0.01350705588505781	0.02531608774566386	0.03110252489707662	0.04458024369213179	0.03199630031073242	0.04057394641196043	0.05986388039315314	0.01347445775526003	0.01299611431352537	0.1052413743222893	0.00894566070325264	0.05890175718896015	0.1046936258394734	0.01110343205132231	0.2633863583171158	0.01258069885113646	0.01039841454704969	0.1052600477591817	0.2846093353989588	0.01046529974653621	0.02155765982946655	0.02379122214569733	0.06380831195841022	0.01847717914237336	0.04452760871031657	0.09481929466161214	0.01225337696897171	0.01313657937018146	0.1051457652059801
0.3594409989204261	-0.3448900135354852	0.5081850274550492	1.03437505875864	0.5646657495209796	0.03003356117519939	0.2369793637263765	-0.1818705360825794	-0.07341418218688725	0.1562113919539724	-0.4316395491985258	-0.1187700411707727	1.639676576576472	-0.2996240802798542	-0.5727721815402742	0.4691452872610957	0.5138015759279422	4.503388202620174	-3.388188426035872	-0.05547883337773325	-0.9776313116953534	0.06727063245839161	0.09796629276501821	0.01149092448138677	0.2292031023119227	0.01254351767603407	0.01052744911379388	0.08918583282951761	0.1961067137646863	0.01324134278535805	0.02500238049654528	0.03046657461970799	0.04625080995156425	0.03082769946659942	0.04090920177468688	0.0627272348620132	0.01336492902025682	0.01300780388950072	0.1052519958819665	0.009081174593965529	0.05778495221747515	0.1046667278059554	0.01109053649318147	0.2639248768902805	0.01261048580990999	0.01039463436868008	0.1069485581028904	0.2914047435745905	0.01043228170051155	0.02165269947012317	0.02318696631105313	0.06652089534552019	0.01748139473944138	0.04481518307587333	0.09772462181894583	0.01217499128540598	0.01312473649690658	0.1056245985023736
0.3607528273836393	-0.3450466530242196	0.510339761620507	1.033981585315703	0.5638944928413284	0.03067346958368771	0.2376626956937594	-0.1759368697639671	-0.07790237713760702	0.1561205627669714	-0.4329530239582869	-0.1200378939519517	1.645401904823832	-0.3002811512611596	-0.6031213832889115	0.5066228799862575	0.5279832064733599	4.543033587980114	-3.454757853153338	-0.08299532426344376	-1.024980538308241	0.06649503817430451	0.09845063696798925	0.01145557181848961	0.23132197232969	0.01255076314900698	0.01051569745668955	0.09057199643567845	0.2023610200693209	0.01299594096714907	0.02474290279725724	0.02983643108002847	0.04800988783356361	0.0296778870977376	0.0412332306680885	0.06554934929751863	0.01325812627529054	0.01301633593333554	0.1053082585523675	0.009067449280142029	0.05675124108926418	0.1044904642695638	0.0110814230481842	0.2639396464200135	0.0126424712432846	0.01039168464432658	0.1086617958257423	0.2976356384389462	0.01040517641659453	0.02221106802150893	0.02267821938032305	0.0694820843233413	0.01665938024552544	0.04493145187739703	0.099909123362695	0.01209772526604957	0.0130876837196278	0.1064252372557719
0.3620646558468526	-0.3452049439546905	0.5125019796829186	1.03358717229356	0.5630832511482805	0.03136321325806437	0.2383645685164131	-0.169951132770439	-0.08247904518687768	0.1559936487940026	-0.4343290139013024	-0.1212878121345634	1.651086448149869	-0.3010565527836255	-0.6337329171123054	0.5451236131401155	0.5420687713446413	4.582774611544383	-3.523073588591667	-0.1104933216666796	-1.072941307171592	0.06569823801688833	0.09888619274659789	0.01142250800621803	0.2333076227093696	0.01256016337641627	0.01050471604990734	0.09197903757628642	0.2085660787335262	0.01276939702902114	0.02455255632328758	0.02921557978548452	0.04985941365384803	0.0285526214982373	0.04154006059066425	0.06830645077572833	0.01315386569910746	0.01302090104723512	0.1054183887337208	0.009053723966318528	0.0557175299610532	0.1043142007331721	0.01107230960318694	0.2639544159497465	0.01267445667665922	0.01038873491997307	0.1103750335485942	0.3038665333033019	0.01037807113267751	0.0227694365728947	0.02216947244959297	0.07244327330116239	0.0158373657516095	0.04504772067892073	0.1020936249064442	0.01202045924669315	0.01305063094234902	0.1072258760091703
0.3633764843100658	-0.3453647706230388	0.514671627739968	1.033191667032281	0.5622316172277412	0.03210402917409472	0.2390847408905337	-0.1639133452737981	-0.08714645465531452	0.1558308256845627	-0.4357683526364661	-0.1223062638742085	1.656729227733916	-0.3019442341432063	-0.6647507179505439	0.5844031741488099	0.5557910618605842	4.622265999249664	-3.593082655798511	-0.137616241562255	-1.121584833548833	0.06488197699755191	0.09927098998750802	0.01139165939470126	0.2351585305765252	0.01257168072386774	0.01049447090051412	0.09340579361114959	0.214702545929128	0.01256029073497867	0.02445020154526384	0.028608029888498	0.05179587152634808	0.0274602116918853	0.04182356407838126	0.07097428412049926	0.01305214985824248	0.01302078152453401	0.1055917136775851	0.008985265833167753	0.05468831172651979	0.1039838778434731	0.01106609606488658	0.2636216796013611	0.01270990396754031	0.01038655823862185	0.1121030353503164	0.3093330870215756	0.01035577983205399	0.02390267716721848	0.02177270272991238	0.07552388202875703	0.01525516945700785	0.04498058042968772	0.1034993578290974	0.01194829824542927	0.0129893695648278	0.1083896774881798
0.364688312773279	-0.3455256342708483	0.5168486499491188	1.032794928066374	0.5613389332296471	0.03289671399463449	0.2398224916415741	-0.1578241741445549	-0.09190677616939329	0.1556329290826613	-0.4372719964995931	-0.1228687803061459	1.6623290038649	-0.3029374458515181	-0.6963174385572165	0.6242024032734437	0.5688685822851001	4.661113562519687	-3.664726323732181	-0.1639660024125069	-1.170980233361006	0.06404783162202293	0.09960323243686646	0.0113629606904273	0.2368731909918284	0.01258528184059925	0.01048493191474592	0.0948512300369167	0.2207530964719732	0.01236735752962022	0.02445255523439742	0.02801736606002681	0.05381615473541716	0.0264081115079608	0.04207828083139618	0.07353142141328632	0.01295298090973715	0.01301534155488521	0.1058366399212966	0.008916807700016979	0.05365909349198636	0.103653554953774	0.01105988252658623	0.2632889432529757	0.01274535125842141	0.01038438155727063	0.1138310371520386	0.3147996407398495	0.01033348853143047	0.02503591776154226	0.02137593301023178	0.07860449075635165	0.0146729731624062	0.04491344018045469	0.1049050907517506	0.01187613724416539	0.01292810818730657	0.1095534789671894
0.3660001412364923	-0.34568683791332	0.5190329893000809	1.032396819951328	0.5604044176747648	0.03374183497353922	0.2405768508215161	-0.151684642586835	-0.09676212713680735	0.1554011509753678	-0.438840966358431	-0.1227491183000344	1.667884267982831	-0.3040293118952523	-0.7285705228220296	0.6642585665200486	0.5810169748199154	4.698897895614662	-3.737940385194655	-0.1891335967448982	-1.221209557284527	0.06319284940681708	0.09988101959054177	0.01133630434402019	0.2384547466599781	0.01260104833537709	0.01047606936443903	0.09631405339793953	0.2267014292944275	0.01218936355795862	0.02458140416297664	0.02744739967637408	0.05591154757723375	0.02540344385690948	0.04229902854468677	0.07595798906364191	0.01285658178601738	0.01300437402940555	0.1061613538191024	0.008855640929487743	0.05252165368050619	0.1031639783254616	0.0110555284626876	0.262758882679339	0.01278682030235545	0.01038294614747572	0.1155653637913062	0.3194945484532977	0.010315085707594	0.02688497163674502	0.0211007378953599	0.08166162224496833	0.01433093776347309	0.04466206195624362	0.1055318191611184	0.01181408615688041	0.01285151306053839	0.1110863633506411
0.3673119696997055	-0.3458472884038132	0.5212245856437843	1.031997219377645	0.5594270589979035	0.03463949640913021	0.241346349329586	-0.1454965456214564	-0.1017145033140935	0.1551374076601031	-0.4404764373167223	-0.1217205328433557	1.673392939633145	-0.3052128326028385	-0.7616356168031605	0.7043050350235307	0.5919498449658059	4.735155876439491	-3.812649946326072	-0.2126998250294624	-1.272367114606482	0.06231436216266961	0.1001026145256801	0.01131159506210645	0.2399059571800448	0.01261905243900967	0.01046785693210156	0.09779311196001535	0.2325328112561896	0.01202521124051257	0.02485596500110581	0.02690153325838584	0.05807438282585233	0.02445257484172055	0.04248117999592006	0.07823626433353871	0.01276314999056425	0.01298769523681961	0.1065732103986132	0.008794474158958506	0.05138421386902601	0.1026744016971492	0.01105117439878897	0.2622288221057023	0.01282828934628949	0.01038151073768081	0.1172996904305739	0.324189456166746	0.01029668288375753	0.02873402551194779	0.02082554278048802	0.08471875373358501	0.01398890236453998	0.04441068373203254	0.1061585475704863	0.01175203506959543	0.01277491793377022	0.1126192477340928
0.3686237981629187	-0.3460056941604097	0.5234233768900466	1.031596009191875	0.5584057382584229	0.03558956845097685	0.2421292671288383	-0.1392620927351774	-0.1067658321180327	0.1548439822041887	-0.4421796737039072	-0.1195559961366872	1.678852730640442	-0.3064808667495751	-0.7956341389767831	0.7440724413735956	0.6013799154768633	4.769407737206027	-3.888772122703311	-0.2342596395496017	-1.324564761098378	0.06140563417383627	0.10026612710871	0.01128871171345343	0.2412316862058429	0.01263947364380879	0.01046027053986531	0.09928678279636841	0.2382367644587526	0.01187383299127765	0.02530038281649582	0.02638316861181161	0.06029285506942586	0.02355853579910482	0.04262047425932212	0.08035168143293719	0.01267306777570079	0.01296583981864356	0.1070766241897867	0.008746695807078099	0.05003298783778203	0.1020192251652608	0.01104797081456243	0.261575436625004	0.01287830685237529	0.01038083206994828	0.1190259276355448	0.3282173722999334	0.01028143249242925	0.03144210150977559	0.0206760002823398	0.08763666616295004	0.01381651902185238	0.04397766476299666	0.1060564460837964	0.01170453546946781	0.01269903135541455	0.1144517364802124
0.3699356266261319	-0.3461603661568896	0.5256292966927953	1.031193085058887	0.5573391291799762	0.03659144485348348	0.2429233805887758	-0.1329843535093572	-0.1119178814224002	0.154523824289451	-0.4439521536206325	-0.1160280813815406	1.684261062815409	-0.307825898548489	-0.8306817472622319	0.7832854226388826	0.6090186334657804	4.801149777207705	-3.966207370560146	-0.2534558528993562	-1.377935075967939	0.06046057637498389	0.1003698264359648	0.01126754700028928	0.2424362873565812	0.01266247083642442	0.01045328887235144	0.1007936190914726	0.2438036728322143	0.01173427989181326	0.02593581615587964	0.02589533614646753	0.06255658959121868	0.02272400407500482	0.04271309638761442	0.08229107474197922	0.01258667380229036	0.01293928111211746	0.1076755290041363	0.008698917455197691	0.04868176180653806	0.1013640486333725	0.0110447672303359	0.2609220511443057	0.01292832435846108	0.01038015340221576	0.1207521648405157	0.3322452884331206	0.01026618210110097	0.03415017750760339	0.02052645778419159	0.09055457859231511	0.01364413567916478	0.04354464579396078	0.1059543445971066	0.01165703586934019	0.01262314477705889	0.1162842252263319
0.3712474550893452	-0.3463094163080506	0.5278422763872661	1.030788349309282	0.5562258054589084	0.03764427727260405	0.2437262133484104	-0.1266668430549225	-0.1171723290942406	0.1541801826239382	-0.4457954721443183	-0.1109085568357393	1.689615279493428	-0.3092401316596136	-0.8668937236742901	0.8216650327588647	0.6145762034959097	4.829872605055914	-4.04485017138206	-0.2699814445357236	-1.432609849593736	0.05947087103746876	0.1004117995171284	0.01124799682484253	0.2435241310431288	0.0126882096074711	0.01044689532011626	0.1023110493092172	0.2492207271496071	0.01160563310409065	0.02678697493272562	0.0254409024201689	0.06485265209724643	0.02194766825364616	0.04275548228282324	0.08404439452511628	0.01250444459526789	0.01290909416081634	0.1083671411333702	0.008635161441448734	0.0470540304106452	0.1005362531164674	0.01104264486552772	0.2601531174262635	0.01298725636523085	0.0103803091473963	0.1224376130060739	0.3354799277868172	0.0102535352695637	0.03783462902788927	0.02050244193811606	0.09325101077978712	0.01355207720939151	0.04293105278833149	0.1051829915533165	0.01162765025139526	0.0125622347725662	0.1182387396647438
0.3725592835525585	-0.3464505554616555	0.5300622426451976	1.030381718477047	0.555064136531537	0.03874672191397835	0.2445347797092804	-0.1203139681636822	-0.1225306565712202	0.1538167323991234	-0.4477114619974171	-0.1039670572407697	1.694912704900722	-0.3107151216641361	-0.9043883457545364	0.858923698971083	0.6177600230083337	4.855066026587472	-4.124581438060519	-0.2836557758863595	-1.488729024913331	0.05842899226903845	0.1003902914233268	0.01122996898966929	0.2444991416776519	0.01271683652656989	0.01044107517845905	0.1038367773470168	0.2544761580856496	0.01148707647451371	0.02787532364380652	0.0250224137541392	0.0671696717296348	0.02122831219575218	0.04274443035313976	0.08560238521372367	0.0124268022494868	0.01287623118317334	0.1091489040872103	0.008571405427699777	0.04542629901475234	0.09970845759956222	0.01104052250071955	0.2593841837082214	0.01304618837200061	0.01038046489257683	0.1241230611716321	0.3387145671405138	0.01024088843802644	0.04151908054817516	0.02047842609204053	0.09594744296725914	0.01346001873961824	0.0423174597827022	0.1044116385095265	0.01159826463345033	0.01250132476807351	0.1201932541031557
0.3738711120157717	-0.3465812924913141	0.5322891197905475	1.029973116628377	0.5538523876375098	0.03989718168614656	0.2453458374010235	-0.1139305817339496	-0.1279942389180082	0.1534372764209252	-0.449702074735727	-0.09497244380671621	1.700150665428553	-0.3122421090368823	-0.9432866015566721	0.8947700621068533	0.6182764780047778	4.876225095744773	-4.205277787998638	-0.2943837660125857	-1.546421459815388	0.05732744067317631	0.1003032962233561	0.01121339803374356	0.2453643334316611	0.01274831496964275	0.01043582183226273	0.1053666678498646	0.2595487030015378	0.01137782256172593	0.02922352297696343	0.02464216110159443	0.06949492966024239	0.02056242779113433	0.04267687773044092	0.08695748718623632	0.01235424350503119	0.01284173283581638	0.1100090978932645	0.008457974511649594	0.04351474143903557	0.09869923905063319	0.01103996304832633	0.2584760502488501	0.01311008509495912	0.01038161770843874	0.1257139771520355	0.3408153949274976	0.01023043259640461	0.04624737150073618	0.02057716244281945	0.09836805281744673	0.01339401212944723	0.04152263373212448	0.1030019845902156	0.01158923345355421	0.01245865939031843	0.122015208823228
0.3751829404789849	-0.3466987314744807	0.53452282752313	1.029562483642919	0.5525886063482951	0.04109354348739089	0.2461556300039113	-0.1075224028904331	-0.1335642262979351	0.1530456168831652	-0.4517694840856426	-0.08369299429914256	1.70532654724512	-0.3138117715297044	-0.9837163940200998	0.9289054534126909	0.6158312823791423	4.892864278796714	-4.28680544211289	-0.3022611957569388	-1.605812335662771	0.05615941789523591	0.1001489714193346	0.01119822597859919	0.2461224047774604	0.01278261249916171	0.01043112942228741	0.1068970232975205	0.264418895731119	0.01127717232498161	0.03085102224475503	0.0243021717519546	0.07181722673023455	0.01994684337741455	0.04255006299574202	0.08810260010381775	0.01228720820756882	0.01280652101223595	0.110937140161489	0.008344543595599413	0.0416031838633188	0.09769002050170414	0.01103940359593312	0.2575679167894788	0.01317398181791764	0.01038277052430065	0.127304893132439	0.3429162227144813	0.01021997675478278	0.0509756624532972	0.02067589879359838	0.1007886626676343	0.01332800551927621	0.04072780768154674	0.1015923306709047	0.01158020227365809	0.01241599401256335	0.1238371635433003
0.3764947689421981	-0.3467997736613848	0.5367632832721718	1.02914976767796	0.5512707267462762	0.04233343132051486	0.2469601435279679	-0.1010955708765373	-0.1392416493537793	0.1526454301611401	-0.4539159729297121	-0.06989773567970056	1.710437786887414	-0.3154145860693353	-1.025809130826461	0.9610281275701045	0.6101311619221035	4.904511838627773	-4.369023635389979	-0.3074769420782139	-1.667027535949726	0.05491992267396407	0.09992505957780301	0.01118443247080453	0.2467746848045439	0.01281925019195307	0.01042700529693671	0.1084221938113495	0.269061663648422	0.01118445196615173	0.03277529401711173	0.02400415624125961	0.07412567638531477	0.01937776768332978	0.04236137715122922	0.08903194048011071	0.01222612763792618	0.01277131557358995	0.1119163482267435	0.008159137701550835	0.03944586686988814	0.09648615214079197	0.01104117941949818	0.2564797573574297	0.0132326912422972	0.01038521009711477	0.1287418445102549	0.3436555043558245	0.01021136979666563	0.05674270940881624	0.02089262518331727	0.1029214160123811	0.01327007215541173	0.03975217652601955	0.09957051103047353	0.01159190911799804	0.01238821738636756	0.1253433293539228
0.3778065974054113	-0.3468809198089807	0.5390104000888515	1.028734933743554	0.5498964478105205	0.04361393780143926	0.2477548555812925	-0.09465702086042485	-0.1450272791751045	0.1522399061015995	-0.4561440461465329	-0.05335970007189535	1.715481941773588	-0.3170408055616139	-1.069702231347392	0.9908322197045899	0.6008880626238529	4.910729418462011	-4.451776348723643	-0.3103984452648219	-1.730195016891922	0.05360440316554135	0.09962948663051846	0.01117199947068676	0.247322336601878	0.01285780412867763	0.01042345595441749	0.109937120999183	0.2734539614333076	0.011099063622311	0.03501106041766305	0.02374962013380011	0.07641066622656581	0.0188517888777577	0.04210845796814582	0.08973995354004979	0.01217138347157773	0.01273675424350191	0.112931703652375	0.007973731807502257	0.03728854987645749	0.0952822837798798	0.01104295524306325	0.2553915979253806	0.01329140066667676	0.01038764966992889	0.1301787958880709	0.3443947859971677	0.01020276283854847	0.06250975636433528	0.02110935157303617	0.1050541693571278	0.01321213879154724	0.03877654537049237	0.09754869139004237	0.01160361596233799	0.01236044076017177	0.1268494951645452
0.3791184258686247	-0.346938472981177	0.5412640889236148	1.02831795542327	0.5484633468711277	0.04493188691650496	0.2485349929220367	-0.08821406384331684	-0.1509217462940188	0.1518318771389608	-0.4584563258808145	-0.03385532851350195	1.720456677520655	-0.3186806784508556	-1.115535368614246	1.018010361002663	0.5878184101695885	4.911097414602631	-4.534896187090787	-0.3114518447542123	-1.795458176196309	0.05221109105952375	0.09925956329783091	0.01116094494781747	0.2477640847422481	0.01289737844882543	0.01042050826295928	0.1114353646623244	0.2775750265098617	0.01102043007842106	0.03756752864940375	0.02353963893153185	0.07866542460354954	0.01836551194353437	0.04178935570029794	0.09022254832304391	0.01212324398668663	0.0127032293370107	0.1139686822616731	0.007694862531137202	0.03495063775429911	0.09386498219745491	0.01104785495131488	0.2540448509531067	0.01333366861210999	0.01039184345581463	0.1314155205593028	0.3438056677495717	0.01019568837216238	0.06922299987909378	0.02143609779871332	0.1069553597285273	0.01315857975580949	0.03762752414663315	0.09494864863161312	0.01163400074146046	0.01234283698541032	0.1280311593385068
0.3804302543318379	-0.3469683542238107	0.5435242568445841	1.027898823175312	0.5469687555624677	0.04628356524600313	0.2492952979966426	-0.08177471022548349	-0.1569253682002131	0.1514233573728	-0.4608556980311712	-0.01117136440195409	1.725359889299987	-0.3203246611277198	-1.16344980845126	1.042255427535661	0.5706519964519255	4.905235708471775	-4.618192599577551	-0.3111467196349866	-1.862975203550899	0.05073835278977498	0.09881281942626255	0.0111512847884428	0.2480987041907505	0.01293718025381545	0.01041818599467583	0.1129111495815774	0.2814055685169102	0.0109480393850664	0.04045211930856552	0.02337514978338044	0.08088394399265633	0.0179158895055942	0.04140229274541319	0.09047566124193608	0.01208194632742092	0.0126710883770237	0.1150142212789021	0.007415993254772146	0.03261272563214072	0.09244768061503002	0.01105275465956652	0.2526981039808329	0.01337593655754324	0.01039603724170036	0.1326522452305348	0.3432165495019756	0.01018861390577628	0.07593624339385228	0.02176284402439047	0.1088565500999268	0.01310502072007173	0.03647850292277392	0.0923486058731839	0.01166438552058293	0.01232523321064887	0.1292128235124683
0.3817420827950511	-0.3469663004548449	0.5457908091281791	1.027477535740511	0.5454098817558231	0.04766499097191708	0.2500302800127275	-0.07534729410097259	-0.1630382908025911	0.151015901874743	-0.4633451898758759	0.01489625914320439	1.730189475468923	-0.3219636229528538	-1.213582412252239	1.063265005042488	0.5491300838033488	4.892781299513213	-4.701464650395923	-0.3099940109823149	-1.932909679852711	0.0491879123508674	0.0982860964684152	0.01114305938320582	0.2483228355443856	0.01297790737430479	0.01041654322226795	0.1143576960619991	0.2849251494043034	0.01088139574791692	0.0436631154725038	0.02325639846721707	0.08306372932195287	0.01749994172856545	0.04094646389198521	0.09048852686629592	0.01204753907458131	0.01264044922981206	0.1160611096511317	0.007032898030187423	0.03017647608072279	0.09079589405288875	0.01106135208845307	0.2510209030139751	0.01343448126848274	0.01040269938574543	0.1336515557883402	0.3412256196822416	0.01018276465010586	0.08340483969416077	0.02218491706897674	0.1106070878091176	0.01305367357449487	0.03517793386490013	0.08899039913654716	0.01170950073191709	0.01231305978745559	0.1302126013722067
0.3830539112582643	-0.3469277138058586	0.5480636471940892	1.027054106713696	0.5437837097020225	0.04907166843044561	0.2507340228555357	-0.06894075999455079	-0.1692602914453453	0.1506102012849468	-0.4659281223330051	0.04452628406456705	1.734943127722357	-0.3235897098816686	-1.266052015656268	1.080753954884696	0.5230250784124029	4.873399196209763	-4.784491842868155	-0.3084712050895248	-2.005433784394202	0.04756130044745048	0.09767649239100731	0.01113630446285527	0.248433334700497	0.01302017771681875	0.01041562779141352	0.1157689121957691	0.2881146514887529	0.01082005959051537	0.04719848845157312	0.02318358289785157	0.08520253869431893	0.01711499957705369	0.04042111376362537	0.09025103306605294	0.01202006472735597	0.0126114162713027	0.1171028608718049	0.0066498028056027	0.02774022652930487	0.08914410749074748	0.01106994951733962	0.2493437020471174	0.01349302597942223	0.0104093615297905	0.1346508663461457	0.3392346898625076	0.01017691539443543	0.09087343599446926	0.02260699011356301	0.1123576255183085	0.013002326428918	0.03387736480702633	0.08563219239991043	0.01175461594325124	0.01230088636426232	0.131212379231945
0.3843657397214775	-0.3468478455896035	0.5503426704284101	1.0266285562785	0.5420871233867205	0.05049885582015394	0.2514004182009597	-0.06256433838803979	-0.1755909490401155	0.1502065367255834	-0.4686079704349215	0.07788064325799977	1.739618374754269	-0.325195928555972	-1.320964770718768	1.094449854686781	0.4921300058578491	4.846770052492139	-4.867042773357912	-0.3070483573265402	-2.080726478718261	0.04586521347867433	0.09698037188474665	0.01113107202224882	0.2484256535811666	0.01307321498339877	0.01041553383716335	0.1171375081828276	0.2909549906997119	0.01076360445322541	0.05104682358663333	0.02315572590273597	0.08730167183249281	0.01675834380431307	0.03982719082224346	0.0897631253230501	0.01199949153457949	0.01258418100006146	0.1181336945710916	0.006183825383136138	0.02533486687866227	0.08723531309723535	0.01108265888931234	0.2472859147155797	0.01376370495823669	0.01041959841118538	0.1353696052741993	0.3358121841115159	0.01017200906718523	0.09888028517836467	0.02309755888608814	0.1140466247403526	0.01294874747464821	0.03246607620695472	0.08177563184907707	0.0118128422098992	0.01229625437129877	0.1320400372065682
0.3856775681846908	-0.3467217008276768	0.5526277732625983	1.026200914963124	0.5403168519562042	0.05194136858847468	0.2520230404057313	-0.05622779519177835	-0.1820294272609824	0.149804357845658	-0.4713885252058729	0.1150790234611248	1.744212022527372	-0.3267774439247815	-1.378391575231163	1.104118866569814	0.4562890045239523	4.812600983085887	-4.948874045366255	-0.3062061538610861	-2.158970119742654	0.04410570121748632	0.09619439199282877	0.01112740805945895	0.2482955457796435	0.0131451828249428	0.01041634465567761	0.1184569188723079	0.2934281670990139	0.01071165234863288	0.0551978595418406	0.02317193978701812	0.08936224700227316	0.01642754372490349	0.03916551308012441	0.08902431449599606	0.01198579086933134	0.01255891299841039	0.1191484059998811	0.005717847960669574	0.02292950722801967	0.08532651870372324	0.01109536826128505	0.2452281273840421	0.01403438393705116	0.01042983529258027	0.1360883442022529	0.3323896783605242	0.01016710273993504	0.1068871343622601	0.02358812765861328	0.1157356239623968	0.01289516852037842	0.0310547876068831	0.07791907129824373	0.01187106847654716	0.01229162237833523	0.1328676951811913
0.386989396647904	-0.3465441894502779	0.5549188471493451	1.025771217022958	0.538469570365353	0.05339382700637639	0.2525953390602355	-0.04994114503533581	-0.188574675334075	0.1494026884881837	-0.474273741017112	0.1562166330950715	1.748720470428306	-0.3283305561064415	-1.438384556614185	1.109550623716961	0.4153758684778847	4.770617279389013	-5.029735902249507	-0.306490663482225	-2.240361380973312	0.04229867646214168	0.09531456633840801	0.01112538844729851	0.2480384288612125	0.01326311411144264	0.01041821240889988	0.1197184214157434	0.295524051475881	0.01066383923313097	0.05963525647928956	0.02322972677874078	0.09138675340580089	0.01612002662273811	0.03843927372810511	0.08807119386677462	0.0119791222788553	0.01253626282642699	0.1201340597547359	0.005197601110748571	0.02080162149761094	0.08314042829412462	0.0111129252277038	0.242773871576524	0.01495602580061375	0.0104453091001468	0.136455780456524	0.3277822488462016	0.01016295571576488	0.1152752426799996	0.02410883876210531	0.1174011581079816	0.01283307516442394	0.02959158959195527	0.07455470027741479	0.01194662476751328	0.01230564702772185	0.1332992074704623
0.3883012251111173	-0.3463101007873835	0.5572157766724321	1.025339501336793	0.5365418963878326	0.05485052462593842	0.2531105991075581	-0.0437148557102477	-0.1952251855771996	0.1489994027121681	-0.477267938363746	0.2013361631226492	1.753139464869317	-0.329853678386844	-1.500956970909901	1.110581908813046	0.3693285389838902	4.720575485671317	-5.109355652501173	-0.308670528985885	-2.325122230244586	0.04045857044306856	0.09433722274392492	0.01112508031667002	0.2476500135669108	0.0134509120236016	0.01042127173764192	0.120914143223928	0.2972327479118244	0.01061984252379782	0.06434470944292496	0.02332685307834045	0.0933773726445752	0.0158334970902021	0.03765131153103916	0.08693662688590097	0.01197962652526771	0.01251680662371274	0.1210789977625942	0.004677354260827566	0.01867373576720221	0.080954337884526	0.01113048219412255	0.240319615769006	0.01587766766417635	0.01046078290771332	0.1368232167107951	0.3231748193318791	0.01015880869159472	0.1236633509977391	0.02462954986559734	0.1190666922535665	0.01277098180846946	0.02812839157702744	0.07119032925658583	0.01202218105847941	0.01231967167710847	0.1337307197597333
0.3896130535743305	-0.3460141980218331	0.5595184425893719	1.024905807697465	0.5345304440593972	0.05630562197254305	0.2535620649636246	-0.03755959876694215	-0.2019792065474584	0.1485916589508422	-0.480375632838157	0.2504489445491895	1.757464162902078	-0.3313464854107145	-1.566093176277815	1.10707878673552	0.3181228073359381	4.662229496043966	-5.187450755576212	-0.3136482025312995	-2.413473221443435	0.03861483821349645	0.09325839314659543	0.01112661680812833	0.2471244168688329	0.01376089834978047	0.0104257695319003	0.1220323729385681	0.2985397596383899	0.01057935661806399	0.06930801681984287	0.02345955280251479	0.09533389031795746	0.01556557314024288	0.03680698542866642	0.08564409484903732	0.01198759621112007	0.01250137648963563	0.121970048062725	0.004146281819258106	0.0171997017410263	0.0784800181091914	0.01115446698291056	0.2374116389711416	0.01812817891494553	0.01048420155423279	0.1367194319600023	0.3172131377630021	0.01015537810873191	0.132316438172997	0.02514200326774963	0.1206481841016561	0.0126954979472007	0.02667769106766843	0.06811204516745649	0.01211869014948759	0.01235891020568977	0.1337059607529142
0.3909248820375437	-0.3456512906438109	0.5618267154043493	1.024470173995286	0.5324319270198156	0.05775311125196139	0.2539430172368957	-0.03148653140687806	-0.2088344803183399	0.1481747216679641	-0.4836017351817493	0.3034906966698411	1.761687683388109	-0.3328114779548637	-1.633694923242882	1.098982728826799	0.2618242662259829	4.59527010260318	-5.263724617400516	-0.3226868764386155	-2.50564563067408	0.03679420546946695	0.09207441004913025	0.01113011573959141	0.2464561364090882	0.01423919224317369	0.01043192424735497	0.1230625204230075	0.2994311322059644	0.01054211077497599	0.07450944793251599	0.02362447328033681	0.09725609083404729	0.01531413271712523	0.03591109008434753	0.0842147879267009	0.01200328982782225	0.0124907092061237	0.1227953134450957	0.003615209377688645	0.01572566771485039	0.07600569833385683	0.01117845177169856	0.2345036621732773	0.02037869016571472	0.01050762020075225	0.1366156472092095	0.311251456194125	0.0101519475258691	0.1409695253482548	0.02565445666990194	0.1222296759497457	0.01262001408593194	0.02522699055830944	0.06503376107832715	0.01221519924049577	0.01239814873427107	0.133681201746095
0.3922367105007569	-0.3452162605085204	0.5641404592042712	1.024032635266957	0.5302431619941217	0.059186949404851	0.2542468131678892	-0.02550709091993613	-0.2157884866238122	0.1477426890502307	-0.4869513554476823	0.3603471589580295	1.765801477774545	-0.3342531613562759	-1.703601988364925	1.086287881838858	0.2005570881914473	4.519318080504543	-5.337877436606533	-0.3372220430570407	-2.601862922137754	0.03502776323837751	0.09078190277144636	0.01113579863556543	0.2456375340708129	0.01496478969500016	0.01044016675024841	0.1239898512200318	0.2998808711932773	0.01050785244781174	0.07992620942648361	0.02381727478413684	0.09914082678086157	0.01507713259891635	0.03497041771523589	0.08266703274600731	0.01202658485641236	0.0124849796291049	0.1235578798106166	0.003093358958989285	0.01503488010115466	0.07324850423667838	0.01121136202703681	0.2310657511832648	0.02477327569931505	0.01054405979241996	0.1359079820765426	0.3035028896938712	0.01014928578113722	0.149680816826564	0.02613129599515922	0.1236475770887314	0.01253023327416165	0.02384255077194545	0.06219194795682041	0.01232439627366932	0.01245085845640739	0.1336037451109564
0.3935485389639702	-0.3447043011059351	0.5664595187031488	1.023593214517255	0.5279613977103353	0.06060120598058755	0.2544671565063136	-0.01963360066044344	-0.2228381809232101	0.1472867226239415	-0.4904300002110814	0.4207762556288656	1.76979194282797	-0.3356807880878672	-1.775480624713572	1.069128860563461	0.1345933138845251	4.433739491092396	-5.409609536840245	-0.3591761113060837	-2.702355031697666	0.03334365549675942	0.08937773548274761	0.01114386152722018	0.2446614671511516	0.01600680925460273	0.01045087826812225	0.1248010058664889	0.2998643168913389	0.01047635793735658	0.08553873333604613	0.02403410231447462	0.1009852687394511	0.01485275449891794	0.03399106292023502	0.08101744193524273	0.01205737229334214	0.01248434235381397	0.1242604964453088	0.002571508540289925	0.01434409248745893	0.07049131013949994	0.01124427228237506	0.2276278401932524	0.02916786123291538	0.01058049938408766	0.1352003169438758	0.2957543231936173	0.01014662403640535	0.1583921083048733	0.02660813532041651	0.1250654782277172	0.01244045246239137	0.02245811098558146	0.05935013483531366	0.01243359330684287	0.01250356817854371	0.1335262884758178
0.3948603674271834	-0.3441108452384259	0.5687837256697995	1.023151925562932	0.5255842114289581	0.06199009835557897	0.2545980209568842	-0.01387898744107906	-0.2299802561497278	0.1467962012592802	-0.4940433808762461	0.484453833491571	1.773641986030818	-0.3371064026395836	-1.848884169058638	1.047733343571356	0.06429930460670391	4.337720466992865	-5.47862428991608	-0.390888034397577	-2.807368489438633	0.03174957028889323	0.08785998914947774	0.01115461625505684	0.2435190714000558	0.01743801492572776	0.01046489464395162	0.1254797925216088	0.2993549252347452	0.01044742218814751	0.09131334887727861	0.02427076117061698	0.1027906717475208	0.01463951776100051	0.0329808037186085	0.07932419590630452	0.0120953981860944	0.01248903531663433	0.1249085846491118	0.002030193348866401	0.01397802008762481	0.06748202886351884	0.01128898051322504	0.2235962610675775	0.03590427277329083	0.01064070993419105	0.1337894037777569	0.2861291212394902	0.01014485543024048	0.1667525153769414	0.02703626298665853	0.1264255005549155	0.01234173555982628	0.0211872412844243	0.05785115983869158	0.01255206378139715	0.01257184255594349	0.1334756085022486
0.3961721958903967	-0.3434320707554658	0.5711128737372493	1.022708756005017	0.5231102152047115	0.06334844974807775	0.2546342239703716	-0.008258061435265847	-0.2372109007234025	0.1462553410311553	-0.4977976738575541	0.5508521274116638	1.777325093824632	-0.3385479366784893	-1.923076057222677	1.022566397474605	-0.009726526067607962	4.229921361223084	-5.544641442381557	-0.4359222171048371	-2.917188477577026	0.03025236658113789	0.08622684150083562	0.01116833874479654	0.2422020426428061	0.01932100635325456	0.01048295537585926	0.126011470569074	0.2983273109835882	0.01042086359239322	0.09722115189895837	0.02452352985987985	0.104558127688502	0.01443610556758166	0.03194663006899446	0.07764035144440477	0.01214043731869509	0.01249926892933725	0.1255070146176936	0.001488878157442878	0.01361194768779069	0.06447274758753774	0.01133368874407501	0.2195646819419026	0.04264068431366628	0.01070092048429445	0.132378490611638	0.276503919285363	0.01014308682407561	0.1751129224490095	0.02746439065290054	0.1277855228821138	0.0122430186572612	0.01991637158326713	0.0563521848420695	0.01267053425595144	0.01264011693334327	0.1334249285286794
0.3974840243536099	-0.3426646521785681	0.5734467322560732	1.022263677151299	0.5205387024664861	0.06467152894534066	0.2545711475968731	-0.002786874649546745	-0.2445260568983074	0.1456449205885633	-0.5016993180997494	0.6193321967046157	1.780809334630584	-0.3400252958035294	-1.997162980265517	0.9942257496709935	-0.08675975711047797	4.108676942611518	-5.607393471286337	-0.4988527076969962	-3.032137533753726	0.02884558358430182	0.084479500053027	0.01118537173743555	0.2406990073804177	0.02168872328269733	0.01050687386618065	0.1263790927289467	0.2967621044587072	0.01039652294473058	0.1032176150244221	0.024789184562911	0.1063044463035111	0.01424183174007165	0.03089765851176532	0.07598304235953215	0.01219400295104358	0.01251657430845747	0.1260321219504777	0.0008680356272886823	0.01326365028929677	0.06129163595224608	0.01139206977975644	0.2148309210291192	0.05116364138485597	0.01081008572146283	0.1301817582490264	0.2651939573373949	0.01014247570546723	0.1826375416171524	0.0278503103853298	0.1295179466502953	0.01214801681356203	0.01881742837627958	0.05531535571410229	0.01283730978679809	0.01275413896519441	0.1326023299197217
0.3987958528168232	-0.3418066676772094	0.575784996292289	1.021816618327228	0.5178710333110093	0.06595601115408303	0.2544057546739282	0.002514571398264886	-0.2519212664145713	0.1449356757664738	-0.505755376190746	0.6889279917348302	1.784041699923819	-0.3415665787871758	-2.069675131868231	0.9637218321858534	-0.1657172704837833	3.971136404160506	-5.666689935139868	-0.5865888352226774	-3.152606220275533	0.02752329045415954	0.08261899406044713	0.01120601845714989	0.238999299805469	0.02456810806907847	0.01053825429706506	0.1265671509827453	0.294640331365924	0.01037425925780586	0.1092643762286751	0.02506486700256884	0.1080446247441284	0.01405608581663017	0.02984208616982079	0.07436788479256591	0.01225743372809786	0.01254230664580514	0.1264624744313662	0.0002471930971344869	0.01291535289080285	0.05811052431695444	0.01145045081543788	0.210097160116336	0.05968659845604566	0.01091925095863121	0.1279850258864146	0.2538839953894268	0.01014186458685886	0.1901621607852953	0.02823623011775905	0.1312503704184768	0.01205301496986285	0.01771848516929203	0.05427852658613508	0.01300408531764473	0.01286816099704555	0.1317797313107641
0.4001076812800363	-0.3408571056128987	0.5781273108941691	1.021367483120461	0.5151099536794193	0.06719953607818027	0.2541360281792461	0.007623566139143119	-0.2593919170283651	0.1440916864273078	-0.5099732682467994	0.7585536540471152	1.786963302794953	-0.3431987074062738	-2.138990085854027	0.9322110594288411	-0.245380508722958	3.814033408612655	-5.722354150868576	-0.7077008921290624	-3.279042810968483	0.0262817283178009	0.08065254048046858	0.01123053215842817	0.2370934155198428	0.0279477281025036	0.010582226599294	0.1265552990749661	0.2919389459696377	0.01035396474736022	0.1153151411851063	0.02534877291681252	0.109814116965286	0.01387879445376557	0.0287900487209575	0.07279702410121994	0.01233712306340103	0.01258154381369416	0.1267424939937389	-0.0005300061722843434	0.01262962729665484	0.05492318768363301	0.01152178183012312	0.204690809830268	0.06918550765241582	0.01115896773295717	0.1248461282237326	0.2407449651636915	0.01014297209946571	0.1965411924421425	0.02860058194681002	0.1339411379576477	0.01197314766554463	0.01684627813708309	0.05337138438303081	0.01333535745216505	0.01311403548640274	0.1291890476750917
0.4014195097432496	-0.3398170361687056	0.580473208386081	1.020916134293215	0.5122612820039671	0.06840199114770761	0.2537622867956014	0.01251092235100304	-0.2669331024628006	0.1430590965968976	-0.514361332150692	0.8269145995157595	1.789504136875496	-0.3449414414103756	-2.203217052446798	0.901107162040232	-0.3242972856223778	3.633228614728821	-5.774226591970193	-0.8741271787870046	-3.412048444984035	0.02511743184366878	0.07858667389066298	0.01125913682694188	0.2349723717448322	0.03181609235418338	0.01064332771210485	0.1263248387449971	0.2886352984010201	0.01033554396278387	0.1213297759888831	0.02563930311606175	0.1116446164548771	0.01370989149393918	0.02775065503214663	0.07127239037092467	0.01243872598033989	0.01263877945131236	0.1268217289998967	-0.001307205441703174	0.01234390170250683	0.05173585105031159	0.01159311284480837	0.1992844595442	0.07868441684878601	0.01139868450728313	0.1217072305610506	0.2276059349379561	0.01014407961207256	0.2029202240989897	0.02896493377586098	0.1366319054968187	0.01189328036122642	0.01597407110487415	0.05246424217992653	0.01366662958668536	0.01335990997575993	0.1265983640394193
0.4027313382064628	-0.3386887294931678	0.5828221549435325	1.020462417437559	0.5093326162542285	0.06956458852152664	0.2532861921562236	0.01714349981289499	-0.2745397952409545	0.1417728953036791	-0.5189284501734132	0.8925586685850018	1.791582347123821	-0.3468140376526637	-2.260172564534436	0.8720311986159461	-0.400846979496906	3.423876080792298	-5.82219295561314	-1.099245340442099	-3.552274273585233	0.0240282885932262	0.07643873667804718	0.0112919635361782	0.2326477283932412	0.03611181812488323	0.01073332407832261	0.1258462587079769	0.2846810473792674	0.01031895943447268	0.1272580719960718	0.02593684872050847	0.113569427142932	0.01354950880146238	0.02673284920709106	0.06980240469416059	0.01257435189209419	0.01272376188542421	0.1266243077791012	-0.002351795504675483	0.01214859556170102	0.04883190303782316	0.01167558860366293	0.1938733508699144	0.08798831300085991	0.01193808725682552	0.1172991470756563	0.2117493028339273	0.0101480850852851	0.207773010178334	0.02935197709225036	0.1403786643963685	0.0118329749836557	0.01533477431358952	0.05185522664108261	0.01431620173521722	0.01386267140361485	0.1214524666911586
0.404043166669676	-0.3374771872151559	0.5851734617924108	1.020006151599839	0.5063356245138324	0.0706916192924511	0.2527124505725565	0.02147911034911527	-0.2822067946497165	0.140142406683751	-0.5236848028737069	0.9538147307892533	1.793102612633805	-0.3488275927901933	-2.307386148801549	0.8468826936945862	-0.4731687983249064	3.180475935034911	-5.866169458867561	-1.399024051934486	-3.700553663040088	0.02301233051249797	0.07422456158986097	0.0113291281004592	0.2301300486271513	0.04078131014399112	0.01086261488737855	0.1250923580366654	0.2800294312419069	0.01030417795781897	0.1330561067003719	0.02624175654875832	0.1156183051240198	0.01339776240221493	0.02574465622485294	0.06839469565599093	0.01275470236412142	0.01284511167790672	0.1260809309879378	-0.003396385567647791	0.01195328942089521	0.04592795502533473	0.0117580643625175	0.1884622421956289	0.0972922091529338	0.01247749000636792	0.1128910635902621	0.1958926707298986	0.01015209055849764	0.2126257962576784	0.02973902040863973	0.1441254232959184	0.01177266960608499	0.01469547752230489	0.0512462111022387	0.01496577388374909	0.01436543283146976	0.1163065693428979
0.4053549951328893	-0.3361889242007941	0.5875263535557815	1.01954714770018	0.503284211054484	0.071789101056438	0.2520474523541011	0.0254705542492423	-0.2899288318308428	0.1380625356521817	-0.5286413475191827	1.008943271393225	1.793966247839828	-0.3509887172266107	-2.342305061576967	0.8276374866306341	-0.5393255224658982	2.89737974948755	-5.906048263274545	-1.78864257639305	-3.857838850571588	0.02206758977872171	0.07197728404560327	0.01137070731923875	0.2274699779368802	0.04571002931172995	0.01108905340902485	0.1240210457665128	0.2746067584889675	0.01029126898628211	0.138666210941961	0.02655979305029027	0.1177845376005276	0.01325481230953398	0.0247937819069605	0.0670473386887976	0.01296422675290692	0.01296609347384229	0.125376625263592	-0.004515438366620118	0.01184631506297945	0.04376980023744903	0.01185097246086995	0.1843677026546191	0.1048336720462702	0.01440103938490579	0.1067658407715438	0.1763865849878752	0.01016126131378048	0.2154531370439257	0.03027595600580026	0.1479675650358334	0.01173305560579464	0.01429046865907502	0.05069920945954454	0.01535362242329991	0.01410906590999879	0.1157180831917758
0.4066668235961026	-0.3348335146629628	0.5898798846160745	1.019085215299728	0.5001966789236835	0.07286649570156706	0.251301000506056	0.02906127341030769	-0.2977003508299458	0.135405762768928	-0.5338108990358379	1.056185619209181	1.794077278010336	-0.3532923544465095	-2.362452300809407	0.8162580861042519	-0.5973521515369945	2.569535170665828	-5.941608927712357	-2.27856260032724	-4.02530172517323	0.02119223910817107	0.06972723341987976	0.01141676902916797	0.2247145400121103	0.05079989061129633	0.01146368384637612	0.1225933329008701	0.2683414193670129	0.0102802939414184	0.1440374040170292	0.026896069091629	0.120062091208924	0.01312079943840482	0.02388712075072	0.06575854373078947	0.01318917097938702	0.01305420935941292	0.1246796381806642	-0.005634491165592445	0.01173934070506368	0.04161164544956334	0.01194388055922239	0.1802731631136094	0.1123751349396066	0.01632458876344367	0.1006406179528255	0.1568804992458518	0.01017043206906333	0.2182804778301731	0.03081289160296078	0.1518097067757485	0.0116934416055043	0.01388545979584516	0.05015220781685038	0.01574147096285074	0.01385269898852782	0.1151295970406536
0.4079786520593157	-0.333422067930835	0.5922330265530469	1.018620171496162	0.4970934702376371	0.07393496453555735	0.2504846149145638	0.03219040865168257	-0.3055155572513645	0.132036454790342	-0.5392074027778827	1.093939308584363	1.793352786808131	-0.3557208223483228	-2.365619365000299	0.8144353512142002	-0.6454492149757897	2.192631775139716	-5.972373767220174	-2.873449667326675	-4.204364936026809	0.02038497093318163	0.06752933499993723	0.01146647177737296	0.2219130127363192	0.05585817336589681	0.01228523276943034	0.1207599403551344	0.2611496369375912	0.01027157759681756	0.1491759343506611	0.02725715994409402	0.1224397755427744	0.01299535174298337	0.02303031688008227	0.06450701094345214	0.01339548626211733	0.01308719347165718	0.124718492780762	-0.006627481843045782	0.01173074435869979	0.04085573015338453	0.01202682772718115	0.1776145579688126	0.1155970059764372	0.02529771870550893	0.09247594694490174	0.1333190638037857	0.01019077874757481	0.220623090595447	0.03154121718434768	0.1555947535422789	0.01166303627616217	0.0136933646032369	0.04916968147141122	0.01538838622785295	0.01302527554421038	0.135090400133263
0.409290480522529	-0.331967989998885	0.5945846449106325	1.018151893770267	0.4939981020968319	0.07500779959157068	0.2496124210855364	0.03479173838151953	-0.3133671880509524	0.1278269359148148	-0.5448475173663276	1.121180701598462	1.791754444771683	-0.3582227583810292	-2.350498689352294	0.8229147832058782	-0.6824368082168598	1.764848378886055	-5.997141150797805	-3.559539364447969	-4.39670829765935	0.01964455843021147	0.06543381354465015	0.01151907108520347	0.2191112772091747	0.06071981406868656	0.01381507874572243	0.1184747482634469	0.2529483632645685	0.01026540730048371	0.1540866042281667	0.02764889007896243	0.1249075855690898	0.01287813816863385	0.02222839628438495	0.06327339278367726	0.013553076283743	0.01304531317916046	0.1261536722024847	-0.007620472520499118	0.01172214801233589	0.04009981485720573	0.01210977489513991	0.1749559528240159	0.1188188770132678	0.03427084864757418	0.08431127593697794	0.1097576283617196	0.01021112542608629	0.2229657033607209	0.03226954276573457	0.1593798003088093	0.01163263094682003	0.01350126941062864	0.04818715512597206	0.01503530149285516	0.01219785209989294	0.1550512032258723
0.4106023089857423	-0.3304854850443628	0.5969335794550947	1.01768031143865	0.4909350682036219	0.07609880011757406	0.248699473075012	0.03679800462646417	-0.3212468750052759	0.122665032649226	-0.5507491145266428	1.137003553567184	1.789246711046942	-0.3607397619312813	-2.316176840460783	0.8424826792670621	-0.7072752782870204	1.286645701572987	-6.015261954837776	-4.319241734488283	-4.603302309413429	0.01897307242489389	0.06352526911356483	0.01157099603787241	0.2163660062318574	0.06507956235156812	0.015165312796417	0.1156980836216618	0.2436703703616573	0.01026316564260309	0.158786521753136	0.02806865060490336	0.1274687750805034	0.01276872672686893	0.02147888901193113	0.06206576717457342	0.01366743675551214	0.01295612023471229	0.1284859884664081	-0.008659916523591077	0.01188651211091947	0.0416628702711294	0.01211792565410942	0.1741224948334891	0.1137994223375796	0.02461067430813156	0.07426162318116915	0.08273080864949711	0.01026768953966986	0.2251960376978075	0.03299982947225392	0.1634656017465599	0.01160871780476423	0.01335441581766137	0.04744135544748	0.01470811744707727	0.01184546907303268	0.1638349654307122
0.4119141374489554	-0.3289902018180831	0.5992785945891036	1.017205454709678	0.4879296287375035	0.07722361474679981	0.2477624376348034	0.03814846409227808	-0.3291468484840829	0.1164711218669919	-0.5569315549141596	1.14066232273049	1.785778952545048	-0.3632148696991248	-2.262690829112793	0.8744674078945454	-0.7191602537318698	0.765012182110258	-6.028069760886313	-5.13292727236245	-4.824878976146314	0.01837230829201672	0.06188064917690859	0.0116190873478333	0.2137299678542298	0.06867189324197494	0.01555773831301973	0.1123919207422017	0.2332455033365791	0.0102660759487414	0.1632902685577065	0.02851412597098038	0.1301262476903779	0.01266673347030804	0.02077954975080239	0.06089144675390165	0.01374340842993054	0.0128440001151314	0.1312599105950455	-0.009699360526683036	0.01205087620950305	0.04322592568505307	0.01212607641307892	0.1732890368429623	0.1087799676618915	0.01495049996868895	0.06421197042536038	0.05570398893727461	0.01032425365325344	0.227426372034894	0.03373011617877328	0.1675514031843105	0.01158480466270843	0.01320756222469411	0.04669555576898795	0.01438093340129937	0.01149308604617243	0.172618727635552
0.4132259659121686	-0.3274983479133926	0.6016184112412881	1.016727405146684	0.4850067127917254	0.07839906718525294	0.246818570681676	0.03879013282743429	-0.3370607894833324	0.1091843489131775	-0.5634153008059525	1.131989167106938	1.781331479743202	-0.365571012056205	-2.19112018948565	0.9194847162027838	-0.7179345556208343	0.2105225043562239	-6.036627154896736	-5.971067581308367	-5.06430207514876	0.01785555199397593	0.06061748497159965	0.01165843825689823	0.211224448979601	0.07105841189386695	0.01542123756186888	0.1085936837792991	0.2219747882761054	0.01028292979522541	0.1677301882164276	0.02898629545758593	0.1329273476395601	0.0125723637998457	0.02012518559307144	0.05972691590924546	0.01376737649694241	0.01271599543238529	0.1349505596280848	-0.009959822820933783	0.01265426515830063	0.04820657033913119	0.01201565643010956	0.1733220080232426	0.09053815288378947	0.01303487937644838	0.0543662005960796	0.03759496805893547	0.01058907260997945	0.2330867072638176	0.03453663453327816	0.1732078487946785	0.01158025859925297	0.01303541488655214	0.04541880994346521	0.01366733638258708	0.01125498167141278	0.1959466343944691
0.4145377943753819	-0.3260250084175287	0.6039518044917902	1.016246435894507	0.482187272804568	0.07964093254736507	0.245883847670284	0.03869359667913446	-0.3449827488263888	0.1008191078986364	-0.5702293807755753	1.112435447872933	1.775985901163867	-0.3676661963460078	-2.104932460558369	0.9757198563007506	-0.7052194955254406	-0.3604473117276918	-6.040294429954607	-6.777148456013516	-5.328502895385314	0.01743458200911096	0.05984143314405949	0.01168470628068371	0.2088691682208863	0.07184490053458809	0.01513070853384115	0.1043364407146382	0.2101429201210436	0.0103215045408737	0.1722236831916243	0.02948602350145438	0.1359142987158058	0.01248579907017803	0.01951112928940599	0.05855087263534992	0.01372726294089295	0.01257834770806178	0.1399777166983325	-0.01022028511518453	0.01325765410709821	0.0531872149932093	0.01190523644714021	0.1733549792035229	0.07229633810568746	0.0111192587842078	0.04452043076679881	0.01948594718059633	0.01085389156670546	0.2387470424927413	0.03534315288778306	0.1788642944050464	0.01157571253579751	0.01286326754841017	0.04414206411794246	0.01295373936387478	0.01101687729665313	0.2192745411533861
0.4158496228385952	-0.3245706609849123	0.6062786531226345	1.015763040446077	0.4794607324286715	0.08094547117147317	0.2449586092443202	0.03795384344235218	-0.352901564709453	0.09181601038879023	-0.5774023230570454	1.10748826152977	1.771677771900228	-0.3692089922706638	-2.05910372959499	1.009212381725909	-0.708267145107625	-0.7319094955631308	-6.031109421705826	-6.82155397613106	-5.606177288197807	0.01717370442762144	0.05958559258238823	0.01169821730487009	0.2067066219119031	0.07113254428778373	0.01477063416702297	0.0998300220581962	0.1982355625164054	0.01212149747919584	0.1766351867656371	0.02999274290254584	0.1389884466660417	0.01240652676699164	0.01893798229497757	0.05737602344721637	0.01363633817974275	0.01243599148016777	0.1476999901953714	-0.01202786047177666	0.01551779550453063	0.05989672077103655	0.01177591787420709	0.1749964786525784	0.05307464633726069	0.01082570034704095	0.03975485387770004	0.01671737349858965	0.05028370866199358	0.2404454790418067	0.03572255863270211	0.1821340214188707	0.01157509334608351	0.01278146151723071	0.04316271847111377	0.01241352724911882	0.01087147112230621	0.285053049262333
0.4171614513018084	-0.3231124107067221	0.6086005368389684	1.015278032234856	0.4767660502359518	0.08227838653275509	0.2440180473044035	0.03686636111047666	-0.3608022697915965	0.08325575067669777	-0.5849351465592219	1.118385686690832	1.768416444135152	-0.3701249966910375	-2.056361812394079	1.018982732577546	-0.7285815668353903	-0.8905914283845584	-6.012682885380394	-6.102002484849225	-5.877174059480742	0.01712992396925527	0.05987763430033544	0.01169925800515509	0.204776098273863	0.06899391334791345	0.01441602220271297	0.09526950405945792	0.1867248686026878	0.01718337166602954	0.1808438759569818	0.03048823858268775	0.1420617966401362	0.01233409213909507	0.01840626022461529	0.05621386974506919	0.01350633735236654	0.01229330342730146	0.1592814907105556	-0.01383543582836879	0.01777793690196305	0.06660622654886381	0.01164659930127397	0.1766379781016339	0.03385295456883391	0.0105321419098741	0.03498927698860127	0.01394879981658297	0.0897135257572817	0.2421439155908721	0.03610196437762117	0.185403748432695	0.0115744741563695	0.01269965548605126	0.04218337282428507	0.01187331513436287	0.01072606494795929	0.3508315573712799
0.4184732797650217	-0.3216417828450347	0.6109178299981052	1.014792166199252	0.4740732082269565	0.08362510002966075	0.2430525332436203	0.03560839818226599	-0.3686775737153404	0.07577510150950413	-0.5928328087316507	1.121966562743925	1.764334892945151	-0.3705249947120395	-2.047593266050802	1.036459251601414	-0.7416359819816919	-1.023327720058432	-5.996195940570816	-5.313110066921742	-6.143094393770113	0.01732478949330315	0.06048686530720535	0.01169278935712077	0.2031769513841985	0.066175922585199	0.01407817224729087	0.09084579305590595	0.1756830208341377	0.02542493507676217	0.1845303487052417	0.03093362397275202	0.1447715324798952	0.0122685825745954	0.01792015840915152	0.05512460981768595	0.01336346004777443	0.01215541849866527	0.1697032372211281	-0.01452813073489757	0.02096044891194267	0.06862223835246091	0.01160442427816872	0.1818255308701111	0.03119561988641446	0.01050611607080048	0.03528605705558127	0.01378364797986073	0.1357544260367625	0.2335621992284866	0.03554008966096036	0.1781645405985319	0.0115894193111582	0.0127932189131222	0.04272744190067418	0.01185010114179545	0.01069597657566691	0.2804509652228695
0.4197851082282348	-0.3201733511221938	0.6132291010272377	1.014306154390274	0.4713978659428201	0.0850036208216063	0.2420769586469105	0.03419188490273325	-0.3765401933871201	0.06928923010751165	-0.6009989303667919	1.115037470248994	1.759235166650494	-0.3703472404336444	-2.029681908333628	1.067475813662993	-0.7439197494392495	-1.132315629039149	-5.993344613453965	-4.585374772089128	-6.286464525049119	0.01777689468034246	0.06120587432200966	0.01168320244796152	0.2020007248241585	0.06335496172465561	0.01376712735559127	0.0867370557061682	0.1651803528684202	0.03669918486701126	0.1874076396339649	0.03129441884446128	0.1467928790593577	0.01221007491631821	0.01748339274870398	0.05416264247473706	0.01323093871251256	0.01202688865424635	0.1746349172548813	-0.01522082564142634	0.02414296092192228	0.07063825015605803	0.01156224925506348	0.1870130836385883	0.02853828520399502	0.01048009023172687	0.03558283712256127	0.01361849614313849	0.1817953263162433	0.224980482866101	0.03497821494429956	0.1709253327643689	0.0116043644659469	0.01288678234019314	0.0432715109770633	0.01182688714922804	0.01066588820337452	0.2100703730744592
0.421096936691448	-0.3187222981434591	0.6155329423045974	1.013820808787653	0.4687531283556086	0.08643491084766017	0.2411070205164635	0.03264853428754654	-0.3844161489985619	0.06365892366049646	-0.6091800730256003	1.095303449233656	1.753012392230742	-0.3694612297972298	-2.000743901663358	1.117504718321932	-0.7328242123211013	-1.216851092953502	-6.017938431878984	-4.01719771893038	-6.148442951159675	0.01828437147436698	0.06194144817935998	0.01167154922213151	0.2010285352778173	0.06069402538787597	0.0134823868916422	0.08292330377062668	0.1552037584462169	0.04817897215441277	0.1898795898180158	0.03161746828536722	0.1482796797548548	0.01215997320463246	0.01708954636990798	0.05309681812762459	0.01309998608742063	0.01190492797683338	0.1786256685560375	-0.01484423738827249	0.02322547478370229	0.070537819769566	0.01153761868356668	0.1860848573377036	0.02999722369664931	0.0104948862342897	0.03578874911467111	0.01349428622850876	0.1706050747032284	0.2268946375233347	0.03534939712034689	0.1665749578991116	0.01166496451290459	0.01292836566773971	0.03831305784543177	0.01162486882469844	0.01059133723498084	0.2609016897522655
0.4224087651546613	-0.3173046862635904	0.6178279715125192	1.013337193623907	0.4661530961501989	0.08794304912848304	0.2401595622278863	0.03100928014114169	-0.3923388628685824	0.05870050859689673	-0.6170306957069507	1.064053517299546	1.745800376517561	-0.3677090302697034	-1.961524544020139	1.184637868209328	-0.7096472161055482	-1.278529160538029	-6.064631772494962	-3.561016125095818	-5.782557209403334	0.01866877689302392	0.06261046950623356	0.01165876104813304	0.2000579546093216	0.05834254184338325	0.01322349741519669	0.07938523126474793	0.1457398650962502	0.05756404629536124	0.192308056071413	0.03194430473305316	0.1493680617637205	0.01211952033234756	0.01673288187304074	0.05171820853170835	0.01296280856478929	0.01178706622791597	0.1856413518208729	-0.01446764913511865	0.0223079886454823	0.07043738938307399	0.01151298811206987	0.1851566310368188	0.0314561621893036	0.01050968223685253	0.03599466110678095	0.01337007631387903	0.1594148230902135	0.2288087921805684	0.03572057929639422	0.1622245830338543	0.01172556455986229	0.01296994899528627	0.03335460471380024	0.01142285050016884	0.01051678626658716	0.3117330064300718
0.4237205936178746	-0.3159352520090938	0.6201129261533506	1.012856500590508	0.4636117669993401	0.08954943408088165	0.2392500518589732	0.02929904897563582	-0.4003325121817136	0.05428344410378459	-0.6243068831177533	1.022281054979035	1.737685962122201	-0.3649668123549953	-1.911362538658367	1.266456709464825	-0.6754262228534891	-1.3270625773778	-6.123567949917355	-3.185358894463532	-5.299405912630325	0.01897713508717856	0.06323045736166041	0.01164474952299348	0.1990208603244646	0.05625001322710653	0.01298781475243514	0.07612043121489567	0.1367743833026703	0.0654909607403539	0.194724224758634	0.032279562911713	0.1502646542762679	0.01208775325576582	0.0164094524121532	0.05014262371665254	0.0128211887324192	0.01167375832773967	0.1937441701747867	-0.01527220577093036	0.02221611801344983	0.07063910492275559	0.01148408110975541	0.1820922898646518	0.03215240201766715	0.01051507396246066	0.03654157680872099	0.0132637916010437	0.1565695573973289	0.2315893798323133	0.03620926325364984	0.163059540691897	0.01178359506276642	0.01299340532498268	0.03069047679176972	0.01124896101384066	0.01046063931497812	0.3111440580256898
0.4250324220810878	-0.314626482322545	0.6223867176817991	1.012380127947959	0.4611425261932227	0.09127108857337228	0.238391559402905	0.02753226923513997	-0.4084080617859157	0.05031130400543939	-0.6309050383222117	0.9715649502855255	1.728781210916063	-0.3611222058518273	-1.8516194068865	1.360376609984661	-0.6318658408128273	-1.364742525561483	-6.18949610604975	-2.88268903181017	-4.748836378999142	0.01925092784478839	0.0638170093838076	0.01162943630227048	0.1978544659297987	0.05436961675715537	0.01277298416080808	0.07312604631631646	0.1282926550894817	0.07245822294828684	0.1971562771018683	0.03262735677572354	0.1511559233146691	0.0120638180840631	0.01611573282877674	0.04847458391066829	0.0126767076021379	0.01156540727918996	0.2012082706728472	-0.01607676240674207	0.02212424738141736	0.0708408204624372	0.01145517410744094	0.1790279486924848	0.0328486418460307	0.0105204656880688	0.03708849251066103	0.01315750688820838	0.1537242917044443	0.2343699674840583	0.03669794721090546	0.1638944983499398	0.01184162556567055	0.01301686165467908	0.02802634886973919	0.01107507152751249	0.01040449236336908	0.3105551096213079
0.4263442505443011	-0.3133893590644131	0.6246483611813026	1.01190957081094	0.4587571917533779	0.09312271933757528	0.2375955232425373	0.02572258579620175	-0.4165726705686896	0.04668920053948342	-0.6367552748792781	0.9136220130490958	1.719205126783658	-0.3560743515893923	-1.784001001196298	1.463747242877663	-0.5808249714544058	-1.393022266779635	-6.258003314830948	-2.649015317755739	-4.171125354824677	0.01948508633861007	0.06436545698623727	0.01161335095406248	0.1966147612636296	0.05270246562024895	0.01257732617485492	0.07041331099597771	0.1202809321970229	0.07836693117531071	0.1995584063912583	0.03296977306820459	0.1520203360533841	0.01204613749559626	0.0158503821067014	0.0468045340504945	0.01253332184548258	0.01146263331067689	0.2078701995899494	-0.01854812545337445	0.02184499708421118	0.07085439628705179	0.0114356167207688	0.1774754592061276	0.03393205184823511	0.01052874884101283	0.03834030066494157	0.01310022630264847	0.1453035599905816	0.2357560767039677	0.03678758728570757	0.1640859067725589	0.01187962120965051	0.01306763089331435	0.02741884693969848	0.01098509776645803	0.01037212854745709	0.3029362380830912
0.4276560790075143	-0.3122318607697564	0.6268970812278101	1.0114464617738	0.4564646367504636	0.09511446826942059	0.2368701338679566	0.02388076188801432	-0.4248264485262333	0.04333631604253484	-0.6418506133078096	0.8501695615212895	1.709078248380136	-0.3497669087968283	-1.710168848260506	1.573999310426589	-0.5241584898951223	-1.413743540675048	-6.32544250305711	-2.472240608713158	-3.597926563704195	0.01967510818654064	0.06487161552869089	0.01159696224621467	0.1953533399188103	0.05124914235592808	0.0123993456874741	0.06799189203929815	0.1127250178378782	0.08312189822741098	0.2018891572286783	0.03329090963285083	0.1528383729176614	0.01203331425613635	0.01561219835545616	0.04521451159357185	0.0123945401013307	0.011365985227113	0.2135814267440404	-0.02101948850000683	0.02156574678700501	0.07086797211166637	0.01141605933409666	0.1759229697197705	0.03501546185043952	0.01053703199395686	0.03959210881922211	0.01304294571708857	0.1368828282767189	0.2371421859238771	0.03687722736050966	0.164277315195178	0.01191761685363048	0.01311840013194964	0.02681134500965779	0.01089512400540357	0.0103397647315451	0.2953173665448745
0.4289679074707274	-0.311160477380848	0.629132207125695	1.010992471736484	0.4542723349962164	0.0972542652189065	0.2362219748944162	0.02201566769023055	-0.4331664871287689	0.04018413487936378	-0.6462099027396437	0.7827869820858151	1.698512167625023	-0.3421701520309933	-1.631481515685737	1.688786613475703	-0.463569949566422	-1.429779223617704	-6.3886337254879	-2.334657981378071	-3.056379200230624	0.01981719863585628	0.06534150666164994	0.01157974153612207	0.1941251657871811	0.05000886875992181	0.01223745380719957	0.0658663577929828	0.1056102763326976	0.08676106737334069	0.2040822816093365	0.0335873576800575	0.15356613957223	0.01202576856894126	0.0153994525816248	0.04374480241007168	0.01226081674039198	0.01127522742262547	0.218757875600005	-0.02288474610333222	0.02110932144765865	0.07094629671033031	0.01138394804549758	0.1760465011962203	0.0364557395702849	0.01054416922896782	0.04143066774779203	0.01302734450005417	0.1262273149815585	0.2362839969870975	0.0368422293010832	0.1630786488881525	0.01197482727481034	0.01318297107833004	0.02732452860314031	0.01082452758139623	0.01031422469082935	0.2982982108739923
0.4302797359339407	-0.3101793120613591	0.6313532389214569	1.010549279291322	0.4521860519365286	0.09954650808161326	0.2356550606343978	0.02012946036794459	-0.4415852514374595	0.03720804634195283	-0.6498909613264733	0.7126240315954669	1.687590526352968	-0.3333050109690682	-1.548533853250871	1.806416765603573	-0.400293646079089	-1.445932382877161	-6.445466896125175	-2.203771620555638	-2.563902890668762	0.01990797339490181	0.06578049697969068	0.01156122071795501	0.1929809307584063	0.04898051343391963	0.01209023784407989	0.06404012875564062	0.0989216667228089	0.08930654246063985	0.2060776467200743	0.03385608293021825	0.15416377941398	0.01202387228004546	0.01521060108394869	0.0424317597954408	0.01213255419233651	0.01119015057058867	0.2237672360240339	-0.02475000370665761	0.02065289610831228	0.07102462130899427	0.01135183675689849	0.1761700326726701	0.03789601729013028	0.01055130646397877	0.04326922667636195	0.01301174328301977	0.1155718016863981	0.2354258080503178	0.03680723124165673	0.1618799825811271	0.0120320376959902	0.01324754202471044	0.02783771219662282	0.0107539311573889	0.01028868465011359	0.3012790552031102
0.431591564397154	-0.3092916019300477	0.6335597406646942	1.010118533769597	0.4502112654301587	0.1019943183630389	0.2351724781641717	0.01821948689995614	-0.4500736222258967	0.03441579198860606	-0.6529645793899422	0.6405134759870673	1.676377433672595	-0.3232108407105996	-1.461541084803152	1.925654977285258	-0.3352151480050994	-1.467500892935686	-6.494430194049349	-2.044297942837042	-2.132606059010218	0.019947513501211	0.06619393652039836	0.01154088039560706	0.1919451628697153	0.04816159603213577	0.01195625653995633	0.06249997774365391	0.09264339483181125	0.09094371343844647	0.2078180360119768	0.03409376898983363	0.1546111023004991	0.01202837134948686	0.01504566499073823	0.04129234123263741	0.01201033225797912	0.01111054771514286	0.2286212220428702	-0.02538726516293286	0.0200947535486252	0.07117493977254101	0.01130539694659699	0.1772127388396508	0.03966192442655119	0.01055482914427336	0.0452818699523379	0.01302127737298599	0.1071544333529543	0.2323150134058771	0.03663668078220605	0.1598138714291444	0.01211743202761588	0.01335960098998348	0.02904055999506774	0.01070723371475285	0.01026974314302689	0.3041949217215581
0.4329033928603672	-0.3084994963256049	0.6357513689335494	1.009701794565518	0.4483532116908967	0.1045992008345821	0.2347761781611881	0.01627528594739349	-0.4586207756944666	0.03186805017600918	-0.6555137438298306	0.5668663632646435	1.664914581535266	-0.3119511240039272	-1.370564293892621	2.045887395673986	-0.268748293486221	-1.498115238773427	-6.535086359282012	-1.830990364091196	-1.764326362417898	0.01993586561585517	0.06658660234893904	0.01151826067196551	0.1910404057878065	0.04754947403407318	0.01183422971885521	0.06123312533836714	0.08675939616366943	0.09182959546144379	0.209251147181238	0.03429745859246597	0.1548896347001836	0.01203992592626677	0.01490465655096524	0.04034157229961528	0.01189466429667922	0.01103623498403159	0.2333300498917559	-0.0260245266192081	0.01953661098893812	0.07132525823608774	0.01125895713629549	0.1782554450066314	0.04142783156297209	0.01055835182456795	0.04729451322831384	0.01303081146295221	0.09873706501951043	0.2292042187614364	0.03646613032275538	0.1577477602771617	0.01220282635924156	0.01347165995525652	0.03024340779351267	0.01066053627211679	0.01025080163594019	0.3071107882400061
0.4342152213235805	-0.3078048281010482	0.6379278163372097	1.009300562424931	0.4466169338301604	0.1073621917508549	0.2344678016580479	0.01428444314884347	-0.4672157239028842	0.0296378089099484	-0.6576207488699647	0.4920705157135227	1.653248565987655	-0.2995890333115518	-1.276193316200007	2.16654568057151	-0.2012669560101235	-1.538070133584897	-6.567374263149146	-1.56234919187906	-1.456614788563858	0.01988388260716418	0.06696262232495405	0.01149396109904838	0.1902450044381534	0.04712182259529495	0.0117230475129953	0.06019005297067093	0.08125194421370872	0.09220130872191119	0.2102718704768286	0.03447016755569958	0.1550513467532115	0.0120583599207355	0.01478603446412608	0.0395887030147216	0.01178490357555647	0.01096650384745899	0.2361693016904523	-0.0259960941049432	0.0191260532770343	0.07153780031851174	0.01122150400032011	0.1788723401142839	0.0430379348920091	0.01056044676201438	0.0485488580253954	0.01302350838810112	0.09500583804745572	0.2220851632997459	0.0362981792191092	0.156870536628424	0.01229838200306988	0.01359586761830549	0.03201543125975037	0.01061216735571193	0.0102263729210158	0.2534652542110513
0.4355270497867937	-0.3072088578527049	0.6400888579827994	1.008916232618046	0.4450058458437749	0.110283488897964	0.2342484698760523	0.01223737991165072	-0.475847881407855	0.02778698818778055	-0.6593580255878027	0.416392453919989	1.641427122609618	-0.2861820014916762	-1.179701114802763	2.287239431445887	-0.1329916367853071	-1.58382833107419	-6.591815266361031	-1.252529728693949	-1.20064241305475	0.01980118091762998	0.06732568667227777	0.01146851248544422	0.1895389503991189	0.04685826273731258	0.01162172463501851	0.0593254026969959	0.07610329704741613	0.09226895945679373	0.2107836684912641	0.03461456756978715	0.155143428189116	0.01208351711950885	0.01468842537312133	0.03904168935986533	0.01168047617033067	0.01090072624851843	0.2355747435025382	-0.0259676615906783	0.01871549556513048	0.07175034240093575	0.01118405086434474	0.1794892352219364	0.04464803822104611	0.0105625416994608	0.04980320282247697	0.01301620531325004	0.091274611075401	0.2149661078380553	0.03613022811546301	0.1559933129796864	0.0123939376468982	0.01372007528135447	0.03378745472598808	0.01056379843930707	0.0102019442060914	0.1998197201820966
0.4368388782500068	-0.3067127238030303	0.6422343017338162	1.008550145813099	0.4435225063460767	0.1133631067645947	0.2341192278877593	0.0101262655681309	-0.4845072770514314	0.0263815958764948	-0.6607890904893304	0.3396730279865215	1.629460740554133	-0.2717964951389293	-1.081137313114866	2.408165234066094	-0.06369994725256097	-1.637608243156751	-6.609216258536854	-0.8645245982793259	-0.9864153430374343	0.01970097375606902	0.0676766734044298	0.01144297316852859	0.1888838284743335	0.04672313776113374	0.01152951888854145	0.05858330052892001	0.07129407874189202	0.0921921744030037	0.2108962289793747	0.03472859623582306	0.1551902596359609	0.01211231015815334	0.01461189708441379	0.03879659684511116	0.01158555375207678	0.01084127313671743	0.2335931847941585	-0.02565491700045537	0.01854819887060562	0.07195861313334928	0.01116821698628869	0.1790865501185992	0.04570595214375834	0.01056741676329609	0.04998718876557273	0.01294901356137591	0.09118803842218717	0.2102651717767252	0.03585578958530917	0.1556959648890283	0.01243307435283111	0.01388757180209529	0.03825927742091798	0.01062038552046888	0.01023893520634548	0.2057357088703083
0.4381507067132201	-0.3063185520208739	0.6443639164279679	1.008203534830616	0.4421710060962553	0.1166023476882315	0.2340822596777721	0.007933370609207081	-0.4931855926430551	0.02558591711591638	-0.6619598705660654	0.2609418438827545	1.617294307018957	-0.2564893652744209	-0.9787003710208554	2.530599081651973	0.007688002676428402	-1.708510202335309	-6.620660422412036	-0.322966858481223	-0.8038148790523613	0.01959499257630943	0.06801636645114535	0.0114182803212778	0.1882443010324931	0.04668434783928904	0.01144577151736743	0.05791312926843735	0.06680520996425973	0.09211465297212167	0.210709002728209	0.03481040928637816	0.1552140390648582	0.0121420058421439	0.01455650547520644	0.03893873914258591	0.01150383282438259	0.01079024464907884	0.2320857208774168	-0.02534217241023244	0.01838090217608077	0.07216688386576282	0.01115238310823264	0.1786838650152621	0.04676386606647058	0.01057229182713137	0.05017117470866848	0.01288182180950179	0.09110146576897334	0.2055642357153951	0.03558135105515534	0.1553986167983704	0.01247221105876403	0.01405506832283611	0.04273110011584788	0.01067697260163069	0.01027592620659955	0.2116516975585199
0.4394625351764334	-0.3060295089343	0.6464774139257675	1.007877600244987	0.440956932437815	0.1200038595474532	0.2341409122135368	0.005634591887403546	-0.5018754352504806	0.02561068426647485	-0.6629077447031501	0.1795711942580503	1.604910898816049	-0.2402746379170075	-0.8724683657338944	2.655312810122331	0.0819157310893642	-1.795654473922341	-6.626903268010349	0.3613686690012512	-0.643960051434126	0.01949187492508687	0.06834337201473499	0.01139500625442164	0.1876006436936001	0.04671695908537538	0.01136987179843705	0.0572925850004268	0.06261975991798945	0.09206788424325452	0.210326844053851	0.03484737107652826	0.1552176065793175	0.01217027813821771	0.01452363964259451	0.03928865949375265	0.01144404326659168	0.01074952413853883	0.2281659219988638	-0.02535305460118167	0.01840100386322955	0.07231639828791014	0.01115116784434256	0.1777011428483637	0.0474038365659959	0.01058017093845573	0.04993345315766974	0.012805418408042	0.09185395544141656	0.2035975695878245	0.03494091264485762	0.155138984383829	0.0124605225620043	0.01429624191457973	0.043662028441771	0.01095700026606053	0.01037201986950766	0.1239549888278555
0.4407743636396467	-0.3058478359915927	0.6485746229355418	1.007573536533224	0.4398814114496908	0.1235689836464029	0.2342976576834986	0.003223578144654181	-0.5105700051056221	0.02653570964881568	-0.6636563689214046	0.09724644605358873	1.592461047770056	-0.2231452590345232	-0.7674644158630567	2.780040592949594	0.1572394621218229	-1.87962254442914	-6.62786753460855	1.049557406156274	-0.5000405283357041	0.01939929284047982	0.06865643967764287	0.01137365771727024	0.1869347342973994	0.04679863180310997	0.01130127788722284	0.05670153665099529	0.05872116086899289	0.09208029473727733	0.2098458084798861	0.03482821322355777	0.1552035485714237	0.01219506811499668	0.01451452631124581	0.03968594825043937	0.01141391513912443	0.01072077690633101	0.219136811448552	-0.02536393679213091	0.01842110555037833	0.07246591271005746	0.01114995258045248	0.1767184206814653	0.04804380706552121	0.01058805004978009	0.04969573160667101	0.01272901500658222	0.09260644511385978	0.2016309034602539	0.0343004742345599	0.1548793519692877	0.01244883406524457	0.01453741550632336	0.04459295676769413	0.01123702793049037	0.01046811353241577	0.03625828009719105
0.4420861921028599	-0.3057736126744331	0.650655545101844	1.007292529590336	0.4389403622220936	0.127296205975036	0.2345526831315487	0.0007127214820440095	-0.5192622849722134	0.02831035042601167	-0.6642237386039245	0.01671195567115875	1.580146591191307	-0.2051578403041109	-0.6687882127495812	2.901221307233524	0.2307154607864533	-1.945206745191847	-6.623361241097838	1.637394899541657	-0.3660835974929774	0.01931745399000318	0.06895496720255496	0.01135415812212066	0.1862582622888628	0.04692598021138746	0.01123938747237956	0.0561509949968157	0.05509440169198816	0.09209137156862443	0.2092249104960804	0.03475191479427094	0.1551738798238744	0.01221772647833943	0.01452661719013177	0.04039839623420634	0.01143823126131526	0.01071861942585802	0.2084938545155878	-0.02563900844706166	0.01846687222452034	0.07257148421201942	0.01115084548211963	0.1760538917403041	0.0486995902205961	0.0105968572523356	0.04978894511779696	0.01267686813308623	0.09186194800824614	0.1981688616405722	0.03352348104860707	0.1546439892435503	0.01246079199354781	0.01476789201682032	0.05206757567642743	0.01213551020157164	0.01091790552154536	0.05497076675850907
0.4433980205660731	-0.3058018950192375	0.6527205307235512	1.007035580019988	0.4381227034478629	0.1311775857671236	0.2349007346861449	-0.001871590283759674	-0.5279449913970506	0.03078275048568553	-0.6646197804544697	-0.05903261497517757	1.568164357799078	-0.1864676399053602	-0.5793446155864016	3.015067452828142	0.2990660908955665	-1.991611444745583	-6.613271964916729	2.113354015644888	-0.2388359024832777	0.019246541433658	0.06923841245769027	0.01133643956975422	0.1855819665977635	0.04709596383480416	0.01118366647590498	0.05565085659650203	0.05172489679840185	0.09204649612283664	0.2084263695445845	0.03461753822470297	0.1551304358090259	0.01223944902783217	0.01455764894408526	0.04166307443053845	0.01153890429301228	0.01075598756840704	0.1995325804293954	-0.02591408010199242	0.01851263889866234	0.07267705571398136	0.01115173838378679	0.1753893627991429	0.049355373375671	0.01060566445489112	0.04988215862892292	0.01262472125959025	0.09111745090263247	0.1947068198208904	0.03274648786265424	0.154408626517813	0.01247274992185105	0.01499836852731729	0.05954219458516073	0.01303399247265291	0.01136769751067496	0.07368325341982708
0.4447098490292863	-0.3059252510445395	0.6547700895343642	1.006803533704314	0.4374154339776159	0.1352020645910845	0.2353338298274785	-0.004505023992815689	-0.5366107992335959	0.03380594870117858	-0.6648522088592406	-0.1275801743274281	1.556667905840018	-0.1672455520644069	-0.5009601301497034	3.118583546186001	0.3596487170490489	-2.0206576468434	-6.597638184128338	2.477202910108995	-0.1161619111153048	0.01918207118626379	0.06951001907221019	0.01132036318372889	0.1849489688026782	0.04731566716903254	0.01113359855343421	0.05520817077313948	0.04859877347241076	0.09194658572884712	0.2077063794852888	0.03443643977268651	0.1549225038548407	0.01226110250777721	0.01461153225534854	0.04301034266664606	0.01189218884922926	0.01097077508564858	0.1907394833906606	-0.02586599471565824	0.01847697578942231	0.0728347648236818	0.0111530458995114	0.1760541063512977	0.05027072930743077	0.01061509764003412	0.05024758095839019	0.01260790204188113	0.09028562968133216	0.1990301295858846	0.0321247995186954	0.1496920096948733	0.01250246637447336	0.0153556929975394	0.05684833239331113	0.01806657391064387	0.01500466136590501	0.04605120600874661
0.4460216774924995	-0.3061328054250182	0.6568049457253529	1.006596948164594	0.4368030848511646	0.1393543596506397	0.2358401906142546	-0.007166185458668701	-0.5452525950896826	0.03723333466996372	-0.6649262282391187	-0.1874005490498022	1.545748896687053	-0.1476504065239657	-0.434630049816819	3.209934753705304	0.4107661293020244	-2.033884894342027	-6.57666354955506	2.729574468795116	0.002672845188113917	0.01912006140143182	0.06977269219367159	0.01130580592887298	0.1843988711394977	0.04759139473972952	0.01108872601484859	0.05482924650623735	0.04570267443973131	0.09179244734715132	0.2073008494499004	0.0342187318607113	0.1544124927661283	0.01228345427257662	0.01469172598300756	0.04402480363220511	0.01265327135896937	0.01148461473115986	0.1806538007059399	-0.02581790932932406	0.01844131268018229	0.07299247393338223	0.011154353415236	0.1767188499034525	0.05118608523919053	0.01062453082517712	0.05061300328785746	0.01259108282417201	0.08945380846003184	0.2033534393508787	0.03150311117473656	0.1449753928719336	0.01253218282709567	0.01571301746776152	0.05415447020146152	0.02309915534863483	0.01864162522113506	0.01841915859766614
0.4473335059557128	-0.3064124682646865	0.6588258970110238	1.00641624979454	0.4362693271983202	0.1436177421164806	0.236406692920874	-0.009834824606503678	-0.5538634456580134	0.0409203885401227	-0.6648466939178168	-0.2372393406570305	1.535488529689752	-0.1278255463968649	-0.3813288017594641	3.287624601343765	0.4510389773547902	-2.032633865386367	-6.550544408238602	2.876633471436099	0.1178904331924459	0.019055190126963	0.07002635997670523	0.01129232341628	0.1839223411327099	0.04792614944240736	0.01104851272988133	0.05450962873586132	0.04302253219650402	0.09157028783955107	0.2069332607803577	0.03401001849556014	0.1537626287524692	0.01230877540497102	0.01477894227522042	0.04488257324236714	0.01390394025964944	0.01260016595747828	0.1702123170768141	-0.02552930445980784	0.0182881568537245	0.0731301141833564	0.01114866499848249	0.1772561388786514	0.05228921903081261	0.01063221833566804	0.05099118346024498	0.01258485324828485	0.08814652601429311	0.1995268452870099	0.03189431891642903	0.144457542889896	0.01261464566673488	0.01568443934423824	0.05501560081047982	0.03084007776534308	0.02973125788820842	0.01865060329342322
0.448645334418926	-0.3067506980547677	0.6608338455154915	1.006261616773795	0.4357968434908313	0.147973795371794	0.237018633840911	-0.01249371288142849	-0.5624368641116598	0.04474118459548103	-0.664618744720046	-0.2766911123060998	1.525924991848507	-0.107911447018958	-0.3412124318139391	3.351219675675709	0.4800413668701879	-2.019018815909076	-6.5195949376391	2.933476452273021	0.2289446189163861	0.01898273256965451	0.07027095689482014	0.0112795222235286	0.1835107777403022	0.04832258450707116	0.01101248368150721	0.05424528152340313	0.04054497572865058	0.09126761563341032	0.2063491538272069	0.03385100143105835	0.153121015316342	0.01233907608755002	0.01485610328325749	0.04573909416458501	0.01571399670117508	0.0145805051371574	0.1603169510927017	-0.02524069959029163	0.01813500102726672	0.07326775443333058	0.01114297658172897	0.1777934278538502	0.05339235282243471	0.01063990584615897	0.0513693636326325	0.01257862367239768	0.08683924356855438	0.195700251223141	0.0322855266581215	0.1439396929078584	0.01269710850637409	0.01565586122071495	0.05587673141949811	0.03858100018205134	0.04082089055528178	0.01888204798918031
0.4499571628821392	-0.307133775732385	0.6628297177865459	1.006133105048647	0.435368353073236	0.1524039455203475	0.2376611367685933	-0.01512765492147199	-0.5709666661039933	0.04858570403906691	-0.6642481143634535	-0.3056633017172092	1.51707926758466	-0.08804723963898879	-0.3140422290736899	3.40068196007647	0.4976956902316652	-1.995781720347737	-6.484196839672255	2.921640867939057	0.3352906284984957	0.01890558477807584	0.0705070492354362	0.0112673152082962	0.1831812969883562	0.04877367959888261	0.01098025911935796	0.05402552721602452	0.03825649029759025	0.09091183779536538	0.2055387045753239	0.03373780067020839	0.1524433805241714	0.01237340913263986	0.01492181304372815	0.04651981016032303	0.01753461237160694	0.01681854219919083	0.1510003756086956	-0.02471115414118859	0.01803330474776561	0.07340142379772757	0.01113667971763733	0.1789829273965805	0.05445022177225926	0.01064736863139984	0.05159052605872337	0.01257053547257486	0.08610453943216836	0.1911405256043771	0.03268244715907405	0.1421330015971405	0.01276814030556898	0.0155752646966067	0.05491605370149823	0.03504813754728121	0.04003874528115193	0.02054931773054825
0.4512689913453525	-0.3075482411240865	0.6648144510639336	1.006030529462661	0.4349677027390057	0.1568900909492464	0.2383196514427465	-0.01772765048462486	-0.5794474524635634	0.05239030877735711	-0.6637412187814652	-0.3245444958364982	1.508942598116777	-0.06836948001649075	-0.2987677319790782	3.436589499372945	0.5044527107248965	-1.967264365805891	-6.444866214796463	2.872622913321973	0.436693161529266	0.01882631759208817	0.07073514380141688	0.01125562520576614	0.1829495604956436	0.04927316002740956	0.0109515026283534	0.05384076403607118	0.03614436465532871	0.09052771840956234	0.2044926400257892	0.03366693442749743	0.1516892071558755	0.0124109360874617	0.01497483415506722	0.04715853702887515	0.01888674929113485	0.01878471999249686	0.1422932065065027	-0.02418160869208555	0.0179316084682645	0.07353509316212456	0.01113038285354569	0.1801724269393108	0.05550809072208382	0.01065483141664072	0.05181168848481424	0.01256244727275203	0.08536983529578233	0.1865807999856131	0.03307936766002659	0.1403263102864226	0.01283917210476386	0.01549466817249845	0.05395537598349835	0.03151527491251109	0.03925660000702208	0.02221658747191619
0.4525808198085657	-0.3079810935943043	0.6667889680326675	1.005953587540255	0.4345798123289628	0.1614147864695088	0.2389801545426552	-0.02028856979438857	-0.5878742997402888	0.05611811274223873	-0.6631046411291182	-0.3339164989731333	1.501494953933306	-0.04900284016692826	-0.2942175847855477	3.459759897026601	0.5009776817009471	-1.937039654504151	-6.402135920537131	2.809868527442112	0.5329740999113045	0.01874936453295376	0.07095442953060659	0.01124459467484194	0.1828089125590382	0.04980776111135667	0.01092593901633515	0.05367201619349915	0.03419575686217464	0.09013688936017251	0.2032856141509166	0.0336258177440529	0.1508517567450316	0.01244963186651379	0.01501864803914576	0.0476652991700465	0.01998776723077799	0.02043827313379867	0.1341261136287296	-0.0233673376939711	0.01792756821697158	0.07363167763466488	0.0111283344749052	0.1813494891467897	0.05634034592930539	0.010663005725186	0.05163105207575215	0.01253958627432851	0.0851557974362929	0.1839321526548273	0.03326128755434887	0.138175463260302	0.01287078379032192	0.01546783999562097	0.05294039104032447	0.03192648586822588	0.03689954310479555	0.02240668242921054
0.4538926482717789	-0.3084204892643413	0.66875414606249	1.0059017857176	0.4341915484272245	0.1659621866241714	0.2396299369712907	-0.02280965507508559	-0.5962431977497273	0.05976013150591438	-0.6623451139094246	-0.3345201912270663	1.494704549151188	-0.030041146427356	-0.2993371547196284	3.471204750432941	0.4881080883684048	-1.906533815553475	-6.356517365794259	2.741835688814941	0.6241407909043578	0.01867866161836268	0.07116417794297017	0.01123434972677227	0.1827532076338887	0.05036566561487587	0.01090332452283041	0.05350226383260447	0.03239870346522677	0.0897589224979221	0.2019863055980744	0.03360322350390941	0.1499248276689205	0.01248770405023906	0.01505633699154075	0.04804883865186262	0.02102697528237826	0.0217426470800098	0.1264310712259247	-0.02255306669585667	0.01792352796567866	0.07372826210720523	0.0111262860962647	0.1825265513542687	0.05717260113652695	0.01067118003373128	0.05145041566669007	0.01251672527590499	0.08494175957680347	0.1812835053240414	0.03344320744867114	0.1360246162341814	0.01290239547587998	0.01544101181874349	0.05192540609715059	0.03233769682394068	0.034542486202569	0.02259677738650489
0.4552044767349922	-0.3088552557454408	0.6707108326104327	1.005874554911991	0.4337906727267097	0.1705173593622643	0.2402570468120218	-0.0252909977832458	-0.6045505779973823	0.06331213879823104	-0.6614693135749654	-0.3271010215652222	1.488537809240118	-0.01156422803569292	-0.3131610859148122	3.471937775023247	0.4666838901942119	-1.876575200331744	-6.308498952577086	2.673400016604178	0.710328615439753	0.01861798028384077	0.07136285626710764	0.01122509960872195	0.1827584057159765	0.05093349303994549	0.01088344475775299	0.05331174565411152	0.03074166372438927	0.08941213532814436	0.2006120637043969	0.03359369656117368	0.1489543476636202	0.01252368337367528	0.01508830290582324	0.04835389426330221	0.02200895848546867	0.02283411073593845	0.1191852257973204	-0.02170419489227901	0.01801855357118464	0.07376610719315736	0.01113053292418485	0.1831345388788243	0.05772384681838326	0.01068040604506544	0.05077794892304929	0.01247882976793459	0.085239612339332	0.1790102157417238	0.03353245827008263	0.1350525005115482	0.01289948015708619	0.01541104286125366	0.05175222265932812	0.03272042659415439	0.03455953945519056	0.02260575593564226
0.4565163051982054	-0.3092754912078665	0.6726598167838718	1.005871210054589	0.4333664388215755	0.1750670931053193	0.2408509625603862	-0.02773335400935917	-0.6127936715254407	0.06677390702480265	-0.6604834666938384	-0.3123663518331499	1.482961589271421	0.006375120806340097	-0.3349488314281698	3.462912516233608	0.4375007213635408	-1.84709542791987	-6.258506502831077	2.604258146598388	0.7919166094322768	0.01857066743521968	0.07154908796605045	0.01121702956170031	0.1828024792950198	0.05149933270580355	0.0108661098410069	0.0530827422082775	0.02921396672368131	0.08911309052289751	0.1991788794408413	0.03359237489834294	0.1479823821426969	0.01255626920667679	0.01511490140450266	0.04862025512091973	0.02293769723596637	0.02383150484257966	0.1123657028621264	-0.02085532308870136	0.01811357917669061	0.07380395227910949	0.011134779752105	0.1837425264033799	0.05827509250023957	0.0106896320563996	0.05010548217940849	0.01244093425996419	0.08553746510186053	0.1767369261594062	0.03362170909149412	0.134080384788915	0.01289656483829241	0.01538107390376382	0.05157903922150565	0.03310315636436811	0.03457659270781212	0.02261473448477963
0.4578281336614187	-0.3096719004750839	0.6746018588955	1.005891025546526	0.4329087025595973	0.1795989928148941	0.2414018445363509	-0.03013727325382731	-0.6209700679741524	0.0701442770377194	-0.659393419404153	-0.2909937975711616	1.477943002106149	0.02373461844105796	-0.3640275050814853	3.445041200682676	0.4013187858414877	-1.81789375532163	-6.206935575253123	2.533802567383481	0.8693407169715095	0.018538991496309	0.07172193591236674	0.01121030840992741	0.1828683000014845	0.05205516694913679	0.01085114934104771	0.05280679187647874	0.02780586938699781	0.08886863807623779	0.1977105585311804	0.03359623827820207	0.1470301836736535	0.01258464751974808	0.0151363987220733	0.04885887125470709	0.02383210221313704	0.02480837935006082	0.1059515942343787	-0.02005298806934165	0.01828733247172048	0.07379246200125356	0.01114519822612882	0.1839026548765885	0.0586242087973888	0.0107000968966362	0.04914773421953843	0.01239987885097039	0.08611038483897498	0.1751027626052438	0.03365559901966753	0.1337272171626899	0.01286839836303327	0.01534640022932195	0.05159549269474516	0.03381005619844576	0.03610029618163049	0.02250064381393879
0.4591399621246319	-0.3100363319963634	0.6765376614741748	1.005933217122428	0.4324084265848747	0.1841022009506684	0.2419011320226822	-0.03250288092544397	-0.629077998704504	0.07342076378530724	-0.6582042347123138	-0.2636134133494246	1.473448862403835	0.04048946475993105	-0.3998044353179583	3.419169642112473	0.3588402998203958	-1.788686001339185	-6.154124381734945	2.461124696445806	0.9430604597404741	0.01852496330774718	0.07188055725936764	0.0112050855966291	0.1829401961723084	0.05259385514878238	0.01083841232600782	0.05247629043163456	0.02650841260085329	0.08868494700236948	0.1962290818426766	0.03360259608132975	0.1461172225658359	0.01260809745830275	0.01515303039269311	0.04907950136701602	0.02470879568634504	0.02582941135793412	0.09992205583334324	-0.01925065304998195	0.01846108576675034	0.07378097172339762	0.01115561670015265	0.1840627833497971	0.05897332509453803	0.01071056173687281	0.04818998625966837	0.01235882344197659	0.08668330457608941	0.1734685990510814	0.03368948894784095	0.1333740495364649	0.01284023188777414	0.01531172655488007	0.05161194616798468	0.03451695603252343	0.03762399965544886	0.02238655314309794
0.4604517905878451	-0.3103611739082442	0.6784678980063712	1.005996982518923	0.4318570753632101	0.1885665840407686	0.2423408646952867	-0.03483004776381365	-0.6371159777644284	0.07660020035362196	-0.656920577804062	-0.2308353340901137	1.469445807302217	0.05662129974452667	-0.4417031035891228	3.386115564859703	0.3107431166637493	-1.7592345931319	-6.100381432129821	2.385880122968199	1.013463217201814	0.01852855276877254	0.07202452253934839	0.01120140963908978	0.1830100075191309	0.05311350518363763	0.01082774757226942	0.05209553664369598	0.02531358372736053	0.08855226043731573	0.1947437572617644	0.03361050771427132	0.1452495700452857	0.01262660644898553	0.01516506827519391	0.04928358559745822	0.025565259017618	0.02689492691329198	0.0942606639338084	-0.01850533895077982	0.01866938954978057	0.0737296293054413	0.01117012766942204	0.1839846092148946	0.05923985177239541	0.01072205873139617	0.04723205537242563	0.01232785472126169	0.08711699433856251	0.1721017033116525	0.03370601987992825	0.1332716369481725	0.01280189582640978	0.01527349266746044	0.05162716344858412	0.03512714865730779	0.03925072729277639	0.02226980971096417
0.4617636190510583	-0.3106398608862151	0.680393182902184	1.006081495648403	0.4312471270973458	0.1929834076732793	0.2427142417795475	-0.03711836814671435	-0.6450830095373532	0.0796796257821108	-0.6555466356058302	-0.1932460817341396	1.465899649236181	0.07212124176858389	-0.4891408788091197	3.346660988861527	0.2576752608893249	-1.72946109967872	-6.045958886903023	2.30864875326524	1.080708471771531	0.01854973030529779	0.07215344412883569	0.01119932347140131	0.1830702706653139	0.05361242619902409	0.01081902117514288	0.05166837125953936	0.02421404699679846	0.0884617445896631	0.1932631818248915	0.03361913536433574	0.1444327700324224	0.01264016306104205	0.0151727529817527	0.04947240612999181	0.02639926411137259	0.02800520944738451	0.08895099470593569	-0.01776002485157768	0.0188776933328108	0.073678286887485	0.01118463863869143	0.183906435079992	0.05950637845025279	0.01073355572591954	0.0462741244851829	0.01229688600054679	0.08755068410103561	0.1707348075722237	0.03372255081201555	0.1331692243598802	0.01276355976504543	0.0152352587800408	0.05164238072918356	0.03573734128209215	0.04087745493010393	0.0221530662788304
0.4630754475142716	-0.3108663360657599	0.6823141004850358	1.006185924718043	0.430571570365219	0.1973446142917822	0.2430150235405129	-0.03936739290769951	-0.6529783066088819	0.08265669104931804	-0.6540865049912343	-0.1514252308584958	1.462775858414775	0.08698406070470105	-0.5415327411121141	3.301575726354947	0.2002759727032705	-1.69931343075871	-5.991083474683898	2.230014595112536	1.144849856099677	0.01858618764076913	0.07226741868476463	0.01119875092664669	0.183119962867511	0.05409310868838292	0.01081209022328094	0.05120469946944661	0.02320302624863038	0.08839887530358734	0.1917879088093239	0.03362849249559323	0.143661204549893	0.01264930245964461	0.01517668425900704	0.04964371340619665	0.0272152962048164	0.02916069215445206	0.08397499759634418	-0.01705927948213313	0.01906820655542286	0.0735990331524095	0.01120061098716185	0.1837776820384819	0.05979155525441	0.01074570407834218	0.04547089872606991	0.01228139405367826	0.08768287360217555	0.1693940628669008	0.03374083545677221	0.1329993956787956	0.01272742411899572	0.01520197202158921	0.05157129259764857	0.03640443297792237	0.04261167368640922	0.02198949859383029
0.4643872759774848	-0.3110355472376011	0.6842311742665792	1.006309433352165	0.4298244240372261	0.2016434753860557	0.2432380770581341	-0.04157661271060251	-0.660801438492954	0.08553005309151823	-0.652544363234357	-0.1059419720893352	1.460039429884842	0.1012097464467447	-0.5982856305206194	3.251609652617749	0.1391715907782871	-1.668774875911307	-5.935936593779247	2.150543895189777	1.205741804302487	0.01863587551141167	0.07236653090590513	0.01119962456964848	0.1831581480354998	0.05455776748444975	0.01080682818853111	0.0507134087928627	0.02227434389800305	0.08835053732057463	0.1903184484087488	0.0336385911006001	0.1429297156126806	0.01265449826729222	0.01517739338732413	0.04979549571189793	0.0280173035222306	0.03036175376401016	0.07931488955866252	-0.01635853411268856	0.01925871977803492	0.07351977941733402	0.01121658333563226	0.1836489289969717	0.06007673205856721	0.01075785243076481	0.04466767296695691	0.01226590210680972	0.08781506310331551	0.168053318161578	0.03375912010152887	0.1328295669977111	0.01269128847294602	0.01516868526313762	0.05150020446611357	0.03707152467375257	0.04434589244271452	0.02182593090883019
0.4656991044406981	-0.3111429374785574	0.6861448970570126	1.006451186284776	0.4290002270316661	0.2058739135867123	0.2433788141073944	-0.04374551019499472	-0.6685521238648214	0.08829884249562536	-0.6509245517157738	-0.05735940869449366	1.457655308512526	0.1148001232358188	-0.6588040226389428	3.197501632150589	0.07498123908396598	-1.637840661364462	-5.880682149600259	2.070727543076512	1.263191790957223	0.01869483786985358	0.07245128909013471	0.0112017761078928	0.1831878607238924	0.05501116518473334	0.01080309769666166	0.05020375432623473	0.02142209018348438	0.08830542354038973	0.1888512194557693	0.03365015764946935	0.1422258475301324	0.01265655598232187	0.01517563723804217	0.04992219904245473	0.02881106134062714	0.03160993787701748	0.07495321343464108	-0.01574559996864679	0.01938491870469509	0.07342364271233702	0.01123165091512081	0.1835902793504124	0.06044700664678585	0.01077023953941139	0.04403935952796732	0.01226540729408909	0.08767641380553932	0.16661230870785	0.03379615331536182	0.1323743474894171	0.01266550434713427	0.01514619635152627	0.0512529317066644	0.03784429400958433	0.04621624183988422	0.02162027294684066
0.4670109329039113	-0.3111849244228405	0.68805570046267	1.006610353474567	0.4280945644665732	0.2100311252363106	0.2434337174214413	-0.04587357963010286	-0.6762303430978058	0.09096294181109375	-0.649231792635055	-0.0062287874353282	1.455588566351224	0.1277593409551414	-0.7224871729945251	3.139969216417236	0.008310372390728364	-1.606528858664879	-5.825455473358148	1.990934474919726	1.31695689700781	0.01875956630170569	0.07252214792495984	0.0112050565692017	0.1832118763380846	0.05545754657742953	0.01080077713554613	0.04968404976320967	0.02064089972012763	0.08825333247710415	0.1873829158533306	0.03366383918266962	0.1415382027187552	0.01265618875806733	0.01517208647089459	0.0500188566740777	0.02960166442524408	0.03290660090734828	0.07087294215622131	-0.01513266582460501	0.01951111763135525	0.07332750600734	0.01124671849460935	0.1835316297038529	0.0608172812350045	0.01078262664805797	0.04341104608897772	0.01226491248136846	0.08753776450776314	0.1651712992541221	0.03383318652919477	0.1319191279811232	0.01263972022132253	0.01512370743991491	0.05100565894721523	0.03861706334541608	0.04808659123705393	0.02141461498485113
0.4683227613671245	-0.3111584048103414	0.6899639855928884	1.006786109002952	0.4271035475367067	0.2141109290533194	0.2433997958028164	-0.04796033607292358	-0.683836189055006	0.09352252759438259	-0.6474710253476618	0.04690703114893652	1.453804548406024	0.1400922675855964	-0.7887349126592533	3.079716413724887	-0.06024504133185303	-1.5748688321365	-5.770381613414393	1.911474780757239	1.366812996890941	0.01882550774325901	0.07257983404877044	0.01120925417773072	0.1832350125608376	0.05590220594561762	0.01079973922784127	0.04916016122921558	0.01992556588337192	0.08818877952209138	0.1859077269805677	0.03368073024465699	0.1408519439628378	0.01265424477454494	0.01516750214925943	0.05007812267053147	0.03039601904221668	0.03425408313296607	0.06705752839575795	-0.01463721674375791	0.01954429004313001	0.07322211268203505	0.0112592654500286	0.1836095150382956	0.06130480443673621	0.01079496315487192	0.04290770309777397	0.01227707374574083	0.08723982117582121	0.1635489858007615	0.03390046662191918	0.1310650998917192	0.01262829632009177	0.0151149700306102	0.05051696437046228	0.03954580582121525	0.05011920424600933	0.02117334594451716
0.4696345898303378	-0.3110612091025622	0.691870093613304	1.006977636064437	0.4260243341930395	0.2181103504073112	0.2432750827829751	-0.05000536555985954	-0.6913699592765478	0.09597823544677225	-0.6456475218726939	0.1015232509334484	1.452269367515351	0.1518044554421347	-0.8569505053964329	3.017418951520932	-0.1301092518002946	-1.542912378248213	-5.715569557755188	1.832563261789446	1.4126038345417	0.01888862556508043	0.072624998777611	0.01121418148339119	0.1832616767678667	0.05634986614558284	0.01079987130954578	0.04863735937651983	0.01927137958096907	0.08810681565339037	0.1844202910049227	0.03370180562306286	0.1401535098218217	0.01265147509916918	0.01516255873375883	0.0500934201161827	0.0312002250675069	0.03565444172836925	0.06349098829991873	-0.01414176766291081	0.01957746245490477	0.07311671935673007	0.01127181240544784	0.1836874003727382	0.06179232763846793	0.01080729966168588	0.04240436010657023	0.0122892350101132	0.08694187784387927	0.161926672347401	0.03396774671464358	0.1302110718023153	0.01261687241886101	0.01510623262130547	0.05002826979370932	0.04047454829701442	0.05215181725496473	0.02093207690418319
0.4709464182935511	-0.3108916223268745	0.6937743362497006	1.007184122854461	0.4248546029995441	0.2220269988273462	0.2430581105083413	-0.05200830454002514	-0.6988320431287751	0.09833087304060767	-0.6437666725788831	0.15710809318277	1.450949774793155	0.1629016761704355	-0.9265441314606038	2.953733645410726	-0.200721047625157	-1.510723031498438	-5.661121996247842	1.754393600824235	1.454229185801063	0.01894492750798496	0.0726583805709921	0.01121963278189618	0.1832961256475916	0.05680507240182217	0.0108010627096944	0.0481174858143044	0.0186736769035569	0.08800733578435439	0.1829155159696966	0.03372823865933949	0.139430046775877	0.01264862751246602	0.01515790891832954	0.05005740240748636	0.03202159333680255	0.03710846180406061	0.06015795597876755	-0.0137402869005678	0.01951319800531411	0.07300519939345541	0.01128117704816924	0.1839030794163249	0.06239938953068766	0.01081948070179136	0.04194829976372925	0.01230966869418723	0.08660651318960612	0.1601255652904827	0.03407129568543878	0.1289622997873545	0.01262073359036155	0.01511164829411054	0.04927053922422736	0.04159708612671208	0.0543203541815562	0.02066341649939453
0.4722582467567642	-0.3106487984957899	0.6956769684064638	1.007404767868262	0.4235930470918547	0.2258595961872025	0.2427483634714984	-0.05396892035946659	-0.7062230014313965	0.1005815558785691	-0.6418339342065408	0.2131797023831319	1.449814047142338	0.1733899353504504	-0.9969455066049625	2.889275581638556	-0.2715526874420909	-1.478386930417034	-5.607132286026892	1.677124101251992	1.491713382760548	0.01899087344585383	0.07268064186519049	0.01122542600415168	0.1833422531529937	0.05727188080962193	0.01080321547011551	0.04760219443947664	0.01812825444418724	0.08789024314038503	0.1813887039823167	0.03376107412042713	0.1386698071827828	0.01264636421437972	0.015154131142906	0.04996347790389401	0.03286658403968121	0.03861683260574126	0.05704372266763894	-0.01333880613822479	0.01944893355572345	0.07289367943018074	0.01129054169089064	0.1841187584599116	0.06300645142290739	0.01083166174189684	0.04149223942088828	0.01233010237826125	0.08627114853533295	0.1583244582335644	0.03417484465623399	0.1277135277723938	0.0126245947618621	0.0151170639669156	0.04851280865474539	0.04271962395640973	0.05648889110814766	0.02039475609460586
0.4735700752199775	-0.3103323061087448	0.6975782175945291	1.007638774907715	0.42223885356361	0.2296073927833366	0.2423457799515187	-0.05588706029593083	-0.7135434748992533	0.1027315287978114	-0.6398547136008232	0.2692752514482014	1.448831457888676	0.183275446054848	-1.067600352491006	2.824634319109227	-0.3420977324128197	-1.445997641563851	-5.553689828121246	1.600891954496571	1.525147008495184	0.01902377974732579	0.07269237241804911	0.01123139640244359	0.1834021979136315	0.05775337004194037	0.01080624116207976	0.0470899419442535	0.01763098542415896	0.08775932128610915	0.1798375309061506	0.0338013284973101	0.1378639075310537	0.0126452680130426	0.01515172484749014	0.04980629540311214	0.0337428435891067	0.04018069750157226	0.05413396535945349	-0.01301923727850224	0.0193021756616595	0.07277505802231408	0.01129687241688004	0.1844235339690613	0.06371444727469358	0.01084377187040361	0.04100719761863084	0.01235560313524436	0.08600106735148212	0.1564123957324616	0.03431539174573903	0.1261386553979552	0.01264282374677813	0.01513560225782837	0.04750817476963599	0.04407398789136363	0.05880617776370041	0.02009991438111188
0.4748819036831907	-0.3099424858308119	0.6994782596002772	1.007885359136905	0.4207921442057882	0.2332706203373523	0.2418511422575891	-0.05776274424585498	-0.7207942526222519	0.1047822446833871	-0.6378341474005507	0.3249746407138102	1.447973589668808	0.1925649872441167	-1.137994175122877	2.760342501814181	-0.4118975217502737	-1.413658977833325	-5.500874879800154	1.525797859877353	1.5547484452517	0.01904126491828809	0.07269410141795682	0.01123739816068457	0.1834779153879625	0.05825228735392725	0.01081006151792059	0.04657934200193483	0.01717816159116493	0.08761798386483527	0.1782598520294115	0.03384990658686727	0.1370042200613339	0.01264585500027891	0.01515113263032982	0.04958103361383631	0.03465712723880067	0.04180106203293689	0.05141509708418376	-0.01269966841877968	0.01915541776759553	0.07265643661444744	0.01130320314286943	0.184728309478211	0.06442244312647977	0.01085588199891038	0.04052215581637339	0.01238110389222746	0.08573098616763128	0.1545003332313588	0.03445593883524408	0.1245637830235166	0.01266105273169416	0.01515414054874113	0.04650354088452659	0.04542835182631753	0.06112346441925316	0.01980507266761791
0.4761937321464039	-0.3094800360997859	0.7013772458822801	1.008143741782797	0.4192534816243579	0.2368499635634798	0.2412656230658034	-0.05959608474158205	-0.7279761915794676	0.106735234793031	-0.6357771554789284	0.3798813193916104	1.447213338291283	0.2012657251322738	-1.20763652094327	2.696901668879406	-0.4805196766298938	-1.381476016457926	-5.448761666135218	1.451919521830143	1.580781644030418	0.01904201219832874	0.072686162266935	0.01124331728756246	0.183569523020874	0.05877027431091431	0.01081460795427438	0.04606756189990945	0.01676588952383896	0.08747009358417626	0.1766554652806615	0.03390755337971305	0.1360854154641855	0.01264854533997725	0.0151527163803152	0.04928519555082667	0.03561641310708113	0.04348077426063932	0.04887385691993348	-0.01245875491861931	0.018947482090385	0.07252638729027111	0.01130702402455241	0.1850683628197516	0.06520769440136653	0.01086803545865809	0.03997109118757129	0.01240296560495269	0.08554255901671286	0.1525345381046276	0.03463090544331175	0.1227340440733257	0.01269216392195351	0.01518455169798205	0.04530340485231363	0.04703042330477696	0.06363661357488078	0.01948296906701963
0.4775055606096172	-0.3089463062273064	0.7032752829071094	1.008413157381805	0.4176242404833613	0.2403469284932317	0.2405911036514002	-0.06138737672174653	-0.7350902678789268	0.1085921314956078	-0.6336881310865372	0.4336476016590144	1.446526362196632	0.2093857120914236	-1.27608930206781	2.634749410001631	-0.5475863337218975	-1.34955225122501	-5.397412179115176	1.379294850652222	1.603584816354434	0.01902485094873508	0.07266885396775323	0.01124905289084337	0.1836771270430977	0.05930879514446094	0.01081981977038067	0.04555205860510687	0.01639068123496437	0.08731913699562777	0.1750241833825098	0.03397493162844427	0.1351026054945255	0.01265371105676433	0.01515679675840044	0.04891650631833075	0.03662686069489329	0.04522233966957889	0.04649777188438228	-0.01221784141845895	0.01873954641317448	0.07239633796609479	0.0113108449062354	0.1854084161612921	0.0659929456762533	0.01088018891840581	0.03942002655876919	0.01242482731767792	0.08535413186579445	0.1505687429778963	0.03480587205137942	0.1209043051231347	0.01272327511221286	0.01521496284722297	0.04410326882010069	0.04863249478323639	0.06614976273050838	0.01916086546642135
0.4788173890728304	-0.3083429388087165	0.7051724564662041	1.00869284770763	0.4159061669378677	0.2437633897520979	0.2398297837236038	-0.06313700506749792	-0.7421375090241346	0.1103545913859006	-0.63157115766534	0.485950295630582	1.44588974115915	0.2169334627541387	-1.342941906252287	2.574291473256144	-0.6127469027893079	-1.317988028874462	-5.346881651685498	1.307943279818171	1.623514695418411	0.0189895323049823	0.07264225719854039	0.01125453134307538	0.1837996222769577	0.05986843644203699	0.010825661498938	0.04503053542572057	0.01604934274011419	0.08716894525527567	0.1733668665224447	0.03405249754846993	0.1340528936510791	0.0126616498484155	0.01516364560415217	0.04847528196740607	0.0376936176897875	0.04703074281530705	0.04427483989147143	-0.01204268244369604	0.01849010064793884	0.07224964568485694	0.01131263703594334	0.1857466928675386	0.06683563791334195	0.01089287378415618	0.03880583890407403	0.01244548040132538	0.08526102392289631	0.1485810907820796	0.03501124938370583	0.1188716970662371	0.01276608111403629	0.01525656192623674	0.04276900591703369	0.05046804904427159	0.06892440914041791	0.01881351889056299
0.4801292175360436	-0.3076720996017474	0.7070688147466496	1.008982070258517	0.4141016765526317	0.2471018771544164	0.2389844293450594	-0.0648455223289176	-0.7491190273418801	0.1120242770409717	-0.6294296771558169	0.5365143872408212	1.445283397000697	0.223918442598511	-1.407839514471194	2.515871281140297	-0.6757043816672821	-1.286874722378411	-5.297211841417936	1.237852216248719	1.640948067899383	0.01893583251938758	0.07260644387479262	0.0112596874769838	0.1839359970289402	0.06044972077297706	0.01083210174829398	0.04450093120745516	0.01573901787629189	0.08702297667154758	0.1716843075906626	0.03414065658006862	0.1329336098694334	0.01267262525466626	0.01517350374178824	0.04796176817754187	0.03882122012061821	0.04891036717758104	0.04219385559704658	-0.01186752346893313	0.01824065488270321	0.07210295340361908	0.01131442916565127	0.1860849695737851	0.06767833015043061	0.01090555864990654	0.03819165124937886	0.01246613348497284	0.08516791597999818	0.1465934385862629	0.03521662671603223	0.1168390890093394	0.01280888711585973	0.01529816100525052	0.0414347430139667	0.0523036033053068	0.07169905555032743	0.01846617231470464
0.4814410459992568	-0.306936184382022	0.7089643889997262	1.009280091016533	0.4122134830154537	0.2503652072926506	0.2380580546563341	-0.06651355900464474	-0.7560359683600535	0.1136028347457355	-0.6272668036986527	0.5850876686992555	1.444688635426898	0.2303505764863506	-1.470454400284742	2.459803021804532	-0.7361870711070702	-1.256298669159142	-5.248435421893896	1.169001726307697	1.656222557543491	0.01886408070653385	0.07256121842012693	0.01126447834407631	0.1840843506701316	0.06105269985641183	0.01083909454835007	0.04396525054543496	0.01545749595968763	0.08687978569218255	0.1699781071626627	0.03423960704354193	0.1317433304195651	0.01268684599685071	0.01518660094586703	0.04737855682666042	0.04001289938401542	0.05086736288863701	0.04024436517198535	-0.01173659566783485	0.01796215092003845	0.07193283616667541	0.01131460738454423	0.1863928017581406	0.0685674918983654	0.01091840481788118	0.03761074527745099	0.01249674429513381	0.08504492478826717	0.1446094340673605	0.03544804981726338	0.1146369050241732	0.01286249861516015	0.01535101795972356	0.04002485559482936	0.05434907672716079	0.07478730788671321	0.01810238993770705
0.4827528744624701	-0.3061379921181392	0.7108591801161834	1.009586194115843	0.410244827150337	0.2535566980348245	0.2370541069759475	-0.06814188683820115	-0.7628895177381039	0.1150918644621038	-0.6250851665986362	0.6314613199320724	1.444089435220162	0.2362406954330513	-1.530511540358934	2.406345686727767	-0.7939713564041881	-1.226335037143917	-5.200565607633904	1.101358775957288	1.669554922254696	0.01877456627981696	0.07250640436412745	0.01126886593040604	0.1842429447008225	0.06167741911045607	0.01084659921524406	0.04342529290719126	0.01520280137137092	0.08673806738439349	0.1682497415847646	0.03434952470812884	0.1304807292327023	0.01270449679702379	0.01520314073193036	0.0467279423704352	0.04127149469940052	0.05290713525303894	0.03841666744696769	-0.01160566786673656	0.0176836469573737	0.07176271892973177	0.01131478560343718	0.186700633942496	0.0694566536463002	0.01093125098585581	0.03702983930552312	0.01252735510529479	0.08492193359653616	0.1426254295484581	0.03567947291849453	0.112434721039007	0.01291611011446057	0.01540387491419661	0.03861496817569204	0.05639455014901477	0.07787556022309899	0.01773860756070945
0.4840647029256833	-0.3052804950996164	0.7127531755550253	1.009899673361346	0.4081991789926512	0.2566798819647503	0.2359762188883125	-0.069731340972505	-0.7696808674622243	0.116492935685769	-0.6228872480502676	0.6754459533590422	1.44347100458618	0.2416000805195351	-1.587759887825708	2.355734366329714	-0.8488551055112814	-1.197053716087713	-5.153599188510029	1.03488968809064	1.680972812949841	0.01866791731773263	0.07244139011998227	0.01127282811822814	0.1844089091944771	0.06232398910438351	0.01085472139405998	0.04290193171194194	0.01497359441401048	0.0865824787518082	0.166501475746722	0.03447039318529364	0.129145295438553	0.01272570301152714	0.01522333254667482	0.04601414610120005	0.04259994529566175	0.05503582243891937	0.03670202986904657	-0.01149524392892176	0.01738429054289492	0.07155775420967851	0.01131365843657072	0.1869408905328367	0.07039411074915781	0.01094750235542648	0.0369472948878992	0.01257992777772846	0.08439625550978772	0.140670569740148	0.0359326245016381	0.1100855161323628	0.01297943013537604	0.01546839739435719	0.037180013036224	0.05865776507811602	0.08130651606363007	0.01737288729952774
0.4853765313888966	-0.3043669653761578	0.7146463389042073	1.010219843069101	0.4060804082060726	0.2597386652671376	0.2348283416995425	-0.071282869273623	-0.7764111712693755	0.1178075579108603	-0.6206759094754236	0.7168881981224166	1.442820840154964	0.2464409039918059	-1.641993537695041	2.308161161211586	-0.9006760106438441	-1.168513708638266	-5.107495638876317	0.9695595315032776	1.690014954313317	0.0185446892225441	0.07236562498654901	0.01127634533179924	0.1845796200003534	0.06299250796539899	0.01086355457099583	0.04241389236788025	0.01476867701888969	0.08639917078130123	0.1647353992540411	0.03460219715542715	0.1277365373480392	0.01275057552811113	0.01524736186132594	0.04524093714350615	0.04400082979956395	0.05725881470190178	0.03509238608504336	-0.01138481999110696	0.01708493412841613	0.07135278948962526	0.01131253126970425	0.1871811471231774	0.07133156785201543	0.01096375372499714	0.03686475047027529	0.01263250045016213	0.08387057742303929	0.1387157099318378	0.03618577608478168	0.1077363112257187	0.01304275015629152	0.01553291987451778	0.03574505789675596	0.06092098000721727	0.08473747190416114	0.01700716703834603
0.4866883598521098	-0.3034008162072273	0.7165386218359051	1.010546027659563	0.4038925752431806	0.2627371503541142	0.233614575091428	-0.07279747565426074	-0.7830815271977373	0.1190372115242268	-0.6184554196455502	0.7556440083772479	1.442126550351842	0.2507751344430408	-1.693016710494207	2.263820193859271	-0.9492832855655726	-1.140773974147167	-5.062209795610747	0.9053461426527695	1.695676322168276	0.01840714208136311	0.07227877552769778	0.01127949136763258	0.1847502275894508	0.06368102723780489	0.01087305242057008	0.04195060116924807	0.01458563140269206	0.08620574571774171	0.1629549228914181	0.03474471710063045	0.1262556350236154	0.01277892195012208	0.01527534374349723	0.04441377534886457	0.04547810384447429	0.05958006195712523	0.03358086113941009	-0.01127120481136389	0.0168046345684496	0.07111785674637587	0.01131217933267723	0.1872818125482242	0.07226587168363249	0.01098038404372933	0.0365939979835405	0.01267776747386952	0.08375518383551168	0.136831930852378	0.03645579260391552	0.1052878580207536	0.01310905993555877	0.01560775290194242	0.03433129348570356	0.0634406458694159	0.08848662901278505	0.01666018079507105
0.488000188315323	-0.3023855920528513	0.7184299645879949	1.010877576881396	0.4016399223815123	0.2656795228513636	0.2323391559212922	-0.07427622191448274	-0.7896930674889692	0.120183370178436	-0.6162261034435146	0.7917074097256197	1.441387452290878	0.2546197646177287	-1.740817279385193	2.222612491653946	-0.9946708642386751	-1.113841744109868	-5.017825931527109	0.8422639848140911	1.703471549380271	0.01825728172038216	0.07218054106342056	0.01128233154188962	0.1849162981904932	0.06438780869483335	0.01088317394593593	0.04150256778999368	0.0144223050614768	0.08601809237351715	0.1611631934600739	0.03489775703445232	0.1247036471933035	0.01281057186270317	0.01530738002025925	0.04353755574566904	0.04703523960695877	0.06200302798265008	0.0321611231025937	-0.01115758963162082	0.01652433500848306	0.0708829240031265	0.0113118273956502	0.1873824779732711	0.07320017551524957	0.01099701436246152	0.03632324549680571	0.01272303449757691	0.0836397902479841	0.1349481517729183	0.03672580912304935	0.1028394048157886	0.01317536971482602	0.01568258592936706	0.03291752907465116	0.06596031173161454	0.09223578612140895	0.01631319455179608
0.4893120167785362	-0.301324856997718	0.7203203053206156	1.011213854280443	0.3993267232465613	0.2685699205972354	0.2310063407295165	-0.075720185700468	-0.7962469985464165	0.1212475139626245	-0.6139842766476841	0.8249916205002263	1.440594874799179	0.2579873311008206	-1.785270672280193	2.184646004040951	-1.036750982006281	-1.087764918419259	-4.97437340647139	0.7803032917098041	1.714029996180578	0.01809734955766716	0.07207058471509718	0.01128490556465687	0.1850709204936789	0.06511008800437219	0.01089392802207707	0.0410479047809535	0.01427490012122709	0.08583983481829031	0.1593649013736431	0.03506092125446414	0.1230841473311258	0.01284529248406888	0.01534351451300647	0.04261837902242081	0.04867764638986555	0.06453171283715987	0.03082781160820637	-0.01092016313785375	0.01627113687474317	0.07061671447431521	0.01131176063366235	0.187261274005437	0.0741028746019478	0.01101509311273541	0.03555291727591518	0.01272081918279924	0.08363147129284269	0.1331848404955636	0.03700768496974791	0.1003647268030886	0.01324302902769187	0.0157665458817731	0.03156038440878806	0.06879082314470915	0.09632521093950847	0.01600160277816871
0.4906238452417495	-0.3002223736489421	0.7222095611664131	1.011554242646537	0.3969575361574978	0.2714128276195981	0.229620583775699	-0.07713054929384094	-0.8027444955428585	0.1222311028543409	-0.6117300323013014	0.8553564234524349	1.439733445326098	0.2608873016994537	-1.826175930505793	2.150208629279111	-1.075385323034267	-1.062615241767152	-4.931787150245579	0.7194508331645316	1.722403218075446	0.01792933609477108	0.07194860261248386	0.0112872485870258	0.1852077745820989	0.06584539973225045	0.01090532250085603	0.04056699496871982	0.01414004297561059	0.08567424373820891	0.1575643729916475	0.03523385717049562	0.1214003934643647	0.01288287767584378	0.01538378592130805	0.04166172771361802	0.05041007283661755	0.06716962472132568	0.02957599977709672	-0.01068273664408668	0.01601793874100329	0.07035050494550391	0.0113116938716745	0.187140070037603	0.07500557368864602	0.0110331718630093	0.03478258905502464	0.01271860386802157	0.08362315233770128	0.1314215292182089	0.03728956081644645	0.09789004879038857	0.01331068834055771	0.01585050583417913	0.03020323974292495	0.07162133455780377	0.100414635757608	0.01569001100454135
0.4919356737049627	-0.2990819795955263	0.7240976398599077	1.011898135268955	0.3945370307348953	0.2742128788631685	0.2281864104191115	-0.07850853601452071	-0.8091866963707645	0.1231355880045793	-0.6094658705211079	0.8827906698818399	1.438799125716916	0.2633352913444114	-1.863507594688258	2.119304741156212	-1.110569728158512	-1.038405487242101	-4.890062739491548	0.6596903550024465	1.729319002731021	0.01775470886358935	0.07181398846220066	0.01128932518170544	0.1853186537910765	0.06659119822760173	0.01091743404918682	0.04007382658969118	0.01401661576583469	0.08551942838279382	0.1557670854786671	0.03541613685262624	0.1196564565184627	0.01292323739685751	0.0154283037322589	0.04067341693647103	0.05223790424495802	0.06992402295506142	0.02840151211390734	-0.01042358181047768	0.01578244780527044	0.07004486507068106	0.01131036677042733	0.1867303328758612	0.07587106293194067	0.01105426077395985	0.03429912263435536	0.0127157878999806	0.0835899551642325	0.1298172951445938	0.03758103753022233	0.09541619564308142	0.01338205331642403	0.01594526125566817	0.02891735743139288	0.0747879438417738	0.1049489924260759	0.01542638268292683
0.493247502168176	-0.2979075083135029	0.7259844434940621	1.012244953814464	0.3920698895808647	0.2769746893913431	0.2267083271133739	-0.07985537973190265	-0.8155747037411357	0.1239623565747343	-0.6071934046794472	0.9073102114145493	1.437789503329173	0.265348133125978	-1.897276280537725	2.091907232773447	-1.142329974042975	-1.015134944482269	-4.849164369622712	0.6009649430111045	1.735063503550763	0.01757477148192955	0.07166619585799555	0.01129110399713795	0.1853960496804996	0.06734521316709276	0.01093033050869792	0.03958093590691909	0.01390362514370666	0.08537368107899049	0.1539780882939845	0.03560737922120754	0.1178560577805578	0.01296629189472167	0.01547716481878684	0.03965867955708315	0.0541658614935015	0.07280127821768098	0.02730051589199042	-0.01016442697686868	0.01554695686953758	0.06973922519585821	0.01130903966918016	0.1863205957141195	0.07673655217523531	0.0110753496849104	0.03381565621368608	0.01271297193193963	0.08355675799076372	0.1282130610709787	0.03787251424399821	0.09294234249577429	0.01345341829229036	0.01604001667715722	0.02763147511986081	0.07795455312574381	0.1094833490945439	0.0151627543613123
0.4945593306313892	-0.2967027727112914	0.7278698724231393	1.012594134971723	0.3895607771491482	0.27970284268862	0.2251908102439726	-0.08117231014564785	-0.8219095833744257	0.1247127481196526	-0.6049140746785628	0.9289402725656259	1.436702750678764	0.2669428203380936	-1.927505242963039	2.067977718542503	-1.170702268750128	-0.9927977938305986	-4.809052636262082	0.5432366436034799	1.739875159146296	0.01739086963462167	0.07150544150516029	0.01129257723699392	0.1854408588272314	0.06810642405650814	0.01094389212750192	0.03908845613280129	0.01380140152004636	0.08524954875840426	0.1521946117975249	0.03580737218091883	0.1159997439612801	0.01301215453251756	0.01553062381029164	0.03862274786708998	0.0561972267911063	0.07580722995032872	0.02626971205377267	-0.01034960297815481	0.01533182840559485	0.06941307874765036	0.01130694071738076	0.1858710900233213	0.07759336789010408	0.01109531059648942	0.0333359451978314	0.01273833233252846	0.08387231903820344	0.1265421776304422	0.03817712170484079	0.0903852113460577	0.01353276170762475	0.01614929842351201	0.02642295956187961	0.08143159752571252	0.1144641016381785	0.01495548892273696
0.4958711590946024	-0.2954715388116419	0.7297538243032853	1.012945144374445	0.3870143123689486	0.2824018510921768	0.2236382703936536	-0.0824605454986788	-0.828192337451628	0.1253880492349443	-0.6026288422294367	0.9477092398485422	1.435537610106778	0.2681354566844534	-1.95422328170059	2.047473231238157	-1.195725645820539	-0.9713867548396224	-4.769694290092117	0.4864828545413047	1.744062314777782	0.01720419885177618	0.07133191949880853	0.01129373799913335	0.1854538954924495	0.06887392108496475	0.01095801293424215	0.0385965066339239	0.01371023651784959	0.08515834883024055	0.1504141023692617	0.03601592680691424	0.1140880058041706	0.01306092562926157	0.01558890613874566	0.03757033347751469	0.05833486522416899	0.07894699934102137	0.02530607521019668	-0.01053477897944095	0.01511669994165212	0.0690869322994425	0.01130484176558137	0.1854215843325231	0.07845018360497286	0.01111527150806844	0.03285623418197672	0.01276369273311729	0.08418788008564317	0.1248712941899057	0.03848172916568338	0.08782808019634113	0.01361210512295915	0.01625858016986681	0.0252144440038984	0.08490864192568122	0.1194448541818132	0.01474822348416162
0.4971829875578156	-0.2942175486622358	0.7316361957688186	1.013297461481066	0.384435089606872	0.2850761904061646	0.2220550852213909	-0.08372129765338128	-0.834423937659871	0.1259895303880181	-0.6003384324598378	0.9636390730054334	1.434292789895442	0.2689414796808275	-1.977452421820733	2.030360597507806	-1.217431292800375	-0.9508951115316094	-4.731036874466726	0.4306871890277928	1.747570487944823	0.01701576425609509	0.07114552220645885	0.01129454243769346	0.1854408255099302	0.06965058586272375	0.01097274321028279	0.03812882511812254	0.01363124991356205	0.08504687157766438	0.1486310965001471	0.03623307433166605	0.1121206047486511	0.01311351925490394	0.01565235899680951	0.0365062391869244	0.06057923421265209	0.08222599215810775	0.02440630350648183	-0.01068723183619908	0.01491912268745692	0.06873280927850958	0.01130112764589462	0.1850829096416589	0.07939392470917231	0.01113748555803732	0.03294765678800985	0.01283641978485284	0.08316623362990985	0.1230456613716377	0.03880448541898075	0.08516866909267019	0.01371800789315349	0.01638547270822002	0.02409086446490718	0.08864314001979899	0.1248929846524127	0.01458756869462201
0.4984948160210289	-0.2929445188143265	0.7335168809494187	1.01365059171389	0.3818276785610525	0.2877303003126708	0.2204455931069492	-0.08495576752948628	-0.8406052134507198	0.1265184394434701	-0.5980446092539978	0.9767369660029757	1.432966717852769	0.2693751399994254	-1.997198845239567	2.016631687192477	-1.235832935669649	-0.9313170675980981	-4.692970207903692	0.3758401888452272	1.74926640343272	0.0168264588038531	0.07094615193006813	0.01129495173997002	0.1854068298257602	0.07043899152043512	0.01098812744876161	0.03770667016361358	0.01356543285562683	0.08486711635110873	0.1468405611953767	0.03645884236178729	0.11009731098253	0.01317074444531677	0.01572128976784455	0.03543479033983787	0.06293071596509207	0.08564895048591038	0.0235673845249144	-0.01083968469295721	0.01472154543326171	0.06837868625757668	0.01129741352620788	0.1847442349507948	0.08033766581337175	0.01115969960800621	0.03303907939404298	0.01290914683658839	0.08214458717417653	0.1212200285533698	0.03912724167227812	0.08250925798899925	0.01382391066334782	0.01651236524657323	0.02296728492591595	0.09237763811391678	0.1303411151230121	0.0144269139050824
0.4998066444842422	-0.2916561620882858	0.7353957725744383	1.014004052655073	0.3791966461543312	0.2903686176235839	0.2188141235030511	-0.08616515107449987	-0.8467368905762044	0.1269760204233502	-0.5957502769498016	0.9870125090393985	1.431558126843598	0.2694501787088938	-2.013472792716263	2.006274462958624	-1.250946638020159	-0.9126453109982604	-4.655397816971398	0.3219454086269363	1.748221610221526	0.01663740378961839	0.07073464605135242	0.01129493396557502	0.185349821392706	0.0712368743790127	0.01100410008566014	0.03731640658174015	0.01351104661281471	0.0846619896233833	0.1450444259085633	0.03669331802565554	0.1080206636661818	0.01323479755322067	0.01579587265262556	0.03436081223696515	0.06538632666525845	0.08921990955370677	0.02278535940645182	-0.01077272743973568	0.01454789376751893	0.06802048647802529	0.01129218717304695	0.1842994787476764	0.08124819980027034	0.01118174449556337	0.03289149908284852	0.01296859366671142	0.08211821491034947	0.1194379499730998	0.03946962696158448	0.07982443022716422	0.01398891623952345	0.01665424984171008	0.02194541221328481	0.09628766902729423	0.1362515713280533	0.01428751910454732
0.5011184729474554	-0.290356158576355	0.7372727621816394	1.014357385525551	0.3765465200056017	0.292995532409502	0.2171649602429357	-0.08735062617273187	-0.8528195822367921	0.1273635397150106	-0.5934589960279163	0.9944935346591665	1.430066921487728	0.2691798843232138	-2.026308965296072	1.999247516157979	-1.262808499523921	-0.8948664995592558	-4.61828747890018	0.269024867125311	1.744614298071622	0.01644959521585738	0.07051175763776793	0.01129446083634792	0.1852678872131087	0.07204221446859822	0.01102060310060933	0.03694581525075013	0.01346654857384869	0.08447020068941738	0.1432444681117172	0.03693657868064169	0.1058929854756641	0.01330762231116897	0.01587626177094692	0.03328864848575915	0.06794343203323867	0.09294241419420714	0.02205664220219441	-0.01070577018651416	0.01437424210177616	0.06766228669847391	0.01128696081988603	0.183854722544558	0.08215873378716894	0.01120378938312051	0.03274391877165407	0.01302804049683445	0.08209184264652242	0.1176558713928299	0.03981201225089084	0.07713960246532919	0.01415392181569908	0.01679613443684692	0.02092353950065367	0.1001976999406717	0.1421620275330944	0.01414812430401223
0.5024303014106687	-0.2890481586179333	0.7391477415058583	1.014710143225954	0.3738817902950562	0.2956153906203785	0.2155023494577208	-0.08851335685552769	-0.8588538849207094	0.1276822744156839	-0.5911739656211867	0.9992169960453952	1.428493499098347	0.2685777408227881	-2.035754677747779	1.995496515019608	-1.271464926688572	-0.8779606649922553	-4.581617926596881	0.217064876686615	1.738841958838019	0.01626381549445462	0.07027803090016702	0.01129350552260128	0.1851586293895598	0.07285385763739298	0.01103757943550325	0.03658217377386621	0.01342946077968713	0.08428887545121867	0.1414422296443715	0.03718883980808853	0.1037165674213766	0.01339323375317563	0.01596251590299787	0.03222289923954193	0.07060220560228762	0.09682434237695263	0.02137655827765494	-0.01134018989308386	0.014220919355607	0.06729565172124968	0.01128021689035145	0.1832864697149789	0.08305535939355647	0.01122560927836329	0.03233001808169804	0.01305095712422402	0.08201610542775854	0.1159123390581972	0.04017745992126803	0.07443142062873583	0.01442763797534011	0.01695104993029796	0.02001425633570135	0.1043525033075213	0.1486624342153476	0.01400066772231376
0.5037421298738819	-0.2877357433522044	0.7410206034812673	1.015061902064268	0.3712068556536419	0.2982324355325183	0.2138304515791237	-0.08965446125063477	-0.8648403606877152	0.1279334372943437	-0.5888975987178534	1.001225066438003	1.426838833731761	0.2676570291842056	-2.04186729653539	1.994958389964716	-1.276967505291603	-0.8618952874951378	-4.545371060182156	0.1660055693312993	1.731406011326032	0.01608075939402762	0.07003395530146508	0.0112920442672275	0.1850198489032184	0.07367077408998757	0.01105497859733517	0.03621409902052221	0.0133975867577192	0.08411541884051557	0.1396391302554575	0.03745029295125984	0.1014935072387442	0.01349518405841452	0.01605468693628227	0.03116770131419206	0.07336280068166244	0.1008726185861254	0.02074089702574214	-0.01197460959965356	0.01406759660943784	0.06692901674402543	0.01127347296081687	0.1827182168853998	0.08395198499994401	0.01124742917360607	0.03191611739174201	0.01307387375161359	0.0819403682089947	0.1141688067235646	0.04054290759164521	0.07172323879214247	0.01470135413498114	0.01710596542374899	0.01910497317074903	0.108507306674371	0.1551628408976007	0.01385321114061529
0.505053958337095	-0.2864224581339676	0.7428912419601919	1.015412249756038	0.3685260650851734	0.300850856041383	0.2121533834770371	-0.09077502724245554	-0.87077955643497	0.1281181857913778	-0.5866318548577875	1.000553489044538	1.425103849117707	0.2664303072298371	-2.044697475474905	1.997577270032001	-1.279359884610292	-0.8466372337508621	-4.509528993035961	0.1157920354281412	1.722792618028512	0.01590079428808004	0.0697800885261238	0.01129005727898933	0.1848531075547875	0.07449219520143678	0.01107273220211437	0.03584100593361172	0.01337001725833245	0.08395169604845056	0.1378331698874787	0.03772140974466934	0.09922469254220301	0.0136199421437809	0.01615277461258779	0.03012720682622545	0.07622775465393329	0.1050931026615842	0.02014509700625063	-0.01235621630814703	0.0139280242773768	0.06655634662647297	0.01126526924211718	0.1821394300050555	0.08483993015414881	0.01126855327532004	0.03147963351218549	0.01308655995496198	0.08192923274749021	0.1123664474015489	0.0409384173621	0.06896146314761946	0.0151548078224201	0.01727279829261735	0.01831316616086437	0.1129710784847584	0.1622440850623196	0.01368463008940972
0.5063657868003083	-0.2851117949411494	0.7447595522086826	1.015760794933274	0.3658436893432847	0.3034747546443348	0.2104751964870119	-0.09187608606311447	-0.8766719859564105	0.1282375820297596	-0.5843779251633952	0.9972275540178266	1.423289238038586	0.2649089339036576	-2.044284035291735	2.003310234964033	-1.278673350090717	-0.8321548584886757	-4.47407176016282	0.06637019471102655	1.713394257489633	0.01572424617481426	0.06951693236263552	0.01128752703014561	0.1846598319429572	0.07531743508026993	0.01109077973497196	0.03546237144159867	0.01334594645760087	0.08379938907548712	0.1360225081725765	0.03800260955793133	0.09691093341802999	0.01377322775219863	0.0162567785447224	0.02910514381366614	0.07919930546059623	0.1094909555748973	0.01958506319823496	-0.01273782301664051	0.01378845194531575	0.0661836765089205	0.0112570655234175	0.1815606431247112	0.08572787530835362	0.01128967737703402	0.03104314963262896	0.01309924615831036	0.08191809728598573	0.1105640880795331	0.04133392713255479	0.06619968750309646	0.01560826150985905	0.01743963116148569	0.01752135915097971	0.1174348502951459	0.1693253292270384	0.01351604903820415
0.5076776152635215	-0.2838072274000596	0.7466254300128009	1.016107155773607	0.363163969700982	0.3061082008333488	0.2087999190733589	-0.09295864267285271	-0.8825181458100784	0.1282926531082458	-0.5821366714996868	0.991262724129201	1.421395434919423	0.2631032261824857	-2.040653296990712	2.012125966769273	-1.274927563520028	-0.8184229838275696	-4.438982684970115	0.01772617285335853	1.703613236859561	0.01555134094315955	0.06924512194376126	0.01128447554083087	0.1844443575813302	0.07614564308265842	0.01110904804921655	0.03507357171063976	0.01332419371734857	0.08366566853081514	0.1342037373702873	0.03829453623879333	0.09455339034251675	0.01396421399238134	0.01636631689999108	0.02810566077323274	0.08228015090766734	0.1140643760282862	0.01905739239930906	-0.01215306278451071	0.013660767530675	0.06580904760775282	0.01124827161218056	0.1810627717891354	0.08660186933999588	0.01130974012901186	0.03048561782394611	0.0130921323362764	0.0821180557577294	0.1086560364679955	0.04176549334132744	0.06339515744853447	0.01632776136317369	0.01760967406771376	0.01686097940361306	0.1222264569198868	0.1768130894113628	0.01333733876925824
0.5089894437267347	-0.2825122154834722	0.7484887714996101	1.016450966913577	0.3604911197074038	0.3087552249902467	0.2071315608685866	-0.09402367069029344	-0.8883185112744784	0.1282844450573438	-0.5799081877189295	0.9826591486660052	1.41942239525203	0.26102168690183	-2.033810640240539	2.024011063205679	-1.26812439622409	-0.8054309503202707	-4.404254112121713	-0.0301045084018786	1.693925427183255	0.01538227887132771	0.06896522894866329	0.01128092229552202	0.1842106538174285	0.0769760596128282	0.01112747241566283	0.03467047147411714	0.01330371300304707	0.08355700005836389	0.1323737231772882	0.03859776226397692	0.09215312517106229	0.01420100260045589	0.01648105142668368	0.02713247529131261	0.0854726749219903	0.1188118219102946	0.01855903394280876	-0.01156830255238091	0.01353308311603424	0.06543441870658513	0.01123947770094362	0.1805649004535597	0.08747586337163814	0.01132980288098971	0.02992808601526326	0.01308501851424244	0.08231801422947309	0.1067479848564579	0.04219705955010009	0.06059062739397246	0.01704726121648832	0.01777971697394181	0.01620059965624641	0.1270180635446277	0.1843008495956871	0.01315862850031234
0.510301272189948	-0.2812302197704035	0.7503494727144527	1.016791870225922	0.3578293497626691	0.3114198466829065	0.2054741306086041	-0.09507213737773709	-0.8940735520696507	0.1282140517207127	-0.5776921419407125	0.9714188725653717	1.417370104129895	0.2586726460091772	-2.023761976783907	2.038950138198581	-1.258268145664897	-0.7931746255088991	-4.369877706831606	-0.07704807788013214	1.684785481914026	0.01521734042105325	0.06867762353939812	0.01127696044124418	0.1839583247466126	0.07780618086109728	0.01114600838519864	0.03425169931270633	0.01328387885356591	0.08347368347781452	0.1305348448884559	0.03891282367935312	0.08971462602467833	0.01449411123331452	0.01659975135308553	0.02618974416737638	0.08877656574611642	0.1237234305496513	0.01808795846818942	-0.01120068207910205	0.01341937284665344	0.06505342764299733	0.01123178259552897	0.1800188842584352	0.08828949913188008	0.0113491756594698	0.02931020787787405	0.01306625765378793	0.08257550500085686	0.1048887204805506	0.0426646360232238	0.05783642750373175	0.01809912954890528	0.01793211814622659	0.01568600275694013	0.1320739075107362	0.1919657357673987	0.01298951354761417
0.5116131006531612	-0.2799646981298818	0.7522074297036646	1.017129521561781	0.3551828639335861	0.3141060600398077	0.2038316306645833	-0.0961050145719466	-0.8997837197577925	0.1280827389990577	-0.575487493404447	0.9575429496391467	1.415238577596887	0.2560637570574086	-2.010508636693763	2.056929489300208	-1.245361792129026	-0.7816633724786525	-4.335841041425458	-0.1229815694468358	1.676549311039259	0.01505677424424678	0.06838263894239616	0.01127267242651915	0.1836870062637685	0.07863376876654743	0.01116461662443133	0.03381602802670403	0.0132641371753508	0.08341598395937631	0.1286892916531061	0.0392401969883154	0.08724201503594518	0.0148528104551346	0.01672132677695537	0.0252811837013118	0.09219156822201539	0.1287906150084372	0.01764234659830555	-0.01083306160582319	0.01330566257727264	0.06467243657940953	0.01122408749011431	0.1794728680633107	0.08910313489212204	0.01136854843794988	0.02869232974048484	0.01304749679333342	0.08283299577224064	0.1030294561046433	0.04313221249634752	0.05508222761349105	0.01915099788132223	0.01808451931851137	0.01517140585763385	0.1371297514768448	0.1996306219391104	0.01282039859491599
0.5129249291163744	-0.2787191083176218	0.7540625385261904	1.017463583273955	0.3525558668798604	0.3168178483018184	0.2022080618227827	-0.09712328573604787	-0.9054494537203102	0.1278918957308258	-0.5732929202271277	0.9410370289235517	1.413028050824502	0.2532027357775465	-1.994055513756681	2.077930554424305	-1.229413400633464	-0.7709131229629171	-4.302124861087494	-0.1677491629343351	1.669456282317383	0.01490095354670166	0.06808028711297609	0.01126821048127188	0.18338819133142	0.07945343112114506	0.01118330598028514	0.03336994598386536	0.01324526250887581	0.08337701581991139	0.1268483938649925	0.03957998155142135	0.08474457362483334	0.01528542490300949	0.01684362419577105	0.024410034948077	0.09571627099897488	0.1339924203329879	0.01722093161863042	-0.01024083228664884	0.01320908340639885	0.06427732059714152	0.01121917621345092	0.1786280014586852	0.0897709186222692	0.01138826604373227	0.02819603711884992	0.01304648801035711	0.08296053741645733	0.1014809040704128	0.04362742952421471	0.05251896688110337	0.02052719104681287	0.01819347968880475	0.01479564005053838	0.1424214216345243	0.2071084615917617	0.01267129415030643
0.5142367575795876	-0.2774968765340593	0.7559146964573132	1.017793732371009	0.3499525321929943	0.3195591379481716	0.2006073859555335	-0.09812796947769624	-0.9110711426948983	0.1276432180747908	-0.5711069347758474	0.9219315430346708	1.410739679453846	0.2500986244595423	-1.974433238898564	2.101906991992152	-1.210459402005289	-0.7609481309542581	-4.268690512468472	-0.2111552755708241	1.663456553400339	0.01475020918721841	0.06777057881354634	0.01126370935693012	0.1830540813353589	0.08026034434466491	0.01120208428386199	0.03291925646858055	0.01322794098234762	0.08335056933334517	0.1250225681319402	0.03993226546513284	0.08223083168071799	0.01579926248494764	0.0169647366279024	0.02357918377220525	0.09934946134828238	0.1393105401578422	0.01682257702707876	-0.009648602967474483	0.01311250423552505	0.0638822046148735	0.01121426493678753	0.1777831348540596	0.09043870235241637	0.01140798364951467	0.02769974449721498	0.01304547922738081	0.08308807906067403	0.09993235203618245	0.0441226465520819	0.0499557061487157	0.0219033842123035	0.01830244005909815	0.01441987424344291	0.1477130917922038	0.2145863012444129	0.01252218970569687
0.515548586042801	-0.2763013958430947	0.7577638020119984	1.018119654160512	0.3473769995150732	0.322333807549109	0.1990335255486016	-0.0991201057076662	-0.9166491371658395	0.1273385546321466	-0.5689281556009163	0.9002745254493485	1.408375218532691	0.2467616263432526	-1.951692775569513	2.128792337239628	-1.188556547400393	-0.751787313925281	-4.235489417451304	-0.2530760713207393	1.658370036047374	0.01460490076169962	0.06745340407028685	0.01125933430081618	0.1826747922014944	0.08104790101959655	0.01122099351971424	0.03247166596769029	0.01321326528513256	0.08332615246567524	0.1232261367470569	0.04029667944488626	0.07971302205597819	0.0163969626048181	0.0170821768854764	0.02279003354202192	0.1031016744183671	0.1447276320730466	0.01644619432876523	-0.009319831799194433	0.01303413645831509	0.06346991503034589	0.01121300518037069	0.1765654572684028	0.09090680406563414	0.0114288273595067	0.02737738005613721	0.01307235305326495	0.08296496696819568	0.09881509739359386	0.04463464834062424	0.04768791151168531	0.02350866688280134	0.0183520944434957	0.01415177456520429	0.1535584655982165	0.2218673811980456	0.01239277753832279
0.5168604145060142	-0.2751359442199218	0.7596097578447139	1.018441053889558	0.3448332830003568	0.3251455837780852	0.1974902681390383	-0.1001007553015239	-0.9221836865575477	0.1269799032355338	-0.5667557240548247	0.8761495399419453	1.405937646293335	0.2432043378774204	-1.925926648356452	2.158479369774696	-1.163802391680973	-0.743435726429978	-4.202454598044064	-0.2934647486887246	1.653779024492525	0.01446534690269464	0.0671286638830164	0.01125523158800285	0.1822412554243416	0.08181018367338357	0.01124007084496912	0.03203406628401431	0.01320220328160292	0.08329431002306333	0.1214722509729414	0.04067289490186535	0.07720238319829742	0.0170808013681281	0.01719374206857184	0.02204381748787855	0.1069822131900128	0.1502285480064782	0.01609080787456409	-0.008991060630914384	0.01295576868110514	0.0630576254458183	0.01121174542395385	0.175347779682746	0.09137490577885192	0.01144967106949874	0.02705501561505944	0.01309922687914909	0.08284185487571732	0.09769784275100528	0.04514665012916658	0.04542011687465491	0.02511394955329919	0.01840174882789326	0.01388367488696567	0.1594038394042292	0.2291484611516781	0.01226336537094871
0.5181722429692274	-0.2740037179348844	0.7614524695040064	1.018757648393688	0.3423253057812669	0.3279980895497182	0.1959813060017478	-0.1010709804474565	-0.9276749782995516	0.1265692940410507	-0.564589186345998	0.8496589208221664	1.403430580837252	0.2394405459915778	-1.897249637149983	2.190838607948625	-1.136316088312144	-0.7358922376712154	-4.16951614993875	-0.3322817244745849	1.649256691494754	0.01433178740729041	0.06679640267343315	0.01125154065627692	0.1817494386443499	0.08254139543580173	0.01125936542395673	0.03160830228148969	0.01319502345657625	0.08325444248931889	0.1197716956276807	0.04106028339416187	0.07471118814511628	0.01784753040419294	0.01729734938577948	0.02134012352582414	0.1109946034784166	0.1557986548267246	0.01575535686166605	-0.009291725714574154	0.01289423047956179	0.06263170848664359	0.01121417751416239	0.1739005329062487	0.09163765132528871	0.01147196151482007	0.02679560563671638	0.01313940900327871	0.08268817279561626	0.09695843918121175	0.04566777788313322	0.04348396864249413	0.02682626861625041	0.01839185878756541	0.01368658812410721	0.1656672599623241	0.2362158384490897	0.01215047831138872
0.5194840714324407	-0.2729077065200038	0.7632918498593316	1.019069180303211	0.3398567568608297	0.3308946876959231	0.1945100913206452	-0.1020318324570622	-0.9331230785758834	0.1261088026732513	-0.5624287585633264	0.8209367270548764	1.400858775097886	0.2354859585771681	-1.865814675440318	2.225702143931117	-1.106253013941961	-0.7291455416872504	-4.136605340235744	-0.3695145913557759	1.644463894728802	0.01420443448234961	0.06645666046688102	0.01124838493254283	0.1811956290528792	0.08323633453085426	0.01127892076818115	0.03119602096643563	0.01319196347447363	0.08320600918532775	0.118134345748234	0.04145828603316128	0.07225069646687814	0.01869424322256781	0.01739115320354249	0.0206785592349641	0.1151419857778484	0.1614251491804704	0.01543889207641224	-0.009592390798233924	0.01283269227801844	0.06220579152746891	0.01121660960437094	0.1724532861297514	0.09190039687172552	0.0114942519601414	0.02653619565837333	0.01317959112740834	0.08253449071551522	0.09621903561141823	0.04618890563709986	0.04154782041033335	0.02853858767920162	0.01838196874723754	0.01348950136124876	0.171930680520419	0.2432832157465012	0.01203759125182872
0.5207958998956539	-0.2718507767582067	0.7651278161541456	1.019375406301089	0.3374311847464588	0.3338385874463891	0.1930799342054243	-0.1029843503879306	-0.938527994047445	0.1256005042026696	-0.5602749322572198	0.7901280087166429	1.398227432811461	0.2313569192141776	-1.831788915179257	2.262888473656165	-1.073780812337055	-0.7231775138250909	-4.103655614293145	-0.4051794994386855	1.639120100216408	0.01408342481985633	0.06610963335719312	0.01124588371484037	0.180581705455025	0.0838904520794488	0.0112988049691873	0.03079603615753587	0.01319266914832983	0.08314986922049711	0.1165666910312854	0.04186585602532752	0.06983250392211743	0.01961152833242508	0.01747369015287464	0.02005764636089307	0.1194237340606318	0.167100099135205	0.01514033810330702	-0.009851277984192454	0.01278654151969466	0.06177028691424111	0.01122280469077955	0.1709435438864562	0.0919672502154958	0.0115186020274071	0.02627481906583619	0.01321997769238838	0.08238629809891775	0.09577286548268091	0.04670661204444149	0.03996108657868431	0.03020516275679763	0.01831879589954664	0.01333792061441331	0.1785181073710422	0.2502539092771605	0.01193715568934522
0.5221077283588671	-0.2708355195906012	0.7669602955647682	1.019676113038414	0.3350518164509655	0.3368326534572488	0.1916938264608583	-0.1039295277747461	-0.9438896189094895	0.125046413024158	-0.5581285770413439	0.7574031248974452	1.395542707898137	0.2270713511427064	-1.795372814914424	2.302185101253483	-1.039095802997842	-0.7179542258943107	-4.070604928777885	-0.4393296777696958	1.633073548436861	0.01396887908419808	0.06575549795434706	0.0112441425997291	0.1799093755552276	0.08449965426961666	0.01131907828870179	0.03040728527523774	0.0131968266370617	0.08308679649974034	0.1150746396835869	0.04228206259626138	0.06746722019778001	0.0205910785599745	0.01754366232079803	0.0194760426809139	0.1238393454793359	0.1728165678026595	0.01485873433457171	-0.01011016517015098	0.01274039076137088	0.06133478230101332	0.01122899977718816	0.169433801643161	0.09203410355926608	0.01154295209467279	0.02601344247329906	0.01326036425736842	0.08223810548232029	0.09532669535394359	0.04722431845178311	0.03837435274703526	0.03187173783439363	0.01825562305185574	0.01318633986757786	0.1851055342216654	0.2572246028078198	0.01183672012686173
0.5234195568220804	-0.2698643714234233	0.7687892208641853	1.019971103195862	0.3327216962151234	0.339879557701483	0.1903545819365868	-0.1048683242612339	-0.9492077941478775	0.1244484754821988	-0.5559906646665055	0.72294843941389	1.392811390647571	0.2226483188278316	-1.756788889138536	2.343359597072696	-1.002412374027831	-0.7134286344287221	-4.037393149911761	-0.4720739218542739	1.626253341530403	0.013860943276785	0.06539451644502248	0.01124329789507472	0.1791773767713152	0.08505809238482154	0.01133984770945344	0.0300260513767795	0.01320343662371946	0.08302101296991345	0.1136667300539743	0.04270521413727595	0.0651666451350979	0.02161573035646288	0.01759986287644425	0.01893191689392393	0.128391345083802	0.1785795301462846	0.01459307255058324	-0.0102207060255623	0.01271035948189017	0.06089210512781731	0.01123979176747972	0.1677732110756668	0.09185292223417942	0.01157049694276192	0.02568614528514606	0.01328499399413314	0.0821869716530977	0.0952529217858035	0.04771889005772822	0.03717595748780907	0.03327620992497137	0.01813951373572721	0.01306741734600761	0.1921050117416927	0.2644432035182787	0.0117464340889541
0.5247313852852935	-0.2689394089467455	0.7706145380415164	1.020260215335372	0.3304434324785243	0.3429815235271215	0.1890646013166324	-0.1058015912582039	-0.9544822577876724	0.1238083928060043	-0.553862140076255	0.6869889031115514	1.390041802656681	0.2181097859504614	-1.71631293686511	2.386131414034026	-0.963988568348254	-0.7095240247845077	-4.00396268174118	-0.5035837111639536	1.618761029924994	0.01375974627324865	0.06502692497532518	0.01124347024981762	0.1783845349925294	0.08556049620110334	0.01136120791087063	0.0296490129067735	0.01321161401626127	0.08295632395329607	0.112350721327495	0.04313380646057416	0.06294153473328408	0.0226703886296944	0.01764122033996414	0.01842361647189215	0.1330820173045044	0.1843934419057334	0.01434245326374054	-0.01033124688097361	0.01268032820240947	0.06044942795462131	0.01125058375777129	0.1661126205081727	0.09167174090909275	0.01159804179085105	0.02535884809699307	0.01330962373089785	0.08213583782387512	0.09517914821766341	0.04821346166367332	0.03597756222858287	0.03468068201554911	0.01802340441959867	0.01294849482443736	0.19910448926172	0.2716618042287376	0.01165614805104648
0.5260432137485068	-0.2680625033655459	0.7724362007110922	1.020543307860371	0.3282193806798361	0.3461405179935308	0.1878260497082773	-0.1067301082499362	-0.9597126982614025	0.1231277342826873	-0.5517438172556969	0.6497733557660845	1.387243238887488	0.2134794103824182	-1.674252325006297	2.430190007625582	-0.924109432314983	-0.7061556763998934	-3.97025790640465	-0.5339604069084976	1.61081446113903	0.0136654859989607	0.06465307301248228	0.01124483119557696	0.1775242054576984	0.08599992151890638	0.01138330784630124	0.02926881245072396	0.01321945814288084	0.08290263859036237	0.1111395717737809	0.04356573622963588	0.06080366960358669	0.02373338666879536	0.01766662969240121	0.01794929508026436	0.1378956312002165	0.1902587473281147	0.01410608537964306	-0.01026728645987268	0.01266815273468271	0.06000276742993767	0.01126728199608963	0.1641331715298089	0.0911908982197782	0.01163013326700586	0.02486642424782641	0.01329428625881412	0.08234701421937882	0.09562994895255032	0.04866824611331378	0.03520235264689404	0.03564752544120153	0.01785216885153462	0.01285578883262005	0.2060110723821844	0.2790163752893192	0.01157732926207419
0.52735504221172	-0.2672350433537893	0.7742541807090174	1.020820283951673	0.326051296011943	0.3493579054514528	0.1866405402386259	-0.1076544912647877	-0.96489870963432	0.1224079381698505	-0.5496359086836718	0.6116047039338274	1.384427239924819	0.2087847346008672	-1.630986033035907	2.475156759870375	-0.8831210770088977	-0.7032214074199425	-3.936226538229434	-0.5632524724517821	1.60288357529496	0.0135783373192003	0.06427327530396233	0.01124753255281966	0.1765902663018401	0.08637009928357535	0.01140627933726302	0.02887887977341596	0.01322528574363659	0.08286888716715966	0.1100450409447491	0.04399913280566911	0.05876373426507088	0.02478567862359924	0.01767510886764903	0.01750729171165464	0.1428183967136086	0.1961759016185762	0.01388326339017793	-0.01020332603877174	0.01265597726695595	0.05955610690525404	0.01128398023440798	0.1621537225514452	0.09071005553046366	0.01166222474316067	0.02437400039865976	0.01327894878673038	0.08255819061488248	0.09608074968743723	0.04912303056295422	0.03442714306520523	0.03661436886685393	0.01768093328347057	0.01276308284080275	0.2129176555026488	0.2863709463499006	0.01149851047310189
0.5286668706749332	-0.266458141212967	0.7760684604424313	1.021091071696148	0.3239405871007931	0.3526347047261152	0.1855093704093573	-0.1085752638353797	-0.9700398407462583	0.1216504251985024	-0.5475381665702951	0.5728091137498942	1.38160632861772	0.2040549231365598	-1.586923823115642	2.52062420691605	-0.8413958051923172	-0.7006135942810729	-3.901816070244303	-0.5914477903455027	1.595507314331186	0.01349844957482518	0.06388802720766087	0.01125175334847844	0.1755776646770381	0.08666633158520294	0.01143031348430399	0.0284743855771523	0.01322765992177247	0.0828635404986377	0.1090797799739641	0.04443190173355641	0.05683149606025166	0.02580774475527568	0.01766622084673834	0.01709584180104887	0.1478167783401201	0.202134974053767	0.01367338270023188	-0.009866569849827275	0.01266130849391619	0.05911044895778457	0.011307401360622	0.1598813000426129	0.08996244918123641	0.01170037748946709	0.02374918968890543	0.01322698893911713	0.0830314352795808	0.09709416946501491	0.04952993551316288	0.03406156393289113	0.03710284168794433	0.01746577819703464	0.01269219288636374	0.2191329307324034	0.2935404516338128	0.01143254651600662
0.5299786991381465	-0.265732301813529	0.7778790457968097	1.021355652714292	0.3218878965787724	0.3559711767374319	0.1844331449628186	-0.1094927520013486	-0.9751355467278116	0.1208566966233828	-0.5454493328608422	0.5337549813404774	1.378794828238475	0.1993220240616092	-1.542531802425949	2.566133191724982	-0.799353444328724	-0.6982140387228662	-3.866971858320704	-0.6184664038895507	1.589301915698151	0.01342595449961455	0.06349777481529391	0.01125765202724848	0.1744817306669125	0.08688435122989004	0.0114555794045052	0.02805101705006758	0.01322530800102183	0.08289422577220024	0.1082552056022158	0.04486217960556614	0.05501574086882573	0.0267823959747325	0.0176395752960096	0.01671336155936316	0.1528612632399042	0.2081271984615889	0.01347590418708735	-0.009529813660882805	0.01266663972087644	0.0586647910103151	0.01133082248683601	0.1576088775337805	0.08921484283200919	0.01173853023577352	0.0231243789791511	0.01317502909150388	0.08350467994427913	0.09810758924259261	0.04993684046337155	0.03369598480057702	0.03759131450903472	0.01725062311059871	0.01262130293192472	0.2253482059621581	0.3007099569177248	0.01136658255891135
0.5312905276013598	-0.2650576988824236	0.779685955556807	1.021614037287852	0.31989344737179	0.3593671700105482	0.1834120913697738	-0.1104071753212106	-0.9801852338130317	0.1200283226448391	-0.543367606610711	0.4948221679658774	1.376007533718213	0.1946188925556573	-1.49829235490514	2.611211712416513	-0.7574267178299218	-0.6958980558758427	-3.831634807023718	-0.6442478335394567	1.584812807682507	0.0133607929043485	0.06310323592110396	0.01126535588307198	0.1733032229284787	0.08702372987221671	0.01148230725021242	0.02761191902816659	0.01321854173829637	0.08296024282129259	0.107577290446858	0.04528819669426681	0.05332164834505877	0.02769739779902493	0.01759606372168918	0.01635818131622909	0.1579188785482354	0.2141396831771953	0.01329027803647071	-0.009098269972649627	0.01268532097683895	0.05822757991584549	0.0113604750015739	0.1552037811460839	0.08829649733125378	0.01178434854606335	0.02253688452213205	0.01312068818224943	0.08403167177314179	0.09954836247586527	0.05029549482605608	0.03365877426672415	0.03769076125100182	0.01702043872830152	0.01256831017750718	0.2307070955697564	0.307545030406306	0.01131253618623158
0.532602356064573	-0.2644338363841581	0.7814892346276672	1.021866293442665	0.3179566090203879	0.3628217040508053	0.1824456744307943	-0.1113185282114608	-0.9851881962903454	0.1191669782883199	-0.5412904446341725	0.4563966469597419	1.373259517508967	0.1899787004612007	-1.454698893399129	2.655383834699005	-0.7160549715159624	-0.6935328937267899	-3.795736008443948	-0.6687326975174194	1.582343271780278	0.01330291167661943	0.06270505682078736	0.01127497756093877	0.1720428097194729	0.08708403410336833	0.01151070068956993	0.02715989923787051	0.01320763707895376	0.08306095204506946	0.1070513121956362	0.04570837756198183	0.0517537776752521	0.02854192504323201	0.01753647444112849	0.01602880547275802	0.1629605078094814	0.2201609818381894	0.01311601433689609	-0.008666726284416447	0.01270400223280145	0.05779036882137588	0.01139012751631178	0.1527986847583874	0.08737815183049835	0.01183016685635318	0.02194939006511299	0.01306634727299498	0.08455866360200445	0.1009891357091379	0.05065414918874062	0.03362156373287128	0.03779020799296891	0.01679025434600433	0.01251531742308963	0.2360659851773546	0.3143801038948872	0.01125848981355182
0.5339141845277863	-0.2638598797333634	0.783288941134519	1.022112518275573	0.3160763175086804	0.366333381756934	0.1815329736277651	-0.1122266866589992	-0.990143665872111	0.1182743743716434	-0.5392150961970249	0.4188562224947643	1.37056551054769	0.1854339805010363	-1.412236029530494	2.698185773456573	-0.6756681961461564	-0.6909831489591863	-3.759202517841431	-0.6919083617410461	1.582044287992874	0.01325194015168855	0.06230430314539267	0.01128653356622298	0.1707066670662953	0.08706899940778091	0.01154099607835449	0.02670197816813904	0.01319379237925145	0.0831882237951396	0.1066725272184645	0.04612144879565958	0.05031087998904236	0.02931315526003697	0.01746298607346057	0.01572363991485938	0.1679656392134576	0.2261808315075105	0.01295255457688314	-0.008310086799631466	0.01272876326770613	0.05737301215463557	0.01142399205787229	0.1504293704487472	0.08639928953794834	0.01188466139838369	0.0215013923351288	0.01303091237651821	0.08494201067296024	0.1025906349969621	0.05096967396674962	0.03377425501845782	0.03767234962352421	0.01657796600231577	0.01247610844290744	0.2407610045202564	0.3208930640847411	0.01121417215468582
0.5352260129909995	-0.2633343647256491	0.7850851577105666	1.022352863343768	0.314250698655968	0.3699000368974671	0.1806723519801753	-0.1131312921342674	-0.9950507424794358	0.1173522084388931	-0.5371388295412932	0.3825430233169067	1.367938805463851	0.1810144722093583	-1.37134552825296	2.739201857930476	-0.6366556342549856	-0.6881160689017665	-3.721956584294345	-0.7138026380815258	1.583743178135165	0.01320754928024006	0.06190193416676577	0.01130003848250603	0.1693004543536165	0.08698194964254792	0.01157340256073783	0.02624442569772794	0.01317806903181858	0.08333473455053883	0.1064364663927256	0.04652627571786219	0.04899166185475832	0.03000853294089932	0.01737753016970568	0.01544125938268798	0.1729160510998865	0.2321900732043587	0.01279940163233432	-0.007953447314846488	0.01275352430261081	0.05695565548789526	0.0114578565994328	0.148060056139107	0.08542042724539833	0.01193915594041421	0.02105339460514461	0.01299547748004145	0.08532535774391604	0.1041921342847863	0.05128519874475863	0.03392694630404436	0.0375544912540795	0.0163656776586272	0.01243689946272526	0.2454560238631582	0.327406024274595	0.01116985449581983
0.5365378414542127	-0.2628555361650539	0.7868779782825976	1.02258750556751	0.3124775018592647	0.3735191506887829	0.1798618414769949	-0.1140318707807687	-0.9999084574990361	0.1164021418338976	-0.5350591272527651	0.3477724201026022	1.365391634654575	0.1767477798000422	-1.332435863599099	2.778050595001853	-0.5993760003642528	-0.6848046815466289	-3.683923600160287	-0.7344679256661244	1.587177921180381	0.0131690749204501	0.06149941596564524	0.01131536908976759	0.1678339172024738	0.08682959747117264	0.01160808340178485	0.02579168961696584	0.0131611838312627	0.08349562396736111	0.1063281584530464	0.0469221111798236	0.04778822048789015	0.03063394513348676	0.01728287585306683	0.0151801218126847	0.1778031803797835	0.2381808330161471	0.01265600847103346	-0.007692861213707505	0.01277633371931008	0.05657213455118443	0.01149284230164315	0.1458568900355295	0.08447560052782625	0.01200157088157994	0.02071005180605354	0.01297254414613771	0.08561989132965815	0.1056629570511342	0.05156544354782161	0.03410653110187681	0.03741482843707849	0.01619302767590186	0.01240701857597042	0.2497387484304087	0.3336180140116645	0.01113349008303234
0.5378496699174259	-0.2624211463012725	0.7886675158584883	1.022816665402803	0.31075383658767	0.3771876109255028	0.1790989140482047	-0.1149277430168959	-1.004715722910728	0.1154257178839738	-0.5329740191943823	0.3147922495792476	1.362933583843845	0.1726560796629537	-1.295830282076942	2.814434934334523	-0.564110975015608	-0.6809407241699377	-3.645041638207387	-0.7539867703855112	1.591984758405346	0.01313592818498807	0.06109806793246253	0.01133241631271012	0.1663160153158748	0.08661796810147696	0.0116451830512045	0.02534774061295613	0.0131437717106113	0.08366651683445564	0.106333913065526	0.04730828832060045	0.04669326667550106	0.03119453905901355	0.01718148014232935	0.01493885085077115	0.1826193201180239	0.244146040400749	0.01252188860165077	-0.007432275112568522	0.01279914313600936	0.0561886136144736	0.01152782800385349	0.1436537239319521	0.08353077381025417	0.01206398582274566	0.02036670900696247	0.01294961081223398	0.08591442491540027	0.1071337798174821	0.05184568835088459	0.03428611589970925	0.03727516562007747	0.01602037769317653	0.01237713768921558	0.2540214729976593	0.339830003748734	0.01109712567024485
0.5391614983806392	-0.2620287456655638	0.790453891240998	1.023040581482847	0.3090765486806107	0.3809020643589872	0.1783808124204926	-0.1158181393497872	-1.009471399675922	0.114424409685717	-0.5308818703608458	0.2838120126249968	1.36057275356965	0.1687583990294712	-1.261802898126878	2.848105037794589	-0.5310985055928533	-0.6764303230660803	-3.605258297941444	-0.7724285790883572	1.597796038857761	0.01310727868076344	0.06069956443943	0.01135093635291443	0.1647582762401309	0.0863554267658181	0.01168471170318288	0.02491416365496965	0.01312595510673703	0.08384572764124593	0.1064322636579218	0.04768449391649197	0.04569390214856022	0.03170196985247275	0.01707595358616961	0.01471595698311069	0.1873592424020645	0.2500756313248651	0.01239654811627623	-0.007260694290332216	0.01281374696007425	0.0558495111642568	0.01156074791118688	0.1417041597013856	0.08269007459243123	0.01213148287501271	0.02007727178653381	0.01292840116524155	0.08618490629928575	0.1082444313057949	0.05209835393539924	0.03434815167794301	0.03727527270544626	0.01589410967040837	0.01235226231807093	0.2579505308000274	0.3456268090953213	0.01106791381885448
0.5404733268438524	-0.2616755912970687	0.7922372365981044	1.02325951969587	0.3074420984023411	0.3846588098129871	0.1777044463550837	-0.1167021546282306	-1.014174276396639	0.1133995728540362	-0.5287816553518022	0.2549577996400074	1.358314038764208	0.1650668752206337	-1.230520480217926	2.878912908400933	-0.500481371480939	-0.6712122344980026	-3.564543241082478	-0.7898582784084127	1.604282365470261	0.0130823904702149	0.06030541176513942	0.01137071343214974	0.1631713140125488	0.08604950924582587	0.0117266783482495	0.02449237140025898	0.01310784247587382	0.08403173950175384	0.1066037235175588	0.04805044719617296	0.04477838812505235	0.03216652374219255	0.01696861324385395	0.01451011274969751	0.1920181705455934	0.2559605315547549	0.01227954801384944	-0.007089113468095909	0.01282835078413913	0.05551040871404	0.01159366781852026	0.1397545954708191	0.08184937537460829	0.01219897992727976	0.01978783456610516	0.01290719151824911	0.08645538768317124	0.1093550827941077	0.05235101951991389	0.03441018745617678	0.03727537979081505	0.01576784164764021	0.01232738694692627	0.2618795886023956	0.3514236144419088	0.01103870196746411
0.5417851553070655	-0.2613588482999593	0.7940176876755796	1.023473755021934	0.3058468238413847	0.3884540390657882	0.1770666216709675	-0.117578837798693	-1.018823120031497	0.1123525168932291	-0.526672627979636	0.2283142534063251	1.356160756773285	0.1615901487884511	-1.202096032413745	2.906761021422708	-0.4723550457275926	-0.6652438349233543	-3.522877064679806	-0.806310433543649	1.611136454288055	0.01306044686109354	0.05991718072037792	0.01139144702596684	0.1615666970317612	0.08570885689417054	0.01177093532056163	0.02408305385484095	0.01308940689118923	0.08422316426991563	0.1068249698350438	0.048406107960484	0.04393189683340181	0.03260166023871768	0.01686150000896233	0.01431992315694144	0.1965872064508852	0.2617846197529264	0.01217045960932405	-0.006970327967122496	0.01283194308497483	0.05521922349313051	0.01162232015141202	0.1380988252951661	0.08115190030562892	0.0122680328710935	0.01953721585298561	0.01288477995676943	0.08670314293656271	0.1099748607812803	0.05258159596204894	0.03426656905768784	0.03750528367751644	0.01568467044112359	0.01230428423977913	0.2653165948606758	0.356550742775584	0.01101630370847026
0.5430969837702788	-0.2610756049672243	0.7957953833240248	1.023683571479434	0.304286958013014	0.3922838598576354	0.1764640585053122	-0.1184471956601782	-1.023416682037833	0.1112845156093113	-0.5245545396149337	0.2038845603123833	1.354113140444054	0.1583299139930137	-1.176536695848337	2.931650808922924	-0.4467220275226776	-0.6585195547215931	-3.480261446863977	-0.8217912982768231	1.618096660222308	0.01304072424927426	0.05953628363528934	0.01141287116328722	0.1599550832756327	0.08534126992056834	0.01181735192982069	0.02368682396902006	0.01307062450011427	0.08441875291420346	0.1070749050248407	0.04875143860322362	0.04314101859133908	0.03301929916372246	0.01675642536790218	0.01414414647786984	0.2010582665098297	0.2675333234132681	0.01206890202937569	-0.006851542466149082	0.01283553538581052	0.05492803827222101	0.01165097248430379	0.136443055119513	0.08045442523664956	0.01233708581490723	0.01928659713986605	0.01286236839528974	0.08695089818995418	0.1105946387684529	0.05281217240418398	0.0341229506591989	0.03773518756421781	0.01560149923460697	0.01228118153263199	0.268753601118956	0.3616778711092591	0.01099390544947641
0.544408812233492	-0.2608229644790657	0.7975704619316792	1.023889253056833	0.3027587506333744	0.396144402634898	0.1758934949892748	-0.1193062380661693	-1.027953719944138	0.1101968437123983	-0.5224273597686026	0.1816358312778388	1.35217007800605	0.1552847131609376	-1.153802723064305	2.953627359210144	-0.4235436050863107	-0.651050042733836	-3.43670761530006	-0.8362941898830997	1.624928771515812	0.01302256585974591	0.05916393658277803	0.01143470561771493	0.1583463310479326	0.08495437869619632	0.01186570494734484	0.02330379675421354	0.01305142969185364	0.08461849185417061	0.1073326262945545	0.04908652487035824	0.04239232567668166	0.03343120742004178	0.0166547830313359	0.01398155303818171	0.2054197194318626	0.2731862900545743	0.01197448436350462	-0.006753724740335299	0.01282867118555958	0.05468160518607219	0.01167467973994572	0.1350686295743508	0.07990569548225283	0.01240542910918833	0.01906397542853715	0.01283777655885953	0.08720674325224302	0.1107000629399084	0.05302362442418851	0.03375780078499182	0.03820819652609632	0.01555423994401391	0.01225852797442804	0.2715701566701297	0.3659092395877671	0.01097759634394671
0.5457206406967053	-0.2605981435886502	0.7993430578688616	1.024091076185122	0.3012585939805643	0.4000319443401484	0.1753518010029139	-0.1201550192339644	-1.032433025931711	0.1090908066294332	-0.5202914171873029	0.1614710912895352	1.350328086969786	0.1524473624292369	-1.133770850184106	2.972813093882251	-0.4027078429788792	-0.6428753775849159	-3.392243965800276	-0.8497906683227003	1.631456234615275	0.01300538986136441	0.05880123199239651	0.01145670238433963	0.1567495210404829	0.08455507814626749	0.01191579683288583	0.02293407192265442	0.01303176434689294	0.08482236890619678	0.1075792501722152	0.04941144148387769	0.04167371873672763	0.03384782229948952	0.0165578097541933	0.01383104924332493	0.2096609854065502	0.2787250485109812	0.01188685946354064	-0.006655907014521518	0.01282180698530865	0.05443517209992339	0.01169838699558765	0.1336942040291886	0.07935696572785611	0.01247377240346942	0.01884135371720825	0.01281318472242933	0.08746258831453187	0.110805487111364	0.05323507644419304	0.03339265091078476	0.03868120548797482	0.01550698065342085	0.01223587441622409	0.2743867122213035	0.370140608066275	0.010961287238417
0.5470324691599187	-0.2603984576364994	0.8011133019546052	1.024289309784761	0.2997830059766426	0.4039428855865542	0.1748359600712519	-0.120992634083872	-1.036853420646114	0.107967728349555	-0.518147182875197	0.1432680351610648	1.348582765220375	0.1498083774165698	-1.116285101978432	2.989360866057167	-0.3840738350566584	-0.6340448770726549	-3.346905419576211	-0.862273969614155	1.637525988669314	0.01298875417726359	0.05844886595907486	0.01147865359534548	0.1551715028948622	0.08414921522218748	0.01196743669456262	0.02257761245469686	0.01301162761949057	0.085030532403594	0.1077993256765313	0.04972635317233903	0.0409754852149699	0.03427734369433894	0.01646634984509615	0.01369162708503895	0.2137749931033827	0.2841323978628014	0.01180562968943327	-0.006544082618585636	0.0128068822519466	0.05422492265174688	0.01171772412211688	0.1325445314996815	0.07893809607124623	0.01254129203378859	0.01864366915370652	0.01278763387870655	0.08773073984854149	0.1104646153157656	0.05342971151208501	0.03284941119756245	0.03935891915477497	0.01548828163169685	0.01221419930695069	0.2766720804374415	0.3734803927605769	0.0109494720134018
0.5483442976231317	-0.2602214703234901	0.8028813160631524	1.024484202954377	0.2983288220853358	0.4078739355793087	0.1743432415499954	-0.1218182766393752	-1.041213794610359	0.1068289383749201	-0.5159953601309165	0.1268649823914906	1.346928287021064	0.1473545773841347	-1.101138363149407	3.003470679729324	-0.3674556566266723	-0.6246225421500908	-3.300736956231279	-0.8737445540779049	1.643025479227651	0.01297226720427531	0.05810746271058317	0.01150037527988757	0.1536185794659512	0.0837420753284393	0.01202045561578827	0.02223438254656705	0.0129910187596196	0.0852431158513815	0.1079788885908967	0.05003140522927987	0.04028889164851691	0.03472704767112141	0.01638115212966454	0.01356239065902017	0.2177552050051934	0.2893926079898519	0.01173044213877502	-0.006432258222649754	0.01279195751858455	0.05401467320357038	0.0117370612486461	0.1313948589701744	0.07851922641463635	0.01260881166410776	0.01844598459020478	0.01276208303498377	0.08799889138255108	0.1101237435201672	0.05362434657997698	0.03230617148434015	0.04003663282157511	0.01546958260997285	0.0121925241976773	0.2789574486535794	0.3768201774548788	0.0109376567883866
0.549656126086345	-0.2600648951672467	0.8046472166728739	1.024675992483032	0.2968930697160987	0.411821988511764	0.173871087030813	-0.1226311993047981	-1.045513079686911	0.1056757498903371	-0.5138367437424232	0.1120869455324589	1.345358351560252	0.1450715381042662	-1.088106541957889	3.0153584291765	-0.3526521635835081	-0.6146744593591764	-3.253785980448665	-0.8842458733198014	1.64784548022855	0.01295568613901989	0.05777715059735849	0.01152174746479846	0.15209412556986	0.08333753410984006	0.01207475598470798	0.02190492898429449	0.0129701717645601	0.08545860020063105	0.1081091028686296	0.05032689915994348	0.03960862485357877	0.03520152800632573	0.01630264927634408	0.01344255774792936	0.2216059231730068	0.2944992408877714	0.01166086165250399	-0.006255729045409712	0.01277182576054725	0.05382897775568808	0.01175322800531122	0.1303901225723767	0.07819977845079806	0.01267689383934034	0.01828667182268032	0.01274089311893704	0.08823597335004547	0.1094582013252639	0.05380620368409621	0.031656891446932	0.0408655720865737	0.01547320297247883	0.01217324411750029	0.2810449469919974	0.3795555000327266	0.01092801469008804
0.5509679545495583	-0.259926765393535	0.8064111087421058	1.024864888606188	0.295473185849583	0.415784332428848	0.1734173054585651	-0.1234307709444725	-1.049750291914588	0.1045093706873493	-0.5116723280404715	0.0987433442683702	1.343866087156075	0.1429433212980665	-1.076945409162695	3.025258566610124	-0.3394444529117787	-0.6042677074470754	-3.206101338324897	-0.8938549868985907	1.651867052079892	0.01293879590798214	0.05745804322945193	0.0115426639631968	0.1506012386053698	0.0829390944527284	0.01213025142962285	0.0215897360490372	0.01294929390955589	0.08567561866098358	0.1081819644151632	0.05061310246863419	0.03892991268928753	0.03570485849665477	0.01623122460963346	0.01333143341629517	0.2253308391080508	0.2994462363527061	0.01159650227938895	-0.006079199868169669	0.01275169400250995	0.05364328230780578	0.01176939476197634	0.129385386174579	0.07788033048695978	0.01274497601457291	0.01812735905515586	0.01271970320289032	0.08847305531753988	0.1087926591303605	0.05398806078821543	0.03100761140952384	0.04169451135157229	0.01547682333498481	0.01215396403732327	0.2831324453304154	0.3822908226105745	0.01091837259178948
0.5522797830127715	-0.2598052840578399	0.8081730911046699	1.025051087316642	0.2940668250945893	0.4197584641612256	0.1729799008159867	-0.1242164189579997	-1.053924490203799	0.1033309259419408	-0.5095032145339717	0.0866409798267745	1.34244451967466	0.1409537444128812	-1.067407396444468	3.033408534866568	-0.327610681676789	-0.5934671882988389	-3.157730764491971	-0.9026850221586609	1.65495863718027	0.01292151367074719	0.05714980331009192	0.01156308411265351	0.1491401929975276	0.08254882171452009	0.01218693057662418	0.02128976004760786	0.01292879029298361	0.08589130143681194	0.1081946498959054	0.0508905024566042	0.03825120315702264	0.0362389732824285	0.01616700552990015	0.01322841341504908	0.2289463059699825	0.3042405543794325	0.01153689479625768	-0.005841612380142309	0.01272906742670573	0.05347100970231115	0.01178372961405843	0.1284458607085956	0.0776269459216867	0.01281520174588569	0.01801793476525007	0.01270763259106248	0.08863753837712839	0.1079340460202743	0.05416292103733403	0.03032399746686133	0.0426295773173833	0.01549742344806317	0.01213823040818794	0.2854372180802871	0.38486147824567	0.01090851619567533
0.5535916114759848	-0.2596989896791101	0.8099332504572005	1.025234756553997	0.2926720720796827	0.4237422925835632	0.1725572621619965	-0.1249876785465842	-1.058034813105337	0.1021413091774469	-0.5073307622011703	0.07558946790802548	1.3410867450766	0.1390869127959568	-1.059248369383644	3.040042039595987	-0.3169323804663787	-0.5823312649387941	-3.108717588482988	-0.9108877330906916	1.65695739183364	0.01290376605073626	0.05685212613934993	0.01158297191741638	0.1477112309297518	0.08216858130398477	0.01224478336596386	0.02100584934779528	0.01290901974424353	0.08610306607670797	0.1081445804841037	0.05115953270633397	0.03757110324051448	0.03680558420248307	0.01611010443672627	0.01313296108811313	0.2324669471430314	0.3088882940447743	0.01148162325469158	-0.005604024892114949	0.01270644085090152	0.05329873709681651	0.01179806446614052	0.1275063352426122	0.07737356135641361	0.01288542747719847	0.01790851047534429	0.01269556197923464	0.08880202143671692	0.1070754329101882	0.05433778128645261	0.02964038352419881	0.04356464328319431	0.01551802356114153	0.01212249677905261	0.2877419908301588	0.3874321338807656	0.01089865979956119
0.554903439939198	-0.2596065864357274	0.8116916674808256	1.025416050436152	0.2912872239532841	0.4277339298640755	0.1721479686183009	-0.1257441347798641	-1.062080436127661	0.1009412758178302	-0.5051564781932608	0.06540346769647232	1.339786024132428	0.1373274115251629	-1.052230356815426	3.045386396943166	-0.3071969356058186	-0.5709152996659365	-3.059102669033184	-0.9186226861496712	1.657695112499513	0.01288558904136749	0.05656440940991494	0.01160234800793364	0.1463124283417812	0.0817989141780172	0.01230384013877704	0.02073853502642032	0.01289031031093786	0.08630848885444505	0.1080333474934703	0.05142078784334487	0.03689061254587074	0.03740473965021308	0.01606040179919575	0.01304458154470117	0.235915099967872	0.3134060214968574	0.01143022229512149	-0.005320610492588102	0.01268370125768684	0.05313206659990447	0.01181179878523551	0.1265688224757208	0.07715385209505113	0.01295869808061569	0.01784271932739001	0.01269238902684486	0.08889454732873966	0.1061351238972986	0.05451021300981875	0.02897811649201684	0.04456870122585483	0.01555045850955728	0.01211055524099847	0.2905418601537874	0.3902163051280541	0.01088692613959941
0.5562152684024112	-0.2595270893147496	0.8134484115273952	1.025595097416648	0.2899109774445132	0.4317318689046553	0.171750955756376	-0.1264854627308186	-1.06606060123982	0.09973128413794224	-0.5029821639173111	0.05591292825565864	1.338536141697275	0.135661309812953	-1.046134432480466	3.049649637709794	-0.2982093810660569	-0.5592668438061327	-3.008921141238068	-0.9260700875444121	1.657003538147098	0.01286701452852311	0.05628611073866762	0.01162123063744949	0.1449420075501738	0.08144030753548034	0.01236412775015921	0.02048828613348031	0.01287295255214018	0.08650538798667819	0.1078623667709046	0.05167479761036606	0.03621062805416209	0.03803647843154825	0.01601779101059602	0.01296283540130396	0.239310893141431	0.3178086421101405	0.01138227954497218	-0.005037196093061254	0.01266096166447216	0.05296539610299243	0.01182553310433049	0.1256313097088295	0.07693414283368866	0.01303196868403292	0.01777692817943572	0.01268921607445507	0.08898707322076239	0.105194814884409	0.05468264473318489	0.02831584945983486	0.04557275916851534	0.01558289345797303	0.01209861370294433	0.2933417294774159	0.3930004763753427	0.01087519247963764
0.5575270968656244	-0.2594596584333416	0.8152035466348061	1.025772014101861	0.2885422163690612	0.4357347800188365	0.1713653255087333	-0.1272113778956161	-1.069974579966636	0.09851164096514377	-0.5008097659519648	0.04695783944112607	1.337331237739649	0.1340755969759646	-1.040753961490211	3.053027080955653	-0.2897863093558111	-0.547431220064486	-2.958205720163726	-0.933389312836425	1.654731128945775	0.01284815546057078	0.05601656568926832	0.01163968102690308	0.1435968949876626	0.08109212454297451	0.01242567296624626	0.0202547171384434	0.01285703251971312	0.08669311560449881	0.1076358127604257	0.05192208165534482	0.03553348041109463	0.03869921317035692	0.01598194050089656	0.01288728067508263	0.2426742016053404	0.3221151699112823	0.01133738409738587	-0.004756448683119952	0.01263998867614666	0.0528005886003957	0.01183966219468659	0.1246560411717159	0.07671928768693922	0.01310831903773079	0.01773565890893612	0.01269069226259501	0.08904517937684843	0.1042507179807183	0.05485312664918968	0.02771024582530349	0.04660706498552369	0.01562189009324765	0.01208982980990551	0.2966650086370984	0.3961711389790863	0.01086107088523687
0.5588389253288376	-0.2594037139932052	0.816957127319625	1.025946896169487	0.2871801613222758	0.4397416499966513	0.1709904779144256	-0.1279216697207326	-1.073821696957261	0.09728237996277919	-0.4986414533429179	0.0384008197629933	1.336166285201773	0.1325593529637846	-1.035910490674357	3.055685280201307	-0.2817702603660325	-0.5354476636362412	-2.906984435341976	-0.9407333335558268	1.650775046518688	0.01282911188892225	0.05575517653608164	0.01165775335850028	0.1422742607174871	0.08075378856361415	0.01248849948013503	0.0200374814032553	0.01284262640675936	0.08687108759803661	0.1073574482529949	0.05216310313871245	0.03486125969771461	0.03939153348084504	0.01595255573478814	0.01281752511612586	0.2460230041336298	0.3263428328483573	0.0112951719220286	-0.004475701273178648	0.01261901568782115	0.05263578109779897	0.01185379128504269	0.1236807726346024	0.07650443254018979	0.01318466939142865	0.01769438963843651	0.01269216845073496	0.08910328553293444	0.1033066210770277	0.05502360856519446	0.02710464219077213	0.04764137080253203	0.01566088672852227	0.01208104591686669	0.299988287796781	0.3993418015828299	0.0108469492908361
0.5601507537920509	-0.2593587912515655	0.8187092038879235	1.026119830208128	0.2858241826945514	0.4437516048243187	0.1706259448759441	-0.1286161610448679	-1.077601300401369	0.09604341278429476	-0.496479473405726	0.03011670435754623	1.335036714725353	0.1311027379293668	-1.031440675176318	3.057775282471067	-0.2740177643962661	-0.5233536613566058	-2.855283325018417	-0.9482236839106608	1.645063473761853	0.01281002947945793	0.05550136102821329	0.01167552715563355	0.1409708462874544	0.0804239392936639	0.01255260237492634	0.01983553932121085	0.01282962681600414	0.08703998856836313	0.1070323563604336	0.05239816473448904	0.03419659966030574	0.04011049804942868	0.01592914665687495	0.01275315055963218	0.2493695279524241	0.3305075405755538	0.0112553210847301	-0.004232617966318932	0.01260097581292987	0.05247245330420859	0.01186896016666094	0.1226521364204708	0.07627320593181437	0.01326348442539136	0.01766123547121807	0.01269423521323499	0.08915971906203941	0.1024000977845049	0.05518880854186852	0.02657112125272035	0.04866721379669359	0.01570159557206297	0.01207431762590637	0.3036776616079462	0.4028838095550343	0.0108309088710376
0.5614625822552641	-0.2593246226000124	0.8204598194956566	1.026290887514146	0.2844739092578103	0.4477640069917749	0.1702714843548501	-0.1292947362032287	-1.081312780750744	0.09479445990779886	-0.4943261413021337	0.02200524633368114	1.333938919924452	0.1296981059317543	-1.027212415522418	3.059416469074521	-0.2664138056600653	-0.5111820440791996	-2.803124675230343	-0.9559574275259106	1.637590649582318	0.01279103726239796	0.05525459562062326	0.0116930728035511	0.1396836562687608	0.08010134745307673	0.01261797730816078	0.0196479633072977	0.01281793859993584	0.08720043396556414	0.1066651330060524	0.05262753610341517	0.03354186022867713	0.04085349834111017	0.01591127837598476	0.01269378605156719	0.2527248609952382	0.3346237616361964	0.01121754642290969	-0.003989534659459218	0.01258293593803859	0.05230912551061821	0.01188412904827919	0.1216235002063393	0.07604197932343894	0.01334229945935407	0.01762808130399963	0.01269630197573502	0.08921615259114438	0.1014935744919821	0.05535400851854259	0.02603760031466858	0.04969305679085515	0.01574230441560366	0.01206758933494604	0.3073670354191115	0.4064258175272388	0.01081486845123911
0.5627744107184774	-0.2593010227573409	0.8222090143529619	1.026460133165541	0.2831290786203409	0.4517783165979435	0.1699269488042013	-0.1299573073554526	-1.084955547143541	0.09353516726865853	-0.4921837630321426	0.01397777574081044	1.332869752553513	0.1283388096390894	-1.023108184543393	3.060713542227698	-0.2588565558469854	-0.498963732195027	-2.750529036751318	-0.964007327042996	1.628379346645401	0.01277227401386764	0.0550144628400407	0.01171046613928317	0.1384099870623888	0.07978444727808265	0.01268456811694672	0.01947359187549912	0.01280739595319706	0.08735351715926257	0.1062604599897933	0.05285130082894816	0.03289920833681603	0.04161700906959577	0.01589839391788098	0.01263903206439087	0.2560936144059079	0.3387024754893765	0.01118162097616069	-0.003738882667637695	0.0125682212260831	0.05214924102711459	0.01190055490876925	0.1205465605936018	0.0757840301386177	0.01342240050583455	0.01759646656009556	0.0126972321801556	0.08928439713045108	0.1006330575161293	0.05550968989974323	0.02557436169048939	0.0506846067178243	0.01578136500507303	0.01206178152154571	0.3112273407363727	0.4102405540723817	0.01079784504568287
0.5640862391816907	-0.2592879419962564	0.8239568239429583	1.02662762227819	0.2817896091873499	0.4557941522026729	0.1695923465349893	-0.1306038370920936	-1.088529041743029	0.09226507718734231	-0.4900545607784272	0.005967964461294713	1.331826955785915	0.1270201052706151	-1.019038778590678	3.061742990630461	-0.2512696287179172	-0.4867254701327603	-2.697513621119881	-0.9724190974108518	1.617502632549349	0.01275386265762562	0.05478058732485966	0.0117277742880099	0.1371473557335442	0.07947182481265198	0.01275232511061779	0.01931139021702195	0.01279785200912718	0.08750022210348041	0.1058225770671781	0.05306953301401939	0.0322705830227874	0.04239790581273337	0.01588999924408058	0.01258853431108459	0.2594799803380489	0.3427536903883548	0.01114734372532358	-0.003488230675816174	0.01255350651412762	0.05198935654361098	0.0119169807692593	0.1194696209808643	0.07552608095379647	0.01350250155231504	0.01756485181619149	0.01269816238457617	0.08935264166975779	0.09977254054027652	0.05566537128094387	0.02511112306631021	0.05167615664479344	0.01582042559454239	0.01205597370814538	0.3150876460536339	0.4140552906175246	0.01078082164012663
0.5653980676449037	-0.2592853838461281	0.8257032819659095	1.026793406225085	0.2804554913387921	0.459811193259029	0.1692677472568093	-0.1312343104393732	-1.092032721025517	0.09098369833613572	-0.4879406825698057	-0.002081134453545908	1.330808653442963	0.1257380446063154	-1.014926964971249	3.062569497517514	-0.24358730137131	-0.474492022795964	-2.644094074964981	-0.9812255417696265	1.605050551716463	0.01273590991249571	0.05455275193486989	0.01174505231908653	0.1358940178677404	0.07916213521370108	0.01282112135021187	0.01916039125553137	0.01278917111492993	0.08764152752672981	0.105355019855994	0.05328219691205061	0.03165724931760776	0.04319305215130483	0.01588557539687824	0.01254191885713345	0.262883728667851	0.3467838542274561	0.01111456849388731	-0.003200140219142885	0.01254191287998076	0.05183636156633649	0.01193448073703153	0.1183628351465676	0.07524141175987129	0.01358207240259925	0.01753499802267135	0.01269801504232879	0.0894338970604615	0.09894427494453749	0.05580891163610117	0.02470448895530452	0.05262858435532988	0.01585661480050639	0.01205017458823746	0.3189786201255319	0.4180324981020353	0.01076378592546845
0.5667098961081171	-0.2592934370920156	0.8274484194247604	1.026957530674773	0.2791268322034594	0.4638292143867979	0.1689533193236884	-0.1318487527929816	-1.095466066354966	0.0896905001784398	-0.485844097583297	-0.01021005901686682	1.3298136374757	0.1244900531605221	-1.010716480835667	3.063237197307982	-0.2357625024912483	-0.4622847854179715	-2.590283209256699	-0.99043869004825	1.591137566414109	0.01271851030245665	0.05433076124748865	0.01176234897714992	0.1346483723044425	0.07885416453898908	0.01289084451189112	0.0190197339275869	0.01278123311982917	0.08777831455454953	0.104860992993573	0.05348926005837475	0.03106033616291132	0.04399966890694064	0.01588466218722247	0.01249885421276511	0.2663046577332689	0.3507988532605235	0.01108316581505491	-0.002912049762469597	0.01253031924583389	0.051683366589062	0.01195198070480376	0.1172560493122709	0.0749567425659461	0.01366164325288345	0.0175051442291512	0.01269786770008141	0.08951515245116522	0.09811600934879845	0.05595245199125847	0.02429785484429882	0.05358101206586632	0.01589280400647039	0.01204437546832955	0.3228695941974298	0.422009705586546	0.01074675021081027
0.5680217245713303	-0.2593122224145286	0.8291922664094911	1.027120039342822	0.2778037835709953	0.4678480243612764	0.1686492682082263	-0.1324472075051516	-1.098828569658235	0.08838494567897159	-0.4837666702736113	-0.01845284596949128	1.328840962818257	0.123274096261376	-1.006359346850389	3.063782153781124	-0.2277555573366133	-0.4501238897600664	-2.536092550594827	-1.000062816899084	1.575883221149819	0.01270173243704883	0.05411459681308069	0.0117796915157057	0.1334096705042856	0.07854698764218317	0.01296128077680155	0.01888872290615246	0.01277395705233317	0.0879111891393419	0.1043427822779657	0.05369065894935952	0.03048017124252115	0.04481555508621561	0.01588685216405734	0.01245900262063846	0.2697397288427682	0.35480093484067	0.01105304997233546	-0.002615687423757512	0.01252138494191913	0.05154140001376142	0.0119701340503117	0.1161420472880767	0.07465133198745756	0.01373823317342582	0.01747974443090149	0.01269737078541195	0.08960332675992283	0.09729902665949042	0.05608303374867266	0.02393022309851282	0.05450428727485244	0.01592671447505887	0.01203800559015085	0.3266954695297531	0.4260280525806968	0.01073051697749711
0.5693335530345436	-0.2593419113912768	0.8309348517130469	1.027280973087398	0.2764865701868481	0.4718674843720175	0.1683558589737343	-0.1330297518115585	-1.102119741178209	0.08706650344547984	-0.4817100538187323	-0.02683365635430782	1.327890091453051	0.1220889413055069	-1.001820121606778	3.064228235838403	-0.2195380021050383	-0.4380279478051204	-2.481531515707352	-1.010087195182402	1.559409554136505	0.01268563708084322	0.05390424153371848	0.01179710405885703	0.1321772252259072	0.07823976967175385	0.01303224093177516	0.01876673923016614	0.01276727119586368	0.08804069689092998	0.103802460487516	0.05388633631474261	0.0299170431769216	0.0456387603894765	0.01589178407718532	0.01242206473414575	0.273186185074615	0.3587921490792251	0.01102414504045397	-0.002319325085045427	0.01251245063800437	0.05139943343846085	0.01198828739581963	0.1150280452638825	0.07434592140896902	0.01381482309396819	0.01745434463265179	0.01269687387074249	0.08969150106868043	0.0964820439701824	0.05621361550608684	0.02356259135272682	0.05542756248383856	0.01596062494364734	0.01203163571197216	0.3305213448620764	0.4300463995748474	0.01071428374418396
0.5706453814977568	-0.2593826945678749	0.8326762037453237	1.027440371863729	0.2751754450650115	0.4758874738250033	0.1680733791166101	-0.1335964789685348	-1.105339098922619	0.08573465542535286	-0.4796757945399603	-0.03537283351154801	1.326960639802327	0.1209336467571533	-0.9970681049009524	3.064594678593637	-0.2110857168428984	-0.4260154822441117	-2.426608653674606	-1.020492532703619	1.541836046333624	0.01267026470767485	0.05369983951183026	0.01181459059224369	0.1309510555937175	0.07793196306135261	0.01310342230994147	0.01865329564732008	0.01276113475053066	0.08816709662878684	0.1032414186807309	0.05407620412975873	0.02937067006165818	0.04646782388329718	0.01589918072245988	0.01238775149503618	0.2766382781803364	0.3627701252020407	0.01099640672795628	-0.002047247518834772	0.01250579653044573	0.05127246851166802	0.01200667102749725	0.1139262048245549	0.07402618397597162	0.01388560570896713	0.01743561937179856	0.01269663247145188	0.08977973443402759	0.09566042804078816	0.05633039382141561	0.02322083913372588	0.05633074087861575	0.01599369453817245	0.01202453226833545	0.3341758575011542	0.433948479480905	0.01069946526243848
0.57195720996097	-0.2594347933773384	0.8344163504417487	1.027598274299566	0.2738707091811258	0.4799079001607879	0.1678021530012843	-0.1341475150410652	-1.108486174736611	0.08438892872671955	-0.4776652375618938	-0.04408535206115233	1.326052448917236	0.1198076362524305	-0.992079155571179	3.064894302849532	-0.2023806650346863	-0.4141054851702522	-2.371331237707916	-1.03124648297768	1.523273273577663	0.0126556511583071	0.05350151944045784	0.0118321546440917	0.1297311780437418	0.07762307381133923	0.01317455705672378	0.01854795843451735	0.01275551157956639	0.08829062136882547	0.1026609185711131	0.05426018319425366	0.0288407950483427	0.047301450805117	0.01590879634987571	0.01235580676379911	0.2800907797420509	0.3667326815553883	0.01096979578955377	-0.001775169952624116	0.01249914242288708	0.0511455035848752	0.01202505465917487	0.1128243643852273	0.07370644654297423	0.01395638832396606	0.01741689411094533	0.01269639107216126	0.08986796779937477	0.09483881211139393	0.05644717213674437	0.02287908691472494	0.05723391927339296	0.01602676413269755	0.01201742882469874	0.3378303701402321	0.4378505593869625	0.010684646780693
0.5732690384241832	-0.2594984411608555	0.8361553196476499	1.027754718598256	0.2725726831843884	0.4839286806180004	0.1675425194172587	-0.1346830028679175	-1.111560506550366	0.08302888270680459	-0.4756796333208292	-0.0529838610491289	1.325165456872486	0.1187104593174806	-0.9868319088649609	3.065137216442119	-0.1934074473625988	-0.4023174939922826	-2.315706099021388	-1.042307888108666	1.503826907701955	0.01264182476399794	0.0533095292359536	0.01184978871115012	0.1285180814052358	0.07731276335236981	0.01324527402427087	0.01845034035529325	0.01275037470142522	0.08841139311582286	0.1020618945309663	0.05443807343616482	0.02832702073524377	0.04813821788442346	0.01592046563674971	0.01232600458231798	0.2835347128982219	0.3706726300365717	0.0109442924905551	-0.001543470998809717	0.01249464585484639	0.05103665811343826	0.01204342381685965	0.1117481113878356	0.07337579611840969	0.01401866061195384	0.01740534517848615	0.01269656455175053	0.08995363231248614	0.09400529546481828	0.05654703455866274	0.02255957200835156	0.05811193655815351	0.01606050152936148	0.01200993590435331	0.3411762596914956	0.4414491464473503	0.01067163054470774
0.5745808668873964	-0.2595738900568737	0.8378931392446191	1.027909742297694	0.2712817211577396	0.4879497463298508	0.167294840333732	-0.1352031204654009	-1.114561643786695	0.08165415927005273	-0.4737200562367917	-0.06207720500827001	1.324299767059324	0.1176418055145703	-0.9813094999899916	3.065329199185365	-0.1841549585007549	-0.3906721947709559	-2.259739547565953	-1.053623518070724	1.483592541303763	0.01262881060839029	0.05312409061846139	0.01186748615153881	0.1273122121249732	0.07700072631638831	0.01331524472502752	0.01836009678112136	0.01274570021834267	0.08852952167155227	0.1014451942418466	0.0546096954604717	0.02782898751393197	0.04897686293070593	0.01593404202314569	0.01229814474893135	0.286961897410544	0.374583362107093	0.01091987932778755	-0.001311772044995319	0.0124901492868057	0.05092781264200131	0.01206179297454443	0.1106718583904439	0.07304514569384514	0.01408093289994162	0.01739379624602696	0.01269673803133979	0.09003929682559748	0.09317177881824264	0.05664689698058109	0.02224005710197818	0.05898995384291405	0.0160942389260254	0.01200244298400788	0.3445221492427592	0.4450477335077381	0.01065861430872248
0.5758926953506097	-0.2596613990766725	0.8396298372419898	1.028063382696882	0.2699981908994651	0.491971032501846	0.1670594864580876	-0.135708064105004	-1.117489141271517	0.08026444899629584	-0.4717874992974578	-0.07137217407676381	1.32345557369026	0.1166014259804115	-0.9754976033845006	3.065473712356894	-0.1746144094565934	-0.3791903390778525	-2.203437731650918	-1.065136283861924	1.46266123239144	0.01261663630828922	0.05294548542700278	0.01188523935708937	0.1261143097688062	0.07668668951553349	0.01338407062217734	0.01827689517767197	0.01274146699665035	0.08864509055443302	0.1008114898909265	0.05477462061155128	0.02734656734711689	0.04981533565316985	0.01594945558146959	0.01227207675406469	0.2903606009560636	0.3784541654745933	0.01089654600920939	-0.001129738384449737	0.01248790084202125	0.05083885926022724	0.0120801168624235	0.1096299617842133	0.07270403278805564	0.01413266332444035	0.01738925087966495	0.01269735722898686	0.09012184322260465	0.09232271171785819	0.05672340260655928	0.02194774719452905	0.05982156519101788	0.01613019829970854	0.01199541986905453	0.347422754658903	0.4481801071158205	0.01064753944148154
0.5772045238138229	-0.2597612354916505	0.8413654421525146	1.028215676736597	0.2687224807169616	0.4959924763574493	0.1668368398042727	-0.1361980662755914	-1.120342564485632	0.07885954939397143	-0.4698828035512557	-0.08087142308386754	1.322633258183714	0.1155891599703128	-0.969387093635061	3.065569602094649	-0.1647816608208191	-0.3678925877990109	-2.146806686211338	-1.076781007890639	1.441115656702961	0.01260532631267993	0.05277396569281156	0.0119030415924637	0.124925049845768	0.07637040660792727	0.01345139894422628	0.01820043969018278	0.0127376563182663	0.08875817491303095	0.1001613914511296	0.05493246502479311	0.02687964182422163	0.0506518161589984	0.01596664431178548	0.01224766724968059	0.2937201122734104	0.3822751795873577	0.01087428339255787	-0.0009477047239041553	0.01248565239723679	0.05074990587845318	0.01209844075030257	0.1085880651779826	0.07236291988226611	0.01418439374893908	0.01738470551330293	0.01269797642663392	0.09020438961961182	0.09147364461747376	0.05679990823253748	0.02165543728707991	0.06065317653912172	0.01616615767339168	0.01198839675410118	0.3503233600750468	0.4513124807239029	0.0106364645742406
0.5785163522770361	-0.2598736679672781	0.8430999828648336	1.028366661239754	0.2674549856941586	0.500014013072571	0.1666272849636312	-0.1366733772700581	-1.123121484147153	0.07743931364106145	-0.468006739696686	-0.09057540568211027	1.321833304563015	0.1146049026617054	-0.9629718398797437	3.065613260999938	-0.1546550421474681	-0.3567983970602818	-2.089852345556758	-1.088497462758858	1.41903354220891	0.01259491010801842	0.05260978219225097	0.01192089069825454	0.1237453225407431	0.07605164217440744	0.01351685356078495	0.01813049719735642	0.01273427226107779	0.08886871458987836	0.09949518029870705	0.05508251061917319	0.02642844917307305	0.05148344928419504	0.01598564382374714	0.0122248445038662	0.2970277617338524	0.3860350635984234	0.01085307826718222	-0.00082157865024247	0.01248579857568211	0.050681137651605	0.0121168137624195	0.1075872985713914	0.07201131903092954	0.01422457704265854	0.01738821581675503	0.01269953284102903	0.09028032874812233	0.09060094319369752	0.0568442220279847	0.0213985120772066	0.06141012063540015	0.0162064849168154	0.01198306082752821	0.3526918778944528	0.4539066869340909	0.01062722719603931
0.5798281807402494	-0.2599989620675197	0.8448334892983118	1.028516372936902	0.2661961062481043	0.504035567201765	0.1664312050879087	-0.1371342792383287	-1.125825481227173	0.07600370067040881	-0.4661599514823154	-0.1004801218261282	1.321056407380027	0.1136486532666882	-0.9562518748717093	3.065596151564951	-0.1442378699797787	-0.3459247373899872	-2.032580499067147	-1.100224951389482	1.396482320847846	0.01258541379744965	0.0524531590043783	0.01193878476179848	0.1225759404999169	0.07573018397493202	0.01358010147594792	0.0180668602450584	0.01273131843443219	0.0889766552752887	0.09881311171557119	0.05522411449528968	0.02599319821741335	0.05230769835863647	0.01600648565414839	0.01220354495371912	0.3002719554550066	0.3897233568872567	0.01083291890997577	-0.0006954525765807849	0.01248594475412742	0.05061236942475683	0.01213518677453645	0.1065865319648002	0.07165971817959298	0.01426476033637799	0.01739172612020712	0.01270108925542414	0.09035626787663284	0.08972824176992128	0.05688853582343192	0.02114158686733329	0.06216706473167859	0.01624681216023911	0.01197772490095524	0.3550603957138588	0.456500893144279	0.01061798981783802
0.5811400092034626	-0.2601373789140456	0.846565992025836	1.028664848582317	0.2649462413966583	0.5080570547888782	0.1662489793752163	-0.137581068262854	-1.128454141700048	0.07455271678713869	-0.4643430263148576	-0.1105796819178174	1.320303358394835	0.1127204687264733	-0.9492301933496964	3.065507674245039	-0.1335355567288213	-0.3352858513903605	-1.974996694262103	-1.111918435150881	1.3735216585615	0.01257686469217002	0.05230426119186525	0.01195672615343828	0.1214179137306959	0.07540591161283947	0.01364083304922713	0.01800949478925133	0.01272885923990116	0.08908157574401855	0.09811482310236651	0.05535632237589362	0.02557432080781099	0.05312129467805156	0.01602933870021521	0.01218376461599354	0.3034420250504682	0.393332341210232	0.01081378179138729	-0.0006168545946257609	0.0124885475396667	0.05056261605936924	0.01215370312566518	0.1056333081611812	0.0712997438521647	0.01429347826705082	0.01740699809599817	0.01270496478405349	0.09041578644566733	0.08881559546283896	0.05689203582548132	0.0209254954021256	0.0628273997620985	0.0162946857460963	0.01197533981533305	0.3569085131798126	0.4586409902673613	0.010610308395869
0.5824518376666759	-0.2602891663743185	0.8482975231605395	1.028812125127521	0.2637057801318807	0.512078370166645	0.1660809742887694	-0.1380140608940122	-1.131007060749286	0.07308643839213685	-0.462556462363315	-0.1208648201360627	1.319575127029361	0.1118205176435581	-0.9419152644957774	3.065333603184767	-0.1225572515991759	-0.3248909003424113	-1.917105913751239	-1.123542802284538	1.350193927570071	0.01256928696718131	0.05216323593369047	0.01197471696986099	0.1202721636082703	0.07507871661188642	0.01369877408008173	0.01795837014747832	0.01272695170752459	0.08918309626711476	0.09739998497506336	0.05547827972785217	0.02517219833974403	0.05392133086995254	0.01605435261707978	0.01216549993288552	0.3065281739974987	0.3968548669446484	0.01079564605842174	-0.0005382566126707369	0.01249115032520597	0.05051286269398166	0.01217221947679391	0.1046800843575622	0.07093976952473642	0.01432219619772365	0.01742227007178922	0.01270884031268285	0.09047530501470182	0.08790294915575662	0.05689553582753073	0.02070940393691792	0.06348773479251844	0.01634255933195348	0.01197295472971085	0.3587566306457664	0.4607810873904436	0.01060262697389999
0.5837636661298892	-0.2604545636153512	0.8500281156990355	1.028958239688944	0.262475102976043	0.5160993946003354	0.1659275476425873	-0.1384335803956047	-1.133483837771935	0.0716049655139637	-0.4608007250726643	-0.1313254947422594	1.318872742362708	0.1109489991067386	-0.93431734114752	3.065058977510492	-0.1113129104728733	-0.3147458817788097	-1.858912674760268	-1.135080634916218	1.326529329533623	0.01256269971295891	0.05203012574443164	0.01199275974074729	0.1191397730672635	0.07474868584935826	0.01375371149444861	0.01791372847067668	0.01272574638378635	0.08928019308650033	0.09666752495634699	0.05558895533039913	0.02478718218289115	0.05470478582046616	0.01608184260918272	0.01214879018718794	0.3095233559855112	0.4002892573626555	0.01077847759130409	-0.0004568239137732585	0.01249612664594413	0.05047972792122288	0.0121908916820449	0.1037799111475172	0.07057634313753294	0.01434046775949799	0.01745552171321102	0.01271722919215544	0.09050078833590597	0.08693002320830628	0.05685266611613157	0.02053390594649753	0.06404424174373215	0.01640195967379473	0.01197448497625439	0.3601634516881586	0.462659583622355	0.01059617507642275
0.5850754945931023	-0.2606337913491304	0.8517578045166069	1.029103229795895	0.2612545699951981	0.5201199824541154	0.1657890389287625	-0.1388399553991869	-1.135884079096179	0.07010841470367216	-0.459076250099868	-0.1419506452202521	1.318197323465141	0.1101061861253722	-0.9264495609667515	3.064667998240818	-0.09981352753113107	-0.3048509358885009	-1.80042038542119	-1.146530458408473	1.302531723663083	0.01255711982278681	0.05190496796400694	0.01201085670361668	0.1180217291201889	0.07441589778239546	0.01380545652704442	0.01787578416138422	0.01272537658279244	0.08937194330119153	0.09591646885524191	0.05568742529986731	0.02441958153660912	0.05546896808194928	0.01611208797155284	0.0121336701364412	0.3124210619206926	0.4036339155442163	0.0107622461683733	-0.00037539121487578	0.0125011029666823	0.0504465931484641	0.01220956388729589	0.1028797379374721	0.07021291675032948	0.01435873932127234	0.01748877335463283	0.01272561807162804	0.09052627165711012	0.08595709726085596	0.05680979640473242	0.02035840795607714	0.06460074869494585	0.01646136001563597	0.01197601522279793	0.3615702727305508	0.4645380798542665	0.01058972317894551
0.5863873230563156	-0.2608270605606977	0.8534866254812602	1.029247133217942	0.2600445294058113	0.5241399742969655	0.165665777995586	-0.1392335138717095	-1.138207393805708	0.06859690403767099	-0.4573834757727528	-0.1527296439383156	1.317549997402714	0.1092923169579871	-0.9183250296912675	3.06414558289357	-0.08806953383179315	-0.2952054398586652	-1.741631983604692	-1.157887535567529	1.278190808691782	0.01255255355513861	0.05178766279521537	0.01202900674335471	0.1169190659598012	0.07408065715901951	0.01385390856510686	0.01784500359679755	0.01272606557360493	0.08945681524242	0.09514528795995113	0.05577275955376573	0.02406948342353624	0.05621159146635873	0.0161455336692109	0.01212019614210551	0.3152149388074444	0.4068876997946421	0.01074691168560372	-0.0002306495132049549	0.01250823443151205	0.05042673780860617	0.01222831907170796	0.1020349864433945	0.06985198922862738	0.01436831290917795	0.0175460679884412	0.01274073540451417	0.0905003036039479	0.08490792157254012	0.05671915855543939	0.02021870924477633	0.06505945477433496	0.0165364446760618	0.01198199575592441	0.3625301643095528	0.4661694393807558	0.01058423825675231
0.5876991515195288	-0.2610345647011638	0.8552146164267256	1.029389988072457	0.2588453069698844	0.5281591859157208	0.1655580777387382	-0.1396145811966774	-1.140453395308522	0.06707055546244797	-0.4557228826437341	-0.1636530694908129	1.316931884800506	0.1085075510368275	-0.9099563169596524	3.063478477000791	-0.07608988264863176	-0.285807062491335	-1.682549476040335	-1.169152178382193	1.253468604511682	0.01254900643895237	0.05167812011936524	0.01204720887110833	0.1158327249190336	0.07374323888455392	0.01389897837925503	0.01782180001766723	0.01272801106217744	0.08953342786759645	0.09435259332178567	0.05584412413936879	0.02373696111172861	0.05693061423045197	0.01618257394896681	0.01210841808240894	0.3178990954945218	0.4100495063763774	0.01073243863004215	-8.590781153412976e-05	0.01251536589634181	0.05040688246874823	0.01224707425612004	0.1011902349493169	0.06949106170692528	0.01437788649708355	0.01760336262224957	0.01275585273740029	0.09047433555078567	0.08385874588422428	0.05662852070614636	0.02007901053347552	0.06551816085372407	0.01661152933648763	0.0119879762890509	0.3634900558885546	0.4678007989072452	0.01057875333455912
0.589010979982742	-0.2612564892018918	0.8569418161651159	1.02953183260004	0.2576572175636603	0.5321774218561827	0.1654662434904073	-0.1399834805792454	-1.142621698584311	0.06552949302413258	-0.4540949902182136	-0.1747123217076619	1.316344086369869	0.1077519769075082	-0.901355145956414	3.062654577187717	-0.06388256221141971	-0.2766539228470937	-1.623174640304885	-1.180317476771473	1.228317029300185	0.01254646976307545	0.05157608566055663	0.01206545723591852	0.1147635268938718	0.07340407427240908	0.01394068232063522	0.01780668603051575	0.01273145791770321	0.08960029051506944	0.09353683088112349	0.05590079667207891	0.0234218239721239	0.05762458756013088	0.01622375783835407	0.01209839573600056	0.3204677791387665	0.4131157534496665	0.0107187832208478	9.049653033426622e-05	0.01252433745720683	0.05039613576705629	0.01226580116368754	0.1003985598508303	0.06913702073485634	0.01438104083839285	0.01768752997873238	0.01277903015707237	0.09039214439860441	0.08272737004510722	0.05649178107088598	0.0199690651511521	0.06589079892741896	0.01670636282883254	0.01199869746821819	0.3639981090200753	0.4690898214288925	0.01057400219020183
0.5903228084459553	-0.261493006621299	0.8586682653718108	1.029672705008874	0.256480558131824	0.5361944683140172	0.1653905691459585	-0.1403405331323575	-1.144711921572354	0.06397385472400237	-0.4525004157470768	-0.1859012812876583	1.315787631937203	0.1070254689560927	-0.8925302971930044	3.061665004509541	-0.05145266163900582	-0.2677455095491256	-1.56350908293751	-1.191374383951119	1.202672398572058	0.01254493580075199	0.05148133103412002	0.01208374665708874	0.1137122173259462	0.07306355229899038	0.01397903471805748	0.01780011571211212	0.01273662295954705	0.08965605855372817	0.09269658815146527	0.05594212859234611	0.02312389794710611	0.05829221212815366	0.0162695717303933	0.0120901820027699	0.3229156343164091	0.4160830847398267	0.01070590669585658	0.0002669008722026622	0.01253330901807186	0.05038538906536433	0.01228452807125504	0.09960688475234367	0.0687829797627874	0.01438419517970215	0.01777169733521518	0.01280220757674445	0.09030995324642316	0.08159599420599019	0.05635504143562561	0.01985911976882867	0.06626343700111385	0.01680119632117746	0.01200941864738548	0.3645061621515961	0.4703788439505399	0.01056925104584454
0.5916346369091685	-0.2617442845016827	0.8603940056133627	1.029812643369977	0.255315618259874	0.540210104167439	0.1653313445376173	-0.1406860592210531	-1.146723683580664	0.06240378074811721	-0.4509398346849116	-0.1972146868789973	1.315263526366307	0.1063278599324174	-0.8834896987581308	3.060501884818135	-0.03880427980049717	-0.2590800415886479	-1.503554446124895	-1.202329867652623	1.176471059035886	0.01254438358695506	0.05139344398116186	0.01210206911236053	0.1126792708925106	0.07272208911540158	0.01401415967655057	0.01780234224014506	0.01274368088567759	0.08969992919835833	0.09183070011284281	0.05596765294372347	0.02284280678760365	0.05893274001201236	0.01632063620639789	0.01208383590609858	0.325242469217657	0.4189519946926546	0.01069376064049078	0.0003782073480736404	0.01254381077010061	0.05037891389978028	0.01230315561781348	0.09886156862351202	0.06843702007581322	0.01438344383833678	0.01787874158534459	0.01283277993653615	0.09018413819300665	0.0803875208641045	0.0561758713210003	0.01977401311509462	0.06656186378998809	0.01691949899768415	0.01202508946734632	0.3647369709180302	0.471465925667307	0.01056496495239879
0.5929464653723817	-0.2620104836693982	0.8621190801403357	1.029951685347346	0.254162676663069	0.5442240972756771	0.1652888552273098	-0.1410203752569284	-1.148656607054873	0.06081939075873301	-0.4494140272924843	-0.2086501205399929	1.314772690363778	0.1056588516821881	-0.8742378520506366	3.05916049268687	-0.02593820066976409	-0.2506547794483493	-1.44331267536474	-1.21320042793414	1.149656824180672	0.01254479454569943	0.05131205479536066	0.01212041749964637	0.1116651161839514	0.07238005995306439	0.01404616696231678	0.01781358944228809	0.01275278636133987	0.08973117748657465	0.09093810708702672	0.05597694949460948	0.02257821150919556	0.05954549461301517	0.01637750096025862	0.01207940967249263	0.3274480265205004	0.4217228902905462	0.01068230219600218	0.0004895138239446186	0.01255431252212936	0.05037243873419622	0.01232178316437192	0.09811625249468037	0.06809106038883904	0.0143826924969714	0.017985785835474	0.01286335229632785	0.09005832313959014	0.07917904752221884	0.05599670120637498	0.01968890646136057	0.06686029057886232	0.01703780167419083	0.01204076028730715	0.3649677796844644	0.4725530073840741	0.01056067885895303
0.594258293835595	-0.2622917634457013	0.8638435329915015	1.030089868317698	0.2530220088697047	0.5482362120110165	0.1652633868045744	-0.1413437951273375	-1.150510316275626	0.05922078684564824	-0.4479238195736611	-0.2202063096928725	1.314316016659748	0.1050181183694754	-0.8647777511999369	3.057637110854087	-0.01285385793042051	-0.2424668864097362	-1.382786285968638	-1.224009502128339	1.122190827896225	0.01254614900667601	0.05123660998415431	0.01213879063304104	0.1106697911240317	0.07203772661692988	0.01407526539103129	0.0178333490289808	0.01276388854520244	0.08975065309911202	0.09001837371875272	0.05596984468561988	0.02232966654722138	0.0601302416480074	0.01644079176162848	0.01207695573287285	0.3295364109528346	0.424399302578972	0.01067147962808074	0.0005402331358398566	0.01256629513412794	0.050365215389526	0.01234043583416345	0.09740693673291442	0.06775073843646436	0.01438043348880024	0.01809922962466926	0.01289687070248978	0.08992977734708142	0.07790905088550243	0.05578070810023102	0.01962573693102754	0.0670945943982844	0.01718205485841773	0.01206145498625169	0.3650765845356087	0.473557572648304	0.01055660111404801
0.5955701222988082	-0.262588282543284	0.8655674097316366	1.030227229088743	0.2518938874426187	0.5522462073588575	0.165255227766257	-0.1416566276067106	-1.152284441113097	0.05760802263805286	-0.4464700655522857	-0.2318838310541163	1.313894357422597	0.1044053352052586	-0.8551097929056656	3.055929296988193	0.0004515064350148486	-0.2345133528683948	-1.321979153925018	-1.234789064781204	1.094079897073565	0.01254842954269435	0.05116661357749215	0.01215718746294459	0.1096933254845051	0.07169532512548041	0.01410163978563004	0.01786116961546784	0.01277694238590136	0.08975912123854601	0.08907110282434635	0.05594618088557279	0.02209677176865349	0.06068676193062561	0.01651106276774705	0.01207652047190134	0.3315113237050548	0.426984452260124	0.01066124714383393	0.0005909524477350945	0.01257827774612652	0.05035799204485579	0.01235908850395497	0.09669762097114848	0.06741041648408967	0.01437817448062909	0.01821267341386452	0.01293038910865171	0.0898012315545727	0.07663905424878602	0.05556471499408705	0.01956256740069452	0.06732889821770645	0.01732630804264463	0.01208214968519623	0.365185389386753	0.474562137912534	0.01055252336914299
0.5968819507620214	-0.2629002007211619	0.8672907566609827	1.030363804174688	0.2507785853538546	0.5562538405692161	0.1652646696725728	-0.141959178967634	-1.153978615216655	0.05598112288428057	-0.4450536012377139	-0.2436839935916802	1.313508563718401	0.1038201890796795	-0.8452332438309107	3.054034773046762	0.01398156477568115	-0.2267914738086395	-1.260896325731353	-1.245572304125997	1.065367669131335	0.01255164108861484	0.05110140216912669	0.01217562862770232	0.108735258801709	0.07135287161367733	0.01412555932203815	0.0178954220194088	0.01279154506148944	0.08975968257662525	0.08809681332232508	0.05590609665805378	0.02187911113011302	0.06121516201357086	0.01658885057618098	0.0120781414464652	0.3333795523369863	0.429483611017696	0.01065155351332298	0.0006676594015419074	0.012592224503899	0.05034523805047621	0.01237825564706286	0.09601079054835765	0.06707037959917142	0.01437657234305033	0.01830491726583854	0.01295868878350904	0.08973306558455589	0.07533159328367256	0.05531909597525393	0.01952045637701883	0.06750694101226688	0.01749686345434546	0.01210773046964339	0.3652886472706258	0.4755675202156375	0.01054847076727896
0.5981937792252346	-0.2632276798711279	0.8690136216074607	1.030499629659517	0.2496763770337149	0.5602588633928106	0.1652920104116589	-0.1422517506239067	-1.155592483231653	0.05434004991038435	-0.4436751139331816	-0.2556079270403046	1.313159531293872	0.1032625011687364	-0.8351471698792332	3.051949528938194	0.02773988034923755	-0.2192983985154281	-1.199545328161132	-1.256397408156144	1.036180543502584	0.01255578800623033	0.05104038159152017	0.01219413239804231	0.1077951666247375	0.07101038062742882	0.01414726232734577	0.01793466138094792	0.01280733987666764	0.0897551334135257	0.08709597512271566	0.0558497140506941	0.02167631134431014	0.06171552709402875	0.01667463019920249	0.01208185186792508	0.3351472857591816	0.4319016210146831	0.01064235339315854	0.0007443663553487201	0.01260617126167149	0.05033248405609662	0.01239742279017074	0.09532396012556682	0.06673034271425318	0.01437497020547157	0.01839716111781255	0.01298698845836637	0.08966489961453905	0.0740241323185591	0.05507347695642081	0.01947834535334314	0.0676849838068273	0.01766741886604629	0.01213331125409055	0.3653919051544985	0.4765729025187411	0.01054441816541492
0.599505607688448	-0.263570882841333	0.8707360531931339	1.030634741501824	0.248587537806731	0.5642610236836694	0.1653375509766086	-0.1425346415632247	-1.157125696950202	0.05268473305479129	-0.4423351614567432	-0.267656170885107	1.312848196751566	0.1027321775505464	-0.8248511919054146	3.049668066706011	0.04172939055450328	-0.2120311157752549	-1.137934983170211	-1.267300799444976	1.006688682021364	0.01256091655826626	0.05098281039606273	0.01221275252934461	0.1068720848893829	0.07066761801690179	0.01416706346660894	0.01797638101650243	0.01282362517023863	0.08975005964674883	0.08607008994199168	0.05577746977981849	0.02148801476041233	0.06218818747660065	0.0167687620051912	0.01208766359587687	0.3368224199468723	0.4342445970877681	0.01063360050888903	0.0008644728128972592	0.01262303684065092	0.05030978417075269	0.01241793168312404	0.09464426938954466	0.06638422619413212	0.01437607871674893	0.01844192516303671	0.0130017781691674	0.0897084081212348	0.07270723602467682	0.05480626126239901	0.01945717760897427	0.06781306085159544	0.01786230602442747	0.01216333963438163	0.3655606663215866	0.4776353512834996	0.01054030951335723
0.6008174361516612	-0.2639299714552343	0.8724581017741614	1.030769175662363	0.2475123412763481	0.5682600560769482	0.1654015953039628	-0.1428081442814509	-1.15857792578127	0.05101503647392096	-0.4410339300639788	-0.2798270139584036	1.312575606328133	0.1022293146180466	-0.8143476570183431	3.047180769285162	0.0559505236496525	-0.2049852137809763	-1.076076612658175	-1.278320587231791	0.9771467830576767	0.01256706770064991	0.05092802473926152	0.01223153660972147	0.1059651310151394	0.07032437278525282	0.01418524140198501	0.01801835852834145	0.01283977966854898	0.08974859814451809	0.08502052127587469	0.05568975334228006	0.0213139005343368	0.0626334289093559	0.01687156477864614	0.01209558708874122	0.3384121863763987	0.4365181741082351	0.01062525390488895	0.0009845792704457985	0.01263990241963036	0.05028708428540875	0.01243844057607733	0.09396457865352251	0.06603810967401103	0.0143771872280263	0.01848668920826086	0.01301656787996843	0.08975191662793057	0.07139033973079455	0.05453904556837721	0.01943600986460539	0.06794113789636359	0.01805719318280865	0.0121933680146727	0.3657294274886745	0.4786978000482581	0.01053620086129953
0.6021292646148744	-0.2643051055516334	0.8741798186441263	1.030902968226237	0.2464510584704093	0.5722556859171569	0.1654844471576798	-0.1430725475096833	-1.159948849544108	0.04933079645967911	-0.4397713657518311	-0.2921172741596688	1.312342856469439	0.101754061849806	-0.8036406152055973	3.044475837192901	0.07040201838851341	-0.1981566218352921	-1.01398250177381	-1.289479812826271	0.9478398572742853	0.01257431981311633	0.05087523053019831	0.01225056841363564	0.1050729265058346	0.06998023764943895	0.01420215187324684	0.01805798459984004	0.01285505352352866	0.08975552031708858	0.08394955800188847	0.05558724168561544	0.02115363131206956	0.06305174674871333	0.01698318452120656	0.01210559873183301	0.3399221139267388	0.4387242867040514	0.01061727519129438	0.001149812721339499	0.01266058891928214	0.05025035086569032	0.0124611735694005	0.09327739509860071	0.06568061647925599	0.01438313064482792	0.01847212118496529	0.01301410546300425	0.08992946958135904	0.07009011688389305	0.05425793367546403	0.01943499381679217	0.06802495181184201	0.01827290339313637	0.01222708766833781	0.3659136978148947	0.4796842423020549	0.01053203947290835
0.6034410930780877	-0.2646964361947759	0.8759012571064557	1.031036155571766	0.2454039491750843	0.5762476137135165	0.1655864043680054	-0.1433281320785319	-1.161238171032448	0.0476318165258206	-0.4385468761261208	-0.3045201003895729	1.31215114887039	0.1013066050449742	-0.7927388706812888	3.041536672191988	0.08507835115747273	-0.1915403768970762	-0.9516666353559982	-1.30079291483937	0.9190985131225818	0.012582742287495	0.05082371694978478	0.01226992210439307	0.1041942125880061	0.06963484567010918	0.01421810996265267	0.01809294581351632	0.01286878278164662	0.08977512985790576	0.08285927969158101	0.05547054005949231	0.02100690471973922	0.06344357526188084	0.01710375009073477	0.01211767757979573	0.3413572692941562	0.4408647058230644	0.01060963039143755	0.0013150461722332	0.01268127541893393	0.05021361744597187	0.01248390656272368	0.09259021154367891	0.06532312328450098	0.01438907406162955	0.01845755316166973	0.01301164304604008	0.09010702253478754	0.06878989403699155	0.05397682178255086	0.01943397776897894	0.06810876572732041	0.01848861360346409	0.01226080732200292	0.3660979681411148	0.4806706845558515	0.01052787808451717
0.6047529215413008	-0.2651041076418218	0.8776224715370599	1.031168774246084	0.2443712643825783	0.5802355244417079	0.165707758982158	-0.1435751740521581	-1.162445605531247	0.04591788963890069	-0.4373595725501152	-0.3170268223439609	1.312001713699109	0.1008870982994961	-0.7816538269322351	3.038344770452063	0.09997182948566279	-0.1851300941867719	-0.8891430689861236	-1.312270063750812	0.8912516714788025	0.01259240990462258	0.05077265364362712	0.01228969474270667	0.1033273942155075	0.06928774576400393	0.01423351710008343	0.01812157886035263	0.01288052742124642	0.08981075223580258	0.08175236165028286	0.05534046317309241	0.02087334965055108	0.06380957979493387	0.01723323199542662	0.01213176507346242	0.3427221144513619	0.4429393019403907	0.0106022878509225	0.00151150207220148	0.01270599760363514	0.05015896481870981	0.01250948090129954	0.09188486062449273	0.06495163835792615	0.01440223578044365	0.01839546964815981	0.01299611718735777	0.09039836576001289	0.06752446014314881	0.05368784846440477	0.01945113939941212	0.06815478359601623	0.01872171191167852	0.01229734021153616	0.3662837022110626	0.4815108381947401	0.01052367098714634
0.6060647500045141	-0.2655282459354968	0.8793435184828868	1.031300860936116	0.2433532306423123	0.5842190679894637	0.1658487858963458	-0.1438139359811653	-1.163570892558091	0.04418879678967761	-0.4362080139612287	-0.3296252831751781	1.311895803243818	0.100495547361339	-0.770402029376354	3.034878514763015	0.115070534656372	-0.1789167065206687	-0.8264254556874246	-1.323914782738855	0.8646020784799386	0.01260338886690876	0.05072129742588041	0.01230997225412764	0.10247101698218	0.06893853161280027	0.01424872886644094	0.01814240855528074	0.01288989777594825	0.08986538511566598	0.08063123514645389	0.05519774027224544	0.02075263411493626	0.06415034782650954	0.01737160368721898	0.01214780933851081	0.3440207428910185	0.4449479354923419	0.01059521955421601	0.00170795797216976	0.01273071978833635	0.05010431219144774	0.01253505523987541	0.09117950970530656	0.06458015343135133	0.01441539749925776	0.01833338613464988	0.01298059132867546	0.09068970898523823	0.06625902624930606	0.05339887514625868	0.01946830102984529	0.06820080146471204	0.01895481021989295	0.0123338731010694	0.3664694362810104	0.4823509918336285	0.01051946388977552
0.6073765784677274	-0.2659689656058357	0.8810644555903934	1.031432452306742	0.2423500586924991	0.5881978745884529	0.1660097485077056	-0.144044671484896	-1.164613783337631	0.04244431356001703	-0.4350905039451698	-0.3423017749155776	1.31183464685928	0.1001318800561722	-0.7590025479812179	3.031115423819855	0.1303605832879159	-0.1728887366344566	-0.7635261954691632	-1.335737793155893	0.8394120743293432	0.01261571712492172	0.0506688007172015	0.01233084964739526	0.1016235116360636	0.06858683542261082	0.01426419672306301	0.01815539080056455	0.01289696950064706	0.08993932774785619	0.07949850930822648	0.0550432208879318	0.02064431871898376	0.06446677278162896	0.01751874659735183	0.01216572856107156	0.3452586457923628	0.4468925506845973	0.01058839775210042	0.001858462190160102	0.0127589265062732	0.0500281857879843	0.0125637913381773	0.09045113723574846	0.06419515287380995	0.0144384316045479	0.0182546535327697	0.01296202755143181	0.09102715117584301	0.06503584392925135	0.05310600950528296	0.01950073530856029	0.06821760942324472	0.01920316877888682	0.0123724736126015	0.3667132876906622	0.4831249021079938	0.01051517969396725
0.6086884069309405	-0.2664263557780205	0.8827853425608876	1.031563584710866	0.2413619233186558	0.5921715354080507	0.1661908839652294	-0.1442676113431343	-1.165574047913833	0.04068419603332173	-0.4340049761417108	-0.3550409565558721	1.311819364794246	0.09979581183870159	-0.7474774226005299	3.027033313454315	0.1458258455303222	-0.1670315460834937	-0.700454407111663	-1.34775066902531	0.8158423306065367	0.01262942826896139	0.05061440494591671	0.0123524110312613	0.1007834486872338	0.06823232598058963	0.0142803205809114	0.01816048588404518	0.0129018095340477	0.09003284750337673	0.07835655528409237	0.05487766595250886	0.02054801118348604	0.06475964758440506	0.01767455536149054	0.01218545029021165	0.3464408759998419	0.4487749332629419	0.01058179788501664	0.002008966408150444	0.01278713322421005	0.04995205938452085	0.0125925274364792	0.08972276476619037	0.06381015231626856	0.01446146570983805	0.01817592093088953	0.01294346377418816	0.09136459336644777	0.06381266160919666	0.05281314386430724	0.01953316958727529	0.06823441738177739	0.01945152733788068	0.0124110741241336	0.3669571391003139	0.4838988123823591	0.01051089549815898
0.6100002353941537	-0.2669004918728234	0.8845062400471834	1.03169429419673	0.2403889794809886	0.5961396223965877	0.1663924148964481	-0.1444829730629719	-1.166451463552459	0.03890819036861504	-0.4329492474727296	-0.3678272771338004	1.311850992945552	0.09948693839914441	-0.7358491484473545	3.02261096707978	0.1614497481581148	-0.1613303854290908	-0.6372172762537501	-1.359964017905098	0.7939952993746192	0.01264452506115282	0.05055728287565061	0.01237475034192846	0.09994944037081015	0.06787476939943794	0.01429759219484922	0.01815873521451439	0.01290481655791566	0.09014380552190351	0.07720763573211348	0.05470188771516701	0.02046322502555673	0.0650300980214865	0.0178388996931131	0.01220688979127865	0.3475728124068671	0.4505970485733712	0.0105753946977325	0.002128603037219578	0.01281817148401082	0.04985176631433857	0.01262476014715222	0.08897080216165115	0.06341370880955563	0.01449699389817882	0.01810529730502426	0.01292946944632081	0.09168454892780321	0.06263160126305665	0.05251867270313387	0.0195781970226028	0.06823157589435531	0.01971444758064779	0.01245136846423149	0.3672784025836955	0.4846161093842744	0.01050648577853831
0.611312063857367	-0.2673914222512612	0.8862272103491654	1.031824615947225	0.2394313430053847	0.6001016725956544	0.1666145347454047	-0.1446909489651438	-1.167245816480027	0.03711602522474609	-0.4319210578568498	-0.38064534634812	1.311930378746967	0.09920467456983957	-0.7241399781368004	3.017829687444094	0.1772154947698227	-0.1557712049639053	-0.5738178633590773	-1.372387242683142	0.7738565773459778	0.01266100993574191	0.05049669411241917	0.01239795073738119	0.09912022346354933	0.06751395513541898	0.0143164471607602	0.01815106198807193	0.01290634359121286	0.09027027170285486	0.07605380651729958	0.05451661405371846	0.02038952653728167	0.06527912657129922	0.01801166393207424	0.01222997203741609	0.348659412516786	0.4523607053653673	0.01056916583788705	0.002248239666288713	0.0128492097438116	0.0497514732441563	0.01265699285782525	0.08821883955711195	0.0630172653028427	0.01453252208651959	0.01803467367915899	0.01291547511845345	0.09200450448915867	0.06145054091691667	0.0522242015419605	0.0196232244579303	0.06822873440693325	0.0199773678234149	0.01249166280432937	0.3675996660670772	0.4853334063861898	0.01050207605891764
0.6126238923205802	-0.2678991818893046	0.8879483164670617	1.031954584591674	0.2384891103669012	0.6040572072613912	0.1668574222688461	-0.1448917193052064	-1.167956894777713	0.03530742103600503	-0.4309181834713685	-0.3934800675800464	1.312058286808044	0.09894837166275211	-0.7123715933306106	3.012671918293121	0.1931064678977549	-0.1503408439945643	-0.5102578219788853	-1.385029856294736	0.7553727850734836	0.01267888060882054	0.05043188176535272	0.01242211780319583	0.09829461306963133	0.0671497490108504	0.01433739618818873	0.01813836549516762	0.01290672313074965	0.09041027227911257	0.0748969053251754	0.05432257494551519	0.02032643929451355	0.06550799883271902	0.01819275492394115	0.01225463450912316	0.3497060767040736	0.45406819594488	0.01056308774416575	0.002359878516595212	0.01288297627034917	0.04962563226982983	0.01269334102188382	0.08744390402321804	0.06261106741121185	0.01458283395816899	0.017972842574552	0.01290605530201887	0.09230323385856892	0.0603082536891753	0.05192913864636751	0.01967929751963765	0.06821432494959079	0.02025522441303369	0.01253383441933934	0.3680216595844711	0.486015493365622	0.01049748384775604
0.6139357207837935	-0.2684237799285975	0.8896696226101825	1.032084233578851	0.2375623414446136	0.6080057186067492	0.1671212275723014	-0.1450854432650338	-1.168584487464593	0.03348208227610637	-0.4299385431047849	-0.4063169973913058	1.312235335035574	0.09871732847441933	-0.7005641577584338	3.007122006673444	0.2091065240017206	-0.1450283666653373	-0.4465365709917276	-1.397900595805873	0.7384342343507904	0.01269813504778929	0.0503621683215428	0.01244734500778329	0.09747153132227727	0.06678203031899925	0.01436089163327768	0.01812144320444134	0.01290624961657042	0.09056202725361373	0.07373860119186273	0.05412042476109678	0.0202735389077693	0.06571784410535199	0.01838208995782521	0.01228082185189844	0.3507177891043074	0.4557216357876741	0.01055713956377158	0.002471517366901711	0.01291674279688675	0.04949979129550337	0.0127296891859424	0.08666896848932414	0.06220486951958101	0.01463314582981839	0.017911011469945	0.0128966354855843	0.09260196322797914	0.05916596646143393	0.05163407575077453	0.01973537058134501	0.06819991549224834	0.02053308100265248	0.01257600603434931	0.3684436531018649	0.4866975803450543	0.01049289163659443
0.6152475492470068	-0.2689652129938858	0.8913911935003801	1.032213595739098	0.23665107875407	0.6119466854838712	0.1674060867215253	-0.1452722707140109	-1.169128382662591	0.03163970321842242	-0.4289801608401988	-0.419141912335706	1.31246210052209	0.0985108697777746	-0.6887373211186462	3.001164647919839	0.2251996982510552	-0.1398229628273951	-0.3826531963237793	-1.411015378968518	0.7229277087897538	0.01271879089119543	0.05028690931936902	0.01247375812639675	0.0966499647812239	0.06641071999617401	0.01438744565490878	0.01810036457962523	0.01290497380784338	0.09072528578725197	0.07258031059611868	0.05391080325147435	0.02023036719454043	0.06590997538666092	0.01857962565068551	0.012308509490549	0.3517010737119383	0.4573266848586843	0.01055129914524555	0.002576741724009408	0.01295368078118457	0.04934832748228847	0.01277100923400897	0.08587152014410121	0.06178983328927392	0.01470020636697835	0.01784233271560874	0.01288665982079983	0.09291777469537967	0.05805778660116202	0.05133891921266244	0.01980115796454067	0.06818017223139453	0.02082668034108609	0.01262067796846198	0.3690295141897763	0.4874848793544295	0.01048806000742175
0.61655937771022	-0.2695234532552795	0.8931130948206201	1.032342702808196	0.2357553314014898	0.6158795602302088	0.1677121082689717	-0.1454523329870725	-1.169588366887194	0.02977994632803154	-0.4280412454431042	-0.4319410733988231	1.312739105152152	0.09832841923274688	-0.6769096353531857	2.994784828681498	0.2413704956104136	-0.1347142495476927	-0.3186067751831277	-1.424394658947046	0.7087552511427708	0.01274086374568858	0.05020552776784656	0.01250146849707499	0.09582899208831964	0.0660357469901771	0.0144175118413155	0.01807519110214049	0.0129029406507659	0.09089982120853668	0.07142331919633235	0.05369428405055061	0.02019651629862228	0.06608556594538897	0.01878532341439996	0.01233767566281193	0.3526619595033371	0.4588885908107228	0.01054554688425478	0.002681966081117105	0.0129906187654824	0.04919686366907357	0.01281232928207554	0.08507407179887827	0.06137479705896683	0.01476726690413832	0.01777365396127247	0.01287668415601537	0.09323358616278017	0.0569496067408901	0.05104376267455035	0.01986694534773632	0.06816042897054073	0.02112027967951969	0.01266534990257464	0.3696153752776877	0.4882721783638048	0.01048322837824906
0.6178712061734332	-0.2700984609650069	0.8948353927015177	1.03247158604419	0.2348750924565351	0.6198037820673817	0.1680393873162507	-0.1456257521392126	-1.169964225904063	0.02790245159649852	-0.4271200860826864	-0.4447009572124497	1.313066869094995	0.09816949291370811	-0.6650994284696828	2.987967337046642	0.2576036817267924	-0.1296906690013807	-0.2543967367773309	-1.438070866858073	0.695840369723795	0.01276439594549224	0.0501175170831813	0.01253062135823805	0.09500776771381927	0.06565708461619957	0.01445159648017656	0.01804521812304868	0.01289993431571245	0.09108721185585196	0.07026868314969537	0.05347146614712898	0.0201714730575857	0.06624596512200664	0.01899913668210786	0.01236832658068632	0.3536084432670955	0.4604196139178294	0.01053986442581855	0.002788590574867443	0.01303135489930435	0.04902075741171764	0.01285953788112385	0.08425506276487285	0.06095196941643	0.01485288284097043	0.01768063721750408	0.0128603029167615	0.09361426710599284	0.05587104880321728	0.05074989348128096	0.01993948717833872	0.06814144536232564	0.02142940281411963	0.01271312655281393	0.3704453346886175	0.4894444460780122	0.01047815945537122
0.6191830346366464	-0.2706901731187036	0.8965581541993554	1.032600276058032	0.2340103231700098	0.623718763056913	0.1683879928382694	-0.1457926278693861	-1.170255745246591	0.02600679311107753	-0.4262150594045135	-0.4574084945764437	1.313445930627882	0.0980338348328437	-0.6533247554897526	2.980696328927861	0.2738846165803621	-0.1247382161781425	-0.1900233863153445	-1.452086929262371	0.6841595320313425	0.01278942496123736	0.05002242357866656	0.01256134527279332	0.09418552336934456	0.0652747090030872	0.01449014788856278	0.01800982032529476	0.01289576365241353	0.09128887919995958	0.06911736020690737	0.05324288673261426	0.02015478110329174	0.06639238007607799	0.01922102409494166	0.0124004677354137	0.3545479215281939	0.4619311421602848	0.01053423552598706	0.002895215068617782	0.01307209103312631	0.04884465115436171	0.01290674648017217	0.0834360537308674	0.06052914177389319	0.01493849877780255	0.01758762047373568	0.01284392167750764	0.09399494804920548	0.05479249086554447	0.0504560242880116	0.02001202900894112	0.06812246175411055	0.02173852594871957	0.01276090320305321	0.3712752940995473	0.4906167137922196	0.01047309053249338
0.6204948630998597	-0.2712985153847683	0.898281446843526	1.032728803283277	0.2331609691651115	0.6276239012682554	0.1687579811364525	-0.1459530477674602	-1.170462710943535	0.02409251189006593	-0.4253245504994067	-0.4700508603292479	1.313876836480325	0.09792127137469477	-0.6416032621344726	2.972955674313768	0.2901989762265735	-0.1198439906861618	-0.1254876411842307	-1.466472158316749	0.6737175169082077	0.01281600994583952	0.04991988351587504	0.01259380130840848	0.09336160138352104	0.06488866252316761	0.01453366950541245	0.01796786948753832	0.01289005868928281	0.09150760413506967	0.06797019796118842	0.05300918847449588	0.02014578288778323	0.06652626583765976	0.01945082491416104	0.01243411399697551	0.3554838606026151	0.4634335395253982	0.01052865065259057	0.002998908601316388	0.01311716707176404	0.04864552876451779	0.01296075206787166	0.08259754900907101	0.06010018288136368	0.01504452706653073	0.01745790743239154	0.01281682848771224	0.09447870510410734	0.05374177449355785	0.05016675703650593	0.02008608923530425	0.06811219669686848	0.02206038771645192	0.01281200442006488	0.3722168546162546	0.492150712016052	0.01046791387523283
0.6218066915630729	-0.2719233914302482	0.9000053391462387	1.032857197965498	0.2323269455717641	0.6315185660893828	0.1691493840437757	-0.1461070774709081	-1.17058491170831	0.02215910034802492	-0.4244468878261003	-0.482615722358595	1.314360163716699	0.09783176120803859	-0.6299521699808676	2.964728707604509	0.3065331063535898	-0.1149957916322389	-0.06079165375201784	-1.481252817354514	0.6645743010279807	0.01284420325878814	0.04980957098774504	0.01262813203386079	0.09253540448379889	0.06449898349337159	0.01458260703763108	0.01791836428087306	0.01288249174762545	0.09174589076447513	0.06682796416347322	0.05277094780934842	0.02014389417728538	0.06664892546931873	0.01968839675960132	0.01246927851939755	0.3564194678172567	0.46493643884991	0.010523101369606	0.003102602134014993	0.01316224311040178	0.04844640637467386	0.01301475765557116	0.08175904428727464	0.05967122398883418	0.01515055535525892	0.01732819439104739	0.01278973529791684	0.09496246215900919	0.05269105812157123	0.04987748978500026	0.02016014946166738	0.06810193163962641	0.02238224948418425	0.01286310563707655	0.3731584151329619	0.4936847102398845	0.01046273721797229
0.6231185200262862	-0.2725646942489732	0.9017299001269389	1.032985490334577	0.2315081527064502	0.635402112246652	0.1695622215933723	-0.1462547730876602	-1.170622138424108	0.02020604166093667	-0.4235803357921292	-0.4950910305600573	1.314896480951981	0.09776522589402421	-0.6183878562700561	2.955998807670366	0.3228736776282223	-0.11018553634519	0.004061644498901383	-1.496418415860514	0.6568115071218286	0.01287406724613052	0.04969123844747664	0.01266451381438769	0.09170647069006288	0.06410579078531733	0.01463748064163719	0.01786022519078807	0.01287269514811903	0.09200708744181192	0.06569142531419042	0.05252888119063914	0.02014831150087652	0.06676199172407683	0.01993341138197515	0.0125059775899278	0.3573488223550578	0.4664363039619907	0.01051758838778527	0.003191235016399975	0.01321195589034408	0.0482257789506197	0.01307651708354769	0.0809039663671763	0.05923823212291893	0.01527929196610539	0.01715867665193823	0.01275058848802012	0.09557530687348205	0.05166897044825918	0.04959703808146099	0.02022990325084992	0.06811055052841408	0.02271239087906684	0.01291762011289797	0.3738833448520759	0.4950819275395518	0.01045764753939532
0.6244303484894994	-0.2732222962807213	0.9034551997761056	1.033113710305446	0.2307044635829255	0.6392738657749087	0.1699964910939173	-0.1463961824801215	-1.170574188607761	0.01823285875209799	-0.4227229848301947	-0.5074653326668842	1.31548632989188	0.09772138374126968	-0.6069251628517651	2.946749788558029	0.3392080352793393	-0.1054118792096749	0.06906759985864783	-1.511933995644256	0.6505464426195428	0.01290565709240888	0.04956466394701056	0.01270310275153172	0.09087438070687191	0.06370919158943288	0.01469875072640277	0.0177924937605313	0.01286034321118607	0.09229420773132846	0.06456127487779602	0.05228363125820568	0.02015832141389312	0.06686692804524096	0.02018557817740846	0.01254422561539078	0.3582664440104149	0.4679298468945636	0.01051211233521816	0.003279867898784955	0.01326166867028638	0.04800515152656554	0.01313827651152422	0.08004888844707796	0.05880524025700366	0.01540802857695187	0.01698915891282907	0.01271144167812341	0.09618815158795489	0.05064688277494712	0.04931658637792171	0.02029965704003247	0.06811916941720175	0.02304253227394943	0.01297213458871939	0.3746082745711898	0.496479144839219	0.01045255786081836
0.6257421769527125	-0.2738960601316824	0.9051813085522572	1.033241887501771	0.2299157384875358	0.6431331387303226	0.1704521789990228	-0.1465313528091512	-1.170440864127301	0.01623910383413844	-0.4218728170403457	-0.5197278320282782	1.316130221953776	0.09769983210588921	-0.5955782284866658	2.936966348773403	0.3555242656637852	-0.100673170564484	0.1342213650662428	-1.527771929026889	0.6458975225914028	0.01293901263322987	0.04942966353267127	0.01274408985938508	0.09003885952392914	0.06330939569924583	0.01476699377918641	0.01771483828789355	0.01284529257497284	0.09260971537286165	0.063438155920176	0.05203593915646147	0.02017303572692074	0.06696552265269302	0.02044448436880407	0.0125840508718159	0.3591664879999668	0.4694123227555754	0.01050667899368878	0.00337538350960144	0.01331574483572387	0.04776367544474137	0.01320879056536504	0.0791806023117877	0.05837095416338954	0.01556274022468885	0.0167929533450038	0.01266394053669404	0.09691965630286928	0.04965287730104477	0.04904821507606456	0.02036012965115457	0.06815692491407263	0.02337775123181731	0.01303039599012151	0.3750953947425131	0.4976780309558714	0.01044767197313694
0.6270540054159258	-0.2745858308837512	0.9069082977246302	1.033370050601358	0.2291418147582801	0.646979218465453	0.1709292524090884	-0.146660329376387	-1.170221975262064	0.0142243834657818	-0.4210276182487334	-0.531869287276455	1.316828572729449	0.09769989209101992	-0.5843591545202966	2.926635542662503	0.3718121531449473	-0.09596893415207972	0.1995181695385824	-1.543897702140499	0.6429707598132702	0.01297416912295961	0.04928607215862343	0.01278764419520151	0.08919965777429717	0.06290659214246822	0.01484271996614006	0.01762696368059298	0.01282741620640963	0.09295582504148839	0.06232264933200887	0.05178646964243923	0.02019166607429061	0.06705937925850691	0.02070976459127331	0.01262547837710372	0.3600435422401838	0.4708793183244034	0.01050129347837534	0.003470899120417923	0.01336982100116136	0.04752219936291719	0.01327930461920587	0.07831231617649745	0.05793666806977541	0.01571745187242582	0.01659674777717852	0.01261643939526467	0.09765116101778366	0.0486588718271424	0.04877984377420741	0.02042060226227667	0.06819468041094352	0.02371297018968519	0.01308865739152363	0.3755825149138364	0.4988769170725239	0.01044278608545552
0.628365833879139	-0.2752914459069591	0.9086362389018028	1.033498227629673	0.2283825196011615	0.6508113816081863	0.1714276698906303	-0.1467831570812687	-1.169917336308956	0.01218833114400658	-0.4201850874366674	-0.543881745227588	1.317581712740928	0.09772073715039568	-0.5732784401082929	2.915746538818242	0.3880628736207135	-0.09129856940162169	0.264954233984635	-1.560286221204671	0.6418431222145409	0.01301110566596383	0.04913372463601394	0.01283396507182031	0.08835668174284651	0.06250111632696892	0.01492660797272746	0.01752980674351999	0.01280695048120123	0.09333221754561465	0.06121514466391243	0.05153593447297253	0.02021326408882181	0.06715042979126869	0.02098104555107732	0.01266854894577421	0.360894343706632	0.4723272901549934	0.01049596141227282	0.003559741083440185	0.01342703581396047	0.04725966992746548	0.01335948659698059	0.07743467951546223	0.05750502956715067	0.01590267103734578	0.0164017103215154	0.01256865025733747	0.0984368032842229	0.04768872308881932	0.04852556803910914	0.02046705542651522	0.06827209917802225	0.02405259214778543	0.0131510575910666	0.3759026402255347	0.4999050183666337	0.01043812215824122
0.6296776623423523	-0.2760127315653294	0.9103652040819977	1.03362644487722	0.2276376656345544	0.6546288905216872	0.1719473777269616	-0.1468998802495994	-1.169526765876871	0.01013062329404087	-0.4193428544608437	-0.5557605743323943	1.318389757002769	0.09776121000027216	-0.5623422661998018	2.904293857765771	0.4042712060606696	-0.08666202096391459	0.3305284071818784	-1.576913494080671	0.6425166818545722	0.01304980375218705	0.04897247270178687	0.01288322887831007	0.08750984673082701	0.06209327031571851	0.01501925829191917	0.01742419840255906	0.0127841047154846	0.09373860103271534	0.06011599263919796	0.05128497197077163	0.0202369881913003	0.06724040745895497	0.02125799688499146	0.01271329869426925	0.3617158678565087	0.4737529405892872	0.01049068776971543	0.003648583046462447	0.01348425062675959	0.04699714049201378	0.0134396685747553	0.07655704285442702	0.05707339106452593	0.01608789020226573	0.01620667286585229	0.01252086111941027	0.09922244555066212	0.04671857435049624	0.04827129230401087	0.02051350859075376	0.06834951794510095	0.02439221410588569	0.01321345779060957	0.3762227655372329	0.5009331196607436	0.01043345823102692
0.6309894908055655	-0.2767495108954271	0.9120952653131101	1.033754727549183	0.2269070610918575	0.6584310039776167	0.1724883184089023	-0.1470105437688202	-1.169050082952253	0.008050959826099657	-0.4184985653290025	-0.5675031083349366	1.319252676369044	0.09781995037860118	-0.5515537780083051	2.892275247302987	0.4204340212495606	-0.08206179841457482	0.3962410919140541	-1.593748084205056	0.6449473092218631	0.01309017137354562	0.04880216457947995	0.01293564220132357	0.08665918529393705	0.06168349149212342	0.01512147464730792	0.0173118691053196	0.01275934627304269	0.09417180447363013	0.05902527583411481	0.05103420883657613	0.02026188324615051	0.06733125617479364	0.02154037301128771	0.01275978030706951	0.3625069893973492	0.4751471346890229	0.01048547474473837	0.003702965139131007	0.01354291390710137	0.04671329434493519	0.0135304410869784	0.07567307830826848	0.0566481964973803	0.01630906882662376	0.01603450632611574	0.01247890853290655	0.09998488355436226	0.04576589230832447	0.04803164319683088	0.02054220095724277	0.06847430744001358	0.0247377531070327	0.01328042138082198	0.3764411050200801	0.5015575031402434	0.01042896023742993
0.6323013192687787	-0.2775016062656139	0.9138264943065979	1.033883098057911	0.2261905149365697	0.6622169831738367	0.1730504332340588	-0.1471152014849968	-1.168487103116435	0.005949100694357619	-0.417650026653742	-0.579111249439651	1.320170115289612	0.09789512509997346	-0.5409089954880191	2.879695733852814	0.4365530840317969	-0.07750563584344641	0.4620957789438871	-1.610752771418003	0.6489954914613648	0.01313212706932748	0.04862266400412319	0.01299138785206918	0.08580472736596229	0.0612721736317076	0.01523396800976956	0.01719435473063148	0.01273308910631414	0.09462897079243786	0.05794306683160751	0.0507842070039909	0.02028710176157614	0.06742472016477415	0.02182795665685824	0.01280804040813326	0.3632666618746948	0.4765013710296071	0.01048032427723282	0.003757347231799568	0.01360157718744315	0.0464294481978566	0.01362121359920151	0.07478911376210994	0.05622300193023468	0.0165302474509818	0.01586233978637918	0.01243695594640284	0.1007473215580624	0.04481321026615271	0.04779199408965091	0.02057089332373178	0.06859909693492619	0.0250832921081797	0.01334738497103439	0.3766594445029274	0.5021818866197431	0.01042446224383294
0.633613147731992	-0.2782688427771168	0.9155589623967691	1.034011577108989	0.225487841073138	0.6659860953183004	0.1736336662159808	-0.1472139139826199	-1.16783763829439	0.003824827488353801	-0.4167951855382108	-0.5905891531050628	1.32114159217495	0.09798473752773262	-0.530401014922052	2.866563434229394	0.4526326616489501	-0.07299957689539013	0.5280969861656095	-1.627920919301372	0.6544955881499022	0.0131755700025833	0.0484338813872583	0.01305070099369732	0.08494648311547211	0.06085971710537049	0.01535762982938732	0.01707274834594645	0.01270560624476349	0.09510715149834825	0.05686929363176806	0.05053546670035873	0.02031180812962069	0.06752250677031313	0.02212063003894535	0.01285815069645928	0.3640041451470469	0.4778158453913648	0.01047523310844737	0.003846689595472074	0.01366114118854105	0.04612527146702394	0.01372401100785159	0.07389835207272547	0.05580491294013422	0.01679247832765913	0.01570492186030198	0.0123981968137927	0.101480174404654	0.04387441627675535	0.04756616895126203	0.02058096642982849	0.06877267254128991	0.02543676073611247	0.0134195437187412	0.3771522459538922	0.5027307024667782	0.01042001570343688
0.6349249761952052	-0.2790510561229047	0.917292739878837	1.034140181758643	0.224798870258834	0.6697376260787195	0.1742379724861382	-0.1473067512762804	-1.167101491043153	0.001677918800195741	-0.415932305791394	-0.6019447749153015	1.322166400470098	0.09808661146241109	-0.5200174697964384	2.852891339281836	0.4686811995564262	-0.06854836070246938	0.5942509073752614	-1.645262591643177	0.6612511049287615	0.01322041090203072	0.04823573615505729	0.01311378971166504	0.08408446216107573	0.06044648228286236	0.01549324843889589	0.01694802028944018	0.01267713952784037	0.09560369213288257	0.05580388896242805	0.050288436330278	0.02033526091586131	0.06762614790900531	0.02241828904643245	0.01291017462744401	0.3647280143352895	0.4790907341119813	0.01047019835318764	0.003936031959144581	0.01372070518963895	0.04582109473619128	0.01382680841650168	0.073007590383341	0.05538682395003377	0.01705470920433645	0.01554750393422477	0.01235943768118256	0.1022130272512456	0.04293562228735798	0.04734034381287314	0.0205910395359252	0.0689462481476536	0.02579022936404523	0.01349170246644802	0.3776450474048572	0.5032795183138132	0.01041556916304082
0.6362368046584185	-0.2798480896270795	0.9190278963887161	1.03426892713142	0.2241234450963774	0.6734708732920724	0.1748633152974858	-0.147393787465101	-1.166278458316364	-0.0004918595921068027	-0.4150598250560218	-0.6131869065766242	1.323243795329866	0.09819858147320254	-0.5097446377470969	2.838692980794144	0.4847080854121859	-0.06415652497586044	0.6605633660827744	-1.662796179111561	0.6690864517074864	0.01326660236276062	0.04802824113655867	0.01318094116912327	0.08321853213738076	0.06003269373106296	0.01564175347932296	0.01682025813502866	0.01264765424927881	0.09612020050757894	0.05474690882472288	0.05004353269182479	0.02035679293745601	0.06773696985859745	0.02272082373486258	0.01296418719504529	0.3654489964474036	0.4803333792630854	0.0104652138940221	0.004023814906817334	0.01378200039449206	0.04549879228723226	0.01394370632919402	0.07210632502552961	0.05497287848938903	0.01736230945677228	0.01538590959314677	0.01231792914725835	0.1030270674770304	0.0420136685093522	0.04712813644979107	0.0205832148299174	0.06916544171427087	0.02615135925097623	0.01356940415130863	0.3785033555500442	0.5040338453518317	0.01041109747503529
0.6375486331216318	-0.2806598028512372	0.9207645002598538	1.034397824672726	0.2234614334686166	0.6771851581540369	0.1755096753891374	-0.1474751032203255	-1.165368328204194	-0.002684785710068669	-0.4141764260430768	-0.6243253230170318	1.324373032303966	0.09831860610338515	-0.4995673347743151	2.823981536301962	0.5007239259684759	-0.05982704685580239	0.7270386736409501	-1.680553373180808	0.6778969971968868	0.01331410241918197	0.04781140750694532	0.01325240945006229	0.08234857337829533	0.05961855354555493	0.01580396672597903	0.0166895396441312	0.01261711966412826	0.09665812238238773	0.05369840168520759	0.04980112926884888	0.02037581214533399	0.06785616239276127	0.02302813694117987	0.01302025477074867	0.3661770306905617	0.4815506098150448	0.01046027431636821	0.00411159785449009	0.01384329559934518	0.04517648983827324	0.01406060424188637	0.07120505966771822	0.0545589330287443	0.0176699097092081	0.01522431525206877	0.01227642061333414	0.1038411077028153	0.04109171473134642	0.04691592908670899	0.0205753901239096	0.06938463528088815	0.02651248913790722	0.01364710583616925	0.3793616636952313	0.5047881723898502	0.01040662578702977
0.638860461584845	-0.2814860640655933	0.9225026191706156	1.034526884069527	0.2228127169556016	0.6808798132865873	0.1761770429631598	-0.1475507825558616	-1.164370885308537	-0.004901156922760039	-0.4132808691117205	-0.6353699530657435	1.325553356173262	0.09844469015708893	-0.4894695519693069	2.808769937721754	0.5167394915235375	-0.05556596774242355	0.7936808520033845	-1.698541332079482	0.6875984090979433	0.01336287699666397	0.04758529154968436	0.01332852530921054	0.081474374613263	0.05920420383017315	0.01598091541963334	0.01655647218014828	0.01258563913671915	0.09721893474352365	0.05265863950559331	0.04956162936233893	0.02039175454996082	0.06798476226432451	0.02334003329845704	0.01307842222734236	0.366914939440588	0.4827441285027785	0.01045537489521756	0.004150704965477087	0.0139064453777452	0.04483720096287135	0.01419368745401745	0.07029076827193452	0.05414787859860423	0.01802872092711402	0.01507075727461986	0.01223515937428178	0.104739333910663	0.04019215393795107	0.04671854863279603	0.02054952426991106	0.06964716489449113	0.02687887713992895	0.01372995337051246	0.3803381029096969	0.5055566110021213	0.01040213728922629
0.6401722900480582	-0.2823267590257189	0.9242423194732537	1.034656111573885	0.2221772059586267	0.6845541935471097	0.176865427203935	-0.147620923495245	-1.163285907273486	-0.007141275876220972	-0.4123720399185085	-0.6463308613876115	1.326784005822701	0.09857490122235568	-0.4794343428155031	2.79307067804517	0.5327657169595961	-0.0513832654382128	0.8604938350608897	-1.716758931464011	0.6981317493303006	0.01341289593266771	0.04734994340543012	0.01340958137543995	0.08059574467708025	0.05878977243764677	0.01617350727930276	0.01642159495239656	0.01255330422577154	0.09780396512129842	0.05162786571710797	0.04932539423088799	0.02040411958460751	0.06812369919680937	0.02365634000136147	0.01313872927456776	0.3676653383720114	0.4839155179384874	0.01045051144840125	0.004189812076464085	0.01396959515614521	0.04449791208746946	0.01432677066614853	0.06937647687615084	0.05373682416846416	0.01838753214501995	0.01491719929717095	0.01219389813522942	0.1056375601185107	0.03929259314455572	0.04652116817888308	0.02052365841591252	0.0699096945080941	0.02724526514195068	0.01381280090485568	0.3813145421241624	0.5063250496143925	0.01039764879142281
0.6414841185112714	-0.2831817824455221	0.9259836668467764	1.034785511754328	0.221554826022486	0.6882076648403356	0.1775748470388538	-0.1476856333847976	-1.162113168130698	-0.009405442096919511	-0.4114488748698349	-0.6572184580421983	1.32806418372826	0.09870732513641743	-0.4694440671550372	2.77689690533534	0.5488138908049923	-0.04728983729494891	0.9274829439735677	-1.735200936885686	0.7094148332918291	0.01346418606736154	0.04710546215339462	0.01349597937263178	0.07971243654676777	0.05837532068810283	0.01638284563102516	0.01628546906111334	0.01252020625860228	0.09840798375722903	0.05060668911116609	0.04909281336770629	0.02041251778417969	0.06827379286201314	0.02397671299068823	0.01320118182149735	0.3684288382212786	0.4850642579835492	0.01044568160525113	0.004219286909886258	0.014035853024265	0.04414291944885607	0.01447891396034648	0.06844749865916526	0.05332715352119909	0.01880330820065046	0.0147728819727881	0.01215300053371855	0.1064452150657955	0.03842467338219725	0.04633976833118193	0.02048164686712896	0.07021402971019548	0.02761270039925797	0.01390008249488569	0.3823391094943349	0.5070272432091599	0.01039317871564187
0.6427959469744846	-0.284051047324164	0.9277267255035867	1.034915085898413	0.2209455342098738	0.6918396170034705	0.1783053410821279	-0.1477450405174174	-1.160852429204972	-0.01169394142439098	-0.4105105195908022	-0.6680432410985281	1.329393010436133	0.09884012446491346	-0.4594803262529611	2.76026283692685	0.5648952352717587	-0.04329873715469394	0.9946573871273405	-1.753856932583524	0.7212906161611005	0.01351677116605307	0.04685193632113251	0.01358807468865331	0.07882422672701361	0.05796090373678571	0.01660990499860303	0.01614859262812562	0.01248642613383267	0.09902628581517467	0.04959565681059785	0.04886423552267426	0.02041660336959558	0.06843577796037698	0.02430084776224666	0.01326578509158107	0.3692060051204687	0.4861898621273863	0.01044088326713743	0.004248761743308429	0.01410211089238479	0.04378792681024267	0.01463105725454443	0.06751852044217968	0.05291748287393403	0.01921908425628097	0.01462856464840525	0.01211210293220768	0.1072528700130804	0.03755675361983878	0.04615836848348077	0.0204396353183454	0.07051836491229688	0.02798013565656525	0.0139873640849157	0.3833636768645073	0.5077294368039272	0.01038870863986094
0.6441077754376979	-0.2849344756740926	0.9294715588859507	1.03504483371191	0.220349303543545	0.6954494521475719	0.1790569575570948	-0.1477992847203898	-1.159503443351342	-0.01400705165282522	-0.4095562625742564	-0.678813887503108	1.330769705197437	0.09897159604566062	-0.4495269711796813	2.74317975176441	0.5810189593996198	-0.03942234157696066	1.06202506325094	-1.772720081224617	0.7336475301736088	0.01357088219135895	0.04658958983490819	0.01368642539368179	0.07793071893139061	0.05754633470875544	0.01685569526956942	0.01601037771587736	0.01245167476892289	0.09966607309254406	0.04859594185163393	0.04864000245328366	0.02041630575447674	0.0686101284673834	0.02462817291617479	0.01333251581159464	0.3699979513465893	0.4872922809358746	0.010436115564576	0.004285113997386942	0.01417621174760113	0.04342067487003284	0.01480734781654218	0.06657011893211819	0.05250321090537524	0.01969403143367128	0.01446933869652451	0.01206330027561022	0.1082849090309415	0.036736427642316	0.04599322154368391	0.0203873661285566	0.07085886957039994	0.02834198921859253	0.01407844181475034	0.3844572958244527	0.5083818735151725	0.01038428187901649
0.645419603900911	-0.2858319997335394	0.9312182293522325	1.035174752257238	0.2197661291303308	0.6990365840474081	0.1798297553364598	-0.1478485260406542	-1.158065954123444	-0.016345038093667	-0.4085854496475633	-0.689533412901434	1.332193809382278	0.09910042051800734	-0.4395748990023978	2.725649707681512	0.5971880310851728	-0.03567139400358947	1.129588709220799	-1.791782946846755	0.7465315844011927	0.01362672361385025	0.0463186231227249	0.013791525158264	0.07703155446288457	0.05713144556344573	0.01712110776391173	0.01587030247134929	0.01241569609777968	0.1003338231895207	0.04760859956883771	0.04842042000289226	0.02041156211304145	0.0687972687856859	0.02495818253670978	0.01340135337864631	0.3708057078211285	0.4883714661648277	0.01043137772749682	0.004321466251465456	0.01425031260281747	0.04305342292982301	0.01498363837853992	0.06562171742205671	0.05208893893681646	0.02016897861106158	0.01431011274464376	0.01201449761901276	0.1093169480488025	0.03591610166479323	0.04582807460388705	0.0203350969387678	0.07119937422850302	0.02870384278061981	0.01416951954458499	0.3855509147843981	0.5090343102264178	0.01037985511817205
0.6467314323641243	-0.2867435531419675	0.9329667989219147	1.035304837532129	0.2191960125254235	0.702600426386619	0.180623794503657	-0.1478929336101557	-1.156539703492162	-0.01870816000503511	-0.4075973595294076	-0.7002025069288915	1.333664951745344	0.09922547308813837	-0.4296177519325194	2.707671726960462	0.6134027415668685	-0.03205617554121071	1.197351016804885	-1.811039371444492	0.7600050338497205	0.0136845106985691	0.04603919087950402	0.01390404354300069	0.07612629456169633	0.05671604866839232	0.01740735430050397	0.01572957057543755	0.01237881045058372	0.1010323182194691	0.04663499286277961	0.04820580111472984	0.02040243252522154	0.06899724765878083	0.02529018424399592	0.01347222345418441	0.3716305460089026	0.4894276080341884	0.01042666983274635	0.004305414489450792	0.01433277696194623	0.04267307145079608	0.01518874758357735	0.06465142777878662	0.05166936756732269	0.02071173843456684	0.01417467506780173	0.01197049848361972	0.1104828448830519	0.03515203267598154	0.04567974403226122	0.02027532325797166	0.07156705501198161	0.02905506603315229	0.01426314794090612	0.386723935384351	0.5096463005191552	0.01037548973219505
0.6480432608273375	-0.2876690675459667	0.9347173290548205	1.035435083869894	0.218638962740306	0.7061403875818557	0.1814391319086179	-0.1479326939835578	-1.154924426906007	-0.02109666622258672	-0.4065911823773452	-0.710818201217097	1.335182863594161	0.09934597538092731	-0.4196533619193653	2.689240764827272	0.6296591022861352	-0.02858632695310428	1.265316752201581	-1.830483595538098	0.7741068878767667	0.01374443401394641	0.04575143158539838	0.01402457275337624	0.07521454218261094	0.05629997535944857	0.01771550419512602	0.01558925044400905	0.01234130157474056	0.1017640580916688	0.04567634668318014	0.04799642569367805	0.02038897014628794	0.06921010804785202	0.02562356483533421	0.01354506024153704	0.3724736443203059	0.4904608816121739	0.01042199194783733	0.004289362727436127	0.01441524132107499	0.04229271997176916	0.01539385678861478	0.06368113813551653	0.05124979619782892	0.0212544982580721	0.01403923739095971	0.01192649934822669	0.1116487417173012	0.03438796368716986	0.04553141346063538	0.02021554957717553	0.07193473579546021	0.02940628928568477	0.01435677633722725	0.3878969559843038	0.5102582908118926	0.01037112434621805
0.6493550892905507	-0.2886084717412272	0.9364698809680041	1.035565484968757	0.2180949904672069	0.7096558716514645	0.1822758205879642	-0.1479680022216788	-1.153219854476221	-0.02351080070905084	-0.4055660972142372	-0.7213780247776312	1.336747145685977	0.09946122550822453	-0.4096785478746806	2.670354399495138	0.6459534561136153	-0.02527214445901727	1.333496887301584	-1.850110421884035	0.7887346826729948	0.01380666530523609	0.04545539900335426	0.01415391699119093	0.07429587901354462	0.05588307947333614	0.01804707698202004	0.01545149947998789	0.0123039743106568	0.1025063718413795	0.04473418728809718	0.04779259358657408	0.02037134660908357	0.069435399186489	0.02595749348560535	0.01361971906281421	0.373335823339162	0.4914717258962975	0.01041734500750791	0.004350481015606355	0.01450589907987578	0.04189739947675465	0.015633417263535	0.06268798596918922	0.05082527759089308	0.0218769709434674	0.01395380983407049	0.01189947183604323	0.1122690704863597	0.0336888227490619	0.04540074457723194	0.02015107667346362	0.0723170533775213	0.02974094562001339	0.01445107784580617	0.3891378883214853	0.5108404736226592	0.01036683996226467
0.6506669177537641	-0.2895616907814916	0.9382245148754671	1.035696033504679	0.2175641135647122	0.7131462838878235	0.183133907198971	-0.147999072528994	-1.151425682951914	-0.02595079933970374	-0.4045217936663243	-0.7318801698941112	1.338357050331345	0.09957075646360483	-0.3996882965770773	2.651016509523928	0.6622821657607177	-0.02212522150192123	1.401918597876991	-1.869915800184431	0.8034070367541128	0.0138713566067385	0.04515114124568778	0.01429278741749776	0.07336992668425868	0.05546522967764399	0.01840341324023403	0.01531823229739423	0.01226754156835463	0.1032388714169917	0.04380988484848708	0.04759457284815664	0.02034971411939773	0.06967271621556995	0.02629123413499399	0.01369607186845029	0.3742178435702596	0.4924605478996297	0.01041272983854454	0.004411599303776585	0.01459655683867657	0.04150207898174015	0.01587297773845522	0.06169483380286189	0.05040075898395725	0.0224994436288627	0.01386838227718127	0.01187244432385977	0.1128893992554181	0.03298968181095396	0.04527007569382852	0.0200866037697517	0.0726993709595824	0.03007560195434199	0.01454537935438509	0.3903788206586668	0.5114226564334258	0.01036255557831128
0.6519787462169773	-0.2905286476663509	0.9399812903071888	1.035826721823885	0.2170463538553385	0.7166110331641836	0.1840134345636393	-0.148026129334075	-1.149541582989024	-0.02841689370351076	-0.4034584351226225	-0.7423184191397706	1.340012024481053	0.09967442246126151	-0.3896830486525898	2.631224976037561	0.6786365887661091	-0.01915605723298334	1.470607685145492	-1.889893248987159	0.8176900305869456	0.01393906071103246	0.04483890026127272	0.01444237171383393	0.07243606679782547	0.05504593788024057	0.0187857406044463	0.01518948925356417	0.01223202816970837	0.1039710010613994	0.04290555792868417	0.04740263706394077	0.02032455765674546	0.06992125835129916	0.02662363270117111	0.01377391256131181	0.3751186730284007	0.4934273548862602	0.01040814826820552	0.004517536576900915	0.01470471707025447	0.04109659308753646	0.01615880870280919	0.06067223451836943	0.04996225327792834	0.02320103196136893	0.01379274187713061	0.01184776154691083	0.1137460586527128	0.03237513653345649	0.04515754614813858	0.02002530973132841	0.07308566076499645	0.03038288567474091	0.01463841057741497	0.391622602160113	0.5119598321247811	0.0103583758239018
0.6532905746801905	-0.291509243460141	0.9417402664429932	1.035957542717256	0.216541718277688	0.7200495076664613	0.1849144181298391	-0.1480494120558545	-1.147567189364073	-0.03090930250400401	-0.4023766871397698	-0.7526739082441842	1.341712220802185	0.09977287772821317	-0.3796793823720189	2.610958263138238	0.6949940668544143	-0.01637129311230928	1.539579373929295	-1.91003451599645	0.8314433841003889	0.01401026696349993	0.04451889278910253	0.01460372002420807	0.07149373987357553	0.0546247654804447	0.0191951407334487	0.01506530580607859	0.01219745608102733	0.1047112553962441	0.04202310747446252	0.04721703065624012	0.02029630764707572	0.07018030714230586	0.02695366634269154	0.01385305873179639	0.3760373553970587	0.4943721518008994	0.01040360191311689	0.004623473850025245	0.01481287730183238	0.04069110719333278	0.01644463966716315	0.05964963523387697	0.04952374757189944	0.02390262029387515	0.01371710147707996	0.01182307876996189	0.1146027180500075	0.03176059125595901	0.04504501660244864	0.01996401569290511	0.07347195057041053	0.03069016939513982	0.01473144180044486	0.3928663836615591	0.5124970078161366	0.01035419606949232
0.6546024031434038	-0.2925033598732144	0.94350150274061	1.036088489736258	0.2160501956717302	0.7234610725677016	0.1858368503216427	-0.1480691651000639	-1.145502125422568	-0.03342823674306051	-0.4012772839768103	-0.7629224068058165	1.34345802661355	0.09986715358041623	-0.3697005150025198	2.590187636475856	0.7113258211694584	-0.01377619496096744	1.608847092414307	-1.930330373723091	0.8445864341223919	0.01408560510496549	0.04419134882607816	0.01477830622108842	0.07054237325928814	0.05420128671654653	0.01963285707884825	0.01494575741992085	0.01216385072519052	0.1054603486533212	0.04116445396411173	0.04703805976572308	0.02026537953878488	0.07044920037119834	0.02728011238639816	0.01393318417834863	0.3769718894035365	0.4952945038728014	0.01039909330030462	0.004635272523425139	0.01494239133081151	0.04027607309712936	0.01678784069593033	0.05859665637557605	0.04907103183287477	0.024688717331929	0.01365220411534324	0.01180084821539662	0.1154959329890537	0.03123322321654985	0.04495244919135202	0.01990612718857438	0.0738626869278151	0.03096396377343363	0.01481969173468189	0.3940730654947759	0.5129718205683055	0.01035014359259455
0.655914231606617	-0.2935108292517547	0.9452650596181571	1.036219558747603	0.2155717257307057	0.7268450340474685	0.1867806652208421	-0.1480856404689158	-1.143345991486264	-0.03597389019929818	-0.4001610674636413	-0.7730317001573191	1.345250152745545	0.0999588660509669	-0.3597794257134678	2.568874374770535	0.7275939195479925	-0.01137418309798383	1.678423738753406	-1.950770355861381	0.8570768426264462	0.01416563254234889	0.04385647445626557	0.01496743310954995	0.06958144907829251	0.0537751191208914	0.02009998452887658	0.0148309106950485	0.01213123460112146	0.1062189241685269	0.04033131661453478	0.04686599784764088	0.0202321421007987	0.07072734408020818	0.02760188666961814	0.01401400017983079	0.3779204206090549	0.4961940041421734	0.01039462466564597	0.004647071196825034	0.01507190535979064	0.03986103900092595	0.0171310417246975	0.05754367751727514	0.0486183160938501	0.02547481436998284	0.01358730675360653	0.01177861766083136	0.1163891479280999	0.03070585517714069	0.04485988178025541	0.01984823868424366	0.07425342328521969	0.03123775815172744	0.01490794166891892	0.3952797473279926	0.5134466333204746	0.01034609111569677
0.6572260600698302	-0.2945314542134831	0.9470309981733218	1.036350747149413	0.2151062174232438	0.7302006625782943	0.1877457619410518	-0.1480990928192853	-1.141098376407339	-0.03854644731821224	-0.3990289157338469	-0.7829671421156409	1.347089366432689	0.1000498364719727	-0.3499518797293619	2.5469774581973	0.7437575381342069	-0.009168383399003706	1.74832416564078	-1.971343722652668	0.8688340133607501	0.01425090831685316	0.04351444183953716	0.01517278565137671	0.06861054020296965	0.05334604246191316	0.02059787834092959	0.01472096380217992	0.01209975704517459	0.1069772720250483	0.03952504187885438	0.04670121521367754	0.02019675920693113	0.07101447417046623	0.02791784299980518	0.01409501031823706	0.3788806482099265	0.4970696516320295	0.01039019892070719	0.004582725779456803	0.01522356583616907	0.03943591236770532	0.01754213804139066	0.05646210593118568	0.04815494456839018	0.02635315491259597	0.01353623341119051	0.01176173793319352	0.1170367035666176	0.03025860050252642	0.0447899961038198	0.01978952136591451	0.07465626784235393	0.03147508359521447	0.01498630215056748	0.396430195968779	0.5138350416552872	0.01034218409991022
0.6585378885330434	-0.2955649737281063	0.9487993808627252	1.036482055810216	0.2146535139381502	0.7335271548558239	0.1887319644260157	-0.1481097823241869	-1.138758838200988	-0.04114607315862275	-0.3978819539950342	-0.7926906010400633	1.348976454303643	0.1001422117205442	-0.3402573272484021	2.524453546970118	0.759771548383705	-0.007161977377301905	1.818568780684379	-1.992039046322475	0.8796560278299376	0.01434192716684236	0.04316540528890683	0.01539585259559608	0.06762926067923786	0.05291385903572107	0.02112773139237659	0.01461609216807939	0.01206955029896938	0.107726654487567	0.03874682970501409	0.04654404262447016	0.02015937631698091	0.07131035377246459	0.02822696436927832	0.01417577518394078	0.3798504402450726	0.4979205115072774	0.01038581864164402	0.004518380362088574	0.0153752263125475	0.0390107857344847	0.01795323435808382	0.05538053434509621	0.04769157304293025	0.0272314954552091	0.0134851600687745	0.01174485820555568	0.1176842592051353	0.02981134582791215	0.04472011042738419	0.01973080404758537	0.0750591123994882	0.0317124090387015	0.01506466263221603	0.3975806446095654	0.5142234499900998	0.01033827708412366
0.6598497169962567	-0.296611092391935	0.9505702708600428	1.03661348755621	0.2142134227889247	0.7368236685894709	0.1897390559441833	-0.1481179718024921	-1.136326916523851	-0.04377292285948198	-0.3967214933235989	-0.8021602163742562	1.350912397357737	0.1002383661341957	-0.3307397385691799	2.501253844837847	0.7755866371024879	-0.005357343725352837	1.889175462337769	-2.012844974481663	0.8894119360293585	0.01443962882702916	0.04280970952035362	0.01563877540583673	0.06663709634997267	0.05247821220281894	0.02169039150690564	0.01451493490923691	0.01204004454649443	0.1084771950544888	0.03799780925106008	0.04639489133239356	0.02012009006982916	0.0716154368126647	0.02852806427783844	0.0142556446947028	0.3808279080499321	0.4987450350559379	0.01038148678504091	0.004396433370504532	0.01555982667991965	0.03858039835880658	0.01844921047608041	0.05426672495163327	0.04721337355258268	0.02819602802017267	0.01341318558566197	0.01171762683806734	0.118590528746586	0.02944384843144264	0.04467530070329028	0.0196703258561996	0.07549149767370897	0.03190785530253227	0.01512775225469992	0.3986808541129185	0.5144998749823579	0.01033452751422355
0.6611615454594699	-0.297669433692302	0.9523437335188822	1.036745049806073	0.2137856649378007	0.7400892636887123	0.1907667247707887	-0.1481239265662031	-1.133802127839008	-0.04642713077063925	-0.395548857438194	-0.8113251052485487	1.35289870722278	0.1003411766154005	-0.3214541097578165	2.477315319474795	0.7911434982363508	-0.003754954505016793	1.960152852643698	-2.033749088392468	0.8982182323619109	0.01454484487928265	0.04244766344922006	0.01590344538960207	0.06563358258770159	0.0520387817596462	0.02228660281910094	0.01441628470426045	0.01201073512128073	0.1092380064146267	0.03727898289462674	0.046254128570934	0.02007898624571525	0.0719301302063598	0.02882008924237778	0.01433404336196117	0.3818113015272493	0.4995417764980636	0.01037720596686525	0.004274486378920488	0.0157444270472918	0.03815001098312847	0.01894518659407701	0.05315291555817034	0.04673517406223513	0.02916056058513624	0.01334121110254945	0.011690395470579	0.1194967982880367	0.02907635103497314	0.04463049097919638	0.01960984766481383	0.07592388294792972	0.03210330156636305	0.01519084187718381	0.3997810636162715	0.514776299974616	0.01033077794432343
0.6624733739226831	-0.2987395747305405	0.9541198356251409	1.03687675259965	0.2133699109592849	0.7433229419734417	0.1918146052230504	-0.1481279119762027	-1.131183982956135	-0.04910882029385014	-0.3943652169942742	-0.8201312277393235	1.35493708095477	0.1004536867966362	-0.3124590882432242	2.452569925870002	0.8063793147555198	-0.002355042859797824	2.031506232718431	-2.054738794055389	0.9062828053313916	0.01465842455508946	0.04207954073585659	0.01619225414104493	0.06461848314287652	0.05159544266716412	0.02291727200943479	0.01431965310276368	0.0119813278660496	0.1100224593959614	0.03659089260043619	0.04612222685156523	0.02003591709299861	0.07225589927063701	0.02910197629109119	0.01441015038551952	0.3827995503581541	0.5003084759822125	0.0103729788681429	0.004093701538443807	0.0159635037602524	0.03771391478692117	0.01954016158362974	0.05201221345674212	0.04624658221189756	0.03021636904605109	0.01326310128094204	0.01165690473409449	0.1207922839088342	0.02877872415249791	0.04461380517045491	0.01954234074038278	0.07641361321292608	0.03225516794018771	0.01523230601564895	0.4008537724275786	0.5149065184027924	0.01032719076812911
0.6637852023858964	-0.2998209942421124	0.9558986471634404	1.037008611481901	0.2129657247578393	0.7465235799762242	0.1928822174573573	-0.1481301942096059	-1.128471988046538	-0.05181809195497458	-0.3931712523714167	-0.8285201480887623	1.357029479053962	0.1005791478272644	-0.3038179976158564	2.426942450223908	0.8212263673871515	-0.001158308965071873	2.103235625164896	-2.075800528221513	0.9139583683362211	0.01478111910949483	0.04170558667014878	0.01650731245295486	0.06359158506448816	0.05114808283086256	0.02358319494988332	0.01422460681542352	0.01195156227247024	0.1108425923217555	0.03593401199717826	0.04599960802408563	0.01999075142002152	0.07259405755988221	0.02937278072293747	0.01448323903236525	0.3837916627450535	0.5010430241228389	0.01036880786104145	0.003912916697967126	0.016182580473213	0.03727781859071387	0.02013513657318248	0.05087151135531392	0.04575799036155999	0.03127217750696595	0.01318499145933463	0.01162341399760999	0.1220877695296317	0.02848109727002269	0.04459711936171346	0.01947483381595172	0.07690334347792244	0.03240703431401237	0.01527377015411409	0.4019264812388857	0.5150367368309688	0.01032360359193478
0.6650970308491095	-0.3009131196351608	0.9576802398419652	1.037140644846517	0.2125726148452124	0.7496899881676108	0.1939690221409232	-0.1481310407163245	-1.125665649310203	-0.05455503166701575	-0.3919673315098423	-0.8364363052286492	1.359177626924204	0.1007206418730909	-0.2955895939032232	2.400363129414048	0.8356199294782395	-0.0001687486572360644	2.17534659904391	-2.096913457500542	0.92146166722958	0.01491294472896995	0.04132572168208034	0.01685089710845603	0.06255328292154617	0.0506971625387847	0.0242861463922683	0.01413268223714169	0.01192224517605897	0.1116782141480351	0.03530808656452163	0.04588679830844934	0.01994301728184126	0.07294653844618353	0.02963170735709414	0.01455234769516124	0.3847848553878839	0.5017395070983348	0.01036469470589185	0.003770371111916884	0.01642043381118802	0.03682848222185539	0.02083596564799325	0.04971911996102294	0.04527299705635255	0.03244344901337171	0.01314495113586028	0.01160745038257732	0.1229019780557084	0.0282364910203797	0.04461165613461102	0.01939227431070472	0.07746824496030803	0.03251752062491775	0.01528728644615446	0.4029037039131337	0.5148671869877015	0.01032016821427539
0.6664088593123229	-0.3020152891251005	0.9594646877227714	1.037272876025113	0.212189998954789	0.7528208700621504	0.1950743750298223	-0.1481307325891055	-1.122764448014923	-0.0573196846316156	-0.3907538240077434	-0.8438332734995478	1.361382490678154	0.100880732997152	-0.2878189208865587	2.372779428554759	0.8495047678600307	0.0006020341124156516	2.247862093818883	-2.118051864242668	0.9285740603646813	0.01505391528576978	0.04093987469719396	0.01722501542370004	0.06150393472835785	0.05024309543905638	0.02502768783088472	0.01404524165076527	0.01189409110913425	0.1125111466275363	0.03471287535381471	0.04578426736697173	0.0198922956415249	0.07331507472401803	0.02987804841411016	0.01461662477666699	0.3857765483986153	0.5023924070528049	0.01036064096031447	0.003627825525866641	0.01665828714916305	0.03637914585299692	0.02153679472280403	0.04856672856673196	0.04478800375114512	0.03361472051977748	0.01310491081238593	0.01159148676754464	0.123716186581785	0.02799188477073671	0.04462619290750859	0.01930971480545771	0.07803314644269362	0.03262800693582312	0.01530080273819484	0.4038809265873816	0.5146976371444341	0.010316732836616
0.6677206877755362	-0.3031268020866317	0.9612520655656462	1.037405330491561	0.2118172580325554	0.7559148865550216	0.1961975854022776	-0.1481295621195528	-1.119767841974939	-0.06011207649775033	-0.3895313755565151	-0.8506670927745271	1.363644824306377	0.1010618459364865	-0.2805472990962031	2.344143449189033	0.8628281817449389	0.001141511180574233	2.320810050701122	-2.139198886287163	0.9349541413872035	0.01520408659570967	0.04054795395817885	0.01763232919142037	0.06044390801213399	0.0497862446854249	0.02580952640605927	0.01396343054352296	0.01186784878263727	0.1133256871728532	0.03414819372452814	0.04569249586245074	0.01983823242607844	0.07370120521474587	0.03011102101103768	0.01467512519006609	0.3867660835646497	0.5029987255023959	0.01035664618795858	0.00351534241032043	0.01691590811901882	0.03591599789530932	0.02236144883231972	0.04740336271462522	0.04430588747612853	0.03490748808296056	0.01309980017792648	0.01159476859644941	0.124090537962235	0.02780133405970884	0.04467283869008041	0.01921304767395578	0.07867069895783763	0.03269435843547908	0.01528309841024957	0.4048304761018441	0.5143205221086375	0.01031340647529094
0.6690325162387493	-0.3042468835303133	0.9630424492205755	1.037538037821522	0.2114537049214099	0.7589706194471409	0.1973378729071209	-0.1481278449944066	-1.116675234578228	-0.06293220661723872	-0.3883013601926201	-0.856896692085122	1.365965120397574	0.101266246106896	-0.2738112799443462	2.314412650052886	0.8755403858968691	0.001435459729891036	2.394224761754872	-2.160341316535372	0.9401104963836584	0.01536350763812417	0.04014987749462741	0.01807518353271443	0.05937353629359061	0.04932693660877842	0.02663316289389478	0.01388826416533671	0.01184418118532039	0.1141076911115299	0.03361386412532538	0.04561191246304264	0.01978051321401621	0.07410630844777562	0.03032992768247272	0.01472701167602162	0.387752850545121	0.5035556611717743	0.01035271000286046	0.003402859294774219	0.01717352908887458	0.03545284993762173	0.0231861029418354	0.04623999686251847	0.04382377120111194	0.03620025564614365	0.01309468954346703	0.01159805042535417	0.124464889342685	0.02761078334868097	0.04471948447265222	0.01911638054245385	0.07930825147298164	0.03276070993513504	0.0152653940823043	0.4057800256163065	0.5139434070728408	0.01031008011396588
0.6703443447019626	-0.3053747226412626	0.9648359149473442	1.03767102957542	0.211098620648927	0.7619866136063602	0.19849441370256	-0.1481259081761891	-1.113485998470197	-0.06578007827818234	-0.387065597568778	-0.8624793551297286	1.36834399565555	0.1014963861054199	-0.2676498774342135	2.283541391956236	0.8875897977972055	0.00147517771409014	2.468139040548304	-2.181508002202963	0.9436072799472249	0.0155325647170169	0.03974563466763466	0.01855666223514258	0.05829299346609685	0.048865323462945	0.02749988677122644	0.01382047031487203	0.01182362883894467	0.1148621713162088	0.0331098865982885	0.04554299899550927	0.01971882457022704	0.07453149286019611	0.03053390915929219	0.01477134992107086	0.3887495325258791	0.5040787897527191	0.01034883029149642	0.003228618369443924	0.01745869288892654	0.03497752499732219	0.0241550816942248	0.04506209490576454	0.04334066510224509	0.03761220590721458	0.01311931370721142	0.0116186880306489	0.1249094113495199	0.02747828511803731	0.04480010451487559	0.01900521705515653	0.08001349250251752	0.03277814639319393	0.01521313798556243	0.4071963181162097	0.5140834485114517	0.01030682337022941
0.6716561731651758	-0.3065094299141448	0.9666325404579497	1.037804342090654	0.2107512123528832	0.7649613257487995	0.1996662895927389	-0.1481240853199665	-1.110199454538773	-0.06865577164440172	-0.3858264796838649	-0.8673678202285545	1.370782493897175	0.1017552755281914	-0.2621085662708463	2.251474517683493	0.8989201115495826	0.00126171462121198	2.542579255198362	-2.202757998876446	0.9452258925918806	0.01571159923404611	0.03933521617069882	0.01907947997895182	0.05720243785481975	0.04840154213447151	0.02841082965878286	0.01376069354971962	0.01180667027343609	0.1155936351565974	0.03263624950286086	0.04548618493237329	0.01965288812114789	0.07497775070419276	0.03072219949781402	0.01480731185605793	0.3897678894074516	0.5045826377131715	0.01034500518382697	0.003054377444113629	0.01774385668897851	0.03450220005702265	0.02512406044661421	0.04388419294901062	0.04285755900337822	0.03902415616828551	0.01314393787095581	0.01163932563594363	0.1253539333563547	0.02734578688739363	0.04488072455709895	0.0188940535678592	0.08071873353205342	0.03279558285125282	0.01516088188882056	0.4086126106161128	0.5142234899500626	0.01030356662649293
0.672968001628389	-0.3076500738990754	0.9684324044301496	1.037938014437235	0.2104106468309237	0.7678931630706983	0.2008525324847107	-0.1481227093574706	-1.106814901188696	-0.07155940932777018	-0.3845865637291895	-0.8715150620058552	1.373281598148455	0.1020460539812073	-0.257231287302165	2.218157665691756	0.9094751333964547	0.0007913811309349494	2.617574741857633	-2.224120020708679	0.9446914891423612	0.0159011446788691	0.03891844910464085	0.01964666152551914	0.05610222889729118	0.0479359685470193	0.02936759159048929	0.01371080548724263	0.01179453213507916	0.1162817056237493	0.0321933286115481	0.04544210049276805	0.01958252691006117	0.07544581961462009	0.03089372349150168	0.01483402882772746	0.3908155755360985	0.5050728860372252	0.01034123433794517	0.002790435086126348	0.01806143481247471	0.03401076965958819	0.02624869454590757	0.04269702052782109	0.04237950020346628	0.04056845156049742	0.01322701169965286	0.01169486452060591	0.1251837318296717	0.0272805151664483	0.04500078793932124	0.01877036642014689	0.08148656918294074	0.03275575401015619	0.01507204544162264	0.4103593163989922	0.5145497663566616	0.01030041133153785
0.6742798300916023	-0.308795642639296	0.9702355869988837	1.038072091314099	0.2100760183001297	0.770780442399803	0.2020520774953879	-0.1481221261664703	-1.103331576149923	-0.07449115803609685	-0.3833491022677672	-0.8748760508439001	1.375841991587876	0.1023720182102177	-0.2530570914066831	2.183541866338928	0.9192003831221602	5.306351887791742e-05	2.693165542472804	-2.245615774618722	0.9414837971986706	0.01610167259010479	0.03849517888623576	0.02026086573330092	0.05499269270211921	0.04746894033419925	0.03037157760551223	0.01367246398055416	0.01178830032494692	0.116907993212489	0.03178144849076879	0.04541130752921426	0.01950758371933755	0.07593635919457398	0.03104752256360688	0.01485073053113141	0.3918996881940573	0.5055548344950817	0.01033751745095536	0.002526492728139068	0.01837901293597092	0.03351933926215372	0.02737332864520092	0.04150984810663156	0.04190144140355433	0.04211274695270933	0.01331008552834991	0.0117504034052682	0.1250135303029886	0.02721524344550297	0.04512085132154352	0.01864667927243457	0.08225440483382805	0.03271592516905956	0.01498320899442471	0.4121060221818715	0.5148760427632606	0.01029725603658278
0.6755916585548155	-0.3099450844755697	0.9720421688682236	1.038206620370469	0.2097463871466276	0.7736214377666883	0.2032638116185927	-0.1481226943272095	-1.09974868061577	-0.0774511802535411	-0.3821178371001247	-0.8773962038208469	1.378464682927952	0.1027370622369848	-0.2496351379821308	2.147566881683336	0.9280302630256687	-0.0009708443446532497	2.769390011894777	-2.26720436665944	0.9351110431502931	0.01631979586327173	0.03806578052275986	0.02092778276893415	0.05387279329848701	0.04699935527135701	0.03142267457011039	0.0136442433191624	0.01178740248138433	0.1174655026431725	0.0314047818895948	0.04539431476925596	0.01943034571477422	0.07644797736126073	0.03118127888580608	0.01485744605419774	0.3930079867735525	0.506006353536284	0.01033385622648437	0.002128211418826777	0.0188699216893152	0.0330243484171643	0.02872779282093351	0.04027997239291982	0.04139360796556606	0.04375621780514385	0.01338380190204587	0.01180480832080243	0.1245192372650011	0.02730866658102417	0.04527982021020004	0.01856651997977854	0.08303271837213132	0.03258541552656243	0.01487496845454132	0.41347106228714	0.5143074174815753	0.01029424682425097
0.6769034870180287	-0.3110972231774248	0.9738522336098765	1.03834165775653	0.2094206941181823	0.7764142829016826	0.2044864735368648	-0.1481248085563251	-1.096065357374775	-0.08043952747709879	-0.3808972112781489	-0.8789876637937242	1.381151942435648	0.1031470124001967	-0.2470530672660802	2.110132524369832	0.9358607853638545	-0.002304056148944758	2.846276577711552	-2.288799783525902	0.9252631609466573	0.01656136276272153	0.03763059003523002	0.02165241703235441	0.05274159517643418	0.046526224191837	0.03252077751600493	0.01362487902892686	0.01179133157088381	0.117947883371597	0.03106704423315537	0.04539157517970606	0.01935284378386325	0.07697942555514442	0.03129292796521703	0.01485420019019739	0.3941291215594812	0.5064067932750759	0.01033025217090827	0.001729930109514486	0.01936083044265948	0.03252935757217489	0.03008225699666609	0.03905009667920809	0.04088577452757779	0.04539968865757837	0.01345751827574184	0.01185921323633667	0.1240249442270137	0.02740208971654537	0.04543878909885656	0.01848636068712251	0.08381103191043461	0.03245490588406529	0.01476672791465792	0.4148361023924086	0.51373879219989	0.01029123761191916
0.6782153154812419	-0.3122507958218593	0.9756658672420314	1.038477265285014	0.2090977910145873	0.7791570107601412	0.2057186998293696	-0.1481288815044823	-1.092280730084888	-0.08345618695339078	-0.379691808289612	-0.87951787470922	1.383908353878455	0.1036104122927298	-0.2454560542395862	2.071076845246353	0.9425378377841124	-0.003950788642348317	2.923822826936572	-2.3103539593668	0.9123699360950451	0.01684858893304659	0.03719114451177594	0.02244652004716043	0.05159509499541454	0.04604527723483649	0.0336620240653178	0.01360277896742449	0.01179336412963639	0.118463037050069	0.03077931707109649	0.04540294925628004	0.01928243704540763	0.07752526165159375	0.03137838350920086	0.01484305638576829	0.3952550153925389	0.5067473198603962	0.01032671267353815	0.001170451202920238	0.0204073814215267	0.03206002884723613	0.0318306295990196	0.03770066355464773	0.0402668159446735	0.04705359433331481	0.01328577065628913	0.01177131421204471	0.1263849468490322	0.02783293042143984	0.04562284384477077	0.01857496872613446	0.08448926778970836	0.03218314411825161	0.01468552914063232	0.4159256129024503	0.5127161199769269	0.01028850936340688
0.6795271439444551	-0.3134042010201812	0.9774831693086519	1.038613526370859	0.2087761392033689	0.7818472252850499	0.2069587378813847	-0.1481352927737469	-1.088393997346483	-0.08650106736297605	-0.3785037586836746	-0.8787323768553141	1.386744799424615	0.1041434191833084	-0.2451453604138608	2.030071242834994	0.9477705121404831	-0.005869035965879739	3.001945480205131	-2.331825124364307	0.8988063767918303	0.01720110532436694	0.03674882030708557	0.02332042399224857	0.0504296753604541	0.0455526826361522	0.03484300780085908	0.01356767235294076	0.01178754789551939	0.1191084273742094	0.030551470469063	0.04542831069104994	0.01922565918768747	0.07808060952918183	0.03143400503672683	0.01482584246860507	0.3963781795230796	0.5070196833688945	0.01032324427468499	0.0006109722963259892	0.02145393240039392	0.03159070012229739	0.0335790022013731	0.03635123043008736	0.03964785736176922	0.04870750000905125	0.01311402303683643	0.01168341518775276	0.1287449494710508	0.02826377112633431	0.04580689859068498	0.01866357676514641	0.0851675036689821	0.03191138235243793	0.01460433036660673	0.417015123412492	0.511693447753964	0.0102857811148946
0.6808389724076684	-0.3145553767421364	0.9793042587548039	1.038750557009879	0.2084536429057313	0.7844819411647665	0.2082043080730483	-0.1481443131193893	-1.084404399556259	-0.08957406742779048	-0.3773326671192413	-0.8761981807748824	1.389679723789069	0.1047758877707173	-0.2466424385667396	1.986559786694522	0.9510637232582071	-0.007961510271668134	3.080577641954377	-2.353209738496264	0.8874228201260269	0.017620576509859	0.03630530121954938	0.02427109786641692	0.04924850607401973	0.04504977154785021	0.03605871986845488	0.0135184092608222	0.01177232613923449	0.11997267608513	0.03037677797452243	0.04546819232227015	0.01917832726177096	0.07865287703383263	0.03146170453296212	0.01480214746040818	0.3974989484822951	0.5072274500605413	0.01031985323497421	-5.99926869414496e-05	0.02267266004168743	0.03115610181268571	0.03542741645519385	0.03504555230083396	0.03903895731301655	0.05032874543074074	0.01289022440522159	0.01154464931468291	0.1338518195017106	0.02865319230051818	0.04603195825057418	0.01868309715439744	0.08605824284465902	0.03162483849695645	0.01450164944627651	0.4181113827253876	0.510674851316369	0.01028333638736281
0.6821508008708816	-0.3157026772917256	0.98112923967842	1.038888432388089	0.2081287369025814	0.787058674717574	0.2094536116631302	-0.1481563862009628	-1.080311555812837	-0.09267500634980642	-0.3761733792852475	-0.8728243297646091	1.39267770542999	0.1054312997384418	-0.2488191719252959	1.941671991686405	0.9534624128653455	-0.01052320541796961	3.159353184199189	-2.374420415320776	0.8808105343787355	0.01810843932163621	0.03586209457456021	0.0252958395931723	0.04805445286819749	0.04453773872045412	0.03730474749045382	0.01345396903554984	0.01174631985321791	0.1211355251416834	0.03024921147604873	0.04552306844452949	0.01913672685145261	0.07924870167242867	0.03146317594198342	0.01477160677300935	0.39861763227577	0.5073739407008158	0.01031654509664491	-0.0007309576702088883	0.02389138768298094	0.03072150350307403	0.0372758307090146	0.03373987417158055	0.03843005726426389	0.05194999085243023	0.01266642577360675	0.01140588344161307	0.1389586895323704	0.02904261347470206	0.04625701791046338	0.01870261754364847	0.08694898202033594	0.03133829464147497	0.01439896852594628	0.4192076420382832	0.5096562548787739	0.01028089165983101
0.683462629334095	-0.3168451043897647	0.9829581911524623	1.039027172519445	0.2078006591228051	0.7895757450491639	0.210705594616545	-0.1481721597294578	-1.076115372915292	-0.09580365816828913	-0.3750184333053053	-0.8685800602058951	1.395740670429621	0.1061084975668949	-0.2517039163262783	1.895361764531794	0.9549324366707755	-0.01355426991111279	3.238155090410686	-2.395486277696363	0.8810944838882474	0.01863144995986748	0.03542055159056811	0.02637291960703823	0.04685957774586576	0.04402503333068557	0.03857743949036155	0.01338185694311297	0.01171369269566137	0.1224764601218408	0.03014161875786286	0.04559476030505814	0.0190831026726922	0.07989119209914126	0.03144648323061178	0.01473046836475761	0.3997411119870493	0.5074702561541942	0.01031329658229926	-0.001252301246494342	0.02448917014725481	0.03031977353717051	0.03877714324555696	0.03270648736076776	0.0380091797287115	0.05355016904080253	0.0125827053555579	0.0113396734120367	0.1413258265271196	0.02888482196743478	0.04655658196833695	0.01832529307369127	0.08849130445338285	0.03118994328306556	0.014197246994662	0.4205575996386591	0.5089553841674941	0.01027808724130874
0.6847744577973082	-0.3179806727006421	0.9847912315354894	1.03916687201441	0.2074674625463526	0.792030232393154	0.2119580683455331	-0.1481920248053303	-1.071815612569347	-0.09895993201684028	-0.3738588392343073	-0.8623674942811793	1.398911613495524	0.1068939355269139	-0.2566232358964234	1.846258620573908	0.9542106441770764	-0.01676113609359983	3.317266282776842	-2.416532675193093	0.8878969634580585	0.01916025254226891	0.03498188134386339	0.02748320418283868	0.04567477859745311	0.04351923709479725	0.03987358126824703	0.0133087242659672	0.01167813117713135	0.1238867712953849	0.03002979819450504	0.04568489221194241	0.01900169324915624	0.08060104283995867	0.03141880185271999	0.01467540572088718	0.400875769482725	0.5075267553597659	0.01031008708556261	-0.001773644822779797	0.02508695261152869	0.029918043571267	0.04027845578209931	0.03167310054995495	0.03758830219315913	0.05515034722917482	0.01249898493750904	0.01127346338246033	0.1436929635218688	0.0287270304601675	0.04685614602621051	0.01794796860373408	0.09003362688642978	0.03104159192465616	0.01399552546337773	0.421907557239035	0.5082545134562143	0.01027528282278646
0.6860862862605213	-0.3191068579637686	0.9866284994448848	1.039307668319242	0.2071265623064792	0.7944185506936756	0.2132082218045922	-0.1482162531837653	-1.067411847132922	-0.1021437968306683	-0.372686636028158	-0.8543028528226303	1.402184528654017	0.1077781967000782	-0.2634059375056931	1.794517244217517	0.9514262962892449	-0.02022931459399257	3.396721989918317	-2.437550851241517	0.9002203100057753	0.01970687942271505	0.03454752787128759	0.02862729543033717	0.04450044490562897	0.04301949048583143	0.04118968343045032	0.01323384763643167	0.01163949566234113	0.1254431335229247	0.02991659850489326	0.04579356059491407	0.01889615407498742	0.08137919977473257	0.03137922245547468	0.0146086205979635	0.402023891320941	0.5075497931769591	0.01030691493340432	-0.002005801980917167	0.02597359795341116	0.02955627328165043	0.04186607493556544	0.03066760949237776	0.0371598373530739	0.05671794696933152	0.01239683048148223	0.01119824847133755	0.148370260755829	0.02862800405206231	0.04719517922934392	0.01759941550831623	0.09174213350966016	0.03084980251337998	0.01381616410133147	0.42336656265028	0.5077262653230126	0.01027251879071442
0.6873981147237346	-0.3202212833111048	0.9884701262333764	1.039449685836644	0.2067755986631862	0.7967373033955166	0.2144534082866334	-0.1482452362520397	-1.062903639401039	-0.1053552198383406	-0.3714943765072676	-0.8444384494889933	1.405557115180608	0.1087557834837987	-0.2719657953473363	1.740199633667885	0.9466380431562229	-0.02401008701060266	3.476497917805198	-2.458547610942925	0.9184746130135735	0.02028194986186535	0.03411878259272449	0.02980572463511442	0.04333692522535033	0.04252502146170438	0.04252267350438713	0.01315658591805653	0.01159766244895257	0.1272143789815665	0.02980455745208047	0.04592084908791787	0.01876972586672387	0.0822264863376559	0.03132693415275814	0.01453206378357665	0.4031875988320353	0.5075453016587556	0.01030377864543929	-0.002237959139054538	0.02686024329529363	0.02919450299203385	0.04345369408903157	0.02966211843480057	0.03673137251298866	0.05828554670948822	0.01229467602545541	0.01112303356021477	0.1530475579897893	0.02852897764395712	0.04753421243247732	0.01725086241289838	0.09345064013289055	0.0306580131021038	0.01363680273928522	0.424825568061525	0.5071980171898109	0.01026975475864238
0.6887099431869478	-0.3213216048066156	0.9903162419152324	1.039593044985213	0.2064122707298047	0.798983130560513	0.215691018038854	-0.1482794057961011	-1.058290582989771	-0.1085941659563618	-0.3702740328369825	-0.8328052025901609	1.409027860008044	0.1098227439523465	-0.2822430096342541	1.683343706043742	0.9398798213916567	-0.02815183703324212	3.556566496385472	-2.479502850960183	0.9431004486835102	0.02089584041979958	0.03369628539309773	0.03101849431460971	0.04218414111185514	0.0420353245650124	0.04387173452222265	0.01307726571363605	0.01155364942612221	0.1291900541420837	0.0296971885120527	0.04606673713907142	0.01862649435036358	0.08313787915121826	0.03126090866132637	0.01444773087881641	0.4043624002757073	0.507506075213235	0.01030068489643599	-0.002436134381607942	0.02804570494755855	0.02885878713102972	0.04511635904012493	0.02867448496371958	0.03630081682852804	0.05987047608079687	0.01219519546349014	0.01106443687112981	0.1579068465076911	0.02851502142858649	0.04791033203642542	0.01695479342064008	0.09517400871047781	0.03041659284666414	0.01348340301043049	0.4261479326113186	0.5063283844173342	0.01026721324562229
0.6900217716501611	-0.3224055044106547	0.9921669744648707	1.039737861515261	0.2060343479093371	0.8011527141012328	0.216918467168385	-0.1483192737557494	-1.0535723066571	-0.1118605505244672	-0.3690172448412706	-0.8194018048819797	1.412595943749553	0.1109776921145867	-0.2942170079260374	1.623959398191799	0.9311472637666823	-0.03269783227934667	3.636915113037162	-2.500379986491252	0.9740372523314117	0.02155770141959437	0.03328060766971999	0.03226560878392592	0.04104201849989785	0.04154994580583807	0.04523614990279582	0.012996176538162	0.0115083580243579	0.1313605887285584	0.02959762112933623	0.04623120409567884	0.01847008638835208	0.08410886477360706	0.03118022868631173	0.01435739092047142	0.4055441297162895	0.5074253825778129	0.01029763959580457	-0.002634309624161346	0.02923116659982347	0.02852307127002559	0.04677902399121828	0.02768685149263858	0.03587026114406741	0.06145540545210553	0.01209571490152487	0.01100584018204485	0.1627661350255929	0.02850106521321586	0.04828645164037351	0.0166587244283818	0.09689737728806505	0.03017517259122448	0.01333000328157576	0.4274702971611121	0.5054587516448574	0.01026467173260219
0.6913336001133743	-0.3234706592957406	0.9940224510688682	1.039884250342233	0.2056396133686168	0.8032427440138019	0.2181331632818831	-0.1483653890580023	-1.048748442692934	-0.1151542619648087	-0.367715921467118	-0.8042547084254433	1.416258625107224	0.1122177483282806	-0.3078314576626252	1.562102304830094	0.9204660572633624	-0.03769927759107839	3.717566835239817	-2.52115973217948	1.010285862300222	0.02224952005456562	0.03287170051552003	0.03353651488509079	0.0399176615573747	0.04107332007023577	0.04661561642478792	0.01291745872564347	0.01146433375245166	0.1335637753584466	0.02949535093148273	0.0464149948463673	0.01829549058905068	0.08514046402064343	0.03108815048225052	0.01426096736089796	0.4067322920480758	0.5072996900568935	0.01029463850296877	-0.002827322762355373	0.03010085458964869	0.02819938098414981	0.0482668602029848	0.02689020050842778	0.03555521181822076	0.063066738655136	0.01208656429322427	0.01100218181055901	0.1634490446346581	0.02825520441186783	0.04871837202384332	0.01622159210206559	0.09877500286757809	0.02998157506697731	0.01316294544509109	0.428788324550308	0.5043658420615736	0.01026213148006747
0.6926454285765875	-0.3245148909825916	0.9958827885723859	1.040032315345728	0.2052260734177745	0.8052501476387947	0.2193326680003435	-0.1484184203046779	-1.04381850513015	-0.1184751604485308	-0.3663657117300566	-0.7875025150859746	1.42000682056426	0.1135331733762437	-0.322887539827694	1.49798822100162	0.9079866215160676	-0.04324180933994592	3.798633815566789	-2.541829070024817	1.048568889018784	0.02295540292968332	0.0324695191509458	0.03482192849144568	0.03881747016550473	0.04060942173887134	0.04800987053059324	0.01284478188031422	0.01142383089996895	0.1356542651309633	0.02938102180502538	0.0466187717380052	0.01809825251825094	0.08623357650503777	0.03098757391277492	0.01415839217858472	0.4079264283576722	0.5071256938978813	0.01029167786453716	-0.003020335900549399	0.03097054257947392	0.02787569069827404	0.04975469641475131	0.02609354952421697	0.03524016249237411	0.06467807185816646	0.01207741368492366	0.01099852343907317	0.1641319542437234	0.02800934361051979	0.04915029240731314	0.01578445977574938	0.1006526284470911	0.02978797754273013	0.01299588760860643	0.4301063519395038	0.5032729324782899	0.01025959122753274
0.6939572570398007	-0.3255361630320585	0.9977480947847046	1.040182150551625	0.2047919343900258	0.8071720692656085	0.2205146978603225	-0.1484791167719929	-1.038781897374225	-0.1218230994043503	-0.3649654563329282	-0.7693112314402337	1.423830524142265	0.1149120985989732	-0.3391532693110531	1.431861623382906	0.8938913632813474	-0.04941701874920601	3.880220990003466	-2.562384702483844	1.085764192152661	0.02366594803105133	0.03207449106659704	0.03611092273343942	0.03774460992188197	0.04016071901704506	0.0494143640001268	0.01277850644323172	0.01138686100226494	0.1376425183061391	0.02924966405244201	0.04684344912387995	0.01787973383340358	0.08741017252799231	0.03088026575202018	0.0140520445949198	0.4091306375472779	0.50690392947987	0.01028874784615535	-0.003317453077998853	0.03165172321875838	0.02757515068865773	0.05101387039655254	0.02541710856149365	0.03500916393564453	0.06621047346334424	0.01208843513544892	0.01100214413540073	0.1648558116288709	0.02762259900584513	0.04964513871000291	0.01533398992363412	0.1032429281225486	0.02961925187198773	0.01287069401042153	0.4315913460987057	0.5021049574794373	0.01025690986591599
0.6952690855030139	-0.3265327567117163	0.9996184599749756	1.040333826468118	0.2043358398550756	0.8090060954388164	0.2216773225039158	-0.148548392635249	-1.033637886974716	-0.125197928838459	-0.3635183027638667	-0.7498781300937949	1.427719685699239	0.1163395015483122	-0.356360676713297	1.363983728408054	0.8784016314735692	-0.05632186709034073	3.962378765949119	-2.582826013639169	1.120069352723837	0.02437286220730507	0.03168699726883276	0.03739387792536271	0.03670192087551209	0.03972942029774126	0.05082508378811292	0.01271895133464866	0.01135343411855315	0.1395378039536055	0.0290968490035738	0.04708984010185919	0.01764114162009735	0.08868986306171579	0.03076779990130927	0.01394403449676387	0.4103487227885346	0.5066348932306174	0.01028583974202214	-0.003614570255448306	0.03233290385804284	0.02727461067904141	0.05227304437835378	0.02474066759877033	0.03477816537891493	0.06774287506852202	0.01209945658597417	0.01100576483172828	0.1655796690140185	0.02723585440117047	0.05013998501269269	0.01488352007151887	0.1058332277980061	0.02945052620124532	0.01274550041223663	0.4330763402579076	0.5009369824805846	0.01025422850429924
0.6965809139662272	-0.3275031316214048	1.001493965654867	1.040487399859418	0.2038566743559367	0.8107500436603615	0.2228188125180704	-0.1486272483651681	-1.028385708984167	-0.1285994936459468	-0.3620286929243227	-0.7293801693430247	1.431665513250435	0.1178015067481952	-0.3742683540848269	1.294584871273253	0.8617166229615104	-0.06404707572454077	4.045133668385956	-2.603139963225288	1.150234131664345	0.02509367609462715	0.03130743609021165	0.03867442116140671	0.03568643669207944	0.03931229413999749	0.05223898596670352	0.01266497047491484	0.01132313244362128	0.1413635250591929	0.02893420903055335	0.04735754107298562	0.01739657127114509	0.09007076614293656	0.03064724304143534	0.01383657419169158	0.4115786748675989	0.5063173609703491	0.0102829682938945	-0.003662455267810254	0.03341456202698872	0.02699809484735357	0.05360569210410797	0.02404864352621095	0.03450296575328454	0.06921381057558892	0.01209789204670187	0.01100701793856395	0.1667678441718485	0.02708031621713416	0.05066918892285698	0.01471657635668812	0.1085981666115296	0.02920231811656624	0.01266724964965927	0.4345142117359795	0.499626324821433	0.01025192388932706
0.6978927424294405	-0.3284459667039979	1.003374682065455	1.040642909322721	0.2033536302766767	0.8124020208447119	0.2239376845621069	-0.1487168140001206	-1.023024590599013	-0.1320276113750361	-0.3605024248757579	-0.7078911969132292	1.435663911512786	0.1192912167489841	-0.3927657109888063	1.223765643218721	0.8439185103403626	-0.07265007641569148	4.128468155374715	-2.62330832192228	1.175958076720264	0.02584386017547055	0.03093616220138046	0.03995574738045291	0.03469547514157231	0.03890644298926954	0.05365338208371383	0.0126155479557967	0.01129558589292906	0.1431406497345912	0.0287721071153315	0.04764618958260774	0.01715855150943163	0.09155115750514971	0.03051598114538543	0.01373162550339291	0.4128186301508064	0.5059501852999257	0.01028014655238588	-0.003710340280172202	0.0344962201959346	0.02672157901566572	0.05493833982986215	0.02335661945365158	0.03422776612765414	0.07068474608265583	0.01209632750742957	0.01100827104539961	0.1679560193296785	0.02692477803309785	0.05119839283302127	0.01454963264185738	0.111363105425053	0.02895411003188715	0.01258899888708192	0.4359520832140515	0.4983156671622815	0.01024961927435488
0.6992045708926538	-0.329359984065036	1.005260676813835	1.040800388888723	0.2028259695343033	0.8139601953555113	0.2250325027653785	-0.14881826235851	-1.017553782535347	-0.1354820857283395	-0.3589453875851923	-0.6854567665110896	1.439712021592788	0.1208037088801268	-0.4117788101021004	1.151592230584688	0.8250572016965241	-0.08217610236483849	4.212355788057608	-2.643320470801162	1.197126895156774	0.02662265725957903	0.03057375875425258	0.0412397986580194	0.03373071911795274	0.03851167555990297	0.0550666686326942	0.01257086095005751	0.01127066529064242	0.1448692608372902	0.02860873173002899	0.04795543665592462	0.01692723980409259	0.09311333096312469	0.03037476450992674	0.01362827166859885	0.4140652911447274	0.5055363723121503	0.01027737600531234	-0.003728197714287302	0.0356224098741444	0.02647491478843543	0.0563193633013387	0.02274984882584994	0.03396978709485723	0.07211678221670584	0.01210784802322059	0.01101210395302193	0.1690372528925497	0.02672772361304237	0.05176185889487556	0.01439913913931444	0.113875481075332	0.02870241523020375	0.01249492739831801	0.437285911072237	0.4970258779781114	0.0102474479389866
0.700516399355867	-0.3302439677020925	1.007152013358829	1.040959865263308	0.202273058215667	0.8154228296842746	0.2261018984929655	-0.1489328331656379	-1.011972585989247	-0.1389627071446	-0.3573635629093762	-0.6621020944693943	1.443807959069556	0.1223355303115549	-0.4312624764350744	1.078106076901706	0.8051596691970651	-0.09265642460895478	4.296765284336085	-2.663171862303417	1.213748665687586	0.02742939816873087	0.03022074519011966	0.04252828850982047	0.03279367076174815	0.03812781853270309	0.05647742722901017	0.01253106613588468	0.01124825616998286	0.1465494023019913	0.0284424688702631	0.04828496905896446	0.01670277530261612	0.09474146469444962	0.03022426118607231	0.01352569974957609	0.4153155985919997	0.5050787275995957	0.01027465797133893	-0.003746055148402401	0.03674859955235422	0.02622825056120514	0.05770038677281525	0.0221430781980483	0.03371180806206032	0.07354881835075584	0.0121193685390116	0.01101593686064426	0.1701184864554209	0.02653066919298688	0.05232532495672984	0.01424864563677151	0.1163878567256111	0.02845072042852035	0.0124008559095541	0.4386197389304225	0.4957360887939414	0.01024527660361832
0.7018282278190802	-0.3310967187568972	1.009048753729548	1.041121362486014	0.2016942951686737	0.8167882166456808	0.2271445210974528	-0.1490617906745679	-1.006280330688864	-0.1424692629471419	-0.3557628965972895	-0.6378475522503996	1.44795007180331	0.1238835461850774	-0.4511783545099644	1.0033426128722	0.7842473833133218	-0.1041194631224499	4.381661672306856	-2.682858526617034	1.225901091341153	0.02826423971344931	0.02987803486097443	0.04381852696777398	0.03188609288976253	0.03775491432197169	0.05788224332354106	0.01249536187470683	0.01122780501700479	0.1481854687838333	0.02827029414536984	0.04863466968219166	0.01648395908231208	0.09643571493363651	0.03006559300112187	0.01342422204125216	0.4165675860662225	0.5045800527274998	0.01027198623977624	-0.004127968916156281	0.03793790539237823	0.02602136616017403	0.05902582859724523	0.02162935692078298	0.03347599598601629	0.07488984381230991	0.01212249010400813	0.01101229164275679	0.171219561946379	0.0262568829724419	0.05292750365541297	0.01408419508476257	0.1190512590352964	0.02820712628486176	0.01231542568168453	0.4398865215951557	0.4944707672212845	0.010243070190767
0.7031400562822934	-0.3319170785391165	1.010950956983625	1.041284898684318	0.2010891512931398	0.8180547157241724	0.2281590629891016	-0.149206449226657	-1.000476415281162	-0.1460015339532006	-0.3541490802488604	-0.6127186980965246	1.452136614218482	0.1254441312565568	-0.4714824126141071	0.9273426408020816	0.7623481075271448	-0.1165940710067692	4.467001119172214	-2.70237699421436	1.233797074208377	0.02912731999185754	0.02954644154095856	0.0451081408735966	0.03100955592923951	0.03739299890962688	0.05927809253607384	0.01246303782469698	0.01120882173763846	0.1497813939589331	0.02808951293613002	0.04900443238661543	0.01626972523409679	0.0981962159313287	0.02989975945151635	0.01332411542320174	0.41781942892055	0.504042963432806	0.0102693553133472	-0.004509882683910161	0.03912721123240222	0.02581448175914292	0.06035127042167521	0.02111563564351767	0.03324018390997225	0.07623086927386398	0.01212561166900466	0.01100864642486933	0.1723206374373371	0.02598309675189692	0.05352968235409609	0.01391974453275363	0.1217146613449816	0.02796353214120317	0.01222999545381496	0.4411533042598889	0.4932054456486276	0.01024086377791567
0.7044518847455067	-0.3327039104326538	1.012858680696724	1.04145048879792	0.2004571354942263	0.8192207213500702	0.2291442406188068	-0.1493681482016835	-0.9945602795576935	-0.149559297222794	-0.3525275676655269	-0.5867293785172485	1.45636642345485	0.1270143619192369	-0.4921452078974447	0.8501317912366508	0.7394763976455763	-0.1301061760266106	4.552728797045406	-2.721721382808375	1.237857637701468	0.03003039965524327	0.02922673724484903	0.04639689036441465	0.03016138220381772	0.03704027156541077	0.06066129044226805	0.01243281040345162	0.01119058177076839	0.1513756781754294	0.02790308768617641	0.04939368682476484	0.01606138765240808	0.1000264440867324	0.02972616600472285	0.0132256331851509	0.4190690090989396	0.5034697986823262	0.01026676414102658	-0.005506107321156568	0.04065361933644688	0.02564740808403065	0.06166932566011969	0.02059637825474262	0.03298257416559502	0.0774593806783539	0.0121064170399792	0.01099157997062282	0.1744602958141716	0.02576186872333565	0.05415910425492338	0.01379430042861641	0.1246203902521628	0.02769178626400334	0.01215303048276974	0.4423392705397231	0.4919570876980925	0.01023871534890691
0.7057637132087198	-0.3334560678289372	1.014771982010235	1.041618144816884	0.1997977661268283	0.8202846303112205	0.2300987571176018	-0.149548264036216	-0.9885314829379742	-0.1531423173078842	-0.3509026427805317	-0.5598543211778861	1.460640165801943	0.1285937890408868	-0.5131853779939085	0.7716871293206476	0.7156024673618627	-0.1446722227109431	4.638762746161181	-2.740883272442921	1.238999434882446	0.03098385275568413	0.02891960889080948	0.04768456328203375	0.02933915589320838	0.03669511981468858	0.06202856754571969	0.01240354258089489	0.01117244364409783	0.153003042748736	0.02771365777364839	0.04980192326256347	0.01586011289000307	0.1019294954695191	0.02954428256547823	0.01312899982745708	0.4203143607071545	0.5028627428182048	0.01026421179299941	-0.006502331958402974	0.04218002744049154	0.02548033440891838	0.06298738089856416	0.02007712086596757	0.03272496442121778	0.07868789208284381	0.01208722241095373	0.0109745135163763	0.1765999541910061	0.02554064069477438	0.05478852615575067	0.0136688563244792	0.1275261191593439	0.02742004038680352	0.01207606551172452	0.4435252368195572	0.4907087297475575	0.01023656691989815
0.7070755416719331	-0.3341723755524642	1.016690918953966	1.041787878745625	0.1991105373731259	0.8212448115361531	0.2310212822725051	-0.1497481862599903	-0.9823896611512335	-0.1567503497901285	-0.349277711915513	-0.5320671836916215	1.464958521549671	0.1301820026585212	-0.5346220034727857	0.6919855509713271	0.6906953108078496	-0.1603106792473847	4.725018354724556	-2.759850143886197	1.23814271115793	0.0319880752501361	0.02862500169147279	0.04896766756283436	0.02854275472787941	0.03635719708064256	0.06337975304839444	0.01237553052944644	0.01115469548445449	0.1546761452086455	0.02752208696820857	0.05022865547313667	0.01566645727727647	0.103915972325845	0.02935442717387133	0.01303392870484808	0.4215526407672118	0.5022223073933545	0.01026170022410328	-0.007636116423876666	0.04382401998171084	0.02533649247121316	0.06421734066404321	0.0196034403695453	0.03247379904419632	0.07987669716445978	0.01207664672115248	0.01096415155640048	0.1791848015575716	0.02533374733507569	0.05544512931311581	0.01356999038178565	0.1308842149550486	0.02713944267035216	0.01199627512732843	0.4445942073489905	0.4894138637031007	0.01023454036235062
0.7083873701351463	-0.3348516261167999	1.018615549950578	1.04195970091546	0.1983949294277987	0.8220996128893858	0.2319104469466579	-0.1499693457985752	-0.9761345938744111	-0.1603831246471727	-0.3476547333679612	-0.5033573628186193	1.469321259610442	0.1317774996401159	-0.5564519976040539	0.6110260748612278	0.6647414267141361	-0.1770504111793262	4.811415638689639	-2.778605239684446	1.236022952331122	0.03304340834320484	0.02834286444758375	0.05024311520939912	0.02777205852941264	0.03602619239125172	0.06471468768037181	0.01234903655481121	0.01113759236011396	0.1564064089437975	0.02732914490490506	0.05067344916824125	0.01548091395730052	0.1059953192955728	0.02915688310617103	0.01294016566153452	0.422781209785621	0.501548969079665	0.01025923116534321	-0.00876990088935036	0.04546801252293013	0.02519265053350794	0.06544730042952225	0.01912975987312302	0.03222263366717486	0.08106550224607573	0.01206607103135123	0.01095378959642465	0.1817696489241372	0.025126853975377	0.05610173247048094	0.01347112443909211	0.1342423107507532	0.02685884495390079	0.01191648474293234	0.4456631778784237	0.4881189976586439	0.01023251380480309
0.7096991985983595	-0.3354926088266724	1.020545932889518	1.042133619950386	0.1976504332601169	0.8228473899444688	0.2327648770134826	-0.1502132015855387	-0.9697661274014738	-0.1640403565283915	-0.3460351199962475	-0.473737709157511	1.473726855938054	0.1333773740382757	-0.5786427518304664	0.5288405459106451	0.6377535965470729	-0.1949270775204074	4.897893930489168	-2.797132274299941	1.23291035417703	0.03413563773206103	0.02807263663936494	0.0515078984230705	0.0270291103248905	0.03570468493480336	0.06603775538348278	0.01232612424550568	0.01112235760008291	0.1581242732072143	0.02712949870661189	0.05113589607168572	0.01530324364258583	0.1081589284637425	0.02895449628566896	0.01284777027249819	0.4239944283885431	0.5008431959059141	0.01025680618482692	-0.0094167058265461	0.04688510664458072	0.02506000868917565	0.06658616967412628	0.01875216886449679	0.03204653891780044	0.08232945918233045	0.01210522927361527	0.01097232009227467	0.1824239614508763	0.02479232345187915	0.05678561885590595	0.01338277708056106	0.1375769818894624	0.02663006083260452	0.0118406418748825	0.4464971535014103	0.4867779575726667	0.01023060779962295
0.7110110270615728	-0.3360941827607756	1.022482120323359	1.042309636670238	0.196876654934276	0.823486619617355	0.2335832734106953	-0.1504812856753566	-0.9632841691858541	-0.1677217349262372	-0.3444208190657913	-0.4432751545944162	1.478170732171111	0.1349756081910237	-0.601095270344604	0.4455358672000559	0.6098048705090423	-0.2139886287545507	4.984443965387577	-2.815418767805003	1.227923657560668	0.03525222657756727	0.02781381625245267	0.05275935215364646	0.02631572893902736	0.03539497915173853	0.06735284146796576	0.01230862114495767	0.01111007414089556	0.1597669600910527	0.02691839716965361	0.05161563173491002	0.01513323290274421	0.1103991204233122	0.02874980344829272	0.01275679530528842	0.4251870596774553	0.5001054240124371	0.01025442667144225	-0.01006351076374184	0.04830220076623132	0.02492736684484336	0.06772503891873033	0.01837457785587055	0.03187044416842603	0.08359341611858519	0.01214438751587931	0.01099085058812468	0.1830782739776154	0.0244577929283813	0.05746950524133095	0.01329442972203002	0.1409116530281717	0.02640127671130824	0.01176479900683267	0.4473311291243968	0.4854369174866895	0.01022870179444281
0.712322855524786	-0.336655276591022	1.024424160243735	1.042487745970593	0.1960733003384942	0.8240158869877081	0.2343644134941591	-0.1507751739336193	-0.9566886258444233	-0.171426941153275	-0.34281474486039	-0.4120331376399893	1.482648421058707	0.1365665708494857	-0.6237169118230831	0.3612161887818153	0.580964370175302	-0.2342770675900571	5.071062628385637	-2.833459698089681	1.220034386889836	0.03640366124785851	0.02756641398770217	0.05400369933723826	0.02563230095204559	0.03509650233270611	0.06866217023028179	0.01229416556174912	0.01109928463570779	0.1612955239141719	0.02669595056236347	0.05211155488443178	0.01497130707590667	0.112689604404377	0.02854334093582881	0.0126678567473034	0.4263539514050608	0.4993387462190115	0.01025209091560204	-0.009395176880006047	0.05002240961524188	0.02481730565172577	0.06898856319438335	0.01806169055819003	0.03170369652352329	0.0848963275191066	0.01214089930224395	0.01098239477341558	0.1824081348014797	0.02410332998556375	0.05816203475079193	0.01323087380456971	0.1436984201212197	0.02618055958655192	0.01170572297749392	0.4479257691557706	0.484155622150856	0.01022684831790461
0.7136346839879992	-0.3371748765644386	1.026372095001464	1.042667936819724	0.1952401672546451	0.8244338979457352	0.235107134230702	-0.1510964906289095	-0.949979414487266	-0.175155655279391	-0.341221562093367	-0.3800140534274039	1.487157939909077	0.1381491157439173	-0.6464952427120556	0.2759155002465809	0.551231135468964	-0.2558057373163011	5.157741036014084	-2.851258666304748	1.20826950526654	0.0375991912706154	0.02733043750352164	0.05524644602570015	0.02497915945730964	0.0348087406959979	0.06996771513335948	0.01228066584684189	0.011088698970961	0.1626746897376964	0.02646225661490469	0.0526226839909801	0.01481784276710734	0.1150069574572259	0.02833558684860214	0.01258150047155601	0.4274903163609266	0.4985460530710842	0.01024979740502394	-0.008726842996270252	0.05174261846425245	0.02470724445860818	0.07025208747003638	0.01774880326050951	0.03153694887862056	0.08619923891962801	0.0121374110886086	0.01097393895870648	0.1817379956253439	0.0237488670427462	0.05885456426025293	0.0131673178871094	0.1464851872142676	0.0259598424617956	0.01164664694815516	0.4485204091871445	0.4828743268150225	0.0102249948413664
0.7149465124512125	-0.3376519488751384	1.028325966225748	1.042850198668973	0.1943770358564106	0.8247393601420375	0.2358102464694851	-0.1514468636600098	-0.943156469343935	-0.1789075589626581	-0.3396465727322343	-0.3471283797178566	1.491701855131021	0.1397278024331307	-0.6695322204262697	0.1895480630645453	0.5205002081132521	-0.2785638368674422	5.244409070917527	-2.868808713570843	1.193015612368701	0.03889664415731053	0.0271050124988294	0.05650079600746103	0.02434662247190213	0.03452088657914126	0.07126605726570459	0.01226280639899975	0.0110759365946716	0.1641509595053208	0.02624284002932035	0.05314673408310323	0.01467366953324469	0.1173676060660789	0.02811751687653916	0.01249792288119515	0.4285940997563388	0.497725683845663	0.01024754440882082	-0.008454031366210436	0.0549458465157949	0.02459910862868276	0.07184051965526669	0.01726768645811692	0.03113368000266917	0.08740607639488752	0.01201555766954839	0.01091218099008886	0.1880956713298019	0.02396913694717901	0.05952214222271608	0.01313934540013412	0.1497891212960509	0.02552467976032949	0.01159714354511309	0.4489731081606644	0.4814762623114806	0.01022318716825521
0.7162583409144258	-0.338085105383112	1.03028583002241	1.043034540942978	0.1934832655306364	0.8249305747918233	0.236472154604279	-0.1518278568210038	-0.9362199917367593	-0.1826823047794157	-0.3380913075129	-0.3130604781636436	1.496294153488723	0.1413209096724202	-0.6932070329613115	0.1017348804111325	0.4884117881359772	-0.3024888673066066	5.330831445412541	-2.886083545512081	1.178198291642023	0.04034696236805345	0.0268893581239744	0.05777844972672919	0.02372602389079821	0.0342232836510362	0.07255415483421178	0.01223587973317619	0.01105889018315283	0.1659473136671615	0.02606043938466943	0.05368166943508889	0.01453952238425434	0.1197862071279104	0.02788108735956656	0.01241729789725635	0.4296633886942361	0.4968760848127516	0.01024533039697116	-0.008181219736150616	0.05814907456733736	0.02449097279875733	0.07342895184049701	0.01678656965572433	0.0307304111267178	0.08861291387014704	0.01189370425048818	0.01085042302147124	0.1944533470342598	0.02418940685161182	0.06018972018517924	0.01311137291315884	0.1530930553778341	0.02508951705886338	0.01154764014207102	0.4494258071341844	0.4800781978079386	0.01022137949514402
0.717570169377639	-0.3384726400329662	1.032251756621155	1.043220991712163	0.1925578335604043	0.8250054602977055	0.2370909005956267	-0.1522409704855195	-0.9291704125047029	-0.1864795208136159	-0.3365533901395539	-0.277487316146273	1.500948507070496	0.142947515581111	-0.7179043781443478	0.01209567986621768	0.4545960200398563	-0.3275215813903385	5.416789421391869	-2.903060119430342	1.167336524983595	0.0419175229552905	0.02667860073839178	0.05907905509972863	0.02311910553228277	0.03391831597353947	0.07384801258556935	0.01220886541452332	0.01104212815212032	0.1680273668156792	0.02591741371788485	0.05422638361224125	0.01441525017993499	0.1222609146888974	0.02762641129320895	0.01233954957820806	0.4306954346513564	0.4959963481097537	0.01024315225185129	-0.009203409269013498	0.06090427528695522	0.02428796060261043	0.07505957875689424	0.01636860794587961	0.03036482757015578	0.09020914535390154	0.01195691699838263	0.01088317164726136	0.2004252714245979	0.0245376193447132	0.06085251262415849	0.01309978050324074	0.156479362308673	0.02462096767945321	0.01150228279725138	0.4497018858325537	0.4785869978327002	0.01021957994728238
0.7188819978408522	-0.3388123931186458	1.03422383391873	1.043409605930669	0.1915991864960094	0.8249614198731512	0.2376640035931063	-0.152687637654932	-0.9220084416779928	-0.1902988012826393	-0.33502640780222	-0.2402132032246238	1.505671445013407	0.1446192820028968	-0.7438464201012107	-0.07957835481884354	0.4188249554830808	-0.3536441901414312	5.502182498154047	-2.919722753608718	1.161526845491522	0.04357951980099079	0.02646839736433794	0.06040230372144691	0.02252742049615191	0.03360811342841498	0.07516186910920916	0.01218971593264009	0.01102969460144598	0.170357862527445	0.02581584820509359	0.05477989120016159	0.01430071754375004	0.1247900938471497	0.02735358752543085	0.0122646104811018	0.4316876789595366	0.4950856236802066	0.01024100721674035	-0.01022559880187638	0.06365947600657308	0.02408494840646352	0.0766902056732915	0.01595064623603488	0.02999924401359378	0.09180537683765604	0.01202012974627708	0.01091592027305149	0.206397195814936	0.02488583183781457	0.06151530506313777	0.01308818809332263	0.1598656692395118	0.02415241830004304	0.01145692545243174	0.449977964530923	0.4770957978574618	0.01021778039942075
0.7201938263040655	-0.3391020792683853	1.036202152800104	1.043600446250693	0.1906056350231439	0.8247957388917792	0.2381888338001689	-0.1531692906836074	-0.9147348288097081	-0.194139735531808	-0.3335040828850832	-0.2012208978597936	1.510458421980878	0.1463385103039034	-0.771027302850165	-0.1732406431166311	0.3810674020445845	-0.3808930274230979	5.587113600735871	-2.936087162167505	1.157143822500388	0.04524903337222418	0.02625540726597408	0.06173742879761897	0.02195865261846442	0.03330721495197812	0.07653451193407573	0.01219179869238574	0.01103069448116311	0.1720451195034785	0.02572787196507625	0.0553429324328475	0.0141947500611175	0.1273504686838801	0.02707409811825061	0.01219232784626079	0.4326419639268817	0.4941513103905286	0.01023889015413484	-0.01043091454893199	0.06458177928499263	0.02380490502661116	0.07809979149987198	0.01573967048457475	0.02996886462609298	0.09444881645034631	0.01240147633741259	0.01116271646914897	0.1859805644155893	0.02466539655832806	0.06221481969890785	0.01306918463916202	0.1627223301931446	0.02391736380939212	0.01141369507169413	0.450242179417729	0.475836732320697	0.01021593154983224
0.7215056547672787	-0.339339754764792	1.038186772987087	1.043793560125675	0.1895759724391122	0.8245063093321844	0.2386631160061385	-0.1536875317848298	-0.9073497153581774	-0.1980019859194595	-0.3319963626430982	-0.1609183035127654	1.515278350051956	0.1480855202214134	-0.7989010440310264	-0.2682441480816071	0.3417600004961197	-0.4094259832101321	5.672175124907162	-2.952221117064302	1.139260695170691	0.04685221011503284	0.02603665439723828	0.06307488713918923	0.02141965693964174	0.03302860666392866	0.07800045375687832	0.0122269468782213	0.01105318556391627	0.1722807734447549	0.02562868091096252	0.05591616753001152	0.01409630508626516	0.1299212824275653	0.02679817968268677	0.01212256619221946	0.4335599961099815	0.4932003265501407	0.0102367965188812	-0.01063623029598761	0.0655040825634122	0.0235248616467588	0.07950937732645244	0.01552869473311461	0.02993848523859218	0.09709225606303658	0.0127828229285481	0.01140951266524644	0.1655639330162426	0.02444496127884156	0.06291433433467791	0.0130501811850014	0.1655789911467773	0.0236823093187412	0.01137046469095651	0.4505063943045349	0.4745776667839323	0.01021408270024374
0.7228174832304919	-0.3395238844953712	1.040177724391841	1.043988974782707	0.188509532409787	0.8240916519583047	0.239085015337875	-0.1542441102278774	-0.8998526844037588	-0.2018852778471244	-0.3305270632418962	-0.1195964549483807	1.520110352678016	0.1498450805621493	-0.827083936863193	-0.364151069968105	0.3012174818248844	-0.4393420674698327	5.757737793403424	-2.968178374610076	1.098665568527558	0.0484508309557585	0.02581709758951179	0.06442880026406439	0.02090741056855757	0.03276477546533007	0.07955002464458548	0.01227587864295772	0.01108411049328231	0.1720825530685517	0.02552056303300049	0.05649863044696779	0.01400432038012141	0.1325012047093651	0.0265255190232298	0.0120552267461489	0.434443649699863	0.4922360753554527	0.01023472321188901	-0.01094149640764927	0.06778761309223234	0.02334933407885345	0.0812808633865134	0.01530474052572494	0.0297733843814907	0.09969031035538001	0.01279408883953993	0.01140473582881416	0.1728523669096911	0.02425567190332967	0.06361105086830211	0.01302196419094695	0.1684209984124835	0.02344690928026685	0.0113300130198509	0.4507675942671609	0.4734206287295513	0.01021221096457667
0.7241293116937052	-0.3396529904034891	1.042175033892891	1.044186711267049	0.1874057214130551	0.8235503431271932	0.2394527623207351	-0.1548407770098578	-0.8922433403572896	-0.2057893970553918	-0.3291194878689003	-0.0770295575414089	1.524971837618437	0.1516253539487986	-0.8558764316902765	-0.4613356409382083	0.2591998945119589	-0.4705442460061658	5.843406493320309	-2.983974172643001	1.045156898769389	0.05009931094138728	0.02560115415907578	0.06581169858844653	0.02041920548960449	0.03250900927051885	0.08117460000522438	0.01232152371023121	0.01111191331527559	0.1723739348023217	0.02540555340981531	0.05708946076850808	0.01391785340669813	0.1350890522547458	0.02625583661397188	0.01199022189312476	0.4352946623586347	0.491261739352408	0.01023266749116003	-0.01124676251931093	0.07007114362105248	0.02317380651094811	0.08305234944657436	0.01508078631833528	0.02960828352438921	0.1022883646477235	0.01280535475053176	0.01139995899238187	0.1801408008031397	0.02406638252781778	0.0643077674019263	0.01299374719689251	0.1712630056781896	0.0232115092417925	0.01128956134874528	0.4510287942297869	0.4722635906751703	0.0102103392289096
0.7254411401569183	-0.339725308308987	1.044178750035404	1.044386801836382	0.1862635669546719	0.8228804951324201	0.2397642822034655	-0.1554791688073284	-0.8845217597873909	-0.2097141303285015	-0.3277852166931116	-0.0329458558651658	1.529883723339717	0.1534362745419871	-0.8856351008842092	-0.5602437201393503	0.2154182532147302	-0.5029349888636488	5.928709214020898	-2.999598701658063	0.990521081657799	0.05179432529596888	0.0253903223447842	0.06721982022245826	0.01995330896600557	0.03225520813582607	0.08288322699779876	0.01234752404483328	0.01112673198550838	0.1733370923997035	0.02529076142308262	0.05768856580917079	0.01383342315646942	0.1377359590201811	0.02598732242945827	0.01192729887652856	0.4361162710687161	0.4902749503105983	0.0102306309366036	-0.01140657372768702	0.07238483525686176	0.02304034257958164	0.0847920493942077	0.01486302644323157	0.02931440793044411	0.1052904649446878	0.01243983008641535	0.01116642270050559	0.1939136415938655	0.02402926322541532	0.06501964688357124	0.01289743596567892	0.1755867057203939	0.02293963946745415	0.01124804007781057	0.4513469290038236	0.4709934263023094	0.01020853848442091
0.7267529686201316	-0.3397386951614875	1.046188952174909	1.044589290190413	0.185081607899212	0.8220795739037345	0.240017101550128	-0.1561608141935071	-0.8766887707415237	-0.2136592242466929	-0.326516864463711	0.01281611073634461	1.534860321233533	0.1552809914773524	-0.9165621048648113	-0.6611685278456637	0.1697056704909739	-0.5364882161043395	6.013258693945166	-3.015015800260183	0.9446575724572552	0.05353294772936344	0.0251859360920577	0.06864983087619715	0.0195081685092676	0.03199792671349574	0.08468393353617742	0.01233939761521886	0.01111983800997676	0.1751360545476094	0.0251825125163033	0.05829586358089464	0.0137479431521155	0.1404876391705238	0.02571836311514145	0.01186623370077571	0.4369114820556845	0.4892734933773321	0.01022861494786341	-0.01156638493606311	0.07469852689267105	0.02290687864821517	0.08653174934184105	0.01464526656812786	0.02902053233649902	0.1082925652416522	0.01207430542229894	0.01093288640862931	0.2076864823845914	0.02399214392301287	0.06573152636521619	0.01280112473446534	0.1799104057625982	0.02266776969311581	0.01120651880687586	0.4516650637778603	0.4697232619294487	0.01020673773993221
0.7280647970833449	-0.3396908996960205	1.048205730101848	1.044794220894284	0.1838582514123406	0.8211448363016959	0.2402086372749451	-0.1568872358492607	-0.8687455084935908	-0.2176243941366773	-0.3252991184005124	0.06029693426551828	1.539908441687984	0.1571561458636499	-0.9487027580520789	-0.7642326937312042	0.122028472025293	-0.5712193853542497	6.096799376766358	-3.030204040867572	0.9144990759978884	0.05524697654089956	0.02498141251977262	0.07009960418852705	0.01908541819532437	0.03174835977371585	0.08660310392029846	0.01231524584679471	0.01110264224889006	0.1775602958290762	0.02506703461442826	0.05891139958042528	0.01366175413065646	0.1433259858663783	0.02545477380697049	0.01180698608118948	0.4376802866309721	0.4882596025996253	0.0102266187464103	-0.01116059277418321	0.07541914629075665	0.02263260603657224	0.08826537341686147	0.01450507189518766	0.02898486814319977	0.1121969260543138	0.01205011257836824	0.0109133441644957	0.2168778915088992	0.02364687794909549	0.06646167570557153	0.01271045918327043	0.1839569085810964	0.02253076939002381	0.01116778208684462	0.4519286418237586	0.4685127362005417	0.01020496076340927
0.729376625546558	-0.3395798550013285	1.050229170149623	1.045001619046928	0.1825921483146917	0.8200736760091714	0.2403365297656458	-0.1576600559594843	-0.8606932720956231	-0.2216093433695985	-0.3241107277184044	0.1092452251846949	1.545017321406076	0.1590428381269427	-0.9817331410344351	-0.8691571401004838	0.07267586085946388	-0.6072268159496369	6.179399547836518	-3.045171180563115	0.8999026571241171	0.05687624374703483	0.02477088947672069	0.07156725682040523	0.01868650723208736	0.03151649763017597	0.0886641417472224	0.01229109370041411	0.01108524352875707	0.1804169452111162	0.02493207429956565	0.05953521503239863	0.01357515818074722	0.146234818835678	0.02520173603422287	0.01174952026024516	0.4384226740977268	0.4872353671795008	0.01022464164456058	-0.0107548006123033	0.07613976568884222	0.0223583334249293	0.08999899749188188	0.01436487722224746	0.02894920394990053	0.1161012868669754	0.01202591973443753	0.0108938019203621	0.226069300633207	0.0233016119751781	0.06719182504592686	0.01261979363207552	0.1880034113995946	0.02239376908693182	0.01112904536681339	0.4521922198696569	0.4673022104716347	0.01020318378688633
0.7306884540097713	-0.3394037833349467	1.052259344835252	1.0452114896764	0.1812823213280836	0.8188638286507065	0.2403987484337008	-0.1584810044719765	-0.8525332172109191	-0.2256137869685327	-0.3229324359313437	0.1592452881465651	1.550165108410942	0.160914300657627	-1.015116772156335	-0.9754263396218127	0.02211590864749373	-0.6446643786632185	6.261347030528439	-3.059935759154364	0.8956482242921384	0.05835967181071214	0.02454981497367448	0.07304691312468313	0.0183092622220378	0.0313113233914323	0.09089640344654638	0.01226858112943823	0.0110641401144733	0.1828211493894664	0.02477063293178763	0.06016738156949676	0.01348837259722049	0.1492088683557393	0.02496280400278397	0.01169381373258235	0.4391389800861394	0.4862009711082733	0.01022267822495853	-0.0102984950560226	0.07514337734374917	0.02196622980461608	0.09162108742400131	0.01422085107853331	0.02916070462045998	0.1211085480017877	0.01203893841578864	0.01079501912500983	0.2092259402757865	0.0227547077815142	0.06794110128517117	0.01253325177966829	0.192062202364656	0.02236029445334255	0.01109334600232261	0.4524145302575961	0.4660788731875098	0.0102013230139088
0.7320002824729845	-0.3391619096559834	1.054296269521173	1.04542377821387	0.1799290891068145	0.8175143270398629	0.2403943806871797	-0.1593521730486455	-0.8442656142183416	-0.2296374966849334	-0.3217631117020143	0.2095662874744578	1.555308301733724	0.162729155493931	-1.047908309514779	-1.082072559267748	-0.02884109208465639	-0.6837918018443283	6.34336627298333	-3.074544102422031	0.886230809596135	0.05964307227902059	0.02431413525775116	0.07453335823553046	0.01795174093724028	0.03114084411706649	0.09332584150721271	0.01224916071594339	0.01103623288435218	0.1839743393349655	0.02457647763059292	0.06080796375480442	0.01340159002671635	0.1522434399857875	0.0247411414896475	0.01163984650243448	0.4398295142985331	0.4851565864326451	0.01022072369404684	-0.00984218949974191	0.07414698899865613	0.02157412618430285	0.09324317735612073	0.01407682493481917	0.02937220529101942	0.1261158091366001	0.01205195709713975	0.01069623632965756	0.192382579918366	0.0222078035878503	0.06869037752441548	0.01244670992726107	0.1961209933297175	0.0223268198197533	0.01105764663783182	0.4526368406455353	0.464855535903385	0.01019946224093126
0.7333121109361977	-0.3388541347405575	1.056339919350944	1.045638392034052	0.1785336427447348	0.8160250966803607	0.2403232631576733	-0.1602758885291218	-0.8358900578094081	-0.2336802870990558	-0.3206161187994778	0.2595765081101005	1.560410986518309	0.1644502812685287	-1.079296973451266	-1.18828689544619	-0.07949077040190534	-0.724822011628282	6.426024973514711	-3.089033198520189	0.8598230280851193	0.06077488304369288	0.02406544843447908	0.07603635631683202	0.01761014398310688	0.03099874215420339	0.09594157353990862	0.0122600375015501	0.01106809317816666	0.1845826653245737	0.02436118808333032	0.06145551118482973	0.01331470984004969	0.1553309417118536	0.02453358899638534	0.01158753886597219	0.4404911287327361	0.4840981078928922	0.01021877995301412	-0.009463623297437317	0.07392410563980206	0.02119052907032663	0.09513241949002373	0.0138839992144791	0.02950279600012587	0.131292081559311	0.01268688165114349	0.01208529089344778	0.1944425430919675	0.02186601189325604	0.06942079533091966	0.01235787641214603	0.2000993168797831	0.02225366208756592	0.01102360675887256	0.452685380208406	0.4634511549343956	0.01019766224801748
0.7346239393994111	-0.3384810998586922	1.058390231654054	1.045855190649527	0.1770981128078662	0.8143969469351846	0.2401860686069361	-0.1612547147833227	-0.8274056531619607	-0.237742010606773	-0.3195141563827735	0.3090609526651953	1.565465839398479	0.1660600717321434	-1.109019310903881	-1.293867609159358	-0.1295814301978007	-0.7678131124747728	6.509315164477297	-3.103409299263819	0.8175777815685035	0.06179779901808583	0.02380517685744383	0.07756458796710661	0.01728108593490997	0.03087937608959124	0.09873382941362539	0.01232529470704416	0.01121860781219746	0.1852840018883393	0.02413506916706428	0.06210873102411375	0.01322764278335588	0.1584646017856052	0.02433733027315677	0.01153682015971786	0.4411208920935484	0.4830216961722614	0.01021684868577144	-0.009085057095132727	0.07370122228094801	0.02080693195635042	0.09702166162392671	0.01369117349413903	0.02963338670923232	0.1364683539820218	0.01332180620514724	0.01347434545723799	0.196502506265569	0.02152422019866179	0.07015121313742385	0.01226904289703098	0.2040776404298487	0.02218050435537856	0.01098956687991329	0.4527339197712767	0.4620467739654063	0.01019586225510369
0.7359357678626243	-0.3380435521051046	1.060447142983943	1.046074022014389	0.1756247525623136	0.8126307444458543	0.2399836006021633	-0.1622912371147826	-0.8188116259731197	-0.2418225195109278	-0.3184763614026336	0.3579061607084184	1.570473258412594	0.167544922364456	-1.136946263084872	-1.398765468823573	-0.1789699649828494	-0.8127877519511902	6.59305225165236	-3.117667838715381	0.7645652483208838	0.0627089140837782	0.02353159608113051	0.07911531056395502	0.01696841954858559	0.0307842351683613	0.1017028365290205	0.01243551776653581	0.01137706096428906	0.1863611622819608	0.0238947719959551	0.06276702998893417	0.01314082971179054	0.1616578672707781	0.0241543368471422	0.01148766488110664	0.4417174606766665	0.4819227818665275	0.01021494101365677	-0.008680555085893917	0.07316921264817278	0.02036058581818707	0.09889553278596111	0.01361088374876703	0.02984413428189073	0.1420707654704454	0.01385206015127997	0.01260344921861127	0.2074565094653339	0.0210832744939784	0.07087855317398775	0.01218984246133624	0.2085628041154293	0.02217544177987944	0.01095811743452468	0.4526657007761222	0.4604278202830126	0.01019433794276823
0.7372475963258375	-0.3375423750004308	1.062510597577271	1.046294710640377	0.1741159538295451	0.81072733068374	0.2397168517853966	-0.1633880560580845	-0.8101077377304622	-0.2459216378894689	-0.3175083786715989	0.4060695974958125	1.575441630873803	0.168891632684739	-1.163048458804129	-1.503058487010902	-0.2275832849880298	-0.8597406981999653	6.676808182962677	-3.131781109224943	0.7111427595506714	0.06350551866609146	0.02324316960234949	0.08068609072231515	0.01667556829881465	0.03071464060940061	0.104848717683566	0.01258235272729756	0.01144555039002983	0.1880713899757792	0.02363731368915032	0.0634298794431619	0.01305466144093279	0.1649227945848761	0.02398636156488519	0.01144005040913542	0.4422795808384524	0.4807970912295396	0.01021306678040654	-0.008276053076655104	0.07263720301539754	0.01991423968002372	0.1007694039479955	0.01353059400339503	0.03005488185454915	0.147673176958869	0.0143823140974127	0.01173255297998454	0.2184105126650988	0.02064232878929501	0.07160589321055164	0.01211064202564149	0.2130479678010098	0.02217037920438032	0.01092666798913607	0.4525974817809676	0.4588088666006189	0.01019281363043276
0.7385594247890507	-0.3369784807406479	1.0645805480853	1.046517069390029	0.1725741221065488	0.8086874637028614	0.2393868705676687	-0.1645477651367014	-0.8012941613118626	-0.2500391615389742	-0.3166060409662974	0.4535238969647273	1.580379696794517	0.170087989041725	-1.187313367859589	-1.606832998813025	-0.2753663847966843	-0.908667397563502	6.760139119178706	-3.145718675593623	0.6674930116874792	0.06422446234937468	0.02295163519210937	0.08227937390336228	0.01639745281474806	0.03066021461836693	0.1081721087257099	0.01266753344350202	0.01144526233346664	0.1905703855086966	0.0233704608345914	0.0640959584509673	0.01297009542011128	0.1682586174684916	0.02383156428362245	0.01139401498655434	0.4428050223835944	0.4796406402436464	0.01021121113619887	-0.007775934560788244	0.0727934591651971	0.01971133510490264	0.102751680086871	0.01337288388682967	0.03007135853956135	0.1537211677385416	0.01276198285817936	0.01115935169763639	0.2355305467481719	0.02034820841771367	0.07230936050608555	0.01205441607460469	0.2176801815304274	0.02215213617131416	0.01089915013001047	0.4523731818687469	0.456981420879076	0.01019102089760067
0.7398712532522639	-0.3363527824862474	1.066656962031497	1.046740894405869	0.1710016348030533	0.8065117316862681	0.2389947422905087	-0.1657729473852564	-0.7923718177672339	-0.2541748356382183	-0.3157493896339948	0.5002953220020815	1.585295721613139	0.1711270867290383	-1.209785636108372	-1.710196905919523	-0.3223320416826294	-0.9595604105327417	6.842633409582066	-3.159453094576909	0.6414898517170041	0.06489851392541468	0.02266744772339322	0.08389734022724386	0.01612955351783926	0.03061171105511739	0.1116735164008541	0.01260410130974014	0.01139488262116301	0.1939967096839672	0.02310112963412356	0.06476408885363527	0.01288798024175505	0.1716646721431681	0.02368830529548715	0.01134959243066165	0.4432917059504397	0.4784497018529243	0.01020936093521227	-0.007275816044921382	0.07294971531499667	0.01950843052978156	0.1047339562257464	0.01321517377026431	0.03008783522457356	0.1597691585182142	0.01114165161894603	0.01058615041528825	0.2526505808312451	0.02005408804613233	0.07301282780161947	0.01199819012356789	0.222312395259845	0.02213389313824799	0.01087163227088486	0.4521488819565262	0.4551539751575331	0.01018922816476859
0.7411830817154772	-0.3356666013917931	1.06873977148985	1.046965956016541	0.1694014338231306	0.8042015025962129	0.238541979171278	-0.167066395617797	-0.7833416146121166	-0.2583283789412774	-0.3149330132305436	0.5455506504351245	1.590117471283091	0.1719603846840303	-1.229322330454715	-1.811577280427631	-0.3676089989091251	-1.012818054254798	6.924536087615635	-3.172957034945084	0.6019388408894567	0.06542689188611529	0.02237928920836465	0.08553235933517177	0.01588089271811569	0.03058934207060951	0.115384740483921	0.01248187447927459	0.01132322390633899	0.1976901309091471	0.02281137625158941	0.0654336430161155	0.01280690517372138	0.1751329611349499	0.02356605226236021	0.01130665709256195	0.4437361925732936	0.4772209879643808	0.01020750649804661	-0.006679654005088298	0.07045458328437083	0.01905751406012289	0.10657046295087	0.01328333619338703	0.03059320825779874	0.1671323348489091	0.01125740774091262	0.01056303980300548	0.2514345405061401	0.01933874498888146	0.07370466945729973	0.01191490268498757	0.2268703572711267	0.02235844765266054	0.01084449737488849	0.4517132775946163	0.4531307012443579	0.01018722797485223
0.7424949101786904	-0.3349222280620309	1.070828841595062	1.047191956840261	0.1677777362585106	0.8017597634783142	0.2380311462006429	-0.1684312859580279	-0.7742046937668088	-0.2624994847980317	-0.3141732841998864	0.5890145950276551	1.594840638692131	0.172559001060115	-1.245608281683882	-1.910695722947571	-0.4108647287424578	-1.068480303698645	7.005334090639357	-3.186228779749366	0.5551258110541683	0.06571945665254854	0.02207707980958464	0.08717764645900664	0.01565948423682627	0.0306110985086202	0.1193338066207568	0.01238036447783349	0.01125579863284203	0.2010550344509903	0.02248521753530755	0.06610406100947402	0.01272561992325093	0.1786563436576927	0.02347322274453894	0.01126509769298273	0.4441352764335308	0.4759514213920381	0.01020563925719567	-0.006083491965255214	0.06795945125374502	0.01860659759046421	0.1084069696759936	0.01335149861650975	0.03109858129102392	0.1744955111796039	0.01137316386287922	0.01053992919072272	0.2502185001810351	0.01862340193163058	0.07439651111297998	0.01183161524640726	0.2314283192824084	0.02258300216707309	0.01081736247889211	0.4512776732327062	0.4511074273311827	0.01018522778493586
0.7438067386419037	-0.334121834308044	1.072924072186373	1.047418590941497	0.1661345227628454	0.7991889598856061	0.2374647401340851	-0.1698706390481494	-0.7649629116981763	-0.2666878574647605	-0.3134617094889033	0.6308917233852112	1.599510193748442	0.172919696446428	-1.259004662380758	-2.00832012212273	-0.4522506847961978	-1.126347465921948	7.084346447744665	-3.199287971056067	0.5303554047268387	0.0658155860522921	0.02175968315840669	0.08885688127309975	0.01546237722822622	0.03067342242583394	0.123525472952693	0.01230192061457781	0.01119959703117008	0.2042019889972092	0.02213418895542648	0.06677144439112669	0.01264497282054736	0.1821937846495497	0.02340426876274005	0.01122495841192137	0.4444825289235902	0.474638665391183	0.01020375784903247	-0.005435772860794396	0.06597857231161594	0.01810194956521333	0.1108925246056731	0.01340583848737682	0.03160825086841521	0.1825885887108862	0.01158313858145891	0.01068283533909929	0.2516674072885286	0.01810437692210073	0.07499102568792181	0.01176711699950496	0.2348670391360738	0.0227370466201624	0.01079396603051978	0.4505021697820103	0.4489136610157766	0.01018317132560192
0.7451185671051169	-0.3332679439339357	1.075025365775956	1.047645519974606	0.1644761489207026	0.7964916817347814	0.2368457009940156	-0.1713874979852321	-0.7556184395551084	-0.2708932334096502	-0.3127801820173608	0.6705749842398739	1.604084222916229	0.1730086511550508	-1.268721588221651	-2.103517518189085	-0.4911085632931785	-1.186644909631471	7.161894308678971	-3.212151799195865	0.5093160855824598	0.06575020916350308	0.02142608629234793	0.09059114937210815	0.01528694361906823	0.03077313335520876	0.1279638425866949	0.01224862089615582	0.01116080770428965	0.2072300935126384	0.02176856285614106	0.06743231232734991	0.01256571567967734	0.1857085054252093	0.02335425156994059	0.01118627833167752	0.444771958258467	0.4732805315709381	0.01020186106737122	-0.004788053756333578	0.06399769336948685	0.01759730153996245	0.1133780795353526	0.0134601783582439	0.03211792044580649	0.1906816662421684	0.01179311330003861	0.01082574148747586	0.2531163143960221	0.01758535191257088	0.07558554026286363	0.01170261875260266	0.2383057589897392	0.02289109107325171	0.01077056958214745	0.4497266663313144	0.4467198947003707	0.01018111486626798
0.74643039556833	-0.3323635737510408	1.077132588969142	1.047872378259965	0.1628076139255367	0.7936713144213906	0.236177499051303	-0.1729850858885847	-0.746173233722758	-0.2751153660018236	-0.312126875020932	0.7078242856284336	1.608548662740395	0.1728089642913396	-1.274464715802995	-2.195923369959921	-0.5271725947415822	-1.249425265262832	7.237796025680445	-3.224841907388119	0.4866294896997068	0.06557945339830305	0.02108291966176241	0.09239829552662999	0.01512622102236618	0.03090025218110629	0.1326481197381563	0.01220445978092818	0.01112988294150708	0.2104011614836633	0.02139781833663653	0.06808313226736265	0.01248870193476175	0.1891811449026915	0.02331856847779579	0.01114915719793419	0.4449963667832538	0.4718728124538683	0.01019993704680207	-0.004186825219776116	0.06311957599427723	0.01721437728176098	0.1164619509647749	0.01339856819127163	0.03246719537739425	0.1993838531592061	0.01169125249089598	0.01078816270622105	0.262550657195585	0.01725729967407056	0.0760762898166667	0.01166021438573206	0.2410904484355667	0.02297594319351152	0.01075233389682154	0.4485566459791529	0.4442739595378907	0.01017876001961917
0.7477422240315433	-0.3314118897426318	1.079245599224361	1.048098785053305	0.1611340824476035	0.7907315435376522	0.2354637682204918	-0.1746666219924428	-0.7366299220051681	-0.2793540449630222	-0.311503641576566	0.7427091496477555	1.612907117700999	0.1723203111742191	-1.276339174878767	-2.285558960595182	-0.5605214311353373	-1.314631460161238	7.311465518515212	-3.237378219561256	0.4634662826617398	0.06535362099005207	0.0207360887222262	0.0942942030367885	0.01497402542015388	0.03104589819358735	0.1375775486906947	0.01215525598499089	0.01109836928612669	0.2139516008235205	0.02103040178574427	0.06872074705940552	0.01241468786163386	0.192594286358847	0.02329312675049464	0.01111368329983667	0.445149041932296	0.470411568474363	0.01019797528471455	-0.003585596683218654	0.06224145861906759	0.0168314530235595	0.1195458223941972	0.01333695802429936	0.03281647030898201	0.2080860400762439	0.01158939168175335	0.01075058392496624	0.2719849999951478	0.01692924743557023	0.07656703937046976	0.01161781001886146	0.2438751378813941	0.02306079531377134	0.01073409821149563	0.4473866256269915	0.4418280243754108	0.01017640517297036
0.7490540524947565	-0.3304161383541245	1.081364252034434	1.048324346960374	0.1594607978871094	0.787676223071116	0.2347082371431859	-0.1764353164522535	-0.7269917802729241	-0.2836090521924173	-0.3109104099980367	0.7752050643340334	1.6171590768516	0.1715344147599591	-1.274335488331171	-2.372307565164898	-0.5911265301555056	-1.38223558995558	7.382212872628791	-3.24975823623133	0.4411345162824055	0.06508371900098944	0.02038558467857536	0.09629396793093029	0.01482562399744865	0.03120853219341258	0.1427632144605929	0.01210004017339375	0.0110649365587484	0.217810225673723	0.02067045472526978	0.06934174283133381	0.0123438956390439	0.1959292630660537	0.02327539452242653	0.01107987486854204	0.4452222501167953	0.468891161362287	0.01019596875951531	-0.002935897308910692	0.06153430051607873	0.01644122127480192	0.1232349194897556	0.01318443766738566	0.03316683331520458	0.2177451971568288	0.01145546750089169	0.0106817539057355	0.280054134757603	0.01670329039452685	0.07694282303872756	0.01158639511953418	0.2459337574602325	0.02310729903834527	0.0107195586106377	0.4457737245577766	0.4390587856705595	0.01017381648365978
0.7503658809579699	-0.3293785369811818	1.083488443996749	1.048548741715214	0.1577917064101796	0.7845080604639034	0.2339134500617708	-0.1782940100379691	-0.7172629239950985	-0.2878802872481044	-0.310345820147599	0.8065131996068273	1.62135205178907	0.1705408831053407	-1.269946444286008	-2.4575969156492	-0.6203707250872502	-1.451843188343491	7.449767969826739	-3.262118992951391	0.4197994041008569	0.06477963115867987	0.02003139993574521	0.09841100238541407	0.01467681606308943	0.03138678398128475	0.1482148685627815	0.01203795353312527	0.01102840687337897	0.2219125227690285	0.02032166562803242	0.06994306474733937	0.01227652199060449	0.1991692096137244	0.02326312164286631	0.01104774800588073	0.4452087734670938	0.4673063106389462	0.01019391125607953	-0.002286197934602731	0.06082714241308987	0.01605098952604434	0.126924016585314	0.01303191731047196	0.03351719632142715	0.2274043542374138	0.01132154332003004	0.01061292388650477	0.2881232695200581	0.01647733335348346	0.07731860670698534	0.0115549802202069	0.2479923770390709	0.0231538027629192	0.01070501900977976	0.4441608234885616	0.4362895469657082	0.0101712277943492
0.7516777094211831	-0.3283003980167062	1.085618106803447	1.048771714272401	0.1561296299206137	0.7812287049603144	0.2330809078334979	-0.1802452503986562	-0.707447748505833	-0.2921677420618662	-0.3098087151591754	0.8369455253905369	1.62549636768623	0.1693593155445344	-1.26356909519695	-2.541705658768598	-0.6486178547260147	-1.523341821726308	7.513556217281382	-3.274475741174611	0.3992558979212411	0.06449812321294576	0.01967421073470545	0.1006744517407805	0.01452405298319798	0.031571796033401	0.1539395565843477	0.01197082928710051	0.01098985820922279	0.2262820811075961	0.02000035227305009	0.07051923872756762	0.01221300682939737	0.2022747787709209	0.0232464919769059	0.01101728044682668	0.4451017668921316	0.4656516937811247	0.0101918247679987	-0.001689574609294955	0.06149242517648587	0.01566920496214477	0.131667974897904	0.01279791142893797	0.03368978007489557	0.2379737966351825	0.01121543509809964	0.01056225246362995	0.2975399183867226	0.01664915280167348	0.07751298131948274	0.01154027157366491	0.2485899945503253	0.02298333603020759	0.0106933251931205	0.4421099390049089	0.4331891759189644	0.01016903317090916
0.7529895378843963	-0.3271833629993968	1.087753153771999	1.048992973739985	0.1544777650605693	0.7778404640194836	0.2322124774519392	-0.1822916396714176	-0.6975520030783262	-0.2964713510156448	-0.309297809513927	0.8658137142253743	1.629560689068917	0.1679291244423482	-1.254377899004163	-2.623602519298492	-0.6750854264551205	-1.59690622709287	7.57260405712518	-3.286747424739682	0.3798561579858957	0.06429025474297281	0.01931461951962398	0.1031101763423767	0.01436418584184853	0.03175569589539976	0.1599435001515359	0.0119002914049219	0.01095024507795441	0.2309400505402091	0.01972103633971474	0.07106536265575601	0.01215373948887513	0.2052103586669409	0.02321678479411727	0.01098845240141044	0.4448948332678949	0.4639223222833624	0.01018972876278511	-0.00109295128398718	0.06215770793988188	0.01528742039824519	0.1364119332104939	0.01256390554740398	0.03386236382836399	0.2485432390329513	0.01110932687616924	0.01051158104075513	0.3069565672533869	0.0168209722498635	0.07770735593198012	0.01152556292712292	0.2491876120615797	0.02281286929749597	0.01068163137646124	0.4400590545212562	0.4300888048722206	0.01016683854746911
0.7543013663476095	-0.3260292807087095	1.089893486922955	1.049212206885926	0.1528395423429656	0.7743460486754511	0.2313102570154195	-0.1844358036396031	-0.6875821833828452	-0.300791030739375	-0.3088111049846231	0.8936010128144162	1.633561526825582	0.1662813989527294	-1.242992695742652	-2.703751181568986	-0.7003358170507852	-1.672338313731404	7.62632371189035	-3.298998253714196	0.3628547536368053	0.06418765737530772	0.01895598307046033	0.1057330223851809	0.01419878035423899	0.03193451343406147	0.1662333837083908	0.01182710716055789	0.01090991798749593	0.2359008737309695	0.01948642077639306	0.07157709374915304	0.01209899471965568	0.2079526536113177	0.02317212676393836	0.0109613040704248	0.4445830038962984	0.4621107793812079	0.01018762385894091	-0.0006045955425304256	0.06376872761958788	0.01497818014329316	0.1419608008580406	0.01235148230373975	0.03393872417422093	0.2600623283596579	0.0110137894689907	0.0104666973390265	0.3175530015062706	0.01713699348216101	0.07772758012839687	0.01152552728971535	0.2486476643793022	0.02257280897746494	0.01067411602201386	0.4376171295129409	0.4265568588871909	0.01016463881149134
0.7556131948108227	-0.324839088981803	1.092039039237398	1.049429160257137	0.1512172259671636	0.7707472614842865	0.2303752846722419	-0.1866800018860071	-0.67754565279447	-0.3051268090313567	-0.3083440026492382	0.9208657837614382	1.637517771623745	0.1644534036622713	-1.230127256803658	-2.782726752649269	-0.7250186406847811	-1.749417443408931	7.674310789005374	-3.311291132565215	0.3499708586640844	0.0642186770591273	0.01860129016202786	0.1085560650450049	0.01402922593691782	0.03210471954798348	0.1728151565864765	0.01175195637209822	0.01086918731897521	0.2411774353646919	0.01929888944781781	0.07205053369860905	0.01204901570053136	0.2104803501082616	0.02311085154252344	0.0109358710088465	0.4441616240386128	0.4602101119608546	0.01018551060408884	-0.0001162398010736712	0.06537974729929388	0.01466893988834112	0.1475096685055873	0.01213905906007552	0.03401508452007786	0.2715814176863646	0.01091825206181217	0.01042181363729787	0.3281494357591543	0.01745301471445852	0.07774780432481362	0.01152549165230778	0.2481077166970248	0.0223327486574339	0.01066660066756649	0.4351752045046255	0.4230249129021613	0.01016243907551357
0.756925023274036	-0.3236132223959912	1.094189760645087	1.049643614284661	0.1496124372627328	0.7670453788629386	0.2294080130081756	-0.1890262962823698	-0.6674500811818092	-0.3094787713762619	-0.3078903248846557	0.9481859866449758	1.641448612440402	0.1624845178318355	-1.216519758634674	-2.861144119727995	-0.7498068123130026	-1.827915515932564	7.716303182928725	-3.323698566866884	0.3428553149511199	0.06440555162802726	0.01825410785307286	0.1115854408088798	0.01385729076216283	0.03226351468104641	0.1797036969096208	0.01167599414654669	0.01082862817190398	0.2467364716716569	0.01915920345060556	0.07248176216189552	0.0120040107818493	0.2127785285457193	0.0230336159324205	0.0109121962419576	0.4436280936040239	0.4582121400230331	0.01018338007606632	0.0002861614418945466	0.06782046559158611	0.01444924766511067	0.1537025558424118	0.01195861383635329	0.03400766977966672	0.2843454238321221	0.01084492239562802	0.01038909803373143	0.3384500443526907	0.0178791400214738	0.07758775575719411	0.01153967155234758	0.2465967277051052	0.02207483842282103	0.01066348044450488	0.4324158518504629	0.4190057517894067	0.0101600213718282
0.7582368517372493	-0.3223510899085396	1.096345634341755	1.049855420722048	0.1480254880025724	0.7632405505436203	0.2284076993316209	-0.1914763419172432	-0.6573033160865605	-0.3138471411386352	-0.307441440838554	0.9761563989238473	1.645372898005009	0.16041691535294	-1.202929426875189	-2.939676694237715	-0.7753941473299848	-1.907595498528421	7.752359840516482	-3.336305708673672	0.34266240595981	0.06476804741754959	0.01791761022788328	0.1148264677831111	0.0136845439481229	0.03240840845139605	0.1869122138454315	0.01160024396590478	0.01078874978447551	0.2525480397953483	0.01906801621328184	0.07286725126230738	0.01196416428711164	0.2148333354386553	0.02294100158960596	0.01089031782793316	0.4429799619396957	0.4561091886644921	0.01018122437739582	0.0006885626848627645	0.07026118388387834	0.01422955544188022	0.1598954431792364	0.01177816861263105	0.03400025503925557	0.2971094299778797	0.01077159272944386	0.01035638243016498	0.348750652946227	0.01830526532848907	0.07742770718957459	0.01155385145238738	0.2450857387131856	0.02181692818820817	0.01066036022144327	0.4296564991963003	0.4149865906766521	0.01015760366814284
0.7595486802004625	-0.3210515779274745	1.0985066598497	1.05006446879024	0.1464560230752783	0.7593323246772943	0.227372991019103	-0.1940315850365435	-0.6471130705614795	-0.3182322205864839	-0.3069878629967021	1.005366290881354	1.649308582757375	0.1582934088050306	-1.19010852575843	-3.019011167804773	-0.8024692651694783	-1.988219630796115	7.782716182214394	-3.349208879094	0.3499216549987544	0.06531560462544012	0.01759344918403804	0.1182806553257634	0.01351247626966558	0.03253812428640813	0.1944620596169337	0.01152585325602365	0.0107500674277174	0.2585109929521598	0.01902806650302494	0.07320320082545047	0.01192964876639403	0.2166315710507968	0.02283475354035067	0.01087026233566729	0.4422171911379006	0.4538934822859645	0.010179038245594	0.0009975510984724899	0.07329986770414319	0.01406849062327574	0.1666434555326743	0.01162996168087342	0.03393444609215165	0.3114136119328364	0.01072459089299387	0.01033663254676074	0.3563406755879496	0.01889047507547387	0.07707546226432954	0.01158221861537806	0.242603390173791	0.02156895622280515	0.01066142561238587	0.4266701610271316	0.4104679030793742	0.01015501683244279
0.7608605086636757	-0.3197125658045148	1.100672865930522	1.050270722599265	0.1449024007385524	0.7553190518617283	0.2263013561099477	-0.1966930580214924	-0.6368864112609012	-0.3226344951270478	-0.3065205749048137	1.036377902908907	1.653271145710204	0.1561568169476698	-1.178775979096848	-3.099830181608769	-0.8316920503186048	-2.069552442802371	7.807875906780021	-3.362521166100202	0.3635649086429619	0.06605642233348719	0.01728309216783715	0.1219492337755686	0.01334241051688946	0.03265152444002906	0.2023721894547877	0.01145383849218016	0.01071303724955147	0.2645345351556181	0.01904176128214547	0.0734861827930267	0.01190061674458972	0.2181608612530835	0.02271642168069208	0.01085205324570196	0.4413397191561498	0.4515577150577491	0.01017681702191201	0.001306539512082215	0.07633855152440805	0.01390742580467126	0.1733914678861123	0.01148175474911579	0.03386863714504774	0.3257177938877932	0.01067758905654388	0.0103168826633565	0.3639306982296722	0.01947568482245867	0.07672321733908451	0.01161058577836874	0.2401210416343964	0.02132098425740213	0.01066249100332846	0.4236838228579629	0.4059492154820962	0.01015242999674274
0.7621723371268889	-0.3183314485998852	1.102844294240878	1.050474183649158	0.1433623598236866	0.7511984877025962	0.2251896934633042	-0.1994615885731988	-0.6266298974448962	-0.3270545509606842	-0.306031912222285	1.069720674473161	1.657273912652631	0.1540485503809075	-1.169610032009529	-3.18278281743031	-0.8636861907319684	-2.151366010604868	7.828425203996424	-3.376357238898555	0.381429223138802	0.06697851411017321	0.0169862090386553	0.1258273776593483	0.0131755038612516	0.03275045282753368	0.2106527464030553	0.01138499584417461	0.01067802275936583	0.2704391880554974	0.01911000822425602	0.07371289021306847	0.01187717189882131	0.2194120167039624	0.02259011253384023	0.01083570817236481	0.4403450752564049	0.4490915763945469	0.0101745605218624	0.001447274185209095	0.07947804335502773	0.01376569299539966	0.1805342899465324	0.01136374074990183	0.03381360863344685	0.3413489527146503	0.01065326106589173	0.01030860786316503	0.3656418354899676	0.02018897568129588	0.07617727365883731	0.01165223737651383	0.2367527761025544	0.02114427974529426	0.01066764055268012	0.420378213117417	0.4008068007396387	0.01014976859233348
0.7634841655901021	-0.3169047743753521	1.105021005185505	1.050674921408687	0.1418325498203822	0.7469673573269277	0.2240338994096414	-0.2023376241252188	-0.6163490749377629	-0.3314931799172157	-0.3055198772190675	1.105833659886049	1.661324995136646	0.1520049168152245	-1.1631780385162	-3.268398286155827	-0.8989743320569209	-2.233453444195804	7.844936688892692	-3.390837553640633	0.3991981009299733	0.06807095985483241	0.01670250337625497	0.1299107498188327	0.01301278274644103	0.03283654748942084	0.2193128904305908	0.01132003030832903	0.01064534563629977	0.2760634291690908	0.01923358562594923	0.07388032959331133	0.01185940571600234	0.2203762497916199	0.02245947695035478	0.01082124266561067	0.4392309255212576	0.4464853732605455	0.0101722685805298	0.001588008858335974	0.08261753518564739	0.01362396018612807	0.1876771120069525	0.01124572675068786	0.03375858012184595	0.3569801115415074	0.01062893307523958	0.01030033306297355	0.3673529727502631	0.02090226654013308	0.07563132997859011	0.01169388897465892	0.2333845105707125	0.02096757523318639	0.01067279010203178	0.417072603376871	0.3956643859971812	0.01014710718792422
0.7647959940533154	-0.3154287264867384	1.107203065171251	1.050873035955945	0.1403091476147123	0.7426219492765262	0.2228294347910823	-0.2053214357380756	-0.6060489990067384	-0.3359512770538683	-0.3049867006086036	1.145105173990086	1.665429903915424	0.1500586952893808	-1.159985810500958	-3.357127570146411	-0.9380217377332394	-2.315620343847996	7.857870394720095	-3.406072979154033	0.4118282720299489	0.0693105351095236	0.01643107481832208	0.1341855035067778	0.01285503306911952	0.03291231728482369	0.2283342537357748	0.01125931139829922	0.01061523128847537	0.2812168975854793	0.01940952877881048	0.07398576467105367	0.01184736861639652	0.2210539207802349	0.0223303762374936	0.01080867795883738	0.4379876536187489	0.4437235963863911	0.01016994631160097	0.001512436071471745	0.08553101418343277	0.01348738276480088	0.1949428657516964	0.01115378010785304	0.03373721340445817	0.37309983039608	0.01062064184440274	0.0103017929335576	0.3618596705286107	0.02165893059443385	0.07489446337540723	0.01174802043315807	0.2294153824343143	0.0209181248345196	0.01068217256823749	0.4131650468698777	0.3896632020609297	0.01014448985208059
0.7661078225165286	-0.3138989114702822	1.109390545320483	1.051068677045558	0.1387875690250851	0.7381579318714562	0.221571063016215	-0.2084129800308725	-0.5957342441787904	-0.3404299198141346	-0.3044442325873576	1.187806461813851	1.669588520157323	0.1482339090058727	-1.160397772982717	-3.44922887465238	-0.9811606192780479	-2.397701563702987	7.867315986338724	-3.422161194751808	0.4133636850382168	0.07067643513848242	0.01617112057165834	0.1386393843486637	0.01270295153483466	0.03297999353229621	0.2377010048577002	0.01120316607375705	0.01058787912783716	0.2857267520363515	0.01963518707393313	0.07402670747985321	0.01184110491810506	0.2214449433013078	0.0222080219877688	0.01079803280399079	0.4366062455483469	0.4407916595506295	0.01016759823871332	0.001436863284607515	0.08844449318121816	0.01335080534347369	0.2022086194964403	0.01106183346501822	0.03371584668707039	0.3892195492506526	0.0106123506135659	0.01030325280414166	0.3563663683069583	0.02241559464873463	0.07415759677222433	0.01180215189165723	0.225446254297916	0.02086867443585282	0.0106915550344432	0.4092574903628843	0.3836620181246782	0.01014187251623696
0.767419650979742	-0.3123107206911445	1.111583515691197	1.051262013602752	0.1372629372912182	0.7335707860979996	0.2202532822620009	-0.2116120741537983	-0.5854094026692387	-0.3449302657597557	-0.3039095808194819	1.23416598180762	1.673799083068972	0.1465504496704706	-1.164728817337718	-3.544875219290228	-1.028673543096756	-2.479540833473989	7.873079534872916	-3.439184153847416	0.3983221590348398	0.07215563707371127	0.01592223906220346	0.143250825363375	0.01255698836960333	0.03304066768509858	0.2473556539862108	0.01115165654000243	0.01056343851788309	0.289520326879836	0.01990445914534841	0.07400050995171351	0.01184067717969957	0.2215586680980723	0.02209921861018549	0.01078935481948685	0.4350680068124299	0.4376690976130471	0.01016523358657577	0.001112997824046837	0.09130126889629595	0.01322752253439879	0.2093097106260982	0.01099127359132486	0.03370410021665921	0.4044445725575392	0.01061456934165693	0.01031359110602763	0.3467637442476478	0.02313286169904635	0.07322266305609981	0.01186923713184001	0.2211851542895834	0.02099015742217761	0.01070584619630004	0.4043653431580999	0.3765605028382353	0.01013941112858507
0.7687314794429551	-0.3106592216019264	1.113782040277855	1.05145324194674	0.1357299127639681	0.7288558490619063	0.218870184059516	-0.2149182788784682	-0.5750799530300839	-0.3494535917094	-0.3034081937467211	1.284325650845572	1.678056420142268	0.1450197490241969	-1.173193338888367	-3.644058103479651	-1.08074291889337	-2.561001269347293	7.874341494145124	-3.45719626649475	0.3626486783303985	0.07373650746749305	0.01568407153265821	0.14800080562676	0.01241754228186923	0.03309531062337542	0.2572479588127061	0.01110483763083681	0.01054204158841841	0.2925293994621098	0.02021192798363	0.07390475736779539	0.01184614046573549	0.221403292537316	0.02201001341675708	0.01078268610877691	0.4333554205000675	0.4343366395223867	0.0101628605169224	0.0007891323634861596	0.09415804461137371	0.01310423972532389	0.2164108017557562	0.0109207137176315	0.03369235374624802	0.4196695958644259	0.01061678806974796	0.0103239294079136	0.3371611201883372	0.02385012874935808	0.07228772933997529	0.01193632237202278	0.2169240542812507	0.02111164040850241	0.01072013735815689	0.3994731959533154	0.3694589875517925	0.01013694974093317
0.7700433079061683	-0.3089393768525041	1.11598617780155	1.051642566504539	0.1341829906887418	0.7240085049161772	0.2174157228041726	-0.2183310394629461	-0.5647522229507362	-0.3540012173037523	-0.3029687539509445	1.338371078834147	1.682352823076324	0.1436484052589524	-1.185939043700354	-3.746657294198018	-1.137486832650652	-2.641958691016185	7.869960567771293	-3.476243574920881	0.3028451308194796	0.07540773718874981	0.01545638723104658	0.1528607277115719	0.01228484347833005	0.03314947880088868	0.2672945080933459	0.01106316504939675	0.01052427556496811	0.2946979873297301	0.02054509166984579	0.07373684259970861	0.01185744150484813	0.2209915141612789	0.02195051920979615	0.01077812102487948	0.4314434347094204	0.4307729652210791	0.01016049001376699	0.0003773636975865857	0.09694944635374185	0.01299671004511501	0.2230315900896156	0.01086824238472682	0.03380037312824389	0.4327725819387987	0.01063863215800265	0.01035357500429862	0.3237706461480075	0.0243573340580862	0.07114702324720547	0.01201398901328928	0.2125322845443361	0.02150609762084224	0.01074057134794526	0.393287086470268	0.3611599993617463	0.01013471873969991
0.7713551363693816	-0.3071461175228019	1.118195967644215	1.051830194055459	0.1326165499839141	0.7190245808218743	0.2158837798275601	-0.2218496117670619	-0.554435149840811	-0.358574527454526	-0.3026253637425332	1.396252754221328	1.686673886956341	0.142432509894695	-1.202951238868496	-3.852286470302869	-1.19887074257939	-2.722320712843749	7.858093988236005	-3.496354670686133	0.2162124795512626	0.077159259955938	0.01523897950771101	0.1578053745160825	0.01215909540112368	0.03320811831140393	0.2774219713205643	0.0110270420217922	0.01051066009158391	0.2959721739896674	0.02089288350313467	0.07349438175283123	0.01187453283097004	0.2203346946010679	0.021929714668761	0.01077574302956388	0.4293085457702496	0.4269579417244363	0.01015813179603369	-3.440496831298809e-05	0.09974084809610997	0.01288918036490612	0.229652378423475	0.01081577105182214	0.03390839251023977	0.4458755680131715	0.01066047624625735	0.01038322060068364	0.3103801721076778	0.02486453936681433	0.07000631715443564	0.01209165565455577	0.2081405148074214	0.02190055483318207	0.01076100533773364	0.3871009769872206	0.3528610111716999	0.01013248773846665
0.7726669648325948	-0.3052744548171426	1.120411434712077	1.052016325376824	0.1310250272972487	0.7139003044627502	0.2142683081809289	-0.2254731801941356	-0.5441393932675951	-0.3631749342366166	-0.3024145616876629	1.457772237255787	1.690997262360261	0.1413591218329397	-1.224030503491721	-3.960324144555833	-1.264693599691988	-2.802034365857349	7.836610926301441	-3.517573562464053	0.0986036399078514	0.07891998577438346	0.01503135181321012	0.1627953810756696	0.01204037880796641	0.03328622409506796	0.2875732381693339	0.01099851918140779	0.01050398726927252	0.2959760587268257	0.0212326665305896	0.07317471491940734	0.01189693365475468	0.2194470182816523	0.02196474193697666	0.01077571098842338	0.4269312173129465	0.4228743011653974	0.01015579621861173	-0.0001719326357447588	0.1008667078615468	0.01279053134860759	0.2353222108715541	0.01077887434326375	0.03438139017722653	0.4572111201085206	0.01073962151466778	0.01048404940509735	0.2819521912222453	0.02487900260510581	0.06865021336570368	0.01217004765929344	0.2037283178124254	0.0227688932949148	0.01078939353945599	0.3797474668496977	0.3434574484075549	0.01013051442613739
0.773978793295808	-0.3033200915922954	1.122632546194667	1.05220111849452	0.1294036372900035	0.7086335446194144	0.212563996440109	-0.2292009274765665	-0.5338800765284412	-0.3678039481038617	-0.3023839003079232	1.522337102998822	1.695279303002578	0.1403922983746113	-1.248486644895672	-4.069515304794701	-1.334315423020084	-2.881150708420679	7.802538194353021	-3.5399687323394	-0.05842812615833899	0.08062682038406506	0.01483306173078397	0.167795948884517	0.01192876456327572	0.03339714071286502	0.2976977594821842	0.01097941146245234	0.01050672777762235	0.2943590853262936	0.02154441177236088	0.07277540445935364	0.01192421815333062	0.2183413098350017	0.0220707964649391	0.0107781654482021	0.4242930419889143	0.4185056398336442	0.01015349244418027	-0.0003094603031765296	0.1019925676269836	0.01269188233230905	0.2409920433196332	0.01074197763470536	0.0348543878442133	0.4685466722038696	0.01081876678307822	0.01058487820951105	0.2535242103368128	0.02489346584339728	0.06729410957697171	0.01224843966403111	0.1993161208174294	0.02363723175664752	0.01081778174117834	0.3723939567121748	0.3340538856434099	0.01012854111380814
0.7752906217590213	-0.3012793271711119	1.124859227056925	1.052384695360802	0.1277482950309444	0.7032233852527088	0.2107661805875281	-0.2330321001140426	-0.5236750436196894	-0.3724631512873953	-0.3025891669160401	1.589134142082744	1.69946344965813	0.1394843537986239	-1.275352433339324	-4.17822865955157	-1.406852974369968	-2.959777070498822	7.752338784268617	-3.563650448738628	-0.2665204420032753	0.08218779984399076	0.01464402051023118	0.1727637036742935	0.01182413668746143	0.03355419416244591	0.3077466359511601	0.01097463025520762	0.01053352532819934	0.2904682948030942	0.02180927905705533	0.07229524410056556	0.01195600635296472	0.2170103034539415	0.02227164772735037	0.0107834494071635	0.4213953569620016	0.4138405224941586	0.01015123306817982	-0.001097870860573661	0.1005921115691175	0.01260959077423679	0.2453786468738678	0.01071652062178898	0.03571001581275259	0.4780381213955177	0.01102743193385895	0.01103444825157227	0.1991010130198038	0.02441459578801306	0.06575196420279711	0.01232802970354902	0.194258013934163	0.02519882035998074	0.01085887648270164	0.364610975781711	0.3237249364309592	0.01012691494211705
0.7766024502222345	-0.2991503732995068	1.127091271967441	1.052567070443853	0.1260572313306798	0.6976726931261874	0.2088722746369738	-0.2369662672522487	-0.5135500702570546	-0.3771543913806689	-0.3031146454990555	1.656789818902156	1.703457275227558	0.1385600720237402	-1.30294718195149	-4.283770084534726	-1.480813383458374	-3.038175049091123	7.680480241564707	-3.588811869681047	-0.5466199734923267	0.0835210058910377	0.0144641481231069	0.1776601336505285	0.01172639166200483	0.03376922465452675	0.3176761312919974	0.010988521187182	0.01059733265630217	0.2836814273192927	0.02201056812425399	0.07173310220227257	0.01199196179219575	0.2154470703057995	0.02258830229827145	0.01079186634486461	0.4182392561989727	0.4088679497920122	0.01014902923575309	-0.001886281417970792	0.0991916555112515	0.01252729921616454	0.2497652504281024	0.01069106360887261	0.03656564378129189	0.4875295705871658	0.01123609708463968	0.01148401829363349	0.1446778157027948	0.02393572573262883	0.06420981882862251	0.01240761974306693	0.1891999070508966	0.02676040896331396	0.01089997122422494	0.3568279948512472	0.3133959872185086	0.01012528877042596
0.7779142786854477	-0.296932737603019	1.129328389126153	1.052748187142569	0.1243302651174192	0.6919868790441885	0.2068811021433583	-0.2410032489680739	-0.5035361901083707	-0.3818796982308462	-0.3040642189045007	1.723755702541107	1.707155049628408	0.1375361963793858	-1.329365618142737	-4.382943950898449	-1.554518999084755	-3.116648892860193	7.579664831604878	-3.615685048856638	-0.9210161122636447	0.08464372507092612	0.01429379120674855	0.1824850351020091	0.01163512297288079	0.03402535059536315	0.3275253782529913	0.01102666608539646	0.01075901233033243	0.274324640582373	0.0221437554182885	0.07107906273531582	0.01203272406239728	0.2136249241360143	0.02303655545488115	0.01080408508788609	0.4148381297324192	0.4035826217200661	0.01014688422409561	-0.001761073359256814	0.09774089538751558	0.01247094981808511	0.2539494699976546	0.0106700698396019	0.03713766217463466	0.4979707447347342	0.01160810351680319	0.0133799526683534	0.09699846852521771	0.02322259893017679	0.06225528056220223	0.01251003035609665	0.1828600480970572	0.02892479659228602	0.01096241546660505	0.3490902265268509	0.3023554646383469	0.01012384768554023
0.7792261071486609	-0.2946289807243932	1.131570068985521	1.052927833337855	0.12257101129374	0.6861781240684971	0.2047947690245645	-0.2451435044128912	-0.4936817655353898	-0.3866416095128385	-0.3055833556351051	1.788089275445815	1.71041352128713	0.136318157737432	-1.352172537454292	-4.471204489881353	-1.625894280399112	-3.195625097940479	7.437375930368612	-3.644618604105413	-1.414970263497237	0.08557097461486804	0.01413325615038822	0.1872381092478509	0.01154996980153831	0.0343075495715501	0.3373290411494722	0.01109399949236898	0.01107229605091607	0.2626771514586727	0.02220478687075349	0.07032411807250874	0.01207885905523088	0.2115188894274012	0.02363024939317745	0.01082069738937909	0.4112043803560315	0.3979792434493914	0.01014480093463834	-0.001635865300542837	0.09629013526377968	0.01241460042000568	0.2581336895672068	0.0106490760703312	0.03770968056797744	0.5084119188823026	0.0119801099489667	0.0152758870430733	0.04931912134764065	0.02250947212772475	0.06030074229578196	0.01261244096912638	0.1765201891432178	0.03108918422125809	0.01102485970898515	0.3413524582024546	0.2913149420581852	0.0101224066006545
0.7805379356118742	-0.2922434627675905	1.133815666949364	1.053105711347815	0.1207853513297834	0.6802629052427487	0.2026172978112189	-0.2493879010852534	-0.4840472053189835	-0.3914429942789194	-0.3078425159071425	1.847523477789393	1.713059325672939	0.1348027144062061	-1.368492189726999	-4.542998010492476	-1.692533587092338	-3.275643619102723	7.237491799380321	-3.676051459291605	-2.056711895636141	0.08635413701303041	0.01398454122775466	0.1919719650714269	0.01147097540507104	0.03462769785676691	0.3473118986801673	0.01119680996115105	0.01209655942313301	0.2496754068250677	0.02220619402562325	0.06948786431604564	0.0121333161823506	0.2091127083075148	0.0244139318701499	0.01084362496574716	0.4073614346459173	0.3920615760493494	0.01014286287165476	-0.0003489904708273497	0.09577427917098603	0.01242302998564282	0.2637424420647803	0.01064119031744024	0.03861763411507613	0.5266601753168743	0.0125527590590095	0.03009728863853565	0.0314096543624738	0.02194121624633745	0.05865751187896742	0.01279234438808307	0.1691570429585453	0.03459227190440047	0.0111394319685723	0.3340962753549819	0.2799095522897337	0.01012296771618642
0.7818497640750874	-0.289785184104123	1.136064175174068	1.053281325535411	0.1189851064270109	0.6742695565342615	0.2003576099340612	-0.2537384719021926	-0.4747294926729158	-0.3962876952143106	-0.3110513239407095	1.899019491740262	1.714850474849165	0.132866757824328	-1.374408585629938	-4.590320496772192	-1.751240950481035	-3.357497090528011	6.954313427489334	-3.710657983224188	-2.862793318270189	0.087038988497654	0.01384941777416146	0.1967334744302879	0.01139817753013514	0.03499633888270781	0.3576757923106781	0.01134064891166962	0.01431977209043809	0.2362095505473698	0.02215906355439444	0.06858797381570442	0.01219870501252994	0.2063909014982251	0.02542666334247235	0.01087456796029357	0.4033311614019759	0.3858328193571826	0.0101411439176838	0.0009378843588881376	0.09525842307819241	0.01243145955127996	0.2693511945623538	0.01063330456454929	0.03952558766217484	0.5449084317514461	0.01312540816905231	0.04491869023399799	0.01350018737730695	0.02137296036495015	0.0570142814621529	0.01297224780703976	0.1617938967738728	0.03809535958754285	0.01125400422815944	0.3268400925075093	0.2685041625212823	0.01012352883171833
0.7831615925383006	-0.2872660621459286	1.13831435034082	1.05345406311868	0.1171858773669668	0.6682342659304452	0.1980276862952049	-0.2581980467231417	-0.4658513424786314	-0.4011801568817333	-0.3154350106296566	1.938916853711179	1.71549577099092	0.1303650880098512	-1.365181487114403	-4.603441369332653	-1.798169948001483	-3.442188626556484	6.555932356876331	-3.749151889065051	-3.833787774959593	0.08753449799501693	0.01371954228615524	0.2013722655275721	0.01132926017825506	0.03532117561598681	0.3681140572851501	0.01156101947223448	0.01863055041116694	0.2227850161926684	0.02199275560813503	0.06753641134023076	0.01226329853044257	0.2033016631536892	0.02663591011897927	0.01091202792338726	0.3990453342061037	0.3792807552830809	0.01013935408003317	-0.001704773697546387	0.09212700983856069	0.01227725716157398	0.270338387135981	0.01058546388925625	0.03833286210563325	0.5530736565048072	0.01458235945808256	0.08268417362680348	0.01228108908570125	0.01907190354902127	0.05300295752341081	0.01290881139949968	0.152249970932686	0.04133101697556522	0.01135086084606617	0.3166813385681248	0.2561680806366429	0.01011800621030135
0.784473421001514	-0.284705190944215	1.140564398387083	1.053623038531179	0.115412510497558	0.6622115913168402	0.1956470867609844	-0.2627713373032173	-0.4575953263074925	-0.4061263188947605	-0.3211446525746005	1.962669954647728	1.714656668246469	0.1271309916335004	-1.334979360731055	-4.57108628973203	-1.828500894265577	-3.530866952329713	6.005814379033272	-3.792528967486772	-4.884330886747592	0.08775874861856518	0.01358751276609072	0.205753801509977	0.01126217163800597	0.03552019518407174	0.3783512310556009	0.01188924751542286	0.02576139910956946	0.2098961065840035	0.02164437610308036	0.06625335350473072	0.01231671982228135	0.1997962047534209	0.02801274422310109	0.01095467875842977	0.39443966468192	0.3723934282810384	0.01013723679999224	-0.004347431753980911	0.08899559659892899	0.012123054771868	0.271325579709608	0.01053762321396321	0.03714013654909167	0.5612388812581685	0.01603931074711282	0.120449657019609	0.01106199079409555	0.0167708467330924	0.04899163358466873	0.0128453749919596	0.1427060450914992	0.0445666743635876	0.01144771746397291	0.3065225846287404	0.2438319987520035	0.01011248358888438
0.7857852494647271	-0.2821260998714566	1.142812197098712	1.053787202650323	0.1136955509243215	0.6562670416461389	0.1932400777188509	-0.2674641998658672	-0.4501794813409205	-0.4111330826651408	-0.3282276024603796	1.965880751562061	1.712031804165931	0.1230211013508278	-1.278243147977448	-4.483275745610844	-1.837517852199892	-3.624464164191437	5.271899673339858	-3.842010657794855	-5.841080872569315	0.08806195034836999	0.01351346771004515	0.2099211177312698	0.01121233279431205	0.03594429526034135	0.388507488914528	0.01271839719593924	0.03452832256525941	0.1975695668876821	0.02138194124488261	0.06512543961419547	0.01241539897889649	0.1965131249775831	0.02994358618086905	0.01103229854346869	0.389324359097076	0.3652340177292424	0.01013734726878987	-0.00181172280897601	0.09458129343817805	0.01332950976575502	0.2730090864672764	0.01084121794029347	0.04406254466318524	0.5731693610341322	0.02660143694114359	0.138800986661625	0.01114153438693926	0.02031082843547736	0.0543880821882875	0.01403656305239462	0.1525738847167735	0.05724301196347352	0.01222669365307597	0.2886775480728095	0.2333650211548843	0.01016378761045707
0.7870970779279404	-0.2795565892377077	1.145055442418786	1.053945460496589	0.1120704781327097	0.6504716730545415	0.1908357308248002	-0.2722823717139906	-0.4438381975706245	-0.4162097946661385	-0.3362776461521454	1.948063717727881	1.707714614505477	0.1181263497996378	-1.194889729845482	-4.343646365843391	-1.82444221268794	-3.721912186357671	4.367549564013085	-3.899171310160621	-6.358752059731748	0.0887589339896005	0.01355070185716681	0.2139123433982428	0.01119339729841987	0.03690480177076929	0.3986908273481491	0.01439255923707674	0.04392382485915416	0.1858317130085176	0.02144386027833865	0.06450281226933466	0.01260924504665333	0.1940478733360818	0.03276492019170386	0.0111712178892178	0.3835202172626124	0.3578619731625213	0.01014194621074125	0.0007239861360288918	0.1001669902774271	0.01453596475964204	0.2746925932249448	0.01114481266662372	0.0509849527772788	0.585099840810096	0.03716356313517435	0.1571523163036411	0.01122107797978296	0.02385081013786231	0.05978453079190627	0.01522775111282964	0.1624417243420477	0.06991934956335943	0.01300566984217902	0.2708325115168788	0.2228980435577649	0.01021509163202975
