DataType=double
version=3
OpenSimVersion=4.5.2-2025-04-14-fb5fac1
endheader
time	ground_force_r_vx	ground_force_r_vy	ground_force_r_vz	ground_force_r_px	ground_force_r_py	ground_force_r_pz	ground_force_l_vx	ground_force_l_vy	ground_force_l_vz	ground_force_l_px	ground_force_l_py	ground_force_l_pz	ground_torque_r_x	ground_torque_r_y	ground_torque_r_z	ground_torque_l_x	ground_torque_l_y	ground_torque_l_z
0	-720.6586942670747	521.4456455983366	-0	0.1418877616776265	0	0.09478689634274309	97.54286130925895	265.0343246486718	-0	-0.3147625329486322	0	-0.09478689634274365	0	2.842170943040401e-14	0	0	0	0
0.001311828463213234	-746.5237325307626	638.1139968015699	-0	0.1432935502884594	0	0.09478689634274311	93.92039854475732	249.4848419575399	-0	-0.3147827827303268	0	-0.09478689634274365	0	2.842170943040401e-14	0	0	0	0
0.002623656926426468	-712.9706463125186	713.7869458249739	-0	0.1442716796771328	0	0.09478689634274308	89.93796855958982	233.63973805537	-0	-0.3148069087099334	0	-0.09478689634274365	0	1.4210854715202e-14	0	0	0	0
0.003935485389639702	-582.43501767391	724.2148772506673	-0	0.1452610990231245	0	0.094786896342743	85.60702235730814	217.753621707476	-0	-0.3148385355192278	0	-0.09478689634274365	0	6.394884621840902e-14	0	0	0	0
0.005247313852852936	-362.0099342910267	667.8705423364387	-0	0.1467325764313312	0	0.09478689634274276	80.94217765997648	202.0497730577397	-0	-0.314881650943426	0	-0.09478689634274365	0	1.989519660128281e-13	0	0	0	0
0.006559142316066169	-306.7314359010872	626.4994586832072	-0	0.1470650196140618	0	0.09478689634274245	75.99968414242873	186.2627420318169	-0	-0.3149294016155778	0	-0.09478689634274366	0	1.4210854715202e-13	0	0	1.77635683940025e-15	0
0.007870970779279405	-239.9111385925949	620.8670526928595	-0	0.1477624348266607	0	0.09478689634274214	70.83649614058511	170.5654239745956	-0	-0.3149826571916476	0	-0.09478689634274365	0	1.101341240428155e-13	0	0	0	0
0.009182799242492637	-224.9797218201695	617.7308819476127	-0	0.1479381724094755	0	0.09478689634274169	65.49948983370439	155.4192640131135	-0	-0.315050613687057	0	-0.09478689634274365	0	6.394884621840902e-14	0	0	0	0
0.01049462770570587	-201.3652754476845	628.8120258166877	-0	0.1482736871546619	0	0.09478689634274115	60.00484276740158	140.903668009286	-0	-0.3151374731112203	0	-0.09478689634274365	0	1.77635683940025e-14	0	0	0	0
0.0118064561689191	-190.7070099564811	646.6365249082922	-0	0.1484812481814764	0	0.09478689634274053	54.39111973056842	127.1361941373984	-0	-0.3152485368331489	0	-0.09478689634274365	0	-1.4210854715202e-14	0	0	0	0
0.01311828463213234	-179.6806244464829	673.3419366035656	-0	0.1487126642723945	0	0.09478689634273973	48.68154443959065	114.1011538739395	-0	-0.3153875976077886	0	-0.09478689634274365	0	-4.618527782440651e-14	0	0	0	0
0.01443011309534557	-174.7502725345967	705.2860521277458	-0	0.1488781582060802	0	0.09478689634273882	42.94127617430578	101.779971684209	-0	-0.3155560216514021	0	-0.09478689634274365	0	-6.039613253960852e-14	0	0	0	0
0.01574194155855881	-171.2035271148015	741.7811336879498	-0	0.1490288765874787	0	0.09478689634273764	37.2491924816739	90.06322424082089	-0	-0.3157506380713879	0	-0.09478689634274365	0	-6.750155989720952e-14	0	0	0	0
0.01705377002177204	-171.4597248798246	779.6184997005464	-0	0.1491318806027426	0	0.0947868963427362	30.96769504262765	78.16905151221169	-0	-0.3160144499209482	0	-0.09478689634274365	0	-6.750155989720952e-14	0	0	0	0
0.01836559848498527	-173.8709694530005	815.9695811935192	-0	0.1492024852591816	0	0.09478689634273432	22.76101484988322	64.10850778930619	-0	-0.3164570578249943	0	-0.09478689634274365	0	-7.105427357601002e-14	0	0	0	0
0.01967742694819851	-176.7468217790867	848.9299017740831	-0	0.1492573005219713	0	0.09478689634273196	12.10042234995578	45.28571362926035	-0	-0.3172417174355247	0	-0.09478689634274365	0	-9.947598300641403e-14	0	0	0	0
0.02098925541141174	-178.359415683197	879.0216583430662	-0	0.1493164797260637	0	0.09478689634272892	1.178140890540585	17.3153578832503	-0	-0.3188205980307622	0	-0.09478689634274365	0	-1.70530256582424e-13	0	0	0	0
0.02230108387462498	-179.1908918240152	906.4268923366911	-0	0.1493760397889153	0	0.09478689634272502	0.9205705621261425	-2.822228783779836	-0	-0.3217112263199926	0	-0.09478689634274365	0	-2.913225216616411e-13	0	0	0	0
0.02361291233783821	-179.1472549652017	931.3854621599672	-0	0.1494379600765516	0	0.09478689634272004	0.2169553808013257	-0.2523351555440578	-0	-0.3253054461912465	0	-0.09478689634274365	0	-4.973799150320701e-13	0	0	0	0
0.02492474080105144	-178.5614968926197	954.057214326214	-0	0.1494996890220344	0	0.09478689634271374	0.008689071831744612	-0.009076931793916609	-0	-0.3253693541392182	0	-0.09478689634274365	0	-7.958078640513122e-13	0	0	0	0
0.02623656926426468	-177.4612275208304	974.8070989990927	-0	0.1495620797529645	0	0.09478689634270579	0.0004206368824851288	-0.0004140358122496994	-0	-0.3249425312908005	0	-0.09478689634274365	0	-1.222133505507372e-12	0	0	0	0
0.02754839772747792	-176.1287892784505	993.8627805388854	-0	0.1496230726488262	0	0.09478689634269577	3.316215051496812e-05	-3.103599322717287e-05	-0	-0.3242805976636021	0	-0.09478689634274365	0	-1.801225835151854e-12	0	0	0	0
0.02886022619069115	-174.6215675913975	1011.327365226462	-0	0.1496825942732999	0	0.09478689634268328	4.338195235558215e-06	-3.892330808260678e-06	-0	-0.323404542273691	0	-0.09478689634274365	0	-2.561506562415161e-12	0	0	0	0
0.03017205465390438	-173.0951419316043	1027.195486205728	-0	0.1497393508966108	0	0.09478689634266771	9.000516488890218e-07	-7.795816696915503e-07	-0	-0.3223414961935593	0	-0.09478689634274363	0	-3.559819106158102e-12	0	0	0	0
0.03148388311711762	-171.5794691102454	1041.318052941426	-0	0.1497930578890371	0	0.09478689634264839	2.697523607958526e-07	-2.267273708835484e-07	-0	-0.3211198695170713	0	-0.09478689634274365	0	-4.863665026277886e-12	0	0	0	0
0.03279571158033085	-169.9669228783424	1053.655857571322	-0	0.1498449924704535	0	0.09478689634262459	1.071488625932063e-07	-8.771828408146113e-08	-0	-0.3197637229592679	0	-0.09478689634274365	0	-6.547651310029323e-12	0	0	0	0
0.03410754004354408	-168.2194925768761	1064.276013908206	-0	0.1498958460856389	0	0.09478689634259538	5.286986895713083e-08	-4.227292253762383e-08	-0	-0.3182896957726863	0	-0.09478689634274363	0	-8.689937658346025e-12	0	0	-8.271806125530277e-25	0
0.03541936850675732	-166.3124460609562	1073.273810217028	-0	0.149946193828957	0	0.09478689634255978	3.072365904340691e-08	-2.404009941438035e-08	-0	-0.3167109977321577	0	-0.09478689634274365	0	-1.13686837721616e-11	0	0	0	0
0.03673119696997055	-164.2315436325178	1080.789340318588	-0	0.1499965321356481	0	0.09478689634251668	2.026800006728134e-08	-1.55430857522645e-08	-0	-0.3150363056272911	0	-0.09478689634274365	0	-1.467093113660667e-11	0	0	0	0
0.03804302543318379	-162.0110702779954	1086.934508817864	-0	0.1500467847476794	0	0.09478689634246486	1.472796594948139e-08	-1.108237337613446e-08	-0	-0.3132725289245237	0	-0.09478689634274365	0	-1.866951038209663e-11	0	0	0	0
0.03935485389639702	-159.6570326210808	1091.795228627223	-0	0.1500971038540739	0	0.09478689634240293	1.155545052225356e-08	-8.539945272292965e-09	-0	-0.3114243915849295	0	-0.09478689634274365	0	-2.344613392324391e-11	0	0	0	0
0.04066668235961025	-157.1950495544554	1095.441212373822	-0	0.1501473945653551	0	0.09478689634232949	9.629968769498948e-09	-6.995585694898805e-09	-0	-0.3094958851635976	0	-0.09478689634274365	0	-2.90718560336245e-11	0	0	0	0
0.04197851082282349	-154.6406263316427	1097.919992286942	-0	0.150197619213832	0	0.09478689634224305	8.434359149108272e-09	-6.02707106741066e-09	-0	-0.3074901906890533	0	-0.09478689634274365	0	-3.559819106158102e-11	0	0	0	0
0.04329033928603672	-152.0107143277493	1099.280472815714	-0	0.150247716811246	0	0.09478689634214198	7.697891068368425e-09	-5.414865865083326e-09	-0	-0.3054103134765083	0	-0.09478689634274365	0	-4.308908785333188e-11	0	0	0	0
0.04460216774924995	-149.330286976165	1099.568453791286	-0	0.1502975213408933	0	0.09478689634202468	7.28694429098284e-09	-5.049271855110608e-09	-0	-0.3032591679268994	0	-0.09478689634274363	0	-5.158184990250447e-11	0	0	-1.033975765691285e-25	0
0.04591399621246319	-146.6086068243925	1098.842779812131	-0	0.1503470493672728	0	0.09478689634188964	7.138980231439384e-09	-4.876357428972589e-09	-0	-0.3010397929897396	0	-0.09478689634274365	0	-6.109068806381401e-11	0	0	0	0
0.04722582467567642	-143.8651285096026	1097.170941735596	-0	0.150396204236409	0	0.0947868963417353	7.257582949721441e-09	-4.890388032273308e-09	-0	-0.2987554786332546	0	-0.09478689634274365	0	-7.16067205530635e-11	0	0	0	0
0.04853765313888966	-141.1068750434969	1094.619866677917	-0	0.15044501908006	0	0.09478689634156019	7.726386521486403e-09	-5.139747458407661e-09	-0	-0.2964097323801602	0	-0.09478689634274365	0	-8.310507837450132e-11	0	0	0	0
0.0498494816021029	-138.3344901289325	1091.251774429533	-0	0.1504935831330777	0	0.09478689634136311	8.750500246420838e-09	-5.750888819460517e-09	-0	-0.2940063250032221	0	-0.09478689634274363	0	-9.551470725455147e-11	0	0	-1.033975765691285e-25	0
0.05116131006531613	-135.5484559329782	1087.12412900569	-0	0.1505419772672086	0	0.09478689634114293	1.072198185485047e-08	-6.966797056787341e-09	-0	-0.2915491458870337	0	-0.09478689634274366	0	-1.087556711354409e-10	0	0	0	0
0.05247313852852935	-132.7443112701893	1082.288523682098	-0	0.1505903262153461	0	0.09478689634089886	1.42841891242988e-08	-9.182796673059616e-09	-0	-0.2890421003525266	0	-0.09478689634274365	0	-1.227071777520905e-10	0	0	0	0
0.05378496699174259	-129.9166586355209	1076.804558872676	-0	0.1506387778123265	0	0.09478689634063038	2.044818694131378e-08	-1.301434453902606e-08	-0	-0.2864890006958229	0	-0.09478689634274365	0	-1.372093549889541e-10	0	0	0	0
0.05509679545495583	-127.06814357929	1070.74070127238	-0	0.1506873923499064	0	0.09478689634033735	3.078924213957161e-08	-1.941213936929352e-08	-0	-0.2838933400170124	0	-0.09478689634274365	0	-1.520703563073766e-10	0	0	0	0
0.05640862391816906	-124.2029109909793	1064.164175748358	-0	0.150736207427062	0	0.09478689634002009	4.784952274922054e-08	-2.990107256309909e-08	-0	-0.2812583156263534	0	-0.09478689634274365	0	-1.670432681066814e-10	0	0	0	0
0.05772045238138229	-121.3239129952525	1057.14145992627	-0	0.1507852689322169	0	0.09478689633967936	7.576702598299509e-08	-4.694787191626258e-08	-0	-0.2785865563335096	0	-0.09478689634274365	0	-1.818509787199218e-10	0	0	0	0
0.05903228084459552	-118.4357861823852	1049.731748359943	-0	0.1508345886691003	0	0.09478689633931642	1.212938236979005e-07	-7.455145119989239e-08	-0	-0.2758802832292079	0	-0.09478689634274365	0	-1.961932838412395e-10	0	0	0	0
0.06034410930780876	-115.5422446904697	1041.989721615844	-0	0.1508841793439226	0	0.09478689633893293	1.953317190602204e-07	-1.191217272030095e-07	-0	-0.2731410738138729	0	-0.09478689634274365	0	-2.097593210237392e-10	0	0	0	0
0.061655937771022	-112.6494815383763	1033.971705183048	-0	0.1509340214782105	0	0.09478689633853125	3.152220388978462e-07	-1.90774559099784e-07	-0	-0.2703701040602398	0	-0.09478689634274365	0	-2.222027006837379e-10	0	0	0	0
0.06296776623423524	-109.7664574490301	1025.734237199657	-0	0.1509840550061413	0	0.09478689633811416	5.082648625343106e-07	-3.05306116521607e-07	-0	-0.2675680108860351	0	-0.09478689634274365	0	-2.331645987396769e-10	0	0	0	0
0.06427959469744846	-106.9008044966858	1017.333318160053	-0	0.1510342314362183	0	0.09478689633768492	8.166030568554374e-07	-4.868872721933929e-07	-0	-0.2647351345088981	0	-0.09478689634274365	0	-2.423039546783912e-10	0	0	0	0
0.06559142316066169	-104.0608499430148	1008.823961255538	-0	0.1510844861666681	0	0.09478689633724731	1.305026763288895e-06	-7.723631561142153e-07	-0	-0.2618714933163827	0	-0.09478689634274365	0	-2.492690498456795e-10	0	0	0	0
0.06690325162387492	-101.2518961160481	1000.25645956894	-0	0.151134783991139	0	0.09478689633680547	2.071517486731019e-06	-1.216954512732399e-06	-0	-0.2589769570970867	0	-0.09478689634274365	0	-2.537365872967712e-10	0	0	0	0
0.06821508008708817	-98.47463454985171	991.6747572610989	-0	0.151185139840407	0	0.09478689633636392	3.264476828175835e-06	-1.903599031446677e-06	-0	-0.25605130638513	0	-0.09478689634274365	0	-2.55422349937362e-10	0	0	0	0
0.0695269085503014	-95.73048292662743	983.1183221389811	-0	0.1512355509329623	0	0.09478689633592738	5.106139751566587e-06	-2.955426132313929e-06	-0	-0.2530943067759807	0	-0.09478689634274365	0	-2.540794241667754e-10	0	0	0	0
0.07083873701351463	-93.01869453263204	974.6213547220707	-0	0.1512860352676069	0	0.09478689633550079	7.930762964917868e-06	-4.556166400178894e-06	-0	-0.2501058072002344	0	-0.09478689634274365	0	-2.495053053053198e-10	0	0	0	0
0.07215056547672788	-90.34049937741791	966.2146927436446	-0	0.1513365774706294	0	0.09478689633508917	1.22376029433918e-05	-6.978048898681497e-06	-0	-0.2470857265325814	0	-0.09478689634274363	0	-2.415632138763613e-10	0	0	-2.117582368135751e-22	0
0.0734623939399411	-87.69760555377162	957.9257099541963	-0	0.1513871487744491	0	0.09478689633469758	1.8772510227298e-05	-1.062467761722818e-05	-0	-0.2440341478314139	0	-0.09478689634274366	0	-2.301696611084481e-10	0	0	2.117582368135751e-22	0
0.07477422240315433	-85.09248698549918	949.7783797158296	-0	0.1514377031596549	0	0.09478689633433089	2.863951429953359e-05	-1.60888468724449e-05	-0	-0.2409512515962559	0	-0.09478689634274365	0	-2.153210942879014e-10	0	0	0	0
0.07608605086636756	-82.52775788488557	941.7928897113712	-0	0.1514881859004369	0	0.0947868963339938	4.344975243928596e-05	-2.422869536355381e-05	-0	-0.2378373749361112	0	-0.09478689634274366	0	-1.970787977256805e-10	0	0	0	0
0.0773978793295808	-80.00629280068635	933.9860756079972	-0	0.1515385324479322	0	0.09478689633369068	6.549513807160432e-05	-3.625432005937983e-05	-0	-0.2346929319824242	0	-0.09478689634274365	0	-1.755919853962951e-10	0	0	0	0
0.07870970779279404	-77.53065383223884	926.370795288233	-0	0.1515886768456841	0	0.09478689633342549	9.786775316916717e-05	-5.37809006207087e-05	-0	-0.231518424864656	0	-0.09478689634274365	0	-1.510791491909913e-10	0	0	0	0
0.08002153625600728	-75.10313490054915	918.9566803955099	-0	0.1516385521601538	0	0.09478689633320161	0.0001443519650019291	-7.875584385937534e-05	-0	-0.2283143850519214	0	-0.09478689634274365	0	-1.238458224861461e-10	0	0	0	0
0.08133336471922051	-72.72516950909271	911.7492984283	-0	0.1516880995916816	0	0.09478689633302192	0.0002085009913107793	-0.0001129471881834951	-0	-0.2250813427255588	0	-0.09478689634274365	0	-9.425793479067579e-11	0	0	0	0
0.08264519318243374	-70.39770195801194	904.7516215912487	-0	0.1517372648762762	0	0.09478689633288853	0.0002907441971227055	-0.0001563945774299307	-0	-0.2218198074090136	0	-0.09478689634274365	0	-6.274891717339415e-11	0	0	0	0
0.08395702164564697	-68.12080665412751	897.9631490509547	-0	0.1517860042418812	0	0.09478689633280299	0.000381027810737081	-0.0002035378722259186	-0	-0.2185302186595415	0	-0.09478689634274365	0	-2.97974978025195e-11	0	0	0	0
0.08526885010886021	-65.89410043726431	891.3818121493797	-0	0.1518342804582485	0	0.09478689633276598	0.0004448769787335505	-0.0002360145337791743	-0	-0.2152129646417192	0	-0.09478689634274365	0	4.082068016941776e-12	0	0	0	0
0.08658067857207344	-63.71684599688619	885.0032834073796	-0	0.1518820612079378	0	0.09478689633277756	0.0004100154048113951	-0.0002160420802713059	-0	-0.2118683428964862	0	-0.09478689634274365	0	3.835065598423171e-11	0	0	0	0
0.08789250703528667	-61.58783816034031	878.8225893226002	-0	0.1519293227034348	0	0.09478689633283705	0.0001907254632450672	-9.981871706833833e-05	-0	-0.2084965974373098	0	-0.09478689634274365	0	7.247002997701202e-11	0	0	0	0
0.0892043354984999	-59.5059575707798	872.833677608008	-0	0.1519760408733827	0	0.09478689633294304	-0.0002169935029443088	0.0001128074469902579	-0	-0.2050979048682304	0	-0.09478689634274365	0	1.059117238355611e-10	0	0	0	0
0.09051616396171314	-57.46959085490724	867.0304330972956	-0	0.152022201578084	0	0.09478689633309356	-0.0006829304545771836	0.0003526752819630597	-0	-0.2016724048782814	0	-0.09478689634274366	0	1.381712522174894e-10	0	0	-1.355252715606881e-20	0
0.09182799242492638	-55.47737046436854	861.4064653685206	-0	0.1520677887134492	0	0.09478689633328605	-0.001059705640298508	0.0005436370402110622	-0	-0.19822020829016	0	-0.09478689634274365	0	1.687840978092936e-10	0	0	0	0
0.09313982088813962	-53.52744347781956	855.9555801021805	-0	0.1521127963297982	0	0.09478689633351745	-0.001293778282328493	0.0006593638924214365	-0	-0.19474141262076	0	-0.09478689634274366	0	1.973354812889738e-10	0	0	0	0
0.09445164935135283	-51.61816749227768	850.6716854008382	-0	0.1521572172899421	0	0.09478689633378418	-0.00140426658626793	0.0007110043704403103	-0	-0.1912361308062194	0	-0.09478689634274365	0	2.23461249504453e-10	0	0	0	0
0.09576347781456608	-49.74750982793981	845.5489913537427	-0	0.1522010531079361	0	0.09478689633408249	-0.001428954606091371	0.0007188108459071055	-0	-0.1877044860142248	0	-0.09478689634274363	0	2.468674153988104e-10	0	0	0	0
0.09707530627777931	-47.91364334259977	840.5819534999912	-0	0.1522443040504027	0	0.09478689633440827	-0.001399850648438383	0.0006996303565793144	-0	-0.1841466495530736	0	-0.09478689634274365	0	2.673257171181831e-10	0	0	0	0
0.09838713474099255	-46.11450065502018	835.7653112547501	-0	0.1522869763702233	0	0.09478689633475726	-0.001339151289501613	0.0006650069613016528	-0	-0.1805628170289204	0	-0.09478689634274363	0	2.846736180117659e-10	0	0	0	0
0.09969896320420579	-44.34826537403396	831.094028304324	-0	0.1523290739907763	0	0.09478689633512513	-0.001261327999663883	0.0006223794409351244	-0	-0.176953244476326	0	-0.09478689634274365	0	2.988178593454904e-10	0	0	0	0
0.101010791667419	-42.61297627565384	826.5631510500368	-0	0.1523706048433018	0	0.09478689633550756	-0.001175615978788155	0.0005764302220584701	-0	-0.1733182159018976	0	-0.09478689634274365	0	3.097309075883459e-10	0	0	0	0
0.1023226201306323	-40.90685380870625	822.1676998612999	-0	0.1524115752449223	0	0.0947868963359003	-0.001087860006815853	0.0005300713063370901	-0	-0.1696580723752767	0	-0.09478689634274365	0	3.174451812526513e-10	0	0	0	0
0.1036344485938455	-39.22815719690563	817.9025927371764	-0	0.1524519920842088	0	0.09478689633629925	-0.001001694597020935	0.000485070794588253	-0	-0.1659731791526041	0	-0.09478689634274365	0	3.220468336451177e-10	0	0	0	0
0.1049462770570587	-37.57535425349995	813.7625412456943	-0	0.1524918599054382	0	0.0947868963367005	-0.0009193090644361761	0.000442456656910624	-0	-0.1622639457291777	0	-0.09478689634274365	0	3.236722001531689e-10	0	0	0	0
0.106258105520272	-35.94713617632699	809.7419686217894	-0	0.1525311803801548	0	0.09478689633710043	-0.0008419374355233005	0.0004027740925436983	-0	-0.1585307976583692	0	-0.09478689634274365	0	3.225011369067943e-10	0	0	0	0
0.1075699339834852	-34.34243414048127	805.8349747297739	-0	0.1525699522068788	0	0.09478689633749565	-0.0007701833216404472	0.0003662548143173158	-0	-0.1547741868675134	0	-0.09478689634274365	0	3.187428099238332e-10	0	0	0	0
0.1088817624466984	-32.76043756945923	802.035081003349	-0	0.1526081703415353	0	0.0947868963378832	-0.000704239155023011	0.0003329305029802687	-0	-0.150994571125537	0	-0.09478689634274365	0	3.126410241804933e-10	0	0	0	0
0.1101935909099117	-31.20036627613231	798.3352175272838	-0	0.1526458303438708	0	0.09478689633826039	-0.0006440322074081964	0.0003027074004506678	-0	-0.1471924148593796	0	-0.09478689634274365	0	3.044515750616483e-10	0	0	0	0
0.1115054193731249	-29.6616959305268	794.7275245811281	-0	0.1526829239988741	0	0.09478689633862487	-0.0005893277928287532	0.0002754185446593097	-0	-0.1433681779075385	0	-0.09478689634274365	0	2.944449128960969e-10	0	0	0	0
0.1128172478363381	-28.1436931562849	791.2033172394949	-0	0.1527194479420774	0	0.09478689633897477	-0.0005397953075875559	0.0002508565029686262	-0	-0.1395223086025554	0	-0.09478689634274365	0	2.829003697968346e-10	0	0	0	0
0.1141290762995514	-26.64587185893897	787.7531623455661	-0	0.1527553953537187	0	0.09478689633930849	-0.0004950570168265849	0.0002287972879350684	-0	-0.1356552420805104	0	-0.09478689634274365	0	2.700941692523884e-10	0	0	0	0
0.1154409047627646	-25.16748955792194	784.3668402966122	-0	0.15279076531634	0	0.09478689633962482	-0.0004547165546784966	0.0002090137994046597	-0	-0.131767389227742	0	-0.09478689634274365	0	2.562963175023469e-10	0	0	0	0
0.1167527332259778	-23.70801408813899	781.0336710090631	-0	0.1528255543972273	0	0.09478689633992288	-0.0004183809693730189	0.0001912860924106511	-0	-0.12785914271727	0	-0.09478689634274365	0	2.417688271805218e-10	0	0	0	0
0.118064561689191	-22.26676560152993	777.7424984354047	-0	0.1528597633976949	0	0.09478689634020213	-0.0003856715971959222	0.0001754059991735319	-0	-0.1239308661595681	0	-0.09478689634274366	0	2.267595000660094e-10	0	0	-6.776263578034403e-21	0
0.1193763901524043	-20.84324551483	774.4820904183822	-0	0.1528933913457018	0	0.09478689634046229	-0.0003562327743323989	0.000161180765612466	-0	-0.1199829040830027	0	-0.09478689634274366	0	2.114972641464874e-10	0	0	-6.776263578034403e-21	0
0.1206882186156175	-19.4369686764925	771.2411849062649	-0	0.1529264388069357	0	0.09478689634070336	-0.0003297347333950518	0.0001484338384679349	-0	-0.1160155743707414	0	-0.09478689634274365	0	1.961915074844001e-10	0	0	0	0
0.1220000470788308	-18.04823898872656	768.0095767760396	-0	0.1529588939463651	0	0.09478689634092559	-0.000305875820809615	0.0001370053896376542	-0	-0.1120291783931005	0	-0.09478689634274365	0	1.810303018601189e-10	0	0	0	0
0.123311875542044	-16.67974151392297	764.7796488390446	-0	0.1529907049196819	0	0.09478689634112941	-0.0002843821879574677	0.0001267516673996178	-0	-0.1080239983076959	0	-0.09478689634274365	0	1.661792925489181e-10	0	0	0	0
0.1246237040052572	-15.3330692215577	761.5438472208031	-0	0.1530218409029661	0	0.09478689634131543	-0.0002650068586003037	0.0001175441036104264	-0	-0.1040003045883071	0	-0.09478689634274365	0	1.517788117411101e-10	0	0	0	0
0.1259355324684705	-14.00777959029701	758.2934729472165	-0	0.1530523091287166	0	0.09478689634148435	-0.0002475281659082744	0.0001092681911990366	-0	-0.0999583589897054	0	-0.09478689634274365	0	1.379449887650708e-10	0	0	0	0
0.1272473609316837	-12.70336570563227	755.0202464938989	-0	0.1530821190927832	0	0.09478689634163712	-0.0002317477376736303	0.0001018221736263535	-0	-0.09589841706262271	0	-0.09478689634274365	0	1.247706382656588e-10	0	0	0	0
0.1285591893948969	-11.41904277499221	751.7165974106026	-0	0.1531112865472025	0	0.09478689634177453	-0.000217488741556263	9.511593322377437e-05	-0	-0.09182073511014369	0	-0.09478689634274366	0	1.123252602042157e-10	0	0	-3.388131789017201e-21	0
0.1298710178581101	-10.15403962890734	748.3755002270212	-0	0.1531398279257304	0	0.09478689634189769	-0.0002045935812441612	8.906963906703952e-05	-0	-0.08772556771099432	0	-0.09478689634274365	0	1.006583705276398e-10	0	0	0	0
0.1311828463213234	-8.907504284589841	744.9908448671069	-0	0.1531677619903909	0	0.09478689634200753	-0.0001929222531923552	8.361276804032613e-05	-0	-0.08361317640791001	0	-0.09478689634274365	0	8.980038934680579e-11	0	0	0	0
0.1324946747845366	-7.678591949608763	741.5571562548132	-0	0.153195108080636	0	0.09478689634210513	-0.0001823502205099105	7.868291646637127e-05	-0	-0.07948382358476624	0	-0.09478689634274365	0	7.976497240491653e-11	0	0	0	0
0.1338065032477499	-6.46644802660808	738.0699463152416	-0	0.1532218862189615	0	0.09478689634219147	-0.0001727669758155967	7.422497751761796e-05	-0	-0.07533778068708452	0	-0.09478689634274365	0	7.054989925592281e-11	0	0	0	0
0.1351183317109631	-5.270243981152692	734.52541590464	-0	0.1532481164253976	0	0.09478689634226753	-0.0001640742727234577	7.019018296051324e-05	-0	-0.07117532059977889	0	-0.09478689634274365	0	6.214156966777296e-11	0	0	0	0
0.1364301601741763	-4.089206771309883	730.9207964739659	-0	0.1532738178804078	0	0.09478689634233434	-0.0001561849002306262	6.653542303462371e-05	-0	-0.06699672394073294	0	-0.09478689634274365	0	5.451550322277399e-11	0	0	0	0
0.1377419886373896	-2.922605175869219	727.253998635921	-0	0.1532990092391764	0	0.09478689634239272	-0.0001490212992665097	6.32225134036682e-05	-0	-0.06280227187971579	0	-0.09478689634274365	0	4.763822669673345e-11	0	0	0	0
0.1390538171006028	-1.769788130911292	723.5239305834776	-0	0.15332370757418	0	0.09478689634244364	-0.0001425145230570528	6.021763358099826e-05	-0	-0.05859224975381813	0	-0.09478689634274365	0	4.147093779494071e-11	0	0	0	0
0.140365645563816	-0.6301503375521906	719.7301052813514	-0	0.1533479291471821	0	0.09478689634248783	-0.0001366032076072059	5.749078968449268e-05	-0	-0.05436694186243649	0	-0.09478689634274365	0	3.596941494654615e-11	0	0	0	0
0.1416774740270293	0.4968590544390319	715.8729108898402	-0	0.153371688877648	0	0.09478689634252606	-0.0001312326965087003	5.50153529640812e-05	-0	-0.05012663274139371	0	-0.09478689634274365	0	3.108693857889477e-11	0	0	0	0
0.1429893024902425	1.611752871796822	711.9532463073134	-0	0.1533950008443808	0	0.09478689634255903	-0.0001263542988235158	5.276767571720922e-05	-0	-0.04587160445125309	0	-0.09478689634274365	0	2.677499888470436e-11	0	0	0	0
0.1443011309534557	2.715028381450101	707.9727293185966	-0	0.1534178783242366	0	0.09478689634258737	-0.0001219245626439445	5.072671631220253e-05	-0	-0.0416021363981379	0	-0.09478689634274365	0	2.298494727881462e-11	0	0	0	0
0.145612959416669	3.807148288718538	703.9334052852719	-0	0.1534403336795344	0	0.09478689634261168	-0.0001179047414510466	4.887376355951198e-05	-0	-0.03731850458378987	0	-0.09478689634274365	0	1.966860008195681e-11	0	0	0	0
0.1469247878798822	4.888578493030887	699.8378982063531	-0	0.1534623786765765	0	0.09478689634263245	-0.0001142601920004059	4.719213211643805e-05	-0	-0.03302098044642165	0	-0.09478689634274363	0	1.67793556826723e-11	0	0	0	0
0.1482366163430955	5.959741612280919	695.6891932820337	-0	0.1534840238862792	0	0.09478689634265011	-0.000110959993401468	4.566696481128266e-05	-0	-0.0287098315131419	0	-0.09478689634274365	0	1.427302720458101e-11	0	0	0	0
0.1495484448063087	7.02105444166229	691.4907449013589	-0	0.15350527899519	0	0.09478689634266514	-0.000107976445817564	4.428498407150356e-05	-0	-0.02438531954179401	0	-0.09478689634274363	0	1.210698208353733e-11	0	0	0	0
0.1508602732695219	8.072881441640055	687.2463149863078	-0	0.1535261522205507	0	0.09478689634267788	-0.0001052848044925311	4.303435212049878e-05	-0	-0.02004770225760624	0	-0.09478689634274365	0	1.024258455828431e-11	0	0	0	0
0.1521721017327351	9.115560239076467	682.9600458459511	-0	0.1535466504020155	0	0.09478689634268864	-0.0001028628647809857	4.190446911855322e-05	-0	-0.01569723126641599	0	-0.09478689634274365	0	8.643419313614231e-12	0	0	0	0
0.1534839301959484	10.14937912746214	678.6363393680907	-0	0.1535667788786552	0	0.09478689634269773	-0.0001006907825552012	4.088587632875925e-05	-0	-0.01133415457406306	0	-0.09478689634274365	0	7.276734770300664e-12	0	0	0	0
0.1547957586591616	11.17458672698477	674.2798951123499	-0	0.1535865412985277	0	0.09478689634270536	-9.875073991232987e-05	3.997009627027974e-05	-0	-0.006958715109934356	0	-0.09478689634274365	0	6.112665928981187e-12	0	0	0	0
0.1561075871223749	12.19139612525874	669.8956223723756	-0	0.1536059400018411	0	0.09478689634271176	-9.702682348044456e-05	3.91495645002954e-05	-0	-0.002571153349485525	0	-0.09478689634274365	0	5.124123347854947e-12	0	0	0	0
0.1574194155855881	13.19998485049122	665.4886429362684	-0	0.1536249756786236	0	0.09478689634271714	-9.550476912018438e-05	3.841750905638446e-05	-0	0.001828292768453289	0	-0.09478689634274365	0	4.287237231892504e-12	0	0	0	0
0.1587312440488013	14.20051416824579	661.0642441082173	-0	0.1536436480272213	0	0.09478689634272161	-9.417186890202356e-05	3.776789689855185e-05	-0	0.006239386078351979	0	-0.09478689634274365	0	3.58091334362598e-12	0	0	0	0
0.1600430725120146	15.19311990989683	656.6278503462768	-0	0.1536619552730185	0	0.09478689634272539	-9.301678808481009e-05	3.71953478420644e-05	-0	0.0106618887240274	0	-0.09478689634274365	0	2.985611757821971e-12	0	0	0	0
0.1613549009752278	16.1779331159068	652.1850137619266	-0	0.1536798948257157	0	0.09478689634272849	-9.202948085503353e-05	3.669508659226968e-05	-0	0.01509556196090936	0	-0.09478689634274365	0	2.486233441345576e-12	0	0	0	0
0.162666729438441	17.15506210200305	647.7413683563664	-0	0.1536974626634504	0	0.0947868963427311	-9.12010605504865e-05	3.626288144097761e-05	-0	0.01954016383099989	0	-0.09478689634274365	0	2.067235271852041e-12	0	0	0	0
0.1639785579016542	18.12462196228066	643.3026594515724	-0	0.1537146541298818	0	0.09478689634273325	-9.052371890752536e-05	3.589499979864517e-05	-0	0.02399545049531212	0	-0.09478689634274365	0	1.717292974490192e-12	0	0	0	0
0.1652903863648675	19.08669047184652	638.8746961507111	-0	0.1537314628249907	0	0.09478689634273504	-8.999062338379944e-05	3.558815946236421e-05	-0	0.02846117429912122	0	-0.09478689634274365	0	1.424860229803926e-12	0	0	0	0
0.1666022148280807	20.04141022376145	634.4634657051404	-0	0.1537478827993	0	0.09478689634273654	-8.959584878237693e-05	3.533949180512429e-05	-0	0.03293708571632809	0	-0.09478689634274365	0	1.181055253596242e-12	0	0	0	0
0.1679140432912939	20.9888456061123	630.0751050873614	-0	0.1537639054325562	0	0.09478689634273775	-8.933427586783962e-05	3.514649438925622e-05	-0	0.03742293287450095	0	-0.09478689634274365	0	9.792167077193881e-13	0	0	0	0
0.1692258717545072	21.92928570467989	625.7161737195163	-0	0.1537795256014353	0	0.09478689634273876	-8.920155195772877e-05	3.500700877657211e-05	-0	0.04191846286647114	0	-0.09478689634274365	0	8.109068971862143e-13	0	0	0	0
0.1705377002177204	22.86286142583802	621.3936885791961	-0	0.1537947335352937	0	0.0947868963427396	-8.919397612797397e-05	3.491916846953262e-05	-0	0.0464234231724333	0	-0.09478689634274365	0	6.719069745031447e-13	0	0	0	0
0.1718495286809336	23.78998028691262	617.1152121504293	-0	0.1538095238078193	0	0.09478689634274029	-8.93084956125929e-05	3.488139363938908e-05	-0	0.0509375615242388	0	-0.09478689634274365	0	5.564437799421285e-13	0	0	0	0
0.1731613571441469	24.71086769884565	612.8890120864094	-0	0.1538238854833985	0	0.09478689634274087	-8.954256998402828e-05	3.489233146856971e-05	-0	0.05546062935336105	0	-0.09478689634274365	0	4.600764214046649e-13	0	0	0	0
0.1744731856073601	25.62553032846077	608.7231238103495	-0	0.1538378020995811	0	0.09478689634274134	-8.98942162648271e-05	3.495087264514837e-05	-0	0.0599923792089797	0	-0.09478689634274365	0	3.810285420513537e-13	0	0	0	0
0.1757850140705733	26.53402916576055	604.6255603971913	-0	0.1538512573304767	0	0.09478689634274173	-9.036187328714735e-05	3.505609366659986e-05	-0	0.06453256838133137	0	-0.09478689634274365	0	3.161915174132446e-13	0	0	0	0
0.1770968425337866	27.43282975302157	600.5985610093193	-0	0.1538641634550887	0	0.09478689634274205	-9.094444653013741e-05	3.520727261319138e-05	-0	0.06908095650795401	0	-0.09478689634274365	0	2.620126338115369e-13	0	0	0	0
0.1784086709969998	28.31993311204897	596.6381452698989	-0	0.1538764720104178	0	0.09478689634274233	-9.164109077251945e-05	3.540379936526426e-05	-0	0.07363731257480481	0	-0.09478689634274365	0	2.171596236166806e-13	0	0	0	0
0.179720499460213	29.18188638697304	592.7203038479911	-0	0.1538879127940601	0	0.09478689634274255	-9.245140688041453e-05	3.564525810574229e-05	-0	0.07820140384712605	0	-0.09478689634274365	0	1.798561299892754e-13	0	0	0	0
0.1810323279234263	30.01042765168783	588.7973910401398	-0	0.1538983575816331	0	0.09478689634274273	-9.337545949135571e-05	3.593144194484076e-05	-0	0.08277298615454864	0	-0.09478689634274365	0	1.496580637194711e-13	0	0	0	0
0.1823441563866395	30.93244840041691	584.7861615079488	-0	0.1539106088201544	0	0.09478689634274289	-9.44130383355817e-05	3.626207132021575e-05	-0	0.08735179666578215	0	-0.09478689634274365	0	1.239008895481675e-13	0	0	0	0
0.1836559848498528	31.91794252277094	580.8050903347414	-0	0.1539238567354081	0	0.09478689634274301	-9.556450153635767e-05	3.663706271604786e-05	-0	0.09193761599008314	0	-0.09478689634274365	0	1.030286966852145e-13	0	0	0	0
0.184967813313066	32.87222268741856	577.0220011219943	-0	0.1539358337803728	0	0.09478689634274312	-9.683118762322006e-05	3.705670224270323e-05	-0	0.09653024584154185	0	-0.09478689634274365	0	8.570921750106208e-14	0	0	0	0
0.1862796417762792	33.84122577480722	573.4614705148638	-0	0.1539474840581417	0	0.0947868963427432	-9.821413945542147e-05	3.752119093528732e-05	-0	0.1011294765787181	0	-0.09478689634274365	0	7.149836278586008e-14	0	0	0	0
0.1875914702394925	34.76651396438696	570.0907373093162	-0	0.153957553430324	0	0.09478689634274326	-9.971485027431836e-05	3.803091629288215e-05	-0	0.1057350974318445	0	-0.09478689634274365	0	5.995204332975845e-14	0	0	0	0
0.1889032987027057	35.61148855331633	566.7858483791093	-0	0.1539654113865897	0	0.09478689634274334	-0.0001013353425657513	3.858650637453214e-05	-0	0.1103468710556446	0	-0.09478689634274365	0	4.973799150320701e-14	0	0	0	0
0.1902151271659189	36.42704119140301	563.5056473353696	-0	0.1539722365441312	0	0.09478689634274338	-0.000103077958086605	3.918871574080104e-05	-0	0.1149645613218156	0	-0.09478689634274365	0	4.218847493575595e-14	0	0	0	0
0.1915269556291322	37.24697769461348	560.2774693302473	-0	0.1539787204386165	0	0.09478689634274344	-0.0001049447088639448	3.98381515322449e-05	-0	0.1195879658887911	0	-0.09478689634274365	0	3.463895836830488e-14	0	0	0	0
0.1928387840923454	38.06276917900072	557.1036372661166	-0	0.1539846589907465	0	0.09478689634274347	-0.0001069378074734849	4.053550281271149e-05	-0	0.1242168889288254	0	-0.09478689634274366	0	2.97539770599542e-14	0	0	-1.694065894508601e-21	0
0.1941506125555586	38.86916155543327	553.9754414468227	-0	0.1539899396099928	0	0.0947868963427435	-0.0001090598404607728	4.128161788252254e-05	-0	0.1288511334814446	0	-0.09478689634274365	0	2.442490654175344e-14	0	0	0	0
0.1954624410187719	39.67954514931952	550.903385319355	-0	0.1539948304772226	0	0.09478689634274351	-0.0001113138096279507	4.207751180365635e-05	-0	0.133490501455365	0	-0.09478689634274365	0	2.087219286295294e-14	0	0	0	0
0.1967742694819851	40.50417658035041	547.9169432512604	-0	0.1539994933378259	0	0.09478689634274352	-0.0001137031260698367	4.292436142371158e-05	-0	0.1381347981664993	0	-0.09478689634274365	0	1.820765760385257e-14	0	0	0	0
0.1980860979451984	41.34747926039886	545.0469207687763	-0	0.1540039534609117	0	0.09478689634274355	-0.0001162316488520357	4.382351888748412e-05	-0	0.1427838286337251	0	-0.09478689634274365	0	1.465494392505207e-14	0	0	0	0
0.1993979264084116	42.21285363568308	542.3312479365184	-0	0.1540081968180678	0	0.09478689634274355	-0.0001189036441133609	4.477649550359727e-05	-0	0.1474373998791854	0	-0.09478689634274365	0	1.332267629550188e-14	0	0	0	0
0.2007097548716248	43.0805406455671	539.7802311995694	-0	0.15401174035233	0	0.09478689634274357	-0.0001217237801201255	4.578495877445669e-05	-0	0.1520953185165104	0	-0.09478689634274363	0	1.06581410364015e-14	0	0	1.694065894508601e-21	0
0.202021583334838	43.93577102551697	537.3755975213802	-0	0.1540142728744033	0	0.09478689634274358	-0.0001246968943608531	4.685064313048679e-05	-0	0.156757395213871	0	-0.09478689634274363	0	9.769962616701378e-15	0	0	1.694065894508601e-21	0
0.2033334117980512	44.77926892167674	535.1046712047877	-0	0.1540158224966123	0	0.09478689634274358	-0.0001278281151194243	4.797539423108348e-05	-0	0.1614234431376707	0	-0.09478689634274365	0	7.993605777301127e-15	0	0	0	0
0.2046452402612645	45.61163788936041	532.9536305758046	-0	0.1540164183958524	0	0.09478689634274359	-0.000131122510973269	4.916103198751118e-05	-0	0.166093287611202	0	-0.09478689634274365	0	6.217248937900877e-15	0	0	0	0
0.2059570687244777	46.44124578027559	530.9178764232967	-0	0.154016245941179	0	0.09478689634274361	-0.0001345853807904555	5.040946470784878e-05	-0	0.1707667580251241	0	-0.09478689634274365	0	6.217248937900877e-15	0	0	0	0
0.207268897187691	47.27479539503969	529.0029205429286	-0	0.1540154297274004	0	0.09478689634274362	-0.0001382220488931532	5.172261121795672e-05	-0	0.1754436947165317	0	-0.09478689634274365	0	4.440892098500626e-15	0	0	0	0
0.2085807256509042	48.11442581006727	527.2133948740233	-0	0.1540139925618047	0	0.09478689634274363	-0.0001420380983572703	5.31024910996948e-05	-0	0.1801239409042829	0	-0.09478689634274365	0	4.440892098500626e-15	0	0	0	0
0.2098925541141174	48.96202986146463	525.5557689305992	-0	0.1540119472651054	0	0.09478689634274362	-0.0001460392144058129	5.455116634440418e-05	-0	0.1848073483894147	0	-0.09478689634274365	0	4.440892098500626e-15	0	0	0	0
0.2112043825773307	49.81655672304043	524.0334984798792	-0	0.1540092468293002	0	0.09478689634274363	-0.0001502313554771258	5.607080560112064e-05	-0	0.1894937709954092	0	-0.09478689634274365	0	1.77635683940025e-15	0	0	0	0
0.2125162110405439	50.67735050883179	522.6473203308097	-0	0.1540058604152532	0	0.09478689634274362	-0.0001546205693499202	5.766361537119924e-05	-0	0.194183070357515	0	-0.09478689634274365	0	3.552713678800501e-15	0	0	0	0
0.2138280395037571	51.5445975893787	521.3973655303306	-0	0.1540017777885742	0	0.09478689634274362	-0.0001592131692430134	5.933190633204516e-05	-0	0.1988751095087224	0	-0.09478689634274365	0	2.664535259100376e-15	0	0	0	0
0.2151398679669703	52.41861662168535	520.2825685043487	-0	0.1539969953473531	0	0.09478689634274363	-0.000164015566067943	6.107803145014613e-05	-0	0.2035697578479849	0	-0.09478689634274365	0	2.664535259100376e-15	0	0	0	0
0.2164516964301836	53.30081722407534	519.3023642251036	-0	0.1539915328580607	0	0.09478689634274363	-0.0001690344385234939	6.290444946563866e-05	-0	0.2082668853906794	0	-0.09478689634274365	0	1.77635683940025e-15	0	0	0	0
0.2177635248933968	54.19247581866556	518.456645308744	-0	0.153985406330082	0	0.09478689634274363	-0.0001742765775832748	6.481366805842984e-05	-0	0.2129663671460864	0	-0.09478689634274365	0	2.664535259100376e-15	0	0	0	0
0.21907535335661	55.09349878994256	517.7438152185676	-0	0.1539786050555205	0	0.09478689634274363	-0.0001797490247503371	6.680829440729467e-05	-0	0.2176680783783876	0	-0.09478689634274365	0	1.77635683940025e-15	0	0	0	0
0.2203871818198233	56.00389516499875	517.1608407778837	-0	0.1539711254187398	0	0.09478689634274363	-0.0001854588479833493	6.889095166697251e-05	-0	0.2223718997676581	0	-0.09478689634274365	0	8.881784197001252e-16	0	0	0	0
0.2216990102830365	56.92487093650418	516.7052319176929	-0	0.1539629893673319	0	0.09478689634274363	-0.0001914132837387864	7.106433117859035e-05	-0	0.2270777128067708	0	-0.09478689634274365	0	1.77635683940025e-15	0	0	0	0
0.2230108387462498	57.85749034057011	516.3748946009041	-0	0.1539542151567783	0	0.09478689634274363	-0.0001976193839292984	7.333105903055134e-05	-0	0.2317854067203003	0	-0.09478689634274365	0	1.77635683940025e-15	0	0	0	0
0.224322667209463	58.80314667180156	516.1682229314225	-0	0.1539448269675799	0	0.09478689634274363	-0.0002040842129005333	7.569377068747014e-05	-0	0.2364948725594735	0	-0.09478689634274365	0	8.881784197001252e-16	0	0	0	0
0.2256344956726762	59.76302070947479	516.0844168613928	-0	0.1539348425427572	0	0.09478689634274365	-0.0002108143662989372	7.815492950910654e-05	-0	0.2412060113839976	0	-0.09478689634274365	0	0	0	0	0	0
0.2269463241358895	60.73603830944299	516.1205818092839	-0	0.1539242359685576	0	0.09478689634274365	-0.0002178162432600988	8.071693110806428e-05	-0	0.2459187266984082	0	-0.09478689634274363	0	0	0	0	0	0
0.2282581525991027	61.7212919733552	516.2716818084565	-0	0.1539129927572921	0	0.09478689634274363	-0.0002250954783409497	8.338189130353523e-05	-0	0.2506329327741911	0	-0.09478689634274365	0	8.881784197001252e-16	0	0	0	0
0.2295699810623159	62.72017838819111	516.5340908448062	-0	0.1539011454195456	0	0.09478689634274363	-0.0002326572924087201	8.615178003587549e-05	-0	0.2553485460346495	0	-0.09478689634274366	0	8.881784197001252e-16	0	0	-3.388131789017201e-21	0
0.2308818095255292	63.73385942064907	516.9054309426612	-0	0.1538887181406504	0	0.09478689634274363	-0.0002405059482073658	8.9028221592694e-05	-0	0.2600654921482409	0	-0.09478689634274365	0	8.881784197001252e-16	0	0	0	0
0.2321936379887424	64.76465234946625	517.3853715539226	-0	0.1538757539557863	0	0.09478689634274363	-0.0002486451316757282	9.201263832958832e-05	-0	0.2647836975401989	0	-0.09478689634274365	0	8.881784197001252e-16	0	0	0	0
0.2335054664519557	65.81438575161648	517.9763848802407	-0	0.1538622772654586	0	0.09478689634274365	-0.0002570775370651272	9.510610357451407e-05	-0	0.2695030939819952	0	-0.09478689634274365	0	0	0	0	0	0
0.2348172949151689	66.88201574946281	518.6791259383255	-0	0.1538482556997181	0	0.09478689634274365	-0.0002658051860685755	9.830945896472431e-05	-0	0.2742236117744883	0	-0.09478689634274365	0	-8.881784197001252e-16	0	0	0	0
0.2361291233783821	67.96663068596213	519.4929295722452	-0	0.1538336658766621	0	0.09478689634274365	-0.0002748291548899888	0.0001016232234908957	-0	0.278945181738627	0	-0.09478689634274365	0	-8.881784197001252e-16	0	0	0	0
0.2374409518415953	69.06807240088033	520.4172521582259	-0	0.153818500911506	0	0.09478689634274365	-0.0002841498111715229	0.000105047676310149	-0	0.283667731133548	0	-0.09478689634274365	0	-8.881784197001252e-16	0	0	0	0
0.2387527803048086	70.18620732770421	521.4514372898841	-0	0.1538027563666536	0	0.09478689634274365	-0.000293766699247324	0.0001085828257691134	-0	0.2883911835073311	0	-0.09478689634274365	0	0	0	0	0	0
0.2400646087680218	71.32177568007371	522.5956606663312	-0	0.1537864441201121	0	0.09478689634274365	-0.0003036786934457026	0.000112228458888077	-0	0.2931154571053251	0	-0.09478689634274365	0	0	0	0	0	0
0.241376437231235	72.47542087899946	523.8511072325784	-0	0.1537695719092186	0	0.09478689634274365	-0.00031388407702465	0.0001159841820364299	-0	0.2978404628812105	0	-0.09478689634274365	0	8.881784197001252e-16	0	0	0	0
0.2426882656944483	73.6463440285426	525.2180651639534	-0	0.1537521202687254	0	0.09478689634274365	-0.0003243806405566614	0.0001198494499729922	-0	0.302566104768445	0	-0.09478689634274365	0	8.881784197001252e-16	0	0	0	0
0.2440000941576615	74.83385418920405	526.6959403748901	-0	0.1537340767655594	0	0.09478689634274366	-0.0003351661005890019	0.0001238237335759193	-0	0.307292275033206	0	-0.09478689634274365	0	-8.881784197001252e-16	0	0	0	0
0.2453119226208747	76.03914256084813	528.285535602637	-0	0.1537154642563567	0	0.09478689634274365	-0.0003462379662005723	0.0001279064589266252	-0	0.3120188577658256	0	-0.09478689634274365	0	0	0	0	0	0
0.246623751084088	77.26328123943071	529.9891037044536	-0	0.1536962991268602	0	0.09478689634274365	-0.0003575940043856091	0.0001320971864904518	-0	0.3167457243462724	0	-0.09478689634274365	0	0	0	0	0	0
0.2479355795473012	78.50968321070999	531.8118501886927	-0	0.1536766360081149	0	0.09478689634274366	-0.0003692317671295141	0.0001363954208720558	-0	0.321472739787578	0	-0.09478689634274365	0	-1.77635683940025e-15	0	0	0	0
0.2492474080105144	79.78131782104794	533.7630055781121	-0	0.1536565070929922	0	0.09478689634274366	-0.0003811481639917837	0.0001408004412922943	-0	0.3261997643539869	0	-0.09478689634274365	0	-1.77635683940025e-15	0	0	0	0
0.2505592364737277	81.07552678194931	535.848548816459	-0	0.153635840313907	0	0.09478689634274365	-0.0003933392843457705	0.0001453112347470121	-0	0.3309266563622032	0	-0.09478689634274365	0	-8.881784197001252e-16	0	0	0	0
0.2518710649369409	82.38992896371954	538.0712763319976	-0	0.1536145838122137	0	0.09478689634274365	-0.0004057990107421776	0.0001499259635215011	-0	0.3356532788892117	0	-0.09478689634274365	0	0	0	0	0	0
0.2531828934001542	83.72010752081361	540.4305835601239	-0	0.1535926584584155	0	0.09478689634274365	-0.0004185197045193214	0.0001546422357312948	-0	0.3403794958137651	0	-0.09478689634274365	0	0	0	0	0	0
0.2544947218633674	85.06229004202349	542.9206068238777	-0	0.1535700197795762	0	0.09478689634274365	-0.0004314910343343723	0.0001594566658581985	-0	0.345105177012781	0	-0.09478689634274365	0	0	0	0	0	0
0.2558065503265806	86.41891550870118	545.5386092110346	-0	0.153546738516173	0	0.09478689634274365	-0.0004447009988220483	0.0001643652654493216	-0	0.3498301924395235	0	-0.09478689634274365	0	0	0	0	0	0
0.2571183787897938	87.79232428223781	548.2845168563488	-0	0.1535228732408137	0	0.09478689634274365	-0.0004581355594334203	0.0001693633141848212	-0	0.3545544138433487	0	-0.09478689634274365	0	0	0	0	0	0
0.2584302072530071	89.18792755903813	551.1624438156645	-0	0.1534985275412237	0	0.09478689634274365	-0.0004717786277835681	0.0001744453375340472	-0	0.3592777140915461	0	-0.09478689634274365	0	0	0	0	0	0
0.2597420357162203	90.61053128053022	554.1825760747208	-0	0.1534737704208856	0	0.09478689634274365	-0.0004856099361571324	0.000179604293259996	-0	0.3639999778783684	0	-0.09478689634274365	0	0	0	0	0	0
0.2610538641794335	92.05791293029928	557.3520375806904	-0	0.1534485436627124	0	0.09478689634274365	-0.0004996060047805303	0.0001848319392991025	-0	0.3687210946697322	0	-0.09478689634274365	0	0	0	0	0	0
0.2623656926426468	93.52798618557864	560.6753477381955	-0	0.153422804639139	0	0.09478689634274365	-0.0005137376135956335	0.0001901178863780327	-0	0.3734409684612975	0	-0.09478689634274365	0	0	0	0	0	0
0.26367752110586	95.01274152030823	564.1507644343056	-0	0.1533964214828407	0	0.09478689634274365	-0.0005279730930499104	0.0001954508674493065	-0	0.3781595006159413	0	-0.09478689634274365	0	0	0	0	0	0
0.2649893495690733	96.50507053677353	567.7675291028335	-0	0.1533693168077781	0	0.09478689634274365	-0.0005422813693889124	0.0002008199547237864	-0	0.3828765731526579	0	-0.09478689632279849	0	0	0	0	1.932929185634313e-16	0
0.2663011780322865	98.00503656172101	571.5167772840286	-0	0.1533415460598105	0	0.09478689634274365	-0.0005566305639866455	0.0002062139607887923	-0	0.3875920581216665	0	-0.09478689632378533	0	0	0	0	1.834402313209693e-16	0
0.2676130064954997	99.51283427193822	575.3900767271543	-0	0.1533131641026799	0	0.09478689634274365	-0.0005709876163376442	0.0002116213112766291	-0	0.392305810721957	0	-0.09478689630669737	0	0	0	0	3.478052806697718e-16	0
0.2689248349587129	101.0298432773534	579.3802999444405	-0	0.1532842426323947	0	0.09478689634274365	-0.0005853167550815909	0.0002170294129450905	-0	0.3970176830217591	0	-0.09478689627419541	0	0	0	0	6.585850571491636e-16	0
0.2702366634219262	102.5573712362556	583.482140533106	-0	0.1532548431881595	0	0.09478689634274365	-0.0005995747266493971	0.0002224228193697964	-0	0.401727536510936	0	-0.09478689624495651	0	0	0	0	9.341418155499326e-16	0
0.2715484918851394	104.0953079881056	587.6899857196806	-0	0.1532250010322266	0	0.09478689634274365	-0.0006137128319317727	0.000227784000955574	-0	0.4064352378278989	0	-0.09478689615670279	0	0	0	0	1.764389957921442e-15	0
0.2728603203483527	105.643648262653	591.9981335711757	-0	0.1531947522306921	0	0.09478689634274365	-0.0006276716129961989	0.0002330913224142526	-0	0.4111406771786359	0	-0.09478689603295491	0	0	0	0	2.912092496396707e-15	0
0.2741721488115659	107.2006735480377	596.3993469692385	-0	0.1531641064347428	0	0.09478689634274365	-0.0006413841369636141	0.0002383202806394744	-0	0.4158437552218043	0	-0.09478689583725212	0	0	0	0	4.701873113945043e-15	0
0.2754839772747791	108.7650197694038	600.8842050418401	-0	0.153133086214989	0	0.09478689634274365	-0.000654769815782207	0.0002434411563101682	-0	0.4205444035104783	0	-0.09478689548702239	0	0	0	0	7.861753240599734e-15	0
0.2767958057379924	110.3339830583344	605.4409840023724	-0	0.1531016976427758	0	0.09478689634274365	-0.0006677387995622835	0.0002484206584091463	-0	0.4252425687485996	0	-0.09478689489060582	0	0	0	0	1.31518873482811e-14	0
0.2781076342012056	111.9053775795358	610.0543142505494	-0	0.1530699667544065	0	0.09478689634274365	-0.0006801851662407164	0.0002532193362458192	-0	0.4299382361835389	0	-0.09478689390211784	0	0	0	0	2.174593784123185e-14	0
0.2794194626644188	113.4786043173628	614.7081537288416	-0	0.1530379489240744	0	0.09478689634274365	-0.0006919928946247926	0.0002577938140929424	-0	0.4346314058626676	0	-0.09478689225410104	0	0	0	0	3.575952197115012e-14	0
0.2807312911276321	115.0533969917427	619.3848129529257	-0	0.1530057063943909	0	0.09478689634274365	-0.0007030299818498315	0.000262094558139925	-0	0.439322115299745	0	-0.09478688948713411	0	0	0	0	5.871659495421122e-14	0
0.2820431195908453	116.6326315015014	624.0681728788377	-0	0.1529733482708313	0	0.09478689634274365	-0.0007131552132558016	0.0002660683975933084	-0	0.4440104126574436	0	-0.0947868848680293	0	0	0	0	9.599458272550876e-14	0
0.2833549480540585	118.2189222537711	628.7444025449784	-0	0.1529409645907179	0	0.09478689634274365	-0.0007222137625771762	0.0002696568516860533	-0	0.4486963750292907	0	-0.09478687717901982	0	0	0	0	1.561615691359625e-13	0
0.2846667765172718	119.8170562236676	633.4023949591071	-0	0.1529086701717483	0	0.09478689634274365	-0.0007300448812945383	0.0002727989945255659	-0	0.4533800746971776	0	-0.09478686438651941	0	0	0	0	2.528972718090008e-13	0
0.285978604980485	121.4312568287117	638.0357403334116	-0	0.1528765481106104	0	0.09478689634274365	-0.0007364806559847476	0.0002754309856328897	-0	0.4580615843190907	0	-0.09478684312025439	0	0	0	0	4.077362362672754e-13	0
0.2872904334436982	123.0666621910132	642.6409204718237	-0	0.1528446844547554	0	0.09478689634274365	-0.0007413540402843153	0.0002774890637421351	-0	0.4627409329912749	0	-0.09478680785005904	0	0	0	0	6.539998983990866e-13	0
0.2886022619069115	124.7277232553257	647.2197253452246	-0	0.1528131318064875	0	0.09478689634274365	-0.0007445027837557333	0.0002789110551389925	-0	0.4674180780941459	0	-0.09478674944198287	0	0	0	0	1.043405040645172e-12	0
0.2899140903701247	126.4179354083037	651.7756352276557	-0	0.1527819193663146	0	0.09478689634274365	-0.0007457752352019395	0.0002796385112595571	-0	0.4720928334157193	0	-0.09478665284442754	0	0	0	0	1.655506528847224e-12	0
0.2912259188333379	128.140250647238	656.3155967988126	-0	0.1527510547224292	0	0.09478689634274365	-0.000745037818394296	0.0002796195637806032	-0	0.476764775043106	0	-0.09478649333382745	0	0	0	0	2.611388427546657e-12	0
0.2925377472965512	129.8947438992725	660.8458409802869	-0	0.1527204997230288	0	0.09478689634274365	-0.000742177055330114	0.0002788096279679983	-0	0.4814330852785072	0	-0.09478623036556059	0	0	0	0	4.09368861779922e-12	0
0.2938495757597644	131.6813537462887	665.3721138440538	-0	0.1526902175731842	0	0.09478689634274365	-0.0007371053842184881	0.0002771736019534749	-0	0.486096301341307	0	-0.09478579747625729	0	0	0	0	6.375708365121205e-12	0
0.2951614042229777	133.4967832071698	669.8972454898977	-0	0.1526601289213485	0	0.09478689634274365	-0.0007297647465038046	0.0002746872353970118	-0	0.4907519008882409	0	-0.09478508599298935	0	0	0	0	9.861564730507914e-12	0
0.2964732326861909	135.3380547765851	674.4197584985122	-0	0.1526301773991405	0	0.09478689634274365	-0.00072013340301166	0.0002713397327943542	-0	0.4953956248168142	0	-0.09478391852091614	0	0	0	0	1.514202841888454e-11	0
0.2977850611494041	137.2018244278247	678.9356424393369	-0	0.1526003107515525	0	0.09478689634274365	-0.0007082321035033424	0.0002671361586032128	-0	0.5000203676138771	0	-0.09478200605966011	0	0	0	0	2.306952361346565e-11	0
0.2990968896126173	139.0850925700459	683.4366482363279	-0	0.1525704983182323	0	0.09478689634274365	-0.0006941346354343344	0.000262101506065858	-0	0.5046143744207799	0	-0.09477887897552212	0	0	0	0	3.485539076331437e-11	0
0.3004087180758306	140.9886820851806	687.9152725388436	-0	0.1525407697666859	0	0.09478689634274365	-0.0006779781289994165	0.0002562847164794369	-0	0.5091583260581638	0	-0.09477377640256028	0	0	0	0	5.219046887911839e-11	0
0.3017205465390438	142.913135334167	692.3646088974409	-0	0.1525111466773471	0	0.09478689634274365	-0.0006599811207165047	0.0002497656613551643	-0	0.5136206607585952	0	-0.09476547063138112	0	0	0	0	7.738341534940275e-11	0
0.303032375002257	144.8626166351776	696.7805943805727	-0	0.1524816986510613	0	0.09478689634274365	-0.0006404659039623124	0.0002426638294915899	-0	0.5179501722016991	0	-0.09475199208746454	0	0	0	0	1.134966139557862e-10	0
0.3043442034654703	146.8405052306524	701.1634358365719	-0	0.1524524655935676	0	0.09478689634274365	-0.0006198959847602047	0.0002351528170417022	-0	0.5220645227763905	0	-0.09473020771866986	0	0	0	0	1.644333556848673e-10	0
0.3056560319286835	148.850614065658	705.5154316072676	-0	0.152423486005051	0	0.09478689634274365	-0.0005989230637004761	0.0002274785367099931	-0	0.5258330528944624	0	-0.09469519777312307	0	0	0	0	2.348754940675402e-10	0
0.3069678603918968	150.896080050671	709.8424498526066	-0	0.1523947744819241	0	0.09478689634274365	-0.0005784641429321631	0.000219989062677387	-0	0.5290525453821325	0	-0.09463939272914468	0	0	0	0	3.298831002741982e-10	0
0.30827968885511	152.9784555516005	714.1506103704003	-0	0.1523663188976717	0	0.09478689634274365	-0.0005597999325797803	0.000213172762810551	-0	0.5314168028610905	0	-0.0945515169020304	0	0	0	0	4.538340616735991e-10	0
0.3095915173183232	155.0989870171879	718.4467356205624	-0	0.1523381009696346	0	0.09478689634274365	-0.0005447279709627488	0.0002077176407282085	-0	0.5324875404190622	0	-0.09441563999547879	0	0	0	0	6.082460067162237e-10	0
0.3109033457815364	157.2520080609728	722.7324833411318	-0	0.1523100112193031	0	0.09478689634274363	-0.000535773469849645	0.0002045932026004446	-0	0.5316889736390085	0	-0.09421117727102138	0	3.552713678800501e-15	0	0	7.880587173222844e-10	0
0.3122151742447497	159.4328612376963	727.0022593469432	-0	0.1522819854018022	0	0.09478689634274365	-0.0005364967882223474	0.0002051699448774109	-0	0.5283720830257459	0	-0.09391551128709706	0	0	0	0	9.766429735655292e-10	0
0.3135270027079629	161.6396536132894	731.2491652451228	-0	0.1522540085774501	0	0.09478689634274363	-0.000551914137866685	0.0002113831577698404	-0	0.5220089183396073	0	-0.09351132374436875	0	3.552713678800501e-15	0	0	1.141763391440036e-09	0
0.3148388311711762	163.8704368464253	735.4637059805586	-0	0.1522260746367051	0	0.09478689634274363	-0.0005890911412607472	0.0002259643938349971	-0	0.5125298941557329	0	-0.09299883411255672	0	1.77635683940025e-15	0	0	1.237665546004879e-09	0
0.3161506596343894	166.1526385836133	739.6575876617719	-0	0.1521985609439215	0	0.09478689634274365	-0.0006579409621736828	0.0002527533749287237	-0	0.5006531625458359	0	-0.09240711830902912	0	0	0	0	1.218620907464808e-09	0
0.3174624880976026	168.5063403774366	743.870179529406	-0	0.1521716213996352	0	0.09478689634274365	-0.0007723192967159319	0.0002971267058494868	-0	0.4878873307127773	0	-0.09179298441875125	0	0	0	0	1.061074073020079e-09	0
0.3187743165608159	170.875849679576	748.0944335576628	-0	0.1521443938257698	0	0.09478689634274363	-0.0009514910188351381	0.0003665735613084105	-0	0.4760299176726087	0	-0.09122173816082718	0	3.552713678800501e-15	0	0	7.788994146792341e-10	0
0.3200861450240291	173.219385526068	752.2636463958214	-0	0.1521164731671271	0	0.09478689634274365	-0.001222083130711723	0.0004714640933262309	-0	0.466463570173112	0	-0.09074168637806998	0	0	0	0	4.176277258315531e-10	0
0.3213979734872423	175.5560245491257	756.332255206668	-0	0.152088329060336	0	0.09478689634274365	-0.001620635088090396	0.0006260553936987534	-0	0.4597714078423774	0	-0.090371210941577	0	0	0	0	3.273745697814946e-11	0
0.3227098019504555	177.8968715987973	760.277427131812	-0	0.1520602101432626	0	0.09478689634274363	-0.002196931472786941	0.0008498091183929088	-0	0.4558346196654042	0	-0.09010342580947249	0	3.552713678800501e-15	0	0	-3.301675803688443e-10	0
0.3240216304136688	180.250547979171	764.0832337657826	-0	0.1520322969578304	0	0.09478689634274363	-0.003018286399159213	0.001169090484809561	-0	0.4541632072210336	0	-0.0899187334602564	0	3.552713678800501e-15	0	0	-6.432110746801278e-10	0
0.325333458876882	182.6220932735912	767.7446145610259	-0	0.152004670439922	0	0.09478689634274363	-0.004175018285711963	0.001619344968578733	-0	0.4541847468929307	0	-0.08979532164187291	0	3.552713678800501e-15	0	0	-8.944604822981074e-10	0
0.3266452873400953	184.9962860349561	771.2451674948081	-0	0.1519771413401838	0	0.09478689634274365	-0.005787329618260351	0.002247841936464923	-0	0.4553979312322122	0	-0.08971451786805529	0	0	0	0	-1.082687020115616e-09	0
0.3279571158033085	187.3620996313295	774.5560120791624	-0	0.1519496370455927	0	0.09478689634274365	-0.008013946742494902	0.003117128511215806	-0	0.4574195135419391	0	-0.08966226178375716	0	0	0	0	-1.212548517430696e-09	0
0.3292689442665217	189.7242139698878	777.6553616793674	-0	0.1519223011383546	0	0.09478689634274365	-0.0110627541406073	0.004309294828652194	-0	0.4599778060953668	0	-0.08962870402852813	0	0	0	0	-1.291341532403539e-09	0
0.330580772729735	192.0840925901597	780.529918977282	-0	0.1518951934012646	0	0.09478689634274365	-0.01520391437510653	0.005931247603641883	-0	0.462888419194721	0	-0.08960722872606483	0	0	0	0	-1.327130555841063e-09	0
0.3318926011929482	194.4204113967251	783.1522218805314	-0	0.1518680794028591	0	0.09478689634274365	-0.02078565927663869	0.008121080168717753	-0	0.4660294166403247	0	-0.08959350251851508	0	0	0	0	-1.327798530197447e-09	0
0.3332044296561614	196.7185554679813	785.4804292198968	-0	0.1518408890556341	0	0.09478689634274363	-0.02825339376654206	0.01105579603774946	-0	0.4693213354009611	0	-0.08958472750583435	0	3.552713678800501e-15	0	0	-1.30060948469457e-09	0
0.3345162581193747	198.9602834697397	787.5032190771989	-0	0.1518133854724482	0	0.09478689634274366	-0.03817235906933452	0.01496049565788814	-0	0.4727128039543096	0	-0.08957911157050531	0	0	0	0	-1.252033175486861e-09	0
0.3358280865825879	201.1650271600646	789.169849506345	-0	0.1517860612839447	0	0.09478689634274365	-0.05125418500501862	0.02011917343940459	-0	0.4761707278939564	0	-0.08957551143093127	0	0	0	0	-1.18768123200802e-09	0
0.3371399150458012	203.3502954522928	790.4223354404203	-0	0.1517594021274857	0	0.09478689634274363	-0.06838741165872274	0.02688717016603567	-0	0.47967380386808	0	-0.0895731989897295	0	0	0	0	-1.112342420429846e-09	0
0.3384517435090144	205.4903503274163	791.2574737636758	-0	0.1517330137240861	0	0.09478689634274365	-0.09067331785170613	0.035705799341991	-0	0.4832083159257001	0	-0.08957171052093367	0	0	0	0	-1.030058465606443e-09	0
0.3397635719722276	207.5733949658753	791.6545630876726	-0	0.151706794648321	0	0.09478689634274363	-0.1194654984974474	0.04711858176176621	-0	0.4867653960641933	0	-0.08957075034452092	0	3.552713678800501e-15	0	0	-9.441725404985002e-10	0
0.3410754004354408	209.5931758260389	791.5931994168537	-0	0.1516807324928408	0	0.09478689634274366	-0.1564144302367994	0.06178956311085983	-0	0.4903392975175633	0	-0.08957012962747449	0	0	0	0	-8.574085400003817e-10	0
0.3423872288986541	211.5501006583653	791.0591922988913	-0	0.1516548965495401	0	0.09478689634274363	-0.2035156814635534	0.08052319420783285	-0	0.4939262719803811	0	-0.0895697275034265	0	3.552713678800501e-15	0	0	-7.719259190186456e-10	0
0.3436990573618673	213.4435662872779	790.0475590327998	-0	0.1516293051423136	0	0.09478689634274366	-0.2631615525705023	0.1042857275548973	-0	0.4975238686163163	0	-0.08956946645605218	0	-3.552713678800501e-15	0	0	-6.893967653687216e-10	0
0.3450108858250805	215.266044339389	788.5513064985757	-0	0.1516038814275066	0	0.09478689634274366	-0.3381942585766771	0.1342273363020835	-0	0.5011304699254304	0	-0.08956929664698728	0	0	0	0	-6.110566115602456e-10	0
0.3463227142882938	217.012933819048	786.5640239677309	-0	0.1515785963859195	0	0.09478689634274365	-0.4319588416413121	0.1717043668208903	-0	0.5047450040322159	0	-0.08956918596985564	0	0	0	0	-5.377753450885869e-10	0
0.347634542751507	218.6796529835363	784.0800152600802	-0	0.1515534226344657	0	0.09478689634274365	-0.5483540551025705	0.2183008249072045	-0	0.5083667548336986	0	-0.08956911368979253	0	0	0	0	-4.701022071618155e-10	0
0.3489463712147203	220.2616836612037	781.0952492807854	-0	0.1515283306591384	0	0.09478689634274365	-0.6918785428716067	0.275848361942394	-0	0.5119952340782109	0	-0.08956906639109556	0	0	0	0	-4.083256927023271e-10	0
0.3502581996779335	221.7559325368298	777.6071444215887	-0	0.1515033118034498	0	0.09478689634274365	-0.8676681813365992	0.3464426972874067	-0	0.5156301056355408	0	-0.08956903537545217	0	0	0	0	-3.525164882223208e-10	0
0.3515700281411467	223.1581232157337	773.6150933475287	-0	0.1514783336952399	0	0.09478689634274365	-1.081523637823056	0.4324567732856169	-0	0.5192711093862136	0	-0.08956901499314182	0	0	0	0	-3.025750483498513e-10	0
0.3528818566043599	224.4651522236914	769.1193465562593	-0	0.1514533836082249	0	0.09478689634274365	-1.339917666750446	0.5365456996280404	-0	0.5229180411723089	0	-0.08956900156839348	0	0	0	0	-2.582721814192723e-10	0
0.3541936850675731	225.6733578905981	764.1217584151415	-0	0.151428436362171	0	0.09478689634274365	-1.649985361168222	0.6616460621507343	-0	0.5265706859949029	0	-0.08956899270524983	0	0	0	0	-2.192856729532622e-10	0
0.3555055135307864	226.778374043587	758.6238831091914	-0	0.1514034614515538	0	0.09478689634274365	-2.01948278380833	0.8109622201143002	-0	0.5302288357101571	0	-0.08956898683936788	0	0	0	0	-1.852328568308081e-10	0
0.3568173419939996	227.7757797862004	752.6278269480914	-0	0.1513784289357423	0	0.09478689634274365	-2.456722981267161	0.9879455895067312	-0	0.5338922152741225	0	-0.08956898294725282	0	0	0	0	-1.55696011638895e-10	0
0.3581291704572128	228.6569877169954	746.1327895054075	-0	0.1513532589237835	0	0.09478689634274363	-2.970470521677232	1.19625652514467	-0	0.5375605269208646	0	-0.08956898035801947	0	3.552713678800501e-15	0	0	-1.302442043105145e-10	0
0.3594409989204261	229.4144690262032	739.1357788986369	-0	0.1513279046952105	0	0.09478689634274363	-3.569815463584936	1.439721100207322	-0	0.5412333625499699	0	-0.0895689786308817	0	0	0	0	-1.084484724245272e-10	0
0.3607528273836393	230.0391229465896	731.6320483327996	-0	0.1513023076242329	0	0.09478689634274365	-4.263996664900138	1.722266284905181	-0	0.5449102674870003	0	-0.08956897747566063	0	0	0	0	-8.989431421468908e-11	0
0.3620646558468526	230.5222220622585	723.6155740748053	-0	0.1512764273097481	0	0.09478689634274365	-5.062219131960054	2.047856978318608	-0	0.5485906380652569	0	-0.08956897670082749	0	0	0	0	-7.418976544215639e-11	0
0.3633764843100658	230.8539602510765	715.0792639765704	-0	0.1512502173769517	0	0.09478689634274365	-5.973418955617255	2.420409799192919	-0	0.5522738039320042	0	-0.08956897617969738	0	0	0	0	-6.097122806636435e-11	0
0.364688312773279	231.0245196775773	706.0156562239665	-0	0.1512236392680509	0	0.09478689634274365	-7.006050087337167	2.843721368830798	-0	0.55595891039211	0	-0.08956897582824341	0	0	0	0	-4.990641233604265e-11	0
0.3660001412364923	231.0260495702748	696.4187921778614	-0	0.1511966888901753	0	0.09478689634274363	-8.167820985613897	3.321373584958435	-0	0.5596450137325572	0	-0.08956897559059082	0	0	0	0	-4.069600212375235e-11	0
0.3673119696997055	230.8496121910679	686.285181144926	-0	0.1511693352621173	0	0.09478689634274366	-9.465499166764946	3.856673034625438	-0	0.5633309506235459	0	-0.08956897542948361	0	-3.552713678800501e-15	0	0	-3.307232265825633e-11	0
0.3686237981629187	230.4882522809466	675.6135979973891	-0	0.1511415784399874	0	0.09478689634274365	-10.90467909786992	4.452570854909596	-0	0.5670154488463091	0	-0.0895689753200032	0	0	0	0	-2.679945154682173e-11	0
0.3699356266261319	229.933892502821	664.4064242425077	-0	0.1511133827086143	0	0.09478689634274365	-12.48967191371274	5.111640223154121	-0	0.5706969868521593	0	-0.08956897524544589	0	0	0	0	-2.167088730686828e-11	0
0.3712474550893452	229.176286305794	652.665816752875	-0	0.1510846805182744	0	0.09478689634274365	-14.2233645379512	5.836035088391828	-0	0.5743739161934746	0	-0.089568975194567	0	0	0	0	-1.750621869689439e-11	0
0.3725592835525585	228.2054024872693	640.3949712818916	-0	0.1510554075253398	0	0.09478689634274365	-16.10725192082329	6.627529461475101	-0	0.5780443153528142	0	-0.08956897515978911	0	0	0	0	-1.415001449345255e-11	0
0.3738711120157717	227.0079119195748	627.5955433210974	-0	0.1510254520991832	0	0.09478689634274365	-18.14143758693736	7.487535147060617	-0	0.5817061223890641	0	-0.08956897513597438	0	0	0	0	-1.146704953214339e-11	0
0.3751829404789849	225.5712350907881	614.2683356511782	-0	0.1509947286475754	0	0.09478689634274365	-20.32483963893449	8.417215953793489	-0	0.5853569887698991	0	-0.08956897511964222	0	0	0	0	-9.343859019850242e-12	0
0.3764947689421981	223.8829272914062	600.4145328921227	-0	0.1509631583347956	0	0.09478689634274365	-22.65536422334125	9.417577080607469	-0	0.5889944196702592	0	-0.08956897510841534	0	0	0	0	-7.677858349097733e-12	0
0.3778065974054113	221.9307273112283	586.0361815012789	-0	0.1509306665379686	0	0.09478689634274365	-25.13031364583653	10.48966306245458	-0	0.5926156357974403	0	-0.08956897510067505	0	0	0	0	-6.3842264808045e-12	0
0.3791184258686247	219.7054646901218	571.1383075622394	-0	0.1508972287033469	0	0.09478689634274365	-27.74674854978802	11.63472956974577	-0	0.596217714314122	0	-0.0895689750953115	0	0	0	0	-5.38991073995021e-12	0
0.3804302543318379	217.1979267139246	555.7298487446765	-0	0.1508627967546078	0	0.09478689634274365	-30.50215817704359	12.85454902659486	-0	0.5997974647062756	0	-0.08956897509156755	0	0	0	0	-4.630962280316453e-12	0
0.3817420827950511	214.3996164726973	539.8223670662234	-0	0.1508273243944795	0	0.09478689634274365	-33.39506853784945	14.15170458737556	-0	0.6033515624032942	0	-0.08956897508892626	0	0	0	0	-4.055866753560622e-12	0
0.3830539112582643	211.3028120046943	523.4313059593504	-0	0.1507907558912613	0	0.09478689634274365	-36.4261401292444	15.53009195792993	-0	0.6068764379916924	0	-0.08956897508703675	0	0	0	0	-3.61977114948786e-12	0
0.3843657397214775	207.9011248273632	506.5755907700931	-0	0.1507530401446449	0	0.09478689634274365	-39.59932137727677	16.99549794001593	-0	0.6103684006630458	0	-0.08956897508566262	0	0	0	0	-3.290256955779114e-12	0
0.3856775681846908	204.1896292031209	489.2774203096424	-0	0.150714135034833	0	0.09478689634274365	-42.92384318840983	18.55656749489762	-0	0.6138235351952146	0	-0.08956897508464548	0	0	0	0	-3.039346552213829e-12	0
0.386989396647904	200.1674334766145	471.5631352653066	-0	0.1506740619609855	0	0.09478689634274365	-46.41693636508194	20.22617599683307	-0	0.6172378223280006	0	-0.0895689750838794	0	0	0	0	-2.851052727237402e-12	0
0.3883012251111173	195.8344276257796	453.46539568229	-0	0.1506328034763292	0	0.09478689634274363	-50.1081129234583	22.02363556403472	-0	0.620607030929369	0	-0.08956897508329409	0	3.552713678800501e-15	0	0	-2.708944180085382e-12	0
0.3896130535743305	191.1890745010649	435.0200737210744	-0	0.1505902686867185	0	0.09478689634274365	-54.045879404024	23.97811822097289	-0	0.6239268465527767	0	-0.08956897508284165	0	0	0	0	-2.605027304980467e-12	0
0.3909248820375437	186.2306537858776	416.2666296127396	-0	0.1505463391920763	0	0.09478689634274365	-58.30732694038129	26.13390011501152	-0	0.6271927147202226	0	-0.08956897508249025	0	0	0	0	-2.534861209824157e-12	0
0.3922367105007569	180.9574750104284	397.246868118296	-0	0.1505008202049794	0	0.09478689634274363	-63.01254908577045	28.55804965347762	-0	0.6303999998639608	0	-0.08956897508221716	0	3.552713678800501e-15	0	0	-2.493116824098252e-12	0
0.3935485389639702	175.3680223583244	378.0044568286355	-0	0.1504534691199735	0	0.09478689634274363	-68.34281921976924	31.35137204761648	-0	0.6335436974709887	0	-0.08956897508200742	0	3.552713678800501e-15	0	0	-2.48068232622245e-12	0
0.3948603674271834	169.4644828506901	358.5862268648978	-0	0.1504040678926624	0	0.09478689634274366	-74.56367138702086	34.66233910017095	-0	0.6366186795495974	0	-0.08956897508185019	0	-3.552713678800501e-15	0	0	-2.493116824098252e-12	0
0.3961721958903967	163.2491829676654	339.0395138633522	-0	0.1503523518571083	0	0.09478689634274365	-82.04682635963553	38.70444720899104	-0	0.639619135895294	0	-0.0895689750817404	0	0	0	0	-2.538413923502958e-12	0
0.3974840243536099	156.7289117047229	319.4120442133684	-0	0.150298141725077	0	0.09478689634274365	-91.28879291146333	43.77350983481033	-0	0.6425390458884502	0	-0.08956897508167629	0	0	0	0	-2.609468197078968e-12	0
0.3987958528168232	149.9113693841493	299.7461369356175	-0	0.150241343174125	0	0.09478689634274365	-102.9100832742798	50.26519334737669	-0	0.6453711354803363	0	-0.08956897508166425	0	0	0	0	-2.707167823245982e-12	0
0.4001076812800363	142.8045740874283	280.0792197689449	-0	0.1501819369888311	0	0.09478689634274365	-117.632758076516	58.6838458395391	-0	0.6481077827545424	0	-0.0895689750817172	0	0	0	0	-2.799538378894795e-12	0
0.4014195097432496	135.4145357440081	260.4352616430188	-0	0.1501201018698638	0	0.09478689634274365	-136.216965538419	69.64801825161965	-0	0.6507394805472501	0	-0.089568975081864	0	0	0	0	-2.833289158843399e-12	0
0.4027313382064628	127.7434498142224	240.8299503959566	-0	0.1500561033126498	0	0.09478689634274365	-159.3648026191632	83.88551013255632	-0	0.6532564244730193	0	-0.08956897508215378	0	0	0	0	-2.62190269495477e-12	0
0.404043166669676	119.790312032841	221.2630821885976	-0	0.149990575493417	0	0.09478689634274365	-187.5855524430316	102.2311337173794	-0	0.6556465292895334	0	-0.08956897508268177	0	0	0	0	-1.683986283751437e-12	0
0.4053549951328893	111.5519605931795	201.7346812168142	-0	0.1499243211236173	0	0.09478689634274366	-221.0406019592106	125.6212315467397	-0	0.6578977134694126	0	-0.0895689750836302	0	0	0	0	1.371347480016993e-12	0
0.4066668235961026	103.0242506994786	182.2513953894551	-0	0.1498582679019844	0	0.09478689634274365	-259.391546789069	155.0951731709998	-0	0.6599959081002202	0	-0.08956897508538442	0	0	0	0	1.056577048075269e-11	0
0.4079786520593157	94.21126215535702	162.8562045485121	-0	0.1497930595590853	0	0.09478689634274365	-301.6170764661322	191.7939854146992	-0	0.6619275604554538	0	-0.0895689750888265	0	0	0	0	3.861799768856145e-11	0
0.409290480522529	85.1312073333991	143.6846265192662	-0	0.149726903703222	0	0.09478689634274365	-345.9747293133674	236.9428298275261	-0	0.6636780850435319	0	-0.08956897509614417	0	0	0	0	1.279438777146424e-10	0
0.4106023089857423	75.76034841816809	124.7435823115963	-0	0.1496597065467124	0	0.09478689634274365	-389.7985313674656	291.7971337674538	-0	0.6652338412423503	0	-0.08956897511339856	0	0	0	0	4.341131898399908e-10	0
0.4119141374489554	66.02331413507176	105.6953763676235	-0	0.149606454398895	0	0.09478689634274363	-429.5282791791137	357.409254697523	-0	0.6665827457351216	0	-0.08956897515922606	0	8.881784197001252e-16	0	0	1.58217972057173e-09	0
0.4132259659121686	55.82532701334357	86.25413585665267	-0	0.1495912041189636	0	0.09478689634274365	-461.0496924532858	434.5189034540918	-0	0.6677125620059938	0	-0.08956897529805387	0	0	0	0	6.336414060115203e-09	0
0.4145377943753819	45.05529726604574	66.33190107293012	-0	0.1496485432445028	0	0.09478689634274365	-480.7749612320862	523.2809304706843	-0	0.6686127640848157	0	-0.08956897577653505	0	0	0	0	2.791835385096419e-08	0
0.4158496228385952	33.53761304362231	46.67347430166309	-0	0.1497498410566729	0	0.09478689634274363	-225.9080356260765	618.1419094345071	-0	0.6709758963262686	0	-0.08956897742377277	0	4.440892098500626e-16	0	0	7.994543871348014e-07	0
0.4171614513018084	19.72392953523437	25.98817109427349	-0	0.1498321909307638	0	0.09478689634274363	-183.9628780480228	716.1952886686953	-0	0.6717116779863871	0	-0.08956898251596955	0	2.220446049250313e-16	0	0	3.267812104468248e-06	0
0.4184732797650217	3.913199709197153	4.866581059454168	-0	0.1499237605808013	0	0.09478689634274365	-175.8881347362654	820.2572883772401	-0	0.6721779495340751	0	-0.0895689969347109	0	0	0	0	9.640497927065894e-06	0
0.4197851082282348	-2.723024468973094	-3.435771654653256	-0	0.1494932149502995	0	0.09478689634274365	-181.365367052488	928.6429904503407	-0	0.6725190483729949	0	-0.08956903529413068	0	0	0	0	2.633842086297022e-05	0
0.421096936691448	-0.5297487735268147	-0.8321549557510648	-0	0.1478614635266716	0	0.09478689634274365	-178.9435886482579	1038.820761795833	-0	0.672868681160001	0	-0.08956913262279549	0	0	0	0	6.855705801811496e-05	0
0.4224087651546613	-0.02725828932508778	-0.07557294318175509	-0	0.1453755748185517	0	0.09478689634274365	-181.9374649470089	1148.904870676125	-0	0.6731603258612205	0	-0.08956936834543994	0	0	0	0	0.0001701349960185894	0
0.4237205936178746	-0.0001102095451705961	-0.005192207226306846	-0	0.142616320394621	0	0.09478689634274363	-185.8181962892597	1257.568715637816	-0	0.6734313731611389	0	-0.08956991339949702	0	-1.694065894508601e-21	0	0	0.0004027945257085719	0
0.4250324220810878	0.0001189177548657538	-0.0003329611359297443	-0	0.1398559314444233	0	0.09478689634274365	-189.9033626450189	1363.182138005992	-0	0.6736993815355822	0	-0.08957111719077908	0	0	0	0	0.000911552990196185	0
0.4263442505443011	1.664210907434414e-05	-2.205771679698399e-05	-0	0.1373052032646203	0	0.09478689634274363	-193.2632046551996	1464.211632073134	-0	0.6739920856147114	0	-0.08957365502034431	0	4.235164736271502e-22	0	0	0.001974550545163822	0
0.4276560790075143	1.474731103193596e-06	-1.588674832419191e-06	-0	0.1366993432976738	0	0.09478689634274365	-196.7908198890144	1559.627919773197	-0	0.6743428301172756	0	-0.0895787307393579	0	0	0	0	0.004079412179883946	0
0.4289679074707274	1.238169918115588e-07	-1.2742799741766e-07	-0	0.1372065738001261	0	0.09478689634274365	-200.9632840712551	1649.068011350073	-0	0.6748072356805418	0	-0.08958824367964005	0	0	0	0	0.007966594089218404	0
0.4302797359339407	1.155891211188254e-08	-1.141167647563213e-08	-0	0.1378828881218492	0	0.09478689634274365	-207.0078411674943	1733.163184079601	-0	0.6754478636594937	0	-0.08960449606123926	0	0	0	0	0.01441512204551998	0
0.431591564397154	1.190545329324985e-09	-1.132437550284715e-09	-0	0.1387249920288037	0	0.09478689634274365	-215.096598964795	1812.809029783038	-0	0.6763005206757602	0	-0.08962873937357246	0	0	0	0	0.02349245233185826	0
0.4329033928603672	1.331656096676593e-10	-1.225335613072534e-10	-0	0.1397238878854397	0	0.09478689634274365	-224.3781209638502	1887.79369821874	-0	0.6772993897206113	0	-0.08965864433653355	0	0	0	0	0.03353218951071923	0
0.4342152213235805	1.592897895757671e-11	-1.423014351662468e-11	-0	0.1408690240349229	0	0.09478689634274365	-232.1746119328593	1956.649761609757	-0	0.678339248986535	0	-0.08969023927623719	0	0	0	0	0.042323626001604	0
0.4355270497867937	2.008433128704937e-12	-1.747031381537729e-12	-0	0.1421491512204564	0	0.09478689634274365	-239.724760081654	2021.502165462952	-0	0.6796217973682324	0	-0.08973068657533267	0	0	0	0	0.05173542975853707	0
0.4368388782500068	2.630637904366908e-13	-2.233063151092197e-13	-0	0.1435542672293918	0	0.09478689634274365	-254.6134011196774	2090.463857786306	-0	0.681591368512723	0	-0.08979652947290734	0	0	0	0	0.06473414296958779	0
0.4381507067132201	3.765167499085341e-14	-3.124123629206968e-14	-0	0.1450769462357076	0	0.09478689634274365	-276.5482854337735	2164.528826357246	-0	0.6840396068001269	0	-0.08988069103473921	0	0	0	0	0.07421327067322991	0
0.4394625351764334	8.534851994006096e-15	-6.929934283115731e-15	-0	0	0	0	-292.8317118060733	2232.28299636443	-0	0.6862298425192094	0	-0.08995597148311466	0	8.089921312565148e-16	0	0	0.07057497118209	0
0.4407743636396467	-0	-0	-0	0	0	0	-296.1085443440318	2281.333522849367	-0	0.6878057090684664	0	-0.09000900217509429	0	0	0	0	0.05610959005073113	0
0.4420861921028599	-0	-0	-0	0	0	0	-290.3104318752204	2306.912259028432	-0	0.6888082350548769	0	-0.09004169239886767	0	0	0	0	0.03822223102552158	0
0.4433980205660731	-0	-0	-0	0	0	0	-279.9720936613457	2310.59154510086	-0	0.6893691708753257	0	-0.09005906752952866	0	0	0	0	0.02111452494413868	0
0.4447098490292863	-0	-0	-0	0	0	0	-266.0342669309239	2295.615626681051	-0	0.6896513083781451	0	-0.09006668541327496	0	0	0	0	0.007054725288305974	0
0.4460216774924995	-0	-0	-0	0	0	0	-249.5916205236709	2265.529491985981	-0	0.6898114169331312	0	-0.09006996071003655	0	0	0	0	-0.002997860193588053	0
0.4473335059557128	-0	-0	-0	0	0	0	-232.5697465505019	2223.804910490709	-0	0.6899714108941208	0	-0.09007328481674967	0	0	0	0	-0.009074899909833789	0
0.448645334418926	-0	-0	-0	0	0	0	-216.0014142927124	2173.464714483464	-0	0.6902065678881681	0	-0.09007933376960219	0	0	0	0	-0.01182734708921274	0
0.4499571628821392	-0	-0	-0	0	0	0	-201.0744577957929	2117.06426487681	-0	0.6905431567342781	0	-0.09008915647704559	0	0	0	0	-0.01213740471292368	0
0.4512689913453525	-0	-0	-0	0	0	0	-188.1639182643358	2056.507609137781	-0	0.6909396947333696	0	-0.09010135517084575	0	0	0	0	-0.01112374783524572	0
0.4525808198085657	-0	-0	-0	0	0	0	-176.3806618362846	1993.289968516784	-0	0.6913562800957823	0	-0.09011435374599797	0	0	0	0	-0.009583294684535559	0
0.4538926482717789	-0	-0	-0	0	0	0	-165.2456587379724	1928.533312136773	-0	0.6917811566258746	0	-0.09012764017889761	0	0	0	0	-0.007815823747916895	0
0.4552044767349922	-0	-0	-0	0	0	0	-154.5492231188856	1863.177838749458	-0	0.6922066325714614	0	-0.09014089482548139	0	0	0	0	-0.006002405307706127	0
0.4565163051982054	-0	-0	-0	0	0	0	-144.2361898541628	1798.00736375519	-0	0.6926408346638265	0	-0.09015438209888667	0	0	0	0	-0.00415386206424273	0
0.4578281336614187	-0	-0	-0	0	0	0	-134.3883883394492	1733.692274340458	-0	0.6930922240048176	0	-0.09016841104596593	0	0	0	0	-0.002268508666858793	0
0.4591399621246319	-0	-0	-0	0	0	0	-125.0529929643768	1670.778229520078	-0	0.6935712712544363	0	-0.09018335600086776	0	0	0	0	-0.0003310235556313046	0
0.4604517905878451	-0	-0	-0	0	0	0	-116.32909053705	1609.706336890451	-0	0.6940855045297029	0	-0.09019950635696773	0	0	0	0	0.001658983353316046	0
0.4617636190510583	-0	-0	-0	0	0	0	-108.2490489820115	1550.795517116336	-0	0.6946375780241749	0	-0.09021696969433821	0	0	0	0	0.003676547608593594	0
0.4630754475142716	-0	-0	-0	0	0	0	-100.8042623675129	1494.2821402257	-0	0.6952292997562171	0	-0.09023581589902309	0	0	0	0	0.005700024463667575	0
0.4643872759774848	-0	-0	-0	0	0	0	-93.97230613648435	1440.315016055394	-0	0.6958613949410931	0	-0.09025607524114854	0	0	0	0	0.007710851627708237	0
0.4656991044406981	-0	-0	-0	0	0	0	-87.7198165324363	1388.982841170754	-0	0.696534150699375	0	-0.09027776027597131	0	0	0	0	0.009694381901050875	0
0.4670109329039113	-0	-0	-0	0	0	0	-82.00970910056296	1340.316560083649	-0	0.6972476641418467	0	-0.09030087625450063	0	0	0	0	0.01164097544237208	0
0.4683227613671245	-0	-0	-0	0	0	0	-76.80325559375412	1294.306432003584	-0	0.6980017889198178	0	-0.09032541919817948	0	0	0	0	0.01354321325472263	0
0.4696345898303378	-0	-0	-0	0	0	0	-72.06086992378179	1250.907784669737	-0	0.698796417119958	0	-0.09035138579795937	0	0	0	0	0.0153970381138917	0
0.4709464182935511	-0	-0	-0	0	0	0	-67.74568721189168	1210.050074921448	-0	0.6996311961823806	0	-0.09037876443551573	0	0	0	0	0.01719878586775714	0
0.4722582467567642	-0	-0	-0	0	0	0	-63.82059114452132	1171.644092477303	-0	0.7005056536776736	0	-0.09040753846047932	0	0	0	0	0.01894579428695575	0
0.4735700752199775	-0	-0	-0	0	0	0	-60.25035355512868	1135.586330483215	-0	0.7014192486432831	0	-0.09043768859044456	0	0	0	0	0.02063558320844372	0
0.4748819036831907	-0	-0	-0	0	0	0	-57.00149402720614	1101.766967807899	-0	0.7023714656257372	0	-0.09046919607685591	0	0	0	0	0.02226653639788889	0
0.4761937321464039	-0	-0	-0	0	0	0	-54.04294850838257	1070.069993426011	-0	0.7033618692693823	0	-0.09050204490143517	0	0	0	0	0.02383724384037311	0
0.4775055606096172	-0	-0	-0	0	0	0	-51.34669767069782	1040.381069961623	-0	0.7043901940509003	0	-0.09053622510302878	0	0	0	0	0.02534722461568961	0
0.4788173890728304	-0	-0	-0	0	0	0	-48.88756954800406	1012.584858894032	-0	0.7054563251071021	0	-0.09057173220921952	0	0	0	0	0.02679608372886744	0
0.4801292175360436	-0	-0	-0	0	0	0	-46.64380203507592	986.5720891036632	-0	0.7065603457156123	0	-0.09060856907412518	0	0	0	0	0.02818408420879681	0
0.4814410459992568	-0	-0	-0	0	0	0	-44.596424270271	962.2352651240532	-0	0.7077024608903086	0	-0.09064674320814514	0	0	0	0	0.02951122971848896	0
0.4827528744624701	-0	-0	-0	0	0	0	-42.72934092832617	939.4743011490336	-0	0.7088829567734529	0	-0.09068626534200808	0	0	0	0	0.03077752913996568	0
0.4840647029256833	-0	-0	-0	0	0	0	-41.02828347365266	918.1919370488349	-0	0.7101022122259795	0	-0.09072714963913671	0	0	0	0	0.03198253598109346	0
0.4853765313888966	-0	-0	-0	0	0	0	-39.48108695091844	898.2975147439422	-0	0.7113605986529671	0	-0.09076941024769032	0	0	0	0	0.03312539014208005	0
0.4866883598521098	-0	-0	-0	0	0	0	-38.07742946334517	879.7027964582046	-0	0.7126584460789839	0	-0.09081306022668756	0	0	0	0	0.03420434803520767	0
0.488000188315323	-0	-0	-0	0	0	0	-36.8125385017743	862.3482891305499	-0	0.713995105506366	0	-0.0908580798426528	0	0	0	0	0.03521641762363847	0
0.4893120167785362	-0	-0	-0	0	0	0	-35.67188702542309	846.1615733601893	-0	0.7153706754147413	0	-0.09090447121935669	0	0	0	0	0.03615914984814061	0
0.4906238452417495	-0	-0	-0	0	0	0	-34.64542440334048	831.0603328119025	-0	0.7167854990416663	0	-0.09095224684484614	0	0	0	0	0.0370295041202402	0
0.4919356737049627	-0	-0	-0	0	0	0	-33.72915152272183	816.9868960803154	-0	0.7182393760059161	0	-0.091001402104626	0	0	0	0	0.03782448729736565	0
0.493247502168176	-0	-0	-0	0	0	0	-32.91484786557075	803.8902267888699	-0	0.7197325323998608	0	-0.09105194499688732	0	0	0	0	0.03854229107218821	0
0.4945593306313892	-0	-0	-0	0	0	0	-32.19945383146808	791.721685169751	-0	0.7212648746585143	0	-0.09110387438916794	0	0	0	0	0.039180157476705	0
0.4958711590946024	-0	-0	-0	0	0	0	-31.5796049268431	780.4364559108465	-0	0.7228360306290491	0	-0.0911571789182655	0	0	0	0	0.03973469899627347	0
0.4971829875578156	-0	-0	-0	0	0	0	-31.05226653047587	769.9904642849174	-0	0.724445535900281	0	-0.0912118439526997	0	0	0	0	0.04020217086800404	0
0.4984948160210289	-0	-0	-0	0	0	0	-30.6145654859951	760.3388797638802	-0	0.7260928132428826	0	-0.09126785075411879	0	0	0	0	0.04057840356746567	0
0.4998066444842422	-0	-0	-0	0	0	0	-30.26450461631	751.4396457342563	-0	0.7277770069061984	0	-0.09132517101130525	0	0	0	0	0.04085885145837853	0
0.5011184729474554	-0	-0	-0	0	0	0	-29.99990398185543	743.2573429000412	-0	0.7294966888969114	0	-0.09138375592696027	0	0	0	0	0.04103870132089904	0
0.5024303014106687	-0	-0	-0	0	0	0	-29.81594927686108	735.7612494190869	-0	0.7312507337932334	0	-0.09144356590247092	0	0	0	0	0.04111449078278717	0
0.5037421298738819	-0	-0	-0	0	0	0	-29.70909722282079	728.9260494608185	-0	0.733038360030517	0	-0.0915045736804783	0	0	0	0	0.04108421637327053	0
0.505053958337095	8.594206230546186e-26	-4.25324537716569e-26	-0	0	0	0	-29.67780571582688	722.7276271337515	-0	0.7348586191550445	0	-0.09156674692691917	0	8.14618135122943e-27	0	0	0.04094581313082202	0
0.5063657868003083	9.933454599017508e-26	-4.895434212547851e-26	-0	0	0	0	-29.72062729641225	717.143362854064	-0	0.7367104699054162	0	-0.09163004989035595	0	9.415613314024227e-27	0	0	0.04069734949152881	0
0.5076776152635215	1.154455929530737e-25	-5.665803978843538e-26	-0	0	0	0	-29.83825912479746	712.1494841951555	-0	0.7385922627707843	0	-0.09169442635908265	0	1.094272945246958e-26	0	0	0.04033606574752957	0
0.5089894437267347	1.854193874088575e-25	-9.06236271216332e-26	-0	0	0	0	-30.02949950095248	707.7203414053954	-0	0.7405016441565938	0	-0.09175979445709237	0	1.75753282542584e-26	0	0	0.03985850238844568	0
0.510301272189948	2.674215609115714e-25	-1.301624939970608e-25	-0	0	0	0	-30.2933806789534	703.8286368295878	-0	0.7424356405363433	0	-0.09182605060457695	0	2.534805977393982e-26	0	0	0.03926100265927923	0
0.5116131006531612	4.210032239088195e-25	-2.040670411313938e-25	-0	0	0	0	-30.62608502835057	700.4440040665716	-0	0.7443905085263849	0	-0.09189306294236728	0	3.990558894460617e-26	0	0	0.03853984612980454	0
0.5129249291163744	6.729227322787436e-25	-3.248188412321564e-25	-0	0	0	0	-31.02326885340227	697.5333890026631	-0	0.7463619641206983	0	-0.09196068042570475	0	6.378425727118111e-26	0	0	0.03769185117069229	0
0.5142367575795876	1.093052277819408e-24	-5.254076323046612e-25	-0	0	0	0	-31.4771861546915	695.0604437841034	-0	0.7483450224724484	0	-0.09202872605538304	0	1.03607032954868e-25	0	0	0.03671465563473308	0
0.515548586042801	1.793930199392104e-24	-8.586845472869142e-25	-0	0	0	0	-31.97419103392862	692.9928337694316	-0	0.7503356066174794	0	-0.09209705227871767	0	1.700410758558968e-25	0	0	0.03560910801282846	0
0.5168604145060142	2.99402575868029e-24	-1.427104166101887e-24	-0	0	0	0	-32.50190350970445	691.3037647550834	-0	0.7523304205017742	0	-0.09216553971929087	0	2.837944092355331e-25	0	0	0.03437896687014375	0
0.5181722429692274	5.101985642194776e-24	-2.421681955031693e-24	-0	0	0	0	-33.05134148271878	689.9671323216538	-0	0.754326161362607	0	-0.09223407033851833	0	4.836013842088827e-25	0	0	0.03302919251152314	0
0.5194840714324407	8.969929033671493e-24	-4.239897983278244e-24	-0	0	0	0	-33.61452299632891	688.9600801874174	-0	0.7563197458903478	0	-0.09230253433482249	0	8.502317335163866e-25	0	0	0.03156629880635364	0
0.5207958998956539	1.607736823059446e-23	-7.568065934788734e-24	-0	0	0	0	-34.18365737039058	688.2621404732134	-0	0.7583084714468822	0	-0.09237083544145509	0	1.523923835937477e-24	0	0	0.02999811481183912	0
0.5221077283588671	2.930183234262629e-23	-1.373680221054472e-23	-0	0	0	0	-34.75314249651997	687.8572797734715	-0	0.7602900094696828	0	-0.09243889148173171	0	2.777429744912971e-24	0	0	0.02833366605660315	0
0.5234195568220804	4.643461879489783e-23	-2.168064424288086e-23	-0	0	0	0	-35.31594914677777	687.7350166435278	-0	0.7622627784629642	0	-0.09250664597859828	0	4.401393398426797e-24	0	0	0.02658313855540273	0
0.5247313852852935	7.994192302607641e-23	-3.717589721468993e-23	-0	0	0	0	-35.86844004663353	687.8930873330206	-0	0.7642258518338885	0	-0.09257406681378127	0	7.577446771312297e-24	0	0	0.02475746295998205	0
0.5260432137485068	1.538126544640714e-22	-7.124420766797306e-23	-0	0	0	0	-36.41402683326075	688.325071383779	-0	0.7661773161035857	0	-0.09264108995959057	0	1.457942413488818e-23	0	0	0.02286653157444407	0
0.52735504221172	2.232999607590926e-22	-1.030206035240798e-22	-0	0	0	0	-36.95382850823465	689.0225552236769	-0	0.7681145482356869	0	-0.09270762532429014	0	2.116591023381083e-23	0	0	0.02091979929322507	0
0.5286668706749332	6.524403937853874e-22	-2.998153552778305e-22	-0	0	0	0	-37.49113208177633	689.9716990855128	-0	0.7700341897085936	0	-0.09277355769656435	0	6.184279997555436e-23	0	0	0.0189264330800083	0
0.5299786991381465	1.918828099060561e-21	-8.782489743415641e-22	-0	0	0	0	-38.02603421577195	691.1523069124435	-0	0.7719320639146896	0	-0.09283874168788271	0	1.818797601251972e-22	0	0	0.01689561758140545	0
0.5312905276013598	-0	-0	-0	0	0	0	-38.5550458518149	692.5440746190267	-0	0.773804434358316	0	-0.09290304589566648	0	0	0	0	0.01483730964040264	0
0.532602356064573	-0	-0	-0	0	0	0	-39.07488019289514	694.124565878938	-0	0.7756476807589048	0	-0.09296634310177025	0	0	0	0	0.01276193820530658	0
0.5339141845277863	-0	-0	-0	0	0	0	-39.57929864058794	695.8737703202818	-0	0.777459027804371	0	-0.09302853462828035	0	0	0	0	0.01068043541988128	0
0.5352260129909995	-0	-0	-0	0	0	0	-40.06423636165561	697.7734807832636	-0	0.7792364138884362	0	-0.09308954783779295	0	0	0	0	0.00860384413524562	0
0.5365378414542127	-0	-0	-0	0	0	0	-40.5255355502441	699.8068002619856	-0	0.7809783530015817	0	-0.09314933027516047	0	0	0	0	0.006542989553492085	0
0.5378496699174259	-0	-0	-0	0	0	0	-40.96068649262692	701.958925523242	-0	0.7826840527941379	0	-0.09320785458349543	0	0	0	0	0.004508270612472387	0
0.5391614983806392	-0	-0	-0	0	0	0	-41.3692459353213	704.2132674129462	-0	0.7843528397871472	0	-0.09326509832711687	0	0	0	0	0.002509460779064554	0
0.5404733268438524	-0	-0	-0	0	0	0	-41.75061914393304	706.5523480107282	-0	0.7859844113422162	0	-0.0933210520641182	0	0	0	0	0.0005557111300040773	0
0.5417851553070655	-0	-0	-0	0	0	0	-42.1062171400395	708.9551363727846	-0	0.7875783861359805	0	-0.09337570428096073	0	0	0	0	-0.001344419208930692	0
0.5430969837702788	-0	-0	-0	0	0	0	-42.43621042962068	711.3970881599931	-0	0.7891344824095259	0	-0.09342904646375186	0	0	0	0	-0.003182878588615878	0
0.544408812233492	-0	-0	-0	0	0	0	-42.74069838928747	713.8520948812242	-0	0.7906525110804083	0	-0.0934810732552494	0	0	0	0	-0.004952080256900082	0
0.5457206406967053	-0	-0	-0	0	0	0	-43.01925523748842	716.2916206472988	-0	0.792132328538538	0	-0.0935317806556334	0	0	0	0	-0.006644880356574845	0
0.5470324691599187	-0	-0	-0	0	0	0	-43.26909938762135	718.6902000444014	-0	0.7935741823359846	0	-0.09358117744183406	0	0	0	0	-0.008254699504257168	0
0.5483442976231317	-0	-0	-0	0	0	0	-43.48875310652708	721.0244289579682	-0	0.7949784808431921	0	-0.09362927850198859	0	0	0	0	-0.009775601991676375	0
0.549656126086345	-0	-0	-0	0	0	0	-43.6737831984168	723.2776981077299	-0	0.7963461283710866	0	-0.09367611493459849	0	0	0	0	-0.01120248805963975	0
0.5509679545495583	-0	-0	-0	0	0	0	-43.82231979058788	725.4401629854785	-0	0.7976782966433527	0	-0.09372172816771344	0	0	0	0	-0.01253121954241276	0
0.5522797830127715	-0	-0	-0	0	0	0	-43.93094269005135	727.5090539086179	-0	0.7989764652115804	0	-0.09376616973041974	0	0	0	0	-0.01375865660406816	0
0.5535916114759848	-0	-0	-0	0	0	0	-43.9984868596214	729.4902132383792	-0	0.8002423514475887	0	-0.09380950028736242	0	0	0	0	-0.01488276633472552	0
0.554903439939198	-0	-0	-0	0	0	0	-44.02454580227052	731.3934226456647	-0	0.8014776313473546	0	-0.09385177919451712	0	0	0	0	-0.01590239488924006	0
0.5562152684024112	-0	-0	-0	0	0	0	-44.00937450540464	733.2350597191288	-0	0.8026840543010604	0	-0.09389306849622293	0	0	0	0	-0.01681733076888214	0
0.5575270968656244	-0	-0	-0	0	0	0	-43.95557830724862	735.0312874273859	-0	0.8038630462573467	0	-0.09393341963462133	0	0	0	0	-0.01762792600059715	0
0.5588389253288376	-0	-0	-0	0	0	0	-43.86473902745134	736.80053609565	-0	0.8050159124534123	0	-0.09397287921739898	0	0	0	0	-0.01833511329438409	0
0.5601507537920509	-0	-0	-0	0	0	0	-43.74068031712582	738.5587061778785	-0	0.8061435697589774	0	-0.09401148094768398	0	0	0	0	-0.01894010478900388	0
0.5614625822552641	-0	-0	-0	0	0	0	-43.5855650121982	740.3202102213201	-0	0.8072467041211662	0	-0.09404924955631093	0	0	0	0	-0.01944436836341978	0
0.5627744107184774	-0	-0	-0	0	0	0	-43.4025454054124	742.0970586543656	-0	0.8083257187437314	0	-0.09408620010695423	0	0	0	0	-0.01984952608045187	0
0.5640862391816907	-0	-0	-0	0	0	0	-43.1935360209344	743.8982238112189	-0	0.8093807864222917	0	-0.09412233889375202	0	0	0	0	-0.02015730090583556	0
0.5653980676449037	-0	-0	-0	0	0	0	-42.96033460934543	745.7312851903527	-0	0.810411928231612	0	-0.09415766671551939	0	0	0	0	-0.02036956100356058	0
0.5667098961081171	-0	-0	-0	0	0	0	-42.70414163695047	747.6008996927341	-0	0.8114189958749054	0	-0.09419217803156803	0	0	0	0	-0.02048825975213209	0
0.5680217245713303	-0	-0	-0	0	0	0	-42.42577797417025	749.5106413530907	-0	0.8124017594328052	0	-0.09422586416869905	0	0	0	0	-0.02051551231889137	0
0.5693335530345436	-0	-0	-0	0	0	0	-42.12568558695021	751.4615399371683	-0	0.8133598830126157	0	-0.0942587124508307	0	0	0	0	-0.02045355537644289	0
0.5706453814977568	-0	-0	-0	0	0	0	-41.80423559469386	753.4530416012022	-0	0.8142929705461592	0	-0.09429070795768517	0	0	0	0	-0.02030480555459446	0
0.57195720996097	-0	-0	-0	0	0	0	-41.46128310883868	755.4820139495947	-0	0.8152005621620071	0	-0.09432183319755305	0	0	0	0	-0.02007185237116138	0
0.5732690384241832	-0	-0	-0	0	0	0	-41.09683083442984	757.54342356541	-0	0.8160821598079901	0	-0.094352069302454	0	0	0	0	-0.01975751819316907	0
0.5745808668873964	-0	-0	-0	0	0	0	-40.71033100782434	759.6295860859453	-0	0.816937228180751	0	-0.09438139574848105	0	0	0	0	-0.01936487713942769	0
0.5758926953506097	-0	-0	-0	0	0	0	-40.30115766422126	761.7316222834255	-0	0.8177652382690022	0	-0.0944097920917034	0	0	0	0	-0.0188973403239352	0
0.5772045238138229	-0	-0	-0	0	0	0	-39.8685173563801	763.8385873884695	-0	0.8185656442206023	0	-0.09443723710436401	0	0	0	0	-0.01835868185534961	0
0.5785163522770361	-0	-0	-0	0	0	0	-39.41104038206112	765.9399332679859	-0	0.819337954181256	0	-0.09446371107002687	0	0	0	0	-0.01775313351500873	0
0.5798281807402494	-0	-0	-0	0	0	0	-38.92786319891012	768.024474824177	-0	0.820081673668984	0	-0.0944891942644575	0	0	0	0	-0.01708540402458647	0
0.5811400092034626	-0	-0	-0	0	0	0	-38.41693903014736	770.0836198503746	-0	0.8207963945421413	0	-0.09451366929227804	0	0	0	0	-0.01636075830699157	0
0.5824518376666759	-0	-0	-0	0	0	0	-37.87750198204266	772.1103234131795	-0	0.8214817083711746	0	-0.09453711914684426	0	0	0	0	-0.01558502109428073	0
0.5837636661298892	-0	-0	-0	0	0	0	-37.30771984661403	774.1008807830416	-0	0.8221372662578099	0	-0.09455952820814065	0	0	0	0	-0.01476459355920934	0
0.5850754945931023	-0	-0	-0	0	0	0	-36.70710711840137	776.0546647068279	-0	0.822762707020775	0	-0.09458088081305559	0	0	0	0	-0.01390646271335072	0
0.5863873230563156	-0	-0	-0	0	0	0	-36.07597323275972	777.9705570295686	-0	0.8233576193026703	0	-0.09460115967838671	0	0	0	0	-0.01301812771859057	0
0.5876991515195288	-0	-0	-0	0	0	0	-35.41420911772362	779.8486655940734	-0	0.82392156901283	0	-0.09462034627293052	0	0	0	0	-0.01210766243971673	0
0.589010979982742	-0	-0	-0	0	0	0	-34.72251928825375	781.687892403133	-0	0.8244540535198583	0	-0.09463841978355017	0	0	0	0	-0.01118370373541566	0
0.5903228084459553	-0	-0	-0	0	0	0	-34.00068710626114	783.487003829479	-0	0.8249545408997211	0	-0.09465535766315497	0	0	0	0	-0.01025548877724791	0
0.5916346369091685	-0	-0	-0	0	0	0	-33.24701317328184	785.2483739802345	-0	0.8254225107783215	0	-0.09467113673435834	0	0	0	0	-0.009332889475900163	0
0.5929464653723817	-0	-0	-0	0	0	0	-32.4606715776691	786.9765610264336	-0	0.8258574229641218	0	-0.09468573327579084	0	0	0	0	-0.008426316823216151	0
0.594258293835595	-0	-0	-0	0	0	0	-31.64030259179875	788.6776790135817	-0	0.8262587740072695	0	-0.09469912438255029	0	0	0	0	-0.007546562546767444	0
0.5955701222988082	-0	-0	-0	0	0	0	-30.7848502673038	790.3594084046056	-0	0.8266261557953679	0	-0.09471129058823551	0	0	0	0	-0.006704531494074129	0
0.5968819507620214	-0	-0	-0	0	0	0	-29.89336319217393	792.0288789035149	-0	0.8269593505827958	0	-0.09472221932002499	0	0	0	0	-0.005910819010336965	0
0.5981937792252346	-0	-0	-0	0	0	0	-28.96500709310015	793.6928251105101	-0	0.8272584732708602	0	-0.09473191022719815	0	0	0	0	-0.005175121516346248	0
0.599505607688448	-0	-0	-0	0	0	0	-27.99939617952705	795.3551052707479	-0	0.8275241196703693	0	-0.09474038096061109	0	0	0	0	-0.00450547388631195	0
0.6008174361516612	-0	-0	-0	0	0	0	-26.99661115732066	797.0167117734802	-0	0.8277575310333009	0	-0.09474767340142784	0	0	0	0	-0.00390739643983018	0
0.6021292646148744	-0	-0	-0	0	0	0	-25.9584753386085	798.6711421106348	-0	0.8279606868218725	0	-0.09475385802718904	0	0	0	0	-0.003383073061083763	0
0.6034410930780877	-0	-0	-0	0	0	0	-24.88683638864054	800.3059688917772	-0	0.8281363649619335	0	-0.09475903536435597	0	0	0	0	-0.002930836678828541	0
0.6047529215413008	-0	-0	-0	0	0	0	-23.78413090188195	801.9040062239799	-0	0.8282880275890268	0	-0.09476333225096742	0	0	0	0	-0.002545155966054313	0
0.6060647500045141	-0	-0	-0	0	0	0	-22.65377817913068	803.4446537956776	-0	0.8284195511654925	0	-0.09476689208902367	0	0	0	0	-0.002217327822911397	0
0.6073765784677274	-0	-0	-0	0	0	0	-21.49844152722638	804.9087959802557	-0	0.828534885230595	0	-0.09476986127084669	0	0	0	0	-0.00193678343722814	0
0.6086884069309405	-0	-0	-0	0	0	0	-20.32185224397725	806.2799764668237	-0	0.8286376270991035	0	-0.09477237422676674	0	0	0	0	-0.001692747979261	0
0.6100002353941537	-0	-0	-0	0	0	0	-19.12751188368787	807.5454683013505	-0	0.8287307356173793	0	-0.09477454198375473	0	0	0	0	-0.001475751654326229	0
0.611312063857367	-0	-0	-0	0	0	0	-17.91812136195135	808.6973460713075	-0	0.8288163943068421	0	-0.09477644651164085	0	0	0	0	-0.001278637884244649	0
0.6126238923205802	-0	-0	-0	0	0	0	-16.69593326061758	809.7323680923244	-0	0.8288960289756628	0	-0.09477814144623335	0	0	0	0	-0.001096877750483394	0
0.6139357207837935	-0	-0	-0	0	0	0	-15.46212560992104	810.651081819506	-0	0.828970462601355	0	-0.09477965736456342	0	0	0	0	-0.0009282949866400436	0
0.6152475492470068	-0	-0	-0	0	0	0	-14.21690976966398	811.458335024134	-0	0.8290401107735312	0	-0.09478100908192526	0	0	0	0	-0.0007724437523559669	0
0.61655937771022	-0	-0	-0	0	0	0	-12.96048800551248	812.1615612853166	-0	0.8291051565390547	0	-0.09478220268762723	0	0	0	0	-0.0006298899694976434	0
0.6178712061734332	-0	-0	-0	0	0	0	-11.6919646191725	812.771619861862	-0	0.8291657136379117	0	-0.09478324105933303	0	0	0	0	-0.0005015847478364588	0
0.6191830346366464	-0	-0	-0	0	0	0	-10.41136733381869	813.3017825033946	-0	0.8292218908005673	0	-0.09478412742497638	0	0	0	0	-0.000388409657209654	0
0.6204948630998597	-0	-0	-0	0	0	0	-9.120577017458299	813.7617517546965	-0	0.8292738239280137	0	-0.09478486716858063	0	0	0	0	-0.0002909081931599111	0
0.6218066915630729	-0	-0	-0	0	0	0	-7.820416396166206	814.1600874751451	-0	0.8293217393905764	0	-0.09478546854929062	0	0	0	0	-0.0002091561713088996	0
0.6231185200262862	-0	-0	-0	0	0	0	-6.515746983912658	814.4960194671032	-0	0.8293658719078006	0	-0.09478594256606943	0	0	0	0	-0.0001427362666601706	0
0.6244303484894994	-0	-0	-0	0	0	0	-5.208428518846818	814.7627189762989	-0	0.8294065635473789	0	-0.09478630262713934	0	0	0	0	-9.075227016025478e-05	0
0.6257421769527125	-0	-0	-0	0	0	0	-3.898918840699378	814.9547325088505	-0	0.8294442244957085	0	-0.09478656400078972	0	0	0	0	-5.187544796014798e-05	0
0.6270540054159258	-0	-0	-0	0	0	0	-2.588671691327622	815.0646931249757	-0	0.8294792789594119	0	-0.09478674313469206	0	0	0	0	-2.441503064462558e-05	0
0.628365833879139	-0	-0	-0	0	0	0	-1.2774652586436	815.0873955324889	-0	0.8295121849145439	0	-0.09478685688695503	0	0	0	0	-6.417771879388412e-06	0
0.6296776623423523	-0	-0	-0	0	0	0	0.0338013968146566	815.0179088672053	-0	0.8295433668819605	0	-0.09478692157520151	0	0	0	0	4.188199859850479e-06	0
0.6309894908055655	-0	-0	-0	0	0	0	1.343809416778004	814.8497138153397	-0	0.8295732006851162	0	-0.09478695198929429	0	0	0	0	9.423068410868707e-06	0
0.6323013192687787	-0	-0	-0	0	0	0	2.652046434911147	814.5754131725026	-0	0.8296020111394236	0	-0.09478696054462057	0	0	0	0	1.108853716730307e-05	0
0.633613147731992	-0	-0	-0	0	0	0	3.961842405291701	814.1956220147258	-0	0.8296301053541036	0	-0.09478695679314335	0	0	0	0	1.064600960720696e-05	0
0.6349249761952052	-0	-0	-0	0	0	0	5.274174579216059	813.7154780908193	-0	0.8296576768098821	0	-0.0947869473972722	0	0	0	0	9.165971410096674e-06	0
0.6362368046584185	-0	-0	-0	0	0	0	6.590532421343598	813.1426266156257	-0	0.8296848600294875	0	-0.09478693650886609	0	0	0	0	7.349621198970979e-06	0
0.6375486331216318	-0	-0	-0	0	0	0	7.911882997606027	812.4882918983906	-0	0.8297117301252449	0	-0.09478692636755527	0	0	0	0	5.598383761906689e-06	0
0.638860461584845	-0	-0	-0	0	0	0	9.235552200360148	811.757805064689	-0	0.8297382722786921	0	-0.09478691792912396	0	0	0	0	4.100733210332663e-06	0
0.6401722900480582	-0	-0	-0	0	0	0	10.56123641695022	810.9546539328705	-0	0.8297644895106996	0	-0.09478691139241058	0	0	0	0	2.9122821394445e-06	0
0.6414841185112714	-0	-0	-0	0	0	0	11.8880953408168	810.0812634853104	-0	0.8297903664756726	0	-0.09478690657748956	0	0	0	0	2.017141530252786e-06	0
0.6427959469744846	-0	-0	-0	0	0	0	13.21576056223643	809.1386598597159	-0	0.8298158920635302	0	-0.09478690316182802	0	0	0	0	1.368569700233024e-06	0
0.6441077754376979	-1.02636907936717e-12	3.671686607641034e-13	-0	0.801782420711568	0	0.09478689634274365	14.54453864621953	808.1287314303221	-0	0.8298410649589357	0	-0.09478690080868431	0	0	0	0	9.12569538380481e-07	0
0.645419603900911	-1.023222086897475e-12	3.651200372676969e-13	-0	0.8061825606660576	0	0.09478689634274363	15.87434669950737	807.0532590868258	-0	0.8298658788447187	0	-0.09478689922512805	0	-1.262177448353619e-29	0	0	5.995828933347269e-07	0
0.6467314323641243	-1.019417953870652e-12	3.628483769539328e-13	-0	0.8105831188623027	0	0.09478689634274365	17.20544392080001	805.9142589794096	-0	0.8298903340312466	0	-0.09478689817976663	0	0	0	0	3.889467845574757e-07	0
0.6480432608273375	-2.029932403801791e-12	7.207166823874739e-13	-0	0.8149844761550114	0	0.09478689634274366	18.53796326998025	804.7136812680587	-0	0.8299144302927423	0	-0.09478689750069424	0	2.524354896707238e-29	0	0	2.495051802942072e-07	0
0.6493550892905507	-3.029630348521386e-12	1.072968232045869e-12	-0	0.8193866908009763	0	0.09478689634274365	19.87217023811469	803.4533473155476	-0	0.8299381705010546	0	-0.09478689706555614	0	0	0	0	1.58477098999299e-07	0
0.6506669177537641	-4.016641416751484e-12	1.419005970320684e-12	-0	0.823788900883636	0	0.09478689634274365	21.2083358763751	802.1347940724536	-0	0.8299615586142394	0	-0.09478689678999756	0	0	0	0	9.97666531610264e-08	0
0.6519787462169773	-5.98697812958381e-12	2.109926991999726e-12	-0	0.8281903461787707	0	0.09478689634274365	22.54625135170155	800.7588795511031	-0	0.829984591624379	0	-0.09478689661729846	0	0	0	0	6.230037996601823e-08	0
0.6532905746801905	-7.927195325067738e-12	2.786981235064338e-12	-0	0.8325908988826588	0	0.09478689634274365	23.88583246059657	799.3261948052234	-0	0.8300072692444582	0	-0.09478689651006382	0	0	0	0	3.861718900211031e-08	0
0.6546024031434038	-1.180062135340711e-11	4.138957783357793e-12	-0	0.8369905706734642	0	0.09478689634274365	25.2269577029227	797.8370365614091	-0	0.8300295908638623	0	-0.09478689644403281	0	0	0	0	2.377422747557034e-08	0
0.655914231606617	-1.755545576630119e-11	6.143093276679226e-12	-0	0.8413894471520202	0	0.09478689634274365	26.56957808541124	796.2913119870764	-0	0.8300515575952342	0	-0.09478689640368157	0	0	0	0	1.454394604749609e-08	0
0.6572260600698302	-2.610010064131158e-11	9.112217500091342e-12	-0	0.8457875332216674	0	0.09478689634274365	27.91368861645168	794.6887221691293	-0	0.8300731713836533	0	-0.09478689637919439	0	0	0	0	8.844867949164836e-09	0
0.6585378885330434	-3.830020191059334e-11	1.334166428808656e-11	-0	0.8501845486222741	0	0.09478689634274365	29.25928764809234	793.0285926325158	-0	0.8300944346929279	0	-0.09478689636442948	0	0	0	0	5.349218401562439e-09	0
0.6598497169962567	-5.686954359756877e-11	1.976683783852446e-11	-0	0.8545803570831959	0	0.09478689634274365	30.60643939831305	791.3102793075828	-0	0.8301153510184371	0	-0.09478689635557989	0	0	0	0	3.218239008617729e-09	0
0.6611615454594699	-8.438855712745358e-11	2.926910990032931e-11	-0	0.8589753342626012	0	0.09478689634274365	31.95515563250373	789.5331336556358	-0	0.830135923206038	0	-0.09478689635030535	0	0	0	0	1.926655723849535e-09	0
0.6624733739226831	-1.251446575577475e-10	4.331360091778694e-11	-0	0.8633700455932176	0	0.09478689634274365	33.3055855598457	787.6965345076028	-0	0.830156156277943	0	-0.09478689634717816	0	0	0	0	1.148066974820949e-09	0
0.6637852023858964	-1.877559810797584e-10	6.484929898179023e-11	-0	0.8677653840436748	0	0.09478689634274365	34.65790434172028	785.7998510692508	-0	0.8301760558373592	0	-0.09478689634533317	0	0	0	0	6.81108502931238e-10	0
0.6650970308491095	-2.8214897293147e-10	9.725245450196181e-11	-0	0.8721619812323722	0	0.09478689634274365	36.01140261149172	783.8405247269579	-0	0.8301956142829359	0	-0.09478689634424975	0	0	0	0	4.023941180264501e-10	0
0.6664088593123229	-4.256459212743993e-10	1.46418042781721e-10	-0	0.876559607326204	0	0.09478689634274365	37.3659883936286	781.8145287876189	-0	0.830214835833186	0	-0.09478689634361627	0	0	0	0	2.367830376215352e-10	0
0.6677206877755362	-6.423646044563052e-10	2.205305883084548e-10	-0	0.8809577893055122	0	0.09478689634274365	38.72287271582096	779.719936255016	-0	0.8302337448811781	0	-0.09478689634324737	0	0	0	0	1.387960857357484e-10	0
0.6690325162387493	-9.721120552260486e-10	3.33094122274857e-10	-0	0.8853557058664688	0	0.09478689634274365	40.08238783631994	777.5556573211014	-0	0.8302523505483312	0	-0.0947868963430334	0	0	0	0	8.105782711709253e-11	0
0.6703443447019626	-1.474956957249342e-09	5.044523862068981e-10	-0	0.8897526295276478	0	0.09478689634274365	41.45086497299038	775.3309225162208	-0	0.8302707529861176	0	-0.09478689634290974	0	0	0	0	4.7167159067385e-11	0
0.6716561731651758	-2.24271245953052e-09	7.656555891730818e-10	-0	0.8941481814638116	0	0.09478689634274365	42.83132359930021	773.0621856143731	-0	0.830288988340853	0	-0.09478689634283853	0	0	0	0	2.735145443466536e-11	0
0.672968001628389	-3.418092394042026e-09	1.164914677841245e-09	-0	0.8985418808009294	0	0.09478689634274365	44.2216403316208	770.7581514291976	-0	0.8303070117018644	0	-0.09478689634279769	0	0	0	0	1.580691133540313e-11	0
0.6742798300916023	-5.220390946809e-09	1.776234853816631e-09	-0	0.9029327384054515	0	0.09478689634274365	45.62291511511172	768.4254203406435	-0	0.8303248343393872	0	-0.0947868963427743	0	0	0	0	9.104716980345984e-12	0
0.6755916585548155	-7.991625022116584e-09	2.714943989468187e-09	-0	0.9073197846355839	0	0.09478689634274365	47.02672429304214	766.0552868023193	-0	0.830342320963802	0	-0.094786896342761	0	0	0	0	5.226929999935237e-12	0
0.6769034870180287	-1.22591406451101e-08	4.158709395395758e-09	-0	0.9117022518622845	0	0.09478689634274365	48.42966509376205	763.6287163739396	-0	0.8303594352381567	0	-0.09478689634275343	0	0	0	0	2.991384917550022e-12	0
0.6782153154812419	-1.884665360072854e-08	6.384770396244101e-09	-0	0.9160805423200119	0	0.09478689634274365	49.83490093555316	761.1367410065527	-0	0.8303762434424994	0	-0.09478689634274913	0	0	0	0	1.70530256582424e-12	0
0.6795271439444551	-2.903458681823998e-08	9.823236897834396e-09	-0	0.9204583702350565	0	0.09478689634274365	51.2412159494308	758.5738363006686	-0	0.8303927336781445	0	-0.09478689634274673	0	0	0	0	9.707790127322369e-13	0
0.6808389724076684	-4.481695509524781e-08	1.51424639813323e-08	-0	0.9248401645013375	0	0.09478689634274365	52.65109805139503	755.9419487186932	-0	0.8304089497315423	0	-0.09478689634274537	0	0	0	0	5.515587986337778e-13	0
0.6821508008708816	-6.929169532860584e-08	2.337810847281397e-08	-0	0.9292309939164431	0	0.09478689634274365	54.07647479668586	753.242364463752	-0	0.8304250969189905	0	-0.09478689634274461	0	0	0	0	3.108624468950438e-13	0
0.683462629334095	-1.072642554205692e-07	3.613227343693888e-08	-0	0.9336349876478075	0	0.09478689634274365	55.51004464449167	750.4895845834232	-0	0.8304410303423249	0	-0.09478689634274419	0	0	0	0	1.767475055203249e-13	0
0.6847744577973082	-1.662064422212839e-07	5.589157808353393e-08	-0	0.9380521508933589	0	0.09478689634274365	56.94229598121046	747.7001767595427	-0	0.8304565652176336	0	-0.09478689634274394	0	0	0	0	9.947598300641403e-14	0
0.6860862862605213	-2.577048532869281e-07	8.65040553355677e-08	-0	0.9424819611380556	0	0.09478689634274365	58.37946848200681	744.8753151262658	-0	0.8304718094577834	0	-0.09478689634274381	0	0	0	0	5.595524044110789e-14	0
0.6873981147237346	-3.996962367151041e-07	1.339100663307818e-07	-0	0.9469259051166703	0	0.09478689634274365	59.82082839860465	742.0210315485269	-0	0.8304867418658854	0	-0.09478689634274373	0	0	0	0	3.019806626980426e-14	0
0.6887099431869478	-6.198789480026671e-07	2.072574359474348e-07	-0	0.9513855742959307	0	0.09478689634274365	61.26242828599003	739.1367650788433	-0	0.8305012935522648	0	-0.0947868963427437	0	0	0	0	1.77635683940025e-14	0
0.6900217716501611	-9.609051144427237e-07	3.205950596394949e-07	-0	0.9558619049607026	0	0.09478689634274365	62.70201339391006	736.2173207187517	-0	0.8305154334677651	0	-0.09478689634274368	0	0	0	0	9.769962616701378e-15	0
0.6913336001133743	-1.488273866814119e-06	4.954465181441464e-07	-0	0.9603546368936693	0	0.09478689634274365	64.14069891143937	733.2605617835618	-0	0.8305291857246819	0	-0.09478689634274366	0	0	0	0	5.329070518200751e-15	0
0.6926454285765875	-2.302516925566987e-06	7.64807487691197e-07	-0	0.9648602357864065	0	0.09478689634274365	65.57785468157761	730.2636021638261	-0	0.8305425451204155	0	-0.09478689634274365	0	0	0	0	2.664535259100376e-15	0
0.6939572570398007	-3.557649115438639e-06	1.17916964827231e-06	-0	0.9693752898798799	0	0.09478689634274365	67.01423200905887	727.2260969444948	-0	0.8305555271076334	0	-0.09478689634274366	0	0	0	0	2.664535259100376e-15	0
0.6952690855030139	-5.489335260272641e-06	1.815692348401373e-06	-0	0.9738976831564543	0	0.09478689634274365	68.44964916094177	724.1500926301047	-0	0.8305681267850488	0	-0.09478689634274366	0	0	0	0	8.881784197001252e-16	0
0.6965809139662272	-8.457454501602138e-06	2.792082253026539e-06	-0	0.9784259395244067	0	0.09478689634274365	69.88212970380552	721.0351876162038	-0	0.8305803109263215	0	-0.09478689634274366	0	0	0	0	1.77635683940025e-15	0
0.6978927424294405	-1.30104993378572e-05	4.287534838061903e-06	-0	0.9829595157026764	0	0.09478689634274365	71.31109057060914	717.8802278972219	-0	0.8305920733152873	0	-0.09478689634274365	0	0	0	0	0	0
0.6992045708926538	-1.998270399022904e-05	6.574352253646579e-06	-0	0.9874980642501574	0	0.09478689634274365	72.7365976942794	714.6856809984245	-0	0.830603416428906	0	-0.09478689634274366	0	0	0	0	8.881784197001252e-16	0
0.700516399355867	-3.06402372982722e-05	1.006549964478294e-05	-0	0.9920413473875573	0	0.09478689634274365	74.15775166114874	711.4530152166142	-0	0.8306143236340324	0	-0.09478689634274366	0	0	0	0	1.77635683940025e-15	0
0.7018282278190802	-4.690069223366059e-05	1.538599019893424e-05	-0	0.9965891850646601	0	0.09478689634274365	75.57379026820847	708.1836538134628	-0	0.8306247805809684	0	-0.09478689634274366	0	0	0	0	8.881784197001252e-16	0
0.7031400562822934	-7.166085214152114e-05	2.347942414924456e-05	-0	1.001141553059816	0	0.09478689634274365	76.9841543780927	704.8792125197829	-0	0.8306347764316195	0	-0.09478689634274365	0	0	0	0	0	0
0.7044518847455067	-0.00010928510641905	3.576663212688703e-05	-0	1.005698621867928	0	0.09478689634274365	78.388190256565	701.5408311694235	-0	0.8306442992543824	0	-0.09478689634274363	0	0	0	0	-8.881784197001252e-16	0
0.7057637132087198	-0.0001663230004646539	5.437824378132066e-05	-0	1.010261149544033	0	0.09478689634274365	79.78593696826751	698.1695795535296	-0	0.8306533500826723	0	-0.09478689634274365	0	0	0	0	0	0
0.7070755416719331	-0.0002525681016462592	8.249801603649812e-05	-0	1.014829930609707	0	0.09478689634274363	81.1771526904318	694.7654926988141	-0	0.8306619267443442	0	-0.09478689634274365	0	-3.388131789017201e-21	0	0	0	0
0.7083873701351463	-0.0003825971735837279	0.0001248617030705216	-0	1.019405750191847	0	0.09478689634274365	82.56219080889579	691.3275844511625	-0	0.8306700403655848	0	-0.09478689634274365	0	0	0	0	0	0
0.7096991985983595	-0.0005780186856623221	0.0001884866151391185	-0	1.023989016489218	0	0.09478689634274363	83.94059441233793	687.85423239583	-0	0.8306776885244372	0	-0.09478689634274365	0	-1.355252715606881e-20	0	0	0	0
0.7110110270615728	-0.0008707685270355471	0.000283745845578569	-0	1.028579085988126	0	0.09478689634274365	85.31103321369108	684.3429397030993	-0	0.830684854948478	0	-0.09478689634274365	0	0	0	0	0	0
0.712322855524786	-0.001307870143261875	0.0004259180613624567	-0	1.033175116621471	0	0.09478689634274365	86.67262716021446	680.7921666435683	-0	0.8306915299873655	0	-0.09478689634274365	0	0	0	0	0	0
0.7136346839879992	-0.001958354624463246	0.0006374454267570084	-0	1.037776060775652	0	0.09478689634274365	88.02358984463251	677.2014285870775	-0	0.830697684953944	0	-0.09478689634274365	0	0	0	0	0	0
0.7149465124512125	-0.002923020540990509	0.000951101297413385	-0	1.042381819146994	0	0.09478689634274365	89.36263261510503	673.5691018416343	-0	0.8307033037214009	0	-0.09478689634274365	0	0	0	0	0	0
0.7162583409144258	-0.004347193258859735	0.001414060475313628	-0	1.046995367168356	0	0.09478689634274363	90.69172799647522	669.8935660582915	-0	0.830708431982734	0	-0.09478689634274365	0	-5.421010862427522e-20	0	0	0	0
0.717570169377639	-0.006438553782080824	0.002093653392179276	-0	1.051619691071261	0	0.09478689634274365	92.01329846533926	666.1731269862306	-0	0.830713124492914	0	-0.09478689634274365	0	0	0	0	0	0
0.7188819978408522	-0.009491138900428233	0.003085166921835703	-0	1.056256620516642	0	0.09478689634274365	93.32915769612303	662.4044274829291	-0	0.8307174281874357	0	-0.09478689634274365	0	0	0	0	0	0
0.7201938263040655	-0.01392020603600626	0.004523446159375897	-0	1.060904897733319	0	0.09478689634274365	94.64374842466408	658.5844788234543	-0	0.8307214403250086	0	-0.09478689634274365	0	0	0	0	0	0
0.7215056547672787	-0.02032904993401169	0.006606179147589123	-0	1.065553715776727	0	0.09478689634274365	95.95813672969518	654.7066599110524	-0	0.8307252028243211	0	-0.09478689634274365	0	0	0	0	0	0
0.7228174832304919	-0.02959355531907077	0.009621899141484029	-0	1.070194443559543	0	0.09478689634274365	97.26577495876941	650.7673664090635	-0	0.8307286031753396	0	-0.09478689634274365	0	0	0	0	0	0
0.7241293116937052	-0.04294639227997551	0.01397513733419449	-0	1.074830009905439	0	0.09478689634274365	98.55917135112385	646.7763431998479	-0	0.8307314738828793	0	-0.09478689634274365	0	0	0	0	0	0
0.7254411401569183	-0.06210239218724841	0.02022734605477279	-0	1.07946558539415	0	0.09478689634274365	99.83589760119953	642.7398416005074	-0	0.8307337553963166	0	-0.09478689634274365	0	0	0	0	0	0
0.7267529686201316	-0.08938792814987405	0.02913826517708485	-0	1.084107895617983	0	0.09478689634274365	101.099629422417	638.6569191257097	-0	0.8307355284819966	0	-0.09478689634274365	0	0	0	0	0	0
0.7280647970833449	-0.1279083890450547	0.04171909374495888	-0	1.088762851968296	0	0.09478689634274365	102.3539947498169	634.5257790956333	-0	0.8307368760723395	0	-0.09478689634274365	0	0	0	0	0	0
0.729376625546558	-0.181758830023675	0.05930357291879126	-0	1.093433749483377	0	0.09478689634274365	103.6001159767697	630.341385594033	-0	0.830737841216316	0	-0.09478689634274365	0	0	0	0	0	0
0.7306884540097713	-0.2563004412373109	0.08364215197669128	-0	1.098121377768517	0	0.09478689634274365	104.8392093087365	626.0940225761487	-0	0.8307384862948121	0	-0.09478689634274365	0	0	0	0	0	0
0.7320002824729845	-0.358849927885694	0.1171504432201976	-0	1.102819223342001	0	0.09478689634274365	106.0724642371105	621.7662711029877	-0	0.8307388999504737	0	-0.09478689634274365	0	0	0	0	0	0
0.7333121109361977	-0.4993477455601784	0.1631342530518064	-0	1.10752073219972	0	0.09478689634274365	107.2948267894977	617.3430501531482	-0	0.8307390419612251	0	-0.09478689634274365	0	0	0	0	0	0
0.7346239393994111	-0.6909344610469039	0.2259606973495715	-0	1.112223255240567	0	0.09478689634274365	108.4993134898179	612.8187890240424	-0	0.8307388034806003	0	-0.09478689634274365	0	0	0	0	0	0
0.7359357678626243	-0.9507146048849774	0.3113152714149353	-0	1.116926019406469	0	0.09478689634274365	109.6815991922681	608.190132336166	-0	0.8307381231992688	0	-0.09478689634274365	0	0	0	0	0	0
0.7372475963258375	-1.299814109607941	0.4261902440260346	-0	1.121632206738692	0	0.09478689634274365	110.8383711858884	603.4561251983745	-0	0.8307369527517086	0	-0.09478689634274365	0	0	0	0	0	0
0.7385594247890507	-1.763508303401765	0.5789106631722366	-0	1.126346015504314	0	0.09478689634274365	111.9680235319494	598.6147105033868	-0	0.8307352836548448	0	-0.09478689634274365	0	0	0	0	0	0
0.7398712532522639	-2.370081987550092	0.778741731486412	-0	1.131073255701454	0	0.09478689634274365	113.0702002283874	593.6615501960424	-0	0.8307331422090714	0	-0.09478689634274365	0	0	0	0	0	0
0.7411830817154772	-3.159722303615826	1.039497201566016	-0	1.135804831569231	0	0.09478689634274365	114.1556684825746	588.5696459729824	-0	0.8307308770907906	0	-0.09478689634274365	0	0	0	0	0	0
0.7424949101786904	-4.176891781541981	1.376185314097047	-0	1.140539736381127	0	0.09478689634274365	115.2096556627232	583.3412957890242	-0	0.830728192280296	0	-0.09478689634274365	0	0	0	0	0	0
0.7438067386419037	-5.458198530419779	1.800519674193812	-0	1.145287403067567	0	0.09478689634274365	116.2220401781615	577.9865319160464	-0	0.8307248574585367	0	-0.09478689634274365	0	0	0	0	0	0
0.7451185671051169	-7.051212218907504	2.328990917048197	-0	1.150045915943399	0	0.09478689634274365	117.2007229263823	572.4789615598311	-0	0.8307211752814542	0	-0.09478689634274365	0	0	0	0	0	0
0.74643039556833	-9.002515634470916	2.977891556643229	-0	1.154813941683797	0	0.09478689634274365	118.138166753716	566.8066720407486	-0	0.8307170655928399	0	-0.09478689634274365	0	0	0	0	0	0
0.7477422240315433	-11.35087707320895	3.761061086107713	-0	1.159590635899879	0	0.09478689634274365	119.0293021397586	560.9648374308243	-0	0.8307124728195809	0	-0.09478689634274365	0	0	0	0	0	0
0.7490540524947565	-14.12171233595183	4.688237501843249	-0	1.164375352931879	0	0.09478689634274365	119.8690646803108	554.9463155448057	-0	0.8307073538995033	0	-0.09478689634274365	0	0	0	0	0	0
0.7503658809579699	-17.32362051115228	5.764054127554282	-0	1.169167001141612	0	0.09478689634274365	120.6489714321235	548.7458508772758	-0	0.8307015854315345	0	-0.09478689634274365	0	0	0	0	0	0
0.7516777094211831	-20.94092778270639	6.985570762050215	-0	1.173964128134678	0	0.09478689634274365	121.3669793370778	542.3493013395396	-0	0.8306952305055508	0	-0.09478689634274365	0	0	0	0	0	0
0.7529895378843963	-24.92507374300859	8.339250205949261	-0	1.17876508080375	0	0.09478689634274365	122.0267223106164	535.7443358881766	-0	0.8306884721731201	0	-0.09478689634274365	0	0	0	0	0	0
0.7543013663476095	-29.19437944868689	9.800609819154129	-0	1.18356826497167	0	0.09478689634274365	122.6212454258548	528.926618801481	-0	0.8306812243450439	0	-0.09478689634274365	0	0	0	0	0	0
0.7556131948108227	-33.63515638666548	11.33419460466001	-0	1.18837228325426	0	0.09478689634274365	123.1447024976627	521.8891761197405	-0	0.8306734414535391	0	-0.09478689634274365	0	0	0	0	0	0
0.756925023274036	-38.11395302627175	12.89741154550557	-0	1.193175760012142	0	0.09478689634274366	123.5922695516659	514.6247058568563	-0	0.8306651068126079	0	-0.09478689634274365	0	8.881784197001252e-16	0	0	0	0
0.7582368517372493	-42.49825320879333	14.44712521344614	-0	1.197977535272998	0	0.09478689634274365	123.9591935337057	507.1250136238531	-0	0.8306562133075611	0	-0.09478689634274365	0	0	0	0	0	0
0.7595486802004625	-46.68251164313004	15.94848184318898	-0	1.202776359717699	0	0.09478689634274365	124.2411283501723	499.3817015680928	-0	0.8306467704044953	0	-0.09478689634274365	0	0	0	0	0	0
0.7608605086636757	-50.61932388860543	17.3859078044953	-0	1.207570715835334	0	0.09478689634274365	124.4337910431739	491.3860973982516	-0	0.8306367947388088	0	-0.09478689634274365	0	0	0	0	0	0
0.7621723371268889	-54.33252694720053	18.7682087007666	-0	1.21235865800946	0	0.09478689634274365	124.531343566764	483.1285209450105	-0	0.8306262799506143	0	-0.09478689634274365	0	0	0	0	0	0
0.7634841655901021	-57.92924232294865	20.13411345144783	-0	1.217136994302537	0	0.09478689634274365	124.527815150814	474.5988664136611	-0	0.8306152242071836	0	-0.09478689634274365	0	0	0	0	0	0
0.7647959940533154	-61.57650416802888	21.54491323664831	-0	1.22190163432734	0	0.09478689634274365	124.4148090234109	465.786246160016	-0	0.830603580529264	0	-0.09478689634274365	0	0	0	0	0	0
0.7661078225165286	-65.48964702577356	23.08202249581522	-0	1.226646375567519	0	0.09478689634274365	124.1835263340751	456.6798261983425	-0	0.8305912970376595	0	-0.09478689634274365	0	0	0	0	0	0
0.767419650979742	-69.90319327691464	24.83731237567624	-0	1.231363885235903	0	0.09478689634274365	123.8233687437588	447.2694513101484	-0	0.830578280389924	0	-0.09478689634274365	0	0	0	0	0	0
0.7687314794429551	-75.06132482659744	26.91113854645798	-0	1.236044673252738	0	0.09478689634274365	123.3232585962456	437.5464306820681	-0	0.8305644187154563	0	-0.09478689634274365	0	0	0	0	0	0
0.7700433079061683	-81.22794547438914	29.41750475766266	-0	1.240678353352233	0	0.09478689634274365	122.6724916746923	427.5039309680646	-0	0.8305496016318936	0	-0.09478689634274365	0	0	0	0	0	0
0.7713551363693816	-88.70557798239042	32.4941118901276	-0	1.245252530510576	0	0.09478689634274365	121.8600235053188	417.136830160861	-0	0.8305336984716779	0	-0.09478689634274365	0	0	0	0	0	0
0.7726669648325948	-97.88809289100348	36.32662365440761	-0	1.249753986537995	0	0.09478689634274365	120.8780989522799	406.4419685295106	-0	0.8305166550809924	0	-0.09478689634274365	0	0	0	0	0	0
0.773978793295808	-109.3745392320017	41.2033319319906	-0	1.254166083926879	0	0.09478689634274354	119.7191803773417	395.415833715005	-0	0.8304984287957893	0	-0.09478689634274365	0	0	0	0	0	0
0.7752906217590213	-124.0374309597655	47.55773211020253	-0	1.258470486463079	0	0.09478689634274357	118.3798430243982	384.0573336879474	-0	0.8304790810774113	0	-0.09478689634274365	0	1.77635683940025e-15	0	0	0	0
0.7766024502222345	-143.3285477431028	56.13198781185088	-0	1.26264189151366	0	0.09478689634274351	116.8575980954603	372.3634566879078	-0	0.8304587280974699	0	-0.09478689634274363	0	0	0	0	-1.77635683940025e-15	0
0.7779142786854477	-169.3188440987958	68.0603926900486	-0	1.266652004538838	0	0.09478689634274341	115.1503092654245	360.3334319403334	-0	0.8304374991401343	0	-0.09478689634274365	0	0	0	0	0	0
0.7792261071486609	-205.0265909004024	85.16358303846916	-0	1.270462785337311	0	0.09478689634274332	113.2567024819168	347.9637117772427	-0	0.8304155992309157	0	-0.09478689634274366	0	-7.105427357601002e-15	0	0	0	0
0.7805379356118742	-254.5437642064194	110.2971340239418	-0	1.274035183484568	0	0.09478689634274323	111.1777024215195	335.2450098188877	-0	0.8303934032450661	0	-0.09478689634274365	0	-3.552713678800501e-15	0	0	0	0
0.7818497640750874	-322.5467716060624	147.7601043379339	-0	1.277322029626536	0	0.09478689634274312	108.9139265311216	322.1542422050361	-0	0.830371488903603	0	-0.09478689634274365	0	-7.105427357601002e-15	0	0	0	0
0.7831615925383006	-412.8837397398917	203.7492549352557	-0	1.280283016566657	0	0.09478689634274308	106.4494003126959	308.6470458789742	-0	0.8303502368807755	0	-0.09478689634274365	0	0	0	0	0	0
0.784473421001514	-522.4135187018454	284.5732396405403	-0	1.282885464375098	0	0.09478689634274304	103.7571283708375	294.6561441336822	-0	0.8303300517854703	0	-0.09478689634274365	0	0	0	0	0	0
0.7857852494647271	-635.8531181819513	393.9769996855096	-0	1.285108765040099	0	0.09478689634274305	100.8055574053083	280.1171711848704	-0	0.8303113131738359	0	-0.09478689634274365	0	0	0	0	0	0
0.7870970779279404	-720.6586942670835	521.4456455983429	-0	1.286943204096413	0	0.09478689634274309	97.54286130925911	265.034324648673	-0	0.8302929094701537	0	-0.09478689634274365	0	2.842170943040401e-14	0	0	0	0
