Speeds
version=1
nRows=601
nColumns=11
inDegrees=no

Units are S.I. units (second, meters, Newtons, ...)
If the header above contains a line with 'inDegrees', this indicates whether rotational values are in degrees (yes) or radians (no).

endheader
time	pelvis_tilt	pelvis_tx	pelvis_ty	hip_flexion_l	hip_flexion_r	knee_angle_l	knee_angle_r	ankle_angle_l	ankle_angle_r	lumbar
      0.00000000	     -0.67142442	      1.94671057	     -0.06207788	     -1.10129494	     -0.74663594	      0.79097576	      5.78072089	     -5.38409604	     -0.82184371	      1.49443921
      0.00131982	     -0.63326876	      1.95251773	     -0.06208114	     -1.11167497	     -0.84601815	      0.74531160	      5.73777145	     -5.44004528	     -0.89351933	      1.46136338
      0.00263964	     -0.59358659	      1.95829714	     -0.06203866	     -1.12317289	     -0.94565914	      0.69878139	      5.68336298	     -5.49534405	     -0.96454304	      1.42637931
      0.00395945	     -0.55332724	      1.96397216	     -0.06205380	     -1.13408507	     -1.04314707	      0.65014155	      5.60773805	     -5.54942415	     -1.03463709	      1.39046611
      0.00527927	     -0.51355187	      1.96951236	     -0.06218863	     -1.14321944	     -1.13711226	      0.59939217	      5.51046573	     -5.60269733	     -1.10836077	      1.35483965
      0.00659909	     -0.47364074	      1.97490013	     -0.06237648	     -1.15146983	     -1.22718821	      0.54721982	      5.38549571	     -5.65571935	     -1.19235637	      1.31871141
      0.00791891	     -0.43393041	      1.98010815	     -0.06262756	     -1.15849623	     -1.31220464	      0.49370888	      5.22827707	     -5.70846078	     -1.28948243	      1.28242905
      0.00923872	     -0.39484206	      1.98509027	     -0.06294322	     -1.16378954	     -1.39055728	      0.43881767	      5.03188742	     -5.76091636	     -1.39718946	      1.24639996
      0.01055854	     -0.35666836	      1.98980717	     -0.06332049	     -1.16703451	     -1.46071451	      0.38263091	      4.78912626	     -5.81317640	     -1.51467316	      1.21089075
      0.01187836	     -0.32011544	      1.99419509	     -0.06375650	     -1.16737089	     -1.52084916	      0.32511666	      4.49347211	     -5.86544399	     -1.63342450	      1.17661577
      0.01319818	     -0.28587993	      1.99819021	     -0.06425493	     -1.16394712	     -1.56884322	      0.26622123	      4.13672360	     -5.91785301	     -1.74633545	      1.14427718
      0.01451800	     -0.25525557	      2.00170927	     -0.06482169	     -1.15514692	     -1.60316687	      0.20574012	      3.71760621	     -5.97074731	     -1.83641676	      1.11525995
      0.01583781	     -0.22956289	      2.00466804	     -0.06546793	     -1.13932538	     -1.62194670	      0.14346145	      3.23267517	     -6.02443365	     -1.88318587	      1.09097888
      0.01715763	     -0.21027030	      2.00699308	     -0.06618172	     -1.11467086	     -1.62564847	      0.07921223	      2.69320614	     -6.07953753	     -1.86494545	      1.07305556
      0.01847745	     -0.19886818	      2.00862165	     -0.06695117	     -1.07938416	     -1.61498365	      0.01286812	      2.11073572	     -6.13671239	     -1.74777602	      1.06316212
      0.01979727	     -0.19628044	      2.00950415	     -0.06772665	     -1.03232694	     -1.59283820	     -0.05556912	      1.50974214	     -6.19676652	     -1.54148497	      1.06231562
      0.02111708	     -0.20334056	      2.00961096	     -0.06844618	     -0.97253398	     -1.56305857	     -0.12597235	      0.91821755	     -6.26062498	     -1.23426348	      1.07146848
      0.02243690	     -0.22038345	      2.00884143	     -0.06906092	     -0.89936491	     -1.52652144	     -0.19854544	      0.35365789	     -6.32873483	     -0.92368450	      1.09080793
      0.02375672	     -0.24634921	      2.00725131	     -0.06940940	     -0.81431360	     -1.49119004	     -0.27243314	     -0.14239328	     -6.40237904	     -0.51777425	      1.11918366
      0.02507654	     -0.27316486	      2.00536470	     -0.06888985	     -0.72847371	     -1.49066067	     -0.34331945	     -0.42596743	     -6.48477480	      0.20144250	      1.14799197
      0.02639635	     -0.29952013	      2.00301949	     -0.06736180	     -0.64291132	     -1.52827968	     -0.41131357	     -0.45571581	     -6.57647800	      0.80930252	      1.17528294
      0.02771617	     -0.32697865	      1.99987163	     -0.06531447	     -0.55491527	     -1.57067538	     -0.47854970	     -0.40299913	     -6.67331520	      1.07634339	      1.20216235
      0.02903599	     -0.35176860	      1.99614014	     -0.06280207	     -0.46974589	     -1.61279524	     -0.54338267	     -0.33191563	     -6.77487317	      1.26174029	      1.22453863
      0.03035581	     -0.37358568	      1.99187226	     -0.05985565	     -0.38777719	     -1.65457583	     -0.60616814	     -0.24818802	     -6.87902102	      1.40399929	      1.24214638
      0.03167563	     -0.39187428	      1.98710377	     -0.05651596	     -0.30980167	     -1.69339403	     -0.66638329	     -0.17231235	     -6.98928183	      1.52205234	      1.25438906
      0.03299544	     -0.40657268	      1.98186790	     -0.05282259	     -0.23572321	     -1.73064250	     -0.72545875	     -0.09919979	     -7.09564621	      1.63432717	      1.26126331
      0.03431526	     -0.41706488	      1.97623577	     -0.04872373	     -0.16674379	     -1.76657898	     -0.78087853	     -0.03342137	     -7.21548890	      1.73271813	      1.26218145
      0.03563508	     -0.42505079	      1.97006187	     -0.04452693	     -0.09868041	     -1.79943410	     -0.84539522	      0.02666693	     -7.25831038	      1.82528199	      1.25886729
      0.03695490	     -0.43482691	      1.96293655	     -0.04094208	     -0.02107286	     -1.82285308	     -0.94962398	      0.07777149	     -7.06154911	      1.90681306	      1.25558800
      0.03827471	     -0.44826480	      1.95467315	     -0.03835541	      0.06884468	     -1.83438916	     -1.09712790	      0.11973204	     -6.58672669	      1.98106555	      1.25417755
      0.03959453	     -0.46491828	      1.94529850	     -0.03682899	      0.16706955	     -1.83479765	     -1.26951182	      0.15272091	     -5.79888995	      2.04564384	      1.25414683
      0.04091435	     -0.48007161	      1.93532856	     -0.03550333	      0.26605255	     -1.83186243	     -1.45380822	      0.18060869	     -4.76960775	      2.10190099	      1.25096639
      0.04223417	     -0.48972968	      1.92522127	     -0.03359035	      0.36103411	     -1.83231554	     -1.64654781	      0.20667043	     -3.66620435	      2.14905199	      1.24085037
      0.04355399	     -0.49300980	      1.91517723	     -0.03088867	      0.44832116	     -1.83800375	     -1.83223847	      0.23185174	     -2.67803288	      2.18869876	      1.22318780
      0.04487380	     -0.48957654	      1.90533303	     -0.02730129	      0.52532421	     -1.84990940	     -1.99884914	      0.25674943	     -1.89400929	      2.22122462	      1.19788337
      0.04619362	     -0.48077837	      1.89565002	     -0.02300543	      0.59373980	     -1.86644452	     -2.14877424	      0.28102781	     -1.27572962	      2.24749187	      1.16648014
      0.04751344	     -0.46747628	      1.88613395	     -0.01810159	      0.65439334	     -1.88676405	     -2.28243996	      0.30458445	     -0.81020229	      2.26828585	      1.13003229
      0.04883326	     -0.45079569	      1.87673984	     -0.01274263	      0.70915775	     -1.90955816	     -2.40432515	      0.32725398	     -0.44950211	      2.28363748	      1.08979897
      0.05015307	     -0.43170443	      1.86744236	     -0.00705159	      0.75945795	     -1.93377393	     -2.51723889	      0.34903198	     -0.16202144	      2.29319757	      1.04689357
      0.05147289	     -0.41089277	      1.85822000	     -0.00111480	      0.80637730	     -1.95865916	     -2.62329963	      0.36993631	      0.07341139	      2.29685184	      1.00210263
      0.05279271	     -0.38905599	      1.84905576	      0.00498199	      0.85093569	     -1.98346990	     -2.72430389	      0.38995255	      0.27565751	      2.29461660	      0.95622900
      0.05411253	     -0.36659302	      1.83994444	      0.01119232	      0.89365759	     -2.00781033	     -2.82085347	      0.40907749	      0.45076567	      2.28671350	      0.90974374
      0.05543234	     -0.34397087	      1.83087867	      0.01746124	      0.93516893	     -2.03120639	     -2.91376197	      0.42730900	      0.60724886	      2.27329025	      0.86319541
      0.05675216	     -0.32144662	      1.82185847	      0.02375963	      0.97575654	     -2.05342427	     -3.00316093	      0.44463978	      0.74686355	      2.25466761	      0.81689520
      0.05807198	     -0.29933180	      1.81288191	      0.03005173	      1.01579348	     -2.07416611	     -3.08935561	      0.46105787	      0.87315562	      2.23113271	      0.77121579
      0.05939180	     -0.27777586	      1.80395133	      0.03631911	      1.05542186	     -2.09331756	     -3.17235428	      0.47655177	      0.98694119	      2.20307046	      0.72634299
      0.06071162	     -0.25696698	      1.79506796	      0.04253900	      1.09484045	     -2.11071981	     -3.25225138	      0.49110767	      1.08987695	      2.17084777	      0.68250706
      0.06203143	     -0.23695752	      1.78623586	      0.04870159	      1.13407573	     -2.12636978	     -3.32902812	      0.50472680	      1.18265425	      2.13485574	      0.63977964
      0.06335125	     -0.21782805	      1.77745850	      0.05479415	      1.17319059	     -2.14023258	     -3.40269839	      0.51740760	      1.26628191	      2.09548232	      0.59826531
      0.06467107	     -0.19955372	      1.76874116	      0.06081362	      1.21212521	     -2.15239487	     -3.47324039	      0.52917183	      1.34141622	      2.05308203	      0.55794452
      0.06599089	     -0.18212980	      1.76008883	      0.06675495	      1.25084284	     -2.16292094	     -3.54064165	      0.54003784	      1.40882774	      2.00801607	      0.51882151
      0.06731070	     -0.16548571	      1.75150714	      0.07261933	      1.28923875	     -2.17194885	     -3.60489126	      0.55004464	      1.46912047	      1.96058139	      0.48082184
      0.06863052	     -0.14956329	      1.74300163	      0.07840667	      1.32722057	     -2.17960336	     -3.66597844	      0.55922811	      1.52295044	      1.91108719	      0.44388606
      0.06995034	     -0.13427850	      1.73457738	      0.08411993	      1.36467961	     -2.18603344	     -3.72391353	      0.56763532	      1.57085356	      1.85977195	      0.40792209
      0.07127016	     -0.11955239	      1.72623957	      0.08976141	      1.40151015	     -2.19138367	     -3.77870261	      0.57531155	      1.61339597	      1.80688808	      0.37284434
      0.07258998	     -0.10531131	      1.71799212	      0.09533395	      1.43762821	     -2.19578411	     -3.83038110	      0.58230298	      1.65103498	      1.75262543	      0.33857079
      0.07390979	     -0.09148097	      1.70983917	      0.10084021	      1.47294591	     -2.19936742	     -3.87897848	      0.58865565	      1.68425119	      1.69718671	      0.30501925
      0.07522961	     -0.07801045	      1.70178328	      0.10628181	      1.50741702	     -2.20222985	     -3.92455377	      0.59440934	      1.71343136	      1.64072598	      0.27213231
      0.07654943	     -0.06484523	      1.69382726	      0.11166052	      1.54098851	     -2.20447372	     -3.96716105	      0.59960478	      1.73898419	      1.58340750	      0.23984884
      0.07786925	     -0.05195852	      1.68597243	      0.11697650	      1.57365049	     -2.20616068	     -4.00687696	      0.60427367	      1.76124295	      1.52536149	      0.20813809
      0.07918906	     -0.03931907	      1.67822035	      0.12223016	      1.60538628	     -2.20735916	     -4.04377598	      0.60844911	      1.78056947	      1.46672554	      0.17696447
      0.08050888	     -0.02691698	      1.67057158	      0.12742065	      1.63620900	     -2.20810655	     -4.07793999	      0.61215638	      1.79723910	      1.40761624	      0.14631609
      0.08182870	     -0.01473757	      1.66302683	      0.13254742	      1.66612626	     -2.20844709	     -4.10945142	      0.61542224	      1.81153662	      1.34815579	      0.11617568
      0.08314852	     -0.00277985	      1.65558631	      0.13760909	      1.69516148	     -2.20840505	     -4.13838825	      0.61826829	      1.82367480	      1.28845193	      0.08654147
      0.08446833	      0.00896114	      1.64825041	      0.14260457	      1.72333238	     -2.20801046	     -4.16482597	      0.62071764	      1.83387350	      1.22861642	      0.05740731
      0.08578815	      0.02048467	      1.64101977	      0.14753245	      1.75065137	     -2.20728527	     -4.18880722	      0.62279166	      1.84230357	      1.16875084	      0.02877457
      0.08710797	      0.03179096	      1.63389506	      0.15239137	      1.77713013	     -2.20625306	     -4.21037726	      0.62451214	      1.84916219	      1.10895936	      0.00064353
      0.08842779	      0.04287301	      1.62687665	      0.15717936	      1.80279005	     -2.20492680	     -4.22958432	      0.62589827	      1.85463340	      1.04933652	     -0.02697740
      0.08974761	      0.05372417	      1.61996488	      0.16189446	      1.82765336	     -2.20332011	     -4.24648014	      0.62696934	      1.85890793	      0.98997918	     -0.05408027
      0.09106742	      0.06433727	      1.61315995	      0.16653458	      1.85174502	     -2.20144482	     -4.26111931	      0.62774439	      1.86213054	      0.93097533	     -0.08065682
      0.09238724	      0.07470548	      1.60646213	      0.17109768	      1.87508921	     -2.19931349	     -4.27355548	      0.62824259	      1.86444913	      0.87241557	     -0.10669906
      0.09370706	      0.08482645	      1.59987169	      0.17558188	      1.89770619	     -2.19694335	     -4.28384292	      0.62848456	      1.86596712	      0.81438117	     -0.13220438
      0.09502688	      0.09469715	      1.59338893	      0.17998532	      1.91961667	     -2.19435106	     -4.29203553	      0.62849077	      1.86679656	      0.75695600	     -0.15716932
      0.09634669	      0.10432053	      1.58701423	      0.18430640	      1.94083518	     -2.19155977	     -4.29818751	      0.62828361	      1.86702337	      0.70021340	     -0.18159751
      0.09766651	      0.11369848	      1.58074794	      0.18854346	      1.96137726	     -2.18859158	     -4.30235303	      0.62788513	      1.86674139	      0.64422959	     -0.20549127
      0.09898633	      0.12283790	      1.57459048	      0.19269510	      1.98125319	     -2.18547367	     -4.30458672	      0.62731893	      1.86602910	      0.58906869	     -0.22885896
      0.10030615	      0.13174474	      1.56854223	      0.19675985	      2.00047422	     -2.18223238	     -4.30494327	      0.62660838	      1.86497060	      0.53479798	     -0.25170776
      0.10162597	      0.14042824	      1.56260356	      0.20073638	      2.01904824	     -2.17889662	     -4.30347754	      0.62577758	      1.86363464	      0.48147116	     -0.27404889
      0.10294578	      0.14889698	      1.55677484	      0.20462335	      2.03698382	     -2.17549495	     -4.30024447	      0.62485065	      1.86209368	      0.42914532	     -0.29589278
      0.10426560	      0.15716108	      1.55105634	      0.20841948	      2.05428806	     -2.17205597	     -4.29529855	      0.62385150	      1.86040244	      0.37786300	     -0.31725189
      0.10558542	      0.16523039	      1.54544835	      0.21212349	      2.07096832	     -2.16860856	     -4.28869448	      0.62280445	      1.85861928	      0.32767015	     -0.33813832
      0.10690524	      0.17311475	      1.53995097	      0.21573411	      2.08703208	     -2.16517902	     -4.28048579	      0.62173197	      1.85678547	      0.27859840	     -0.35856451
      0.10822505	      0.18082391	      1.53456435	      0.21925008	      2.10248693	     -2.16179406	     -4.27072654	      0.62065658	      1.85494564	      0.23068293	     -0.37854273
      0.10954487	      0.18836663	      1.52928841	      0.22267012	      2.11734130	     -2.15847643	     -4.25946852	      0.61959876	      1.85313071	      0.18394441	     -0.39808448
      0.11086469	      0.19575203	      1.52412313	      0.22599300	      2.13160329	     -2.15525016	     -4.24676415	      0.61857984	      1.85137358	      0.13840655	     -0.41720156
      0.11218451	      0.20298751	      1.51906825	      0.22921751	      2.14528212	     -2.15213442	     -4.23266258	      0.61761837	      1.84969993	      0.09408055	     -0.43590412
      0.11350432	      0.21008084	      1.51412357	      0.23234242	      2.15838684	     -2.14914950	     -4.21721400	      0.61673356	      1.84813806	      0.05098046	     -0.45420267
      0.11482414	      0.21703774	      1.50928868	      0.23536660	      2.17092748	     -2.14631041	     -4.20046421	      0.61594132	      1.84671294	      0.00910987	     -0.47210567
      0.11614396	      0.22386440	      1.50456319	      0.23828886	      2.18291384	     -2.14363338	     -4.18246015	      0.61525833	      1.84545124	     -0.03152531	     -0.48962200
      0.11746378	      0.23056495	      1.49994653	      0.24110815	      2.19435641	     -2.14112944	     -4.16324343	      0.61469768	      1.84437509	     -0.07092717	     -0.50675846
      0.11878360	      0.23714393	      1.49543818	      0.24382339	      2.20526559	     -2.13881076	     -4.14285690	      0.61427328	      1.84350621	     -0.10909604	     -0.52352223
      0.12010341	      0.24360406	      1.49103741	      0.24643363	      2.21565206	     -2.13668481	     -4.12133796	      0.61399538	      1.84286385	     -0.14603780	     -0.53991864
      0.12142323	      0.24994831	      1.48674355	      0.24893789	      2.22552682	     -2.13475988	     -4.09872606	      0.61387501	      1.84247191	     -0.18175710	     -0.55595322
      0.12274305	      0.25617866	      1.48255580	      0.25133538	      2.23489989	     -2.13304099	     -4.07505397	      0.61391995	      1.84234502	     -0.21626202	     -0.57163051
      0.12406287	      0.26229770	      1.47847337	      0.25362532	      2.24378186	     -2.13153430	     -4.05035763	      0.61413873	      1.84249272	     -0.24955970	     -0.58695580
      0.12538268	      0.26830647	      1.47449538	      0.25580707	      2.25218233	     -2.13024237	     -4.02466548	      0.61453689	      1.84292671	     -0.28165978	     -0.60193257
      0.12670250	      0.27420707	      1.47062107	      0.25788005	      2.26010898	     -2.12916964	     -3.99800443	      0.61512103	      1.84365908	     -0.31257121	     -0.61656543
      0.12802232	      0.27999999	      1.46684980	      0.25984384	      2.26756473	     -2.12831759	     -3.97038437	      0.61589548	      1.84470672	     -0.34230463	     -0.63085658
      0.12934214	      0.28568550	      1.46318090	      0.26169796	      2.27455379	     -2.12768770	     -3.94181856	      0.61686493	      1.84609330	     -0.37087036	     -0.64480808
      0.13066196	      0.29125941	      1.45961346	      0.26344178	      2.28108618	     -2.12727434	     -3.91232164	      0.61803054	      1.84784471	     -0.39828041	     -0.65841708
      0.13198177	      0.29671801	      1.45614656	      0.26507468	      2.28717180	     -2.12707276	     -3.88190945	      0.61939404	      1.84998550	     -0.42454646	     -0.67168126
      0.13330159	      0.30205533	      1.45277910	      0.26659606	      2.29282444	     -2.12707411	     -3.85059956	      0.62095469	      1.85252348	     -0.44968151	     -0.68459599
      0.13462141	      0.30726578	      1.44951002	      0.26800530	      2.29805721	     -2.12727034	     -3.81840939	      0.62271228	      1.85546921	     -0.47369817	     -0.69715704
      0.13594123	      0.31234378	      1.44633813	      0.26930197	      2.30288404	     -2.12765241	     -3.78535656	      0.62466518	      1.85881142	     -0.49661022	     -0.70936033
      0.13726104	      0.31728368	      1.44326228	      0.27048561	      2.30731878	     -2.12821145	     -3.75145858	      0.62681209	      1.86254127	     -0.51843112	     -0.72120169
      0.13858086	      0.32208139	      1.44028129	      0.27155607	      2.31137360	     -2.12893981	     -3.71673202	      0.62915115	      1.86663359	     -0.53917560	     -0.73267888
      0.13990068	      0.32673263	      1.43739400	      0.27251314	      2.31506091	     -2.12982979	     -3.68119331	      0.63168073	      1.87106265	     -0.55885813	     -0.74378936
      0.14122050	      0.33123532	      1.43459924	      0.27335694	      2.31839029	     -2.13087585	     -3.64485812	      0.63439903	      1.87580403	     -0.57749423	     -0.75453324
      0.14254031	      0.33558708	      1.43189588	      0.27408756	      2.32137167	     -2.13207226	     -3.60774205	      0.63730439	      1.88083063	     -0.59509915	     -0.76491024
      0.14386013	      0.33978733	      1.42928274	      0.27470534	      2.32401262	     -2.13341492	     -3.56986113	      0.64039484	      1.88613895	     -0.61168895	     -0.77492221
      0.14517995	      0.34383520	      1.42675870	      0.27521057	      2.32632098	     -2.13489957	     -3.53123165	      0.64366850	      1.89172706	     -0.62727931	     -0.78457071
      0.14649977	      0.34773058	      1.42432259	      0.27560373	      2.32830352	     -2.13652225	     -3.49187052	      0.64712299	      1.89761556	     -0.64188725	     -0.79385816
      0.14781959	      0.35147333	      1.42197324	      0.27588527	      2.32996699	     -2.13827920	     -3.45179456	      0.65075610	      1.90382309	     -0.65552944	     -0.80278699
      0.14913940	      0.35506263	      1.41970944	      0.27605572	      2.33131894	     -2.14016516	     -3.41102064	      0.65456482	      1.91037089	     -0.66822435	     -0.81135884
      0.15045922	      0.35849785	      1.41753000	      0.27611561	      2.33236668	     -2.14217531	     -3.36956516	      0.65854633	      1.91727240	     -0.67999011	     -0.81957561
      0.15177904	      0.36177644	      1.41543363	      0.27606542	      2.33311990	     -2.14430182	     -3.32744523	      0.66269672	      1.92454552	     -0.69084663	     -0.82743699
      0.15309886	      0.36489606	      1.41341905	      0.27590565	      2.33358803	     -2.14653723	     -3.28467852	      0.66701215	      1.93221830	     -0.70081340	     -0.83494295
      0.15441867	      0.36785235	      1.41148490	      0.27563673	      2.33378301	     -2.14887108	     -3.24128269	      0.67148787	      1.94030922	     -0.70991161	     -0.84209116
      0.15573849	      0.37064122	      1.40962982	      0.27525911	      2.33371643	     -2.15129338	     -3.19727579	      0.67611932	      1.94884576	     -0.71816219	     -0.84887960
      0.15705831	      0.37325746	      1.40785243	      0.27477329	      2.33340143	     -2.15379245	     -3.15267341	      0.68090144	      1.95780698	     -0.72558729	     -0.85530496
      0.15837813	      0.37569577	      1.40615134	      0.27417975	      2.33285126	     -2.15635659	     -3.10749170	      0.68582925	      1.96718049	     -0.73220895	     -0.86136384
      0.15969795	      0.37795090	      1.40452516	      0.27347913	      2.33207930	     -2.15897396	     -3.06174247	      0.69089761	      1.97688029	     -0.73804955	     -0.86705282
      0.16101776	      0.38001710	      1.40297251	      0.27267202	      2.33109960	     -2.16163215	     -3.01543758	      0.69610121	      1.98681712	     -0.74313152	     -0.87236796
      0.16233758	      0.38189081	      1.40149208	      0.27175933	      2.32992342	     -2.16432147	     -2.96858588	      0.70143531	      1.99686609	     -0.74747675	     -0.87730773
      0.16365740	      0.38356812	      1.40008256	      0.27074189	      2.32856260	     -2.16703177	     -2.92119552	      0.70689513	      2.00688512	     -0.75110743	     -0.88187018
      0.16497722	      0.38504957	      1.39874279	      0.26962093	      2.32702282	     -2.16975855	     -2.87327712	      0.71247706	      2.01680916	     -0.75404412	     -0.88605846
      0.16629703	      0.38633535	      1.39747156	      0.26839760	      2.32531021	     -2.17249685	     -2.82484161	      0.71817739	      2.02657432	     -0.75630759	     -0.88987535
      0.16761685	      0.38742902	      1.39626781	      0.26707327	      2.32342579	     -2.17524599	     -2.77590539	      0.72399322	      2.03624735	     -0.75791674	     -0.89332744
      0.16893667	      0.38833328	      1.39513043	      0.26564921	      2.32137172	     -2.17800415	     -2.72648455	      0.72992138	      2.04588447	     -0.75889079	     -0.89642035
      0.17025649	      0.38905242	      1.39405838	      0.26412682	      2.31914745	     -2.18077166	     -2.67659896	      0.73595913	      2.05562883	     -0.75924769	     -0.89916149
      0.17157630	      0.38959054	      1.39305061	      0.26250742	      2.31675269	     -2.18354847	     -2.62626924	      0.74210348	      2.06563679	     -0.75900536	     -0.90155806
      0.17289612	      0.38995189	      1.39210610	      0.26079247	      2.31418711	     -2.18633508	     -2.57551345	      0.74835213	      2.07601701	     -0.75818186	     -0.90361732
      0.17421594	      0.39014077	      1.39122385	      0.25898338	      2.31145012	     -2.18913197	     -2.52435033	      0.75470262	      2.08689751	     -0.75679521	     -0.90534662
      0.17553576	      0.39016047	      1.39040287	      0.25708174	      2.30854371	     -2.19193891	     -2.47278956	      0.76115345	      2.09821228	     -0.75486486	     -0.90675199
      0.17685558	      0.39001417	      1.38964217	      0.25508912	      2.30546986	     -2.19475554	     -2.42083952	      0.76770312	      2.10987995	     -0.75241054	     -0.90783937
      0.17817539	      0.38970393	      1.38894074	      0.25300720	      2.30223363	     -2.19758048	     -2.36850389	      0.77435069	      2.12167597	     -0.74945253	     -0.90861331
      0.17949521	      0.38923218	      1.38829757	      0.25083765	      2.29883975	     -2.20041275	     -2.31578631	      0.78109524	      2.13337133	     -0.74601132	     -0.90907888
      0.18081503	      0.38860034	      1.38771160	      0.24858200	      2.29529458	     -2.20325022	     -2.26269631	      0.78793560	      2.14480205	     -0.74210576	     -0.90923998
      0.18213485	      0.38781002	      1.38718181	      0.24624180	      2.29160403	     -2.20609094	     -2.20924315	      0.79487054	      2.15581009	     -0.73775498	     -0.90910073
      0.18345466	      0.38686211	      1.38670714	      0.24381832	      2.28777385	     -2.20893206	     -2.15544673	      0.80189820	      2.16643105	     -0.73297535	     -0.90866441
      0.18477448	      0.38575695	      1.38628651	      0.24131276	      2.28381028	     -2.21176992	     -2.10132774	      0.80901637	      2.17671846	     -0.72778343	     -0.90793368
      0.18609430	      0.38449557	      1.38591892	      0.23872628	      2.27971811	     -2.21460205	     -2.04691072	      0.81622318	      2.18680726	     -0.72219405	     -0.90691192
      0.18741412	      0.38307924	      1.38560336	      0.23606009	      2.27550199	     -2.21742621	     -1.99221870	      0.82351682	      2.19680443	     -0.71622231	     -0.90560276
      0.18873394	      0.38151100	      1.38533894	      0.23331561	      2.27116459	     -2.22024302	     -1.93727120	      0.83089690	      2.20676085	     -0.70988302	     -0.90401173
      0.19005375	      0.37979376	      1.38512475	      0.23049424	      2.26670880	     -2.22305282	     -1.88208741	      0.83836294	      2.21671876	     -0.70319125	     -0.90214423
      0.19137357	      0.37793174	      1.38495999	      0.22759755	      2.26213622	     -2.22585822	     -1.82668243	      0.84591581	      2.22664937	     -0.69616210	     -0.90000702
      0.19269339	      0.37592876	      1.38484383	      0.22462709	      2.25744892	     -2.22866114	     -1.77107201	      0.85355610	      2.23653232	     -0.68881085	     -0.89760643
      0.19401321	      0.37378920	      1.38477552	      0.22158445	      2.25264827	     -2.23146475	     -1.71527023	      0.86128528	      2.24632144	     -0.68115242	     -0.89494930
      0.19533302	      0.37151746	      1.38475428	      0.21847122	      2.24773551	     -2.23427205	     -1.65929209	      0.86910462	      2.25599029	     -0.67320168	     -0.89204252
      0.19665284	      0.36911793	      1.38477942	      0.21528897	      2.24271189	     -2.23708650	     -1.60315137	      0.87701602	      2.26548988	     -0.66497331	     -0.88889282
      0.19797266	      0.36659479	      1.38485020	      0.21203933	      2.23757921	     -2.23991120	     -1.54686091	      0.88502129	      2.27474576	     -0.65648234	     -0.88550674
      0.19929248	      0.36395226	      1.38496595	      0.20872382	      2.23233878	     -2.24274962	     -1.49043485	      0.89312261	      2.28371589	     -0.64774301	     -0.88189076
      0.20061229	      0.36119508	      1.38512600	      0.20534408	      2.22699139	     -2.24560587	     -1.43388663	      0.90132233	      2.29234572	     -0.63876978	     -0.87805195
      0.20193211	      0.35832733	      1.38532973	      0.20190150	      2.22153756	     -2.24848334	     -1.37723525	      0.90962244	      2.30070505	     -0.62957548	     -0.87399649
      0.20325193	      0.35535362	      1.38557652	      0.19839749	      2.21597669	     -2.25138601	     -1.32050139	      0.91802490	      2.30890775	     -0.62017274	     -0.86973118
      0.20457175	      0.35227563	      1.38586570	      0.19483318	      2.21031185	     -2.25431427	     -1.26370742	      0.92653074	      2.31708203	     -0.61057351	     -0.86525942
      0.20589157	      0.34909440	      1.38619659	      0.19120958	      2.20454655	     -2.25726753	     -1.20687767	      0.93514046	      2.32540144	     -0.60078954	     -0.86058384
      0.20721138	      0.34580911	      1.38656845	      0.18752785	      2.19868942	     -2.26024330	     -1.15002545	      0.94385512	      2.33375189	     -0.59083449	     -0.85570496
      0.20853120	      0.34241894	      1.38698051	      0.18378929	      2.19275058	     -2.26323914	     -1.09315784	      0.95267627	      2.34186777	     -0.58072323	     -0.85062333
      0.20985102	      0.33892551	      1.38743213	      0.17999535	      2.18673707	     -2.26625607	     -1.03628180	      0.96160662	      2.34948411	     -0.57046972	     -0.84534226
      0.21117084	      0.33533091	      1.38792269	      0.17614749	      2.18065447	     -2.26929560	     -0.97940662	      0.97064876	      2.35640762	     -0.56008738	     -0.83986551
      0.21249065	      0.33164067	      1.38845174	      0.17224704	      2.17450123	     -2.27236358	     -0.92255485	      0.97980563	      2.36277241	     -0.54958693	     -0.83420058
      0.21381047	      0.32786154	      1.38901893	      0.16829529	      2.16827205	     -2.27546739	     -0.86575374	      0.98908014	      2.36887554	     -0.53897786	     -0.82835631
      0.21513029	      0.32399772	      1.38962377	      0.16429345	      2.16196857	     -2.27861109	     -0.80902764	      0.99847486	      2.37481784	     -0.52827215	     -0.82233875
      0.21645011	      0.32005168	      1.39026561	      0.16024296	      2.15559776	     -2.28179673	     -0.75238882	      1.00799281	      2.38038035	     -0.51748477	     -0.81615215
      0.21776993	      0.31602186	      1.39094367	      0.15614477	      2.14917346	     -2.28502085	     -0.69585914	      1.01763489	      2.38540133	     -0.50662819	     -0.80979630
      0.21908974	      0.31190752	      1.39165718	      0.15199969	      2.14270626	     -2.28828089	     -0.63946772	      1.02740160	      2.38992247	     -0.49571339	     -0.80327183
      0.22040956	      0.30770719	      1.39240544	      0.14780818	      2.13620650	     -2.29157312	     -0.58325554	      1.03729206	      2.39421386	     -0.48474824	     -0.79657846
      0.22172938	      0.30342119	      1.39318781	      0.14357063	      2.12967981	     -2.29489605	     -0.52726987	      1.04730536	      2.39875329	     -0.47373872	     -0.78971781
      0.22304920	      0.29904696	      1.39400349	      0.13928789	      2.12314261	     -2.29824487	     -0.47153249	      1.05744169	      2.40332935	     -0.46269759	     -0.78268847
      0.22436901	      0.29457412	      1.39485120	      0.13496088	      2.11662985	     -2.30160475	     -0.41604401	      1.06770018	      2.40701710	     -0.45164325	     -0.77548068
      0.22568883	      0.29000558	      1.39573039	      0.13059102	      2.11015016	     -2.30497856	     -0.36081691	      1.07808433	      2.40950450	     -0.44058847	     -0.76809904
      0.22700865	      0.28535428	      1.39664111	      0.12617963	      2.10368884	     -2.30838203	     -0.30589215	      1.08859896	      2.41139445	     -0.42953840	     -0.76055892
      0.22832847	      0.28063941	      1.39758383	      0.12172862	      2.09722000	     -2.31183958	     -0.25129925	      1.09925226	      2.41328452	     -0.41850240	     -0.75288233
      0.22964828	      0.27587521	      1.39855861	      0.11724017	      2.09073179	     -2.31536943	     -0.19704726	      1.11005255	      2.41511932	     -0.40749558	     -0.74508617
      0.23096810	      0.27106465	      1.39956515	      0.11271583	      2.08422936	     -2.31897486	     -0.14313800	      1.12100388	      2.41657334	     -0.39653293	     -0.73717457
      0.23228792	      0.26620946	      1.40060313	      0.10815680	      2.07771761	     -2.32265730	     -0.08958259	      1.13210884	      2.41752911	     -0.38562736	     -0.72915021
      0.23360774	      0.26130382	      1.40167204	      0.10356348	      2.07120977	     -2.32640790	     -0.03640105	      1.14336590	      2.41802601	     -0.37479023	     -0.72100708
      0.23492756	      0.25634452	      1.40277146	      0.09893642	      2.06471530	     -2.33022125	      0.01638584	      1.15477460	      2.41814767	     -0.36403249	     -0.71274205
      0.23624737	      0.25132832	      1.40390102	      0.09427618	      2.05824363	     -2.33409182	      0.06875741	      1.16633417	      2.41798136	     -0.35336562	     -0.70435199
      0.23756719	      0.24625179	      1.40506030	      0.08958331	      2.05180501	     -2.33801379	      0.12069430	      1.17804399	      2.41757255	     -0.34280140	     -0.69583348
      0.23888701	      0.24111472	      1.40624902	      0.08485877	      2.04540638	     -2.34198558	      0.17218340	      1.18990485	      2.41685243	     -0.33235289	     -0.68718680
      0.24020683	      0.23591433	      1.40746677	      0.08010340	      2.03905920	     -2.34600222	      0.22321375	      1.20191665	      2.41565163	     -0.32203332	     -0.67840942
      0.24152664	      0.23065767	      1.40871359	      0.07531867	      2.03275935	     -2.35007162	      0.27377275	      1.21408306	      2.41400257	     -0.31185657	     -0.66950962
      0.24284646	      0.22535587	      1.40998972	      0.07050620	      2.02649486	     -2.35420728	      0.32384431	      1.22640929	      2.41212203	     -0.30183514	     -0.66050016
      0.24416628	      0.22002257	      1.41129551	      0.06566781	      2.02025101	     -2.35842561	      0.37341205	      1.23890126	      2.41023426	     -0.29198365	     -0.65139657
      0.24548610	      0.21467224	      1.41263133	      0.06080546	      2.01401186	     -2.36274436	      0.42246162	      1.25156578	      2.40854313	     -0.28231761	     -0.64221536
      0.24680592	      0.20930309	      1.41399677	      0.05592011	      2.00779022	     -2.36715884	      0.47097961	      1.26440201	      2.40683070	     -0.27285261	     -0.63295520
      0.24812573	      0.20390581	      1.41539100	      0.05101237	      2.00161245	     -2.37165428	      0.51895733	      1.27740624	      2.40459610	     -0.26360533	     -0.62360657
      0.24944555	      0.19846749	      1.41681317	      0.04608216	      1.99550769	     -2.37621053	      0.56636937	      1.29057147	      2.40165869	     -0.25458938	     -0.61415573
      0.25076537	      0.19298336	      1.41826286	      0.04112968	      1.98948930	     -2.38081844	      0.61318166	      1.30389362	      2.39824285	     -0.24581550	     -0.60459772
      0.25208519	      0.18745471	      1.41973996	      0.03615555	      1.98356092	     -2.38547666	      0.65936175	      1.31737061	      2.39467024	     -0.23729600	     -0.59493422
      0.25340500	      0.18187921	      1.42124407	      0.03116044	      1.97773536	     -2.39017912	      0.70488548	      1.33099983	      2.39091940	     -0.22904559	     -0.58516318
      0.25472482	      0.17625969	      1.42277516	      0.02614543	      1.97201522	     -2.39492649	      0.74973435	      1.34478041	      2.38706318	     -0.22107901	     -0.57528800
      0.25604464	      0.17060197	      1.42433338	      0.02111153	      1.96639590	     -2.39972344	      0.79388159	      1.35871205	      2.38346671	     -0.21340830	     -0.56531523
      0.25736446	      0.16490981	      1.42591887	      0.01605993	      1.96087546	     -2.40457171	      0.83731556	      1.37279392	      2.38024895	     -0.20605021	     -0.55524894
      0.25868427	      0.15918432	      1.42753155	      0.01099188	      1.95545924	     -2.40946956	      0.88002990	      1.38702495	      2.37726265	     -0.19902389	     -0.54509059
      0.26000409	      0.15342134	      1.42917121	      0.00590834	      1.95015817	     -2.41440800	      0.92202481	      1.40140143	      2.37427169	     -0.19234788	     -0.53483554
      0.26132391	      0.14761740	      1.43083773	      0.00081016	      1.94498101	     -2.41937895	      0.96329464	      1.41591958	      2.37119445	     -0.18603909	     -0.52447976
      0.26264373	      0.14176773	      1.43253108	     -0.00430202	      1.93993479	     -2.42437240	      1.00383358	      1.43057406	      2.36808947	     -0.18011341	     -0.51401746
      0.26396355	      0.13586905	      1.43425129	     -0.00942746	      1.93502489	     -2.42938037	      1.04363497	      1.44536031	      2.36502682	     -0.17458659	     -0.50344455
      0.26528336	      0.12991791	      1.43599841	     -0.01456532	      1.93025615	     -2.43439434	      1.08269648	      1.46027318	      2.36204066	     -0.16947529	     -0.49275660
      0.26660318	      0.12390995	      1.43777240	     -0.01971476	      1.92563673	     -2.43940460	      1.12101747	      1.47530755	      2.35903430	     -0.16479720	     -0.48194841
      0.26792300	      0.11784171	      1.43957338	     -0.02487494	      1.92117021	     -2.44440242	      1.15859761	      1.49045787	      2.35605975	     -0.16056863	     -0.47101542
      0.26924282	      0.11171049	      1.44140155	     -0.03004509	      1.91685789	     -2.44938017	      1.19543214	      1.50571863	      2.35330422	     -0.15680462	     -0.45995381
      0.27056263	      0.10551384	      1.44325728	     -0.03522443	      1.91269787	     -2.45433047	      1.23152163	      1.52108421	      2.35099438	     -0.15352126	     -0.44875973
      0.27188245	      0.09925033	      1.44514092	     -0.04041204	      1.90868769	     -2.45924733	      1.26686645	      1.53654962	      2.34933822	     -0.15073503	     -0.43743054
      0.27320227	      0.09291489	      1.44705270	     -0.04560697	      1.90483015	     -2.46411988	      1.30147861	      1.55210877	      2.34829149	     -0.14846440	     -0.42595954
      0.27452209	      0.08650181	      1.44899276	     -0.05080827	      1.90113082	     -2.46893632	      1.33537085	      1.56775547	      2.34771246	     -0.14672869	     -0.41433948
      0.27584191	      0.08000138	      1.45096120	     -0.05601518	      1.89759806	     -2.47367966	      1.36856020	      1.58348175	      2.34744096	     -0.14554566	     -0.40255833
      0.27716172	      0.07340466	      1.45295819	     -0.06122705	      1.89423855	     -2.47833393	      1.40105983	      1.59927964	      2.34742428	     -0.14493221	     -0.39060487
      0.27848154	      0.06670088	      1.45498405	     -0.06644337	      1.89105744	     -2.48288114	      1.43288530	      1.61514053	      2.34769816	     -0.14490398	     -0.37846535
      0.27980136	      0.05987964	      1.45703904	     -0.07166361	      1.88806039	     -2.48730369	      1.46405178	      1.63105593	      2.34827464	     -0.14547700	     -0.36612652
      0.28112118	      0.05293071	      1.45912361	     -0.07688715	      1.88524977	     -2.49158486	      1.49457912	      1.64701820	      2.34917768	     -0.14666682	     -0.35357501
      0.28244099	      0.04584402	      1.46123816	     -0.08211337	      1.88262866	     -2.49570799	      1.52448657	      1.66301969	      2.35041599	     -0.14848928	     -0.34079766
      0.28376081	      0.03861065	      1.46338331	     -0.08734149	      1.88019574	     -2.49965861	      1.55379763	      1.67905396	      2.35200030	     -0.15095966	     -0.32778228
      0.28508063	      0.03122140	      1.46555963	     -0.09257075	      1.87795048	     -2.50342194	      1.58253474	      1.69511461	      2.35395458	     -0.15409318	     -0.31451641
      0.28640045	      0.02366849	      1.46776789	     -0.09780024	      1.87588809	     -2.50698519	      1.61072375	      1.71119572	      2.35628225	     -0.15790505	     -0.30098888
      0.28772026	      0.01594388	      1.47000882	     -0.10302902	      1.87400471	     -2.51033622	      1.63839043	      1.72729336	      2.35897755	     -0.16241154	     -0.28718825
      0.28904008	      0.00804097	      1.47228327	     -0.10825601	      1.87229258	     -2.51346256	      1.66556173	      1.74339917	      2.36201747	     -0.16762717	     -0.27310462
      0.29035990	     -0.00004799	      1.47459196	     -0.11348027	      1.87074587	     -2.51634915	      1.69226384	      1.75950133	      2.36539482	     -0.17356357	     -0.25872695
      0.29167972	     -0.00832876	      1.47693565	     -0.11870064	      1.86935468	     -2.51898079	      1.71852224	      1.77558459	      2.36908028	     -0.18023376	     -0.24404648
      0.29299954	     -0.01680648	      1.47931517	     -0.12391592	      1.86810840	     -2.52134459	      1.74436316	      1.79163751	      2.37305685	     -0.18765375	     -0.22905508
      0.29431935	     -0.02548384	      1.48173145	     -0.12912462	      1.86699263	     -2.52343009	      1.76981102	      1.80764907	      2.37725008	     -0.19584125	     -0.21374735
      0.29563917	     -0.03436404	      1.48418540	     -0.13432531	      1.86599375	     -2.52522651	      1.79489124	      1.82360853	      2.38158896	     -0.20481397	     -0.19811726
      0.29695899	     -0.04345008	      1.48667791	     -0.13951646	      1.86509827	     -2.52672172	      1.81962432	      1.83950172	      2.38593829	     -0.21458566	     -0.18215918
      0.29827881	     -0.05274606	      1.48920980	     -0.14469662	      1.86429419	     -2.52790244	      1.84403232	      1.85531455	      2.39015259	     -0.22517017	     -0.16586617
      0.29959862	     -0.06225529	      1.49178186	     -0.14986436	      1.86356919	     -2.52875425	      1.86812899	      1.87102837	      2.39409405	     -0.23657640	     -0.14923237
      0.30091844	     -0.07198232	      1.49439487	     -0.15501831	      1.86291223	     -2.52926163	      1.89192948	      1.88662477	      2.39762427	     -0.24881269	     -0.13225044
      0.30223826	     -0.08192624	      1.49704969	     -0.16015684	      1.86230611	     -2.52941389	      1.91544017	      1.90208347	      2.40068824	     -0.26188828	     -0.11491943
      0.30355808	     -0.09208683	      1.49974719	     -0.16527833	      1.86173378	     -2.52920014	      1.93866908	      1.91738519	      2.40323649	     -0.27581277	     -0.09723746
      0.30487790	     -0.10245562	      1.50248835	     -0.17038063	      1.86116991	     -2.52861765	      1.96161723	      1.93251019	      2.40528533	     -0.29059874	     -0.07921243
      0.30619771	     -0.11302469	      1.50527418	     -0.17546162	      1.86058891	     -2.52766374	      1.98428717	      1.94743985	      2.40685669	     -0.30625916	     -0.06085143
      0.30751753	     -0.12378049	      1.50810556	     -0.18051872	      1.85996274	     -2.52633986	      2.00667678	      1.96215293	      2.40794189	     -0.32280727	     -0.04216868
      0.30883735	     -0.13471033	      1.51098339	     -0.18554945	      1.85926340	     -2.52464714	      2.02878484	      1.97662909	      2.40853677	     -0.34025614	     -0.02317724
      0.31015717	     -0.14580082	      1.51390817	     -0.19055121	      1.85846873	     -2.52258383	      2.05060737	      1.99084224	      2.40852750	     -0.35861764	     -0.00389198
      0.31147698	     -0.15703919	      1.51688047	     -0.19552145	      1.85755603	     -2.52014820	      2.07214135	      2.00476736	      2.40780090	     -0.37790369	      0.01567313
      0.31279680	     -0.16841454	      1.51990028	     -0.20045775	      1.85651204	     -2.51733206	      2.09338195	      2.01837237	      2.40615222	     -0.39812499	      0.03550514
      0.31411662	     -0.17991650	      1.52296770	     -0.20535773	      1.85532290	     -2.51412743	      2.11432461	      2.03162639	      2.40337319	     -0.41929250	      0.05559191
      0.31543644	     -0.19153538	      1.52608238	     -0.21021916	      1.85398142	     -2.51052163	      2.13496325	      2.04449242	      2.39926991	     -0.44141622	      0.07592118
      0.31675625	     -0.20326162	      1.52924405	     -0.21503980	      1.85247941	     -2.50650279	      2.15529169	      2.05693495	      2.39363832	     -0.46450667	      0.09648099
      0.31807607	     -0.21508348	      1.53245223	     -0.21981744	      1.85080962	     -2.50205845	      2.17530370	      2.06891379	      2.38640270	     -0.48857262	      0.11725630
      0.31939589	     -0.22698959	      1.53570649	     -0.22454989	      1.84896403	     -2.49717652	      2.19499227	      2.08038973	      2.37749087	     -0.51362262	      0.13823268
      0.32071571	     -0.23896503	      1.53900632	     -0.22923484	      1.84693263	     -2.49184647	      2.21435391	      2.09132018	      2.36695168	     -0.53966496	      0.15939118
      0.32203553	     -0.25099535	      1.54235123	     -0.23387001	      1.84470539	     -2.48605787	      2.23338422	      2.10166350	      2.35482072	     -0.56670823	      0.18071353
      0.32335534	     -0.26306311	      1.54574064	     -0.23845291	      1.84227070	     -2.47980157	      2.25208561	      2.11137537	      2.34116121	     -0.59476122	      0.20217761
      0.32467516	     -0.27515152	      1.54917397	     -0.24298108	      1.83961766	     -2.47306813	      2.27045925	      2.12041224	      2.32601231	     -0.62383336	      0.22376212
      0.32599498	     -0.28724099	      1.55265056	     -0.24745182	      1.83673320	     -2.46584942	      2.28851395	      2.12872803	      2.30940445	     -0.65393260	      0.24544222
      0.32731480	     -0.29931255	      1.55616979	     -0.25186247	      1.83360500	     -2.45813701	      2.30625660	      2.13627726	      2.29136341	     -0.68506747	      0.26719380
      0.32863461	     -0.31134559	      1.55973102	     -0.25621025	      1.83021821	     -2.44992281	      2.32370133	      2.14301172	      2.27192477	     -0.71724324	      0.28899084
      0.32995443	     -0.32331965	      1.56333365	     -0.26049237	      1.82655847	     -2.44119886	      2.34086058	      2.14888392	      2.25111973	     -0.75046621	      0.31080750
      0.33127425	     -0.33521400	      1.56697714	     -0.26470605	      1.82260874	     -2.43195633	      2.35775348	      2.15384351	      2.22901441	     -0.78473767	      0.33261782
      0.33259407	     -0.34700769	      1.57066098	     -0.26884849	      1.81835218	     -2.42218697	      2.37439742	      2.15784099	      2.20568145	     -0.82006042	      0.35439559
      0.33391389	     -0.35868078	      1.57438475	     -0.27291698	      1.81377006	     -2.41188038	      2.39081634	      2.16082374	      2.18121076	     -0.85643035	      0.37611608
      0.33523370	     -0.37021296	      1.57814804	     -0.27690878	      1.80884390	     -2.40102684	      2.40703281	      2.16274003	      2.15569234	     -0.89384540	      0.39775407
      0.33655352	     -0.38158643	      1.58195051	     -0.28082133	      1.80355502	     -2.38961281	      2.42307545	      2.16353448	      2.12919122	     -0.93229446	      0.41928751
      0.33787334	     -0.39278299	      1.58579178	     -0.28465203	      1.79788517	     -2.37762541	      2.43897186	      2.16315255	      2.10176556	     -0.97176891	      0.44069385
      0.33919316	     -0.40378751	      1.58967156	     -0.28839857	      1.79181642	     -2.36504744	      2.45475386	      2.16153579	      2.07344868	     -1.01224904	      0.46195441
      0.34051297	     -0.41458442	      1.59358953	     -0.29205855	      1.78533110	     -2.35186242	      2.47045236	      2.15862665	      2.04427575	     -1.05371805	      0.48304988
      0.34183279	     -0.42516045	      1.59754550	     -0.29562993	      1.77841074	     -2.33805075	      2.48610051	      2.15436375	      2.01428504	     -1.09614623	      0.50396404
      0.34315261	     -0.43550209	      1.60153922	     -0.29911056	      1.77103742	     -2.32359317	      2.50173091	      2.14868657	      1.98351224	     -1.13950704	      0.52468028
      0.34447243	     -0.44559669	      1.60557061	     -0.30249864	      1.76319064	     -2.30846929	      2.51737701	      2.14153107	      1.95202274	     -1.18376015	      0.54518335
      0.34579224	     -0.45543125	      1.60963955	     -0.30579224	      1.75485014	     -2.29265924	      2.53307212	      2.13283423	      1.91988398	     -1.22886858	      0.56545756
      0.34711206	     -0.46499266	      1.61374606	     -0.30898977	      1.74599251	     -2.27614313	      2.54884958	      2.12252959	      1.88718898	     -1.27478131	      0.58548734
      0.34843188	     -0.47426751	      1.61789013	     -0.31208951	      1.73659458	     -2.25890150	      2.56474298	      2.11055170	      1.85402863	     -1.32145073	      0.60525674
      0.34975170	     -0.48324252	      1.62207176	     -0.31509015	      1.72663143	     -2.24091434	      2.58078483	      2.09683127	      1.82049435	     -1.36881518	      0.62474999
      0.35107152	     -0.49190422	      1.62629096	     -0.31799026	      1.71607833	     -2.22216187	      2.59700813	      2.08129970	      1.78667600	     -1.41681592	      0.64395111
      0.35239133	     -0.50024017	      1.63054763	     -0.32078893	      1.70491100	     -2.20262256	      2.61344327	      2.06388471	      1.75264732	     -1.46538194	      0.66284513
      0.35371115	     -0.50823780	      1.63484167	     -0.32348513	      1.69310520	     -2.18227496	      2.63012125	      2.04451433	      1.71848393	     -1.51444459	      0.68141690
      0.35503097	     -0.51588615	      1.63917282	     -0.32607850	      1.68063851	     -2.16109571	      2.64706935	      2.02311473	      1.68424264	     -1.56392661	      0.69965294
      0.35635079	     -0.52317406	      1.64354086	     -0.32856851	      1.66748835	     -2.13906148	      2.66431561	      1.99961226	      1.64998336	     -1.61375356	      0.71753954
      0.35767060	     -0.53009191	      1.64794537	     -0.33095535	      1.65363402	     -2.11614832	      2.68188401	      1.97393387	      1.61575219	     -1.66384319	      0.73506447
      0.35899042	     -0.53663030	      1.65238598	     -0.33323905	      1.63905511	     -2.09233151	      2.69979932	      1.94600651	      1.58159874	     -1.71411812	      0.75221583
      0.36031024	     -0.54277976	      1.65686218	     -0.33542034	      1.62373109	     -2.06758912	      2.71808285	      1.91575926	      1.54756375	     -1.76448531	      0.76898139
      0.36163006	     -0.54853125	      1.66137349	     -0.33749975	      1.60764183	     -2.04189814	      2.73675687	      1.88312221	      1.51369107	     -1.81486177	      0.78534954
      0.36294988	     -0.55387293	      1.66591935	     -0.33947851	      1.59076391	     -2.01524274	      2.75584071	      1.84802475	      1.48001626	     -1.86512420	      0.80130502
      0.36426969	     -0.55879279	      1.67049927	     -0.34135751	      1.57307333	     -1.98760683	      2.77535516	      1.81039851	      1.44657744	     -1.91516279	      0.81683263
      0.36558951	     -0.56327553	      1.67511246	     -0.34313876	      1.55454328	     -1.95898139	      2.79531671	      1.77016532	      1.41340236	     -1.96479285	      0.83191251
      0.36690933	     -0.56730629	      1.67975821	     -0.34482400	      1.53514719	     -1.92935539	      2.81574288	      1.72724227	      1.38052152	     -2.01382251	      0.84652547
      0.36822915	     -0.57086899	      1.68443517	     -0.34641650	      1.51485936	     -1.89872316	      2.83664502	      1.68154597	      1.34795309	     -2.06204294	      0.86064959
      0.36954896	     -0.57394943	      1.68914208	     -0.34791948	      1.49365601	     -1.86707511	      2.85803528	      1.63298594	      1.31571858	     -2.10922606	      0.87426527
      0.37086878	     -0.57653097	      1.69387714	     -0.34933718	      1.47151271	     -1.83441185	      2.87992044	      1.58150357	      1.28382521	     -2.15525183	      0.88734888
      0.37218860	     -0.57859871	      1.69863872	     -0.35067370	      1.44840595	     -1.80073232	      2.90230972	      1.52704237	      1.25228370	     -2.20000107	      0.89987922
      0.37350842	     -0.58013040	      1.70342488	     -0.35193312	      1.42430669	     -1.76604899	      2.92520520	      1.46958018	      1.22108918	     -2.24345413	      0.91182545
      0.37482823	     -0.58110619	      1.70823379	     -0.35311953	      1.39918812	     -1.73037162	      2.94860983	      1.40909291	      1.19024080	     -2.28558510	      0.92315992
      0.37614805	     -0.58149195	      1.71306339	     -0.35423615	      1.37300966	     -1.69372464	      2.97252121	      1.34556507	      1.15972070	     -2.32639579	      0.93383703
      0.37746787	     -0.58125407	      1.71791176	     -0.35528613	      1.34573009	     -1.65613205	      2.99693944	      1.27897854	      1.12951493	     -2.36588005	      0.94381216
      0.37878769	     -0.58034642	      1.72277645	     -0.35627202	      1.31729804	     -1.61762528	      3.02185707	      1.20930214	      1.09959280	     -2.40401380	      0.95302427
      0.38010751	     -0.57872122	      1.72765526	     -0.35719615	      1.28765937	     -1.57823850	      3.04726783	      1.13650505	      1.06992786	     -2.44076981	      0.96141075
      0.38142732	     -0.57633396	      1.73254491	     -0.35806167	      1.25676930	     -1.53799412	      3.07315663	      1.06053698	      1.04047736	     -2.47609775	      0.96891060
      0.38274714	     -0.57313997	      1.73744217	     -0.35887168	      1.22458318	     -1.49691236	      3.09950654	      0.98134044	      1.01120269	     -2.50993561	      0.97546262
      0.38406696	     -0.56911353	      1.74234282	     -0.35963131	      1.19108070	     -1.45499361	      3.12630017	      0.89886511	      0.98204917	     -2.54224943	      0.98102630
      0.38538678	     -0.56422992	      1.74724254	     -0.36034578	      1.15624467	     -1.41223353	      3.15351444	      0.81305058	      0.95296672	     -2.57298734	      0.98556211
      0.38670659	     -0.55847920	      1.75213717	     -0.36102152	      1.12006757	     -1.36863180	      3.18114856	      0.72389410	      0.92388788	     -2.60220179	      0.98904878
      0.38802641	     -0.55184963	      1.75702243	     -0.36166488	      1.08254344	     -1.32418659	      3.20919193	      0.63138445	      0.89475000	     -2.62993007	      0.99146257
      0.38934623	     -0.54432828	      1.76189563	     -0.36228153	      1.04364435	     -1.27893072	      3.23768688	      0.53559557	      0.86547024	     -2.65633215	      0.99278175
      0.39066605	     -0.53589888	      1.76675385	     -0.36287695	      1.00334452	     -1.23289629	      3.26666026	      0.43659236	      0.83597070	     -2.68155768	      0.99298013
      0.39198587	     -0.52653982	      1.77159626	     -0.36345520	      0.96157969	     -1.18615116	      3.29622002	      0.33450493	      0.80615119	     -2.70581931	      0.99202950
      0.39330568	     -0.51623006	      1.77642156	     -0.36402055	      0.91829529	     -1.13875677	      3.32645174	      0.22945186	      0.77591658	     -2.72932186	      0.98990149
      0.39462550	     -0.50494891	      1.78123025	     -0.36457627	      0.87339530	     -1.09079230	      3.35754528	      0.12157797	      0.74514987	     -2.75226246	      0.98657195
      0.39594532	     -0.49267943	      1.78602229	     -0.36512614	      0.82679966	     -1.04232741	      3.38966306	      0.01101835	      0.71373950	     -2.77483456	      0.98202016
      0.39726514	     -0.47940138	      1.79079929	     -0.36567291	      0.77837359	     -0.99344610	      3.42309108	     -0.10208706	      0.68155348	     -2.79719688	      0.97622506
      0.39858495	     -0.46509820	      1.79556237	     -0.36621981	      0.72799941	     -0.94422435	      3.45808747	     -0.21760407	      0.64846581	     -2.81950845	      0.96916894
      0.39990477	     -0.44973553	      1.80031459	     -0.36676820	      0.67548058	     -0.89476840	      3.49504192	     -0.33539099	      0.61432942	     -2.84190730	      0.96081687
      0.40122459	     -0.43328202	      1.80505862	     -0.36731978	      0.62063623	     -0.84517806	      3.53432348	     -0.45530992	      0.57900507	     -2.86453252	      0.95113662
      0.40254441	     -0.41567847	      1.80979927	     -0.36787385	      0.56319499	     -0.79559734	      3.57640968	     -0.57720339	      0.54232634	     -2.88752764	      0.94006705
      0.40386422	     -0.39686781	      1.81454109	     -0.36842992	      0.50289622	     -0.74616500	      3.62177749	     -0.70091803	      0.50414057	     -2.91103529	      0.92754894
      0.40518404	     -0.37677151	      1.81929035	     -0.36898581	      0.43941213	     -0.69705817	      3.67092944	     -0.82627308	      0.46424786	     -2.93521909	      0.91350093
      0.40650386	     -0.35531043	      1.82405329	     -0.36953929	      0.37241350	     -0.64845214	      3.72440675	     -0.95309237	      0.42247584	     -2.96023981	      0.89784083
      0.40782368	     -0.33240732	      1.82883645	     -0.37008844	      0.30157194	     -0.60053244	      3.78260051	     -1.08117396	      0.37855235	     -2.98628168	      0.88048946
      0.40914350	     -0.30798034	      1.83364678	     -0.37063098	      0.22653839	     -0.55348793	      3.84600197	     -1.21031997	      0.33225785	     -3.01352553	      0.86136300
      0.41046331	     -0.28198075	      1.83848909	     -0.37116736	      0.14707250	     -0.50747744	      3.91465857	     -1.34031612	      0.28316151	     -3.04216806	      0.84041301
      0.41178313	     -0.25435409	      1.84336910	     -0.37169773	      0.06289383	     -0.46266544	      3.98879221	     -1.47095123	      0.23091642	     -3.07240291	      0.81758620
      0.41310295	     -0.22509876	      1.84828737	     -0.37222603	     -0.02604839	     -0.41915734	      4.06778504	     -1.60200827	      0.17478354	     -3.10443037	      0.79288199
      0.41442277	     -0.19421531	      1.85324560	     -0.37275672	     -0.11984961	     -0.37705472	      4.15124326	     -1.73327684	      0.11411385	     -3.13844463	      0.76630496
      0.41574258	     -0.16173647	      1.85823811	     -0.37329538	     -0.21830482	     -0.33641871	      4.23756194	     -1.86454220	      0.04768370	     -3.17464646	      0.73788218
      0.41706240	     -0.12771765	      1.86325978	     -0.37384969	     -0.32122606	     -0.29728053	      4.32532700	     -1.99560369	     -0.02581406	     -3.21322725	      0.70766959
      0.41838222	     -0.09215012	      1.86829948	     -0.37441987	     -0.42821518	     -0.25975045	      4.41187944	     -2.12622029	     -0.10797031	     -3.25441146	      0.67563176
      0.41970204	     -0.05507118	      1.87334550	     -0.37500953	     -0.53885427	     -0.22387724	      4.49470433	     -2.25617623	     -0.20107864	     -3.29841043	      0.64178771
      0.42102186	     -0.01627894	      1.87838799	     -0.37560259	     -0.65283316	     -0.19001888	      4.57060685	     -2.38513984	     -0.30539280	     -3.34550649	      0.60587030
      0.42234167	      0.02442691	      1.88341966	     -0.37618379	     -0.76997151	     -0.15853307	      4.63703429	     -2.51278362	     -0.42209626	     -3.39597778	      0.56761989
      0.42366149	      0.06756855	      1.88844118	     -0.37671577	     -0.89031875	     -0.13020449	      4.69077977	     -2.63861845	     -0.54557361	     -3.45017779	      0.52640413
      0.42498131	      0.11389514	      1.89347198	     -0.37715450	     -1.01458869	     -0.10613662	      4.73057742	     -2.76205175	     -0.66676040	     -3.50845893	      0.48135718
      0.42630113	      0.16380237	      1.89849518	     -0.37746396	     -1.14207862	     -0.08692881	      4.75027991	     -2.88264637	     -0.77851413	     -3.57118242	      0.43196116
      0.42762094	      0.21798213	      1.90350915	     -0.37760003	     -1.27254296	     -0.07356684	      4.74436974	     -2.99987629	     -0.87062378	     -3.63866805	      0.37737273
      0.42894076	      0.27522132	      1.90838146	     -0.37758318	     -1.40120308	     -0.06441875	      4.69588012	     -3.11403499	     -0.95956712	     -3.71123269	      0.31876794
      0.43026058	      0.33417974	      1.91295260	     -0.37743464	     -1.52240142	     -0.05760481	      4.58447594	     -3.22558024	     -1.07262027	     -3.78916423	      0.25741599
      0.43158040	      0.39182631	      1.91700991	     -0.37724178	     -1.62863566	     -0.04915237	      4.38931111	     -3.33534669	     -1.23566362	     -3.87292552	      0.19652031
      0.43290021	      0.44519133	      1.92033900	     -0.37709167	     -1.71229028	     -0.03515078	      4.08855044	     -3.44416461	     -1.47474731	     -3.96305659	      0.13920610
      0.43422003	      0.49168845	      1.92286983	     -0.37707036	     -1.77090972	     -0.01265578	      3.68246027	     -3.55206183	     -1.76947339	     -4.06021426	      0.08845784
      0.43553985	      0.52879252	      1.92454027	     -0.37726689	     -1.80216669	      0.02117907	      3.17129050	     -3.65896884	     -2.10024391	     -4.16551794	      0.04720374
      0.43685967	      0.55548408	      1.92544947	     -0.37771053	     -1.80982659	      0.06691381	      2.57731017	     -3.76397603	     -2.40756984	     -4.27913091	      0.01690501
      0.43817949	      0.57063345	      1.92570122	     -0.37844515	     -1.79702364	      0.12517842	      1.91906109	     -3.86577028	     -2.62627459	     -4.40382863	     -0.00083246
      0.43949930	      0.57445557	      1.92540121	     -0.37941223	     -1.76904989	      0.19514092	      1.22264906	     -3.96375092	     -2.70195812	     -4.53632831	     -0.00603401
      0.44081912	      0.56750369	      1.92470778	     -0.38050963	     -1.73137175	      0.27515814	      0.51130076	     -4.05464882	     -2.58627935	     -4.68772018	      0.00098400
      0.44213894	      0.54979682	      1.92351261	     -0.38167411	     -1.68685963	      0.36606805	     -0.19074301	     -4.14473263	     -2.29085938	     -4.81187919	      0.01994996
      0.44345876	      0.51954706	      1.92158625	     -0.38307557	     -1.63416005	      0.47209184	     -0.87761049	     -4.24808462	     -1.75625167	     -4.83673710	      0.05250973
      0.44477857	      0.48281379	      1.91919282	     -0.38431687	     -1.60043460	      0.58537093	     -1.40762150	     -4.36799208	     -0.70916604	     -4.72815905	      0.09190253
      0.44609839	      0.44353107	      1.91635054	     -0.38492384	     -1.61207203	      0.70031115	     -1.61194674	     -4.50427379	      0.86620645	     -4.45514134	      0.13339319
      0.44741821	      0.39394916	      1.91196379	     -0.38479355	     -1.62956722	      0.82650413	     -1.64101994	     -4.64556570	      2.19512739	     -4.03333613	      0.18391879
      0.44873803	      0.33364029	      1.90566851	     -0.38350566	     -1.62938282	      0.96319631	     -1.62119190	     -4.77618869	      2.89305634	     -3.47534142	      0.24318161
      0.45005785	      0.27331993	      1.89835193	     -0.38025692	     -1.62557509	      1.09739777	     -1.55662358	     -4.89192337	      3.27724117	     -2.88344918	      0.30019368
      0.45137766	      0.21793306	      1.89033943	     -0.37462638	     -1.61869837	      1.22407086	     -1.48030610	     -4.99201443	      3.47765464	     -2.37812571	      0.34969988
      0.45269748	      0.16797807	      1.88171518	     -0.36687643	     -1.60736629	      1.34243802	     -1.40864839	     -5.07558725	      3.59774202	     -1.97747649	      0.39128964
      0.45401730	      0.12476085	      1.87260679	     -0.35708964	     -1.59212308	      1.45098472	     -1.35143042	     -5.14278712	      3.69321632	     -1.67456894	      0.42367168
      0.45533712	      0.08790615	      1.86307814	     -0.34548528	     -1.57400563	      1.55066166	     -1.30587777	     -5.19762480	      3.75432630	     -1.43423690	      0.44744725
      0.45665693	      0.05776768	      1.85323476	     -0.33222610	     -1.55435135	      1.64134899	     -1.27234513	     -5.24255341	      3.79753840	     -1.23747065	      0.46242773
      0.45797675	      0.03397758	      1.84315819	     -0.31753226	     -1.53399065	      1.72367275	     -1.24890703	     -5.27962757	      3.81984142	     -1.07073613	      0.46924170
      0.45929657	      0.01629817	      1.83293298	     -0.30162018	     -1.51355412	      1.79807532	     -1.23486530	     -5.31057929	      3.82714263	     -0.92330645	      0.46836721
      0.46061639	      0.00425824	      1.82263598	     -0.28471065	     -1.49353797	      1.86507869	     -1.22873108	     -5.33619651	      3.81924231	     -0.79194151	      0.46054488
      0.46193620	     -0.00244037	      1.81235690	     -0.26701421	     -1.47481446	      1.92500446	     -1.22872082	     -5.35737787	      3.79761469	     -0.67175165	      0.44633518
      0.46325602	     -0.00413829	      1.80217750	     -0.24871106	     -1.45833585	      1.97809465	     -1.23269572	     -5.37438744	      3.76203914	     -0.56154414	      0.42633032
      0.46457584	     -0.00115978	      1.79218288	     -0.22998766	     -1.44508523	      2.02459720	     -1.23853468	     -5.38764050	      3.71308063	     -0.45903881	      0.40111058
      0.46589566	      0.00604248	      1.78242929	     -0.21099970	     -1.43561775	      2.06492356	     -1.24464297	     -5.39734711	      3.65167278	     -0.36359391	      0.37134640
      0.46721548	      0.01701499	      1.77297735	     -0.19191241	     -1.43051677	      2.09949350	     -1.24939844	     -5.40379540	      3.57903731	     -0.27410346	      0.33771914
      0.46853529	      0.03120537	      1.76385253	     -0.17285726	     -1.42978009	      2.12890990	     -1.25200001	     -5.40723037	      3.49667325	     -0.19028180	      0.30095112
      0.46985511	      0.04806550	      1.75508647	     -0.15397480	     -1.43348668	      2.15376166	     -1.25151240	     -5.40792155	      3.40604572	     -0.11164319	      0.26177339
      0.47117493	      0.06706444	      1.74668227	     -0.13536553	     -1.44131136	      2.17468280	     -1.24767270	     -5.40611963	      3.30848190	     -0.03810033	      0.22083256
      0.47249475	      0.08767180	      1.73864912	     -0.11713853	     -1.45301698	      2.19229283	     -1.24007216	     -5.40207953	      3.20530475	      0.03052431	      0.17878819
      0.47381456	      0.10945942	      1.73097763	     -0.09936116	     -1.46819231	      2.20713839	     -1.22872889	     -5.39603131	      3.09756123	      0.09427898	      0.13613485
      0.47513438	      0.13198653	      1.72366284	     -0.08210923	     -1.48648001	      2.21976968	     -1.21355578	     -5.38820788	      2.98635140	      0.15324893	      0.09339228
      0.47645420	      0.15492447	      1.71668864	     -0.06542243	     -1.50747209	      2.23063793	     -1.19471229	     -5.37882306	      2.87251470	      0.20754402	      0.05092012
      0.47777402	      0.17792124	      1.71004155	     -0.04934831	     -1.53077773	      2.24021489	     -1.17229601	     -5.36809687	      2.75695896	      0.25728294	      0.00911201
      0.47909384	      0.20071199	      1.70370165	     -0.03390702	     -1.55599763	      2.24889145	     -1.14654518	     -5.35623610	      2.64035203	      0.30265494	     -0.03175762
      0.48041365	      0.22300769	      1.69765037	     -0.01912509	     -1.58273147	      2.25708326	     -1.11766235	     -5.34345467	      2.52341405	      0.34384139	     -0.07138224
      0.48173347	      0.24459081	      1.69186612	     -0.00500917	     -1.61059380	      2.26513165	     -1.08593293	     -5.32994645	      2.40666553	      0.38107962	     -0.10954804
      0.48305329	      0.26522251	      1.68632783	      0.00842931	     -1.63919080	      2.27340175	     -1.05162268	     -5.31591322	      2.29067250	      0.41459890	     -0.14601438
      0.48437311	      0.28473790	      1.68101420	      0.02119360	     -1.66817146	      2.28216944	     -1.01504632	     -5.30152072	      2.17584616	      0.44464975	     -0.18063038
      0.48569292	      0.30295162	      1.67590381	      0.03328336	     -1.69717011	      2.29173587	     -0.97651006	     -5.28694508	      2.06264041	      0.47148092	     -0.21322059
      0.48701274	      0.31976331	      1.67097716	      0.04470960	     -1.72589506	      2.30228996	     -0.93634053	     -5.27231017	      1.95137049	      0.49532641	     -0.24370814
      0.48833256	      0.33505202	      1.66621422	      0.05548065	     -1.75403471	      2.31404798	     -0.89486323	     -5.25775245	      1.84238615	      0.51642212	     -0.27199241
      0.48965238	      0.34878991	      1.66159838	      0.06561385	     -1.78137785	      2.32709790	     -0.85239495	     -5.24334616	      1.73590606	      0.53496868	     -0.29807782
      0.49097219	      0.36092946	      1.65711220	      0.07512457	     -1.80769074	      2.34155537	     -0.80925694	     -5.22917980	      1.63217945	      0.55117186	     -0.32194682
      0.49229201	      0.37151237	      1.65274249	      0.08403506	     -1.83285154	      2.35740918	     -0.76573502	     -5.21527799	      1.53133384	      0.56520125	     -0.34368034
      0.49361183	      0.38056255	      1.64847500	      0.09236616	     -1.85671494	      2.37467624	     -0.72212413	     -5.20168496	      1.43352372	      0.57723247	     -0.36334015
      0.49493165	      0.38817647	      1.64430010	      0.10014337	     -1.87924142	      2.39326036	     -0.67866480	     -5.18837244	      1.33879760	      0.58741443	     -0.38106549
      0.49625147	      0.39443890	      1.64020744	      0.10739154	     -1.90037372	      2.41307988	     -0.63560824	     -5.17531411	      1.24722686	      0.59590313	     -0.39698290
      0.49757128	      0.39947663	      1.63619045	      0.11413735	     -1.92013068	      2.43398369	     -0.59314702	     -5.16243660	      1.15879842	      0.60284094	     -0.41126133
      0.49889110	      0.40340726	      1.63224160	      0.12040707	     -1.93851382	      2.45583739	     -0.55148751	     -5.14968093	      1.07351734	      0.60837972	     -0.42406064
      0.50021092	      0.40636163	      1.62835590	      0.12622631	     -1.95556845	      2.47848285	     -0.51078082	     -5.13697371	      0.99132749	      0.61264434	     -0.43555092
      0.50153074	      0.40846814	      1.62452776	      0.13162086	     -1.97133037	      2.50176689	     -0.47119070	     -5.12424492	      0.91218596	      0.61576180	     -0.44590059
      0.50285055	      0.40984866	      1.62075333	      0.13661434	     -1.98585559	      2.52554087	     -0.43283132	     -5.11142470	      0.83601005	      0.61783135	     -0.45526610
      0.50417037	      0.41062659	      1.61702834	      0.14123083	     -1.99919533	      2.54965515	     -0.39582843	     -5.09844339	      0.76272575	      0.61895999	     -0.46380672
      0.50549019	      0.41090680	      1.61334969	      0.14549139	     -2.01140508	      2.57398158	     -0.36026478	     -5.08523946	      0.69223658	      0.61922909	     -0.47165647
      0.50681001	      0.41079821	      1.60971398	      0.14941774	     -2.02253886	      2.59838742	     -0.32623331	     -5.07174969	      0.62445090	      0.61872605	     -0.47895493
      0.50812983	      0.41038598	      1.60611861	      0.15302829	     -2.03264644	      2.62276896	     -0.29379012	     -5.05792244	      0.55926779	      0.61751389	     -0.48581102
      0.50944964	      0.40976054	      1.60256078	      0.15634222	     -2.04177813	      2.64701614	     -0.26300004	     -5.04370343	      0.49658828	      0.61566032	     -0.49234044
      0.51076946	      0.40898817	      1.59903830	      0.15937550	     -2.04997689	      2.67104891	     -0.23389646	     -5.02905077	      0.43631334	      0.61321285	     -0.49862826
      0.51208928	      0.40814062	      1.59554881	      0.16214486	     -2.05728720	      2.69478045	     -0.20652011	     -5.01391950	      0.37834385	      0.61022031	     -0.50476647
      0.51340910	      0.40726761	      1.59209044	      0.16466416	     -2.06374597	      2.71815153	     -0.18088500	     -4.99827689	      0.32258648	      0.60672361	     -0.51081927
      0.51472891	      0.40642395	      1.58866121	      0.16694794	     -2.06939184	      2.74109660	     -0.15701134	     -4.98208690	      0.26894645	      0.60275861	     -0.51685725
      0.51604873	      0.40564515	      1.58525953	      0.16900826	     -2.07425656	      2.76357422	     -0.13489687	     -4.96532623	      0.21733824	      0.59838111	     -0.52292673
      0.51736855	      0.40497104	      1.58188372	      0.17085773	     -2.07837321	      2.78553765	     -0.11454463	     -4.94796830	      0.16767407	      0.59363686	     -0.52907946
      0.51868837	      0.40442538	      1.57853245	      0.17250687	     -2.08176939	      2.80696020	     -0.09593897	     -4.93000030	      0.11987736	      0.58862946	     -0.53534692
      0.52000818	      0.40403515	      1.57520429	      0.17396659	     -2.08447316	      2.82781122	     -0.07906906	     -4.91140724	      0.07386914	      0.58345977	     -0.54176476
      0.52132800	      0.40381575	      1.57189816	      0.17524621	     -2.08651049	      2.84807439	     -0.06390777	     -4.89218608	      0.02958178	      0.57829181	     -0.54835371
      0.52264782	      0.40378465	      1.56861288	      0.17635529	     -2.08790686	      2.86773081	     -0.05043234	     -4.87233489	     -0.01305453	      0.57332599	     -0.55513735
      0.52396764	      0.40395308	      1.56534778	      0.17730244	     -2.08869098	      2.88676911	     -0.03860429	     -4.85185116	     -0.05410065	      0.56868460	     -0.56213054
      0.52528746	      0.40433410	      1.56210207	      0.17809651	     -2.08889124	      2.90517562	     -0.02838875	     -4.83073287	     -0.09361984	      0.56451771	     -0.56935060
      0.52660727	      0.40493761	      1.55887555	      0.17874590	     -2.08854217	      2.92294035	     -0.01973570	     -4.80896376	     -0.13166766	      0.56072530	     -0.57680962
      0.52792709	      0.40577603	      1.55566802	      0.17925934	     -2.08767955	      2.94004988	     -0.01259731	     -4.78652223	     -0.16830247	      0.55716717	     -0.58452285
      0.52924691	      0.40685706	      1.55247965	      0.17964487	     -2.08634126	      2.95649744	     -0.00691491	     -4.76338639	     -0.20357224	      0.55360972	     -0.59249893
      0.53056673	      0.40818893	      1.54931045	      0.17991063	     -2.08456386	      2.97227632	     -0.00263281	     -4.73953702	     -0.23752580	      0.54984631	     -0.60074750
      0.53188654	      0.40977320	      1.54616067	      0.18006372	     -2.08238153	      2.98738822	      0.00031179	     -4.71496655	     -0.27020687	      0.54575930	     -0.60926965
      0.53320636	      0.41161379	      1.54303054	      0.18011157	     -2.07983012	      3.00183155	      0.00198046	     -4.68966279	     -0.30166114	      0.54120034	     -0.61806935
      0.53452618	      0.41370550	      1.53992039	      0.18006028	     -2.07693837	      3.01561517	      0.00243841	     -4.66363346	     -0.33192914	      0.53624858	     -0.62713931
      0.53584600	      0.41604506	      1.53683052	      0.17991619	     -2.07373636	      3.02874540	      0.00174977	     -4.63688645	     -0.36105260	      0.53100701	     -0.63647468
      0.53716582	      0.41861877	      1.53376124	      0.17968433	     -2.07024443	      3.04124155	     -0.00001977	     -4.60944289	     -0.38906829	      0.52567773	     -0.64605798
      0.53848563	      0.42141552	      1.53071289	      0.17937009	     -2.06648550	      3.05311981	     -0.00280455	     -4.58131724	     -0.41601420	      0.52039066	     -0.65587477
      0.53980545	      0.42441419	      1.52768577	      0.17897760	     -2.06247237	      3.06440940	     -0.00653887	     -4.55253600	     -0.44192435	      0.51534043	     -0.66589867
      0.54112527	      0.42759782	      1.52468030	      0.17851146	     -2.05822284	      3.07513338	     -0.01115583	     -4.52311903	     -0.46683417	      0.51069076	     -0.67610805
      0.54244509	      0.43093584	      1.52169657	      0.17797450	     -2.05373816	      3.08533382	     -0.01659284	     -4.49311467	     -0.49077319	      0.50683154	     -0.68646556
      0.54376490	      0.43439769	      1.51873469	      0.17736917	     -2.04901848	      3.09504792	     -0.02278962	     -4.46259914	     -0.51376932	      0.50469381	     -0.69693395
      0.54508472	      0.43794172	      1.51579437	      0.17669770	     -2.04405163	      3.10434115	     -0.02968598	     -4.43158977	     -0.53585341	      0.50386375	     -0.70746338
      0.54640454	      0.44154314	      1.51287697	      0.17596443	     -2.03885021	      3.11323692	     -0.03721145	     -4.40002741	     -0.55705888	      0.50368303	     -0.71802072
      0.54772436	      0.44523038	      1.50998835	      0.17517702	     -2.03350401	      3.12163151	     -0.04526772	     -4.36782175	     -0.57740957	      0.50527964	     -0.72862695
      0.54904417	      0.44895384	      1.50712732	      0.17433669	     -2.02799042	      3.12961758	     -0.05379783	     -4.33502415	     -0.59693385	      0.50807458	     -0.73922477
      0.55036399	      0.45263150	      1.50428784	      0.17344105	     -2.02223801	      3.13741445	     -0.06276134	     -4.30181489	     -0.61565801	      0.51016914	     -0.74972873
      0.55168381	      0.45626700	      1.50147142	      0.17249449	     -2.01629771	      3.14502457	     -0.07207440	     -4.26825767	     -0.63360363	      0.51210603	     -0.76013989
      0.55300363	      0.45989908	      1.49868279	      0.17150449	     -2.01027054	      3.15236665	     -0.08163706	     -4.23432024	     -0.65079611	      0.51459165	     -0.77049432
      0.55432345	      0.46353569	      1.49592419	      0.17047649	     -2.00421421	      3.15943278	     -0.09136368	     -4.19999420	     -0.66726203	      0.51737760	     -0.78079653
      0.55564326	      0.46718272	      1.49319852	      0.16941538	     -1.99818332	      3.16620477	     -0.10117180	     -4.16525636	     -0.68302752	      0.52041970	     -0.79104714
      0.55696308	      0.47084296	      1.49050827	      0.16832573	     -1.99222823	      3.17267295	     -0.11098007	     -4.13010077	     -0.69811828	      0.52374034	     -0.80124385
      0.55828290	      0.47450974	      1.48785579	      0.16721092	     -1.98638448	      3.17883762	     -0.12071561	     -4.09452523	     -0.71256016	      0.52741932	     -0.81137335
      0.55960272	      0.47817810	      1.48524342	      0.16607459	     -1.98069061	      3.18469807	     -0.13030335	     -4.05852496	     -0.72637942	      0.53147481	     -0.82142438
      0.56092253	      0.48183610	      1.48267328	      0.16491934	     -1.97517252	      3.19026250	     -0.13967732	     -4.02209971	     -0.73960209	      0.53593856	     -0.83137780
      0.56224235	      0.48547345	      1.48014754	      0.16374801	     -1.96985936	      3.19553694	     -0.14876907	     -3.98524897	     -0.75225426	      0.54084948	     -0.84121636
      0.56356217	      0.48907512	      1.47766815	      0.16256255	     -1.96476942	      3.20053391	     -0.15752027	     -3.94797601	     -0.76436163	      0.54624872	     -0.85091763
      0.56488199	      0.49262707	      1.47523708	      0.16136512	     -1.95992360	      3.20526460	     -0.16586991	     -3.91028308	     -0.77594999	      0.55217291	     -0.86046028
      0.56620181	      0.49611216	      1.47285607	      0.16015711	     -1.95533302	      3.20974465	     -0.17376836	     -3.87217528	     -0.78704468	      0.55865645	     -0.86981986
      0.56752162	      0.49951374	      1.47052691	      0.15894008	     -1.95101090	      3.21398898	     -0.18116315	     -3.83365718	     -0.79767107	      0.56573483	     -0.87897234
      0.56884144	      0.50281384	      1.46825114	      0.15771497	     -1.94696205	      3.21801468	     -0.18801409	     -3.79473528	     -0.80785418	      0.57344081	     -0.88789279
      0.57016126	      0.50599460	      1.46603032	      0.15648284	     -1.94319309	      3.22183861	     -0.19427798	     -3.75541570	     -0.81761908	      0.58180734	     -0.89655624
      0.57148108	      0.50903886	      1.46386581	      0.15524434	     -1.93970409	      3.22547724	     -0.19992426	     -3.71570556	     -0.82699060	      0.59086534	     -0.90493919
      0.57280089	      0.51192921	      1.46175900	      0.15400017	     -1.93649664	      3.22894721	     -0.20491925	     -3.67561179	     -0.83599363	      0.60064627	     -0.91301768
      0.57412071	      0.51465058	      1.45971105	      0.15275079	     -1.93356742	      3.23226271	     -0.20924198	     -3.63514153	     -0.84465291	      0.61118043	     -0.92077118
      0.57544053	      0.51718742	      1.45772318	      0.15149672	     -1.93091442	      3.23543840	     -0.21286834	     -3.59430187	     -0.85299321	      0.62249845	     -0.92817839
      0.57676035	      0.51952729	      1.45579637	      0.15023830	     -1.92853158	      3.23848544	     -0.21578673	     -3.55309966	     -0.86103914	      0.63463010	     -0.93522239
      0.57808016	      0.52165709	      1.45393166	      0.14897593	     -1.92641389	      3.24141577	     -0.21798259	     -3.51154181	     -0.86881535	      0.64760549	     -0.94188529
      0.57939998	      0.52356695	      1.45212985	      0.14770988	     -1.92455264	      3.24423763	     -0.21945339	     -3.46963472	     -0.87634617	      0.66145362	     -0.94815366
      0.58071980	      0.52524617	      1.45039179	      0.14644045	     -1.92293988	      3.24696022	     -0.22019384	     -3.42738497	     -0.88365605	      0.67620385	     -0.95401299
      0.58203962	      0.52668726	      1.44871811	      0.14516789	     -1.92156447	      3.24958908	     -0.22020971	     -3.38479838	     -0.89076886	      0.69188397	     -0.95945311
      0.58335944	      0.52788184	      1.44710948	      0.14389247	     -1.92041585	      3.25213078	     -0.21950425	     -3.34188101	     -0.89770866	      0.70852224	     -0.96446272
      0.58467925	      0.52882486	      1.44556638	      0.14261448	     -1.91948129	      3.25458794	     -0.21809027	     -3.29863782	     -0.90449876	      0.72614493	     -0.96903496
      0.58599907	      0.52951047	      1.44408933	      0.14133420	     -1.91874855	      3.25696415	     -0.21597830	     -3.25507408	     -0.91116269	      0.74477893	     -0.97316190
      0.58731889	      0.52993626	      1.44267870	      0.14005206	     -1.91820430	      3.25925880	     -0.21318700	     -3.21119351	     -0.91772308	      0.76444863	     -0.97684010
      0.58863871	      0.53009915	      1.44133493	      0.13876848	     -1.91783568	      3.26147207	     -0.20973295	     -3.16700021	     -0.92420279	      0.78517927	     -0.98006521
      0.58995852	      0.52999917	      1.44005828	      0.13748405	     -1.91762895	      3.26360027	     -0.20564004	     -3.12249651	     -0.93062371	      0.80699248	     -0.98283692
      0.59127834	      0.52963579	      1.43884910	      0.13619937	     -1.91757077	      3.26564037	     -0.20093048	     -3.07768509	     -0.93700797	      0.82991110	     -0.98515417
      0.59259816	      0.52901065	      1.43770759	      0.13491520	     -1.91764618	      3.26758663	     -0.19563314	     -3.03256694	     -0.94337653	      0.85395273	     -0.98701876
      0.59391798	      0.52812496	      1.43663397	      0.13363226	     -1.91784045	      3.26943380	     -0.18977593	     -2.98714336	     -0.94975071	      0.87913650	     -0.98843196
      0.59523780	      0.52698096	      1.43562833	      0.13235136	     -1.91813682	      3.27117537	     -0.18339143	     -2.94141428	     -0.95615030	      0.90547466	     -0.98939654
      0.59655761	      0.52558064	      1.43469079	      0.13107330	     -1.91851847	      3.27280510	     -0.17651214	     -2.89537988	     -0.96259558	      0.93298137	     -0.98991491
      0.59787743	      0.52392616	      1.43382136	      0.12979872	     -1.91896782	      3.27431661	     -0.16917064	     -2.84903951	     -0.96910472	      0.96166224	     -0.98998998
      0.59919725	      0.52201964	      1.43302006	      0.12852834	     -1.91946704	      3.27570355	     -0.16140007	     -2.80239266	     -0.97569655	      0.99152523	     -0.98962449
      0.60051707	      0.51986298	      1.43228684	      0.12726245	     -1.92000017	      3.27696000	     -0.15322797	     -2.75543862	     -0.98238709	      1.02256817	     -0.98882111
      0.60183688	      0.51745813	      1.43162170	      0.12600146	     -1.92055094	      3.27807998	     -0.14468258	     -2.70817681	     -0.98919313	      1.05479163	     -0.98758247
      0.60315670	      0.51480673	      1.43102460	      0.12474524	     -1.92110690	      3.27905817	     -0.13578391	     -2.66060679	     -0.99612812	      1.08818456	     -0.98591087
      0.60447652	      0.51191045	      1.43049550	      0.12349377	     -1.92165511	      3.27988917	     -0.12655293	     -2.61272825	     -1.00320621	      1.12273895	     -0.98380863
      0.60579634	      0.50877072	      1.43003436	      0.12224658	     -1.92218615	      3.28056819	     -0.11700469	     -2.56454087	     -1.01043805	      1.15843372	     -0.98127779
      0.60711615	      0.50538896	      1.42964114	      0.12100328	     -1.92268996	      3.28109043	     -0.10715540	     -2.51604443	     -1.01783489	      1.19525114	     -0.97832035
      0.60843597	      0.50176666	      1.42931578	      0.11976332	     -1.92315860	      3.28145129	     -0.09701918	     -2.46723812	     -1.02540502	      1.23315924	     -0.97493847
      0.60975579	      0.49790530	      1.42905819	      0.11852615	     -1.92358354	      3.28164611	     -0.08661105	     -2.41812124	     -1.03315726	      1.27212962	     -0.97113425
      0.61107561	      0.49380671	      1.42886829	      0.11729131	     -1.92395750	      3.28167000	     -0.07594563	     -2.36869198	     -1.04109860	      1.31211883	     -0.96691029
      0.61239543	      0.48947271	      1.42874597	      0.11605829	     -1.92427284	      3.28151801	     -0.06503801	     -2.31894869	     -1.04923645	      1.35308713	     -0.96226917
      0.61371524	      0.48490553	      1.42869113	      0.11482675	     -1.92452302	      3.28118489	     -0.05390241	     -2.26888847	     -1.05757746	      1.39497932	     -0.95721394
      0.61503506	      0.48010738	      1.42870366	      0.11359633	     -1.92470124	      3.28066535	     -0.04255339	     -2.21850864	     -1.06612853	      1.43774398	     -0.95174766
      0.61635488	      0.47508056	      1.42878344	      0.11236676	     -1.92480178	      3.27995416	     -0.03100368	     -2.16780543	     -1.07489630	      1.48131419	     -0.94587348
      0.61767470	      0.46982740	      1.42893035	      0.11113780	     -1.92481870	      3.27904603	     -0.01926639	     -2.11677531	     -1.08388753	      1.52562678	     -0.93959458
      0.61899451	      0.46434992	      1.42914428	      0.10990924	     -1.92474701	      3.27793632	     -0.00735220	     -2.06541401	     -1.09310876	      1.57060348	     -0.93291376
      0.62031433	      0.45865022	      1.42942510	      0.10868087	     -1.92458150	      3.27662022	      0.00472771	     -2.01371743	     -1.10256662	      1.61616960	     -0.92583392
      0.62163415	      0.45272985	      1.42977268	      0.10745251	     -1.92431781	      3.27509391	      0.01696476	     -1.96168107	     -1.11226740	      1.66223606	     -0.91835729
      0.62295397	      0.44659048	      1.43018690	      0.10622397	     -1.92395137	      3.27335335	      0.02934980	     -1.90930049	     -1.12221746	      1.70871717	     -0.91048625
      0.62427379	      0.44023321	      1.43066760	      0.10499509	     -1.92347833	      3.27139562	      0.04187612	     -1.85657112	     -1.13242276	      1.75551400	     -0.90222249
      0.62559360	      0.43365922	      1.43121466	      0.10376568	     -1.92289468	      3.26921756	      0.05453647	     -1.80348843	     -1.14288933	      1.80253078	     -0.89356782
      0.62691342	      0.42686918	      1.43182792	      0.10253558	     -1.92219702	      3.26681708	      0.06732570	     -1.75004791	     -1.15362272	      1.84965978	     -0.88452340
      0.62823324	      0.41986384	      1.43250723	      0.10130462	     -1.92138180	      3.26419186	      0.08023817	     -1.69624502	     -1.16462861	      1.89679609	     -0.87509055
      0.62955306	      0.41264359	      1.43325241	      0.10007264	     -1.92044607	      3.26134051	      0.09327002	     -1.64207541	     -1.17591222	      1.94382427	     -0.86527008
      0.63087287	      0.40520886	      1.43406331	      0.09883948	     -1.91938674	      3.25826142	      0.10641698	     -1.58753468	     -1.18747887	      1.99063124	     -0.85506294
      0.63219269	      0.39755991	      1.43493975	      0.09760502	     -1.91820132	      3.25495365	      0.11967618	     -1.53261863	     -1.19933349	      2.03709513	     -0.84446981
      0.63351251	      0.38969702	      1.43588155	      0.09636912	     -1.91688722	      3.25141609	      0.13304448	     -1.47732297	     -1.21148112	      2.08309600	     -0.83349143
      0.63483233	      0.38162031	      1.43688852	      0.09513169	     -1.91544226	      3.24764823	      0.14651977	     -1.42164375	     -1.22392643	      2.12850711	     -0.82212836
      0.63615214	      0.37332993	      1.43796048	      0.09389261	     -1.91386419	      3.24364943	      0.16009971	     -1.36557695	     -1.23667420	      2.17320310	     -0.81038117
      0.63747196	      0.36482588	      1.43909721	      0.09265180	     -1.91215102	      3.23941963	      0.17378273	     -1.30911902	     -1.24972888	      2.21705401	     -0.79825028
      0.63879178	      0.35610817	      1.44029851	      0.09140917	     -1.91030070	      3.23495863	      0.18756708	     -1.25226631	     -1.26309500	      2.25993065	     -0.78573612
      0.64011160	      0.34717675	      1.44156417	      0.09016466	     -1.90831140	      3.23026665	      0.20145151	     -1.19501572	     -1.27677681	      2.30170179	     -0.77283906
      0.64143142	      0.33803158	      1.44289397	      0.08891820	     -1.90618126	      3.22534383	      0.21543468	     -1.13736402	     -1.29077862	      2.34223626	     -0.75955948
      0.64275123	      0.32867252	      1.44428767	      0.08766975	     -1.90390849	      3.22019065	      0.22951552	     -1.07930859	     -1.30510442	      2.38140371	     -0.74589763
      0.64407105	      0.31909945	      1.44574505	      0.08641925	     -1.90149125	      3.21480755	      0.24369290	     -1.02084667	     -1.31975830	      2.41907308	     -0.73185379
      0.64539087	      0.30931213	      1.44726586	      0.08516666	     -1.89892771	      3.20919522	      0.25796581	     -0.96197613	     -1.33474397	      2.45511736	     -0.71742811
      0.64671069	      0.29931032	      1.44884987	      0.08391193	     -1.89621598	      3.20335437	      0.27233318	     -0.90269471	     -1.35006524	      2.48940798	     -0.70262070
      0.64803050	      0.28909391	      1.45049684	      0.08265506	     -1.89335439	      3.19728554	      0.28679401	     -0.84300077	     -1.36572545	      2.52182395	     -0.68743186
      0.64935032	      0.27866279	      1.45220651	      0.08139600	     -1.89034126	      3.19098930	      0.30134730	     -0.78289250	     -1.38172809	      2.55224184	     -0.67186184
      0.65067014	      0.26801691	      1.45397866	      0.08013475	     -1.88717498	      3.18446605	      0.31599197	     -0.72236873	     -1.39807605	      2.58054969	     -0.65591096
      0.65198996	      0.25715620	      1.45581304	      0.07887129	     -1.88385394	      3.17771623	      0.33072696	     -0.66142815	     -1.41477239	      2.60663207	     -0.63957951
      0.65330978	      0.24608078	      1.45770942	      0.07760561	     -1.88037672	      3.17073983	      0.34555112	     -0.60007001	     -1.43181937	      2.63038936	     -0.62286795
      0.65462959	      0.23479071	      1.45966755	      0.07633771	     -1.87674186	      3.16353699	      0.36046331	     -0.53829344	     -1.44921951	      2.65171735	     -0.60577669
      0.65594941	      0.22328646	      1.46168723	      0.07506758	     -1.87294837	      3.15610696	      0.37546235	     -0.47609809	     -1.46697433	      2.67053230	     -0.58830653
      0.65726923	      0.21156838	      1.46376822	      0.07379523	     -1.86899517	      3.14844923	      0.39054704	     -0.41348350	     -1.48508562	      2.68674474	     -0.57045819
      0.65858905	      0.19963730	      1.46591034	      0.07252065	     -1.86488174	      3.14056221	      0.40571617	     -0.35044968	     -1.50355396	      2.70029038	     -0.55223281
      0.65990886	      0.18749389	      1.46811338	      0.07124386	     -1.86060739	      3.13244462	      0.42096851	     -0.28699652	     -1.52238025	      2.71109810	     -0.53363143
      0.66122868	      0.17513937	      1.47037715	      0.06996484	     -1.85617218	      3.12409385	      0.43630285	     -0.22312435	     -1.54156394	      2.71912659	     -0.51465557
      0.66254850	      0.16257481	      1.47270150	      0.06868359	     -1.85157597	      3.11550764	      0.45171800	     -0.15883341	     -1.56110485	      2.72432674	     -0.49530666
      0.66386832	      0.14980191	      1.47508626	      0.06740009	     -1.84681950	      3.10668221	      0.46721275	     -0.09412426	     -1.58100109	      2.72668335	     -0.47558670
      0.66518813	      0.13682226	      1.47753129	      0.06611433	     -1.84190346	      3.09761405	      0.48278613	     -0.02899739	     -1.60125128	      2.72617256	     -0.45549764
      0.66650795	      0.12363790	      1.48003647	      0.06482625	     -1.83682905	      3.08829827	      0.49843678	      0.03654639	     -1.62185200	      2.72280775	     -0.43504179
      0.66782777	      0.11025063	      1.48260166	      0.06353577	     -1.83159699	      3.07873049	      0.51416285	      0.10250630	     -1.64280004	      2.71659306	     -0.41422128
      0.66914759	      0.09666257	      1.48522674	      0.06224275	     -1.82620825	      3.06890503	      0.52996211	      0.16888133	     -1.66409046	      2.70757177	     -0.39303848
      0.67046741	      0.08287583	      1.48791161	      0.06094706	     -1.82066403	      3.05881641	      0.54583282	      0.23567051	     -1.68571889	      2.69577780	     -0.37149582
      0.67178722	      0.06889297	      1.49065617	      0.05964849	     -1.81496610	      3.04845763	      0.56177309	      0.30287292	     -1.70767946	      2.68128422	     -0.34959606
      0.67310704	      0.05471640	      1.49346033	      0.05834685	     -1.80911604	      3.03782212	      0.57778099	      0.37048754	     -1.72996641	      2.66415505	     -0.32734187
      0.67442686	      0.04034888	      1.49632401	      0.05704183	     -1.80311592	      3.02690187	      0.59385451	      0.43851369	     -1.75257345	      2.64449130	     -0.30473624
      0.67574668	      0.02579307	      1.49924715	      0.05573316	     -1.79696766	      3.01568921	      0.60999161	      0.50695050	     -1.77549408	      2.62238582	     -0.28178206
      0.67706649	      0.01105200	      1.50222966	      0.05442048	     -1.79067357	      3.00417505	      0.62619029	      0.57579787	     -1.79872283	      2.59796382	     -0.25848254
      0.67838631	     -0.00387150	      1.50527149	      0.05310340	     -1.78423580	      2.99235076	      0.64244846	      0.64505542	     -1.82225356	      2.57134366	     -0.23484074
      0.67970613	     -0.01897411	      1.50837256	      0.05178153	     -1.77765696	      2.98020605	      0.65876445	      0.71472410	     -1.84608332	      2.54266914	     -0.21086016
      0.68102595	     -0.03425266	      1.51153283	      0.05045443	     -1.77093952	      2.96773109	      0.67513641	      0.78480446	     -1.87020801	      2.51207900	     -0.18654419
      0.68234577	     -0.04970331	      1.51475226	      0.04912172	     -1.76408675	      2.95491404	      0.69156348	      0.85529911	     -1.89462919	      2.47972900	     -0.16189690
      0.68366558	     -0.06532231	      1.51803079	      0.04778298	     -1.75710183	      2.94174346	      0.70804459	      0.92621012	     -1.91934685	      2.44577183	     -0.13692230
      0.68498540	     -0.08110518	      1.52136841	      0.04643791	     -1.74998874	      2.92820571	      0.72458006	      0.99754232	     -1.94436875	      2.41036811	     -0.11162510
      0.68630522	     -0.09704747	      1.52476512	      0.04508617	     -1.74275159	      2.91428747	      0.74117011	      1.06929989	     -1.96970093	      2.37367773	     -0.08601007
      0.68762504	     -0.11314451	      1.52822092	      0.04372757	     -1.73539445	      2.89997368	      0.75781608	      1.14149026	     -1.99535782	      2.33585900	     -0.06008207
      0.68894485	     -0.12939158	      1.53173583	      0.04236187	     -1.72792167	      2.88524955	      0.77451935	      1.21412014	     -2.02135238	      2.29707170	     -0.03384611
      0.69026467	     -0.14578473	      1.53530988	      0.04098898	     -1.72033602	      2.87009964	      0.79128135	      1.28719951	     -2.04770429	      2.25746457	     -0.00730616
      0.69158449	     -0.16231999	      1.53894307	      0.03960874	     -1.71264044	      2.85450887	      0.80810358	      1.36073770	     -2.07443224	      2.21718928	      0.01953372
      0.69290431	     -0.17899462	      1.54263543	      0.03822111	     -1.70483549	      2.83846199	      0.82498643	      1.43474678	     -2.10155850	      2.17637941	      0.04667099
      0.69422412	     -0.19580565	      1.54638698	      0.03682604	     -1.69692222	      2.82194388	      0.84193068	      1.50923845	     -2.12910520	      2.13517339	      0.07410280
      0.69554394	     -0.21275101	      1.55019775	      0.03542359	     -1.68889944	      2.80493901	      0.85893503	      1.58422599	     -2.15709372	      2.09368670	      0.10182747
      0.69686376	     -0.22982855	      1.55406777	      0.03401379	     -1.68076638	      2.78743200	      0.87599872	      1.65972268	     -2.18554617	      2.05204107	      0.12984316
      0.69818358	     -0.24703647	      1.55799707	      0.03259679	     -1.67252057	      2.76940685	      0.89311803	      1.73574149	     -2.21447961	      2.01033088	      0.15814851
      0.69950340	     -0.26437339	      1.56198569	      0.03117268	     -1.66415928	      2.75084819	      0.91028970	      1.81229596	     -2.24391237	      1.96865708	      0.18674265
      0.70082321	     -0.28183673	      1.56603369	      0.02974171	     -1.65568010	      2.73173875	      0.92750756	      1.88939652	     -2.27385520	      1.92709077	      0.21562338
      0.70214303	     -0.29942430	      1.57014112	      0.02830407	     -1.64708042	      2.71206172	      0.94476602	      1.96705491	     -2.30432046	      1.88571096	      0.24478891
      0.70346285	     -0.31713078	      1.57430810	      0.02686017	     -1.63836066	      2.69179679	      0.96205751	      2.04527651	     -2.33531274	      1.84456453	      0.27423388
      0.70478267	     -0.33495114	      1.57853475	      0.02541042	     -1.62952112	      2.67092381	      0.97937520	      2.12406898	     -2.36683833	      1.80370637	      0.30395334
      0.70610248	     -0.35287704	      1.58282123	      0.02395533	     -1.62056549	      2.64941990	      0.99671049	      2.20342964	     -2.39889648	      1.76315755	      0.33393842
      0.70742230	     -0.37090099	      1.58716771	      0.02249540	     -1.61149659	      2.62726275	      1.01405514	      2.28335896	     -2.43148770	      1.72294717	      0.36418129
      0.70874212	     -0.38901275	      1.59157432	      0.02103108	     -1.60231971	      2.60442928	      1.03139902	      2.36384268	     -2.46460728	      1.68307059	      0.39467087
      0.71006194	     -0.40720293	      1.59604123	      0.01956282	     -1.59303935	      2.58089660	      1.04873240	      2.44487062	     -2.49825141	      1.64353151	      0.42539708
      0.71138176	     -0.42545935	      1.60056855	      0.01809100	     -1.58366237	      2.55664232	      1.06604382	      2.52641372	     -2.53241352	      1.60430056	      0.45634642
      0.71270157	     -0.44377042	      1.60515641	      0.01661602	     -1.57419527	      2.53164361	      1.08332243	      2.60844792	     -2.56708760	      1.56535640	      0.48750615
      0.71402139	     -0.46212162	      1.60980485	      0.01513814	     -1.56464670	      2.50587949	      1.10055559	      2.69092663	     -2.60226683	      1.52664549	      0.51885991
      0.71534121	     -0.48049931	      1.61451396	      0.01365766	     -1.55502472	      2.47932845	      1.11773118	      2.77380887	     -2.63794453	      1.48812140	      0.55039236
      0.71666103	     -0.49888678	      1.61928367	      0.01217477	     -1.54533926	      2.45197218	      1.13483488	      2.85702861	     -2.67411452	      1.44970840	      0.58208426
      0.71798084	     -0.51726834	      1.62411396	      0.01068963	     -1.53559948	      2.42379173	      1.15185290	      2.94052566	     -2.71077049	      1.41133677	      0.61391766
      0.71930066	     -0.53562453	      1.62900463	      0.00920238	     -1.52581690	      2.39477181	      1.16876898	      3.02421405	     -2.74790746	      1.37291328	      0.64586970
      0.72062048	     -0.55393694	      1.63395553	      0.00771313	     -1.51600237	      2.36489628	      1.18556755	      3.10801349	     -2.78552020	      1.33434884	      0.67791887
      0.72194030	     -0.57218229	      1.63896629	      0.00622208	     -1.50616990	      2.33415244	      1.20223020	      3.19181953	     -2.82360505	      1.29553975	      0.71003735
      0.72326011	     -0.59033830	      1.64403662	      0.00472940	     -1.49633311	      2.30252645	      1.21873949	      3.27553262	     -2.86215810	      1.25638392	      0.74219866
      0.72457993	     -0.60837753	      1.64916595	      0.00323541	     -1.48650851	      2.27000822	      1.23507424	      3.35903339	     -2.90117672	      1.21677666	      0.77436948
      0.72589975	     -0.62627373	      1.65435377	      0.00174037	     -1.47671214	      2.23658675	      1.25121444	      3.44220599	     -2.94065811	      1.17661120	      0.80651812
      0.72721957	     -0.64399591	      1.65959927	      0.00024471	     -1.46696175	      2.20225513	      1.26713502	      3.52492169	     -2.98059998	      1.13579404	      0.83860632
      0.72853939	     -0.66151356	      1.66490169	     -0.00125115	     -1.45727562	      2.16700494	      1.28281256	      3.60705344	     -3.02100006	      1.09422637	      0.87059668
      0.72985920	     -0.67879313	      1.67025987	     -0.00274673	     -1.44767098	      2.13083300	      1.29821684	      3.68847043	     -3.06185589	      1.05183964	      0.90244706
      0.73117902	     -0.69580169	      1.67567275	     -0.00424156	     -1.43816546	      2.09373508	      1.31331937	      3.76904131	     -3.10316503	      1.00855564	      0.93411633
      0.73249884	     -0.71250561	      1.68113876	     -0.00573524	     -1.42877218	      2.05571327	      1.32808322	      3.84864139	     -3.14492437	      0.96434346	      0.96556128
      0.73381866	     -0.72887130	      1.68665645	     -0.00722735	     -1.41950552	      2.01676840	      1.34247352	      3.92714316	     -3.18713097	      0.91915965	      0.99673899
      0.73513847	     -0.74486626	      1.69222386	     -0.00871762	     -1.41037287	      1.97690714	      1.35644609	      4.00443629	     -3.22978076	      0.87302192	      1.02760661
      0.73645829	     -0.76045759	      1.69783913	     -0.01020575	     -1.40138348	      1.93613506	      1.36995895	      4.08040543	     -3.27286996	      0.82593334	      1.05812103
      0.73777811	     -0.77561500	      1.70349992	     -0.01169159	     -1.39253785	      1.89446212	      1.38296051	      4.15496161	     -3.31639352	      0.77796539	      1.08824105
      0.73909793	     -0.79030749	      1.70920400	     -0.01317499	     -1.38383861	      1.85189761	      1.39540140	      4.22800902	     -3.36034666	      0.72917442	      1.11792490
      0.74041775	     -0.80450793	      1.71494871	     -0.01465597	     -1.37527857	      1.80845310	      1.40722292	      4.29948489	     -3.40472343	      0.67968385	      1.14713432
      0.74173756	     -0.81818828	      1.72073148	     -0.01613454	     -1.36685274	      1.76414014	      1.41836840	      4.36931839	     -3.44951807	      0.62960325	      1.17583021
      0.74305738	     -0.83132507	      1.72654946	     -0.01761087	     -1.35854619	      1.71896979	      1.42877290	      4.43747531	     -3.49472393	      0.57909930	      1.20397810
      0.74437720	     -0.84389396	      1.73239982	     -0.01908511	     -1.35034596	      1.67295388	      1.43837312	      4.50391275	     -3.54033445	      0.52832857	      1.23154266
      0.74569702	     -0.85587484	      1.73827960	     -0.02055750	     -1.34223062	      1.62610021	      1.44709943	      4.56862519	     -3.58634260	      0.47748558	      1.25849311
      0.74701683	     -0.86724715	      1.74418587	     -0.02202829	     -1.33417991	      1.57841848	      1.45488317	      4.63159840	     -3.63274135	      0.42675787	      1.28479820
      0.74833665	     -0.87799266	      1.75011570	     -0.02349759	     -1.32616890	      1.52990942	      1.46165236	      4.69285387	     -3.67952377	      0.37635029	      1.31042940
      0.74965647	     -0.88809313	      1.75606616	     -0.02496561	     -1.31817290	      1.48057662	      1.46733527	      4.75240470	     -3.72668279	      0.32647198	      1.33535814
      0.75097629	     -0.89752964	      1.76203455	     -0.02643208	     -1.31016791	      1.43040946	      1.47186057	      4.81029685	     -3.77421218	      0.27731182	      1.35955539
      0.75229610	     -0.90628399	      1.76801807	     -0.02789690	     -1.30212887	      1.37940153	      1.47515633	      4.86656923	     -3.82210546	      0.22905616	      1.38299284
      0.75361592	     -0.91433332	      1.77401438	     -0.02935919	     -1.29403812	      1.32752632	      1.47715519	      4.92128811	     -3.87035766	      0.18186972	      1.40563735
      0.75493574	     -0.92165415	      1.78002115	     -0.03081813	     -1.28587854	      1.27475894	      1.47778934	      4.97451288	     -3.91896368	      0.13598803	      1.42745514
      0.75625556	     -0.92821978	      1.78603633	     -0.03227219	     -1.27763931	      1.22105885	      1.47699663	      5.02632821	     -3.96791983	      0.09145117	      1.44840901
      0.75757538	     -0.93400618	      1.79205763	     -0.03372007	     -1.26930532	      1.16639204	      1.47471244	      5.07681835	     -4.01722233	      0.04824476	      1.46846450
      0.75889519	     -0.93898189	      1.79808345	     -0.03515967	     -1.26087501	      1.11070382	      1.47088193	      5.12607142	     -4.06686821	      0.00637210	      1.48757951
      0.76021501	     -0.94309826	      1.80411342	     -0.03658801	     -1.25237026	      1.05390810	      1.46545772	      5.17416688	     -4.11685694	     -0.03339634	      1.50569409
      0.76153483	     -0.94634788	      1.81014415	     -0.03800408	     -1.24375813	      0.99599061	      1.45837689	      5.22122093	     -4.16718153	     -0.07226913	      1.52279101
      0.76285465	     -0.94877198	      1.81616994	     -0.03940942	     -1.23493956	      0.93699886	      1.44955465	      5.26741198	     -4.21783404	     -0.11271714	      1.53890636
      0.76417446	     -0.95033054	      1.82218943	     -0.04080211	     -1.22593095	      0.87688937	      1.43895089	      5.31270013	     -4.26880390	     -0.15486239	      1.55398826
      0.76549428	     -0.95073243	      1.82822357	     -0.04216645	     -1.21711297	      0.81506967	      1.42666941	      5.35695810	     -4.32012232	     -0.18644025	      1.56773254
      0.76681410	     -0.94987366	      1.83427088	     -0.04349528	     -1.20857973	      0.75143503	      1.41268683	      5.40027521	     -4.37177991	     -0.20828753	      1.58000933
      0.76813392	     -0.94811005	      1.84028111	     -0.04480821	     -1.19973342	      0.68709020	      1.39668298	      5.44262784	     -4.42366965	     -0.24805434	      1.59113299
      0.76945374	     -0.94518965	      1.84627060	     -0.04609708	     -1.19091012	      0.62169845	      1.37876028	      5.48320910	     -4.47579058	     -0.29530628	      1.60083591
      0.77077355	     -0.94082880	      1.85227146	     -0.04734712	     -1.18252103	      0.55444839	      1.35907089	      5.52199499	     -4.52818489	     -0.33126513	      1.60884769
      0.77209337	     -0.93540093	      1.85825570	     -0.04857575	     -1.17401810	      0.48589628	      1.33738263	      5.55961925	     -4.58079178	     -0.37117869	      1.61555421
      0.77341319	     -0.92883797	      1.86422453	     -0.04978095	     -1.16547231	      0.41598478	      1.31369639	      5.59577974	     -4.63359756	     -0.41386514	      1.62087513
      0.77473301	     -0.92083438	      1.87019518	     -0.05094771	     -1.15729330	      0.34424966	      1.28814188	      5.63000285	     -4.68661136	     -0.44954170	      1.62447968
      0.77605282	     -0.91133461	      1.87616642	     -0.05207281	     -1.14953181	      0.27063433	      1.26070630	      5.66224671	     -4.73981179	     -0.47875019	      1.62629662
      0.77737264	     -0.90035451	      1.88213306	     -0.05315758	     -1.14215351	      0.19519719	      1.23136605	      5.69245086	     -4.79317049	     -0.50391346	      1.62633201
      0.77869246	     -0.88790961	      1.88809059	     -0.05420376	     -1.13512369	      0.11798863	      1.20009498	      5.72054885	     -4.84665795	     -0.52694486	      1.62459320
      0.78001228	     -0.87400081	      1.89403534	     -0.05521297	     -1.12844236	      0.03907049	      1.16689962	      5.74624819	     -4.90024464	     -0.54924753	      1.62107177
      0.78133209	     -0.85861547	      1.89996465	     -0.05618607	     -1.12212614	     -0.04152500	      1.13178950	      5.76929519	     -4.95390357	     -0.57173306	      1.61574534
      0.78265191	     -0.84168262	      1.90587729	     -0.05712017	     -1.11627924	     -0.12379519	      1.09481704	      5.78915370	     -5.00761099	     -0.59475830	      1.60852392
      0.78397173	     -0.82319140	      1.91177066	     -0.05801674	     -1.11092396	     -0.20768661	      1.05599728	      5.80541548	     -5.06132035	     -0.61883656	      1.59938722
      0.78529155	     -0.80298017	      1.91764450	     -0.05886586	     -1.10628873	     -0.29325059	      1.01544077	      5.81725898	     -5.11504550	     -0.64457008	      1.58813746
      0.78661137	     -0.78089451	      1.92350016	     -0.05965737	     -1.10261294	     -0.38055597	      0.97329260	      5.82406146	     -5.16881417	     -0.67220897	      1.57458906
      0.78793118	     -0.75669092	      1.92933763	     -0.06037618	     -1.10022192	     -0.46966956	      0.92967764	      5.82446707	     -5.22260705	     -0.70261159	      1.55844682
      0.78925100	     -0.73115023	      1.93514097	     -0.06108299	     -1.09813421	     -0.55972741	      0.88418733	      5.81822208	     -5.27591012	     -0.73265661	      1.54062026
      0.79057082	     -0.70287851	      1.94092084	     -0.06167517	     -1.09809288	     -0.65181092	      0.83749097	      5.80260005	     -5.32945326	     -0.77048054	      1.51944335
      0.79189064	     -0.67172769	      1.94670188	     -0.06210308	     -1.10091207	     -0.74612976	      0.79081009	      5.77947225	     -5.38380820	     -0.81966047	      1.49478656
