inDegrees=no
num_controls=19
num_derivatives=0
num_input_controls=0
num_iterations=93
num_multipliers=0
num_parameters=0
num_slacks=0
num_states=38
objective=0.249103
objective_effort=0.245812
objective_final_time=0.003291
solver_duration=1024.970657
status=Solve_Succeeded
success=true
DataType=double
version=3
OpenSimVersion=4.5.2-2025-04-14-fb5fac1
endheader
time	/jointset/groundPelvis/pelvis_tilt/value	/jointset/groundPelvis/pelvis_tx/value	/jointset/groundPelvis/pelvis_ty/value	/jointset/hip_l/hip_flexion_l/value	/jointset/hip_r/hip_flexion_r/value	/jointset/lumbar/lumbar/value	/jointset/knee_l/knee_angle_l/value	/jointset/knee_r/knee_angle_r/value	/jointset/ankle_l/ankle_angle_l/value	/jointset/ankle_r/ankle_angle_r/value	/jointset/groundPelvis/pelvis_tilt/speed	/jointset/groundPelvis/pelvis_tx/speed	/jointset/groundPelvis/pelvis_ty/speed	/jointset/hip_l/hip_flexion_l/speed	/jointset/hip_r/hip_flexion_r/speed	/jointset/lumbar/lumbar/speed	/jointset/knee_l/knee_angle_l/speed	/jointset/knee_r/knee_angle_r/speed	/jointset/ankle_l/ankle_angle_l/speed	/jointset/ankle_r/ankle_angle_r/speed	/hamstrings_r/activation	/bifemsh_r/activation	/glut_max_r/activation	/iliopsoas_r/activation	/rect_fem_r/activation	/vasti_r/activation	/gastroc_r/activation	/soleus_r/activation	/tib_ant_r/activation	/hamstrings_l/activation	/bifemsh_l/activation	/glut_max_l/activation	/iliopsoas_l/activation	/rect_fem_l/activation	/vasti_l/activation	/gastroc_l/activation	/soleus_l/activation	/tib_ant_l/activation	/lumbarAct	/hamstrings_r	/bifemsh_r	/glut_max_r	/iliopsoas_r	/rect_fem_r	/vasti_r	/gastroc_r	/soleus_r	/tib_ant_r	/hamstrings_l	/bifemsh_l	/glut_max_l	/iliopsoas_l	/rect_fem_l	/vasti_l	/gastroc_l	/soleus_l	/tib_ant_l
0	-0.2223336176130604	0	0.9607910445151423	-0.03770490869089292	0.5724643513649681	0.1140066585381007	-0.2448484344531476	-0.08916364293111002	-0.002094953044510726	0.2860992275042326	-0.8780890892574602	1.310502014877283	-0.2386881148694256	-0.2424080723963053	-0.3682122645994541	1.747367046853271	-0.2758862301595466	2.97184919223378	-1.267543887065328	0.6555604602020674	0.0482537411108807	0.0957971672757303	0.05009371452289919	0.1452099516684196	0.08887986310205793	0.05553762487455295	0.0871160474853452	0.07568700633861293	0.10721042080181	0.05233105786863826	0.08914356149283913	0.04984946920105503	0.1527910258631338	0.1033080698436783	0.06210016844708087	0.2454165756655912	0.345940095447456	0.03028444928780481	0.003054871300621188	0.07282567987635366	0.1076227001704823	0.0682642620811359	0.134757419001745	0.09487703554399873	0.06698173459270693	0.1011951703274991	0.08996319451050371	0.114536738556807	0.071447007954709	0.1041392922962749	0.06327458706942447	0.1559004686563052	0.1058715506067434	0.06374623571392125	0.2600950298311152	0.34359804186841	0.03595220490253632
0.001969680031615944	-0.2240151902746698	0.002589296036005811	0.960320812608645	-0.03822800007897174	0.5716715335754579	0.1174077082651716	-0.245413116162905	-0.08336200689548066	-0.004610826012841868	0.2873498058414522	-0.8283768822081145	1.318676585374756	-0.2387115741383946	-0.289763684013153	-0.4378877531441868	1.704887587075512	-0.2974906872764367	2.918479014886495	-1.287432962336087	0.6149793508210982	0.05088947061004458	0.09657501392977909	0.05182880042569019	0.1435184847231994	0.08894751510044394	0.0563562891809161	0.08801624534088869	0.07655300564142258	0.1080873609634716	0.05416789938081282	0.09029420056942378	0.05099039411835784	0.1526074681178786	0.1029840004458274	0.06175793398277189	0.2466032709605986	0.3456620571490165	0.03063941666053344	0.003695217806697568	0.06834165799753508	0.0984892704184321	0.06149205035943748	0.1221200181736087	0.08430212057913331	0.05829288937875935	0.08960895885622136	0.07706725528207259	0.116353669622156	0.06465083751242226	0.09530283725324633	0.05590879534597222	0.1461360408588941	0.09487612766898947	0.05468067991177544	0.2575691280221368	0.3414489872079918	0.03050321913220574
0.003939360063231888	-0.2255929848245446	0.005194848132974585	0.9598509621042863	-0.03885043866003954	0.5707351126902239	0.1207182839067758	-0.2460203744233728	-0.07766912464041739	-0.00716818989002006	0.2885246366810173	-0.7727139666126221	1.327008320358771	-0.2383009348678196	-0.343283915215546	-0.5140252522024228	1.655500869522375	-0.3191185505827944	2.861421348386301	-1.309673132814772	0.5786454843205263	0.05267278396410185	0.09627780385773493	0.05255706071146445	0.1407213731621428	0.08784610025909081	0.05606436637037129	0.08754144364216984	0.07587195611947874	0.109062879991673	0.05498721998471796	0.09034860060297167	0.05112588588980226	0.1514725627492057	0.1015153904237419	0.06040771788361769	0.247459757697668	0.345232234450245	0.0302801834813934	0.004335564312773949	0.0638576361187165	0.08935584066638186	0.05471983863773908	0.1094826173454724	0.07372720561426785	0.04960404416481178	0.07802274738494359	0.06417131605364146	0.1181706006875051	0.05785466707013551	0.0864663822102178	0.04854300362251995	0.1363716130614831	0.08388070473123552	0.04561512410962961	0.2550432262131583	0.3392999325475735	0.02505423336187516
0.005909040094847832	-0.2270572214687873	0.007816886799265194	0.9593821871700841	-0.03958150870402097	0.56964515996922	0.1239269741026388	-0.2466718138796435	-0.07209401794522147	-0.009770264352518224	0.2896416978079074	-0.7128624145788226	1.33542208684702	-0.2376094089546164	-0.4002747888099045	-0.5938896068754694	1.601189455735052	-0.3424012441876389	2.798356566745921	-1.332646362436759	0.5629117861570223	0.05460740325828931	0.09562552956053719	0.05314211078560273	0.1373517000182367	0.08631030546207283	0.05542606204787311	0.08633566811216933	0.0742938012175391	0.1115192564932732	0.05565817485819746	0.09004792936120172	0.0510557976709856	0.1498209904132075	0.09959470500428666	0.05876313115427646	0.2482051120395225	0.3447502754007599	0.02967300702145022	0.001991706559712331	0.07428212281761368	0.09111921875400276	0.0602573933265946	0.1052504927124295	0.07401155424435914	0.05153689300252617	0.07518018485008562	0.05955505194256143	0.145816621481844	0.06350088873473242	0.08869261541563726	0.05244045282794976	0.1333725583213399	0.08337574621132635	0.04673403650076623	0.2567176683563352	0.3392757850578331	0.02561618981874463
0.007878720126463776	-0.2283964740416241	0.01045568301692595	0.9589152617479256	-0.04043213341011179	0.5683909021261349	0.1270204380953775	-0.2473694249599378	-0.06664991627982249	-0.01241880901371355	0.2907709195557497	-0.6458062400537934	1.344023846169682	-0.2364230231412919	-0.4646785789314835	-0.6808592908927541	1.538501318011124	-0.3660010742271494	2.728399965374169	-1.356858725551698	0.5909903212498431	0.05752604221937074	0.09523462936306762	0.05430719652358677	0.1338774596662188	0.08497114296455413	0.05508740753074529	0.08494674382219985	0.07236832083195453	0.1166212464363369	0.05690871824844983	0.09002390496746382	0.05145312605631813	0.1480311956000181	0.0978204058468482	0.05743427461329397	0.2490319965506329	0.344305285960097	0.02920914172774497	-0.000352151193349286	0.08470660951651086	0.09288259684162367	0.06579494801545011	0.1010183680793866	0.07429590287445044	0.05346974184024057	0.07233762231522767	0.05493878783148141	0.1734626422761829	0.06914711039932935	0.09091884862105674	0.05633790203337957	0.1303735035811967	0.08287078769141719	0.04785294889190286	0.2583921104995122	0.3392516375680928	0.0261781462756141
0.00984840015807972	-0.2295941315039575	0.01311169364152912	0.9584513358994536	-0.04142011566059715	0.5669555321708751	0.1299794093283111	-0.2481127421113251	-0.06135074708152068	-0.01511628836292043	0.2920127274852965	-0.5683406707766728	1.352924263863098	-0.2345045992016317	-0.5407175683435949	-0.7786772953929191	1.463762983902728	-0.3885001778095594	2.651060521200321	-1.382441372332245	0.6786248439610223	0.06118616509565844	0.0949301625109033	0.05588772311072138	0.1302048035185837	0.0836864347458301	0.05491625285002588	0.08336627315124613	0.07019558994391981	0.1235000370924069	0.05854233487870336	0.0901087116964345	0.05214614164648466	0.1460335993413482	0.09605587837453544	0.05627732469594327	0.2498818390651487	0.3438715677189851	0.02881129008084449	8.502007544893014e-05	0.09325446606329578	0.09198823391102788	0.06978658733854358	0.09480259796349257	0.07241962338822762	0.0537685200813776	0.06900364256543076	0.0514278227254781	0.1910421348730382	0.0726978850137865	0.09068306128933692	0.05831653604686196	0.125748216640292	0.08014970699982633	0.04713162986938765	0.2589259673731243	0.3386754785193537	0.02578962249577536
0.01181808018969566	-0.2306276959608202	0.01578555482593534	0.9579920255104825	-0.04257090910676009	0.5653152482575348	0.1327778165230589	-0.2488988508769597	-0.05621148433399687	-0.01786600920715754	0.2934785436557483	-0.4791874149926066	1.362149216653531	-0.2317365734460423	-0.6299958220660999	-0.8889274488907034	1.375465873306971	-0.4094514892943381	2.566032164849186	-1.409904635097806	0.8184469989724141	0.0653837123281954	0.09456144639887561	0.05774441606487282	0.1262503675804107	0.08233318730596123	0.0548000120289257	0.08158679425122586	0.06786182462228994	0.1314125717204055	0.0603931069771284	0.09015838935935468	0.05298928633387227	0.1437668578032583	0.09418221705690459	0.05516856814962952	0.2507030463376749	0.3434261318899644	0.02841424877761099	0.0005221913442471464	0.1018023226100807	0.09109387098043209	0.07377822666163707	0.0885868278475985	0.07054334390200481	0.05406729832251463	0.06566966281563386	0.0479168576194748	0.2086216274698935	0.07624865962824366	0.09044727395761712	0.06029517006034435	0.1211229296993873	0.07742862630823551	0.04641031084687244	0.2594598242467363	0.3380993194706146	0.02540109871593662
0.01378776022131161	-0.231473587980376	0.01847791000665502	0.9575390645923412	-0.04391126547460084	0.5634448047222856	0.1353882773162114	-0.2497245266529359	-0.05124731944417751	-0.02067162036368279	0.2952616557933628	-0.3778656144707667	1.371687257771186	-0.2280458099277334	-0.7330514686190353	-1.012357745106818	1.272994019764602	-0.4287345617351112	2.473188204024594	-1.439240325246387	0.9905960518002129	0.06994801175981361	0.09414561647248784	0.05989407947484779	0.1221016557958044	0.08097532495534386	0.05480677936069304	0.07988359554922987	0.06569219342559662	0.1387816013869366	0.06243270060666683	0.09021368422731715	0.0539558390649186	0.1413506729581256	0.09225986160517657	0.05410307753224553	0.2514987512299574	0.3429332668646687	0.02802646472491786	0.0007785057755910382	0.1087057401912045	0.09038309169302963	0.07865645402297912	0.08357633215506147	0.06966950300080474	0.05561813051104998	0.06683146693475327	0.04971215708029448	0.1985391350382944	0.0797913527140424	0.09087242602391789	0.06213907496938893	0.1183545136681212	0.07560058506267534	0.04569706140569325	0.2600046313604071	0.3366315846440134	0.02514827119036816
0.01575744025292755	-0.232108907647831	0.02118927873120031	0.9570942787785086	-0.04546677853121157	0.5613191296976596	0.1377839642765041	-0.2505870038942629	-0.04647406716586169	-0.02353714840440715	0.2973748962547025	-0.2653735894276498	1.381455487222078	-0.2234356674755662	-0.848464571075365	-1.148087860984288	1.15738597067809	-0.4468194309627261	2.372180614936043	-1.470744248471187	1.153661829130729	0.07473857658088559	0.09369739750999188	0.06235029883004502	0.1178361795840335	0.0796680514209024	0.05499415466664193	0.07849490773388688	0.06396810639595958	0.1443029725013038	0.06463730579341431	0.09030947993739322	0.055023261973776	0.1388903340886438	0.09034136985312718	0.05307660994167725	0.2522717070785207	0.3423610250974817	0.02765504619118276	0.00103482020693493	0.1156091577723282	0.08967231240562719	0.08353468138432114	0.07856583646252444	0.06879566209960467	0.05716896269958534	0.06799327105387268	0.05150745654111415	0.1884566426066952	0.08333404579984116	0.09129757809021866	0.06398297987843352	0.115586097636855	0.07377254381711518	0.04498381196451407	0.2605494384740778	0.3351638498174122	0.02489544366479968
0.0177271202845435	-0.2325125167713382	0.02392005193840841	0.956659461830657	-0.0472605899698147	0.5589148223481909	0.1399399229595252	-0.2514843013029137	-0.04190810367024646	-0.02646687348785097	0.299772284608235	-0.1434673950991345	1.391335504772315	-0.2179560311041371	-0.9738202808996727	-1.294179944160315	1.030531263406358	-0.4644674042001852	2.26168266608616	-1.504462885902344	1.264813560964856	0.07949955496597984	0.09319920583724421	0.06503945396011021	0.1135236550921916	0.07843728126663856	0.05539332544481195	0.07758841355088417	0.06298830540939694	0.1474395148672004	0.06690616380835196	0.09044354742494645	0.05610150732118763	0.1364868948694379	0.08844980217962338	0.0520555702039448	0.253008571083921	0.3416813619682665	0.0272958233662548	0.0003834023497602609	0.1185857827295431	0.08858062506834832	0.08784197318224353	0.07468136663781433	0.06847242194887575	0.05960718043189679	0.07268082018636474	0.05920732357726761	0.1630508684087253	0.08551448255330826	0.09176403804052811	0.06452536551950429	0.1147031703365229	0.07236549401764533	0.04378285415714495	0.2607483640363163	0.332858344916152	0.02460860614806841
0.01969680031615944	-0.2326702048271654	0.02667018734789675	0.9562361513537235	-0.04930640281475213	0.5562171434576577	0.1418387296957173	-0.2524174058667116	-0.03757388537666534	-0.02946536654627918	0.3022950973261914	-0.01566671316826849	1.40111579218442	-0.2117520882658315	-1.104345468659561	-1.445975627752723	0.8962753864275851	-0.4831776591227816	2.136867582452916	-1.540571179764439	1.281021394475721	0.08402086132295056	0.09263590132949155	0.06790010806126057	0.1092260425066466	0.07730530842717977	0.0560303325839545	0.07730696500262486	0.06300559591006816	0.1477051028768022	0.06915520195055154	0.09061396950708059	0.05711497657479293	0.1342293418402638	0.08660518883006743	0.05101125732609337	0.2536975747392994	0.3408691584026083	0.02694528512741175	-0.0002680155074144083	0.121562407686758	0.08748893773106947	0.09214926498016593	0.07079689681310421	0.06814918179814683	0.06204539816420824	0.07736836931885681	0.06690719061342107	0.1376450942107553	0.08769491930677537	0.09223049799083757	0.06506775116057506	0.1138202430361908	0.07095844421817551	0.04258189634977582	0.260947289598555	0.3305528400148918	0.02432176863133714
0.02166648034777538	-0.2325729431904845	0.02943933469767447	0.9558256631761151	-0.0516109037478904	0.553218393415157	0.1434686307506985	-0.2533895054403769	-0.03350360397676688	-0.03253732085529332	0.304729011686876	0.1137721120777857	1.41053702177467	-0.2049998359929264	-1.234258975327613	-1.597422296868598	0.7592611591567454	-0.5047707431371279	1.990224165854656	-1.579101959773157	1.163966950700335	0.08821374874505514	0.09201847146040135	0.07084907163695411	0.1050102014554335	0.07628972021924058	0.0569102213143895	0.07749262587735531	0.06387754454137982	0.146019505022998	0.07132360489053807	0.09082653225883103	0.05800452375826855	0.1321945219739393	0.08482933389185808	0.04993026768390125	0.2543171116066065	0.3398969348869674	0.02660362711864572	-0.0002582776219731785	0.1223644427122026	0.08646856615929474	0.09541080310354498	0.0681782464610251	0.06832010368256258	0.06505772779836246	0.08050356537078474	0.07413338925028679	0.1242292840425926	0.08877854182809433	0.09287417841170821	0.06447498456175046	0.1146811829408643	0.0700254405344076	0.04111383590016342	0.2605630333857133	0.3273207823586424	0.02405506645608995
0.02363616037939133	-0.2322245854549415	0.03222633116188318	0.9554288129469412	-0.05416319463651122	0.5499302828017806	0.144831859124571	-0.2544093678850592	-0.02975669529785749	-0.03568779713151597	0.3067763346989517	0.2392950566436149	1.419239713795751	-0.1979041804487326	-1.355950358112543	-1.739790806783637	0.625497257803338	-0.5316755187922625	1.808515716840999	-1.620302234157186	0.888477843052869	0.09200362455414363	0.09135636190382157	0.0738172482904304	0.1009354138851844	0.07540553022591673	0.0580368433965267	0.0780085662217738	0.06547753704012424	0.1431536551576312	0.0733604433096087	0.09108617587132566	0.05872027842150244	0.1304496334363781	0.08314110395016511	0.04880115813348652	0.2548481035183309	0.3387400254686444	0.02627101208804006	-0.0002485397365319488	0.1231664777376473	0.08544819458752001	0.09867234122692405	0.065559596108946	0.06849102556697834	0.06807005743251666	0.08363876142271265	0.08135958788715252	0.1108134738744298	0.08986216434941328	0.09351785883257886	0.0638822179629259	0.1155421228455378	0.06909243685063968	0.03964577545055101	0.2601787771728715	0.324088724702393	0.02378836428084277
0.02560584041100727	-0.2316367608195165	0.03502950291224664	0.9550461379703724	-0.05694169909536929	0.5463770180490141	0.1459390417363919	-0.2554891804801202	-0.02641243440834511	-0.03892216097029502	0.3081094948701441	0.3548388333331809	1.426817102745638	-0.1906660988857892	-1.461068265947579	-1.863238651443654	0.5015089290241006	-0.5665658664731253	1.576038455173238	-1.664415588934625	0.4375710293668949	0.09538351830691286	0.09066438092530724	0.07673951406711267	0.09703907647161644	0.07465567718570783	0.0593914598139231	0.07851949441225788	0.067154064780929	0.1404840489046858	0.07523938607119857	0.09139270395738204	0.05923955783536505	0.1290312139261207	0.0815494807397284	0.0476278368307196	0.2552539114204783	0.3373625865330253	0.02594798946202362	-3.205988323880494e-05	0.1228766506730879	0.08460759169446556	0.1008392683710244	0.0638533424622847	0.06896382770471346	0.07128531688801246	0.08155687073018547	0.07895198882439648	0.1221933697205877	0.09019518268894797	0.09425330739157306	0.06254350313231213	0.1176345927821549	0.06847905404293297	0.03815182741822101	0.2587903113202298	0.3196294675568469	0.02354810677914206
0.02757552044262322	-0.2308375411208968	0.03784603970867907	0.9546777045957379	-0.05990209290706278	0.5426097489529073	0.146818418951036	-0.2566483983243459	-0.0235921490566463	-0.04224683664397636	0.3083911840237434	0.4539448385490389	1.432810516429481	-0.1834432675791227	-1.540640435045812	-1.957089551738651	0.3941844398608555	-0.6123027165412053	1.276470700572187	-1.712004662586313	-0.1791838466949611	0.09834589074294724	0.08995527948978252	0.07956160313370354	0.09335399879458635	0.07404252370584997	0.06095802658808094	0.07874003840240762	0.06835913960413303	0.1392222997722661	0.07693806557299107	0.09174593694256818	0.05954289630802908	0.1279705231267481	0.08006214340898954	0.04641363757430295	0.2555021305329197	0.3357323725422396	0.02563501917564448	0.0001844199700543389	0.1225868236085286	0.08376698880141112	0.1030061955151248	0.06214708881562342	0.06943662984244857	0.07450057634350823	0.07947498003765831	0.07654438976164048	0.1335732655667456	0.09052820102848265	0.09498875595056726	0.06120478830169836	0.119727062718772	0.06786567123522629	0.036657879385891	0.257401845467588	0.3151702104113008	0.02330784927744135
0.02954520047423916	-0.2298636753464153	0.04067250646279739	0.9543233876512804	-0.06298797027793254	0.5386940234447669	0.1475074637344986	-0.2579103241058682	-0.02143914521778407	-0.04566907441608046	0.3073038961726734	0.5301777098059707	1.436752896821097	-0.1763536744552389	-1.585692218291401	-2.011098592433359	0.3103609665991186	-0.6717173558082363	0.8965435721410993	-1.763792621723264	-0.942191108956304	0.1008775568993046	0.08924326908370786	0.08223300237325319	0.08990861103515324	0.07356199907797083	0.06269301366337124	0.078629020281793	0.06899969501785583	0.1396173303274691	0.07844061006913075	0.0921445668660353	0.05963158540194635	0.1273053391100552	0.07868302570123695	0.04516947454872702	0.2555661499099129	0.3338089145229065	0.02533265926797193	-0.0007118877849927596	0.1210918002175557	0.08314809458561088	0.104051517573625	0.06130027712792269	0.07010286746777633	0.0774316001966652	0.07607951925957322	0.07152278511026515	0.152353860600151	0.09018963385733765	0.09579563969804651	0.05944749585050492	0.1232175726057559	0.06751439318918076	0.0352673291295797	0.2550959200097475	0.3092477985778651	0.02309615790139536
0.0315148805058551	-0.2287676389426366	0.04350430982901796	0.9539828932615535	-0.06612092944285336	0.5347180906976799	0.1480603119516528	-0.2593050585883234	-0.02011198368891046	-0.04919858852122935	0.3046112240071379	0.5779960642594959	1.43822921643094	-0.1694078145545184	-1.588446872896825	-2.018222397517778	0.2558912501265466	-0.7471556925493413	0.4379092785600628	-1.82093274719497	-1.80929218087671	0.1029657612695478	0.08854058720393022	0.08471121937676167	0.08672745416142798	0.07321046527653031	0.06455983403112003	0.07815055021967347	0.06899475814156154	0.1418705438736033	0.07973327190747198	0.0925874663770815	0.05950634316195606	0.1270675518805497	0.07741540599181872	0.04390466752820509	0.25542231522954	0.3315556699040416	0.02504137645447999	-0.001608195540039858	0.1195967768265828	0.08252920036981064	0.1050968396321251	0.06045346544022195	0.07076910509310409	0.08036262404982218	0.07268405848148814	0.06650118045888982	0.1711344556335564	0.08985106668619267	0.09660252344552576	0.05769020339931148	0.1267080824927398	0.06716311514313524	0.0338767788732684	0.2527899945519069	0.3033253867444293	0.02288446652534937
0.03348456053747105	-0.2275903856034536	0.04633793185782425	0.9536562686830666	-0.06923959005921541	0.5307349687907719	0.1485194185826477	-0.2608556594095575	-0.0196140599888192	-0.05284525424246291	0.3006260642880647	0.6168793242013703	1.438981418546289	-0.1621735152070727	-1.577331312554201	-2.03052874807529	0.210853720453145	-0.8276944604664926	0.1040767170273896	-1.88256359253876	-2.126317021739906	0.1045811202889117	0.08787426671835652	0.08686767839249954	0.08393055503991197	0.07299847722257004	0.06640504757942942	0.07753878677699257	0.06871241503548811	0.1450755819967247	0.08075711311306562	0.09307932899806307	0.05912233559470888	0.1273498066090769	0.07628770820134405	0.04261551287386194	0.2550569793931911	0.3289287501193205	0.02476244258570347	-0.001897787698031064	0.1165783715162539	0.08241198439889161	0.103417013864605	0.06218800705219435	0.0718713799554294	0.08095070446088232	0.07267529226000001	0.06652354754347069	0.1761756378859369	0.08802488674828064	0.09758435511336734	0.05474644425905473	0.1328034370135977	0.06751817971961964	0.03238705372165844	0.249761653765869	0.2957240900968824	0.0227146213895287
0.03545424056908699	-0.2263395095834796	0.04917286342369836	0.9533443229948733	-0.07233108314689614	0.5267021092663255	0.1488931853929666	-0.2625671563450889	-0.01955851241543788	-0.05661749438763292	0.2966718015756082	0.6527530746774	1.439558934026255	-0.1545027843317381	-1.560862606497373	-2.068728527332616	0.1692365746834705	-0.9105278020505529	-0.01126342738582311	-1.948440405706653	-1.777900048143317	0.1056970051464808	0.08726756163499076	0.08859352171922305	0.08162191519593806	0.07293489799401925	0.0681001898538357	0.07699401664038685	0.0684647958619405	0.148448978094189	0.08146169809827673	0.09362415364879127	0.05844098061141168	0.1282306961617548	0.07532424867052094	0.04129885380436703	0.2544578694461384	0.3258883152765838	0.0244969232317464	-0.00218737985602227	0.1135599662059249	0.08229476842797259	0.1017371880970849	0.06392254866416675	0.07297365481775471	0.08153878487194245	0.0726665260385119	0.06654591462805155	0.1812168201383174	0.08619870681036862	0.09856618678120893	0.05180268511879799	0.1388987915344555	0.06787324429610404	0.03089732857004848	0.2467333129798309	0.2881227934493357	0.02254477625370803
0.03742392060070293	-0.2250385791224598	0.05200724848919241	0.9530476370341154	-0.07535922114357912	0.5226059445340686	0.1492065432518997	-0.2644537175147808	-0.01962954156302894	-0.06052508928634511	0.2935454512344827	0.6631339509280996	1.438024850287607	-0.1467457976791163	-1.506372908014867	-2.084532149987502	0.1542043242251638	-1.007804814859018	-0.05750980721549099	-2.020519643243402	-1.41896836098851	0.1064224651207431	0.08672345368052756	0.08996459921086813	0.07975500503429213	0.07298026702963376	0.06961029037991884	0.07651158161673284	0.06823587787821613	0.1515375746788213	0.08189903715953036	0.09420931228885489	0.0575323750524056	0.12961355373469	0.07450850172548058	0.03998279445751629	0.2536033992154912	0.3224550112311127	0.02424235784301263	-0.0002521350275254803	0.1114905888268882	0.08234623254747013	0.1004744394591631	0.06569165629410779	0.07368484524319581	0.08119661006704589	0.07270739211777077	0.06636204416625915	0.1776852274903418	0.08462698529560529	0.09942853637550261	0.04946656094257351	0.1443766345517843	0.06825135118948998	0.02981487708102714	0.2427598977359501	0.2802583992787042	0.02236263814948983
0.03939360063231888	-0.2237471722145571	0.05483606705063591	0.952766262994815	-0.07823559415477606	0.5185138774119123	0.1495213727788388	-0.2665480380988564	-0.01977188315093216	-0.06458189695198066	0.2909937286090378	0.643082508094156	1.433906592175635	-0.1389549561394064	-1.406760749976965	-2.064566794267407	0.1707310993907819	-1.12148543388835	-0.08367362733707284	-2.099950224649338	-1.194434736155022	0.1068493390196763	0.08624446910918038	0.09104387989126207	0.07828770405719439	0.07310084437050599	0.07090564806336784	0.076087463677515	0.06801201171705536	0.1539547876577689	0.08211273359115809	0.09482401627656036	0.05645593283724687	0.1314137447299135	0.07382606621114558	0.03869130688751368	0.2524741804575756	0.3186469588976056	0.02399667894427825	0.00168310980097131	0.1094212114478514	0.08239769666696768	0.09921169082124133	0.06746076392404887	0.0743960356686369	0.08085443526214933	0.07274825819702965	0.06617817370446676	0.1741536348423663	0.08305526378084198	0.1002908859697963	0.04713043676634903	0.1498544775691131	0.06862945808287592	0.02873242559200579	0.2387864824920694	0.2723940051080727	0.02218050004527163
0.04136328066393483	-0.2225245197140595	0.0576542524372604	0.9525002993554184	-0.08087236596277948	0.5144964353759662	0.1498990097351428	-0.2688817407237006	-0.01995031841778944	-0.06880285035275351	0.2887589284616747	0.5942051402878945	1.427277048073113	-0.1310724452697161	-1.264356209522747	-2.009497434633956	0.2170045489551819	-1.250287159907531	-0.09586660526763473	-2.187313405855131	-1.091723080842729	0.1070367533360382	0.08579933972776016	0.09194170538298024	0.07710159010834665	0.07330003726285456	0.0721447587220225	0.07575892808681423	0.06790311794569807	0.1555151616724849	0.08215340509866993	0.09545110470955007	0.05527115856438095	0.13348296751599	0.07325693612038572	0.03744413479407481	0.2510496778965273	0.314474589772383	0.02375771165475065	0.0007364581259477773	0.1078312948705455	0.08201891424524584	0.09931577838719462	0.06788602159974508	0.0753178137192709	0.08280176586339118	0.07355514295121467	0.06789857687075571	0.1654296033327786	0.08192508640643337	0.1009033584732942	0.045477654394307	0.1533765282909511	0.06891597068556556	0.02801591265241312	0.2338217359636746	0.2641112005085208	0.0219817019261699
0.04333296069555077	-0.2214228861707741	0.06045712572211495	0.952250045475949	-0.0831917318587143	0.5106183150426442	0.1503931160856643	-0.2714818421655592	-0.02014307684259571	-0.07320383667423487	0.2866262332109162	0.5202004938468261	1.418358608352741	-0.1230031034898738	-1.084468494790989	-1.923099486553696	0.288993208823984	-1.391984997190908	-0.09821857829804931	-2.282754606864543	-1.090755828551323	0.1070349991289742	0.08536119558490672	0.09275149048252668	0.07609364807689498	0.07358070510421581	0.07346102596802176	0.07555779211214654	0.06800275331149977	0.1560553024856207	0.08206399354815092	0.09607592665845165	0.05402887658212473	0.1356939453230682	0.07278384620626591	0.03625806595563388	0.2493113198815491	0.3099468943593756	0.02352363018516233	-0.0002101935490757551	0.1062413782932395	0.081640131823524	0.09941986595314792	0.06831127927544127	0.07623959176990491	0.08474909646463305	0.07436202770539968	0.06961898003704467	0.1567055718231909	0.08079490903202477	0.1015158309767922	0.04382487202226498	0.1568985790127892	0.06920248328825521	0.02729939971282044	0.2288569894352799	0.2558283959089691	0.02178290380706817
0.04530264072716671	-0.2204890556500565	0.0632403456279016	0.952015934491646	-0.08512375508956276	0.5069383284655025	0.1510514019599392	-0.2743721358488518	-0.0203333459585937	-0.07780087342374188	0.284408093917228	0.4253967739769436	1.407422995227339	-0.1146508232007262	-0.8733288481219172	-1.810144483854883	0.3820107376267498	-1.544027301507091	-0.09420521074550468	-2.386366506701814	-1.172447137784442	0.1069412325546684	0.08492671753886497	0.09351319816874043	0.07521629042187367	0.07393045883826228	0.07488312862076002	0.07549503258085981	0.06833938281185224	0.155539426014549	0.08186143409611311	0.09668681189460822	0.05275995503038192	0.1379655103783385	0.07240451570803805	0.03514219697379017	0.2472656570701138	0.3050371790290684	0.02329482708794761	-0.001101439268218518	0.1060680051203375	0.08121601598084258	0.1000613811479067	0.06824186703237807	0.07711072864948244	0.08736057985689122	0.07561246870784072	0.07224759697389786	0.145135793868521	0.07970456246243991	0.101911868821312	0.04258132796959633	0.1591597533942839	0.06963656068711353	0.02684405426053867	0.2234461951919879	0.2462992099936915	0.02159990425827285
0.04727232075878265	-0.2197573810004751	0.06600037485464619	0.9517986354851804	-0.0866164477294402	0.5035008573885227	0.1519081806008316	-0.277569174010328	-0.02051112931840254	-0.08260985751642379	0.2819644899859672	0.3149326293225209	1.394810752856916	-0.1059320399983559	-0.6383747675979198	-1.676850197264991	0.4905412410962925	-1.703451273911409	-0.0855413351793467	-2.497964552991913	-1.31969000785521	0.1068389763987885	0.08449305668706794	0.09426083856010858	0.0744284260966797	0.07433873420273469	0.07643521705066825	0.07557988134071615	0.06893680002493383	0.1539301623225157	0.0815601168709839	0.09727379020049627	0.05149081653728618	0.140228327878885	0.07211691707137688	0.03410419819766949	0.2449181707238158	0.2997207972365398	0.02307163084505016	-0.00199268498736128	0.1058946319474355	0.08079190013816115	0.1007028963426656	0.0681724547893149	0.07798186552905997	0.08997206324914939	0.07686290971028176	0.07487621391075107	0.1335660159138511	0.07861421589285508	0.1023079066658318	0.04133778391692768	0.1614209277757787	0.07007063808597187	0.0263887088082569	0.2180354009486959	0.236770024078414	0.02141690470947753
0.0492420007903986	-0.2192552188250229	0.06873414524218396	0.9515989209114013	-0.08762796409818534	0.5003416819145715	0.1529902704102551	-0.2810854816744771	-0.02066818522119867	-0.0876464230193236	0.2791773636640162	0.1940989371901489	1.380878583803594	-0.09677866795953771	-0.3872941563660894	-1.529639060234889	0.6089220544539324	-1.86719484427512	-0.07390825464860501	-2.617349457657681	-1.513694567748249	0.1068186280222539	0.08408238147318567	0.09501577570571061	0.07370734622806543	0.07474081478265071	0.07796547341115637	0.07570503955234639	0.06958203360159278	0.152067603782542	0.08117824117936408	0.09782359553768202	0.05024838048220238	0.1424005317628483	0.07191782731553975	0.0331506710734915	0.2422501765352017	0.2940157219604433	0.02285598237667982	-0.0008393255777962162	0.1073742429198117	0.08076331940644194	0.1017017181376622	0.06787884604762034	0.07784302418781688	0.09020063207376623	0.07653267945293182	0.07436026747344075	0.1366108884267131	0.07765058818368148	0.1024134814977807	0.04054242843885812	0.1620659033625628	0.07062920846983387	0.02618631278401853	0.2116526087326802	0.2269859163308088	0.02127540385215142
0.05121168082201454	-0.2189961553133975	0.0714395249137607	0.9514176952100135	-0.08813654084030087	0.4974802370244496	0.1543097722630157	-0.2849255743193356	-0.02080217708568062	-0.092925403404021	0.2759882517286049	0.06809157160264093	1.365982810087114	-0.08715829339835529	-0.127692665178378	-1.374536105049086	0.7316078343316916	-2.03222046010374	-0.06212181413555642	-2.744110827207451	-1.727866441470542	0.1069579692442933	0.08371370753112396	0.09579622806322456	0.07303351794615083	0.07508169384452895	0.07934589658389617	0.07577900154607914	0.07009454286430962	0.1506874696445192	0.08073135219014312	0.0983248758887284	0.04905566073112706	0.1444120218584741	0.07180442899743798	0.03228713087248762	0.2392446135823236	0.2879376754103924	0.02264950761315648	0.0003140338317688479	0.108853853892188	0.08073473867472272	0.1027005399326587	0.0675852373059258	0.07770418284657379	0.09042920089838308	0.07620244919558189	0.07384432103613044	0.139655760939575	0.07668696047450788	0.1025190563297296	0.03974707296078855	0.1627108789493469	0.07118777885369586	0.02598391675978015	0.2052698165166646	0.2172018085832036	0.02113390299482532
0.05318136085363048	-0.2189870140023139	0.07411484695503098	0.9512558943052165	-0.08813032915209626	0.4949282053825954	0.1558715725142495	-0.2890900158447763	-0.02091485018845228	-0.09846091680849912	0.2723751083546092	-0.05811730929022142	1.350465463340916	-0.07705055130528173	0.1331282939853466	-1.217241202214234	0.8532936380165113	-2.195624312826739	-0.0532228235385554	-2.877577112473972	-1.935626428388646	0.1073511890111295	0.08338926896606062	0.09664390060869825	0.07236524446508591	0.07533123860164437	0.08056283617295444	0.07576913699533508	0.07041733848223329	0.1501775767363313	0.0802341328339457	0.09876307008008652	0.04793555325023223	0.1462106319079748	0.07177600274358903	0.03152061767390747	0.2357694144517687	0.2814741566316419	0.02245480861169707	-7.242111153076702e-06	0.1123945733766298	0.08082815656503151	0.1045088360470698	0.06665754280917033	0.07691423921533351	0.09009633769861657	0.07519878467057046	0.07206913980219413	0.1512637286027279	0.07585512233773908	0.1022598185829692	0.03942450371104863	0.1619806376179082	0.07190396587138048	0.02606553945261827	0.1953580918771242	0.206532414888888	0.02105129509626388
0.05515104088524643	-0.2192223789137509	0.07675929057955676	0.9511144861737307	-0.08761553004347322	0.4926832553312749	0.1576675047108351	-0.2935721821297039	-0.02101553041528335	-0.1042650805493696	0.2683838819578833	-0.180178889819011	1.334628879735755	-0.06645140260821555	0.3887243261301674	-1.062726976366739	0.969344073351204	-2.354836174393218	-0.04994376124397775	-3.016896063147702	-2.111771650923916	0.1080788452551422	0.08311096309269217	0.09759434715678611	0.07166678769989429	0.07546375354875486	0.08160450575710809	0.07564757829054844	0.0705018082995528	0.1508735237603188	0.07969915660121375	0.09912568758212165	0.04690755023364476	0.1477512790286145	0.07183187912012477	0.03085698595549068	0.2317055341207637	0.2746131736365163	0.02227406381817192	-0.0003285180540750014	0.1159352928610716	0.0809215744553403	0.1063171321614808	0.06572984831241484	0.07612429558409323	0.08976347449885005	0.07419512014555903	0.07029395856825786	0.1628716962658807	0.07502328420097028	0.1020005808362088	0.03910193446130871	0.1612503962864694	0.07262015288906512	0.0261471621454564	0.1854463672375838	0.1958630211945724	0.02096868719770244
0.05712072091686238	-0.2196914003521649	0.07937241475729541	0.9509944377724686	-0.08660642749869892	0.4907368494657796	0.1596836141838245	-0.2983621907476969	-0.02111705866556319	-0.1103492156749169	0.2640921574017356	-0.2942715794970522	1.318744728639442	-0.0553641308713641	0.6333857353033034	-0.9154694204929612	1.075697266292643	-2.507494073247274	-0.05434057513682854	-3.161848421462286	-2.236810048058781	0.1091413148874222	0.08286596611878297	0.0986764018063509	0.07091777701381545	0.07549484198185774	0.0825341835994694	0.07545715802955692	0.07043208381280763	0.1522347103024994	0.07911815441814174	0.09940436156101747	0.04597935821739826	0.1490331213453696	0.07198353837185756	0.03030205361183621	0.2273862737929786	0.2673825777322539	0.02211246009849521	-0.0005757529375293864	0.1201705594319134	0.08087860300640079	0.1088647124584192	0.06439052915743382	0.07537097201152437	0.09018010623890695	0.07371788851824672	0.06949496628700395	0.1662077797946887	0.07397225182799114	0.1014346693308138	0.03908052987336524	0.1599494103900631	0.07370446983244849	0.02651961659657406	0.1818426165919838	0.1852304207853224	0.02099492231067844
0.05909040094847832	-0.2203745660366277	0.08195441667540798	0.9508966981151253	-0.08513034973974473	0.4890696678905804	0.1618967820244625	-0.3034445548641708	-0.02123430030011204	-0.1167245711384563	0.2596085648480393	-0.3976199564719103	1.303027376140842	-0.0437991113218089	0.8628883518733749	-0.7792039874497336	1.169436040998361	-2.651691870700344	-0.06589895659171349	-3.312599007918968	-2.306591855718824	0.1105382594683073	0.08264328048387377	0.0999145612376502	0.07010074994040812	0.07543771615296205	0.08340534870228525	0.0752344036734094	0.07027954139859864	0.1537894233130299	0.07848402562534854	0.09959187122475657	0.04515743590625897	0.1500549557605048	0.0722406902274285	0.02986061021941852	0.2231106452399021	0.2598070964271816	0.02197433899148131	-0.0008229878209837715	0.1244058260027551	0.08083563155746129	0.1114122927553576	0.06305121000245278	0.07461764843895551	0.09059673797896382	0.07324065689093441	0.06869597400575006	0.1695438633234967	0.07292121945501201	0.1008687578254188	0.03905912528542176	0.1586484244936569	0.07478878677583189	0.02689207104769173	0.1782388659463838	0.1745978203760724	0.02102115742365442
0.06106008098009426	-0.2212490816683328	0.0845057553271879	0.9508221980820083	-0.08321965336033066	0.487657770115571	0.1642804555579781	-0.3088014991295604	-0.02138065599760985	-0.1234019477228358	0.2550427441004324	-0.4880446558209175	1.287658862539081	-0.03178267716888833	1.073837558989334	-0.6570477092495735	1.248295856788844	-2.785910804997352	-0.08346373649796211	-3.468020528343886	-2.321079856542916	0.1122051943983628	0.0824417355904816	0.1012689178906418	0.06924191920103757	0.0753090152129047	0.08421325361456487	0.07499409306890165	0.07006894654959048	0.1554006717546091	0.07776915152374606	0.09968737853232032	0.04443172793048564	0.1508660546157645	0.07262816708906644	0.0295375213836706	0.2185011323660403	0.251763515733964	0.02187461139577163	7.74312093654879e-05	0.1281502065089056	0.0808160728936333	0.1135604068691505	0.06203474087343974	0.07397885323903995	0.09080650164826802	0.07295743419172432	0.06816065584391785	0.1705692075685917	0.07128198253621795	0.1001032337110435	0.03907518515650147	0.1577754887723595	0.0765179112205607	0.02756303607961609	0.1665024613188126	0.1606820077865846	0.02132739821927104
0.06302976101171021	-0.2222880347391502	0.08702728018103195	0.9507717422811092	-0.08091344953042742	0.48647097514025	0.1668038916485678	-0.3144121774595484	-0.02156606846415945	-0.130388219110537	0.2504982127415291	-0.5645888362584016	1.272754513019408	-0.019384655020056	1.26448406778861	-0.5506360115266762	1.311350026360775	-2.909331183010105	-0.1055565504796792	-3.626249188396931	-2.284974279944089	0.1140867360810141	0.08226032494758076	0.1027054496492701	0.06836374696412537	0.07512289769964056	0.08495381981478579	0.0747488478501223	0.06982138394969728	0.1569503571539806	0.07694980117602138	0.0996901034924316	0.04379358313098719	0.1515086588313789	0.07316696710808464	0.02933674890121608	0.2132176067365019	0.2431380669294508	0.02182574976499843	0.0009778502397147471	0.1318945870150562	0.08079651422980533	0.1157085209829434	0.06101827174442667	0.0733400580391244	0.09101626531757222	0.07267421149251421	0.06762533768208565	0.1715945518136868	0.06964274561742391	0.09933770959666813	0.03909124502758118	0.156902553051062	0.0782470356652895	0.02823400111154046	0.1547660566912414	0.1467661951970968	0.02163363901488766
0.06499944104332615	-0.2234636394975439	0.0895199706608362	0.9507460311434848	-0.07825263199286552	0.4854774229228382	0.1694355479367776	-0.3202548575185136	-0.02179844956344639	-0.1376879802897741	0.2460708119393912	-0.6267707261012034	1.258401805899957	-0.006688049220917708	1.433722058467567	-0.4610043994157375	1.358187047006761	-3.021342728391949	-0.1306629970878173	-3.785806441225751	-2.204512567944364	0.116131855387979	0.08209875960406637	0.1041859453943096	0.06748499728245426	0.07489100494930778	0.08562208306063621	0.07450503976527972	0.06954700638442481	0.158391690505496	0.07600806245182018	0.09959915058991316	0.04323548612757504	0.1520212403918421	0.07387852432621723	0.02927403525353675	0.2073589934729269	0.2336840940096827	0.02185710237026019	0.0008046071542455933	0.135149175397011	0.08081172259649747	0.1173303178252837	0.06028820777321812	0.07279068469747534	0.0909979339823886	0.0724924388335265	0.06719248138126428	0.1715539024013412	0.06748904494540857	0.09836991072793892	0.03915298219646908	0.1564442169962334	0.08065918255438742	0.02939684260814678	0.1440721827048079	0.1265701710362536	0.02250054280593883
0.06696912107494209	-0.2247478795678571	0.09198497392347189	0.9507455207073174	-0.07527957450330611	0.4846438820998538	0.1721439227088973	-0.3263067003332339	-0.02208183611184577	-0.1453016536202526	0.2418377395695973	-0.6748965313865715	1.244640993633924	0.006204021861127648	1.58153036430846	-0.3881615691432487	1.389249441481005	-3.121713137908238	-0.1573465881881887	-3.944992747116626	-2.087654564206461	0.1182970447054914	0.08195678841427302	0.1056779046865016	0.06662175223118641	0.07462326520324077	0.08621377019224566	0.0742681122190053	0.06925447057705218	0.1596842192898519	0.07492846821024771	0.09941369174695157	0.04275099141570884	0.1524369977820896	0.07478083703486511	0.02936243976750864	0.2010129756571744	0.2231714703072505	0.02199316443851191	0.0006313640687764395	0.1384037637789659	0.0808269309631896	0.1189521146676239	0.05955814380200956	0.07224131135582627	0.09097960264720499	0.07231066617453878	0.06675962508044295	0.1715132529889958	0.06533534427339324	0.09740211185920972	0.03921471936535697	0.1559858809414048	0.08307132944348533	0.0305596841047531	0.1333783087183743	0.1063741468754104	0.02336744659699001
0.06893880110655803	-0.2261133892375102	0.09442347503033451	0.9507705265289892	-0.07203634240241837	0.4839374289707666	0.1748983648695082	-0.3325446456940582	-0.02241839108073853	-0.1532277210635022	0.2378649260980158	-0.7095133635829709	1.231497708944601	0.01918928568243588	1.70819933139899	-0.3318322492824805	1.405241245863589	-3.21021597410763	-0.1840782787755421	-4.102660004857376	-1.94383666912924	0.1205382510328972	0.08183007963248591	0.1071731244237005	0.06577522086544489	0.07433046944498299	0.08674726634650089	0.07405660451956461	0.0689789438279725	0.1606332538090824	0.07371952675736941	0.09913993333004202	0.04233816652049169	0.1527705584066218	0.07588888647688301	0.02963107562038743	0.1940871420162786	0.2119336102474752	0.0223119221154513	0.0002244761007896432	0.1410916798567842	0.08080441897334424	0.1204470590250973	0.0588783718098651	0.07180938885575801	0.09113122853958576	0.07246571340274893	0.06689828974028449	0.1672537739577978	0.06306874951313683	0.09635991060709501	0.03938812477010372	0.1556200448165427	0.08614267802429164	0.03248872465779304	0.1199988673482834	0.09216857659480782	0.02566581341910278
0.07090848113817398	-0.2275345506822298	0.09683670721349447	0.9508211142412833	-0.06856386837366672	0.4833261492143847	0.1776704106737049	-0.3389448945657034	-0.02280577764029217	-0.1614619248014563	0.2341900212458712	-0.731405194576366	1.218983002445307	0.03217969038600699	1.814301160706735	-0.2915230244601311	1.407124173162896	-3.286514930227152	-0.2089603534840708	-4.25787064346134	-1.785159405211771	0.1228180287309436	0.08171492512638097	0.1086646260333819	0.06494643148765525	0.07402183452066152	0.08723819375718726	0.07388634474650284	0.06875042383426845	0.161069772645142	0.07238846740149385	0.09878316398746985	0.04199532211575511	0.1530345641911497	0.07721511001838849	0.03010407468062856	0.1864959042415395	0.2002753877767142	0.02287820922953255	-0.0001824118671971532	0.1437795959346026	0.08078190698349887	0.1219420033825706	0.05819859981772065	0.07137746635568974	0.09128285443196653	0.07262076063095907	0.06703695440012603	0.1629942949265999	0.06080215475288043	0.0953177093549803	0.03956153017485047	0.1552542086916806	0.08921402660509795	0.03441776521083299	0.1066194259781926	0.0779630063142052	0.02796418024121555
0.07287816116978993	-0.2289868656485614	0.09922591262495054	0.9508972359679495	-0.06490220388708096	0.4827788729953485	0.1804329571504092	-0.3454833052494832	-0.02323907921216337	-0.1699973709147659	0.2308342127476058	-0.7415441315014488	1.207093732288664	0.04507773007262778	1.900711077166938	-0.2664710944332517	1.396058414072858	-3.350683561579177	-0.2301955226456388	-4.406717495212277	-1.623491149141137	0.1250457839975206	0.08161121224811865	0.1101088742414579	0.06415632063838471	0.07371027751511629	0.08768629134031207	0.07376922640236884	0.06859135257795888	0.1609230449379108	0.07097726318540215	0.09836551576793524	0.0417029922781221	0.1532614104647787	0.07870864780088643	0.03076727045577586	0.178216408394567	0.188178892019172	0.02414184342382394	0.000111957497319238	0.1448322841305538	0.0807803611472529	0.1226214327049373	0.05791120356138325	0.07113943647563534	0.0913427223727597	0.07306479459487834	0.06765574710807332	0.156258116769673	0.05903600491963798	0.09451530113661706	0.03955392463274453	0.1553904295609567	0.09185601087652627	0.03653854163257142	0.09184877150607554	0.06299880980838486	0.03782995552845286
0.07484784120140588	-0.2304489676990253	0.1015922761621948	0.9509985397718113	-0.06108817790435835	0.4822673634577869	0.1831625463418636	-0.3521371479875043	-0.02370940554682139	-0.1788128172423548	0.2277898221413865	-0.7413430010104384	1.19578944433699	0.05774936902862067	1.969007815300963	-0.2552058047539036	1.373659529670442	-3.403723372306044	-0.246554811813126	-4.542181342413387	-1.468946968438509	0.1271443889301929	0.0815188432679928	0.1114687506819418	0.06342278620397725	0.07340683673612834	0.0880913191093735	0.07371537875924776	0.06852082431499644	0.1601297177511718	0.06952203669205427	0.09790602028431207	0.04144468578451393	0.1534792165524955	0.08032641791040952	0.0316085571384323	0.1692249926214946	0.1756254909164825	0.02647240871453257	0.0004063268618356292	0.145884972326505	0.08077881531100692	0.1233008620273041	0.05762380730504585	0.0709014065955809	0.09140259031355287	0.07350882855879763	0.06827453981602061	0.1495219386127461	0.05726985508639553	0.09371289291825383	0.03954631909063859	0.1555266504302328	0.09449799514795459	0.03865931805430985	0.0770781170339585	0.04803461330256453	0.04769573081569017
0.07681752123302181	-0.2319015924267898	0.1039369057743789	0.95112446671759	-0.05715600535608802	0.4817657256805468	0.1858380887454779	-0.3588864974871591	-0.02420658402699206	-0.1878649125455231	0.2250372413761601	-0.7328720507255464	1.184949050259195	0.06994964766339255	2.022050186405551	-0.2550835962179934	1.342159516315856	-3.45007906430667	-0.2578457429365205	-4.628814017310212	-1.328087385468083	0.1290799425209924	0.08144695558300581	0.1126872332675516	0.06277021199848185	0.07311443746097314	0.08839512778380408	0.07370045032471802	0.06849221594316077	0.1589964830593882	0.06813097333357761	0.09748647462415214	0.04119362221769599	0.153777631107994	0.0818873146164053	0.03244332577452306	0.1597067017522863	0.1629836563803317	0.03527418196170493	0.0002389676679526301	0.1460052008334936	0.08096138358760423	0.1227375207342912	0.05786161740923224	0.07073036203187701	0.09033371238823765	0.07365465559357379	0.06826514806531885	0.1476706806680182	0.05728981611759968	0.09431697653882827	0.03916832959973156	0.1574260355820734	0.09420964738040935	0.03819537709977926	0.06519539610810139	0.04027503167191171	0.1455189033099067
0.07878720126463776	-0.2333329698226143	0.1062603094904103	0.9512734318574139	-0.05312907358427207	0.481258811623775	0.1884462163547069	-0.3657304893169466	-0.02472347645176034	-0.1969669483619523	0.222549787663753	-0.7197685078235911	1.174236754581118	0.08114214942440577	2.065225384100835	-0.2605635512151345	1.305206791767828	-3.499822360321847	-0.2665717512805476	-4.592885343227774	-1.199739529891298	0.1308232820414482	0.08140335875288116	0.1137154839017884	0.06221937620322254	0.07283557795049543	0.08854800032994115	0.07370366072298615	0.0684658058329624	0.1577908159494695	0.06689718588096419	0.09717730854747543	0.04092716957505061	0.1542344999198187	0.08323847658014039	0.03311766151222205	0.1498295175727559	0.1505984740672967	0.0545812185378579	7.160847406963112e-05	0.1461254293404822	0.08114395186420152	0.1221741794412783	0.05809942751341862	0.07055931746817309	0.08926483446292241	0.07380048262834996	0.06825575631461707	0.1458194227232902	0.05730977714880383	0.09492106015940271	0.03879034010882451	0.1593254207339141	0.09392129961286409	0.03773143614524867	0.05331267518224428	0.03251545004125889	0.2433420758041232
0.08075688129625369	-0.2347362396160604	0.1085625215788556	0.9514431075854195	-0.049023922391702	0.4807391066255049	0.1909784395377381	-0.3726795271342823	-0.02525680229529759	-0.2058644928002452	0.2203040415467332	-0.7046928378809928	1.163409308191607	0.0909503051594414	2.101445384372421	-0.267508891852544	1.265474811838677	-3.55394588711411	-0.27490723914009	-4.429537549330235	-1.081882746264661	0.1323937687025553	0.08138940841655219	0.114543482918925	0.06176660121050415	0.07256186885936934	0.08854127520314574	0.07370511396034768	0.06840694089687278	0.156685103205358	0.06587407427873908	0.09698177450343749	0.04064072630394891	0.1548213601765924	0.08435046890987682	0.0335482729895301	0.140237107742801	0.1387986308305942	0.0754789588161151	0.0002048831975331787	0.1462009466092107	0.08140686786010602	0.1210229387652806	0.05847166649967351	0.07026894877747129	0.08773605057427193	0.073635942936582	0.06765303978638011	0.1472754260859755	0.05854030064456611	0.09580055497857783	0.03830706878994876	0.1609802761408759	0.09266241327272517	0.03559734754072248	0.05376531196110931	0.0315841459884668	0.2262052211931704
0.08272656132786965	-0.2361073853877599	0.1108434043451358	0.9516309406256456	-0.04485731508737729	0.480203527318499	0.1934293268638673	-0.3797219794497267	-0.02580623869687248	-0.2143690946633122	0.2182827082273772	-0.6871501218169315	1.152579028857592	0.09957886780937879	2.127627594507739	-0.2766820393374793	1.222618928301265	-3.594674612878718	-0.2829301333532643	-4.193890730916882	-0.9718730830571102	0.1338077032121371	0.08140625634372592	0.1151623465500585	0.06140865725240511	0.07228614288173438	0.08836736383463359	0.07368785014708269	0.0682861158317466	0.1558304251126054	0.06510711317476421	0.09690256943842394	0.04033040499627668	0.1555134213009675	0.08519790191886963	0.0336650465331876	0.1315232285209005	0.1278916675203061	0.09133470616286057	0.0003381579209967262	0.1462764638779393	0.08166978385601054	0.1198716980892829	0.05884390548592839	0.06997858008676948	0.08620726668562145	0.07347140324481406	0.06705032325814317	0.1487314294486608	0.05977082414032839	0.09668004979775292	0.03782379747107299	0.1626351315478377	0.09140352693258626	0.0334632589361963	0.05421794873997435	0.0306528419356747	0.2090683665822176
0.08469624135948559	-0.237441150218315	0.1131030350278716	0.9518347667154473	-0.04065093964540598	0.4796470722739675	0.1957924325330462	-0.3868209779288426	-0.02637119360692069	-0.2222864242216393	0.2164720407061365	-0.6668504499672011	1.141842291653882	0.107257687522093	2.142855550631259	-0.2886034231647715	1.176514750645037	-3.614967644884291	-0.2907105432079345	-3.795253140213509	-0.8676499817426329	0.1350619726017682	0.08144936882238561	0.1155887711241999	0.06113042465655033	0.0720093201970152	0.08805346353806444	0.07366578196252545	0.06813129122565394	0.1551273104356003	0.06466215118389695	0.09697269233895521	0.04000351475663248	0.1562985870933819	0.08570371616777669	0.03349827210750363	0.1234251825031219	0.1177715764789553	0.106827081620454	0.0003470870278265384	0.1459572161948093	0.08191419623261319	0.1186009242923209	0.05914495362248916	0.06970031253982555	0.08483255106406638	0.07351193791140286	0.06680659321703551	0.1486857096932667	0.06261890747003902	0.09839051264675494	0.0374124258663412	0.1642654096336137	0.08821745556832541	0.03117979552620608	0.05069806429750975	0.02863791944352653	0.2575423936927757
0.08666592139110153	-0.2387331761890266	0.1153415872383355	0.9520529587143038	-0.03641836776866085	0.4790655498943265	0.1980626740342407	-0.3939680717995468	-0.02695143881561914	-0.2291228290298433	0.2148608483295565	-0.6447686240360018	1.131176091894144	0.1141659202136821	2.15422719885345	-0.3021354995361357	1.128325146014185	-3.643509314431532	-0.2984556223611206	-3.096351449510993	-0.769327088775962	0.1361536952675031	0.08151486787253047	0.1158368224210252	0.06091897161473937	0.07173218754371297	0.08762275434756071	0.07365076993246618	0.06796627347322963	0.1544885248677903	0.0645946691948142	0.09722033039659667	0.03966622851017005	0.1571663391375395	0.08580152423776805	0.03307267870945395	0.1156995087967176	0.1083365463349624	0.125421899361024	0.0003560161346563506	0.1456379685116793	0.08215860860921587	0.1173301504953588	0.05944600175904994	0.06942204499288161	0.08345783544251131	0.07355247257799165	0.06656286317592786	0.1486399899378727	0.06546699079974964	0.100100975495757	0.03700105426160941	0.1658956877193898	0.08503138420406457	0.02889633211621585	0.04717817985504514	0.02662299695137836	0.306016420803334
0.08863560142271747	-0.239979986425739	0.1175592518157997	0.9522842083227299	-0.03216402446731675	0.4784555723864823	0.2002361224027168	-0.401191853052707	-0.02754651832405126	-0.2343287523819618	0.2134371695042413	-0.620209563960421	1.120715577311695	0.1206767494508053	2.164204467109189	-0.3186700909212797	1.0775350689726	-3.69042529484948	-0.3051473733486799	-2.207503510981031	-0.6777097782580176	0.1373389164645772	0.08158344863709754	0.1161641254859987	0.06065813728284485	0.07141681551166153	0.08718191522802593	0.07364609512665338	0.06781876887858372	0.1537877074497925	0.06485320418290376	0.09756210654207517	0.03938398874099453	0.1579509634699964	0.08560583311282242	0.03253373918071871	0.1088572597168358	0.09976254715187323	0.1411631554859246	0.0003674082167899652	0.1499357876305191	0.08210666972402941	0.1205298826728364	0.05790464645054978	0.06848487355742619	0.08376022067968404	0.07366419069342051	0.06677618366616959	0.1462054819043031	0.06818091685627505	0.1006537273834932	0.03763399203244201	0.1643868558900473	0.08305872946212113	0.02843761658631922	0.05370823943990406	0.02864471884812656	0.2509297307691289
0.09060528145433341	-0.2411723566604826	0.1197568694033438	0.9525284718959907	-0.02789830966627577	0.4778045021247566	0.2023033573476168	-0.4085019158469489	-0.02815104342604913	-0.2378890570251613	0.2121854145215808	-0.5894913422336542	1.110820457368312	0.127380087577715	2.165774956273697	-0.3438597012161415	1.020477545112157	-3.731121239043039	-0.3080471753689469	-1.425380836261225	-0.5947562193212564	0.1388377876040942	0.08163862373830973	0.1167922875590982	0.06024908084030488	0.07103080801517923	0.08682252902974669	0.07365455314684459	0.06771237627504618	0.1529144210297753	0.06539316733781327	0.09792650662135552	0.03921204709742675	0.1585088359916255	0.08521384344864219	0.03200399021267236	0.1033580328663884	0.09220710807124176	0.1493788094471473	0.0003788002989235799	0.1542336067493588	0.08205473083884295	0.1237296148503139	0.05636329114204962	0.06754770212197077	0.08406260591685676	0.07377590880884936	0.06698950415641133	0.1437709738707335	0.07089484291280045	0.1012064792712294	0.0382669298032746	0.1628780240607049	0.08108607472017769	0.02797890105642259	0.06023829902476297	0.03066644074487476	0.1958430407349238
0.09257496148594938	-0.2422961330761119	0.1219357318169772	0.9527864280578908	-0.02364105857227215	0.4770922468795628	0.2042499716053481	-0.4158767349621031	-0.02875611431147408	-0.2401389169888217	0.2110877619817653	-0.5500928032747918	1.101704086541973	0.1346378355725759	2.154907846269915	-0.3814522561150039	0.9545586035271838	-3.754606113912866	-0.3054954059316425	-0.8959538612492702	-0.5208227513654422	0.1406060966093744	0.08168350283723493	0.1176608252443275	0.05971715826628213	0.07058457089040099	0.08652659101181438	0.07366144172861501	0.06761886277213773	0.1520098219488874	0.06617711283826361	0.09831681018136929	0.03914314989859237	0.1588900975300284	0.08465445294562521	0.03149493671262604	0.09959202609831361	0.08604851185711225	0.1517743075396394	0.0002345561312960132	0.158336924967274	0.08203092315349854	0.1264082538045012	0.05496144378741093	0.0666522584278388	0.08420312065848917	0.07365774882420424	0.06679814889966956	0.1438053938273218	0.07354195254629657	0.1018651766087059	0.03899999486295674	0.1619063558315799	0.07924068829376896	0.02772194263812841	0.07582364085275578	0.04074015382650541	0.1516219769603027
0.09454464151756531	-0.2433334773541614	0.124097386350099	0.9530592111069831	-0.0194176495893594	0.4762935440276564	0.2060576209523786	-0.4232823850156009	-0.0293512036443353	-0.2415638291281185	0.2101296406814961	-0.5017289420297446	1.093347684493175	0.1424351378158927	2.131412205138306	-0.4316376705684853	0.879373778634176	-3.762427033204933	-0.2979121272093715	-0.5877380744865291	-0.4530776473274817	0.1426055294835167	0.0817207412094285	0.1187174320639483	0.05908386038871237	0.07008697418036836	0.08627861126674427	0.07365422908025046	0.06751418230402714	0.1511973056836179	0.06717293984456395	0.09873582438935505	0.03917108370253167	0.1591380567303466	0.08395226486549662	0.03101627979572024	0.09788719835218675	0.08161566147395535	0.1495208754579017	9.031196366844651e-05	0.1624402431851891	0.08200711546815412	0.1290868927586884	0.05355959643277224	0.06575681473370681	0.0843436354001216	0.07353958883955912	0.06660679364292778	0.1438398137839101	0.07618906217979268	0.1025238739461824	0.03973305992263888	0.1609346876024549	0.07739530186736022	0.02746498421983423	0.09140898268074858	0.05081386690813607	0.1074009131856817
0.09651432154918124	-0.2442667774954005	0.126243299400026	0.9533478474069472	-0.01525271818440147	0.4753838058603737	0.2077080336249676	-0.4306898130845502	-0.02992684437438069	-0.2425690792012064	0.2093006493598123	-0.4448427041975143	1.085681239716169	0.1506777221893656	2.096166337539006	-0.4935778810969568	0.7952927268908481	-3.758176082080276	-0.286113393646438	-0.4433250840626036	-0.3890491726418255	0.1446295603245175	0.08175715995891052	0.1198120445768105	0.0584221994658087	0.0695740062878204	0.08604075610718932	0.07363653332317549	0.06739572637498524	0.1504814833204095	0.0683691683555957	0.0992183056037157	0.03923784239073125	0.1593754731629944	0.08311339239071724	0.03052653030119013	0.0970345295641961	0.07805425197279092	0.1459377637596029	5.918231292140548e-05	0.1630044732877448	0.0820885970983608	0.1293299690251611	0.05319700435652591	0.06538358350466512	0.08390443461387039	0.07345632253512115	0.06634845746068289	0.144142499337554	0.07908203591214685	0.103874634106288	0.03971666786094882	0.1621513808891162	0.07538209079975536	0.02660478290570647	0.08862770326853329	0.04840856433542248	0.1194888701179901
0.09848400158079719	-0.2450815396287434	0.1283746295516466	0.9536529114243177	-0.01116588513280295	0.4743433217377824	0.2091860208100756	-0.4380838729925247	-0.03047645264311006	-0.2433510178842024	0.2085955569587939	-0.3813658524464003	1.078540337714001	0.1591157025175175	2.05211105309757	-0.5643966580933626	0.7042937058969969	-3.748852446000132	-0.2714789571286079	-0.3610005107510711	-0.3272714976432575	0.1465011035384569	0.08179858556486957	0.1208160117597134	0.057794426102882	0.06907642877154649	0.08578058514246439	0.07361143825263561	0.06726127428646436	0.1498663174713226	0.06975588228399425	0.0997939830414666	0.03929456078135263	0.159709065520917	0.0821429825909695	0.02999069325121472	0.09597198771726952	0.07459942549133233	0.1439053129433156	2.805266217436444e-05	0.1635687033903005	0.08217007872856746	0.1295730452916337	0.05283441228027957	0.06501035227562343	0.08346523382761917	0.07337305623068317	0.06609012127843801	0.144445184891198	0.081975009644501	0.1052253942663936	0.03970027579925875	0.1633680741757775	0.07336887973215049	0.0257445815915787	0.08584642385631801	0.04600326176270891	0.1315768270502986
0.1004536816124131	-0.2457661197393659	0.1304923103057118	0.9539746367780689	-0.0071725218653204	0.4731565353899878	0.210479357033236	-0.4454584398280444	-0.03099528001338267	-0.2439785835596134	0.2080104850709507	-0.3133106954543808	1.071783366822266	0.1675392055186426	2.002175471763004	-0.6412462091673357	0.6085129379896712	-3.7393883491902	-0.2551460684344607	-0.2752641841791639	-0.2672469818710648	0.148120510310198	0.08184564570078952	0.1216639134909114	0.05723306771320958	0.06861482451263753	0.08549489167315134	0.0735879652708238	0.06712583669101913	0.1492913489664498	0.0712450295252844	0.1004498596522106	0.03931560945276255	0.1601894002553028	0.08110159383294661	0.02942431920377631	0.09485699781182659	0.0712813165488609	0.1428194894361823	2.186892446507952e-06	0.1618405029681997	0.08227268884336718	0.1283885708797354	0.05308642084841737	0.06502236699960727	0.08292489018632133	0.07343213943866808	0.06605830298138528	0.1437486183777753	0.08375015722694322	0.1065299486496742	0.03924699992095347	0.1657929083769756	0.07217569182495517	0.02504261339117306	0.08552157615897595	0.04430339650322845	0.1345613514603444
0.1024233616440291	-0.2463140298792667	0.1325969726571215	0.954312813591591	-0.003280763634264021	0.4718148747869074	0.2115814427779608	-0.4528153116245596	-0.03148084168295431	-0.2444315694926374	0.2075410343848341	-0.2425915899071823	1.06532156383562	0.1758203601353271	1.948941276059581	-0.7216554138148212	0.5100987233370651	-3.730885205169248	-0.2377013213298227	-0.1837303578436291	-0.2098701875691124	0.1494017619164622	0.08189887633475024	0.1222994511335956	0.05676580428773295	0.06820676808355532	0.08518092432247444	0.07357380499962321	0.06700219548979934	0.1487037888992951	0.07276244332890638	0.101174787329788	0.03927940129049032	0.1608603309762305	0.08004134150447456	0.02884052207544155	0.09382565446447245	0.06812616150413818	0.142141791554456	-2.367887728134854e-05	0.1601123025460988	0.08237529895816688	0.1272040964678371	0.05333842941655516	0.06503438172359112	0.0823845465450235	0.07349122264665299	0.06602648468433253	0.1430520518643525	0.08552530480938543	0.1078345030329548	0.0387937240426482	0.1682177425781737	0.07098250391775986	0.02434064519076743	0.08519672846163387	0.04260353124374799	0.1375458758703901
0.104393041675645	-0.2467212926645301	0.1346891411119843	0.954667077179073	0.000504588802753812	0.4703129583882634	0.2124885210010253	-0.4601569906144481	-0.03193131525293783	-0.2446985076632203	0.2071814732259019	-0.171073124271267	1.059072699620082	0.1838367055455667	1.894889519420674	-0.8032318658592635	0.4111544360273839	-3.724122331892755	-0.2197024719611161	-0.08798776048892301	-0.1557407319733828	0.1503353195342867	0.08195842921824878	0.1227155301009814	0.05640125855698873	0.06785671620843055	0.0848382249230762	0.07356704490251942	0.06688664146091043	0.1481213881201395	0.07426321464370446	0.1019572081132543	0.03918369557637703	0.1617285616131997	0.0789934999429389	0.02825289779639075	0.09297746850057055	0.06524489007485676	0.1416423737458547	-8.097254986025658e-05	0.1574761857213847	0.08249296677282131	0.1254460409473631	0.05391898002750575	0.06522791941252729	0.08178034447689574	0.07353557722423175	0.06595425484286301	0.1426812442585646	0.08657940167896276	0.1090701989151143	0.03818963084882186	0.1711678180779567	0.07030445183439608	0.02382089466461247	0.08682629823104938	0.04308401607985597	0.1368277529226126
0.106362721707261	-0.2469884630523058	0.1367691473678089	0.9550367724825831	0.004184710090191415	0.4686512146781491	0.2132019661949048	-0.4674872431530763	-0.032346331915538	-0.2447808322885068	0.2069254791850617	-0.1003423388992338	1.052972170258655	0.1914895697141707	1.842089740948189	-0.8839433253198645	0.3134846543423364	-3.719283020348733	-0.2016987361540216	0.003725210061709234	-0.1047088788792718	0.1509121712065212	0.082024433791146	0.1229057160193845	0.0561466721727822	0.06756844169811158	0.08446639706991001	0.07356605400328683	0.06677601519430176	0.1475596304413614	0.07570953186805211	0.1027872326501153	0.03902657643349289	0.1627997254398745	0.07798499703843662	0.02767291348551676	0.09239813877308461	0.06273361973847121	0.141120499406574	-0.0001382662224391646	0.1548400688966705	0.08261063458747574	0.1236879854268891	0.05449953063845633	0.06542145710146346	0.08117614240876797	0.07357993180181054	0.06588202500139347	0.1423104366527767	0.08763349854854006	0.1103058947972738	0.03758553765499553	0.1741178935777397	0.06962639975103231	0.02330114413845752	0.08845586800046489	0.04356450091596394	0.136109629974835
0.1083324017388769	-0.2471180855963522	0.1388372429082438	0.9554211206194787	0.007763356117629599	0.4668326232883265	0.2137254174054196	-0.4748099845547977	-0.03272624752835307	-0.2446910957378357	0.206767155152612	-0.03179328654664391	1.046961940436107	0.1986897528611174	1.79234849574782	-0.9619953382571843	0.2186716863230365	-3.716577052411451	-0.1842175471703593	0.08580741425761508	-0.05640131113583751	0.1511824518601936	0.08209515112718435	0.1229041179330149	0.05598940213922597	0.06733558163411497	0.0840747129995192	0.07356790725340906	0.06666677630611514	0.1470302559377048	0.07710004958755338	0.103654458195353	0.03881985228360648	0.1640429153663034	0.07702243393216626	0.02710730656117004	0.09203107819687865	0.06053525329580363	0.1406070000751975	-0.0001537765981322093	0.1524597655979942	0.08271047724722223	0.1221192505081405	0.05508377574095486	0.06562702488339178	0.0806794862843125	0.07358488205582961	0.06575874093891305	0.1422110682168529	0.08854696262113809	0.1114494859068248	0.03705141000374939	0.1768685445038482	0.06913887230787591	0.02290295857201533	0.0895857542991338	0.04371343856166346	0.1359485744243958
0.1103020817704929	-0.2471157426368636	0.1408935475161618	0.9558191435248767	0.01124819570195475	0.4648640936735008	0.2140659497246263	-0.4821297704751679	-0.03307264940477508	-0.2444490543016548	0.2067019124442363	0.03365467656679786	1.040999749149833	0.205374768247824	1.746839093300186	-1.036189623739777	0.1277499248105305	-3.716282315466577	-0.1676692903847636	0.158374453279793	-0.01019483685626692	0.1511889989539808	0.08216909588419781	0.1227399206407964	0.05591862782211687	0.06715268188261642	0.08367112421684209	0.0735701114470403	0.06655591097525076	0.1465434924539924	0.07843358431082957	0.1045499954504799	0.03857346367872411	0.165431232835113	0.07611146362784001	0.02656175207831094	0.09182720946441661	0.05859931395808475	0.1401287119345899	-0.0001692869738252541	0.1500794622993178	0.08281031990696873	0.120550515589392	0.05566802084345339	0.06583259266532011	0.08018283015985704	0.07358983230984867	0.06563545687643266	0.1421116997809291	0.08946042669373612	0.1125930770163757	0.03651728235250323	0.1796191954299567	0.06865134486471951	0.02250477300557313	0.09071564059780272	0.04386237620736298	0.1357875188739567
0.1122717618021088	-0.2469880661694545	0.1429381311974178	0.9562297911029285	0.01464822783059137	0.4627539073886292	0.2142318158306512	-0.4894515023323092	-0.03338761606013142	-0.2440731966476662	0.2067259881000353	0.0953089186946615	1.03505240496434	0.2114985169759502	1.706432635086096	-1.105626794414341	0.0414957716224208	-3.718586349611904	-0.1523632760650427	0.2219088545339485	0.0343809800218401	0.1509878215647047	0.0822438099533887	0.122452744039893	0.05591438871502674	0.06701116228834482	0.08326808494911296	0.07357392373243422	0.06644831907732199	0.1460805149369888	0.0797179002252265	0.1054639751081896	0.03830080031105373	0.1669246649487366	0.07525232458124378	0.02604052197345708	0.09175380741606431	0.05689595455696268	0.13969378956668	-0.0001987029329207426	0.1482777591025621	0.08287314317243256	0.1194092903656079	0.05608847177457409	0.06598946311152694	0.07988374297873743	0.07361738917060365	0.06559314779759017	0.1417254421778702	0.09038862901710068	0.1136139195880893	0.03612213787858422	0.1818678988870054	0.06826640183404392	0.02221300649264407	0.09157845877753375	0.04397731295071607	0.1358542844233554
0.1142414418337247	-0.2467429538254687	0.1449709993946731	0.9566519331482577	0.0179740049106197	0.4605119666704455	0.2142326787065363	-0.4967803423174059	-0.03367373531064038	-0.243580234922352	0.2068363209675431	0.1528982685524909	1.029103933001984	0.2170460939941549	1.671440969538258	-1.169972065375161	-0.03979320451665664	-3.723500181793753	-0.1383780310590049	0.2772809835579198	0.07739016347427093	0.1506273513092821	0.08231719390945647	0.1220767579561709	0.05595972293941859	0.06690369814621919	0.08287627624012335	0.07358041564866527	0.06634817122599089	0.1456249122598513	0.08095951503943967	0.1063879666622239	0.03801315745796586	0.168488566654126	0.07444519019301352	0.0255472048670068	0.09178265124523648	0.05539889994320631	0.1393093148236361	-0.0002281188920162312	0.1464760559058063	0.08293596643789641	0.1182680651418238	0.05650892270569479	0.06614633355773375	0.07958465579761784	0.07364494603135864	0.06555083871874767	0.1413391845748113	0.09131683134046524	0.1146347621598029	0.03572699340466522	0.1841166023440541	0.06788145880336834	0.02192123997971501	0.0924412769572648	0.04409224969406917	0.1359210499727541
0.1162111218653407	-0.2463885279778975	0.1469921419965546	0.9570844296643579	0.02123631447237011	0.4581484373163867	0.2140784429649062	-0.504121409928471	-0.03393362490451716	-0.2429856565413735	0.2070298158333518	0.2063008567097138	1.023144619828613	0.2220138699819047	1.641977902112566	-1.229089966048847	-0.1159887902980145	-3.730967597456446	-0.1257101397109695	0.3253970961439562	0.1187698455989355	0.1501456625835615	0.08238810376197259	0.1216371639431959	0.05604098392278423	0.06682382947504609	0.08250106897941621	0.07359132399360431	0.06625983890084129	0.1451612106366521	0.0821630982284202	0.1073147945095304	0.03771862071900112	0.1700934419475381	0.07368931150631271	0.02508303626052806	0.0918882299110375	0.05408079263185428	0.1389753983879425	-0.0002409383648655942	0.1451129859120342	0.0829758759633419	0.1174293019476973	0.05679902309266185	0.06625983345790859	0.07940266904751195	0.07370811661648842	0.06559842203816235	0.1406635113318416	0.09223665939623822	0.115543923583502	0.03543340196667015	0.1859167587236925	0.06758318676794081	0.02170324955415905	0.09304920917058782	0.0441269670670866	0.1360889572933676
0.1181808018969566	-0.2459329443318617	0.1490015354863562	0.9575261530452123	0.02444586358134689	0.455673461315433	0.2137790247697885	-0.5114795495443667	-0.03416974577997142	-0.2423025262098163	0.2073029575068249	0.255613187249108	1.017173970869304	0.2264149119136868	1.617868324420814	-1.28313412525046	-0.187210423121788	-3.74083528388062	-0.1142435848439335	0.3671959461721953	0.1582630339577026	0.1495758482827058	0.0824555623498914	0.121155764730674	0.05614660250230459	0.06676605036377382	0.08214706398522029	0.07360812890903509	0.06618704104949555	0.1446759313640198	0.08333257380409857	0.1082383263233046	0.03742401457857707	0.1717137899457774	0.07298401588584293	0.02464904331801896	0.09204864202580489	0.05291782504611498	0.1386921172081595	-0.0002537578377149573	0.1437499159182621	0.08301578548878738	0.1165905387535709	0.0570891234796289	0.06637333335808342	0.07922068229740604	0.0737712872016182	0.065646005357577	0.1399878380888719	0.0931564874520112	0.1164530850072012	0.0351398105286751	0.1877169151033308	0.06728491473251329	0.02148525912860309	0.09365714138391082	0.04416168444010403	0.1362568646139811
0.1201504819285726	-0.245384165205616	0.1509991585527073	0.957975997953969	0.02761304116174419	0.4530968911109789	0.2133441079247333	-0.5188593732263214	-0.03438437323158173	-0.241542693900108	0.2076518584342658	0.300997576006606	1.011194361806151	0.2302674425326589	1.598850526673675	-1.332341713386139	-0.2536520181138268	-3.752917313081621	-0.1038400243625208	0.4035358292684803	0.195637705739186	0.1489410491823843	0.08251979363698214	0.120645362927896	0.0562701362716778	0.06672582515293937	0.0818126100915289	0.07363075021516265	0.06612934955178688	0.144170394415212	0.08446875278824294	0.109153768107565	0.03713299531447496	0.1733314357083487	0.07232873353839971	0.02424461681503346	0.09224846711144717	0.0518914986877025	0.1384556513621097	-0.0002299324742637175	0.1426717656267734	0.08305273930203814	0.1159120725214946	0.05731973458862139	0.06645289854620352	0.07905108226323965	0.07384486377054136	0.06571717432243748	0.1392958215040744	0.09401838339373769	0.1172664931868758	0.03490527110056167	0.1891795057916899	0.06707423185401873	0.02131656602329346	0.09409771634462177	0.04417794341652753	0.1364504203820455
0.1221201619601885	-0.2447496275611291	0.1529850004655882	0.9584329150267253	0.03074742023379391	0.4504278403981886	0.2127827548061294	-0.5262649539607174	-0.03457942054202578	-0.2407159915704119	0.2080721772900902	0.3426917893589807	1.005211475089274	0.233595865210625	1.584564871391117	-1.377038149328738	-0.3155929046888521	-3.766989081371642	-0.09436211228976847	0.4350952493996887	0.2307803121407632	0.148261431770029	0.08258098883574129	0.1201170490804732	0.05640612891612631	0.06669929186869664	0.08149628726029023	0.07365911936808017	0.06608639805082848	0.1436457490122781	0.08557230193406355	0.1100570178637636	0.03684864789964224	0.1749306572241676	0.07172294838719141	0.02386923216961083	0.09247449494277929	0.05098580053347494	0.1382626662529585	-0.0002061071108124777	0.1415936153352849	0.08308969311528891	0.1152336062894183	0.05755034569761388	0.06653246373432362	0.07888148222907328	0.07391844033946451	0.06578834328729799	0.1386038049192769	0.09488027933546418	0.1180799013665504	0.03467073167244824	0.190642096480049	0.06686354897552417	0.02114787291798383	0.09453829130533273	0.04419420239295102	0.1366439761501098
0.1240898419918045	-0.2440364340689687	0.1549590589140238	0.9588958887755267	0.03385807310174977	0.4476749702474426	0.2121036359737641	-0.5337000591361294	-0.03475662255188355	-0.2398314090293422	0.2085594623842211	0.3809517268193027	0.9992318924479433	0.2364262498556764	1.574626720961727	-1.417567307721625	-0.3733327240844947	-3.782812274578813	-0.08568158594603742	0.462497026328875	0.2636374484444796	0.1475513282801789	0.0826398595214016	0.119577254601734	0.05655186067645507	0.06668323882262293	0.08119403344050279	0.07369253108135457	0.06605601388093189	0.143108637868816	0.08664278555309839	0.1109450016557038	0.03657238126140122	0.1765006236158377	0.07116560674391195	0.02352138703221779	0.09271587703676887	0.05018569431800762	0.1381085208750021	-0.0001664748435277392	0.1407109893960235	0.08313315951246918	0.1146416196831345	0.05776023114714948	0.06658416343601051	0.07867576772542993	0.07399124405138573	0.06585161899376224	0.1380045175427866	0.09566546965831117	0.1188107028290415	0.03447211487807337	0.1918434321088919	0.06673046437164148	0.0210124345165196	0.09483625663805431	0.0441894527388029	0.1368335084907968
0.1260595220234204	-0.2432509975982393	0.156921350281311	0.9593639743981431	0.03695302971865604	0.4448460282399577	0.2113146163629583	-0.5411677927879329	-0.03491741094708709	-0.238896438496386	0.2091092832645104	0.4160468008208074	0.9932632684525162	0.2387863567970459	1.568626920371656	-1.4542809704946	-0.4271853513218766	-3.800120035705	-0.07769584917223338	0.4862588228390054	0.2942787038297628	0.1468232444276658	0.08269701350947942	0.1190315532642998	0.0567050289763598	0.06667493307125984	0.08090236638469166	0.07373038420729394	0.06603634763359438	0.1425648473819474	0.08767981518446272	0.1118150839087226	0.03630538269677476	0.1780319444182995	0.07065578127164397	0.02319980887063629	0.09296332939062958	0.04947824092947452	0.137989175024965	-0.0001268425762430008	0.1398283634567622	0.08317662590964946	0.1140496330768506	0.05797011659668509	0.06663586313769743	0.07847005322178659	0.07406404776330695	0.06591489470022649	0.1374052301662963	0.09645065998115818	0.1195415042915327	0.0342734980836985	0.1930447677377348	0.06659737976775877	0.02087699611505537	0.0951342219707759	0.04418470308465477	0.1370230408314838
0.1280292020550363	-0.2423993746149574	0.1588719012818837	0.9598362640122617	0.04003977703992156	0.4419482995457817	0.2104231461406366	-0.5486708994632237	-0.03506309120934389	-0.2379179320200787	0.2097173288995484	0.4482408175750162	0.9873131929270315	0.2407039153307347	1.566162799344554	-1.487520206304918	-0.4774579254014977	-3.818642196780793	-0.07031392852963896	0.5068339626439375	0.3227884289456845	0.1460846399958791	0.08275313554250391	0.118482162919921	0.05686506617084846	0.06667256831025703	0.08061754141036184	0.07377256150517529	0.06602628973701766	0.1420173619257314	0.08868204445925897	0.1126654288819025	0.03604780546721311	0.1795191149358218	0.0701924586334519	0.02290275008909783	0.0932107890684955	0.04885299756657299	0.1378987965820374	-8.574513699430979e-05	0.139057688673263	0.08322877817589258	0.1134879400092087	0.05818542145112646	0.0666720018186665	0.07821910330838681	0.07414371033022205	0.06598053733470798	0.1368512455562824	0.09714133599076984	0.1202007629184882	0.03409562555723561	0.1940504698933153	0.06653923996211171	0.02076572134061234	0.09533508091848276	0.04418474007643815	0.1371685132259212
0.1299988820866523	-0.241486961527433	0.1608107573942485	0.9603119208774398	0.04312479219758948	0.438988223308461	0.2094359064482539	-0.5562114318895893	-0.03519475647520818	-0.2369017105039195	0.2103795244275709	0.477772636298509	0.9813883656806826	0.2422053740968771	1.566868000753019	-1.517588232997151	-0.5244289571514484	-3.838122074106215	-0.06346509221545384	0.5245543837402794	0.3492621305519729	0.1453420261432933	0.08280881059391959	0.1179310056361122	0.05703149173707223	0.06667460798763025	0.0803363512374487	0.07381896300231543	0.06602489588649209	0.1414687810633812	0.08964831080284781	0.11349445754724	0.03579977721927806	0.1809573405913049	0.0697747496779219	0.02262873554032802	0.09345306817154743	0.04830100778672523	0.1378323187331556	-4.464769774561875e-05	0.1382870138897639	0.08328093044213571	0.1129262469415668	0.05840072630556783	0.06670814049963557	0.07796815339498704	0.07422337289713715	0.06604617996918945	0.1362972609462686	0.09783201200038148	0.1208600215454438	0.03391775303077272	0.1950561720488959	0.06648110015646466	0.02065444656616932	0.09553593986618963	0.04418477706822154	0.1373139856203587
0.1319685621182682	-0.2405188502059017	0.1627379725632631	0.9607901425022903	0.04621408438330577	0.435971854009544	0.2083592231554047	-0.5637911106212304	-0.03531341354958953	-0.2358531971919345	0.2110919198441815	0.5048630502895227	0.9754948334971313	0.2433160653207763	1.57040158267351	-1.544763010292395	-0.5683562453034795	-3.858312531495166	-0.05708781826945127	0.5397009455820322	0.3737849090826461	0.1445970539610006	0.08286460978426625	0.1173770475317031	0.05720556987356136	0.06668062464049469	0.08005588692310775	0.07386989540524548	0.06603198232554565	0.1409192883861403	0.0905761274814917	0.1143012074689884	0.03556057564189942	0.1823449878368119	0.06940210315491815	0.02237604317053062	0.09368705241350807	0.04781477944820157	0.1377836139019185	-1.339715440759422e-05	0.1375410058465624	0.08334230434979584	0.1123416590054465	0.05865024273404099	0.06674574455648014	0.07767308618463488	0.07431684751655521	0.06612599393577263	0.1357447292014015	0.09840261529373429	0.1214569436508848	0.03374706434826202	0.1959241688578608	0.06650263994410621	0.02056156119929031	0.09567007691743393	0.04420279464265174	0.1373881454188186
0.1339382421498842	-0.2394996074342031	0.1646536146657808	0.9612701892257294	0.04931284354830306	0.4329045905267269	0.2071988079297807	-0.57141103596441	-0.03541993021532828	-0.2347771996542675	0.2118507530799833	0.5296911455496173	0.969637159394758	0.2440585050962011	1.57648059664861	-1.569265850544268	-0.6094497365379399	-3.878988359250156	-0.05113776079932347	0.5524616513868196	0.3964147827381356	0.1438511644132076	0.08292102106094557	0.1168193931608284	0.05738837064847925	0.06669025466168238	0.07977365832967583	0.07392561996512809	0.06604739228249447	0.1403690438433793	0.09146335924329811	0.1150848458851813	0.03532959036445817	0.1836806112135102	0.06907402774074284	0.0221432222916261	0.09391007555762311	0.04738790367320515	0.1377473645378273	1.785338893043031e-05	0.1367949978033609	0.08340367825745595	0.1117570710693262	0.05889975916251414	0.06678334861332473	0.0773780189742827	0.07441032213597323	0.06620580790235583	0.1351921974565344	0.09897321858708706	0.1220538657563258	0.03357637566575131	0.1967921656668256	0.06652417973174775	0.0204686758324113	0.09580421396867823	0.04422081221708194	0.1374623052172785
0.1359079221815001	-0.2384335785205026	0.1665577570863339	0.961751350020261	0.05242590712002936	0.4297915596666885	0.2059601124632963	-0.5790720197492513	-0.0355151215040488	-0.2336783079267506	0.2126523304534632	0.5524161276293345	0.9638192228063324	0.2444537892117817	1.584849747156261	-1.591291435861716	-0.6478965215581847	-3.899935254697125	-0.04557819013103901	0.5629854375484725	0.4172003647718674	0.1431033512269326	0.08297838207909872	0.1162561897239426	0.05758143973972234	0.06670372765982062	0.07948812830972943	0.07398639443908295	0.06607118641138698	0.1398175694409765	0.09230727015418075	0.1158447752708302	0.03510596595669197	0.1849644713728347	0.06879017816516594	0.02192877594219735	0.09412089879882939	0.04701538972863464	0.1377176397944622	4.233368726282699e-05	0.1360275132796923	0.08347226236934588	0.1111304831143055	0.05919297732825312	0.06683213552610011	0.07705241046549004	0.07451789820751531	0.06630332088366915	0.1346288960544382	0.09940975839363984	0.12259161836246	0.03340812096698588	0.1975555307302587	0.06662733373309282	0.02039157591208666	0.09589380005742983	0.04427223254892919	0.1374462159671831
0.1378776022131161	-0.2373247403667562	0.1684504817325395	0.9622329655645807	0.05555751128106198	0.4266374428910158	0.2046481543194036	-0.5867743390515268	-0.03559972467602247	-0.2325608133513062	0.2134930633851735	0.5731593471187409	0.9580436348178637	0.2445201983351118	1.595306458412448	-1.61098422966059	-0.6838401163091378	-3.920960284410588	-0.04038661415548541	0.571350835237543	0.4361730799681559	0.1423527367276629	0.08303698133229755	0.1156858328418733	0.05778608529812468	0.06672123884530309	0.07919798152808183	0.07405243833300179	0.06610341579114314	0.1392644491491976	0.09310550752711419	0.1165804748320364	0.03488898041654394	0.1861967669784148	0.0685502410336801	0.02173144460812079	0.09431845995710254	0.04669297415152502	0.1376892958049669	6.681398559522367e-05	0.1352600287560238	0.0835408464812358	0.1105038951592848	0.0594861954939921	0.06688092243887547	0.07672680195669736	0.0746254742790574	0.06640083386498247	0.134065594652342	0.09984629820019264	0.1231293709685942	0.03323986626822045	0.1983188957936918	0.06673048773443789	0.02031447599176201	0.09598338614618142	0.04432365288077645	0.1374301267170878
0.139847282244732	-0.2361769218851722	0.1703318735670763	0.9627143996731093	0.05871164208597704	0.4234467470784826	0.2032677756936968	-0.5945180245529592	-0.03567445182117652	-0.2314289194463977	0.2143694022002397	0.5920313842780571	0.9523126909293808	0.2442751320916711	1.607663781791653	-1.628474352437628	-0.717411540761509	-3.941879217195423	-0.03554506986600944	0.5776283624928731	0.4533671564768636	0.1416005630264826	0.0830968018291731	0.1151089874293396	0.05800220268129851	0.06674272124939	0.0789034817319359	0.07412350962950871	0.06614370355854425	0.1387102458905194	0.09385666805286474	0.1172910697005934	0.03467840873979487	0.1873764980797652	0.06835344500289413	0.02155008337886125	0.09450141986232172	0.04641665958323301	0.1376577907134836	8.45273961853872e-05	0.1345114233175556	0.08361161126172641	0.1098758549138837	0.05980103726333757	0.06693664727078154	0.07639675407646417	0.07473940258603234	0.06650877286366076	0.1335100392266681	0.1001624774539207	0.1236005124688663	0.03308110854215029	0.1989529254617795	0.06690701108821405	0.02025331753131427	0.09602196672717099	0.04440747744770943	0.1373286451125851
0.141816962276348	-0.2349936769647109	0.1722020232486817	0.9631950604856817	0.06189181885467201	0.4202236576904071	0.2018234928303902	-0.6023026412328685	-0.03573997539113537	-0.2302866566700523	0.2152778981601238	0.6091310984743151	0.9466284332386754	0.2437349463959997	1.621753231763535	-1.643876452045359	-0.7487279984594309	-3.962521635072211	-0.03104133735644578	0.5818792918592315	0.4688252302820825	0.1408479135685607	0.08315782904794897	0.1145262297898413	0.05822970305323267	0.06676811788065595	0.07860485500380524	0.07419940202768358	0.06619172895769203	0.1381554497424413	0.09455953002498919	0.1179758003385555	0.03447406051510188	0.1885027684329143	0.06819911546191847	0.02138372952821659	0.09466862956166933	0.04618303820686664	0.137619185828453	0.0001022408067755507	0.1337628178790873	0.083682376042217	0.1092478146684826	0.06011587903268304	0.06699237210268762	0.076066706196231	0.07485333089300726	0.06661671186233906	0.1329544838009941	0.1004786567076489	0.1240716539691384	0.03292235081608015	0.1995869551298673	0.06708353444199022	0.02019215907086652	0.09606054730816056	0.04449130201464241	0.1372271635080824
0.1437866423079639	-0.2337784327181245	0.1740610240645918	0.9636743773104218	0.06510134462484285	0.4169722137621035	0.2003196716766208	-0.6101275349344589	-0.03579695367859577	-0.2291379685653763	0.2162151669724174	0.6245566941594841	0.9409929628093604	0.242915806248505	1.637408624113599	-1.657303862726524	-0.7779057482958667	-3.982723236833297	-0.02686619199988786	0.5841898546905783	0.4826146703203562	0.1400979093873733	0.08321983272630451	0.1139400925454134	0.0584669810107213	0.066796898703211	0.07830334398852186	0.07427896661266659	0.06624574842779084	0.1376044763479006	0.09521375602900016	0.1186335508920666	0.03427627543825346	0.1895734549700833	0.06808613948065589	0.02123156060845946	0.09481759407166104	0.04598803401943276	0.1375718440181151	0.0001036346624379963	0.1330741727320962	0.08375147735444773	0.1086556723114705	0.06042660015808093	0.06704682808991765	0.07575038826817601	0.0749569007732432	0.06671021940351424	0.1324835275306997	0.1006887070327579	0.1244683568878459	0.03278136813307751	0.2000647125205307	0.06732506645822367	0.02014787978792814	0.09602220860617457	0.04459216375200848	0.1370797338950172
0.1457563223395799	-0.2325343528690691	0.1759089752218054	0.9641518220081337	0.06834308263148639	0.4136961509237206	0.1987603671108783	-0.6179916331054567	-0.03584602891657301	-0.2279865049008898	0.2171780745713968	0.6384105503383034	0.9354086867258369	0.2418339524392294	1.654461213711559	-1.668874307344513	-0.8050654252030133	-4.002329699208144	-0.02301662845094881	0.5846975428229861	0.4948586637036463	0.1393532711810996	0.08328261611621299	0.1133527687896263	0.05871267772945755	0.06682861301627216	0.07800001233615758	0.07436122449759648	0.06630427980118063	0.1370611678739865	0.09581903246066954	0.1192633537583248	0.03408533878861156	0.1905866822352443	0.06801355421110226	0.02109288516586806	0.09494617311848673	0.0458281829174647	0.1375143451455412	0.000105028518100442	0.1323855275851051	0.08382057866667847	0.1080635299544584	0.06073732128347883	0.06710128407714765	0.07543407034012101	0.07506047065347914	0.06680372694468943	0.1320125712604053	0.100898757357867	0.1248650598065535	0.03264038545007485	0.2005424699111941	0.0675665984744571	0.02010360050498975	0.09598386990418857	0.04469302548937455	0.136932304281952
0.1477260023711958	-0.2312644656043331	0.1777459791799906	0.9646268877727548	0.07161967403000913	0.4103990491530847	0.1971494744813717	-0.6258936638168977	-0.0358878416989789	-0.2268357199968182	0.2181636681071354	0.6507954416065316	0.9298780968878921	0.2405055594229275	1.672743112851818	-1.678705456664825	-0.8303279196183164	-4.021191723918887	-0.0194939177161298	0.5835569084882664	0.5057119214243188	0.1386160014960789	0.0833458987694936	0.1127663325619364	0.05896531062291741	0.06686287606569863	0.07769614966401533	0.07444447182552928	0.06636460553671816	0.1365326397768114	0.09637480184322705	0.1198641339445731	0.03390157160503656	0.1915409088578638	0.06798057767724487	0.02096709273525648	0.09505177697251453	0.04569963605545272	0.1374464781884616	0.0001063658490339779	0.1317462314130795	0.08388626962302913	0.1075078214744677	0.06103999647392339	0.06715500566982884	0.07513682041853365	0.07513972692017799	0.06685960470651667	0.1316945217585303	0.1009978018559883	0.1251838984217789	0.03251811844735943	0.2008681796140347	0.06787507606046525	0.02007656180569145	0.09585760015793288	0.04480011535222472	0.1367605114822063
0.1496956824028118	-0.2299715304681039	0.1795721450548183	0.9650991099699222	0.07493332419827209	0.4070841824771664	0.1954905735611205	-0.6338319763878443	-0.03592304813586739	-0.2256886246151431	0.2191694842630356	0.661813179974113	0.9244037703558131	0.2389465685870129	1.69209034181183	-1.686912639443866	-0.8538126694596148	-4.03917017341371	-0.01630860380312665	0.5809511897794516	0.5153925370995038	0.1378878443034892	0.08340944105242341	0.1121825789915812	0.05922362502364997	0.0668993607237446	0.07739285946714713	0.07452725694853134	0.06642441590762969	0.1360250794945003	0.09688056312065327	0.1204349576877421	0.03372524329106463	0.192434763276749	0.06798653159426762	0.0208536701251142	0.09513218209375854	0.04559912956281753	0.1373680595916524	0.0001077031799675138	0.1311069352410538	0.0839519605793798	0.1069521129944769	0.06134267166436796	0.06720872726251001	0.07483957049694628	0.07521898318687685	0.0669154824683439	0.1313764722566553	0.1010968463541096	0.1255027370370043	0.032395851444644	0.2011938893168755	0.06818355364647338	0.02004952310639316	0.0957313304116772	0.0449072052150749	0.1365887186824607
0.1516653624344277	-0.2286581743168487	0.1813875853458869	0.9655680447904292	0.07828602536878945	0.4037546750482047	0.1937870885479464	-0.6418047408682396	-0.03595232127105891	-0.22454798220157	0.2201933602502485	0.6715610024680411	0.9189881746925812	0.2371725440272869	1.712346098030486	-1.693605444589195	-0.8756337084171263	-4.056131794562453	-0.01347437569200292	0.5770682537136553	0.5241241328451886	0.1371680801420316	0.08347291327891238	0.111602035171742	0.0594871759057646	0.06693835865727782	0.07709142489373605	0.07460830265337215	0.0664817913035457	0.1355431258288986	0.09733499483494915	0.120974931669042	0.03355633006232073	0.1932682233962558	0.06803130937289009	0.02075213834181942	0.0951852026164965	0.04552325324122397	0.137279750717429	0.0001133513919445899	0.1304713113631348	0.08401232397906785	0.1064114521819235	0.06164932211525134	0.06727191944634582	0.07456595338791303	0.07527502562374855	0.06693734674301111	0.1311891735597404	0.1010692936417751	0.1257431387912971	0.0322879365463938	0.2013938253286545	0.06856802449433338	0.0200395873647926	0.09551485228864337	0.04501386417150384	0.1364087205626509
0.1536350424660436	-0.2273267859237567	0.1831924185695649	0.9660332878734765	0.08167938338605345	0.400413383936882	0.192042164386259	-0.6498097941196782	-0.03597637409587397	-0.2234160544581201	0.2212337196349385	0.6801229849624421	0.9136334244625213	0.2351979634915374	1.733372930415137	-1.698877680441428	-0.8958896688234317	-4.071956103006514	-0.01100796555851809	0.5721023342521212	0.532129628030648	0.1364560806192556	0.08353603373163232	0.1110251567032429	0.05975558682598772	0.06698011786324594	0.07679294340976267	0.07468652066888423	0.06653510006814374	0.1350908062121562	0.09773694230972491	0.1214832772808133	0.03339481096620293	0.1940412418853186	0.06811480919304615	0.02066209477874224	0.09520895899143382	0.04546911974460899	0.1371821247895541	0.000118999603921666	0.1298356874852158	0.08407268737875592	0.10587079136937	0.06195597256613471	0.06733511163018163	0.07429233627887977	0.07533106806062026	0.06695921101767834	0.1310018748628255	0.1010417409294406	0.1259835405455898	0.03218002164814361	0.2015937613404334	0.06895249534219337	0.02002965162319203	0.09529837416560956	0.04512052312793277	0.1362287224428411
0.1556047224976596	-0.2259796482802539	0.1849867658918065	0.9664944535126205	0.08511483038328657	0.3970630484545634	0.1902588219043775	-0.6578448188083793	-0.03599594223464685	-0.2222948523030644	0.2222892709187799	0.6875753423325398	0.908341424338601	0.233036700627393	1.75504477381766	-1.702814565620967	-0.9146699932266797	-4.086528496169483	-0.00892424660328495	0.5662309471520125	0.5396025533767569	0.1357494295063551	0.08359835781680194	0.1104517136747539	0.06002900154819582	0.06702549383228562	0.07649906084939394	0.07476157625593573	0.06658426070916185	0.1346673668747075	0.09808485592736287	0.1219592404349817	0.0332404422541609	0.194754891971956	0.06823736301110958	0.02058317534511434	0.09520240245552279	0.04543430911528101	0.1370752966385483	0.0001230610916825067	0.1291683079219106	0.08412445722994331	0.1053329909905858	0.06227491700191255	0.06741855267583674	0.07405336231303017	0.0753755910790634	0.06697152103145852	0.1308580256312634	0.1008788572544146	0.1261448658210054	0.03208285178294498	0.2016913746660193	0.06942040816026734	0.02003689306662334	0.09500426900692513	0.04523066433275112	0.1360323943019386
0.1575744025292755	-0.2246188658322252	0.1867707529312305	0.9669511906908079	0.08859349840270256	0.3937062065722544	0.1884398723264311	-0.6659072121638862	-0.03601178931185564	-0.2211859657654537	0.2233591378197795	0.6939778294517037	0.9031136605557496	0.2307012992492443	1.777259161618547	-1.705484210685549	-0.9320448612244464	-4.099746204215971	-0.007229668964075024	0.5595971046833373	0.5466655859935741	0.1350460217311594	0.08365950560261834	0.10988150667043	0.06030754203375926	0.06707521388421094	0.07621118421100219	0.07483318405111487	0.06662920377823067	0.1342721450789822	0.09837738397209612	0.1224021615644317	0.03309301795693031	0.1954100848249874	0.06839924274505864	0.02051507397636915	0.09516462708533306	0.0454167740805433	0.1369593655469509	0.0001271225794433474	0.1285009283586054	0.08417622708113068	0.1047951906118016	0.06259386143769037	0.06750199372149183	0.07381438834718054	0.07542011409750654	0.0669838310452387	0.1307141763997011	0.1007159735793886	0.1263061910964211	0.03198568191774634	0.2017889879916052	0.06988832097834133	0.02004413451005465	0.09471016384824071	0.04534080553756947	0.135836066161036
0.1595440825608915	-0.2232464697972285	0.1885445071292774	0.9674031644385418	0.09211639247361539	0.3903453121587255	0.1865880408611665	-0.6739942402491649	-0.03602468431839694	-0.2200908094945525	0.2244425806419872	0.6993836957717996	0.8979514830077631	0.2282037412694651	1.799923207796283	-1.706948687296393	-0.948076777413083	-4.111511719154747	-0.00592480438535487	0.5523248677555749	0.5534020885744179	0.1343432727305198	0.08371894146279035	0.1093145672753359	0.06059115499320365	0.0671302307196682	0.0759314039056487	0.07490159029645006	0.06667102211284387	0.1339011024795534	0.09861350290485431	0.1228114321258282	0.03295232119162334	0.1960079972485404	0.06860075848199304	0.02045753760802618	0.09509552845801135	0.04541483208986588	0.1368340832866511	0.0001342640242172805	0.1277898948652746	0.08421613269552822	0.1042642830621304	0.06292229880909574	0.0676105314891334	0.07362382328953537	0.07546201598404065	0.0670064699850946	0.1305477582998574	0.1004219766607392	0.1263884861884152	0.03189881050843428	0.2017911700016401	0.07044082549897118	0.02006898002045578	0.09435180593433297	0.04545774442857222	0.135616807853959
0.1615137625925074	-0.2218643654233638	0.1903081592373967	0.9678500699488324	0.09568429467545075	0.3869826675585423	0.1847059050485257	-0.6821029259613336	-0.03603538063667092	-0.2190105178793513	0.2255389751214247	0.7038356216347559	0.8928560624995728	0.2255550147533254	1.822960013917648	-1.707261314456247	-0.9628156917121249	-4.121737366948272	-0.004997194552397665	0.5445036023179559	0.5598166023536856	0.1336389324669413	0.0837762076254937	0.1087509223207747	0.06087979557619618	0.06719135418368133	0.07566150608281914	0.07496700469716666	0.06671064463040273	0.1335507257241431	0.09879231009237086	0.12318651737979	0.03281816875835415	0.1965496346550792	0.06884216403586317	0.02041035333623643	0.09499501058504521	0.04542706052442538	0.1366992341873131	0.0001414054689912136	0.1270788613719437	0.08425603830992577	0.1037333755124592	0.06325073618050109	0.06771906925677497	0.07343325823189022	0.07550391787057477	0.0670291089249505	0.1303813402000137	0.1001279797420899	0.1264707812804093	0.03181193909912222	0.2017933520116751	0.07099333001960105	0.02009382553085691	0.09399344802042522	0.04557468331957497	0.135397549546882
0.1634834426241233	-0.2204744049987953	0.1920618415004712	0.9682916165300477	0.09929789084199173	0.3836205075254711	0.1827959805177852	-0.6902301803490219	-0.03604461094759771	-0.2179461154221394	0.2266476811002162	0.7073733380725311	0.8878285584989922	0.2227657300570255	1.846297611170051	-1.706473622828784	-0.9763079698193251	-4.130340249496435	-0.004428853604848574	0.5362190607911435	0.5658912159091768	0.1329310220268023	0.08383076862585349	0.1081911192288779	0.06117296985571476	0.0672593422383278	0.07540380692434405	0.07502963376936253	0.06674910582972358	0.1332173858137549	0.09891364312782681	0.1235270318160236	0.03269044151024091	0.1970359359377555	0.06912350114612857	0.02037335620302879	0.09486328142347183	0.04545193793058864	0.1365553071053854	0.0001445863312291307	0.126326602231134	0.08428208872836576	0.1032190362441269	0.06358097935857368	0.06785289577948084	0.0733026724296808	0.07554342261368935	0.06706512962153148	0.1301856003697013	0.0997152721887536	0.1264761476252984	0.03173615137830697	0.2017001471200424	0.07162725442049298	0.0201367458328523	0.09357628204599999	0.04569490985204819	0.1351687476169969
0.1654531226557393	-0.2190783411537191	0.1938056892655433	0.9687275405739798	0.1029576868272648	0.3802609329701447	0.1808606669956059	-0.6983727085305257	-0.03605304929201958	-0.2168984062389616	0.2277679648291048	0.7100330074462149	0.8828701739924598	0.219845902002369	1.869870905973573	-1.70463600860876	-0.9885955102814242	-4.13724643872172	-0.004193110120433472	0.5275533312984981	0.5715725636518016	0.1322178196286842	0.08388216675775863	0.1076356306673207	0.06147025987513575	0.06733483902034108	0.0751602841648336	0.07508965340900649	0.06678728517653908	0.1328979289431393	0.09897733781951261	0.1238326326947084	0.03256903858433172	0.1974677018760892	0.06944479640694619	0.02034640718976669	0.0947005136001277	0.04548817880862178	0.1364027259495131	0.0001477671934670478	0.1255743430903244	0.08430813914680577	0.1027046969757945	0.0639112225366463	0.06798672230218669	0.07317208662747138	0.07558292735680396	0.06710115031811245	0.1299898605393888	0.09930256463541735	0.1264815139701875	0.03166036365749172	0.2016069422284097	0.07226117882138491	0.02017966613484769	0.09315911607157475	0.04581513638452142	0.1349399456871117
0.1674228026873552	-0.2176778800890743	0.195539839477003	0.9691575914303834	0.1066641051881099	0.3769059789282242	0.1789023105226442	-0.7065271214731348	-0.03606133204598676	-0.2158680907261158	0.228899014766538	0.7118494875660499	0.8779821128235091	0.2168052612444081	1.893618259903324	-1.701798295770067	-0.9997186167890481	-4.142387434085706	-0.004261145265259191	0.5185778968505341	0.5768061620179026	0.1314978054956949	0.08392994184815855	0.1070851114018787	0.06177108793196499	0.06741846406456713	0.07493314566372564	0.07514697064375213	0.06682558783346827	0.1325907385433572	0.09898394304683893	0.1241032382471287	0.03245382800472169	0.1978461162427909	0.0698058792971582	0.02032938413439354	0.09450794249750395	0.045534611236718	0.1362414688130541	0.0001436555660188232	0.1247826174276086	0.08431967892097464	0.1022108806754632	0.06423998921084666	0.06814628254552101	0.07310806133137931	0.07561557356116159	0.06714357101562643	0.1297903371227784	0.09878409633964538	0.1264144585195426	0.03159502667989909	0.2014275847267283	0.0729733167818603	0.02024074497295981	0.09270268388020794	0.04593883002498057	0.1346935179665293
0.1693924827189712	-0.2162746395505583	0.1972644321606361	0.96958154327108	0.1104174163585448	0.3735575516732891	0.1769231548819011	-0.7146898671383088	-0.03607001835460872	-0.2148557095408766	0.2300398856030998	0.7128552839557156	0.8731655178537562	0.2136529803029358	1.917485461599541	-1.698008719506862	-1.009714860114841	-4.145707597334514	-0.004602962450627295	0.5093429108952516	0.5815446236335826	0.1307696580003468	0.08397370045746474	0.1065401265060811	0.06207496505309937	0.06751074370768374	0.07472427485515402	0.07520150613346895	0.06686435826314867	0.1322944098592789	0.09893390698139368	0.1243387678598084	0.03234469820183026	0.1981721970943298	0.07020659730109595	0.0203221839529091	0.0942866241429992	0.04559024557110577	0.1360715164413018	0.0001395439385705985	0.1239908917648929	0.08433121869514351	0.1017170643751319	0.06456875588504703	0.06830584278885531	0.07304403603528725	0.07564821976551925	0.06718599171314041	0.129590813706168	0.0982656280438734	0.1263474030688978	0.03152968970230647	0.2012482272250468	0.07368545474233569	0.02030182381107193	0.09224625168884112	0.04606252366543973	0.1344470902459469
0.1713621627505871	-0.2148701953501836	0.1989796088219667	0.9699991821148467	0.1142178218725403	0.3702174946978226	0.1749253953878882	-0.722857325018801	-0.03607962781500965	-0.2138617327848818	0.2311895737171733	0.713081801857816	0.8684215068430716	0.2103979252776465	1.94142111912379	-1.693314504561375	-1.018620528605784	-4.147157849808372	-0.005189172536288264	0.4999250127895198	0.5857504223337853	0.1300319344856832	0.08401307328922983	0.1060010818836842	0.06238145117625882	0.06761224647989406	0.07453549291704158	0.07525294350466616	0.06690348038587964	0.1320088591194187	0.09882841499256731	0.1245395520781003	0.03224145855704717	0.1984477126309404	0.07064652330337669	0.02032466950821299	0.09403699978863668	0.04565282802184656	0.1358955289476647	0.00013319773436727	0.123155753658501	0.08432815134913926	0.1012415283503454	0.06489621967807192	0.06849257957282186	0.07304793287051517	0.07566976092841921	0.06722735438237158	0.1294111052852856	0.0976556281061078	0.126215664263318	0.0314733881436088	0.2010000034623018	0.07447102472817349	0.02038039894165459	0.09174088554040069	0.04616752139839149	0.1342349144254484
0.1733318427822031	-0.2134660436967661	0.2006855138572233	0.9704103165033829	0.1180653945825062	0.3668875304141752	0.1729111354522783	-0.7310257603513514	-0.03609060576106335	-0.2128863556605512	0.2323470067407738	0.7125582573669526	0.8637511634995463	0.2070483822541398	1.965378626670151	-1.687760634348348	-1.026469321823921	-4.146700257462361	-0.005992609445618623	0.490456931672512	0.5894087308377712	0.1292833807826158	0.08404774450325132	0.1054683272068655	0.0626901738168346	0.06772345527078263	0.07436835119469876	0.0753010129748026	0.06694285551649867	0.1317340122822906	0.0986684652082766	0.1247058667629245	0.03214394827394913	0.1986741960189358	0.07112528842662373	0.0203367253355988	0.09375944450823373	0.04572045645058368	0.1357158144733206	0.0001268515301639414	0.122320615552109	0.08432508400313501	0.1007659923255589	0.06522368347109683	0.06867931635678842	0.07305182970574309	0.07569130209131915	0.06726871705160277	0.1292313968644032	0.09704562816834221	0.1260839254577381	0.03141708658491115	0.2007517796995568	0.07525659471401129	0.02045897407223725	0.09123551939196023	0.04627251913134326	0.13402273860495
0.175301522813819	-0.2120636430167921	0.2023822930805128	0.9708147656908105	0.1219601476455717	0.3635693227330713	0.1708824349328058	-0.7391913918293747	-0.03610336261608444	-0.2119295911898445	0.2335111002907782	0.7113140455393603	0.8591555938328693	0.2036124942784591	1.989312509163699	-1.681392564964628	-1.033295104817253	-4.144300849959099	-0.006986953715027713	0.4810641128141182	0.5925159378503593	0.1285235001240217	0.08407738333817123	0.1049426424262892	0.06300027258844074	0.06784468867329226	0.07422439515921135	0.07534526946499276	0.06698208732021858	0.1314706609413191	0.09845611962461359	0.1248383945086228	0.03205208448108997	0.1988532959379496	0.07164194722621618	0.02035821047695961	0.09345578517895121	0.0457912981177381	0.1355339813312087	0.000121422100159258	0.1214550535066084	0.08430672375683024	0.1003170914893914	0.06554101818047943	0.06889106126818254	0.07312557529615972	0.07569831484344974	0.06730377135287959	0.1290880481356621	0.09636500368765935	0.1258956542221704	0.03137085418007315	0.2004392879443752	0.07610527793951913	0.02055450095168561	0.09070802954992484	0.04635746419119373	0.1338342665881858
0.1772712028454349	-0.2106643718061026	0.2040700953242337	0.9712123701506223	0.1259019749771209	0.3602644120983552	0.168841261684449	-0.7473503582421769	-0.03611824095333783	-0.2109911508541505	0.2346807895810308	0.7093806388559927	0.8546359903613004	0.2000982775921447	2.013177437438193	-1.674258862026659	-1.039134072902093	-4.139932744457056	-0.008146854700234418	0.471850707593535	0.595090578886346	0.1277518612698999	0.08410170682771721	0.1044246998614581	0.06331101882331704	0.06797621707993189	0.0741049391603863	0.07538533341413145	0.06702083882141049	0.1312194903065177	0.09819313426550018	0.124937716313189	0.03196579703362374	0.1989864443157127	0.0721956928069299	0.02038900640839032	0.09312758877031402	0.04586380690582839	0.1353514248569607	0.0001159926701545746	0.1205894914611078	0.08428836351052546	0.09986819065322386	0.06585835288986203	0.06910280617957665	0.07319932088657637	0.07570532759558032	0.06733882565415641	0.128944699406921	0.09568437920697649	0.1257073829866026	0.03132462177523516	0.2001267961891935	0.07695396116502695	0.02065002783113397	0.09018053970788946	0.0464424092510442	0.1336457945714215
0.1792408828770509	-0.2092695661375095	0.2057490710290808	0.9716029808667936	0.1298907104256566	0.356974273617843	0.1667895347925427	-0.7554987654962528	-0.03613555022271	-0.2100706097362013	0.2358550402880716	0.7067935365932193	0.8501936875548493	0.1965139116563057	2.036924113590497	-1.666413679308292	-1.044027008240135	-4.133572283587968	-0.00944568149805553	0.4629314861314381	0.5971568484285086	0.1269699856625023	0.08412035493581661	0.1039164622585866	0.06362058957104876	0.06811794115721681	0.07401161067227642	0.0754207745871934	0.06705877796539374	0.1309810477862795	0.09788283037197951	0.1250048194040737	0.0318851473511475	0.199074436537609	0.07278473424017498	0.02042897447397319	0.09277638745410502	0.04593570216694432	0.1351711340843806	0.0001120871902822481	0.1197303554456244	0.08425296433258168	0.09947051728386179	0.06614585566192464	0.06933355931088087	0.07335012102046329	0.07569641857212089	0.06736720588354897	0.1288359470412448	0.09496413145147543	0.1254711382596893	0.03129047604353225	0.1997386026226512	0.07784770707625847	0.02076204170929755	0.08963236822608205	0.04649303832948227	0.1335137233591742
0.1812105629086668	-0.2078804537202315	0.2074193746608362	0.9719864711233095	0.133926042044643	0.3537002192248762	0.1647290489864864	-0.7636326642939408	-0.036155523155645	-0.2091672104537298	0.2370328914374073	0.7035997646709988	0.84583041635108	0.1928681994796924	2.060490802619379	-1.657927129961485	-1.048027832826972	-4.125201084596727	-0.01085163956327128	0.4544449464410974	0.5987464125911967	0.1261791972662393	0.08413301959280946	0.1034196222766028	0.06392744010374037	0.06826977608394283	0.07394579258771361	0.07545122598212034	0.06709562240354087	0.1307558064503748	0.09752805270175688	0.125040549442056	0.0318101866503579	0.1991179589664492	0.07340754950123456	0.02047799819759163	0.09240349612249572	0.04600505899832955	0.1349957024186516	0.0001081817104099216	0.118871219430141	0.08421756515463791	0.09907284391449973	0.06643335843398723	0.06956431244218507	0.07350092115435022	0.07568750954866148	0.06739558611294152	0.1287271946755686	0.0942438836959744	0.1252348935327761	0.03125633031182935	0.199350409056109	0.07874145298749002	0.02087405558746114	0.08908419674427462	0.04654366740792034	0.1333816521469269
0.1831802429402828	-0.2064981977747128	0.2090811630574322	0.9723627260330033	0.138007575435248	0.3504434647672748	0.162661525102957	-0.7717480792729118	-0.03617834913112314	-0.2082801300723054	0.2382134228532777	0.6998465854271759	0.8415479141838796	0.1891702393434969	2.083821015165304	-1.648870539914937	-1.051190673464386	-4.114792911279832	-0.01233107075395208	0.4461561276181792	0.5998849789874268	0.125379005771027	0.08413947858021228	0.1029348394831445	0.06423081085083135	0.06843195479195087	0.07390860293293311	0.07547655185070878	0.06713140655063662	0.1305432233402023	0.09713136548754105	0.1250463539057357	0.03174061738257394	0.1991203223292776	0.07406270673902528	0.02053595442157073	0.09202589514508588	0.04608640389000034	0.1348042495775329	0.0001071615484891527	0.1179855752582882	0.08416624373009457	0.09870953760237099	0.06670234633350787	0.06981945745263476	0.07372601414483669	0.07566623199103663	0.06742236444807306	0.1286341409403951	0.09348276888082439	0.1249633146046011	0.03122875096335609	0.1989429419875947	0.07967987188550041	0.02100230233630752	0.08879941527735487	0.04682888044434862	0.1328556310377005
0.1851499229718988	-0.2051238429644749	0.2107345973789115	0.972731654815066	0.1421347902201872	0.3472050436484179	0.1605885482349209	-0.7798409472457067	-0.03620412540284172	-0.2074101634416216	0.2393957666409977	0.6955770252371061	0.8373477352340407	0.1854292913205661	2.106875300567967	-1.639311526537061	-1.053564780775333	-4.102307112578146	-0.01384747371474379	0.4370678681791999	0.6005866543123838	0.1245689857565495	0.08413954160909497	0.1024626806596858	0.06453005769478964	0.06860467492645615	0.07390098873600852	0.07549663621540667	0.06716615964632336	0.1303428261621978	0.09669496723790379	0.1250234780063001	0.0316761890744223	0.1990844221869182	0.07474899041143268	0.02060273970959994	0.09165817991509126	0.04619199397031418	0.1345786601406967	0.0001061413865683838	0.1170999310864353	0.08411492230555123	0.09834623129024224	0.06697133423302849	0.07007460246308447	0.07395110713532316	0.07564495443341179	0.0674491427832046	0.1285410872052215	0.09272165406567438	0.124691735676426	0.03120117161488282	0.1985354749190804	0.08061829078351081	0.02113054908515391	0.08851463381043513	0.04711409348077691	0.132329609928474
0.1871196030035147	-0.2037583078584785	0.2123798475066972	0.9730931835731842	0.1463069202375742	0.3439857992688706	0.1585115690296568	-0.7879069987847384	-0.03623286169247639	-0.2065571609539656	0.2405790715528146	0.690907038619632	0.8332384986078847	0.1816588115093938	2.129400375086112	-1.629423479642059	-1.055272441697802	-4.087564158422681	-0.01532366994392225	0.4293224234452547	0.6008638563916665	0.1237479093069866	0.08413314904845706	0.1020027859496661	0.06482494774301191	0.06878817538997524	0.07392349609936823	0.07551153881755798	0.06720006363875897	0.1301537476149023	0.09622193900213635	0.1249736097331055	0.03161661644937961	0.1990123836971234	0.07546408263293575	0.02067805420823352	0.09128977699561129	0.04629854726865124	0.1343478238631362	0.0001174954288100717	0.1161720298168573	0.08404974833921321	0.09800099634586591	0.06722795857505576	0.07035513409005001	0.07424481323249524	0.07561422693436379	0.06747698690125169	0.1284555321664045	0.09193867590758643	0.1243949501456309	0.03117927270899947	0.1980963867213458	0.08158058190287604	0.02127183472016514	0.08805899372506558	0.04706380818580148	0.1322939166143937
0.1890892830351306	-0.2024023857519765	0.2140170893829983	0.9734472582039643	0.1505229851451557	0.3407863786436923	0.1564318979247425	-0.7959419674452393	-0.03626446445046792	-0.2057178876837325	0.2417625098628512	0.6858160695619185	0.8292162005620652	0.1778604166784116	2.151486420776099	-1.619182562291164	-1.056298142022388	-4.070745858240925	-0.01675819228585273	0.4231271598760421	0.6007220802388481	0.1229147100675133	0.0841202496144552	0.101554842579126	0.06511528302168194	0.06898265890132328	0.07397658388541793	0.07552131037746274	0.06723327323887891	0.1299752347124828	0.0957149280977841	0.1248982041073098	0.03156165948356749	0.1989060655640968	0.07620601812157515	0.02076164702820605	0.09091159963774818	0.04638642014609559	0.1341368053681378	0.0001288494710517596	0.1152441285472793	0.08398457437287517	0.0976557614014896	0.06748458291708302	0.07063566571701554	0.07453851932966733	0.07558349943531575	0.06750483101929879	0.1283699771275876	0.0911556977494985	0.1240981646148357	0.03115737380311612	0.1976572985236113	0.08254287302224128	0.02141312035517638	0.08760335363969603	0.04701352289082606	0.1322582233003134
0.1910589630667466	-0.201056974541709	0.2156464860947302	0.9737938206203444	0.1547823364683631	0.3376075728071999	0.1543509431386564	-0.8039420233168769	-0.03629887998836875	-0.2048908054085767	0.2429452683353077	0.6802332545624433	0.8252715700332457	0.1740318651982954	2.173373282319558	-1.608491232657072	-1.05657697261877	-4.05216681293809	-0.01817607625103327	0.4170062045619247	0.6001790267964899	0.1220686915806838	0.08410096691718653	0.1011179583238582	0.06540168979813622	0.06918842162167223	0.07405996535500638	0.0755260210589052	0.06726574244546389	0.1298071976558786	0.09517644103585859	0.1247984877554128	0.0315109485740788	0.198767229887224	0.07697307214264358	0.02085328107971152	0.09051327134602888	0.04645005029638214	0.1339662509134236	0.0001191004923590486	0.1142797421017547	0.08390858839399011	0.09731758122256315	0.06774269471457375	0.07094348990707092	0.0748885175959499	0.0755437296189989	0.06753049106313312	0.1283036577717403	0.09035181757258377	0.1237737909122158	0.03113877178994019	0.1971870642420932	0.08353060311133145	0.02156733608825011	0.0869419878132804	0.04683387943308819	0.1326604456306187
0.1930286430983625	-0.1997229808603455	0.2172681929204891	0.9741328198885368	0.1590844851899264	0.3344501733508302	0.1522701044886799	-0.8119037523401256	-0.03633602470729504	-0.2040738823277517	0.2441265770587377	0.6742228063844363	0.82140793191862	0.1701808462429941	2.194942542297484	-1.597446611981988	-1.056180242554925	-4.031829110562119	-0.01952950586071592	0.4128114851770742	0.5992499890869797	0.1212092497789061	0.08407540639650722	0.1006913619773039	0.06568469861832776	0.0694057149235581	0.07417338996100513	0.07552573049007513	0.06729743211881636	0.1296495575893236	0.09460863344846829	0.12467551824475	0.0314641730169141	0.1985974187715995	0.07776378345659851	0.02095275805825442	0.09008587452365611	0.046484738741388	0.1338540609557511	0.0001093515136663377	0.11331535565623	0.08383260241510504	0.09697940104363667	0.06800080651206449	0.07125131409712632	0.07523851586223247	0.07550395980268204	0.06755615110696746	0.1282373384158931	0.08954793739566903	0.1234494172095959	0.03112016977676426	0.1967168299605752	0.08451833320042164	0.02172155182132385	0.08628062198686479	0.04665423597535032	0.133062667960924
0.1949983231299784	-0.1984012226389096	0.2188823702750097	0.9744642160937589	0.1634287734019088	0.3313148370375854	0.1501906846489575	-0.8198237031804715	-0.03637574986150226	-0.2032629707748695	0.2453056744625517	0.6678168022128457	0.8176264003775646	0.1663140791959563	2.216159510742615	-1.586101761205041	-1.055144873570283	-4.009736980734929	-0.02078662064395941	0.4104816787719393	0.597932729582217	0.1203353262708136	0.08404385997187447	0.1002735573633468	0.06596580112892012	0.06963492669069715	0.07431577614788924	0.07552068809359946	0.06732839297343825	0.1295015878885321	0.09401214448011203	0.1245302322565284	0.03142065222370034	0.1984002575202226	0.07857778589320485	0.02106000280411632	0.08966405298596118	0.04652306890341328	0.1337311572235627	0.0001129489284617681	0.1123052108721886	0.08374925898362812	0.09663402504510217	0.06827762159869161	0.07158915368891305	0.0756300493647411	0.07545854684788109	0.06758112237866298	0.1281777274650834	0.08869856800133823	0.1230965918351999	0.03109853757543669	0.1962615041685493	0.08554878392614618	0.02189036370683559	0.08618405830622469	0.0469545350793824	0.1322477619178769
0.1969680031615944	-0.1970924600566508	0.2204891802655215	0.9747879875374867	0.1678145286063884	0.3282021154788297	0.1481139191335122	-0.8276983565829725	-0.03641783005380385	-0.2024572373261101	0.2464817917732973	0.6610271454175995	0.8139271502000025	0.1624387173887684	2.237047769505321	-1.574483697914452	-1.053485089257569	-3.985834462364685	-0.02192090610834445	0.4075539364772215	0.5962239991485712	0.1194460026997203	0.08400657709371795	0.09986325361322401	0.06624626229330437	0.06987638624956506	0.07448619755401424	0.07551110642760771	0.06735866812563862	0.1293626581344479	0.09338752284756709	0.124363437595741	0.03137981435395621	0.1981789265314556	0.07941477085886081	0.02117495233473483	0.08927757516256224	0.04659254549628544	0.1335376400722991	0.0001165463432571985	0.1112950660881472	0.08366591555215119	0.0962886490465677	0.06855443668531873	0.07192699328069979	0.07602158286724972	0.07541313389308013	0.06760609365035852	0.1281181165142738	0.08784919860700742	0.1227437664608038	0.03107690537410911	0.1958061783765236	0.08657923465187073	0.02205917559234733	0.08608749462558461	0.04725483418341446	0.1314328558748297
0.1989376831932103	-0.1957974401021597	0.2220887850997499	0.975104121528612	0.1722411131755051	0.3251125284761163	0.146041027444641	-0.8355241220436261	-0.03646200689214314	-0.2016590847867733	0.247654163614257	0.6538677086949406	0.8103104683136937	0.1585604634116092	2.257611415520416	-1.562620466836181	-1.051217416943044	-3.960106691353572	-0.02290905607387696	0.4029251754163155	0.5941376071305201	0.1185395592507919	0.08396395952829082	0.0994585349046534	0.06652708675003552	0.07012997253310652	0.07468306190543958	0.07549720860038069	0.06738813627364869	0.1292329947478802	0.09273779534984074	0.1241772617298739	0.0313413410639808	0.1979361589454939	0.08027198787999414	0.02129725426552842	0.08889227742429101	0.04666265319463102	0.1333391758015697	0.0001430960079132978	0.1102229720152632	0.08357825255159672	0.09592299518830463	0.06884720673255314	0.07228752829405662	0.07644185578696812	0.0753625461435049	0.06762760435648672	0.1280808072989507	0.08699989110158539	0.1223886863718574	0.03105553687490771	0.1953605506434551	0.08760906004478229	0.02223798383773213	0.08544796081285171	0.04711366340361903	0.1317443750348156
0.2009073632248263	-0.1945168699463841	0.2236813481269591	0.9754126163869361	0.1767078431309486	0.3220465216312066	0.1439731820460678	-0.8432974890461433	-0.03650797007992125	-0.2008698038997481	0.2488220878488464	0.6463549401086013	0.8067769371030821	0.1546819996859682	2.277811055471799	-1.550540527501757	-1.048361148720294	-3.932629448558409	-0.02373484892540592	0.398545440599899	0.5917079061168691	0.1176145030371298	0.0839163507598269	0.09905774981711987	0.06680912678904717	0.07039558248169521	0.07490500973591535	0.07547918478224164	0.06741669425430406	0.1291127930615099	0.09206556875290087	0.1239735439353232	0.03130496487212134	0.1976743537309782	0.08114710621322871	0.02142661417191212	0.08847881124353695	0.04670763288896847	0.1331927063478178	0.0001696456725693972	0.1091508779423792	0.08349058955104226	0.09555734133004155	0.06913997677978755	0.07264806330741343	0.07686212870668652	0.07531195839392968	0.06764911506261491	0.1280434980836276	0.08615058359616337	0.1220336062829111	0.0310341683757063	0.1949149229103866	0.08863888543769388	0.02241679208311692	0.08480842700011879	0.0469724926238236	0.1320558941948015
0.2028770432564422	-0.1932514365582671	0.2252670334433765	0.975713473377248	0.1812139783170232	0.3190045056818439	0.1419115316899844	-0.8510150612345906	-0.0365553906112727	-0.200087663932268	0.2499849064015227	0.6385032544135572	0.8033270319920697	0.1508061502416308	2.29761375514723	-1.538269235811398	-1.044933297872142	-3.90347161227814	-0.02438395903840774	0.3960603060396463	0.5889608289986356	0.1166728421150287	0.08386411588000431	0.09866104866385533	0.0670922104936976	0.07067246142960641	0.0751505217218414	0.07545729009471099	0.06744430868108808	0.129001684669444	0.09137343273828356	0.1237536632992009	0.03127068996161547	0.1973944113954594	0.0820374821039898	0.02156286464702882	0.08803660674237584	0.04672289585089013	0.1330971835824111	0.00018421402366548	0.1080809614211454	0.08339944731036958	0.0952021543213675	0.06943225107530078	0.07301989447418811	0.07730657521774	0.07525758432689388	0.06766822811229113	0.1280179470608236	0.08530438451919953	0.121669962691958	0.0310170527778007	0.1944505740893865	0.08965929758072887	0.02260719612077619	0.08410352141303623	0.04670515743013214	0.1324502836569686
0.2048467232880582	-0.1920017851574223	0.2268460063623962	0.9760067025820361	0.1857587045054798	0.3159868204540193	0.1398571757918294	-0.858673588629055	-0.03660390038103623	-0.1993078917678994	0.2511420204264244	0.6303300287912001	0.799961204454166	0.1469368058399444	2.316996040585102	-1.525835236232296	-1.040954420865309	-3.8726757799124	-0.02484093607353078	0.3961412033541024	0.5859155483816743	0.115716321830986	0.08380756707362717	0.09826856047273187	0.06737619204825419	0.07095996815782191	0.0754183021689806	0.07543174205507502	0.06747095114642504	0.1288993497775969	0.09066361861884781	0.1235188124240351	0.03123851978312361	0.197097122020627	0.08294087489757065	0.02170586582775735	0.08756517200139016	0.04670456084045006	0.1330516808098398	0.0001987823747615628	0.1070110448999116	0.0833083050696969	0.09484696731269344	0.069724525370814	0.07339172564096282	0.07775102172879349	0.07520321025985809	0.06768734116196734	0.1279923960380197	0.0844581854422357	0.121306319101005	0.0309999371798951	0.1939862252683864	0.09067970972376387	0.02279760015843546	0.0833986158259537	0.04643782223644067	0.1328446731191358
0.2068164033196741	-0.1907685375444831	0.2284184327572714	0.9762923195731805	0.190341181130845	0.3129937675884413	0.1378111860115896	-0.8662698670126278	-0.0366531108407953	-0.1985252140187977	0.2522928540041744	0.6218533813173279	0.7966798149802825	0.1430784286513035	2.335942540725481	-1.513267618022849	-1.036446117374874	-3.840267836052115	-0.02509065686685277	0.3988266709367823	0.5825896364168048	0.1147475272174607	0.08374714558036706	0.09788037722778804	0.0676609426887884	0.07125719993625276	0.07570638950401824	0.07540284488692417	0.06749659069451498	0.1288054248325494	0.08993802529844637	0.1232699924092864	0.03120850498007872	0.1967839527064174	0.08385517209866869	0.02185559873851872	0.08708072686044029	0.04666986735832357	0.1330264023765124	0.000199826046099234	0.1059612441739115	0.08321638956770828	0.09450172869449122	0.07001640252636242	0.07376946888155578	0.07820629603693904	0.0751468548224944	0.0677039740703943	0.1279773452949483	0.08361197489058242	0.1209320576318432	0.03098783468384751	0.1935184790675756	0.09168981830089745	0.02300131275288075	0.08292633123399139	0.04638803517848722	0.1327645666834253
0.2087860833512901	-0.1895522649622838	0.22998447920243	0.9765703529998261	0.1949605463344335	0.3100255702542992	0.1357745732510432	-0.8738007192528524	-0.03670259521557359	-0.1977358074409208	0.2534368780855686	0.6130936976233359	0.7934830371098792	0.1392365156293177	2.354452410748859	-1.500597054116322	-1.031433059752765	-3.806242519290929	-0.02511913192865881	0.4029737027802355	0.5790012144990622	0.1137687043302867	0.08368322878027329	0.09749657764204071	0.06794635319820796	0.07156338993785349	0.07601311303480908	0.07537085803273924	0.06752120097776479	0.1287195944241964	0.08919828939582321	0.1230080692284028	0.03118068803526182	0.1964561917729384	0.08477858289787735	0.022012047520799	0.08659720477753094	0.04663337450089713	0.1329955281907341	0.0002008697174369052	0.1049114434479113	0.08312447406571967	0.09415649007628901	0.07030827968191083	0.07414721212214874	0.0786615703450846	0.07509049938513074	0.06772060697882125	0.1279622945518768	0.08276576433892914	0.1205577961626814	0.03097573218779993	0.1930507328667647	0.09269992687803104	0.02320502534732604	0.08245404664202904	0.04633824812053377	0.1326844602477148
0.210755763382906	-0.1883535096338877	0.2315443125326703	0.9768408388682763	0.1996159357527222	0.3070824089529107	0.1337483133552823	-0.8812629590424447	-0.03675190844457091	-0.1969374327060151	0.2545735908623082	0.6040746996731844	0.7903711793425202	0.1354162615674037	2.372514872796269	-1.48785751832914	-1.025943708171514	-3.770605760727968	-0.02491332618294442	0.4078554070571264	0.5751751906206123	0.1127806989223423	0.08361636996448228	0.09711592136128953	0.06823335257657585	0.0718778834430069	0.07633585774304305	0.07533616092653402	0.06754473725780676	0.1286416184147871	0.08844614796355725	0.1227342851813204	0.03115500041023834	0.1961152357855439	0.08570885209689894	0.02217505866107992	0.08610777211391049	0.04658909672253001	0.1329750784450769	0.0002035690281523178	0.103858353985483	0.08303540733487394	0.09379730254576342	0.07061750872571471	0.07453178510650402	0.07910891279478983	0.07503460489315576	0.06773440890203289	0.1279587691191056	0.08192342740811864	0.1201812068839097	0.03096692318416617	0.1925835652160392	0.0936889269597896	0.02341987921637719	0.0818616883612505	0.04618600766680887	0.1329019709908526
0.2127254434145219	-0.1871727490103716	0.2330981005957625	0.9771038254855335	0.2043064347998342	0.3041643746988005	0.1317333047917434	-0.8886534516823553	-0.03680057707272217	-0.1961284607595836	0.2557025647390869	0.5948219948458509	0.7873447046979595	0.1316218393069843	2.390102454470273	-1.475083188431472	-1.020008531943435	-3.73339093279623	-0.02446465030729701	0.413733976026871	0.5711431744547718	0.1117842463953015	0.08354704240732544	0.09673734024238675	0.06852272948276768	0.07220012444376117	0.07667239810930181	0.07529907720950277	0.06756716147128816	0.1285712883802118	0.08768309813471668	0.1224497153865715	0.03113138448621278	0.1957623114951079	0.08664406635642821	0.02234450399772051	0.08560655948425916	0.046531976574916	0.1329789302762189	0.0002062683388677304	0.1028052645230547	0.0829463406040282	0.09343811501523781	0.07092673776951858	0.07491635809085928	0.07955625524449507	0.07497871040118079	0.06774821082524451	0.1279552436863343	0.08108109047730813	0.1198046176051379	0.03095811418053242	0.1921163975653137	0.09467792704154813	0.02363473308542834	0.08126933008047195	0.04603376721308397	0.1331194817339904
0.2146951234461379	-0.1860104278530623	0.2346460118173123	0.9773593663658059	0.2090310917982685	0.3012715155365995	0.1297304070889823	-0.8959691109949087	-0.0368481182320304	-0.1953067690591462	0.2568234133827914	0.5853565742676163	0.7844038641753283	0.1278570685933435	2.407194885124537	-1.46230121976979	-1.013652837739436	-3.694630515736149	-0.02376807204443472	0.4207714994435254	0.5669338274232177	0.1107791618223225	0.08347584759615044	0.09635880316496664	0.06881616768565788	0.07252969535017206	0.07701978772366717	0.07526006993201186	0.06758853110797522	0.1285080284811269	0.08690991356182107	0.1221554113677894	0.03110958485492558	0.1953989550669013	0.08758262939069744	0.02252024988876442	0.08509655005966485	0.04646355479561185	0.1329991979087754	0.0002282101805931482	0.1017326771340749	0.08286302319819945	0.09304611965793336	0.07126984318977027	0.0753094206282031	0.07998001982306449	0.07492614194535006	0.06776077637833798	0.1279559370573636	0.0802315954959856	0.1194266671549444	0.03094936203195138	0.19165792061102	0.09564873176527587	0.0238604793531029	0.08070711546292508	0.04588136703177666	0.1332335472401682
0.2166648034777538	-0.1848669500865179	0.2361882146123943	0.9776075240367091	0.2137889258943245	0.2984038295420848	0.1277404292320416	-0.903206929830866	-0.0368940454321551	-0.1944702307392266	0.2579358210039084	0.5756885450451769	0.7815483987110277	0.1241249936978602	2.423790217919902	-1.449522509213643	-1.006889809180218	-3.654352213777782	-0.02282586584618542	0.4288091656762243	0.562572209659303	0.1097652859513433	0.08340330005331435	0.09597856203065987	0.06911509680695914	0.0728662416610098	0.0773755198191742	0.07521953409056958	0.06760889505322561	0.1284513398378178	0.08612726152254808	0.1218522833431628	0.03108938699877682	0.1950265161446198	0.08852318593787935	0.0227021848149277	0.08458030644084141	0.04638513256782805	0.1330290492730114	0.0002501520223185661	0.1006600897450952	0.08277970579237072	0.0926541243006289	0.07161294861002196	0.07570248316554694	0.08040378440163393	0.07487357348951931	0.06777334193143147	0.1279566304283929	0.07938210051466305	0.1190487167047509	0.03094060988337033	0.1911994436567264	0.09661953648900359	0.02408622562077745	0.08014490084537823	0.04572896685046934	0.133347612746346
0.2186344835093698	-0.1837427089937606	0.2377248769339764	0.9778483647638805	0.2185789573849749	0.2955613046009827	0.1257641658171035	-0.9103639375757935	-0.03693787724143596	-0.193616956946594	0.2590395044781872	0.565826236541766	0.7787779763436017	0.1204283123122665	2.439887217759776	-1.436754667279341	-0.9997306468214759	-3.612586770589589	-0.02164259778161386	0.4377801375215444	0.5580836409403492	0.1087433145670445	0.08332993979685697	0.09559528069505101	0.06942076883365252	0.07320919167358633	0.07773689342569784	0.07517789418374726	0.067628323258988	0.1284006297722397	0.08533600653919488	0.1215412624863676	0.03107067052197069	0.1946462920920787	0.08946395444249321	0.02289019697511297	0.08405580511057091	0.04629481520156301	0.1330747127373629	0.0002561329772632871	0.09958373305841237	0.08270326940064635	0.0922345588024024	0.07198882484212736	0.07609978460576185	0.08079714104319119	0.07482536936275708	0.0677850982890406	0.1279590898301798	0.07852982635439992	0.1186709961563322	0.03093313508445273	0.1907503219200762	0.09756255436797011	0.02432271886572684	0.07953458063957625	0.04552536162938235	0.1336009405734031
0.2206041635409857	-0.1826380785562273	0.2392561657866638	0.978081961135744	0.2234002014388204	0.2927439142514072	0.1238023849623888	-0.9174372528080469	-0.0369791492656521	-0.1927449362819915	0.2601342457518418	0.5557760174420088	0.776092206763781	0.1167691416898867	2.455483215573051	-1.424001008084668	-0.9921843132070364	-3.569371367958088	-0.02022667766329407	0.447844582934882	0.5534923553803012	0.1077138525096055	0.08325622875956588	0.09520780967478956	0.06973424699354061	0.07355805990740949	0.07810161061958609	0.07513551232928455	0.06764687520930787	0.1283553850194045	0.08453689391472287	0.1212231549511471	0.03105333430893334	0.1942594228662002	0.09040342058438014	0.02308419312614833	0.08352130909142436	0.04619100060396931	0.1331415805225867	0.000262113932208008	0.09850737637172953	0.08262683300892196	0.09181499330417592	0.07236470107423276	0.07649708604597677	0.08119049768474847	0.07477716523599484	0.06779685464664974	0.1279615492319667	0.0776775521941368	0.1182932756079135	0.03092566028553514	0.1903012001834261	0.09850557224693662	0.02455921211067624	0.07892426043377428	0.04532175640829535	0.1338542684004603
0.2225738435726017	-0.1815534253544124	0.2407822476176522	0.9783083883721223	0.228251670659155	0.2899516294943584	0.1218558440854108	-0.9244240433952459	-0.03701740946332278	-0.19185193915187	0.2612198575534661	0.5455431790950172	0.7734906187423688	0.1131495098477838	2.470578301089827	-1.411262687166265	-0.9842586356169061	-3.524740660743395	-0.01858804977664897	0.459056603845918	0.5488204520437573	0.1066781602226754	0.08318261947547952	0.09481539076982122	0.07005629192059011	0.07391216510917066	0.07846735857332626	0.07509276658227372	0.06766465367902078	0.1283149366604762	0.083730595391553	0.1208986794267136	0.03103737578499286	0.1938667129157866	0.0913398982197126	0.02328412773309328	0.08297996579420329	0.04607652437275019	0.1332239946235091	0.0002469481011444891	0.09744014315416098	0.08255772068042098	0.09137347974832156	0.07276958750302534	0.07689456237232761	0.08155003088919592	0.07473408320392354	0.06780862643518593	0.1279621179950148	0.07682214204290715	0.1179151848929073	0.03092090276938202	0.1898558750095999	0.09941551619327685	0.02480708471830852	0.07835030216071175	0.04513808073178378	0.1340410432437017
0.2245435236042176	-0.1804891026102762	0.2423032874940489	0.9785277269792442	0.2331323829815349	0.2871844207544183	0.1199252804034943	-0.9313215596632528	-0.0370522345330215	-0.1909359163022015	0.2622962063282089	0.5351326033721229	0.7709726324964959	0.1095714145491414	2.485176445201874	-1.398538987578797	-0.975961170284036	-3.478722790412195	-0.01673865750903245	0.4712247691460634	0.5440867392308343	0.1056373317816856	0.08310949901790055	0.09441737198480966	0.07038754973469145	0.07427092863150157	0.07883216908565689	0.07504997943752979	0.06768174607556612	0.1282787056065571	0.08291769007211333	0.1205684581681763	0.03102279276830884	0.1934688691345829	0.09227195233386185	0.0234899629230675	0.08243447793066656	0.04595378261026079	0.1333170551441872	0.0002317822700809702	0.09637290993659242	0.08248860835192	0.0909319661924672	0.07317447393181792	0.07729203869867846	0.08190956409364335	0.07469100117185223	0.0678203982237221	0.127962686758063	0.07596673189167746	0.117537094177901	0.03091614525322891	0.1894105498357738	0.1003254601396171	0.0250549573259408	0.07777634388764922	0.04495440505527221	0.1342278180869431
0.2265132036358335	-0.1794454573197798	0.2438194496963479	0.9787400600466545	0.2380413624807798	0.2844422600382163	0.1180114213905003	-0.9381270873837422	-0.03708321748015831	-0.1899951251038188	0.2633631824952833	0.5245494146986953	0.768537663374453	0.1060367843451497	2.499281545500682	-1.385828982404268	-0.9672997644192052	-3.43134473622935	-0.01469110863215429	0.4841256729002415	0.5393092449029	0.1045926347274846	0.08303724604684351	0.09401324263213619	0.07072858958096988	0.07463369034918678	0.07919406162062653	0.07500747605101848	0.06769825798426458	0.1282460367723247	0.08209868746932908	0.1202331205071692	0.0310096257624519	0.1930663630750688	0.09319800520977416	0.02370167640992907	0.08188769927682772	0.04582557879057329	0.1334165552417984	0.0002579941405242436	0.09531933592339197	0.08242718162830426	0.09047023709875358	0.07360794572028072	0.07768748333168919	0.08223234660475943	0.07465351456193879	0.0678326149325308	0.1279591440675028	0.07510769245427215	0.1171595807256293	0.0309147834541911	0.1889650074129486	0.101197660282981	0.02531441253944467	0.07724483421172926	0.0448005277114732	0.1343548683964629
0.2284828836674495	-0.1784228208109082	0.2453308970038703	0.9789454756453874	0.24297764077832	0.2817251202230446	0.1161149713118446	-0.9448379805869682	-0.03710998554145785	-0.1890284577779389	0.2644207211894473	0.5138004209493843	0.7661851528147405	0.1025474843062551	2.512895451282548	-1.373132935597916	-0.9582842456220501	-3.382631500597813	-0.01245886468128668	0.4974992331534442	0.5345039937200488	0.1035451684927262	0.08296618441134526	0.09360256375062569	0.07107989503500282	0.07499988945408827	0.07955134991598729	0.07496553377941496	0.06771427920956975	0.128216363168094	0.08127402684899097	0.1198932113360193	0.03099790874951108	0.1926596091445634	0.09411671221031812	0.02391924976199299	0.0813420794659028	0.0456942825578364	0.1335188531998302	0.000284206010967517	0.09426576191019151	0.08236575490468855	0.09000850800503997	0.0740414175087435	0.07808292796469994	0.08255512911587552	0.07461602795202536	0.0678448316413395	0.1279556013769426	0.07424865301686683	0.1167820672733576	0.03091342165515329	0.1885194649901235	0.1020698604263449	0.02557386775294854	0.07671332453580929	0.0446466503676742	0.1344819187059828
0.2304525636990654	-0.1774215143481148	0.246837791502246	0.9791440642708962	0.2479402497306065	0.2790329727010633	0.1142366202454621	-0.9514516265836854	-0.03713218369859682	-0.18803510967479	0.2654687785741015	0.5028942152104409	0.7639146374956939	0.09910528244790939	2.526015149576323	-1.36045302799377	-0.9489264078509139	-3.332610705269756	-0.01005544077858846	0.5112276759991152	0.5296875985416307	0.1024959567922697	0.08289663093917526	0.09318486927282391	0.07144206167173163	0.07536898097441623	0.07990232642422614	0.07492440025105743	0.06772985646312103	0.128189221574468	0.08044413671145942	0.1195493418682701	0.03098769115866845	0.1922490640404225	0.09502660863254918	0.02414262794697663	0.08079466651002276	0.04555663990263149	0.1336296752122716	0.0003110039342641559	0.09322578857382632	0.08231231652747353	0.08952552759043703	0.0745061069781635	0.0784758531658362	0.08283845860124661	0.07458398455701414	0.06785687031874171	0.1279491807333362	0.07338635702847682	0.1164070938165973	0.03091574717726549	0.1880751336273726	0.1029001707327649	0.02584431503200208	0.0761319368063751	0.04443300199781075	0.1347250274659734
0.2324222437306814	-0.1764418340374615	0.2483402942766101	0.9793359206658524	0.2529282026044052	0.2763657806161466	0.1123770246336672	-0.9579654927942119	-0.03714949327977079	-0.187014193203296	0.2665073550119494	0.4918413643242805	0.761725818831231	0.09571164518629606	2.5386294954216	-1.347793360620337	-0.9392400729928592	-3.281315735859681	-0.007495001848602655	0.5254919491299156	0.5248771062130051	0.1014458869275093	0.08282885655538301	0.09275975869583154	0.07181559556053019	0.07574050184819409	0.08024553627541166	0.07488428667240052	0.06774502947198492	0.128164211111408	0.07960938641505425	0.119202041260251	0.03097901446157613	0.1918351290888134	0.09592644420881072	0.02437176520694188	0.08024292758860303	0.04540990023032078	0.1337539776687499	0.0003378018575607948	0.09218581523746112	0.08225887815025852	0.08904254717583408	0.0749707964475835	0.07886877836697248	0.0831217880866177	0.07455194116200288	0.06786890899614392	0.1279427600897297	0.07252406104008681	0.116032120359837	0.03091807269937768	0.1876308022646218	0.1037304810391849	0.02611476231105561	0.07555054907694092	0.0442193536279473	0.134968136225964
0.2343919237622973	-0.1754840618604728	0.2498385660446517	0.9795211414144476	0.2579404966322377	0.2737235016305788	0.1105368225228831	-0.9643770913324556	-0.0371616145635824	-0.1859645321886365	0.2675364728686158	0.4806516520624143	0.7596183698767174	0.09236790141565987	2.550728165528605	-1.335156709426067	-0.9292381689616637	-3.228779376583639	-0.004792506988307422	0.5404601830767233	0.5200885225834641	0.1003956542457972	0.08276311133060416	0.09232675989870458	0.07220119993397023	0.07611408492908643	0.08057957879538745	0.07484539436001435	0.06775984528593207	0.1281408981819006	0.07876991087674223	0.118851835512467	0.03097186702373557	0.1914184254875329	0.0968151376264266	0.02460661510512319	0.07968649253825588	0.04525335540764695	0.1338929440040493	0.0003453490705956164	0.09115699825413227	0.08221341589392156	0.0885365317070879	0.07547085352992847	0.07926022922238857	0.08336461093166947	0.07452544779513277	0.06788094876166328	0.1279323038586853	0.07165485514315235	0.1156603152620428	0.03092329246476954	0.1871928038671236	0.1045201241584678	0.0263961393289403	0.07495423361624864	0.04397599116955606	0.1352611786236889
0.2363616037939133	-0.1745484576206532	0.2513327665356428	0.9796998261452559	0.2629761067760084	0.2711060913275664	0.1087166220129265	-0.9706840179828854	-0.03716828933402507	-0.1848845919371311	0.2685561946995197	0.4693321844380666	0.7575918648498001	0.08907504062834208	2.562304522679666	-1.322541881610315	-0.9189305738219841	-3.175032562462888	-0.001964606034483906	0.5562372818999609	0.515336448125383	0.09934586093022948	0.08269960905912019	0.09188546725126584	0.07259947232944967	0.07648941821930062	0.08090325944914677	0.07480789500044512	0.06777434392292886	0.128118907582995	0.07792582689700511	0.1184991799587132	0.03096623905117151	0.190999498981784	0.09769176365202285	0.02484713908740669	0.0791250443489287	0.04508640660472097	0.1340475976143886	0.000352896283630438	0.0901281812708034	0.08216795363758457	0.0880305162383417	0.07597091061227343	0.07965168007780464	0.08360743377672122	0.07449895442826265	0.06789298852718266	0.1279218476276408	0.07078564924621791	0.1152885101642487	0.0309285122301614	0.1867548054696253	0.1053097672777506	0.02667751634682499	0.07435791815555638	0.0437326287111648	0.1355542210214139
0.2383312838255292	-0.1736352729892866	0.2528230548725506	0.9798720756673781	0.2680340012115321	0.2685135085614807	0.1069170195937104	-0.9768839081556353	-0.0371692818775877	-0.1837727401508604	0.269566601531114	0.4578880741862574	0.7556457905059621	0.08583387835290208	2.573355608352238	-1.309944940197081	-0.9083249247066921	-3.120104089739842	0.0009711939465916385	0.5728378976084707	0.5106341259983265	0.09829703865085528	0.08263852063323138	0.09143555691513867	0.07301104864370665	0.07686625825352589	0.08121556985955838	0.07477195062941652	0.0677886021351137	0.1280977555747317	0.07707707906288798	0.1181445104410816	0.03096208548359868	0.1905789693268809	0.09855552731931662	0.02509331397003329	0.07856124675018862	0.04491171095337982	0.1342141494382708	0.0003713400189030952	0.08910995452055118	0.0821299894993975	0.08750244368905635	0.0765078621538855	0.08004243054672745	0.08381138765327974	0.07447806977990555	0.06790571545111948	0.1279047821168745	0.06990667553258227	0.1149200969841527	0.03093605021243966	0.1863253917965831	0.1060597379305624	0.02697002353619159	0.07379872108182849	0.04351236654686323	0.1358057204139459
0.2403009638571452	-0.1727447506048217	0.2543095886189765	0.9800379925230739	0.2731131490711107	0.2659457285084145	0.1051385965833282	-0.9829744671895063	-0.03716440406197558	-0.1826275419093554	0.270567805804447	0.4463210873651102	0.7537794725490211	0.08264491887019157	2.583885109594247	-1.297357391887189	-0.8974251384002249	-3.064018416220093	0.003996164061449991	0.590097064847721	0.5059922365419819	0.09724964735199529	0.08257999210585616	0.0909767508498778	0.07343646926843321	0.07724439811404354	0.08151564885621954	0.07473769941334316	0.06780268520915854	0.1280770235988229	0.07622362059576196	0.1177882041919843	0.03095936847063193	0.1901573808925743	0.09940574635058379	0.02534512064582912	0.07799738450497817	0.04473151452144871	0.1343893198578363	0.0003897837541757524	0.08809172777029894	0.08209202536121042	0.08697437113977102	0.07704481369549754	0.08043318101565028	0.08401534152983826	0.07445718513154848	0.06791844237505629	0.1278877166061082	0.06902770181894663	0.1145516838040568	0.03094358819471793	0.185895978123541	0.1068097085833742	0.0272625307255582	0.0732395240081006	0.04329210438256165	0.1360572198064779
0.2422706438887611	-0.1718771316664132	0.2557925244119595	0.9801976798183101	0.278212526008844	0.2634027386944297	0.1033819301363299	-0.98895343137967	-0.03715349264240856	-0.1814478241805075	0.2715599332785022	0.4346321787945668	0.7519922048874248	0.07950853046513226	2.593898101783771	-1.28476970775176	-0.8862342138431977	-3.006798813424342	0.007091474425809788	0.607811430818014	0.5014204460858942	0.0962042098063841	0.08252411406098899	0.0905089761077475	0.07387616048590089	0.0776236600154582	0.081802902988558	0.07470525165247881	0.06781667946801891	0.1280562307089093	0.07536539011884469	0.1174306295312981	0.03095806482456228	0.1897352042081469	0.1002417784726305	0.0256025442751217	0.07743609261184628	0.04454846826838395	0.1345684217416833	0.0004107119176480244	0.08708577595678733	0.08206076968946635	0.08642759852564044	0.0776174619118023	0.08082345956582052	0.08418396994279385	0.07444160559289924	0.06793230550806863	0.1278622934200295	0.06813866984834685	0.1141869832375548	0.0309536283667987	0.185474309538711	0.1075197116787881	0.02756622033149878	0.07272646247645333	0.04310453753574717	0.1362355671673532
0.244240323920377	-0.1710326564827273	0.2572720169848047	0.9803512412914653	0.2833311235840365	0.260884553512483	0.1016475913998483	-0.9948185954861009	-0.03713643360279361	-0.1802330233087824	0.2725431320613985	0.4228210717078993	0.7502832438195419	0.07642482639930456	2.603401622253225	-1.272170955909595	-0.8747537269365521	-2.948466533481582	0.01023846446226562	0.6257202735807512	0.4969261080305329	0.09516117776415203	0.08247096386129842	0.09003217043183852	0.07433048472502765	0.07800389283334241	0.08207682414596926	0.07467470137501267	0.06783065834019383	0.1280349607821633	0.0745023357847106	0.1170721051840369	0.03095815506056647	0.1893128524870628	0.101063070828239	0.0258655727442065	0.07687962976942328	0.04436481317609637	0.1347473989324753	0.0004316400811202963	0.0860798241432757	0.08202951401772229	0.08588082591150985	0.07819011012810707	0.08121373811599075	0.08435259835574946	0.07442602605424999	0.06794616864108095	0.1278368702339508	0.06724963787774708	0.1138222826710529	0.03096366853887947	0.185052640953881	0.108229714774202	0.02786990993743936	0.07221340094480604	0.04291697068893269	0.1364139145282285
0.246210003951993	-0.1702115656883331	0.2587482201110546	0.9804987807480433	0.2884679420649668	0.2583912015630933	0.09993614944555718	-1.000567782220384	-0.03711313716514433	-0.1789829010870098	0.2735175594554365	0.4108883247272783	0.7486519269686716	0.07339381309498282	2.612399812998077	-1.25955156995098	-0.8629860822265454	-2.889044060307881	0.01341933467869129	0.6436504938412654	0.4925159519973661	0.09412119391792015	0.08242055667337532	0.08954657409732271	0.07479958538195122	0.07838494580610009	0.08233722027975697	0.07464610341592513	0.06784470249258696	0.1280127736076438	0.07363455984431858	0.1167129629265601	0.03095967579089102	0.1888906137151056	0.1018689841350729	0.02613417363325779	0.07632693122443927	0.0441794006372095	0.1349283196674364	0.0004495196683132907	0.08509013270006677	0.08200396759853197	0.08532072867518495	0.07879518383553458	0.08160334482019439	0.08449079200004379	0.0744151921061422	0.06796139036762225	0.1278020764242122	0.0663531940105571	0.1134619516155609	0.03097708101156581	0.1846366384372005	0.1088973303234005	0.02818445598616334	0.07169108416043719	0.0427093231726644	0.1366319725748546
0.2481796839836089	-0.1694140959797867	0.2602212860680856	0.9806404017675727	0.2936219842202126	0.2559227324164595	0.09824816459491476	-1.006198876800432	-0.03708355767233803	-0.1776974242294648	0.2744833878171855	0.3988363782282784	0.7470977773077289	0.07041531198233858	2.620890436067438	-1.246905146698772	-0.8509355388974801	-2.828556511455759	0.01661828411126673	0.6616191305157773	0.4881947127893908	0.09308481315376924	0.08237290536959581	0.08905239417534566	0.07528358471624672	0.07876669074021231	0.08258392528111229	0.07461950449274005	0.06785888054380297	0.1279892883088732	0.07276215096728839	0.1163534897831314	0.03096265773168601	0.188468740738336	0.1026589673657221	0.02640832016151867	0.07577708378037532	0.043991259874097	0.1351129738767601	0.000467399255506285	0.08410044125685784	0.08197842117934166	0.08476063143886006	0.07940025754296208	0.08199295152439802	0.08462898564433814	0.07440435815803441	0.06797661209416354	0.1277672826144735	0.0654567501433671	0.1131016205600689	0.03099049348425215	0.18422063592052	0.109564945872599	0.02849900203488733	0.07116876737606834	0.0425016756563961	0.1368500306214807
0.2501493640152249	-0.1686404802326585	0.2616913665690986	0.9807762076345812	0.2987922477699969	0.2534792030039725	0.09658419097322414	-1.011709798294015	-0.03704766953874181	-0.1763764742711222	0.2754407951589673	0.3866685057916188	0.745620409243227	0.06748905986388033	2.628868286211561	-1.234226782992076	-0.8386071514899517	-2.767030119496398	0.01982055652025926	0.6797310969598943	0.4839664941064031	0.09205267668597469	0.08232797088447025	0.08855004767296808	0.07578245657095017	0.07914902215351848	0.08281704277364101	0.07459490352832364	0.06787323882502075	0.1279641971207736	0.07188531902729572	0.1159939771990163	0.03096716447766849	0.188047409758165	0.1034324586506358	0.02668796573618794	0.07522710290274627	0.04379724197232701	0.1353071747541755	0.0004860275532395344	0.08312921421716229	0.08195768141006322	0.08419125766475452	0.0800353835219809	0.08238211056147605	0.08474128946042304	0.0743974976796046	0.06799289981880477	0.127724010812541	0.0645551304995611	0.1127461117214809	0.03100784432758063	0.183809027643369	0.1101891418191946	0.02882406617401673	0.07059983241759069	0.04223692357585344	0.1371880083345789
0.2521190440468408	-0.1678909408106203	0.2631586125405077	0.9809063007394455	0.3039777096803537	0.2510606794767327	0.0949447676460856	-1.017098537035501	-0.03700548323509357	-0.1750194484525407	0.2763899688296463	0.3743894393129645	0.7442196092039487	0.06461463895029136	2.636322762943636	-1.221514360857203	-0.826007334323689	-2.704492924843267	0.02301344939867056	0.6982502998434779	0.4798343023101376	0.09102533745850259	0.0822857197287451	0.08803989358513555	0.07629617931546048	0.07953185033612352	0.08303665889657466	0.07457229955742495	0.06788781674786878	0.1279372337532727	0.0710042449882015	0.1156346772285277	0.03097324939377646	0.1876267754235497	0.1041889724486567	0.02697307175203351	0.07467443171043675	0.0435946856701604	0.1355159532114872	0.0005046558509727838	0.08215798717746675	0.08193694164078477	0.08362188389064899	0.08067050950099974	0.08277126959855408	0.08485359327650795	0.07439063720117479	0.06800918754344598	0.1276807390106085	0.0636535108557551	0.1123906028828929	0.03102519517090911	0.183397419366218	0.1108133377657902	0.02914913031314613	0.07003089745911301	0.04197217149531079	0.1375259860476771
0.2540887240784568	-0.1671656938168213	0.2646231746546981	0.9810307828711013	0.3091773324097449	0.2486672304443435	0.09333042526812138	-1.022363120078453	-0.03695702543366082	-0.1736253812554739	0.2773310996607817	0.3620031138731026	0.7428951426511207	0.06179153758924641	2.643244706343706	-1.208765060939208	-0.8131415660935487	-2.640971576542722	0.02618456656087378	0.7173980279334031	0.4758008390435875	0.09000324460407498	0.08224608493252616	0.08752233057461374	0.07682474577513775	0.07991515445139873	0.08324303568260331	0.07455164439994462	0.0679026084189794	0.1279082810075831	0.0701190948885575	0.115275820032608	0.03098093781794963	0.1872070652716417	0.104928194583655	0.02726360201654471	0.07411876157431345	0.04338319936678581	0.1357401641781996	0.0005262833304932245	0.08120399845850382	0.08192037148172426	0.08304442007245762	0.08133596350564107	0.08316107147757069	0.08494323770595372	0.07438692510935947	0.06802581319747691	0.1276314869280817	0.06274669701972517	0.1120398296904097	0.03104610787253475	0.1829919194946882	0.1113965312905204	0.02948470964153133	0.06945135849860899	0.04168410121054766	0.1379099234818101
0.2560584041100727	-0.1664649476675518	0.2660852028724435	0.9811497542017301	0.3143900595491519	0.2462989345298757	0.09174168314168811	-1.027501640337044	-0.03690235488285232	-0.1721928708852081	0.2782643862588912	0.3495114483915011	0.7416467022055646	0.0590190361520839	2.649628907579653	-1.195974076947022	-0.800013013488949	-2.576489581524988	0.02932187667214565	0.7372852402135518	0.4718693235337534	0.08898678455006385	0.08220900916261123	0.086997701832653	0.07736815058187663	0.08029891681516739	0.08343639467194278	0.07453289692790364	0.06791760882442401	0.1278772374697659	0.06923001196887096	0.1149176045912667	0.03099025100023694	0.1867884789584549	0.1056498508672068	0.02755952663312003	0.07355982856110757	0.04316245208016779	0.1359805467999578	0.0005479108100136651	0.08025000973954088	0.08190380132266374	0.08246695625426621	0.08200141751028239	0.08355087335658731	0.08503288213539947	0.07438321301754416	0.06804243885150786	0.1275822348455548	0.06183988318369524	0.1116890564979265	0.03106702057416038	0.1825864196231584	0.1119797248152507	0.02982028896991653	0.06887181953810498	0.04139603092578454	0.1382938609159431
0.2580280841416887	-0.1657889090209765	0.2675448467193469	0.9812633138888178	0.3196148294245827	0.2439558774600066	0.09017905727368326	-1.032512220413898	-0.03684154606916202	-0.1707204141315419	0.2791900316091532	0.3369150322726238	0.7404739194785803	0.05629629962864647	2.655472977005105	-1.183135161646428	-0.7866233535667057	-2.511068567714293	0.0324133481659328	0.7579467070051846	0.4680433276700384	0.08797625938756694	0.08217440639703046	0.08646638858785326	0.07792639376332321	0.08068317840478197	0.0836171118568968	0.07451598323551673	0.06793278830589389	0.1278440815860861	0.06833718026371034	0.1145602138216034	0.03100118088242556	0.1863712775364712	0.1063538175537162	0.02786081522298514	0.07299933669675994	0.04293421609476136	0.136234173050169	0.0005714002340995806	0.07931218603489121	0.08189081708402098	0.08188253589768596	0.08269734136165199	0.08394232928497833	0.08510290424008511	0.07438202290994297	0.06805897112169834	0.1275283953059313	0.06092877213678964	0.1113429730691511	0.03109105555001246	0.1821885592297933	0.1125242594082573	0.03016634676209174	0.06831561143689978	0.04111870069591576	0.138653797315254
0.2599977641733046	-0.1651377865247436	0.2690022545897879	0.9813715585760188	0.3248505814836424	0.2416381652062734	0.08864306322442392	-1.037393035147931	-0.03677470508237678	-0.1692066072092684	0.2801082493979708	0.3242117609373084	0.7393763013789059	0.05362224857540383	2.660780158494151	-1.170239144744193	-0.7729712492547077	-2.444726687480281	0.03544694517785136	0.7792719372379087	0.4643274291335449	0.08697192818125772	0.08214220303029518	0.08592871899415711	0.0784994762040043	0.08106797416777932	0.08378550637003575	0.07450084026606321	0.06794812163283477	0.1278087946969901	0.06744075833675608	0.1142038057908076	0.03101372068333845	0.1859556900084513	0.1070399832783749	0.02816744276539427	0.07243874518513153	0.0426999893312647	0.1364985088291477	0.000594889658185496	0.07837436233024152	0.0818778328453782	0.08129811554110571	0.08339326521302161	0.08433378521336934	0.08517292634477074	0.07438083280234177	0.06807550339188881	0.1274745557663078	0.06001766108988405	0.1109968896403756	0.03111509052586454	0.1817906988364281	0.1130687940012639	0.03051240455426696	0.06775940333569455	0.04084137046604699	0.1390137337145648
0.2619674442049206	-0.1645117922448249	0.2704575742056611	0.9814745834120585	0.330096260672492	0.2393459164222864	0.08713421905584619	-1.04214228240304	-0.03670195371085545	-0.1676502213832345	0.2810192595901647	0.3113989915987266	0.7383533491344121	0.05099569565996603	2.665554353785494	-1.157276540522838	-0.7590547117618961	-2.377481542604923	0.03841109322435799	0.8011411778925092	0.4607261321219308	0.08597407991273966	0.08211229340548028	0.08538514024965185	0.07908729461034197	0.08145335889153585	0.08394207397103531	0.0744873985837772	0.06796361226512192	0.1277712705031487	0.06654109082361713	0.1138485408212013	0.03102786952317379	0.1855419044726237	0.107708275942296	0.02847936402113591	0.07187905158670768	0.04246087963398557	0.136771889566394	0.0006180870223898049	0.07745351955154288	0.08186776982986192	0.08070929234753631	0.08411788479324868	0.08472729472923117	0.08522689110172639	0.0743819698191393	0.06809240317615634	0.127414429060438	0.05910566322574211	0.110655739858358	0.03114233339110291	0.1813999208178573	0.1135751986407712	0.03086859763020364	0.06722033863061046	0.04057034545393695	0.1393630897217588
0.2639371242365365	-0.1639111463130854	0.2719109519853816	0.9815724801601031	0.3353508231242168	0.2370792750440776	0.08565304946568036	-1.046758205304047	-0.03662344256973921	-0.1660503420821703	0.2819232927742987	0.2984732243881499	0.7374045688585009	0.04841524990145655	2.669800180566529	-1.144237580878614	-0.7448706762865184	-2.309349999549749	0.04129541390110374	0.8234349292514719	0.4572430229209673	0.08498296199804771	0.08208458714864635	0.08483603710937306	0.07968976220535345	0.08183937930151229	0.08408723642488809	0.0744755989525111	0.06797926314632548	0.1277314170160671	0.06563847377183381	0.1134945573908097	0.03104362664925077	0.1851300858474525	0.1083586284747629	0.02879654156166052	0.07132110959253243	0.04221782341949476	0.1370528749457184	0.0006412843865941138	0.07653267677284423	0.08185770681434563	0.08012046915396692	0.08484250437347576	0.085120804245093	0.08528085585868203	0.07438310683593682	0.06810930296042385	0.1273543023545682	0.05819366536160018	0.1103145900763405	0.03116957625634128	0.1810091427992865	0.1140816032802784	0.03122479070614033	0.06668127392552635	0.04029932044182691	0.1397124457289528
0.2659068042681524	-0.1633360736163326	0.2733625337094991	0.9816653386917287	0.3406132309386944	0.2348383977524803	0.08420008340149739	-1.051239069065866	-0.03653933543850607	-0.1644062018963823	0.2828205838090626	0.285430952618327	0.7365295009205136	0.04587943432065353	2.673521475867835	-1.13111297192355	-0.7304159790483845	-2.240349023302064	0.04409043840790857	0.8460649758744717	0.4538804883365622	0.08399886745824049	0.08205896686246822	0.08428190839058791	0.08030667409582912	0.08222608957760337	0.08422156709465066	0.07446539653256243	0.06799513866892386	0.1276889840659628	0.06473344522795593	0.1131420048437834	0.03106100562884759	0.1847203396480331	0.1089909877454363	0.02911890738624923	0.07076474600698002	0.04197074546957073	0.1373419602912283	0.0006648786847091859	0.07562989195299272	0.08184996714809263	0.07952977214093077	0.08559367409434658	0.08551656475905968	0.0853220234982178	0.07438674352909899	0.06812763291744908	0.1272847442705886	0.05728530150253804	0.1099787530373727	0.03120025507419932	0.1806244245475103	0.1145500054178805	0.03159059384587807	0.06614261990191046	0.04001927337637987	0.1400868060602119
0.2678764842997683	-0.1627868081382053	0.2748124640524307	0.9817532448013323	0.3458824539074615	0.2326234641716126	0.08277585824900043	-1.055583183470722	-0.03644981832658997	-0.1627171784841573	0.2837113698293972	0.2722687553354812	0.7357277625920672	0.04338662089822631	2.676720259977921	-1.11789453531364	-0.715687357792042	-2.170495588717346	0.046788706613401	0.869009058299001	0.4506378749888273	0.08302204685271984	0.0820353321540659	0.08372318306737858	0.08093785728321744	0.08261353594785824	0.08434555441823788	0.07445675306614617	0.06801129361028581	0.1276437551749612	0.06382646661406935	0.1127910121167645	0.03108001783723375	0.1843127582921879	0.1096053030617627	0.0294464050450106	0.07020981237860302	0.04171958241168496	0.1376395743235477	0.0006884729828242578	0.07472710713314121	0.08184222748183963	0.07893907512789462	0.0863448438152174	0.08591232527302638	0.08536319113775358	0.07439038022226115	0.0681459628744743	0.1272151861866091	0.05637693764347589	0.1096429159984049	0.03123093389205737	0.1802397062957342	0.1150184075554826	0.03195639698561581	0.0656039658782946	0.03973922631093285	0.140461166391471
0.2698461643313843	-0.162263588371031	0.2762608872078366	0.9818362820968087	0.35115746400943	0.2304346643541255	0.08138091575664305	-1.059788880510607	-0.03635508638208763	-0.1609826612420331	0.2845958857144896	0.2589830995984864	0.7349989933524655	0.04093511229917906	2.679398197540954	-1.104574461334518	-0.7006813485939881	-2.099806481762932	0.04938385481868313	0.8922615426512707	0.4475114995531341	0.08205277993456918	0.08201355718130664	0.08316038698424787	0.08158302518215034	0.08300177655029418	0.08445982876177825	0.07444968538332419	0.06802792060584975	0.1275951466311424	0.06291824460866614	0.112441713212954	0.03110068493894426	0.1839073853234052	0.1102015543414339	0.02977895492929276	0.06965597908122063	0.04146410065263535	0.1379464846009709	0.0007125723511007499	0.07384316582982217	0.08183622794380081	0.07834877614812311	0.08712037198021984	0.08631061280077766	0.08539473985897002	0.07439742647542197	0.06816817060951026	0.1271288945223636	0.05547696411986219	0.109312649708467	0.03126522846985381	0.1798601511794371	0.1154492711953387	0.03233137598535792	0.06506239874541556	0.03944730143346535	0.1408677058718787
0.2718158443630003	-0.1617666624286398	0.2777079464656314	0.9819145295560513	0.3564372370671464	0.2282722079474979	0.08001580732630396	-1.063854535924853	-0.03625534832923527	-0.1592020203716044	0.2854743479434785	0.2455701910794076	0.7343428654844034	0.03852307985657021	2.681556550923197	-1.0911456373527	-0.6853940637725766	-2.028298232046547	0.05187190787479049	0.9158426820887895	0.4444910340489163	0.08109130549166087	0.0819935343493665	0.08259397216068923	0.08224193545635937	0.08339086100562723	0.08456492764105356	0.07444420780783713	0.06804518352115128	0.12754265333957	0.06200938452394038	0.1120942237630557	0.03112302510618198	0.1835042587732329	0.1107797193797112	0.03011649088481731	0.06910296400612417	0.04120410303426329	0.1382633554099635	0.000736671719377242	0.07295922452650315	0.08183022840576201	0.07775847716835158	0.08789590014522229	0.08670890032852893	0.08542628858018647	0.07440447272858279	0.06819037834454623	0.1270426028581181	0.05457699059624848	0.1089823834185292	0.03129952304765026	0.1794805960631401	0.1158801348351947	0.03270635498510002	0.06452083161253651	0.03915537655599785	0.1412742453522865
0.2737855243946162	-0.1612962835343675	0.2791537846922287	0.9819880637144641	0.3617207505763466	0.2261363137601701	0.07868108964544523	-1.067778546973334	-0.03615081732293027	-0.1573745961017311	0.2863469567148251	0.2320261339164873	0.7337590582361041	0.0361486513206314	2.683196697528455	-1.077601366489518	-0.6698214590426922	-1.955986874902091	0.05425030549057793	0.9397679102090813	0.4415608772169417	0.08013795920467039	0.08197512997563562	0.08202453209904287	0.08291415354775063	0.08378082128729078	0.08466153436938301	0.07444042696276586	0.06806345225474345	0.1274851409575448	0.06110076794000854	0.1117486569913056	0.03114708108641203	0.1831033331282239	0.1113397752869238	0.03045892910747408	0.06855078616613421	0.04093972154140298	0.1385902831450985	0.0007627225154444659	0.07209608941025479	0.08182536478586729	0.07717165973466825	0.08869209848916125	0.08710947216017757	0.08545153223745663	0.07441655801282636	0.06822023339219357	0.1269268856365061	0.05369084350774438	0.1086577890655011	0.03133785053160287	0.1791045209873118	0.1162733861868756	0.03309014936243491	0.06398119232444456	0.03885669934687565	0.1417028571116419
0.2757552044262321	-0.160852715001804	0.2805985439366692	0.9820569561192762	0.3670069856015519	0.2240272165184024	0.07737732995586283	-1.071559351574382	-0.03604170898644478	-0.1554997064785042	0.2872138565704944	0.2183471395542483	0.7332472698918293	0.03380990016697563	2.684319977890369	-1.063936223263882	-0.6539595408061383	-1.882887338220224	0.05651972810807281	0.9640386866226772	0.4386942462582646	0.07919302764892797	0.08195822977764809	0.08145257669702317	0.08359931138084659	0.08417168473789907	0.08475023206659023	0.07443843372993242	0.06808304147317923	0.1274216278458594	0.06019314914618843	0.1114051105326202	0.03117288874741062	0.1827045683093736	0.1118816976278475	0.03080619993167698	0.06799946168656543	0.04067106790650145	0.1389273513168692	0.0007887733115116898	0.07123295429400642	0.08182050116597255	0.07658484230098489	0.08948829683310021	0.0875100439918262	0.08547677589472678	0.07442864329706993	0.0682500884398409	0.1268111684148942	0.05280469641924029	0.108333194712473	0.03137617801555548	0.1787284459114835	0.1166666375385564	0.03347394373976979	0.06344155303635261	0.03855802213775344	0.1421314688709972
0.2777248844578481	-0.1604362250560115	0.2820423658583497	0.9821212757690915	0.3722949249259297	0.2219451576499404	0.07610510069330534	-1.07519540689309	-0.03592823704174373	-0.1535766721994191	0.2880751549734945	0.2045297234901134	0.7328072086254109	0.0315048855534755	2.684927438355337	-1.050145447467584	-0.6378046428924772	-1.809014029385309	0.05868152518523864	0.9886501098609793	0.4358662944576041	0.07825707477521986	0.08194275292658408	0.08087873295673063	0.08429684528930252	0.08456330041351749	0.08483143224671101	0.07443817250748473	0.06810394272901903	0.1273521130977953	0.05928758720916188	0.1110636844758003	0.0312005193961065	0.1823078269213191	0.1124054276751669	0.031158208822965	0.06744913320112594	0.04039841950963746	0.1392744186863751	0.0008172037349564962	0.07039581240760986	0.08181721332037116	0.07600422347503472	0.09030122664178038	0.08790977297559972	0.0854934476397773	0.07444333490796974	0.06828244494714579	0.1266834605853665	0.05193845038416334	0.1080144406168586	0.03141915296707884	0.1783537844910615	0.1170215764559949	0.03386607229047512	0.06290603819191128	0.03825544523079721	0.1425779164820654
0.279694564489464	-0.1600470898400458	0.2834853913748607	0.9821810865702261	0.3775835528184144	0.2198903893011384	0.0748649825338997	-1.078685206586688	-0.03581061196125342	-0.1516048420469098	0.2889309049066884	0.1905713400745197	0.7324386013478569	0.02923167027202356	2.685019164202075	-1.036225636615085	-0.6213541557486779	-1.73438033133289	0.06073682279676429	1.01358569302439	0.433060375083251	0.07733058304311884	0.08192863031980228	0.08030353926763981	0.08500627739696698	0.08495553972155653	0.08490548603741559	0.07443959587982492	0.06812614885945786	0.1272765957547786	0.05838498728364307	0.1107244650713946	0.03123003287126042	0.1819129883371478	0.1129109103914772	0.0315148771328386	0.06689992246028909	0.0401220108928056	0.139631363173689	0.0008456341584013028	0.06955867052121331	0.08181392547476977	0.07542360464908454	0.09111415645046056	0.08830950195937323	0.0855101193848278	0.07445802651886956	0.06831480145445068	0.1265557527558388	0.0510722043490864	0.1076956865212443	0.0314621279186022	0.1779791230706394	0.1173765153734334	0.03425820084118045	0.06237052334746993	0.03795286832384096	0.1430243640931335
0.28166424452108	-0.1596855885203314	0.2849277610507382	0.9822364498782249	0.3828718533135609	0.2178631677137962	0.07365755921833675	-1.082027261617201	-0.03568904304420894	-0.1495835885951912	0.2897811445693443	0.1764699006557378	0.7321411702461061	0.02698829677557816	2.684594744850631	-1.022173340756267	-0.6046060149441679	-1.658999372938345	0.06268404412575905	1.038829009602714	0.4302819224677296	0.07641440094086224	0.08191591625715765	0.07972751230532485	0.08572710626087036	0.08534791598635461	0.08497207588933738	0.07444207029664386	0.06814840667598578	0.1271988795085937	0.05748653152083843	0.110387555634908	0.03126151138998942	0.1815198961972865	0.1133980811318221	0.03187608328286818	0.06635188089977784	0.03984203879382703	0.1399982177999868	0.0008750736188803038	0.06875448076764061	0.08181430459322653	0.07484948134843705	0.09194277109683631	0.08870184088355949	0.0855067961632854	0.07446503657545878	0.068328171575491	0.1264887270919561	0.05023161906284771	0.107383197838497	0.03151018829536954	0.1776049796877263	0.1176928621362507	0.03465788012339849	0.06183807415561024	0.03764608589723016	0.143491519406259
0.2836339245526959	-0.1593520046694892	0.2863696146762909	0.9822874218616725	0.3881588082720085	0.2158637596379864	0.07248341855376264	-1.085220116896161	-0.03556375578737246	-0.1475123253123342	0.2906259966213439	0.162224138319469	0.7319146035350241	0.02477277248161436	2.683652935251	-1.007984007644529	-0.5875591880349733	-1.582883879276337	0.06451243202613738	1.064365343359603	0.4275898184909623	0.07550925474128693	0.08190465712479653	0.07915109550110876	0.08645890684912678	0.08574001424395418	0.08503092982109559	0.07444505562233919	0.06816965011650354	0.1271222559460102	0.05659322909021677	0.1100530451666686	0.03129502394750196	0.1811284132915316	0.1138668799041679	0.03224172598117642	0.06580505227688273	0.03955866960916144	0.140375011334161	0.0009045130793593048	0.0679502910140679	0.08181468371168329	0.07427535804778956	0.09277138574321207	0.08909417980774575	0.08550347294174299	0.074472046632048	0.06834154169653128	0.1264217014280735	0.04939103377660902	0.1070707091557497	0.03155824867213687	0.1772308363048131	0.118009208899068	0.03505755940561652	0.06130562496375054	0.03733930347061936	0.1439586747193846
0.2856036045843119	-0.1590466232452464	0.2878110916220928	0.9823340560654885	0.3934433976175875	0.2138924381389168	0.07134314935586891	-1.088262333906143	-0.03543499287207361	-0.1453904838261916	0.2914656766701679	0.1478333338647821	0.7317585815317522	0.02258311962310392	2.682191843371132	-0.9936529575356168	-0.5702133024322968	-1.50604631075198	0.06620761900438003	1.090182754431918	0.4250606955417653	0.07461594114958148	0.08189489801888686	0.07857483630054735	0.08720107345310141	0.0861313296226817	0.0850817661584469	0.07444788086676105	0.06818859638903271	0.1270504603716525	0.05570635161131956	0.1097210362102624	0.03133067538012473	0.1807383240285234	0.1143172271583201	0.03261166294140761	0.06525938859580763	0.03927201736024767	0.1407619737492455	0.0009359792308831922	0.06718111877243517	0.08181876930793844	0.07371011610131505	0.09361190632928512	0.08947695243674796	0.08547961427063597	0.07446837085854842	0.06833076096708544	0.1264281879628389	0.04858172361071399	0.1067648487036146	0.03161205976012355	0.1768554150189888	0.1182864941708097	0.03546400399537135	0.06077471923481374	0.03702768462299266	0.1444505192552572
0.2875732846159278	-0.1587697293663012	0.2892523304156024	0.9823764009297996	0.3987245942273627	0.211949487990232	0.07023733937519722	-1.091152506041972	-0.03530304125915139	-0.1432175196077769	0.2923006399603446	0.1332980837591964	0.7316727818402643	0.02041742839342274	2.680207994899338	-0.9791759532226091	-0.5525695417218035	-1.428498509579961	0.06775025041234277	1.116275025230318	0.4228004246140332	0.07373514087822554	0.08188667746311235	0.07799920423140864	0.08795309222390886	0.08652143142186138	0.08512434347143254	0.0744499739601473	0.06820415410167961	0.1269867249726754	0.05482698324606137	0.1093916170626197	0.03136855366405378	0.1803494393245221	0.1147490502145311	0.03298577551362833	0.06471484867437735	0.03898217856265348	0.1411593043001512	0.0009674453824070796	0.06641194653080243	0.08182285490419357	0.07314487415484053	0.09445242691535816	0.08985972506575014	0.08545575559952895	0.07446469508504885	0.06831998023763959	0.1264346744976044	0.04777241344481896	0.1064589882514795	0.03166587084811022	0.1764799937331645	0.1185637794425515	0.03587044858512618	0.06024381350587695	0.03671606577536596	0.1449423637911299
0.2895429646475438	-0.1585216068070875	0.290693469166823	0.9824145024418521	0.4040013657272159	0.2100351990058858	0.06916657415548984	-1.093889241897476	-0.03516821439936874	-0.1409928957518764	0.2931314788301215	0.1186204501001342	0.7316569402211787	0.01827395905682867	2.677696050500304	-0.9645518298394554	-0.5346307114940186	-1.35025143276001	0.06912548401947062	1.14263428158066	0.4208807821611771	0.07286717213957646	0.08187974471704929	0.07742513570130455	0.08871369954305321	0.08691039639756151	0.08516000244853353	0.07445200756278067	0.06821789393652596	0.1269261105865235	0.05395646878774567	0.1090648628691746	0.03140881601748415	0.1799613962588574	0.1151621812977481	0.03336393124882074	0.06417147059947126	0.03868936800039244	0.1415670537666251	0.0009922735086678738	0.06567225758607913	0.08182558177979048	0.07259729629707667	0.09529075008828462	0.09024138956912515	0.08543919252314155	0.07447128809354435	0.06832949137772373	0.1263629400007421	0.04700002951761133	0.1061596221563605	0.03172665766523635	0.1760994659671535	0.1188001044326957	0.0362832839567334	0.05971575286995591	0.0364016621313461	0.1454562971484976
0.2915126446791597	-0.1583025289872108	0.2921346455467392	0.9824484025634164	0.4092726593571931	0.2081498515229555	0.06813142652850207	-1.09647117619029	-0.03503083895071133	-0.138716101548381	0.2939588487499599	0.1038062563237903	0.7317109865646966	0.01615138573460287	2.674645824868889	-0.9497889686157204	-0.5164036867810751	-1.271314017769767	0.07033810190504941	1.169248449473283	0.4192780804647136	0.07201230399166032	0.08187388549277784	0.0768534333663464	0.08948182134831109	0.08729828989284748	0.0851898890051465	0.07445455514053163	0.06823115209742101	0.1268643434049555	0.05309595320911115	0.1087408382437087	0.03145159437741262	0.179573876683465	0.1155564719612775	0.03374601969944285	0.06362928669910395	0.03839376724731827	0.1419852663624871	0.001017101634928668	0.06493256864135581	0.0818283086553874	0.07204971843931282	0.09612907326121109	0.09062305407250017	0.08542262944675415	0.07447788110203983	0.06833900251780788	0.1262912055038798	0.0462276455904037	0.1058602560612415	0.03178744448236247	0.1757189382011425	0.11903642942284	0.03669611932834062	0.05918769223403487	0.03608725848732621	0.1459702305058652
0.2934823247107757	-0.1581127605053101	0.2935759971983141	0.9824781416489061	0.4145374074607038	0.2062937117278265	0.06713245903764481	-1.098896954709094	-0.03489122846904456	-0.1363866436391019	0.2947833408445561	0.08886282308816373	0.7318349444530114	0.01404855552516074	2.671045192021875	-0.9349003958535016	-0.4978969192041028	-1.191694314728035	0.0714040657948785	1.196103174415774	0.4179143164768235	0.07117047387992385	0.08186874739609754	0.07628498297366422	0.09025609231152722	0.08768549513656444	0.08521591265929303	0.0744590993703554	0.06824708514749478	0.1267921748591794	0.05224667308011938	0.1084196129585913	0.03149701090474488	0.1791866387270173	0.1159318175556093	0.03413189266381124	0.0630883820851523	0.03809562620079065	0.1424138855583441	0.001043005256580001	0.06421688662694715	0.08182694881560856	0.07152226202905614	0.09695847156813601	0.0910093792949084	0.08542848481136864	0.07451137071138271	0.06840197716632748	0.1260406303158003	0.04549506504003114	0.1055675594111191	0.03185522807724612	0.1753344640296239	0.1192323960047957	0.03711459647361829	0.05866341578955978	0.03577141830253886	0.1465043686002532
0.2954520047423916	-0.1579525433242981	0.295017662061161	0.9825037574074904	0.4197945061568891	0.2044669998240899	0.06617020849115286	-1.10116524239153	-0.03474962467803106	-0.1340040718800569	0.2956051966540935	0.07380006835590888	0.732029016240098	0.01196460690671684	2.666878690792885	-0.9199081043159665	-0.4791215561798986	-1.111398856035303	0.07236211923898955	1.223179900317587	0.4166012584488584	0.07034162396079023	0.08186402927912405	0.07572054316347489	0.09103535111276566	0.08807233907286166	0.08523970622202896	0.07446690429793559	0.06826837861833192	0.1267016021937545	0.05140967928237247	0.1081012469641799	0.03154516811211108	0.1787994704083489	0.1162881239637484	0.03452142646915386	0.06254882919052965	0.03779515603631713	0.1428528627356654	0.001068908878231333	0.06350120461253847	0.0818255889758297	0.07099480561879944	0.09778786987506093	0.09139570451731664	0.08543434017598311	0.07454486032072558	0.06846495181484709	0.1257900551277209	0.04476248448965858	0.1052748627609968	0.03192301167212976	0.1749499898581053	0.1194283625867514	0.03753307361889596	0.05813913934508469	0.0354555781177515	0.1470385066946412
0.2974216847740076	-0.1578221059342768	0.2964597783850935	0.982525286448227	0.4250428306528268	0.2026699049798574	0.0652451966342856	-1.103274712536432	-0.0346062116488285	-0.1315679587022962	0.296424390234676	0.05862680573008819	0.7322933727958126	0.009898524046385644	2.662132229094393	-0.90483289433655	-0.4600874520735885	-1.03043464079127	0.0732521868253108	1.250468497797581	0.415164195130408	0.06952573554889518	0.08185979721694511	0.0751600538966771	0.09181957397813659	0.08845860742520764	0.08526085900766915	0.07447792850967287	0.06829489419804559	0.1265935059756346	0.05058588722089499	0.1077858685908453	0.03159602073866671	0.178412627118947	0.1166256467097069	0.03491438110453494	0.06201038412535481	0.03749230419264725	0.1433028867938791	0.001125632921722858	0.06281009024468713	0.08182623772266938	0.07047410079059367	0.09862717172624019	0.09177745613157515	0.08542841894345485	0.07458415143697847	0.06853627388049509	0.1255196154623716	0.0440686769404133	0.1049901751630085	0.031995566729508	0.1745709111445754	0.1195903945540638	0.03795515777625266	0.05761334297002217	0.03513430389599018	0.1476072345158115
0.2993913648056235	-0.1577216596687624	0.2979024845818462	0.9825427620345241	0.430281226843133	0.2009025734906056	0.06435792599049794	-1.105224059018124	-0.03446108673245967	-0.1290778787152096	0.2972405257286387	0.04334728751272333	0.7326279665915758	0.007848774955037099	2.656797575620717	-0.889686616380426	-0.4407993911863101	-0.9488103388348997	0.07410038869551268	1.277977437103851	0.4134961160158138	0.06872278852748989	0.08185610767282196	0.07460346301486985	0.0926087416152454	0.08884411723392037	0.08527901970783626	0.0744921366344484	0.06832651405469527	0.1264686466455105	0.04977607242246774	0.1074735882831053	0.03164953078433043	0.1780263326315044	0.1169446018002862	0.0353105559439101	0.0614728386307558	0.03718702649967687	0.1437645543782224	0.001182356965214383	0.0621189758768358	0.08182688646950903	0.06995339596238789	0.09946647357741945	0.09215920774583365	0.08542249771092657	0.07462344255323135	0.06860759594614309	0.1252491757970223	0.04337486939116802	0.1047054875650203	0.03206812178688624	0.1741918324310454	0.1197524265213762	0.03837724193360936	0.05708754659495965	0.03481302967422885	0.1481759623369819
0.3013610448372394	-0.1576514112608329	0.2993459189256781	0.9825562152785026	0.4355085312292164	0.199165138648586	0.06350889381565474	-1.107011987592488	-0.03431431814715936	-0.1265333918252037	0.2980530970600113	0.02796367240860216	0.7330325886213281	0.005813562844032772	2.650869571879067	-0.8744753034468212	-0.4212599976463697	-0.8665354533124699	0.07492032529261569	1.30571503961327	0.411557790081212	0.06793299099240561	0.08185333093595989	0.07405019187234267	0.09340365380711901	0.08922816188743513	0.08529219189304271	0.07450796952511268	0.06835990852089933	0.1263368894638186	0.04898095227500749	0.1071645655319456	0.03170556770502755	0.1776406870678134	0.1172454044582819	0.03570964161967367	0.06093609813264014	0.0368794114707845	0.1442383010738379	0.001120986844680758	0.06145629516207014	0.08183516953252694	0.06943018195319363	0.1003304498426062	0.0925267509012989	0.08537505238049083	0.07464190305020524	0.06863172261400395	0.1251335775324755	0.04271976085806108	0.104429854810949	0.03214391813721342	0.1738158919108739	0.1198845562666336	0.03880090971493548	0.05656189902350289	0.03448841614345778	0.148776978647688
0.3033307248688553	-0.1576115708946406	0.3007902186074909	0.9825656716216205	0.4407235792788301	0.1974577397511427	0.06269860036084972	-1.108637231567816	-0.03416598096176936	-0.1239340410961249	0.2988616976844691	0.01247117321958562	0.7335066228386542	0.003790365992961232	2.644352589565626	-0.8591883487267059	-0.4014643659759027	-0.7836214636291329	0.07569317854619909	1.333685812199656	0.4094642492859569	0.06715651708856812	0.0818517834275682	0.07349974428152579	0.09420499312074311	0.08961013795387272	0.08529866786346793	0.07452409801244611	0.06839224504489627	0.1262067724365178	0.04820113241983176	0.1068589376129607	0.03176402193123935	0.177255778094526	0.1175284086436836	0.03611137930013576	0.06040008184117949	0.03656953399843121	0.144724504305201	0.001059616724147133	0.06079361444730448	0.08184345259554486	0.06890696794399938	0.1011944261077929	0.09289429405676418	0.08532760705005511	0.07466036354717913	0.06865584928186483	0.1250179792679287	0.04206465232495415	0.1041542220568777	0.0322197144875406	0.1734399513907023	0.1200166860118909	0.0392245774962616	0.05603625145204614	0.03416380261268672	0.1493779949583942
0.3053004049004713	-0.157602357872086	0.3022355198755716	0.9825711529345124	0.445925215981161	0.1957805359659796	0.06192755548065518	-1.110098539882262	-0.03401618552746484	-0.1212793680777095	0.2996661118880266	-0.003137200104043909	0.7340493479600447	0.001776495128511207	2.637254105359943	-0.8438104220398007	-0.3814051066865507	-0.7000799078831623	0.07639093227099725	1.361882343609556	0.407358976473734	0.06639376148556686	0.08185152957458966	0.07295240599929673	0.09501217401662244	0.08998963012241883	0.08529816286023342	0.0745397764265975	0.06842202461361739	0.1260835959568359	0.04743748677447962	0.1065567979817774	0.03182493892723204	0.1768715261409265	0.1177936434987063	0.03651551705554086	0.05986507331666038	0.03625782116992929	0.1452227053971201	0.001053458798646596	0.06016332965650519	0.08185533342366283	0.06839422632005836	0.1020611373180073	0.09325016877166024	0.0852616956551754	0.07466640573782851	0.06865200346105862	0.1250067188046101	0.0414533711407076	0.1038870075983625	0.03230108807863798	0.1730638292025002	0.1201132815975969	0.03964958928510896	0.05551683296660709	0.03384164307991391	0.1499954520521808
0.3072700849320872	-0.1576240078810883	0.3036819570665547	0.9825726742701534	0.4511123045246614	0.1941337258232387	0.06119628606355305	-1.111394690228056	-0.03386512205500321	-0.1185689661692529	0.3004665344361595	-0.01886693767493849	0.7346600293883256	-0.0002305525739659126	2.629580504003973	-0.8283268743114653	-0.361076635546294	-0.6159211458697678	0.07698078134058875	1.390272557881387	0.4054111093823149	0.0656450577621413	0.08185262441937133	0.07240842113739386	0.09582469848721231	0.09036628343311277	0.08529043296534418	0.07455436910001367	0.06844797194262635	0.1259719469872641	0.04669075306093413	0.1062582269105408	0.03188835685332866	0.1764878614565377	0.1180411309215165	0.03692184406979137	0.05933131414555159	0.03594463351505722	0.1457325076931894	0.001047300873146059	0.0595330448657059	0.0818672142517808	0.06788148469611734	0.1029278485282216	0.09360604348655632	0.0851957842602957	0.07467244792847789	0.06864815764025244	0.1249954583412915	0.04084208995646105	0.1036197931398472	0.03238246166973537	0.1726877070142981	0.1202098771833028	0.04007460107395632	0.05499741448116804	0.0335194835471411	0.1506129091459676
0.3092397649637032	-0.1576767634947451	0.305129663564346	0.9825702474699372	0.4562837161325673	0.1925175266808769	0.06050532599440168	-1.112524473450923	-0.033713024514038	-0.1158024742975972	0.3012633734467243	-0.03472115337492718	0.7353380649414527	-0.002232970156228366	2.621334938460365	-0.8127283977053741	-0.3404759020613209	-0.5311543856174767	0.07743865789262951	1.418829076804371	0.4037289672196003	0.06491059446380291	0.08185468631801572	0.0718689653606021	0.09664049284102375	0.09074027549813116	0.0852774564842069	0.07456899961943579	0.06847268579184397	0.1258626810867896	0.04596189253472167	0.1059632406628786	0.03195450605447646	0.1761045651360122	0.1182705109838757	0.0373301962270801	0.05879876647350931	0.03563014456261353	0.146254340350672	0.001214038887533919	0.05893303571283489	0.08187504294965157	0.06739569634412175	0.1037680187410273	0.09395932158373341	0.08515063175936412	0.07469592124736214	0.06868145913817574	0.1248328123658016	0.0402791753140477	0.1033599149695089	0.0324725412731045	0.1723082571249102	0.1202637772367362	0.04050142688553445	0.05447979266320013	0.03319722555896562	0.1512625148462012
0.3112094449953191	-0.1577608635985242	0.3065787717546702	0.9825638798889652	0.4614383146844369	0.1909321546418363	0.05985520417411239	-1.113486700582134	-0.03356014499173941	-0.1129795837208755	0.3020571055726775	-0.05069392504855759	0.7360832966377348	-0.004231981078649719	2.612508663169552	-0.7970252554105811	-0.3196097521830343	-0.4457857912511949	0.07777483101713566	1.44753942590095	0.4022564260294913	0.06419052844482195	0.08185738915010587	0.07133504400201511	0.09745778941383972	0.09111175769209259	0.08526092550641343	0.07458462582402772	0.06849837701275573	0.1257478848126531	0.0452517158292668	0.1056718529263535	0.03202357985998332	0.1757214454301447	0.1184814704655	0.03774043622590846	0.05826739783933381	0.03531450082112891	0.1467885754224248	0.001380776901921778	0.05833302655996389	0.08188287164752235	0.06690990799212616	0.1046081889538329	0.09431259968091051	0.08510547925843254	0.07471939456624638	0.06871476063609903	0.1246701663903117	0.03971626067163435	0.1031000367991706	0.03256262087647364	0.1719288072355223	0.1203176772901697	0.04092825269711258	0.05396217084523222	0.03287496757079014	0.1519121205464349
0.3131791250269351	-0.1578765345570849	0.3080294139719254	0.9825535777233473	0.4665749467091376	0.1893778038858129	0.05924643507599813	-1.114280189535446	-0.03340671024351233	-0.1101000002037996	0.3028480889581765	-0.06677434097023356	0.7368957040498192	-0.006228350047459566	2.603087040868589	-0.7812364309025583	-0.2984908343557578	-0.3598202853713541	0.07801193414686054	1.47638714676166	0.4008959070320412	0.0634845470360809	0.08186052566209638	0.070807038785428	0.09827568310720106	0.09148099098875603	0.08524194518532389	0.07460208989187848	0.06852689176951966	0.1256213701992598	0.04456069606181956	0.105384111252923	0.03209560486768011	0.1753384135068788	0.1186741313588226	0.0381523428617165	0.05773742181242758	0.03499807068269986	0.1473350637812774	0.00126263882063095	0.05775541457656483	0.08188831688295746	0.0664415124763158	0.1054349871701096	0.0946654583705716	0.08507288994005339	0.0747595571969504	0.06878186716431775	0.1243785986119851	0.03919710042524434	0.1028481329436306	0.03265899707450231	0.171547887885686	0.1203366571297832	0.04135534674478007	0.0534504592207215	0.03255637774539644	0.1525841705195125
0.315148805058551	-0.1580239739755271	0.3094817225532241	0.9825393452616604	0.4716924206784486	0.1878546148301581	0.05867950000532595	-1.114903770331969	-0.03325287235190782	-0.1071634890971077	0.3036363504223446	-0.08295140820359249	0.7377753097480905	-0.008222764746595789	2.593055722912486	-0.7653838876653608	-0.2771317625356007	-0.2732621650559408	0.07818420539936524	1.505343321872172	0.3994926453846601	0.06279237860140449	0.08186391875699803	0.0702852751341411	0.09909340189104514	0.09184819810104031	0.08522146092568426	0.07462210976273495	0.06855980069387906	0.1254777821132234	0.04388922795981987	0.105100056299482	0.03217060340318079	0.1749553915662006	0.1188485957781403	0.03856573087938185	0.05720902010462688	0.03468116492712217	0.1478936768581479	0.001144500739340122	0.05717780259316576	0.08189376211839255	0.06597311696050547	0.1062617853863863	0.09501831706023266	0.08504030062167425	0.07479971982765443	0.06884897369253644	0.1240870308336585	0.03867794017885432	0.1025962290880907	0.03275537327253098	0.1711669685358496	0.1203556369693968	0.04178244079244756	0.05293874759621078	0.03223778792000272	0.1532562204925901
0.3171184850901669	-0.1582033676404485	0.310935829829056	0.9825211856658722	0.4767895295456901	0.186362701668166	0.05815486686303772	-1.115356278990642	-0.03309873622405257	-0.1041698592608891	0.3044217141677887	-0.09922046273557204	0.738721955400065	-0.0102164995502629	2.58240854521088	-0.7494800603959781	-0.2555377847965588	-0.1861170129086374	0.07831833462727844	1.534368951569274	0.3979460475938252	0.06211355897288123	0.08186781131061856	0.06976899672331957	0.09991198730869	0.09221320259623667	0.08519827057106011	0.07464366218072004	0.06859483521699596	0.1253263887734041	0.04323725536281554	0.1048197921768508	0.03224831444963012	0.1745727153192717	0.119005546437955	0.03898026514659647	0.05668264721156169	0.03436431176082439	0.1484636959337507	0.001213509566705049	0.05661892894709439	0.08190401596436718	0.06550379347975663	0.1071071947287183	0.09536387215774295	0.08498331806788936	0.07482714530010964	0.0688857508389846	0.1239380735802995	0.03819557065091515	0.102353516954355	0.03285353962503444	0.1707929405097504	0.1203507830467307	0.04220711560204173	0.05243777057469898	0.03192676626806608	0.1539389382853644
0.319088165121783	-0.1584149013021142	0.3123918671101231	0.9824990975585347	0.4818650668712484	0.1849021711577192	0.05767300323734372	-1.115636569282527	-0.03294437884812812	-0.101119046995511	0.3052039449521779	-0.1155861413588756	0.7397350227179204	-0.01221173708197396	2.57115213470565	-0.7335181764571868	-0.2337038906688313	-0.09839276545823857	0.07840889471706984	1.563405981663597	0.3963114336371004	0.06144768762370356	0.08187241085386489	0.06925755578844164	0.1007323285598399	0.09257585345249968	0.0851713456592751	0.07466587485864867	0.06863006539348931	0.1251752107371222	0.04260472337319824	0.1045434082721411	0.03232851895003316	0.1741906786966492	0.1191455692752473	0.03939566472380692	0.05615868983536532	0.03404795656675548	0.1490444992704435	0.001282518394069977	0.05606005530102302	0.08191426981034182	0.06503446999900776	0.1079526040710503	0.09570942725525323	0.08492633551410446	0.07485457077256485	0.06892252798543277	0.1237891163269404	0.03771320112297598	0.1021108048206194	0.03295170597753791	0.1704189124836512	0.1203459291240645	0.04263179041163589	0.05193679355318718	0.03161574461612944	0.1546216560781387
0.3210578451533989	-0.1586587688616356	0.3138499647673425	0.9824730764907464	0.4869178377934615	0.1834731439836888	0.05723438549563601	-1.115743506025723	-0.03278989488882297	-0.09801106560328031	0.3059829230393407	-0.1320545182715015	0.7408137791168723	-0.01421079821249623	2.559295055934942	-0.7174869525878952	-0.2116235992851701	-0.01009791029709406	0.07843890752340134	1.592406038440354	0.3946863557991105	0.06079467075937153	0.08187790564044606	0.06875065756354547	0.1015548366407022	0.09293574533382411	0.08513962657570555	0.07468749156148395	0.06866296041136326	0.1250308681551083	0.04199164611701512	0.1042709512051392	0.03241108645271701	0.173809608784117	0.1192690216567988	0.0398116469861954	0.055637155923034	0.03373226688252172	0.1496365705204871	0.001385122995589017	0.05552460462241574	0.08192926797888851	0.06456948518462345	0.1088091570732598	0.09604287791555867	0.08484303472948369	0.07486139305636623	0.0689160281416463	0.12376660258235	0.03726863628332475	0.101876608886306	0.03305279024126224	0.1700528353157203	0.1203137259336744	0.0430536314227613	0.05144065676034748	0.03130839566071916	0.1553360310986887
0.3230275251850148	-0.1589351834288106	0.3153102510669423	0.982443111643751	0.4919466738967236	0.1820757790909776	0.05683951061050976	-1.115675977308298	-0.03263544202258643	-0.09484602342369347	0.3067588684192487	-0.1486341490495326	0.7419573542978435	-0.01621621313210217	2.546848886109764	-0.7013685325400213	-0.1892876980573218	0.07875831858287163	0.07837736122290756	1.62134512119373	0.3932319933494268	0.06015442460398684	0.08188445652851993	0.06824804928548983	0.1023798629990116	0.09329253141429476	0.08510220662222097	0.07470744136778409	0.06869136710929503	0.1248990894608774	0.04139802855098301	0.1040024607915953	0.03249590749024614	0.1734297918864591	0.1193762095034822	0.04022797488367178	0.05511805181237225	0.03341738385759497	0.150240329237823	0.001487727597108056	0.05498915394380845	0.08194426614743518	0.06410450037023913	0.1096657100754692	0.0963763285758641	0.08475973394486294	0.07486821534016758	0.0689095282978598	0.1237440888377596	0.03682407144367353	0.1016424129519926	0.03315387450498657	0.1696867581477895	0.1202815227432844	0.04347547243388671	0.05094451996750778	0.03100104670530889	0.1560504061192388
0.3249972052166308	-0.1592443690689019	0.3167728531125282	0.9824091889263535	0.4969504216914326	0.1807102593784882	0.0564888872637133	-1.115432883181638	-0.03248122219842582	-0.09162405737199646	0.3075322195394855	-0.1653300381099062	0.7431649854732749	-0.01823012583831755	2.533820975293665	-0.6851504446627601	-0.1666910414570895	0.1681679351497554	0.07819702131306872	1.650193077722667	0.3920794808173765	0.05952727007203153	0.08189174874060448	0.06775085295541224	0.1032053841540525	0.09364623275739138	0.08506074020765668	0.07472611619045842	0.06871644218914637	0.1247761087000725	0.04082424559276696	0.103737838834991	0.03258325015290457	0.1730507346866914	0.1194668512797933	0.04064457296836348	0.05460179400805183	0.03310381379298912	0.1508552270795324	0.001484564683560445	0.05448385193978407	0.0819558101615586	0.0636672172441899	0.1104903470443738	0.0967038364826651	0.08469448008743423	0.07487853623387727	0.06891398827592636	0.1236748940758746	0.03642331312569454	0.101414243130831	0.03326378215577641	0.169313077509483	0.1202113068572809	0.04389678583417605	0.05046011319484562	0.0307034114115537	0.1567779179456993
0.3269668852482467	-0.1595865498179232	0.3182378965473589	0.982371289971139	0.5019279309413012	0.1793767767743862	0.05618302296870518	-1.115013140388404	-0.03232747904819441	-0.08834540740070367	0.3083036304012943	-0.1821371599332842	0.7444363232370531	-0.02025364896516424	2.520206452491345	-0.6688382818341838	-0.1438396634691724	0.2581262138323149	0.07789337493058099	1.678901595031043	0.3912618535884375	0.05891347726093611	0.08189951330916199	0.06726002626211572	0.1040296715363436	0.09399686700521985	0.08501664270575519	0.07474385007886039	0.06873916958093838	0.1246586667135362	0.04027060794988652	0.1034770003848558	0.03267333947176357	0.1726720053165746	0.1195407019928218	0.04106137795067678	0.05408873642768937	0.03279198322563105	0.1514807898496334	0.001481401770012833	0.05397854993575969	0.08196735417568204	0.06322993411814068	0.1113149840132784	0.09703134438946612	0.0846292262300055	0.07488885712758696	0.06891844825399293	0.1236056993139895	0.03602255480771557	0.1011860733096693	0.03337368980656625	0.1689393968711764	0.1201410909712774	0.04431809923446539	0.04997570642218346	0.03040577611779851	0.1575054297721598
0.3289365652798626	-0.1599619401462883	0.3197055066952678	0.9823293952772957	0.5068780413941939	0.1780755100814767	0.05592241406557881	-1.114415670713023	-0.03217445396696589	-0.08501038601861438	0.3090737583149881	-0.1990444965904424	0.7457712989809507	-0.02228726468371944	2.505993168092482	-0.652449497241363	-0.1207461825264254	0.348630528696855	0.07747921644221743	1.707403558581652	0.3907305759500955	0.05831354628692159	0.0819070925690759	0.06677748393133238	0.1048492069956599	0.09434487095255392	0.08497354517691801	0.07476266469638473	0.06876407646328722	0.1245333468070948	0.03973760800262832	0.1032197235074007	0.03276670006476558	0.1722921648272817	0.119597108641273	0.04147849368396334	0.05357984221713648	0.03248281126642524	0.1521152128165225	0.001497676826815211	0.05350758920175359	0.08196820947092232	0.06283801338355255	0.112072296605736	0.09736051192023551	0.08462332205008567	0.07493258567992685	0.06899634389558781	0.1232923072548327	0.03566891051907731	0.1009612989866853	0.03349752766160975	0.1685370043504248	0.1200248451432411	0.04474152707453648	0.0495136769835913	0.03012629525049113	0.1582190875694716
0.3309062453114786	-0.1603707046688694	0.3211758096028617	0.9822834861229389	0.5117995355606894	0.1768065524865049	0.05570750048406984	-1.113639396832336	-0.03202229928917467	-0.08161953167400848	0.3098428963558477	-0.2160250987819169	0.7471705317462989	-0.02432989759850419	2.491149682961784	-0.6360318386169115	-0.09744093918343737	0.4396828260935282	0.07700957664061607	1.735594018186307	0.3902567919637101	0.05772789964046966	0.08191392455562152	0.06630485966035335	0.1056609822334813	0.09469061790642552	0.08493455442247898	0.07478428356713385	0.06879501480461581	0.1243885415846687	0.03922565547902965	0.1029658167177078	0.03286377227241984	0.1719099538548968	0.119635505560902	0.041896007402115	0.05307592985856747	0.03217707196212284	0.1527569333638023	0.001513951883617589	0.0530366284677475	0.0819690647661626	0.06244609264896443	0.1128296091981936	0.0976896794510049	0.08461741787016584	0.07497631423226672	0.06907423953718271	0.1229789151956759	0.03531526623043905	0.1007365246637014	0.03362136551665323	0.1681346118296732	0.1199085993152049	0.04516495491460757	0.04905164754499914	0.02984681438318374	0.1589327453667834
0.3328759253430945	-0.1608129676832181	0.3226489323392687	0.9822335456467072	0.5166911486837917	0.1755699252431134	0.05553867682010664	-1.112683237687525	-0.03187108184442169	-0.0781735279485599	0.3106109968646559	-0.2330474561310326	0.748634815489678	-0.02638011298469757	2.475639125422407	-0.6196405868840406	-0.07395939997976292	0.5312856498298598	0.07654805583791753	1.763368020398646	0.3896055296443387	0.05715702833884816	0.08191989333321341	0.0658429297899024	0.1064632968067657	0.09503370338083686	0.08490021989828482	0.07480904181242072	0.06883279728462231	0.1242221699428612	0.03873480635801773	0.1027150790729461	0.03296488405553581	0.1715248317639993	0.1196556314451924	0.04231399003040405	0.05257765544313402	0.0318754028155445	0.1534048438007019	0.001528527122954877	0.05260166138488487	0.08196637389260726	0.06208686122255554	0.1135393941614736	0.09800693366824259	0.08462948435503156	0.07503150574257259	0.06917824054986851	0.1225872302970942	0.0350034667504263	0.1005147202701717	0.0337579249865904	0.1677165411340645	0.1197513252640481	0.04559035244507419	0.04861029765263251	0.02958429095355616	0.1596394100404547
0.3348456053747105	-0.1612887653033347	0.3241250042027057	0.98217956109944	0.5215515131949521	0.1743654989767519	0.05541623828523282	-1.111546105838866	-0.03172070694639702	-0.0746733251672777	0.3113774481304291	-0.250075921400452	0.7501650539042497	-0.02843621374528005	2.459420069180018	-0.6033351753657838	-0.05034178609997596	0.6234413158334059	0.0761540617172624	1.790627380471679	0.3885821861371674	0.05660134658956864	0.08192489982757965	0.06539235480013433	0.1072546938177521	0.09537378106098754	0.08487101150388782	0.07483722506209711	0.06887811504503101	0.1240324291441021	0.03826510076473533	0.102467337247875	0.03307031068949522	0.171136325583266	0.1196572584985231	0.04273250120117399	0.05208557569514576	0.03157834021157128	0.1540579850554517	0.001543102362292165	0.05216669430202222	0.08196368301905194	0.06172762979614667	0.1142491791247536	0.09832418788548027	0.08464155083989727	0.07508669725287842	0.0692822415625543	0.1221955453985126	0.03469166727041356	0.1002929158766421	0.03389448445652757	0.1672984704384558	0.1195940512128913	0.04601574997554081	0.04816894776026587	0.02932176752392857	0.160346074714126
0.3368152854063264	-0.1617980863686241	0.3256041556833301	0.9821215219485043	0.5263792067565934	0.1731930664042318	0.05534042673346076	-1.110226911188838	-0.03157100466543891	-0.07111999916232321	0.3121414100812769	-0.267077926165087	0.7517619949943429	-0.03049686601479459	2.442455288197838	-0.5871677411542285	-0.02662492680939307	0.7161506596013639	0.0758732408673311	1.817281221898524	0.3870727884483946	0.05606077143957614	0.08192944045247556	0.06495223612439974	0.1080367785422768	0.09570997389760437	0.08484425426078676	0.07486701458615437	0.06892704217471898	0.1238307970168767	0.03781593806403875	0.1022224725997299	0.03317995283739465	0.1707447295546383	0.1196409749495501	0.04315147609858466	0.05160011940596169	0.03128628349431424	0.1547157612563078	0.001613117468269754	0.05175983289269741	0.0819678478936581	0.061375182896122	0.1149659716281173	0.09861942993750079	0.08461628232881833	0.07511699202305064	0.06933356566154401	0.1219756200067575	0.03441134003839033	0.1000748562033838	0.03403812689323812	0.1668797378561103	0.1194108649312467	0.04644116166433838	0.04774683002163913	0.02907469384767215	0.1610516375545029
0.3387849654379423	-0.1623408486609733	0.3270865185192071	0.9820594196955766	0.5311727283329624	0.1720523151373732	0.05531140322008137	-1.108724566456029	-0.03142174088205516	-0.06751484452788074	0.3129020025240382	-0.2840319248563897	0.7534258411325447	-0.032561854397904	2.424722075752157	-0.5711661905950414	-0.002833525210772376	0.8094107009414933	0.07570883150032587	1.843253824589119	0.3851607586250361	0.0555352279759324	0.08193393938645437	0.06452180483252092	0.1088109220946855	0.09604153096677542	0.08481765969248646	0.07489685990836306	0.06897623857266739	0.1236272055288201	0.03738680365448501	0.1019803827362509	0.03329372712830937	0.1703503013112365	0.1196072866110539	0.04357086033365716	0.0511216496501852	0.03099956818324392	0.1553776565588774	0.001683132574247343	0.05135297148337261	0.08197201276826427	0.06102273599609732	0.115682764131481	0.09891467198952131	0.0845910138177394	0.07514728679322286	0.06938488976053374	0.1217556946150024	0.03413101280636711	0.09985679653012555	0.03418176932994868	0.1664610052737648	0.1192276786496022	0.04686657335313595	0.04732471228301238	0.02882762017141573	0.1617572003948799
0.3407546454695583	-0.1629169448922937	0.3285722245403478	0.9819932458147483	0.5359305513893315	0.1709429035041625	0.05532929985970712	-1.107037989336993	-0.03127269111668543	-0.06385925270521373	0.3136585072011895	-0.300921578524237	0.7551565547092811	-0.03463140012252058	2.406204565362085	-0.5553483929907614	0.02101346158715229	0.9032172355857306	0.07564921295158032	1.868468222663597	0.3829728298446205	0.05502382994058332	0.08193873232334981	0.06409982283453028	0.1095796618986135	0.09636842886441439	0.08478968756080243	0.07492608576574215	0.06902395396651226	0.1234283050676664	0.03697679893916499	0.1017409197840276	0.03341135790072619	0.1699533303109035	0.1195570776059154	0.04399060155089413	0.05065075984305697	0.03071869164144817	0.1560426750650889	0.001702176885639832	0.050960454652864	0.08198203114511844	0.06066805438645013	0.1164301269105514	0.09920006867232303	0.08453869559120064	0.07516590718628489	0.06940654269811716	0.1216581867838188	0.03387526445436017	0.09964151208413749	0.0343292995420796	0.1660425895682357	0.1190264098077807	0.04729195855984127	0.04692610628295095	0.0285990047548222	0.1624513856904118
0.3427243255011742	-0.1635262409052706	0.3300614048915282	0.9819229899210498	0.540651128166337	0.1698644685469997	0.05539421709864551	-1.10516611148983	-0.03112368398542619	-0.06015482457395702	0.314410606094475	-0.3177427654332955	0.7569536514574702	-0.03670669785068461	2.386902461849027	-0.5397126868215574	0.0449108755089941	0.9975638350206832	0.07566556762833886	1.892841886626782	0.380687093697839	0.05452581922403769	0.08194410610386094	0.06368523255870839	0.1103451691870482	0.09669064701859954	0.08475902036641879	0.07495411653285113	0.06906869935995431	0.1232398504701986	0.03658515881730132	0.1015039562263603	0.03353261380887429	0.1695540699302642	0.1194911098114238	0.04441065580360959	0.05018795251113579	0.03044407164062189	0.1567099539299916	0.001721221197032322	0.05056793782235539	0.08199204952197262	0.06031337277680292	0.1171774896896218	0.09948546535512474	0.08448637736466189	0.07518452757934696	0.0694281956357006	0.1215606789526352	0.03361951610235323	0.09942622763814941	0.03447682975421051	0.1656241738627066	0.1188251409659592	0.04771734376654659	0.04652750028288952	0.02837038933822867	0.1631455709859438
0.3446940055327901	-0.1641686010134663	0.3315541899501133	0.9818486397808989	0.5453329153958086	0.1688166553977977	0.055506253023224	-1.103107873567395	-0.03097459074144854	-0.0564032712955492	0.3151582150985253	-0.3344956767217483	0.7588165454577915	-0.03878918556803541	2.366820724723341	-0.5242527090600229	0.06885856335633622	1.092443824268265	0.07573141647994615	1.91628972659565	0.3784333695695213	0.05403968538632889	0.08195002275163403	0.06327698855946683	0.1111080878236318	0.09700895428825018	0.08472551373936256	0.07498234662850817	0.06911312576076395	0.1230544038731984	0.03621094273385039	0.1012692598949437	0.0336572435346704	0.1691533845851639	0.1194098690620505	0.04483110270349126	0.04973378276637916	0.03017616282483537	0.1573780668233303	0.001719743506114731	0.05017616785596807	0.08200255762544541	0.05995530368320011	0.1179300817503714	0.09977531691897562	0.08442610517447642	0.07522510067561458	0.06948966936720241	0.1213427256133583	0.03338452166743981	0.09921163366576315	0.03462762330944355	0.1652188204655625	0.118601603058937	0.04814467590081953	0.04615389913367103	0.02816135172501243	0.1638159207269007
0.3466636855644061	-0.1648438976510378	0.3330507084866116	0.9817701790679234	0.5499743918366453	0.1677991289620347	0.05566551440616761	-1.100862233538983	-0.0308253240829963	-0.05260653296990173	0.3159014043108563	-0.3511863051265331	0.7607445989625992	-0.04088054209261566	2.345971168733807	-0.5089597647956829	0.09286329308241625	1.18785069118948	0.07584167448501217	1.938722482909002	0.376199287653816	0.05356414072435602	0.08195644981139873	0.06287419845115134	0.1118689686714051	0.09732400844100719	0.08468904410967014	0.07501196477667006	0.06915948855820896	0.1228655295189208	0.03585335165922182	0.1010366307632062	0.03378503621173944	0.1687520305637674	0.1193137737029421	0.04525200924735277	0.04928872012135054	0.02991534673261223	0.1580457771860081	0.00171826581519714	0.04978439788958075	0.0820130657289182	0.05959723458959731	0.1186826738111209	0.1000651684828265	0.08436583298429097	0.0752656737718822	0.06955114309870421	0.1211247722740813	0.03314952723252637	0.09899703969337686	0.03477841686467659	0.1648134670684183	0.1183780651519148	0.04857200803509248	0.04578029798445255	0.02795231411179619	0.1644862704678577
0.3486333655960221	-0.1655520135101166	0.3345510884124989	0.9816875891249289	0.5545740545012855	0.1668115668976179	0.05587211976642126	-1.098428158019343	-0.03067579614670498	-0.04876666408379357	0.3166401827733867	-0.367825184250256	0.7627371042662034	-0.042982738039763	2.3243707356144	-0.4938214072467497	0.116937201129267	1.283777517003989	0.07600044604814735	1.96006365371523	0.373910735761692	0.0530974127220269	0.08196362247253114	0.06247498938419902	0.1126294029750557	0.09763641490875836	0.08464783458128408	0.07504425378348799	0.06920980931693935	0.1226618376157779	0.03551106445145898	0.1008058273889632	0.03391543679618618	0.1683506421662428	0.1192035531290321	0.04567341127273464	0.04885293271817413	0.02966176055032359	0.1587130891756023	0.001779491751643425	0.04938360832081918	0.0820287537684974	0.05921790863963391	0.1194606539904229	0.10035942077741	0.0842680546840774	0.07533143504225691	0.06965142773981542	0.1206839101394215	0.03292582445378073	0.09878211580871869	0.03492666249857816	0.1644196667080494	0.1181386931389142	0.04900086849372284	0.0454272771905128	0.02775944570295353	0.1651558646139519
0.3506030456276381	-0.166292871327032	0.3360554555170059	0.9816008452790679	0.5591304589384904	0.1658536916739036	0.05612623393393951	-1.095804632967225	-0.03052588985912849	-0.04488588105042653	0.3173742124283051	-0.3844322703631088	0.7647931531283593	-0.04509838343277301	2.302047054520542	-0.4788159670459698	0.1411034127572565	1.380216490566101	0.07622588237477004	1.98026642730354	0.3713774423679373	0.05263799251308829	0.08197174168738418	0.06207776467264119	0.1133907541792632	0.09794669185444052	0.08460036493346806	0.07508030726871764	0.06926580803911887	0.1224334727580862	0.03518296238356845	0.1005766418303526	0.03404797947777351	0.1679497741785414	0.1190798364314527	0.04609533900490351	0.04842656127989071	0.02941551855269524	0.1593800063756358	0.001840717688089709	0.04898281875205761	0.08204444180807663	0.05883858268967052	0.1202386341697248	0.1006536730719935	0.08417027638386382	0.07539719631263161	0.06975171238092662	0.1202430480047616	0.0327021216750351	0.09856719192406052	0.03507490813247972	0.1640258663476803	0.1178993211259136	0.0494297289523532	0.04507425639657303	0.02756657729411086	0.1658254587600461
0.352572725659254	-0.167066423939213	0.3375639342806895	0.9815099190891529	0.5636422017940089	0.1649252589660647	0.05642805657196647	-1.092990655274189	-0.03037546118756028	-0.04096645934872779	0.3181029080415174	-0.4010368919960811	0.7669114288510167	-0.04723099959032706	2.279040057198522	-0.4639049396138826	0.1653955128049602	1.477157671422174	0.0765188499853262	1.999271910643176	0.3685259045965381	0.05218527736575566	0.0819819433775979	0.06168020191661609	0.1141604842390589	0.09825370808991657	0.08454155701350534	0.07511769810141139	0.06932160008331574	0.1222033196650829	0.03486774398478551	0.1003489749535538	0.03418203242984761	0.167551634324227	0.118944622262185	0.04651774833809633	0.04801032528515378	0.02917717040452877	0.160044612748414	0.001963287258846171	0.04858621695468796	0.08208212161709431	0.05842358678150024	0.1211579807863334	0.1009230090673498	0.08396973941418846	0.07542810446645207	0.06976171348730817	0.1201871636545015	0.03248530184085323	0.09835365750915447	0.03521729838303223	0.1636778687581384	0.1176707977670551	0.04985892927684812	0.04475156343441868	0.0273969450242975	0.1664558373954777
0.3545424056908699	-0.1678727316745533	0.3390766442441379	0.9814147699649933	0.5681080247499171	0.1640261881662624	0.05677790921619762	-1.089985254896086	-0.03022446126902928	-0.03701087285339021	0.3188259312253604	-0.4176915843399691	0.769089485990842	-0.04938631760464564	2.255420269497152	-0.4490021457044699	0.1898727334430634	1.57458581937769	0.07680600675545586	2.016987912371375	0.3656176114432374	0.05173875370388321	0.08199519816779985	0.06128032233112861	0.1149449921691897	0.09855649441866052	0.08446706546483941	0.07515435714240405	0.06937217876363749	0.1219911793860168	0.03456430854116549	0.1001227413571907	0.03431706523768153	0.1671581533386489	0.1187996369241711	0.04694060221385622	0.04760483287379509	0.02894717707832554	0.1607052457437338	0.002085856829602632	0.04818961515731831	0.082119801426112	0.05800859087332995	0.1220773274029419	0.1011923450627062	0.08376920244451312	0.07545901262027252	0.06977171459368971	0.1201312793042414	0.03226848200667137	0.09814012309424844	0.03535968863358474	0.1633298711685965	0.1174422744081965	0.05028812960134305	0.04442887047226431	0.02722731275448413	0.1670862160309094
0.3565120857224858	-0.1687119277481993	0.3405937014722036	0.98131534942911	0.5725267674118104	0.1631565223063441	0.05717619529865474	-1.086787482648165	-0.03007296044837253	-0.03302172334989344	0.3195433639230484	-0.4344402240713702	0.7713250461224722	-0.05156929877917601	2.231247758384065	-0.4340292391466553	0.2145841555532197	1.6724874578023	0.07700250877877896	2.033320762219053	0.3629385073001403	0.05130103578310333	0.08201150733691651	0.06088041520422419	0.1157404810497562	0.09885330106253494	0.08437695506929931	0.07518969882022028	0.06941651954316291	0.1218011200038541	0.03427351612491986	0.09989738296296569	0.03445434611516382	0.1667658501386895	0.1186434176025992	0.04736460212642834	0.0472106948137762	0.02872603039115343	0.1613598898119266	0.001952636225944765	0.04784871014203637	0.08216361454303692	0.05762797457427231	0.1229561699192155	0.101421215760486	0.08353854968369639	0.0754782300618974	0.06975356867604854	0.1201881030152153	0.03208867866807898	0.09791923090182802	0.035524456240595	0.1629205437064923	0.1171667739577569	0.05072982953271176	0.04413730801007249	0.02708199848663479	0.1676679477285447
0.3584817657541018	-0.1695842142790275	0.3421152175613728	0.9812116000184073	0.5768973697288221	0.162316447669884	0.05762339445188239	-1.083396415639356	-0.02992122642258089	-0.02900185529759111	0.320255991209249	-0.4512914228228934	0.7736169842716405	-0.05378182602260525	2.206538891627989	-0.4189554509722116	0.2395387453665403	1.770856037255976	0.07704289058127449	2.048179318895523	0.3607381654490385	0.0508743423639017	0.08203087192876207	0.06048243047617857	0.1165436961877445	0.09914262832932094	0.08427127980650394	0.07522322394460625	0.06945375041215422	0.1216366568404317	0.0339960891540932	0.0996724195281084	0.03459493980332379	0.166371680674154	0.1184746999575748	0.04779033849218263	0.04682842649571653	0.02851414237827391	0.1620067948479307	0.001819415622286896	0.04750780512675443	0.08220742765996183	0.05724735827521468	0.123835012435489	0.1016500864582657	0.08330789692287967	0.07549744750352225	0.06973542275840737	0.1202449267261892	0.03190887532948658	0.09769833870940763	0.03568922384760526	0.1625112162443882	0.1168912735073174	0.05117152946408048	0.04384574554788066	0.02693668421878545	0.16824967942618
0.3604514457857178	-0.1704897916527906	0.3436413030889831	0.9811034629762154	0.5812187766323887	0.1615061726489552	0.05811998333315412	-1.079811136834481	-0.02976960400736236	-0.02495422343943203	0.3209648835044027	-0.4682240630776861	0.7759653018182709	-0.05602311553343822	2.181272259344437	-0.4037953897658541	0.2647119771123067	1.869690934784674	0.07689644618352802	2.061503412303462	0.3591152216004244	0.0504628910341156	0.08205207386888495	0.06009210204883268	0.1173379998699917	0.09942257417728659	0.08415532948106182	0.07525764635634087	0.06949009429695127	0.1214718829676035	0.03373404800978185	0.09944689990944623	0.03474140732621526	0.1659686897381506	0.118289027060433	0.04821911955279638	0.04645765471980399	0.02831138068676219	0.1626464343972412	0.00151994733558428	0.0472587027333202	0.0822358049039959	0.05696786414653959	0.1244172631837164	0.1018290819073617	0.08314021997324221	0.07556044580336518	0.0698105811144394	0.1198620066133725	0.03178788467728845	0.09746086636696805	0.03590191067103204	0.161957502210115	0.1165070058797013	0.05163844362907985	0.0435712775480117	0.02680756970856455	0.168825012541208
0.3624211258173337	-0.1714287065985828	0.3451720724045522	0.9809908902275254	0.5854897530192107	0.1607257127093381	0.05866626351302981	-1.076030712557142	-0.02961838133538272	-0.02088184967493803	0.3216708685995375	-0.4851422398342204	0.7783728702655294	-0.05828581594224137	2.15533215900849	-0.3886813779775224	0.2899950332457172	1.969005448230231	0.07663705613119783	2.073302074079238	0.3577862149767391	0.05007025896617316	0.08207407237066203	0.05971431142871362	0.1181091160388106	0.09969150735137423	0.0840336306274397	0.07529527975582223	0.06953084656001304	0.1212843926398271	0.03348909187049177	0.09922000582804694	0.03489589893628222	0.1655507964054432	0.1180825463307255	0.04865204685559386	0.0460980607136015	0.02811763267699172	0.1632792183312843	0.001220479048881663	0.04700960033988598	0.08226418214802998	0.0566883700178645	0.1249995139319438	0.1020080773564577	0.08297254302360478	0.07562344410320813	0.06988573947047143	0.1194790865005558	0.03166689402509031	0.09722339402452847	0.03611459749445883	0.1614037881758418	0.1161227382520851	0.05210535779407922	0.04329680954814274	0.02667845519834366	0.1694003456562359
0.3643908058489496	-0.1724008623587213	0.3467076443906147	0.9808738448788881	0.589708889808877	0.1599748802138386	0.05926237417609788	-1.072054188337236	-0.02946771770573378	-0.01678773845046926	0.3223743113366523	-0.5019458331595898	0.7808428903308804	-0.06056222234432708	2.128598168180529	-0.3737561373633476	0.3152748264636111	2.06881352748458	0.07635969330203092	2.083557823442192	0.3564280137222135	0.049695461365141	0.08209657558704621	0.05935004703287765	0.118859783383343	0.09995012343561747	0.08390883105940691	0.0753378965559736	0.06958026284961541	0.1210694298214772	0.03326076542878806	0.09899140091853552	0.03505892884748459	0.1651192532073311	0.1178561011767281	0.04908974158195347	0.04575047414956415	0.02793353385515825	0.1639020646751052	0.001530845307614247	0.04678099900359638	0.08228900845008975	0.05645020208394851	0.125585311712438	0.1021774196016918	0.08284034941536711	0.07572379068785337	0.0700431475988617	0.1189614190294309	0.03157230666892589	0.09697707116523156	0.03635175010152605	0.1608461220810856	0.1157131198863602	0.05259105113502342	0.04305794963041548	0.02657725922816038	0.1698994902948033
0.3663604858805656	-0.1734059194477789	0.3482481457298628	0.9807523085140516	0.5938744895941936	0.1592531384863015	0.05990818052232463	-1.067880578046752	-0.02931752956181652	-0.01267503332258641	0.3230747440876138	-0.5185501018325768	0.783378101718843	-0.06284596747494629	2.100971119966509	-0.3591427659616976	0.3404557772474898	2.169125332747313	0.07615431712253259	2.09218220505992	0.3547298932892019	0.04933765802309494	0.08211933429891825	0.05900014719119453	0.119592346503859	0.10019901697631	0.08378319628992641	0.0753870072300686	0.06964196291917354	0.1208228798737813	0.03304868147566765	0.09876079592151557	0.03523092867168013	0.1646751552358626	0.1176104189343845	0.04953272723657775	0.045415595290333	0.02775961659382571	0.164512295154584	0.001841211566346832	0.04655239766730677	0.08231383475214953	0.05621203415003252	0.1261711094929322	0.102346761846926	0.08270815580712942	0.07582413727249859	0.07020055572725196	0.1184437515583059	0.03147771931276146	0.09673074830593466	0.03658890270859328	0.1602884559863293	0.1153035015206353	0.05307674447596761	0.04281908971268821	0.0264760632579771	0.1703986349333706
0.3683301659121815	-0.1744434306544317	0.3497937065791325	0.980626270844144	0.5979847297215692	0.1585597931819088	0.06060342614530228	-1.063508883079767	-0.02916761573721462	-0.008547008747947097	0.323771237568116	-0.5348864389398603	0.7859808994538343	-0.06513177209996218	2.072371378941618	-0.3449509624144253	0.3654609229708735	2.26994903943817	0.07613302495900835	2.099084492720019	0.3521478742091431	0.04898926737633673	0.08214104678289483	0.0586611827717079	0.1203166024247338	0.1004449186267917	0.08366496189098793	0.07545132813953079	0.06973366060908587	0.1204889907851296	0.03284900340018246	0.09852810947472151	0.03540938874503567	0.1642242891609077	0.1173495229747476	0.04998087574589133	0.04509380778663172	0.0275960369904644	0.165108662646865	0.002147659680815093	0.04623128436490898	0.08231612994476581	0.05594406885948764	0.1269043572709414	0.1026194130927807	0.0827205574650009	0.07608988742896831	0.07068896838534393	0.1168092943868187	0.0313537088421211	0.09647898595283562	0.03680370663713131	0.1598229316237383	0.1149314986663983	0.05357113755763902	0.04261151318225723	0.02639751280794315	0.1708467047210126
0.3702998459437975	-0.1755128451910486	0.3513444619572603	0.9804957298388248	0.6020376691851163	0.1578939262092284	0.06134774215520861	-1.058938091848537	-0.02901736656249423	-0.004407164550134667	0.3244606528343693	-0.5509445579227439	0.788652591481924	-0.06741862484534053	2.042788431612093	-0.3312414383741656	0.3902815470741611	2.371286360320325	0.07649481324511402	2.104183771086499	0.3475431313786853	0.04864385771697265	0.0821606007305032	0.05833023447327874	0.1210409640968019	0.1006935990337608	0.083561176133047	0.0755382886025691	0.06987042163280628	0.1200194836580447	0.03265849917768979	0.09829327166971731	0.03559220223668381	0.1637717141895841	0.1170768902907176	0.05043407988574549	0.04478543371476166	0.0274429245888558	0.1656900809777664	0.002454107795283354	0.04591017106251116	0.08231842513738211	0.05567610356894275	0.1276376050489505	0.1028920643386355	0.08273295912287239	0.07635563758543802	0.07117738104343591	0.1151748372153314	0.03122969837148074	0.09622722359973657	0.03701851056566935	0.1593574072611472	0.1145594958121614	0.05406553063931041	0.04240393665182624	0.0263189623579092	0.1712947745086546
0.3722695259754134	-0.1766136178877268	0.3529005481287347	0.9803606831308235	0.6060313762952665	0.1572545584334711	0.06214077024716096	-1.05416719423775	-0.02886588632757265	-0.0002590849628944772	0.3251383067890319	-0.5667598418367893	0.7913928187949077	-0.06970987172347413	2.01226804545014	-0.3180053860209361	0.4149604982568233	2.473128386250519	0.07739288453154924	2.107466738306549	0.3401155585003059	0.04829414914370322	0.08218079922446059	0.05799505034861144	0.1217881657789942	0.1009469467552298	0.08345755694918477	0.07564089333014068	0.07003550669262636	0.1194747082283319	0.03247068780284349	0.09805690610787537	0.03577381320773713	0.1633311029154752	0.1167999414422957	0.05089086433072601	0.04448834190964243	0.02729864709622199	0.1662613104625285	0.002095182509147258	0.04547420895217011	0.08236598871755732	0.05521677630503781	0.1288011330713787	0.1032049042312889	0.08252083875836437	0.07654464077742718	0.07146714552412557	0.11441349532051	0.03101996714562038	0.09598256210058585	0.03715245322619186	0.1591641382430234	0.1143037499678024	0.05454570628414188	0.0421876946205663	0.02623530384045236	0.1718083962034058
0.3742392060070293	-0.1777454600893899	0.3544620940019081	0.9802211043809228	0.6099642411274518	0.1566410141335472	0.06298244901078145	-1.049195238060334	-0.0287122016187406	0.003893804244692945	0.3257988049129495	-0.5824922445468592	0.7941963388911607	-0.07202042125446689	1.981009477854734	-0.3050205755321103	0.4396810144738443	2.57543991360222	0.07873326807980362	2.109067372433192	0.3301231781788931	0.04793396983399853	0.08220403723952507	0.05764521013657353	0.1225777437189911	0.1012065816380197	0.08334188399744386	0.07575317960936831	0.07021467690698581	0.1189068970520894	0.03228011471850718	0.09781954919379945	0.03594955678724682	0.1629144056464558	0.1165250910478898	0.0513499868284902	0.04420072649782048	0.02716183301202985	0.1668264865563109	0.001736257223011162	0.04503824684182905	0.08241355229773251	0.05475744904113287	0.1299646610938069	0.1035177441239424	0.08230871839385637	0.07673364396941632	0.07175691000481524	0.1136521534256885	0.03081023591976002	0.09573790060143514	0.03728639588671437	0.1589708692248995	0.1140480041234435	0.05502588192897335	0.04197145258930635	0.02615164532299552	0.172322017898157
0.3762088860386453	-0.1789083370198234	0.3560292199058183	0.9800769435691127	0.6138349701171388	0.1560529847444886	0.06387300724773447	-1.044021326139338	-0.02855555030990052	0.008048262359586429	0.3264375091667202	-0.598348984485551	0.7970556187709578	-0.07436985577092269	1.949273690988694	-0.2919659155848348	0.4646789121570839	2.678175392649307	0.08025773916722428	2.109050274240471	0.3186521005543493	0.04756449058711717	0.08223570712744524	0.05727205408118562	0.1234214459098065	0.1014661635620156	0.0831844813479929	0.07584828591361537	0.07035091576629394	0.1184689654251894	0.03208420495052212	0.09758169292927055	0.03611664268718241	0.1625223424821682	0.1162565340304297	0.05181034750275125	0.04392460908374962	0.02703400716399572	0.1673814865112951	0.001688114248173115	0.04460108815291215	0.08256266074968588	0.05412301850150088	0.1314387766479488	0.1037272566066281	0.08154610172730672	0.07647221156419003	0.07108789576610791	0.1157275860241428	0.03055376329697461	0.0955002379820334	0.03736339213602408	0.1588390203767767	0.1138751809189861	0.05549247050954937	0.0418070592086149	0.02610693596031552	0.1727398008191419
0.3781785660702612	-0.1801028191381973	0.3576020215060532	0.9799280923542214	0.6176430429211132	0.1554912017018897	0.06481335670157651	-1.03864469951144	-0.02839633284927882	0.01220097415961271	0.3270550328291172	-0.6145838000823186	0.7999594075385059	-0.07678301099176738	1.917388617806737	-0.2783704238473225	0.4902385144447184	2.781275108855092	0.08133912273573898	2.107294148077512	0.3086155297763563	0.0471867039552224	0.08228041603866787	0.05686821477883808	0.1243293605273092	0.1017202551091519	0.08295994148687455	0.07590331664583665	0.07039572143899128	0.1182932599514395	0.03188079155763512	0.09734376050101398	0.03627272620641393	0.1621555374975161	0.1159978957518867	0.05227101962494256	0.04366169759011405	0.02691644803124846	0.1679227244482876	0.001639971273335068	0.04416392946399526	0.08271176920163922	0.05348858796186889	0.1329128922020908	0.1039367690893138	0.0807834850607571	0.07621077915896372	0.07041888152740058	0.1178030186225971	0.0302972906741892	0.09526257536263165	0.03744038838533379	0.158707171528654	0.1137023577145287	0.05595905909012539	0.04164266582792344	0.02606222659763551	0.1731575837401267
0.3801482461018771	-0.1813298150447043	0.3591805789950782	0.9797744094525959	0.6213883776465736	0.1549570450051766	0.06580478710324938	-1.03306467767478	-0.02823588178334249	0.01634840087416329	0.3276561025106314	-0.6313867410905553	0.8028987773019223	-0.07927833211130168	1.885603042646036	-0.263857250617022	0.5165722341540854	2.88469589879443	0.08139054212969901	2.103583363689584	0.3024467663473651	0.04681035834369727	0.08233118212880165	0.05645575180001247	0.1252625019465663	0.1019710604889714	0.0827039152163305	0.07592593554925647	0.070374861225748	0.1183012970192632	0.03167822366591162	0.09710375346136364	0.03642643536297948	0.1617934807364492	0.1157402261590177	0.05273601741790402	0.0434154390436876	0.02681171545287857	0.1684356856840449	0.00220738020432743	0.04387160419241645	0.0827634282874633	0.05316587411941458	0.1337791786171124	0.1041755567001953	0.08051959843933439	0.07600282411571774	0.07001207775268449	0.1189185808952811	0.03015955600387186	0.0949884392990764	0.03763460716654301	0.1582125451338296	0.113381263700237	0.05649336252709487	0.04156089745349818	0.02607844519775189	0.1732528680616378
0.3821179261334931	-0.1825904189214927	0.3607649620529526	0.9796157344927153	0.6250711547036955	0.1544523450399703	0.06684879438275905	-1.027280624665462	-0.02807647443649431	0.02048621180790796	0.3282494061267691	-0.648709144923677	0.8058746476629509	-0.08185191554431032	1.853868011096758	-0.2484601478498865	0.5436247532323534	2.988446997562615	0.08027923714097446	2.097530395987171	0.300729852761441	0.04644371590142503	0.08238204034093857	0.05605342789985242	0.1261873780269496	0.1022204701431224	0.08244692024660424	0.07592266689944237	0.07031022927225254	0.1184250067223347	0.03148352586925941	0.096859953532375	0.03658501733169088	0.1614182560180344	0.115475791005536	0.05320872472370799	0.04318874490390771	0.02672195537275097	0.1689077386715099	0.002774789135319792	0.04357927892083765	0.08281508737328737	0.05284316027696029	0.1346454650321341	0.1044143443110767	0.08025571181791169	0.07579486907247174	0.0696052739779684	0.120034143167965	0.03002182133355452	0.09471430323552113	0.03782882594775222	0.1577179187390052	0.1130601696859453	0.05702766596406435	0.04147912907907293	0.02609466379786828	0.1733481523831488
0.384087606165109	-0.1838855713731184	0.3623552452744602	0.9794519207191005	0.628691376073387	0.153978733634635	0.06794670109933407	-1.021291873060977	-0.02792039363120756	0.0246096118730195	0.3288435956859452	-0.6663529300277362	0.8088948868452036	-0.08448569457320923	1.821939467731935	-0.2324928050531386	0.5711744759869507	3.092570052841605	0.07824291043965007	2.089020195533953	0.3022927767372138	0.0460944849922181	0.08241695055518307	0.05569011986035793	0.1270392082545691	0.1024798916626887	0.08226942377628925	0.07594478024409815	0.07031118326997882	0.1183575326686655	0.03130502587948518	0.0966084287482787	0.03675896874387172	0.1610124156087779	0.1151869611124211	0.05369542665238725	0.04297519390233801	0.02664351206835641	0.1693576340770988	0.002657013853564492	0.04343324216154427	0.0825828361551066	0.0530264987542381	0.1342584274273909	0.1048595733369856	0.0814152212097453	0.07643231078443243	0.07100468388881324	0.115600312613769	0.03003285975497052	0.09436123434048536	0.03820268268086405	0.1568468676424171	0.1123952052728631	0.05768304990362953	0.04133072103089842	0.02608282620703309	0.1737406343722175
0.386057286196725	-0.1852153118771819	0.363951543693707	0.9792829046458317	0.6322479001362963	0.1535362429717646	0.06909882870311057	-1.015097561661611	-0.0277681059230196	0.0287143541814072	0.3294390138544718	-0.6838298427846292	0.8119824269369186	-0.08713431427991739	1.789190454362109	-0.2168598898632938	0.5986805122830469	3.197171006102109	0.07642719091116926	2.078585344609619	0.301978884399359	0.04576919260903796	0.08242220602574984	0.05539036646047647	0.127762267639692	0.1027591120005019	0.08224027599171203	0.07603599731762957	0.07047082109903303	0.117833788300457	0.03114972603916873	0.09634579831725258	0.03695710702149146	0.1605607179045193	0.1148585002612577	0.05420142290353781	0.04276935588732547	0.02657331769424882	0.1698016842493699	0.002539238571809192	0.04328720540225089	0.08235058493692585	0.05320983723151592	0.1338713898226477	0.1053048023628946	0.08257473060157894	0.07706975249639311	0.07240409379965809	0.1111664820595729	0.03004389817638652	0.0940081654454496	0.03857653941397589	0.1559758165458291	0.111730240859781	0.0583384338431947	0.04118231298272391	0.02607098861619791	0.1741331163612862
0.388026966228341	-0.1865789743713904	0.3655540059040717	0.9791086876454412	0.6357386806248916	0.1531235766308232	0.07030471767194708	-1.008696679142349	-0.02761830766910325	0.03279694871166501	0.330028645892146	-0.7007166328868492	0.8151572765659062	-0.08975992200954606	1.755085469953185	-0.202357699204699	0.6256741746694627	3.302334588323077	0.07591004975885661	2.066510158489708	0.2958296722406448	0.04545921026647907	0.08241266472171548	0.05512629746281418	0.1284212254602891	0.1030488859798219	0.08228550721359749	0.07616143544387893	0.07071157449790189	0.1170827662862975	0.03100834462344013	0.09607445750559829	0.03717033948326259	0.1600793050116033	0.1145088528529117	0.05472336136633134	0.04257671241857497	0.026514760941927	0.1702210889868944	0.002217702752977077	0.04304595665010065	0.08232214077514906	0.05304948057045059	0.134454400142304	0.1056203860305003	0.0827196551232138	0.07723520187921996	0.07277855913699841	0.1101431013351737	0.02995258481903049	0.09367665123425532	0.03885203688627389	0.1553386437414302	0.1113325979024209	0.05897711683034586	0.04113896049851691	0.02612918650236938	0.1741314941803005
0.3899966462599569	-0.1879752579284643	0.3671628098476192	0.9789293244150794	0.6391608948663612	0.1527382674337251	0.07156320449328937	-1.002088106941726	-0.02746815666921803	0.03685373742443541	0.3306008401693288	-0.7169530175492481	0.8184217800941294	-0.0923597567178821	1.719568680460243	-0.1890816258863072	0.6520879693854911	3.408057742941248	0.07678533273100888	2.052382347633861	0.2842721525711712	0.04515722735937468	0.08240102291874891	0.05487422077125302	0.1290716997075737	0.1033412818154231	0.08234181914046934	0.07629134725574967	0.07096740604244813	0.1163022920924829	0.03087307440758779	0.09579646591697545	0.03739102730343411	0.1595822752747836	0.1141539585989766	0.05525841618790708	0.04240189277615584	0.02647068190438438	0.170599475506903	0.001896166934144962	0.0428047078979504	0.08229369661337226	0.05288912390938524	0.1350374104619603	0.1059359696981061	0.08286457964484867	0.07740065126204684	0.0731530244743387	0.1091197206107745	0.02986127146167446	0.09334513702306105	0.0391275343585719	0.1547014709370314	0.1109349549450608	0.05961579981749704	0.04109560801430991	0.02618738438854085	0.1741298719993149
0.3919663262915729	-0.1894028983998335	0.3687781310831598	0.9787448623794285	0.6425117972431504	0.1523779469909319	0.07287316566614253	-0.9952707573584807	-0.0273150191400767	0.04088038428562712	0.3311457057963443	-0.7326206038860135	0.8217720579940841	-0.09494385836896305	1.68276233781342	-0.176863487724668	0.6780130604805139	3.514307492555141	0.07877420346795359	2.035800480366404	0.268898885531736	0.04485259079162476	0.08239544395918598	0.05461000004535885	0.1297587152466949	0.103634164544623	0.08236733099878774	0.07640092537020436	0.0711795079956654	0.1156465397793173	0.03073392288428043	0.09551312191126758	0.0376085985599122	0.1590922487133842	0.1138047077936621	0.05580334688644256	0.0422453264537893	0.02644149942847688	0.1709382723778951	0.001952460011287214	0.04240385474434545	0.08240558084375553	0.05234713896357068	0.1364655384296429	0.1062176306496691	0.08229026580507778	0.07714081900791525	0.07253862011351392	0.1109320633999462	0.02962254635400118	0.09302403875845106	0.03924684456929631	0.1544870112911464	0.110730638674702	0.06022693450715225	0.04109456583508216	0.02628107321068075	0.1740739365413755
0.3939360063231888	-0.1908611399177778	0.3704001228079267	0.9785552965064194	0.6457893249039366	0.152041200193468	0.07423404767508061	-0.988243686856477	-0.02715758915436705	0.04487173502847126	0.3316598097615089	-0.7480249392276362	0.8251949572477053	-0.09754214222843466	1.645064243095693	-0.1651453674589549	0.7037924384429897	3.621007010532271	0.08114411210009417	2.016542841247368	0.253035949644404	0.04453628352335519	0.08240290485116938	0.054313143115044	0.1305210562826525	0.1039257024743952	0.08232625350671058	0.07646902460544287	0.0712978759677623	0.1152490630970434	0.03058249082379195	0.09522554193651941	0.03781417322754294	0.1586289866844904	0.1134705122556683	0.05635542190683618	0.04210737219229001	0.02642756237024781	0.1712387129361929	0.002008753088429466	0.04200300159074049	0.08251746507413879	0.05180515401775613	0.1378936663973255	0.1064992916012321	0.0817159519653069	0.07688098675378364	0.07192421575268913	0.1127444061891179	0.0293838212463279	0.09270294049384106	0.03936615478002073	0.1542725516452615	0.1105263224043432	0.06083806919680746	0.04109352365585443	0.02637476203282064	0.1740180010834362
0.3959056863548047	-0.1923496863075231	0.372028918581257	0.9783605777515327	0.648992007426076	0.1517274464310716	0.07564581331065973	-0.9810060618168933	-0.02699565343435048	0.04882242272833576	0.3321443198749672	-0.763473636999934	0.8286777543537621	-0.1001834242137863	1.606867482164075	-0.1533792766527446	0.7297727571156036	3.728086679571059	0.08319595392299692	1.994535109077555	0.2393371630855439	0.04420833874583215	0.08241894807965136	0.05399118627491852	0.1313458607421499	0.1042207351710494	0.08224245464586466	0.07651695880505317	0.0713675111564547	0.1149941523361103	0.03042058493035412	0.09493192836977113	0.03801026450858674	0.1581883954194015	0.1131475632226122	0.05691780535126922	0.04198486497463579	0.02642695497681631	0.1715065412187295	0.002199150145450338	0.04157977201510755	0.0825764868009526	0.0513253648898568	0.1392303744408597	0.1068672253574046	0.08143128963933395	0.07691124677971439	0.07190171353638912	0.112892872315187	0.02914960014844206	0.09234092528282775	0.03950199668375642	0.1540286027824724	0.1102804540022429	0.06151723723144098	0.04107765765871944	0.02646862031787689	0.1740012917172059
0.3978753663864207	-0.1938688858837953	0.3736646275779211	0.9781605989542377	0.6521191826192958	0.1514371879098363	0.07710915775966007	-0.9735571787956319	-0.02683020809248935	0.05272726722109813	0.3326042493267482	-0.7791499267892471	0.8322146016231916	-0.1028831491338714	1.56839451612236	-0.1412885368915137	0.756165155523062	3.835516978564989	0.08470778680288531	1.969993875408905	0.2280771540249617	0.04386878495156558	0.08243976343936892	0.05365052649021628	0.1322220376231448	0.1045234153234288	0.08213632605957344	0.07656289679554161	0.07142667948116568	0.1147815341884819	0.03024972385667376	0.09463073593075717	0.03819898274123494	0.1577668946222008	0.112832567713519	0.05749316724504339	0.04187513024414546	0.02643807020409447	0.1717467555607064	0.00238954720247121	0.0411565424394746	0.08263550852776642	0.05084557576195748	0.140567082484394	0.1072351591135772	0.08114662731336099	0.07694150680564513	0.07187921132008911	0.1130413384412561	0.02891537905055622	0.09197891007181443	0.0396378385874921	0.1537846539196833	0.1100345856001427	0.06219640526607449	0.04106179166158445	0.02656247860293314	0.1739845823509757
0.3998450464180366	-0.1954192846420192	0.3753073534778235	0.9779552370689625	0.65517042367246	0.1511711987548022	0.07862500621936962	-0.9658963602483598	-0.02666237508650292	0.0565814094189404	0.3330443128947799	-0.7951666674940502	0.8358026399502568	-0.1056501371503858	1.529780126966093	-0.1287273842216376	0.7831018888737553	3.943285541450747	0.08565556410476965	1.943059719871235	0.2188629016338997	0.04352453439563458	0.08246280719011564	0.05330255384425495	0.1331259628918361	0.104830615747341	0.08202095865749587	0.07661907634477376	0.07150179344307674	0.1145259710582074	0.0300751968810061	0.09431976269911278	0.03838684388006045	0.1573496222220961	0.1125191583541494	0.05808614096389963	0.04178002033727635	0.02646289239501548	0.1719509890969257	0.002270741082326783	0.04082398673608554	0.08265905786309566	0.05051979158754189	0.1415556454050664	0.1075610078585037	0.08104907295486469	0.0771820515240868	0.07229375009203196	0.1116778043843451	0.02874774675780147	0.0915621225023171	0.03986452402332871	0.153281124072232	0.1096855658012981	0.06298055018281239	0.04110160734531711	0.02671117381345496	0.1737415345875195
0.4018147264496526	-0.1970015354985384	0.3769571997016032	0.9777443630602937	0.658145427217623	0.1509303234088162	0.08019441697356597	-0.9580229213065892	-0.02649299876354414	0.0603800486975932	0.3334668374133534	-0.8114924010323052	0.8394445319948661	-0.1084801271801931	1.490983509629612	-0.1157880771961378	0.8105520260442111	4.051410317334046	0.08627481529683564	1.913636573388243	0.2102685686650311	0.04318143717306847	0.08248590570143589	0.05295694082665764	0.134037297010119	0.1051396529161359	0.08190754746151101	0.07669593257385138	0.07161533457212731	0.1141538247221428	0.02990145021397438	0.09399711589706909	0.0385793237734507	0.1569236024785746	0.1122018346719111	0.0587006363646243	0.04170109622445452	0.02650308256283969	0.172111938152431	0.002151934962182356	0.04049143103269648	0.08268260719842489	0.05019400741312631	0.1425442083257389	0.1078868566034302	0.0809515185963684	0.07742259624252848	0.0727082888639748	0.110314270327434	0.02858011446504672	0.09114533493281977	0.04009120945916533	0.1527775942247808	0.1093365460024535	0.06376469509955028	0.04114142302904977	0.02685986902397678	0.1734984868240634
0.4037844064812685	-0.1986162089887262	0.3786142747479065	0.9775278569961081	0.6610437865374152	0.1507152176851622	0.0818183613222406	-0.9499361459455543	-0.0263225357592926	0.06411819913636634	0.3338720924782234	-0.8280619313060277	0.8431439641320769	-0.1113664954788838	1.451924404131694	-0.1026060596883129	0.8384459367398075	4.159912610285828	0.08682100604406168	1.88158749661579	0.2010601405478109	0.04284462092445793	0.08251054688203219	0.05261613319067308	0.1349502808603776	0.1054436167279934	0.08178843204302821	0.07678799742513329	0.07175540594808275	0.1137028657845241	0.02973058099195837	0.09366142022952864	0.03877944521646343	0.1564816396087126	0.1118786076548074	0.05933981673562212	0.04163962338157431	0.02656043598261494	0.1722247176763584	0.002197435991147305	0.04024517800669229	0.08273261966349617	0.04991373137511303	0.1434369819139403	0.1080890851266871	0.08072230400384364	0.07760878538314826	0.07299348020953572	0.1094276997032907	0.02844742474126986	0.09068071304080536	0.04037630058849188	0.1521132562976228	0.1089427456253445	0.06464677460501379	0.04123413929716133	0.02706774630413904	0.1730686165304348
0.4057540865128844	-0.2002636665028934	0.3802786967648012	0.9773056178446627	0.6638648447178206	0.1505261824818944	0.08349758132690369	-0.9416352654870016	-0.02615095400319266	0.06779046318411749	0.3342582389539439	-0.8447811588378211	0.846904599036169	-0.1143014705274869	1.412492508328449	-0.089316198684772	0.8666786501421314	4.26881121607419	0.08741085291011268	1.846735942565854	0.1908657419410325	0.04251842301476626	0.08253800221564823	0.05228220653551637	0.1358599555853054	0.1057365760779876	0.08165705980774662	0.07689060669823956	0.07191187705514976	0.1132057054069342	0.02956435147007747	0.09331149335574498	0.03898974875945294	0.1560174524372046	0.1115477596669675	0.06000635138637034	0.04159666635726745	0.02663645407283092	0.1722850525638247	0.002242937020112255	0.0399989249806881	0.08278263212856744	0.04963345533709974	0.1443297555021417	0.1082913136499441	0.0804930894113189	0.07779497452376803	0.07327867155509665	0.1085411290791474	0.028314735017493	0.09021609114879096	0.04066139171781845	0.1514489183704649	0.1085489452482354	0.06552885411047731	0.04132685556527289	0.0272756235843013	0.1726387462368061
0.4077237665445004	-0.2019441379195533	0.3819505886693851	0.9770775550929757	0.666607791729555	0.1503633441122934	0.08523267138701232	-0.9331194874154117	-0.02597811910835169	0.07139120725165744	0.3346231878964582	-0.8615579285908211	0.8507297282370931	-0.1172777877286303	1.372580924754586	-0.07603539036711036	0.895146642024034	4.378122645758562	0.08809437802578429	1.808919134696955	0.1795677346284639	0.04220287944947327	0.08256955262246889	0.05195301142112935	0.1367713290052546	0.1060167955984341	0.08150720729914424	0.07699939109728919	0.07207490885168714	0.1126906671468181	0.02940197988866185	0.09294640303743121	0.03921009050895973	0.1555302669255187	0.1112107858396097	0.06070268219256587	0.0415724121139054	0.02673217126601272	0.1722902889977537	0.002393734033382834	0.03977410992228609	0.08286095631969706	0.04933079782648789	0.1453125614930386	0.1084392290867701	0.08012954409131515	0.07792579473571763	0.07342611022830757	0.1080929971692108	0.02817878659575223	0.08970666265195633	0.0409647210930578	0.1507255899894544	0.1081679856388504	0.06650893068483574	0.04145956194249409	0.0275373357176529	0.1720494880517759
0.4096934465761163	-0.203657647010748	0.3836300803662741	0.9768435936365765	0.6692715815203892	0.1502265969680182	0.08702399388376951	-0.9243879843904971	-0.02580389003452577	0.07491442419981717	0.3349650995721423	-0.8783274308031995	0.8546213814597442	-0.1202909771411904	1.332116803235463	-0.06282335580430265	0.9237767375029857	4.487856907945383	0.08882659834134235	1.768015377299408	0.1674736718487936	0.04189801844640565	0.08260629250410097	0.05162672273826667	0.1376887157146217	0.106282783708221	0.08133354986987018	0.07711062568549859	0.07223613030603303	0.1121822475578643	0.02924280886368632	0.09256534763426089	0.03944034936127783	0.1550194063935286	0.110868977639937	0.06143086936885622	0.04156701519642546	0.02684845099174317	0.172238093838711	0.002544531046653414	0.03954929486388409	0.08293928051082669	0.04902814031587604	0.1462953674839354	0.1085871445235961	0.07976599877131141	0.07805661494766725	0.0735735489015185	0.1076448652592741	0.02804283817401147	0.08919723415512169	0.04126805046829714	0.150002261608444	0.1077870260294655	0.06748900725919418	0.04159226831971529	0.02779904785100449	0.1714602298667456
0.4116631266077322	-0.205404140470652	0.3853173040594765	0.9766036634777669	0.6718550822072481	0.1501157738473686	0.08887182399852163	-0.9154399175562997	-0.02562821474165984	0.07835396188902094	0.3352826285466099	-0.8950365370301575	0.8585812256661401	-0.1233374914147222	1.2910407671119	-0.04972196767951542	0.9525090890717463	4.598022997493526	0.089545292666024	1.723926136472435	0.1548765157299692	0.04160169318637006	0.08264826374236596	0.05130133064145656	0.1386168151694618	0.1065365207034394	0.08113602644225718	0.07722581095610721	0.07239818278606013	0.1116722906472189	0.02908545654078825	0.09216737565920199	0.03967972778275645	0.1544859371334502	0.1105245709495011	0.06219373211795984	0.04158006702346928	0.02698612189825071	0.17212704063684	0.002639620126915834	0.03931039167540552	0.08302873636070687	0.04869767909634721	0.1473818902270269	0.1087428071276084	0.07935420018036307	0.07821869041721444	0.07376328094578555	0.1070575437372166	0.02789124958325091	0.08863931415083945	0.04157847054677104	0.1492538595735085	0.1074381435203223	0.0685831193819702	0.04175599237684383	0.02811524497053247	0.1707271407977324
0.4136328066393482	-0.2071834585162024	0.3870123956967161	0.9763577015232526	0.6743570427872501	0.1500306317400918	0.09077631848095633	-0.9062744252754565	-0.02545118032360994	0.08170346661154138	0.3355749564992073	-0.9116572923042755	0.8626104447580689	-0.1264156201846751	1.249321482883984	-0.03674707885721722	0.9813133574695488	4.708629267720714	0.09020672084456915	1.676596441302504	0.1418847185917548	0.04131208712089846	0.08269550192812772	0.05097512965936862	0.1395596792150333	0.1067797054562191	0.08091458215077672	0.07734622625876719	0.07256331411881614	0.1111537419023755	0.02892876176616603	0.09175166879195573	0.03992755547035852	0.1539307892153637	0.1101794967113582	0.06299364846038083	0.04161122037839935	0.02714587468326406	0.1719558656399556	0.002734709207178255	0.03907148848692696	0.08311819221058704	0.04836721787681839	0.1484684129701183	0.1088984697316207	0.07894240158941473	0.07838076588676163	0.07395301299005258	0.1064702222151591	0.02773966099249035	0.08808139414655722	0.04188889062524494	0.1485054575385731	0.107089261011179	0.06967723150474621	0.04191971643397237	0.02843144209006046	0.1699940517287191
0.4156024866709642	-0.2089954123156967	0.3887154926424765	0.9761056463494072	0.6767761795725159	0.1499709144402952	0.09273760325183852	-0.8968906351151922	-0.02527292342860355	0.08495652817234035	0.3358413619834283	-0.9281673798630642	0.8667101759695734	-0.129524084973999	1.206933273348329	-0.0239096569821014	1.010165955810956	4.819684674520239	0.09077660528706387	1.625995212793754	0.1285721183287933	0.04102893580412395	0.08274803452954005	0.0506480899834027	0.1405182593957249	0.1070125386442633	0.08066930339999001	0.07747232470189286	0.07273228331634947	0.1106242137662975	0.02877243290013912	0.09131706197134841	0.04018436163828942	0.1533527845848376	0.1098349654529843	0.06383437992442223	0.04165935497786507	0.0273283711637513	0.1717238918602298	0.002821643389402026	0.03884149530438345	0.0832186913965263	0.04803466916627697	0.1496041994128706	0.1090364903319331	0.07848479454303287	0.07856130570169648	0.07416213707082508	0.1058217338016835	0.02758473868205306	0.0874677504972322	0.04222504082369082	0.1476913367453171	0.1067615591034373	0.07091264905712949	0.04210138626926149	0.02880264984614131	0.1691276401805233
0.4175721667025801	-0.210839755772782	0.3904267354721855	0.9758474398229225	0.6791111402378622	0.149936335752402	0.09475574436276443	-0.8872876474057177	-0.02509365987338891	0.08810671188954339	0.3360812581543811	-0.9445455163452768	0.8708817271188201	-0.1326616592556695	1.163849556865827	-0.01122156293749411	1.039044888965214	4.931201002663993	0.09122893950899165	1.572134883537007	0.1149673330711721	0.04075201474987031	0.08280588488024235	0.05032018638416019	0.1414933781539557	0.1072351913450925	0.08040026149543616	0.07760449248419546	0.07290573621523108	0.110081642315351	0.02861622491635969	0.09086255309435209	0.04045059118071374	0.1527508941336473	0.1094920223352058	0.06471909849175995	0.04172352456944774	0.02753416214923689	0.1714305097413645	0.002908577571625796	0.03861150212183995	0.08331919058246556	0.04770212045573554	0.1507399858556229	0.1091745109322454	0.07802718749665098	0.07874184551663131	0.07437126115159758	0.1051732453882079	0.02742981637161577	0.08685410684790718	0.04256119102213669	0.1468772159520612	0.1064338571956956	0.07214806660951274	0.04228305610455061	0.02917385760222216	0.1682612286323276
0.419541846734196	-0.2127162137398244	0.3921462665481865	0.9755830255222002	0.681360535865249	0.1499265919088028	0.09683077776984393	-0.877464545834355	-0.02491363643143871	0.09114759777994536	0.3362940910370046	-0.9607602376276552	0.8751267361252361	-0.1358262917869375	1.120031630322652	0.001292202893747957	1.067916429123916	5.043192878376056	0.09154117163563102	1.514992910034884	0.1011221346588359	0.04048399626107024	0.0828688744055094	0.04999450439228904	0.1424789972796229	0.1074450234458653	0.08010875923940353	0.07774135730855009	0.07308136614734825	0.1095325882351251	0.02846156207488478	0.09038663083893113	0.04072927793106376	0.1521197796995263	0.1091498884566772	0.06565298105692122	0.0418040951467941	0.02776575193213256	0.1710715857991804	0.002874813569611701	0.03843736626736557	0.08342719228959504	0.04741920160564951	0.1517923464423243	0.1092431223322658	0.07754563750451067	0.07891050557122467	0.07454926990082136	0.1046212571378673	0.02729776348835385	0.08617437954897325	0.04296591570638449	0.1459106567608983	0.1060948271016102	0.0735640423855477	0.04250287961485517	0.02963185352993951	0.1671891793009754
0.421511526765812	-0.2146243850778194	0.3938742339374793	0.9753123558729898	0.6835228244536216	0.1499412591902461	0.0989626009399479	-0.8674203663667281	-0.02473315564357583	0.09407259304994564	0.3364795426353947	-0.9767470680824256	0.8794479091558615	-0.1390132968826474	1.075401627799193	0.01356530366974495	1.096708847901823	5.155682015037266	0.09169337886738894	1.454460246298423	0.08716448189460645	0.04022713653600376	0.08293685044343722	0.04967366067799872	0.1434699115347682	0.10763976462899	0.07979590968761963	0.07788174919167198	0.07325721006431299	0.1089827247942393	0.02830964056680696	0.08988799510721798	0.04102297183099915	0.1514547789386118	0.1088078913475883	0.06664039145344386	0.04190137325467287	0.0280252319871775	0.1706434856012844	0.002841049567597606	0.03826323041289121	0.08353519399672452	0.04713628275556348	0.1528447070290257	0.1093117337322861	0.07706408751237036	0.07907916562581804	0.07472727865004515	0.1040692688875268	0.02716571060509193	0.08549465225003934	0.0433706403906323	0.1449440975697353	0.1057557970075247	0.07498001816158265	0.04272270312515972	0.03008984945765687	0.1661171299696232
0.423481206797428	-0.2165637719260312	0.3956107896211919	0.975035390467861	0.6855963478093416	0.1499798114895553	0.1011510031847457	-0.8571541137430863	-0.02455254496062151	0.09687491098995665	0.3366374680013967	-0.9924193861448445	0.8838486694384465	-0.1422160659289174	1.029856269027832	0.02550051882511694	1.125324855542486	5.268695055210737	0.09167951879605146	1.390313994943214	0.0731735268514041	0.0399848067799671	0.08300885473335343	0.04936240942397164	0.1444549397295119	0.1078170200915271	0.07946675448658094	0.07802669842721291	0.07343645777734488	0.1084230628731528	0.02816256176433028	0.08936499792416369	0.04133633675761738	0.150747676930555	0.1084642687184981	0.06768764700013959	0.0420182617574946	0.02831857415897033	0.1701341849267758	0.002489148856673401	0.03816601974563884	0.08363621879580667	0.04694186326877636	0.1536890937149286	0.1093055555673528	0.07662931467497282	0.07927302283410187	0.07496125774232122	0.1033490435256579	0.02707246066766782	0.08474103653631818	0.04388198186302138	0.1437489975278392	0.1053843666272169	0.07661695168209466	0.04302357181560697	0.03069916789240177	0.1646643720931411
0.4254508868290439	-0.2185335857035598	0.3973560968559588	0.9747521117053868	0.687579103116174	0.1500413730740059	0.103395445863115	-0.8466647092240646	-0.02437208128206719	0.09954687362612852	0.3367677332129691	-1.007642413761056	0.8883341806110532	-0.1454238395278055	0.9832363860262305	0.03692881022909076	1.153611987287652	5.382268927894683	0.09154412720003247	1.322098316300944	0.05907853887021603	0.0397598510319173	0.08308406855757042	0.04906477996701483	0.1454244345277495	0.1079747286360257	0.0791256091880493	0.07817708341831202	0.07362182404764125	0.1078458322601469	0.02802208994089695	0.08881622124726722	0.04167329166814406	0.1499912951407704	0.1081174995938539	0.06880006950785293	0.04215720329029726	0.02865076664371155	0.1695331320797887	0.002137248145749195	0.03806880907838648	0.08373724359488885	0.04674744378198924	0.1545334804008315	0.1092993774024196	0.07619454183757528	0.07946688004238571	0.07519523683459729	0.1026288181637889	0.02697921073024372	0.08398742082259701	0.04439332333541048	0.142553897485943	0.1050129362469091	0.07825388520260666	0.04332444050605423	0.03130848632714668	0.1632116142166589
0.4274205668606599	-0.2205328462088978	0.3991103263655595	0.9744625172808997	0.6894688594695446	0.1501248237454998	0.1056951737669535	-0.8359510227670551	-0.0241919659920194	0.1020802346260391	0.3368700693718052	-1.022264571285878	0.8929106854186677	-0.1486247291480541	0.9353565208489941	0.04765482224321729	1.181399615498055	5.496444549153822	0.09135174445752703	1.249613366627379	0.0447654728051087	0.0395538904407079	0.08316193618214958	0.0487830389834866	0.1463737434837139	0.1081119861335297	0.0787752232027449	0.07833427779648511	0.07381640750760808	0.1072438053989352	0.02788926059194152	0.0882404741548686	0.04203753771722286	0.1491810358012852	0.1077672828606154	0.06998375871091363	0.04231033793565653	0.02901787905396818	0.1688523404587009	0.00195679426567373	0.03803229912678806	0.08383485910558072	0.04661744387619056	0.1552540253042503	0.1092370565541887	0.07578456913737935	0.0796958377111259	0.07549557669227885	0.1017406340605227	0.02691550046950379	0.08316229979426673	0.04501317537483572	0.1411725673948759	0.104629738473017	0.08013366818172808	0.04354116588409673	0.0319343970129645	0.1618237393659141
0.4293902468922758	-0.2225601408581789	0.4008736677268904	0.974166638140969	0.6912628401476786	0.1502284777863329	0.1080489466970822	-0.8250118049047769	-0.02401219580007496	0.1044670200953822	0.3369438206180249	-1.03610815105758	0.8975862988512129	-0.1518053002103388	0.8859864594784642	0.05744322872244643	1.208489015201584	5.611271948567702	0.09119370934574739	1.173266366040536	0.03005364409724137	0.03936828901413626	0.08324198283318933	0.04851910403468518	0.1472988439555038	0.1082280116889141	0.07841795058184854	0.0784994526994412	0.07402284538858618	0.1066107338787425	0.0277649422118125	0.08763673117978274	0.04243218257597584	0.1483128734932214	0.1074133588294011	0.07124384768511056	0.04247104630196118	0.02941661980887316	0.1681023039170172	0.001776340385598265	0.03799578917518964	0.08393247461627261	0.04648744397039189	0.1559745702076691	0.1091747357059579	0.07537459643718342	0.07992479537986612	0.07579591654996043	0.1008524499572566	0.02685179020876386	0.08233717876593645	0.04563302741426096	0.1397912373038088	0.1042465406991249	0.08201345116084947	0.04375789126213925	0.03256030769878231	0.1604358645151692
0.4313599269238917	-0.2246138196134311	0.4026463216569657	0.9738645229649791	0.6929579569898594	0.1503503336126286	0.1104552594956941	-0.813845738290383	-0.02383264124591014	0.1066999871110858	0.3369881047955391	-1.049006262404828	0.9023691390873707	-0.1549534305647862	0.8349039917025769	0.06607582004068938	1.234694565103285	5.72680219169946	0.09114448731504977	1.093723940809264	0.01487862700678218	0.03920125921242072	0.08332555977792271	0.04826982928886522	0.1482068557978308	0.1083233104835428	0.07804825040747113	0.07866924238509065	0.07423310622306696	0.1059671914922509	0.02764764606078666	0.08700476076242288	0.04285729390592889	0.1473890899268938	0.1070588388102293	0.07258488067417061	0.04262693261036588	0.02983865183528952	0.1673058024969454	0.002211924140854805	0.03797051640187533	0.08405843259852065	0.04634040827368991	0.1567848678875936	0.1090790469735411	0.07485369802770384	0.08011066907869818	0.07598015943413758	0.1002839492367602	0.02678138239566237	0.08145357534186501	0.04631602455561819	0.1383434182257582	0.1039135919468201	0.0841343526084274	0.04378684246547624	0.0331179802114684	0.1593756710408987
0.4333296069555077	-0.2266918495333762	0.4044285087927175	0.9735562466662544	0.6945505947140849	0.1504879089259713	0.1129121835945743	-0.8024513715234517	-0.02365308068854214	0.108774233555225	0.3370023063536722	-1.060834186047387	0.9072662584966014	-0.1580612632593404	0.7819298842808872	0.07340470403839883	1.259879427385439	5.843086299953201	0.09119982006973465	1.012102285953862	-0.0004921313863234813	0.03905128889945059	0.08341382147858389	0.04803254679631768	0.1491039236030833	0.1083983135736455	0.07766137904453688	0.07884077748584768	0.07444035471860432	0.1053309626030349	0.02753612182761103	0.08634436237315321	0.04331292540082586	0.1464116691094348	0.1067064074931551	0.07401067529826369	0.04276755765906206	0.03027700567319188	0.1664827921637305	0.002647507896111346	0.03794524362856103	0.08418439058076869	0.04619337257698793	0.1575951655675182	0.1089833582411244	0.07433279961822424	0.08029654277753025	0.07616440231831471	0.09971544851626392	0.02671097458256088	0.08056997191779358	0.04699902169697543	0.1368955991477076	0.1035806431945153	0.08625525405600531	0.04381579366881323	0.03367565272415449	0.1583154775666283
0.4352992869871236	-0.2287920159990116	0.4062204618800437	0.9732418964604457	0.6960368144857193	0.150638504342175	0.1154175949091604	-0.7908270448049667	-0.02347330700039877	0.1106872789793366	0.3369862457288858	-1.071506021689438	0.9122831772989815	-0.1611229781261495	0.7269185627707985	0.07934060091689799	1.283950346469651	5.960241488080309	0.09131121060651855	0.9288729471179582	-0.01568498683985969	0.03891251706311531	0.08350831751992417	0.04779988359592754	0.1500065367022297	0.1084577844899638	0.07725161624595171	0.07901097250671221	0.07463683974527674	0.1047198742630156	0.02742625425432973	0.08565636730152451	0.04379413225045539	0.1453915842224166	0.1063622330744792	0.07552364475852655	0.04292075137696049	0.0307658844036222	0.1655603624438443	0.002712061087510815	0.0378585594622533	0.08434724432035558	0.04594793594650776	0.1587082312906286	0.1089351789633924	0.07367786568105048	0.08043166529096911	0.07620732465851721	0.09948955117364466	0.02658681496673703	0.07964616178482153	0.04766336459805774	0.1355608186207411	0.1033657393881579	0.08859959449232852	0.04427000563283372	0.03481247855378918	0.1557289450559688
0.4372689670187395	-0.2309122813923571	0.4080223959247098	0.972921542663856	0.6974132340722885	0.150799769365037	0.1179695441532418	-0.7789715740766106	-0.02329350475730898	0.1124274361751967	0.3369410396506933	-1.081242460609146	0.9174008654264778	-0.164157264491587	0.6704394722151255	0.08423848284945475	1.307133690818822	6.077788256616984	0.09122885092446827	0.8365529470850762	-0.03008638629794737	0.03877999924411896	0.08361037161428431	0.04756559569770809	0.1509289471814365	0.1085058199504875	0.07681406375079748	0.07917719680992608	0.07481596248674909	0.1041493237478179	0.02731458966166252	0.08494148956077843	0.04429675948420576	0.1443384224105436	0.1060316357660791	0.07712581034096366	0.04310995109049838	0.03133385608158371	0.1644745591995269	0.002776614278910285	0.03777187529594557	0.08451009805994245	0.0457024993160276	0.159821297013739	0.1088869996856603	0.07302293174387672	0.08056678780440799	0.0762502469987197	0.09926365383102539	0.02646265535091317	0.07872235165184949	0.04832770749914005	0.1342260380937746	0.1031508355818004	0.09094393492865172	0.04472421759685422	0.03594930438342388	0.1531424125453094
0.4392386470503555	-0.2330508885748678	0.4098345029613942	0.9725952301543161	0.6986771868143067	0.1509698053046461	0.1205663726716063	-0.7668844402850061	-0.02311418749010704	0.1139749792245697	0.3368686478020353	-1.090144517970328	0.9226134298357841	-0.1671753195913776	0.6127235036507576	0.08827445017936661	1.329539461890299	6.195479715382723	0.09077715417998947	0.7338482003168411	-0.04313485655031283	0.03864875369285486	0.0837198679723445	0.0473253150210641	0.1518870013637551	0.108547788091684	0.07634978407862533	0.07934103438509335	0.07498087546608041	0.1036184689307057	0.02719876607210616	0.08420124689613227	0.04481717628558252	0.1432613025219083	0.1057184202290815	0.07881811087869046	0.04333313438669432	0.03198772228635179	0.1632397008919444	0.002924215401611681	0.03761670152536958	0.0846860854961376	0.04538159657242243	0.1612892611877031	0.1089153672566639	0.0723322350262979	0.08072178800560444	0.07631317894418808	0.099101150148139	0.02629748406876676	0.07777364061945338	0.04897632004350023	0.1330069586085263	0.1030328516370429	0.09349703805734698	0.04521791460331458	0.03735769043549515	0.1505323034040688
0.4412083270819714	-0.2352061941379677	0.4116569801753766	0.9722629887507924	0.6998260304218317	0.15114693419361	0.1232065720526543	-0.7545650517651675	-0.02293619688350478	0.1153145490645328	0.3367722475736992	-1.098197810944274	0.9279306849092497	-0.1701774159198864	0.5535583570322526	0.09144052489304544	1.351172099798042	6.313618041484057	0.08988178498524642	0.6253781484354742	-0.05446448903372918	0.03851458019591832	0.08383670748221669	0.04707534359208489	0.1528943994109338	0.1085883084213759	0.07585968492472504	0.0795038357437382	0.07513426065660442	0.1031265675053448	0.02707680124086976	0.08343694448940932	0.04535233347821678	0.1421681963888681	0.1054258644216766	0.08060132906504985	0.04358859087542248	0.032733119869676	0.1618682532961857	0.003071816524313077	0.0374615277547936	0.08486207293233275	0.04506069382881724	0.1627572253616671	0.1089437348276675	0.07164153830871907	0.08087678820680087	0.07637611088965647	0.09893864646525258	0.02613231278662034	0.07682492958705729	0.0496249325878604	0.131787879123278	0.1029148676922854	0.09605014118604223	0.04571161160977492	0.03876607648756641	0.1479221942628281
0.4431780071135873	-0.2373766304573789	0.4134900300229153	0.9719248416510633	0.700857053358154	0.1513295995368341	0.1258887383294436	-0.7420125410503529	-0.02276051392582537	0.1164337669606355	0.3366554258305505	-1.105544171941445	0.9333482838235447	-0.1731750099011698	0.4931322155738521	0.09394402693579049	1.372195192308266	6.43218575947407	0.08841860493658883	0.5101057956383377	-0.06392067563727288	0.0383746708760131	0.08395845352649202	0.0468164285268854	0.1539447693602608	0.1086331645298196	0.07535422858321453	0.07967161958258397	0.07529054806120106	0.1026315229623204	0.02694912544810414	0.08265081638040721	0.04590194174033806	0.1410585422816032	0.1051542890700046	0.08247419110407976	0.04385707169330185	0.03355302684991531	0.1603955153017519	0.003221624108597787	0.03725497760559479	0.08500956893012312	0.04473303234733902	0.1642014818355728	0.1090763863094387	0.07108342556576151	0.08113565624648489	0.07666781184614754	0.09807946098175484	0.0259617617624961	0.07586952095363521	0.05029910283543551	0.1305274249208976	0.1028435143600102	0.09877820478814847	0.04595470892607206	0.04009137544932078	0.1457638951622368
0.4451476871452033	-0.2395609138726356	0.4153338507252409	0.9715807876881023	0.7017678834635106	0.1515166226465998	0.1286118053823112	-0.7292260765244091	-0.02258824057292012	0.117320269011047	0.336521376383866	-1.112258022921138	0.9388673484859618	-0.1761752004780953	0.4315153430159407	0.0958653594154743	1.392702442044721	6.551173050482404	0.08641961726388496	0.3890797123070642	-0.07195726873912368	0.03822665875596142	0.08408302457215554	0.04654920261860557	0.1550326010579158	0.1086873341136025	0.07484237422404803	0.07984951821743176	0.07546202640998283	0.102097010071098	0.02681609984371507	0.08184478458179481	0.04646575931484898	0.1399318503906691	0.1049039662719439	0.08443562265122768	0.04412237402870183	0.03443321786931863	0.1588524589771958	0.003371431692882498	0.03704842745639598	0.08515706492791351	0.04440537086586079	0.1656457383094784	0.1092090377912098	0.07052531282280397	0.08139452428616889	0.07695951280263862	0.09722027549825708	0.02579121073837186	0.07491411232021312	0.05097327308301062	0.1292669707185173	0.102772161027735	0.1015062683902547	0.0461978062423692	0.04141667441107513	0.1436055960616454
0.4471173671768192	-0.2417578474420835	0.4171886428419199	0.9712308173372493	0.7025562240340487	0.1517069048742414	0.131374818645252	-0.7162048363840589	-0.02242039171228826	0.1179632582831983	0.3363724971578107	-1.118423310756152	0.9444882151456557	-0.1791849353932324	0.3688014907199128	0.09728521893701333	1.41279746493868	6.670569253493078	0.08396620239062565	0.2626494741995848	-0.07930864971756045	0.03806725306003397	0.08420856126622721	0.04627201946089033	0.156155629489668	0.1087561499495763	0.07432882764175917	0.08004616168867561	0.07566573986622684	0.1014687242668412	0.02667732057475864	0.08102269136967016	0.04703999447058018	0.1387905278417645	0.1046751589005817	0.08647955400369932	0.04439998407413037	0.03540196819325527	0.1571942706262774	0.003386875734653724	0.03677242176619613	0.08527720253312694	0.0440341737555043	0.1671231452818447	0.109459224504413	0.07003693958548253	0.0818259329605581	0.07757989612538171	0.09528859876182966	0.02560366611443847	0.07398841492381467	0.05161408165042237	0.1280210241629469	0.1027476085423413	0.1043200661544092	0.04668896537868979	0.04332360073624066	0.1404189264418199
0.4490870472084352	-0.2439665043525324	0.4190546039428838	0.9708749016223761	0.7032201277468597	0.1518995988521684	0.1341771479999121	-0.7029480459266377	-0.02225766450912217	0.1183504013192212	0.3362085842782316	-1.124161779391839	0.9502082718971916	-0.1822120776339268	0.3051629449737997	0.09831422823009119	1.432623699387406	6.790349176527919	0.08121898595988263	0.1292952083540718	-0.08722204611911662	0.03789367910514665	0.08433347510897722	0.04598348563856522	0.157311897542146	0.1088442004585751	0.07381761872946056	0.08026890822480054	0.07591619852261063	0.1006997543469371	0.02653244898598399	0.08018784218594552	0.04762146259029498	0.1376366789817674	0.1044680890001306	0.08860088162183534	0.04470293674845337	0.03648281577940186	0.1553815035766619	0.00340231977642495	0.03649641607599627	0.08539734013834038	0.04366297664514781	0.168600552254211	0.1097094112176162	0.06954856634816109	0.08225734163494733	0.07820027944812483	0.09335692202540226	0.02541612149050508	0.07306271752741619	0.05225489021783412	0.1267750776073765	0.1027230560569476	0.1071338639185637	0.0471801245150104	0.04523052706140618	0.1372322568219944
0.4510567272400512	-0.2461861250901758	0.4209319277137566	0.9705130007178576	0.703757887661302	0.1520940069878898	0.1370183598548108	-0.6894549718493288	-0.02210051833891941	0.1184671635430662	0.3360277860638341	-1.129609741852858	0.9560243986782166	-0.1852667986765948	0.2407878906951136	0.09909394297534012	1.452341527923789	6.910466401190289	0.07829265043019637	-0.01199048825546188	-0.09648324557130929	0.03770394827474358	0.08446243593351055	0.0456778589807115	0.1585218831300763	0.1089489116543741	0.07329398702037297	0.08050683566065008	0.07618886184936476	0.09987098065031193	0.02638080539178342	0.07934611539684931	0.04820233512958846	0.13648597004643	0.1042860022753096	0.09078482296817242	0.04502412351548923	0.03767026379466962	0.1534408306095636	0.003373143207948794	0.03616006838190656	0.08559922937636033	0.04317467963749278	0.1705569063020614	0.1099504730550246	0.06880750421656395	0.08254881228950613	0.07848572040294684	0.0926324186553205	0.02520569881238539	0.07221618758606926	0.05278093467291543	0.1258094985476634	0.102801287063977	0.1098528859002488	0.04760573934492165	0.04728508547826855	0.1342914956500349
0.4530264072716671	-0.2484163749859465	0.4228207967346835	0.9701450389350229	0.7041683647052694	0.1522899694531927	0.139898517912797	-0.6757250668742923	-0.02194946412402106	0.1182982466037426	0.3358280200035964	-1.134954428382897	0.9619312582618863	-0.1883662388901856	0.1759206024621958	0.09989234354593947	1.472169286082604	7.030825686482235	0.07503326354900258	-0.1607818187969925	-0.1064821908301532	0.03749638248693751	0.0845994334343694	0.0453502770102728	0.1598032895689494	0.1090680671249264	0.0727452971091378	0.08075063020325514	0.0764628344763319	0.09905225052600675	0.02622181896604434	0.07850256597722963	0.04877603171166874	0.1353520858340182	0.1041316891464312	0.09301894346328969	0.0453575599330545	0.03895968615785771	0.151395659416883	0.003343966639472638	0.03582372068781686	0.08580111861438025	0.04268638262983775	0.1725132603499118	0.1101915348924329	0.06806644208496683	0.08284028294406492	0.07877116135776886	0.09190791528523876	0.02499527613426569	0.07136965764472231	0.05330697912799676	0.1248439194879503	0.1028795180710064	0.1125719078819338	0.0480313541748329	0.04933964389513092	0.1313507344780754
0.4549960873032831	-0.2506571814811018	0.4247213857042476	0.9697709162717518	0.7044507609887185	0.1524877185990537	0.1428179907317749	-0.661757921478764	-0.02180530708787058	0.1178291583558963	0.3356083228444894	-1.140380045562776	0.967923077196259	-0.1915271281749363	0.1108089194637458	0.1009853162354358	1.492320855122351	7.15132017794715	0.07122803054848548	-0.3167643900683883	-0.1165277942845281	0.03727398884795564	0.08474405245017554	0.04500409330742228	0.1611439659314324	0.1091978593943481	0.07217383081320683	0.08100100448954413	0.0767392685481384	0.0982360060356513	0.02605867929213779	0.07766243860396026	0.04934255801904131	0.1342315572322098	0.1040013364698763	0.09528990478070105	0.04570874999589257	0.04035949945536292	0.1492365947705522	0.003333203017537674	0.03550078867376198	0.08601180157913077	0.04221014479698844	0.1743764134085875	0.1103910152443113	0.06731634404601808	0.0831562537787098	0.07907953015233848	0.09106473275927203	0.02482070568433796	0.0706117995671508	0.0538183228518661	0.123843230929141	0.1029427102333469	0.1151605760331256	0.04857260076033519	0.05174870523866239	0.1280336477077262
0.456965767334899	-0.2529088764561176	0.4266338559503371	0.9693904962692556	0.7046048582269363	0.1526880960919079	0.145777615726974	-0.647553430326417	-0.02166933531998424	0.1170455506235783	0.3353692569621028	-1.146010418177671	0.9739954453474926	-0.1947605028025581	0.04564643529351366	0.1025610462885017	1.512939447209363	7.271825078651456	0.0667219740636958	-0.480142922690781	-0.1261491664889039	0.0370393023313637	0.08489593814048881	0.04464214639729552	0.1625334054194407	0.1093350123339747	0.07158154105310971	0.08125856660511656	0.07701914568854955	0.09741571489368954	0.02589406302635052	0.07683023973154465	0.04990191697912368	0.1331213515008592	0.1038916566136565	0.09758648224773046	0.04608232574549356	0.0418766666359511	0.1469553188115926	0.00332243939560271	0.03517785665970709	0.08622248454388126	0.04173390696413912	0.1762395664672632	0.1105904955961897	0.06656624600706933	0.08347222461335467	0.07938789894690808	0.09022155023330529	0.02464613523441023	0.06985394148957931	0.05432966657573544	0.1228425423703317	0.1030059023956874	0.1177492441843174	0.04911384734583748	0.05415776658219387	0.1247165609373771
0.4589354473665149	-0.2551719316821296	0.428558363612966	0.9690036300693613	0.7046306705025105	0.1528921571173126	0.1487783920314791	-0.6331116573629717	-0.02154301586672681	0.1159326639805125	0.3351119225309169	-1.151913606022756	0.9801457825415247	-0.1980725692466122	-0.01943315803938018	0.1047255883732435	1.534104102520015	7.392210131666205	0.06141816004534342	-0.6512837047563765	-0.1350458789376043	0.03680055739517744	0.08505282550888216	0.04427470269397324	0.1639418772198011	0.1094711836079762	0.07097817768325365	0.08152794310804244	0.07731410688304272	0.09656409935183252	0.02573447818906131	0.07601062102436272	0.05046296895272822	0.132006517606645	0.1037952307017651	0.09989682347978801	0.04648689659814752	0.04352194815388301	0.1445432520509708	0.003519306392303053	0.03496387639633449	0.08640752154566361	0.04139552701424347	0.1776074911684995	0.1106499773061605	0.06594485830934994	0.08388450839699917	0.07990736017338133	0.08887481840323437	0.02457141226842657	0.06919277370538571	0.05497362466424807	0.1215734411991378	0.1029738003533034	0.120178311456131	0.04984276876218671	0.05699597811892231	0.1210109620511076
0.4609051273981309	-0.2574468070104595	0.4304950646371818	0.9686101686264224	0.7045283517523172	0.1531009574160569	0.1518213070584102	-0.6184330175954206	-0.02142788591935482	0.1144743870629479	0.3348376689598576	-1.158012475914616	0.9863765203917062	-0.2014572640267066	-0.084457041996405	0.1073733127956033	1.555726860523239	7.51233824430097	0.05536011576100779	-0.8308500546665181	-0.1433286386070051	0.03656469837415868	0.08521277963961663	0.04391045479764386	0.165343684439367	0.1095991963658368	0.07037208660484617	0.08181307855545231	0.07763406184111951	0.09565759841097446	0.02558538484739561	0.07520757411271996	0.05103316880057023	0.1308740106577432	0.103705672507575	0.1022109363418954	0.04692970386530253	0.04530423842330369	0.1419927720072183	0.003716173389003396	0.03474989613296189	0.08659255854744596	0.04105714706434782	0.1789754158697358	0.1107094590161313	0.06532347061163059	0.08429679218064368	0.08042682139985459	0.08752808657316342	0.02449668930244292	0.06853160592119212	0.0556175827527607	0.120304340027944	0.1029416983109193	0.1226073787279446	0.05057169017853594	0.05983418965565074	0.117305363164838
0.4628748074297468	-0.2597338102531908	0.4324441199617907	0.9682099749651712	0.7042979625787786	0.1533153409032744	0.1549071744090611	-0.6035181079784607	-0.02132537749114532	0.1126537322282042	0.3345476143167225	-1.164155176416494	0.9926927748599723	-0.2049028226692693	-0.1495379082813942	0.1102967696523726	1.577633839201133	7.632065092023574	0.04863801972724736	-1.01937029583494	-0.151094674614202	0.03634118935214095	0.08537474437114657	0.04355894470758351	0.1667080456542321	0.1097076861605673	0.0697676210291068	0.08211285822733726	0.07797849330475924	0.09470096999703552	0.02545346753947803	0.07442543692808701	0.05162341989081842	0.1297073361651469	0.1036160917941146	0.1045193460213721	0.0474152461487071	0.04721888272724089	0.1393110806485974	0.003800758737818611	0.03469457058885485	0.08676498269544085	0.04088164770359499	0.1797071613774185	0.1105415530083214	0.06477212322136434	0.08472129952009487	0.08098793535988276	0.08616260537693042	0.02454825795432079	0.0679780102789609	0.0564621260953173	0.1186850873601121	0.1027966324023116	0.1248702219674985	0.0514531777117539	0.06289449165644465	0.1134951809462919
0.4648444874613628	-0.2620326734300077	0.43440571023215	0.9678029561898269	0.7039390684725195	0.1535353790154939	0.1580361470042639	-0.5883679360101036	-0.02123664061811476	0.1104526852976796	0.3342428406440207	-1.170055052578252	0.9991044379599175	-0.2083874401032112	-0.2149401300415615	0.1131151101536692	1.599495766032945	7.7512223455817	0.04137644832176239	-1.217097824238237	-0.158274236394869	0.03613800764353656	0.08553781749696279	0.04322824634409263	0.1680083203294459	0.1097868721518844	0.06916850569316196	0.08242633129336005	0.07834695872385733	0.09369831729917255	0.02534432984588774	0.07366792537104294	0.05224289935546038	0.1284921067092619	0.1035205601359339	0.1068140418585867	0.04794730027826132	0.0492619722529711	0.1365044694746434	0.003885344086633828	0.0346392450447478	0.08693740684343571	0.04070614834284215	0.1804389068851013	0.1103736470005115	0.06422077583109811	0.08514580685954609	0.08154904931991096	0.08479712418069742	0.02459982660619865	0.06742441463672967	0.05730666943787389	0.1170658346922802	0.1026515664937039	0.1271330652070525	0.05233466524497186	0.06595479365723854	0.1096849987277459
0.4668141674929787	-0.2643427103649065	0.4363800305772326	0.9673890511169813	0.7034508403036779	0.1537605899116655	0.161207897240318	-0.5729837342081968	-0.02116265369950366	0.1078529850532575	0.333924591164828	-1.175379546688395	1.005622927538659	-0.2118860384168217	-0.280976338644964	0.1153929544448687	1.620930019718215	7.86962181255766	0.0336941735473827	-1.42420376975289	-0.1646472640378074	0.03596275152015928	0.08570215200675446	0.04292452425013423	0.1692266880723294	0.1098262875182417	0.06857413849105555	0.08274941640915764	0.07873161726445492	0.09267177445029988	0.02526326573966788	0.07293871871959026	0.05290092934011485	0.127217213214951	0.103414937355242	0.1090907280917122	0.04852893889610969	0.05141863992008217	0.1335868636185944	0.00399673525022959	0.03474679685115505	0.08711478674110044	0.0406725589843346	0.1806737890617367	0.1099525258287019	0.06366943603226663	0.0855258474861509	0.08202128065199328	0.08374368049293161	0.02478016547129661	0.06698225542201183	0.05836730367238825	0.1151423972392373	0.1024185848716057	0.1292853518380223	0.05336262418276445	0.06905126289123314	0.1059267145043958
0.4687838475245946	-0.2666622777532304	0.4383673084410818	0.9669682701551363	0.7028315550670319	0.1539892597685122	0.1644209937128595	-0.5573673332393718	-0.02110413299267939	0.1048360281271475	0.333595138988973	-1.179732309305061	1.012261435403564	-0.2153691744322275	-0.3480146356802709	0.1166274590753568	1.64147861520502	7.986996154336123	0.0256720584543843	-1.640777567902796	-0.1696494944021995	0.0358218159555778	0.08586787863202491	0.04265298469056961	0.1703476617020019	0.109816912489348	0.06798400358243972	0.08307863418820995	0.07912579532753004	0.09164046474456089	0.02521470584627706	0.07224096101668859	0.05360535244072766	0.1258729569093917	0.1032956608820836	0.111345753826145	0.04916273605819589	0.05367653741834179	0.1305705173249275	0.004108126413825352	0.03485434865756228	0.08729216663876518	0.04063896962582706	0.1809086712383721	0.1095314046568923	0.06311809623343516	0.08590588811275571	0.08249351198407563	0.08269023680516582	0.02496050433639456	0.06654009620729398	0.0594279379069026	0.1132189597861943	0.1021856032495074	0.1314376384689921	0.05439058312055704	0.07214773212522775	0.1021684302810456
0.4707535275562106	-0.2689891821259154	0.440367790036064	0.9665406640615093	0.7020789699551232	0.1542189794594216	0.1676733700927373	-0.5415209318021964	-0.02106169693918068	0.1013835501295033	0.3332575995510312	-1.182667990003557	1.019036284729043	-0.2188052130600145	-0.4164833553859631	0.1162543286037576	1.660629903628434	8.10300435166957	0.01738934744940065	-1.865463650061686	-0.1726185859293946	0.03572100319044303	0.08603551548408059	0.04241742376588767	0.1713599128188957	0.1097511165931136	0.06739622527870998	0.08341119403404587	0.07952373785644372	0.09062128754775915	0.02520352424819328	0.07157730186011244	0.05436497120999277	0.1244516101429615	0.1031610564276054	0.1135814083086421	0.04979886596636578	0.05593012445556936	0.1275585625005941	0.004434978237999331	0.03512359554253315	0.08748158136732641	0.04073091470674064	0.1807086456932181	0.1088709683138492	0.06254268813338158	0.08624891957802518	0.08288386219149746	0.08193177159213993	0.02528249798660404	0.0662046074533179	0.06073220220520497	0.1110181261427399	0.1018947196241821	0.1335840284814647	0.05469873305640929	0.07369791143205225	0.1002187931995394
0.4727232075878265	-0.2713199569800729	0.4423817716531827	0.9661063704283752	0.7011896195456351	0.1544457266229514	0.1709615038252104	-0.5254479791454741	-0.02103574719379257	0.09748489300183349	0.3329169836685877	-1.183662467981195	1.025969289152575	-0.2221596607338477	-0.4868852292100815	0.1136093103081093	1.677786553339274	8.217035057366649	0.008931884530068252	-2.093825177218363	-0.1727734334914146	0.0356651842483461	0.08620550528516792	0.04222103671252062	0.1722535308077957	0.1096223077614688	0.06680919961081067	0.08374471689527653	0.07992054693644585	0.08962883460367604	0.02523379211160885	0.0709499967205366	0.05518718264065744	0.1229464119122199	0.1030096822466537	0.1157996163902999	0.0503954385708526	0.05809174821542241	0.1246420514861936	0.004761830062173311	0.03539284242750403	0.08767099609588762	0.04082285978765422	0.1805086201480641	0.108210531970806	0.06196728003332799	0.08659195104329463	0.08327421239891927	0.08117330637911403	0.02560449163681353	0.0658691186993418	0.06203646650350732	0.1088172924992855	0.1016038359988568	0.1357304184939373	0.05500688299226154	0.07524809073887673	0.09826915611803325
0.4746928876194425	-0.2736504130653729	0.4444095806747222	0.9656655734343471	0.7001593374280518	0.15466456162072	0.1742810505497796	-0.5091527975136173	-0.02102656601510861	0.09313646935343631	0.332579344723712	-1.182150990491462	1.033085534596522	-0.2253971605740891	-0.5597473682141791	0.107972234889011	1.692307800952165	8.328242963330295	0.0004054687353846555	-2.31918109230831	-0.1693957804345148	0.03565855599132905	0.0863781814499799	0.04206590218580665	0.1730215887248198	0.1094262030514365	0.06622154850578471	0.08408043753977672	0.08031871450978217	0.08866207356437235	0.02531056285649814	0.07036031839944723	0.05608116600648638	0.1213512006916092	0.1028416611126116	0.1180090549698968	0.05084408133319948	0.05997431503317586	0.1220483984289878	0.004603416754168981	0.03581943187284963	0.08787109576886273	0.04102627704298819	0.1799204916352243	0.1073451891164147	0.06136967740148748	0.08695886284829697	0.08370620543660731	0.08044717282152217	0.02608914205721976	0.06562602629995128	0.06362548514484789	0.1063434988588654	0.1012819061928429	0.138000610142461	0.05342883973716103	0.07342438906778731	0.1008058294333657
0.4766625676510584	-0.2759748371927032	0.4464516151855451	0.9652185480662264	0.6989826737769808	0.1548685887563056	0.1776259419537941	-0.4926429510961274	-0.021034097683609	0.0883581160713193	0.3322523130762973	-1.17753775914143	1.040413778468458	-0.2284839148489509	-0.6355200384377937	0.09857364030420644	1.70352153892598	8.435004478439383	-0.008038310917125827	-2.530373732415483	-0.1620029397422661	0.03570462879417557	0.08655382891745139	0.0419537593543498	0.1736579643160854	0.1091590835927773	0.06563209444935247	0.08441940914031341	0.08072036233517113	0.0877201026709864	0.02543804921600902	0.06980933953706425	0.0570546233073032	0.1196605704755667	0.1026570974983891	0.1202170857097004	0.05105338911312586	0.06142118679788445	0.1199772504156228	0.004445003446164651	0.03624602131819524	0.08807119544183786	0.04122969429832216	0.1793323631223846	0.1064798462620235	0.06077207476964697	0.08732577465329931	0.08413819847429535	0.07972103926393027	0.026573792477626	0.06538293390056076	0.06521450378618847	0.1038697052184453	0.100959976386829	0.1402708017909848	0.05185079648206053	0.07160068739669789	0.1033425027486982
0.4786322476826744	-0.2782867574743856	0.4485083097947511	0.9647656118237482	0.6976536650767724	0.1550499330546574	0.1809892529436831	-0.4759283661031497	-0.02105808912784744	0.0831844300043476	0.3319440593587513	-1.169357872151249	1.047972968926085	-0.2313923998216684	-0.7143583976455181	0.08482534445886288	1.710893986871462	8.535186167617336	-0.01629347114539309	-2.719177734952798	-0.1502918105912284	0.03580171546595898	0.08673349724372391	0.04188064988162018	0.1741709806675935	0.1088224498151517	0.0650367137672168	0.08476608372980773	0.08113241009287769	0.08678992811991333	0.02561666952701107	0.06929628136792253	0.05810880626262499	0.1178798091182423	0.1024603779696324	0.1224376563699694	0.05105218893296799	0.06246865014585039	0.118432646672965	0.004413624385370944	0.03675096043805605	0.08829600621967477	0.04145381777578704	0.1786430861991447	0.1055018984338681	0.06010029687814925	0.08777840887539073	0.08469942443302385	0.07881010014329087	0.02716706536717071	0.06520153453142341	0.06699142182079877	0.1013196600021968	0.1006857220256698	0.1428010365119829	0.05026700155251506	0.06945095629743731	0.1068891290808808
0.4806019277142903	-0.2805789386550035	0.4505801120685213	0.9643071344269781	0.6961669708550332	0.1551998134372199	0.1843631358408515	-0.4590264311278618	-0.0210981748002019	0.07766121508430988	0.3316630461066425	-1.157494876573179	1.055754026411152	-0.2341103702304794	-0.7956328343902932	0.06662546613452648	1.714256318288876	8.625238523113548	-0.02438032659011837	-2.885283311398878	-0.1343431959413678	0.03594837692380239	0.08691808334475069	0.0418432193727722	0.1745677835980244	0.1084175687420852	0.0644318841979737	0.08512425862188946	0.08156075002951636	0.0858603417853812	0.02584675351472696	0.06882046120406218	0.05924474550829362	0.1160135092054445	0.1022552777205075	0.1246826346896473	0.05086444824726109	0.06314570013583928	0.1174161859392386	0.004382245324577237	0.03725589955791686	0.08852081699751169	0.04167794125325193	0.1779538092759048	0.1045239506057127	0.05942851898665153	0.08823104309748214	0.08526065039175233	0.07789916102265147	0.02776033825671541	0.06502013516228605	0.06876833985540906	0.09876961478594828	0.1004114676645105	0.145331271232981	0.0486832066229696	0.06730122519817673	0.1104357554130634
0.4825716077459062	-0.2828441441084132	0.4526674455357377	0.9638434950508151	0.694518409876237	0.1553095269336474	0.1877396802077434	-0.4419597448363254	-0.02115407546881696	0.07183082574192759	0.3314174835057748	-1.142141637368966	1.063723192865677	-0.2366379543039794	-0.8781030283840899	0.04430352233932144	1.71376505716224	8.700780327810953	-0.03244412695047735	-3.036396657602287	-0.1144747690432644	0.03613396316404385	0.08710979673870002	0.04182938267856989	0.1748717181046393	0.107952900289315	0.06381060900805552	0.08550271280982849	0.08202046628580739	0.0849054524316923	0.02611987587069379	0.06838009079013396	0.06044971844352974	0.1140835873352375	0.1020502523965408	0.1269634456951068	0.05067116287515493	0.06370927822236541	0.1164663010127863	0.004673835512138697	0.0376887432451249	0.08879498971831996	0.04177570074540706	0.1775051399428432	0.1035686436110286	0.05861877804171505	0.0888632894940434	0.08612183995603959	0.07652844480659335	0.02832461719848181	0.06488046159305522	0.07050242389445233	0.09647430108463051	0.1002756299905916	0.1481322415507298	0.04974266765229202	0.06876783862760084	0.1063020269230122
0.4845412877775221	-0.2850765137273727	0.4547705755503016	0.9633750404673201	0.6927086368613311	0.155372445529029	0.1911123035041416	-0.4247642469374761	-0.0212262383993602	0.06569372798912354	0.331214169109969	-1.124153558868605	1.07179376954775	-0.2389996986466761	-0.9593265193104248	0.01911014881909718	1.710274919910852	8.756033011260557	-0.04089287202339963	-3.196711616672757	-0.09144464142936998	0.03634951758880316	0.0873105255753535	0.04182894288523817	0.1751030749530618	0.1074357300820311	0.063166912867667	0.0859089332833695	0.08252440008178455	0.08390294804959801	0.02642898154192349	0.06797362771282013	0.06171302813362575	0.1121091881441732	0.101852580267331	0.1292898306736785	0.05062555748997467	0.06437601755429388	0.1151811560540691	0.004965425699700158	0.03812158693233292	0.08906916243912824	0.04187346023756219	0.1770564706097816	0.1026133366163445	0.05780903709677858	0.08949553589060466	0.08698302952032685	0.07515772859053524	0.02888889614024822	0.06474078802382441	0.07223650793349559	0.09417898738331272	0.1001397923166726	0.1509332118684785	0.05080212868161445	0.07023445205702497	0.1021682984329609
0.4865109678091381	-0.287271492400214	0.4568896384026555	0.9629020783654409	0.690741893518536	0.1553838357060623	0.1944757357834562	-0.4074841931175231	-0.02131571076655631	0.05921525044977877	0.3310587564905281	-1.104469850863072	1.079872403314742	-0.2412229814633452	-1.036694294028928	-0.007595526185988627	1.704730197185508	8.784684699803499	-0.05013311263820099	-3.388323965322008	-0.06620172476529131	0.03658623165604413	0.08752149497888013	0.04183332178710884	0.1752821331389519	0.1068724779443067	0.06249818933753976	0.08635494798960226	0.08309553721517708	0.08281558603941259	0.02676941746969314	0.06760280029140041	0.06302365896108927	0.1101092187205491	0.1016655910183116	0.131662231447764	0.05075634665076893	0.06516005380011997	0.1135327972549234	0.00494357996809038	0.03847267218332811	0.08938342929663601	0.04185776884841291	0.1768761856401878	0.1016742108345446	0.05691142622315306	0.09039871825131124	0.08834187654914272	0.07303586547412701	0.02945266514101155	0.06469722367371544	0.07390694858649689	0.09215547595860993	0.1000795199658212	0.1538426709602559	0.05263345943934058	0.07215623824576635	0.09687643387261467
0.4884806478407541	-0.2894268478011204	0.459024542490528	0.9624248523917485	0.6886286888706855	0.1553422946402868	0.1978270523404365	-0.3901792276028949	-0.02142443163701489	0.05231901122673852	0.3309540145966885	-1.083920228220039	1.087878895271192	-0.2433291958669579	-1.10804250095808	-0.03463613414486531	1.697972624973997	8.781328215485567	-0.06043752067854948	-3.620903215118248	-0.03999387178747823	0.03683670766046944	0.08774375175182628	0.0418352871720882	0.1754265681119115	0.1062686808275789	0.06180221181410329	0.08685100799096027	0.08375342228522589	0.08161123868270746	0.02713729131040348	0.06726907012511353	0.06437236227228867	0.1081002047601943	0.1014921490616574	0.1340810417547735	0.05108757745329331	0.06607325666509818	0.1114961392894731	0.004921734236480601	0.03882375743432331	0.08969769615414379	0.04184207745926364	0.176695900670594	0.1007350850527446	0.05601381534952754	0.0913019006120178	0.08970072357795859	0.07091400235771878	0.03001643414177487	0.06465365932360648	0.07557738923949819	0.09013196453390714	0.1000192476149697	0.1567521300520333	0.0544647901970667	0.07407802443450776	0.09158456931226841
0.4904503278723701	-0.2915413107813669	0.4611751024148447	0.9619435840911262	0.6863820455953726	0.1552477769445414	0.2011643052308945	-0.3729155863502683	-0.02155460210906746	0.04492337084708328	0.3309009711710288	-1.062882520721663	1.09577163292074	-0.2453208236285907	-1.172194727333352	-0.06148776447615108	1.690374929238188	8.742042411775007	-0.07180666373915813	-3.886269573105848	-0.01416575257458873	0.03710848083500165	0.08797470066103952	0.04184293998318307	0.1755125095575041	0.1056201148715279	0.0610889297204769	0.08741270821459003	0.08453456354847158	0.08024024452928163	0.02754905530829377	0.06697783432910388	0.06577362964172602	0.1060722517094324	0.1013239609160937	0.1365455253985846	0.05128375314153321	0.06669896800874446	0.109892747110526	0.004912012810151229	0.03932461511475806	0.08998839361531065	0.04195394394528574	0.17595713510501	0.09963920007658653	0.05523285737615818	0.09258587807283226	0.09188648109300608	0.06769463003810974	0.03089677455564345	0.06477584047059357	0.0775772154357008	0.08790953057667529	0.09983399159418428	0.1597495360952605	0.05110912429333564	0.06910968903811437	0.1008638837447483
0.492420007903986	-0.2936130976079582	0.4633411513428642	0.9614585477747422	0.6840149264738082	0.15509945055289	0.2044849552691912	-0.3557648782092877	-0.0217075877651766	0.03701872983246756	0.3308970423391216	-1.04058706077667	1.103606366197404	-0.2471552023259021	-1.230372951527234	-0.08927336295691261	1.681114174185057	8.66665672358044	-0.08360371536310586	-4.137741121510802	0.009876922500091421	0.03740787452740545	0.08821212406683719	0.04186310851804093	0.1755190993763675	0.10492312276736	0.0603668406946839	0.08805332212453343	0.08546993030883378	0.07865960965253641	0.0280184391880536	0.0667336790864811	0.06723964058363652	0.1040167222511843	0.1011538901250432	0.1390550735848291	0.0510613543168974	0.06668438440874676	0.1094376376657416	0.004902291383821858	0.03982547279519282	0.09027909107647752	0.04206581043130785	0.175218369539426	0.09854331510042845	0.05445189940278881	0.09386985553364673	0.09407223860805355	0.06447525771850071	0.03177711496951203	0.06489802161758065	0.07957704163190341	0.08568709661944346	0.09964873557339882	0.1627469421384876	0.04775345838960458	0.06414135364172099	0.1101431981772283
0.4943896879356019	-0.2956390241898372	0.4655226294601149	0.9609700896192382	0.6815377856839316	0.1548944503303095	0.2077849778774735	-0.338797064306992	-0.02188370656177187	0.02866757412784876	0.3309377925260213	-1.015946716128527	1.111464456625076	-0.248775145227144	-1.284524132515458	-0.1195659621598737	1.669032413464755	8.556731349354603	-0.09503708003320682	-4.323447163955469	0.03084667238080549	0.03775552380341398	0.08845061425069306	0.04191502926830906	0.1753894017822429	0.1041665733605622	0.05965275667664489	0.08879197939875988	0.08661044564632649	0.076831068110501	0.02857518190252152	0.06653539468714305	0.06881177746054204	0.1019039485054498	0.1009712077169921	0.1416309389981521	0.05039951900035565	0.06601325096650197	0.1107746157927766	0.005107142330320312	0.04071672520618212	0.09048613360687047	0.0425172167825214	0.1731543570047347	0.09714876038956227	0.0539392084682544	0.09565860550734265	0.09748668820358816	0.06019619170153234	0.03324762994126829	0.06509234838616497	0.0824285621660307	0.08287033944288172	0.0992634117187194	0.1662574174909384	0.04321618830986619	0.05759786571660212	0.1335494056917229
0.4963593679672179	-0.2976129943848479	0.4677196825082925	0.9604787148273414	0.6789562386358748	0.1546257211138795	0.2110572156931032	-0.3220789659815663	-0.0220812386491145	0.02006012816346542	0.3310159922387001	-0.9878309765455139	1.119421083531617	-0.2501167368562006	-1.336386236617227	-0.15398340243807	1.652901857090716	8.413097161600891	-0.1053464865704084	-4.397978371157502	0.04790329671449488	0.03816873197677132	0.08868555010454303	0.0420149071671255	0.1750735741989733	0.1033408296461958	0.05896102980505722	0.08964492722813677	0.08799911886091775	0.07472117785719214	0.02924405515653525	0.06638193141184166	0.07052478187147258	0.09970803026363709	0.1007666825938743	0.1442912779029472	0.04927906456779713	0.06466849661283812	0.1144389808036611	0.005311993276818767	0.04160797761717141	0.09069317613726341	0.04296862313373494	0.1710903444700435	0.09575420567869608	0.05342651753371998	0.09744735548103858	0.1009011377991228	0.05591712568456397	0.03471814491302454	0.06528667515474929	0.08528008270015797	0.08005358226631998	0.09887808786404	0.1697678928433892	0.03867891823012781	0.05105437779148325	0.1569556132062176
0.4983290479988338	-0.2995276146669361	0.4699325361561801	0.9599850071878419	0.6762740949351252	0.1542843574408403	0.2142930864178347	-0.3056771032059079	-0.02229759301893598	0.01143721414687738	0.3311235383031712	-0.9557765918051684	1.127489496350109	-0.2511316395314735	-1.386341538220022	-0.1931745143291586	1.632177961882994	8.234708041604014	-0.1141963786520007	-4.343522943777501	0.06073756591536071	0.03866782639005297	0.08891397074897109	0.04217698154209805	0.1745390712866363	0.1024374234936385	0.058299286887157	0.09062601188917176	0.08967573294281923	0.07235452792320173	0.03004898256148169	0.06626369263585023	0.07241865725861815	0.09741634488242559	0.1005369495632168	0.1470441529190282	0.04796034313192112	0.0629715881247213	0.1192231485162308	0.005251724173388228	0.04296305522116994	0.09083999381583101	0.04374934053912501	0.1679912438473392	0.09407106492234946	0.05308605243751724	0.0997221904140482	0.1055553666792947	0.05156090621414896	0.03680153704480517	0.0654050238102761	0.08913050869914244	0.07685822556763849	0.09838794060570817	0.1736238744942248	0.03758793257228857	0.04873683750991219	0.1629756213544307
0.5002987280304497	-0.3013762258912875	0.4721612677951435	0.9594896471990193	0.6734977446931828	0.1538625878602231	0.2174845763478758	-0.2896652424533104	-0.02253055199560855	0.003005224203268446	0.3312530550708759	-0.9208060528037564	1.135543526231017	-0.2517945406977106	-1.432042624587379	-0.2356268933563505	1.60783825328314	8.01709162119276	-0.1222066112242363	-4.204112835219942	0.07021265074485046	0.03926980690042371	0.08913334479154465	0.04241321756135787	0.1737571719448789	0.1014490042569925	0.05767402346540984	0.09174693495625151	0.09167354257836716	0.06975206059589095	0.0310097845370888	0.06617249584063942	0.074526864279035	0.09501784714511574	0.1002791100188524	0.149896465164172	0.04666511751375466	0.06119757743230744	0.1241000740816686	0.00519145506995769	0.04431813282516848	0.09098681149439859	0.04453005794451509	0.164892143224635	0.09238792416600283	0.05274558734131449	0.1019970253470578	0.1102095955594667	0.04720468674373395	0.03888492917658579	0.06552337246580292	0.0929809346981269	0.07366286886895698	0.09789779334737636	0.1774798561450603	0.03649694691444933	0.04641929722834112	0.1689956295026439
0.5022684080620657	-0.3031539594572639	0.4744057457396936	0.9589933425418423	0.6706375517145091	0.1533552816978684	0.2206254118383401	-0.2741245649108828	-0.02277901024236243	-0.005104251787613444	0.3313988238374028	-0.8842168796019757	1.143427139269872	-0.2520790202254345	-1.470593058545501	-0.2794075918554745	1.58113498907662	7.754460154471082	-0.1302581769082731	-4.033015335867508	0.07806207218060163	0.03999450415250895	0.08934695384352746	0.04272734664949093	0.1727212553310848	0.1003679679759295	0.05707367852084824	0.09299834151706146	0.09397453632388576	0.06700764558005227	0.03215983430188203	0.06610888391058878	0.07685660199171526	0.09253013727437562	0.09998731440927129	0.1528541789081208	0.0454730490385896	0.0594311005260953	0.128452147644061	0.005371971407129992	0.04620780810781163	0.09117413480900309	0.04552184565594648	0.1611766023581717	0.09040348467762115	0.05228062873580459	0.1043976226589061	0.115240361058052	0.04405745560376841	0.04182896612669364	0.06570485135221518	0.0974291041348905	0.07059738643402813	0.09724522250509336	0.1816760005884745	0.03676361823927174	0.04539877536752885	0.1634742327496719
0.5042380880936816	-0.3048591670266639	0.4766654358021263	0.958496894279662	0.6677108249821184	0.1527621933482367	0.2237123983647025	-0.2591505249520774	-0.02304441533152697	-0.01289335763234259	0.3315616027023595	-0.8471638927706502	1.150989845311805	-0.2519403786944063	-1.499600262089188	-0.3227294001245328	1.553160757233415	7.441731827694555	-0.1394142064784624	-3.878809229542424	0.08748452007250167	0.04085843173848974	0.08955760259550835	0.04312246592241641	0.1714252007197673	0.09918769540723993	0.05648838770396581	0.09437221001024604	0.09656308734308006	0.06420280579679639	0.03352666650866652	0.06607331237991587	0.07941372416139357	0.08996856785592519	0.09965652263803394	0.1559224097539297	0.04445205610073419	0.05774506708229627	0.1317598956038548	0.005552487744302295	0.04809748339045478	0.0913614581236076	0.04651363336737787	0.1574610614917085	0.08841904518923946	0.05181567013029469	0.1067982199707544	0.1202711265566373	0.04091022446380287	0.04477300307680148	0.06588633023862747	0.1018772735716541	0.06753190399909927	0.09659265166281036	0.1858721450318887	0.03703028956409415	0.04437825350671658	0.1579528359966999
0.5062077681252976	-0.3064914643549576	0.478939624774543	0.9580011739519125	0.6647374899083164	0.1520850858265514	0.2267435077600194	-0.2448446503703452	-0.0233295729770313	-0.02041939339902461	0.3317468771195473	-0.8101638138324508	1.158131614942419	-0.2513148230228927	-1.517802119779001	-0.364681281565782	1.524334626562433	7.074827927422692	-0.1505195830716231	-3.765033532041184	0.1021400209978488	0.04189415820535487	0.08977340373219847	0.04360066214069355	0.1698916498337882	0.09789693746602142	0.05589735999551008	0.09582508208678157	0.09933163488597593	0.06143133852951312	0.03518867474492014	0.06607610815895816	0.08217554376827819	0.08735587159083204	0.09927291933536947	0.1591007321995046	0.04345479381141443	0.05598297463539055	0.1351561395495067	0.00610671250233919	0.05080931541236321	0.09168831628180574	0.04770463060921983	0.1537125098472448	0.08604215852976034	0.05102977134026264	0.1086728494229138	0.1239896671287327	0.0392612084090293	0.04944152676214254	0.0663011067736075	0.1064350300756769	0.06474544235182222	0.09561115730965321	0.1903087011353278	0.03519973725275447	0.04086480762646746	0.1717870996044085
0.5081774481569136	-0.3080503039912945	0.4812274603428298	0.9575072506625913	0.6617383898864806	0.1513260270900444	0.2297162120418803	-0.2313177823160115	-0.02363890377544412	-0.0277328600572326	0.3319698755934979	-0.7725756507918916	1.164846541036959	-0.2501156941787415	-1.525761630369806	-0.4059420193695406	1.493856917067927	6.650734592922677	-0.1639592437290448	-3.662971024206445	0.1257884296356177	0.04312872850796077	0.09000129409204492	0.04416364381689145	0.1681402534059595	0.09648589422852974	0.05528288394805851	0.09732005455867956	0.1021895429706625	0.0587747901098516	0.03721033143132316	0.06612604341799637	0.08512296925761761	0.08471190924724346	0.09882459516335255	0.1623888117827682	0.04235567337623299	0.05401008533259673	0.1395968052818688	0.006660937260376086	0.05352114743427165	0.09201517444000387	0.04889562785106179	0.1499639582027811	0.08366527187028121	0.05024387255023059	0.1105474788750732	0.1277082077008281	0.03761219235425572	0.05411005044748358	0.06671588330858752	0.1109927865796997	0.06195898070454518	0.09462966295649605	0.1947452572387668	0.03336918494141479	0.03735136174621834	0.1856213632121171
0.5101471281885295	-0.3095340735341164	0.4835281012860632	0.9570163115732808	0.6587332189498596	0.150485892158736	0.2326266991836065	-0.2186841570772717	-0.02397726151009589	-0.03483702473133869	0.3322505613079086	-0.7338736909434767	1.171121952964309	-0.248257711764697	-1.524124255690648	-0.4470268476418741	1.461054871917696	6.16768191788434	-0.1801332854221775	-3.549383983119132	0.1612142268306164	0.04459594143007371	0.09024444704020644	0.04480990074738136	0.1661723279086622	0.0949566567770697	0.05463296244832213	0.09882128886391582	0.1050542757460571	0.0562775757778918	0.039644000034563	0.06621075857298557	0.0882662225677085	0.08205070422816173	0.09831117911665381	0.1657913641559357	0.04125498191336117	0.05196261034670705	0.1444433251918124	0.006342000787028582	0.05720995233262848	0.09242339482677005	0.05023621036405717	0.1458367472233462	0.08110181112955256	0.04921112190408411	0.1118601874710287	0.1301134471415829	0.03691179356064127	0.06042035270802174	0.0670128889941949	0.1161557235311831	0.05936797210158699	0.09351457725352055	0.1995247505857159	0.03298566130836785	0.03573717403603505	0.1894739756689689
0.5121168082201454	-0.3109406509682394	0.4858406103789916	0.9565297565285804	0.6557404262833625	0.1495653868785479	0.2354703280682922	-0.2070592250263633	-0.02435060429676845	-0.04171050458672715	0.3326128358827486	-0.694195512556951	1.176897412580117	-0.2456641896534612	-1.51319251515769	-0.4875494194920895	1.425969814211153	5.626514863498318	-0.1994826177550399	-3.428734109044792	0.2086324431822007	0.04632366721499468	0.09050557504352388	0.0455381270327244	0.1639888250899128	0.09331097701320071	0.05393737488283256	0.1002983656005784	0.1078563633024053	0.05397793873447358	0.0425319224834842	0.06631973962824807	0.09161380438383177	0.07938450518081298	0.09773232964160336	0.1693124528140623	0.04023809104362623	0.04995780816632023	0.1491557624574806	0.006023064313681079	0.06089875723098532	0.09283161521353622	0.05157679287705254	0.1417095362439113	0.07853835038882391	0.04817837125793763	0.1131728960669841	0.1325186865823377	0.03621139476702683	0.06673065496855989	0.06730989467980231	0.1213186604826666	0.05677696349862879	0.09239949155054505	0.2043042439326649	0.03260213767532091	0.03412298632585178	0.1933265881258206
0.5140864882517614	-0.3122684062670957	0.4881639489464584	0.9560490798586114	0.6527783270721806	0.1485661450611533	0.2382428477339603	-0.1965566856811845	-0.02476549968016026	-0.0483494649574822	0.3330798368214511	-0.6542561448829483	1.182076117254178	-0.2422729768187157	-1.492872365720331	-0.5263586666740245	1.389277149999757	5.029614261193545	-0.2225050557142948	-3.322787037965389	0.2666436743638405	0.04831653067034879	0.09078826177118432	0.04633309039363781	0.1616395940134341	0.09156665400176076	0.05319172930935577	0.101736874211289	0.1105602296136467	0.0518849424908398	0.04582737298496532	0.06643745070035439	0.09514378976352771	0.07673754809665032	0.09709778875245288	0.1729942058911586	0.03942468734567794	0.0480954085929608	0.1519441716441149	0.005361507891378644	0.06522984601959526	0.09334061248190455	0.05283627943073688	0.1381948687266525	0.07608142951631645	0.04698399010232445	0.1141702235281929	0.134121425454245	0.03600959204255241	0.07331283185372676	0.0673887118874185	0.1265586243260544	0.05460413641040474	0.09133428775495958	0.2102095809199292	0.03432555779010999	0.03424138158487618	0.1614224279916942
0.5160561682833773	-0.3135190009634957	0.4904967470523041	0.9555759011615538	0.6498659105979082	0.1474946593476044	0.240943362451695	-0.1872776131922426	-0.02522993144164611	-0.05484098885659537	0.3336675439179954	-0.6158473214651281	1.18650258934096	-0.2380508229244069	-1.462744405027587	-0.5609053099161947	1.352856726046657	4.384214296392382	-0.2497813544469691	-3.279022549436233	0.3311963560478918	0.05057801064981401	0.09109556947670047	0.04718199729173474	0.1591685385170535	0.08973910264127352	0.05239227533185065	0.1031245443614119	0.1131357164069356	0.05000596607887108	0.04949118504762241	0.06655069098420478	0.09883786869952953	0.07413095682439939	0.09641594158604902	0.1768726644677376	0.03891611443608422	0.04646099518963897	0.1512708806770242	0.004699951469076209	0.06956093480820522	0.09384960975027287	0.0540957659844212	0.1346802012093937	0.073624508643809	0.04578960894671127	0.1151675509894017	0.1357241643261523	0.03580778931807799	0.07989500873889366	0.0674675290950347	0.1317985881694422	0.05243130932218069	0.09026908395937408	0.2161149179071935	0.03604897790489908	0.03435977684390058	0.1295182678575678
0.5180258483149933	-0.3146963455710921	0.4928374461310727	0.955111882660179	0.6470222433405367	0.1463605851754851	0.2435733528618429	-0.1793120554283278	-0.02575242382592024	-0.06132645186591992	0.3343858757818409	-0.5800394897723178	1.190080686770754	-0.2329603480862427	-1.423268703126064	-0.5896808023480222	1.317829958570715	3.697449899278507	-0.2813810241970483	-3.294889644549322	0.3977848966013094	0.05313933838990206	0.09142769091322864	0.04808902683632246	0.1565638841065137	0.08784057938200412	0.05154606375381947	0.1044338767766929	0.1155163640278682	0.04833756170880144	0.05361003862940066	0.06667097904656724	0.1026974191277818	0.07157869158491374	0.09565606688382601	0.1808230207543308	0.03837803830412163	0.04479808372923939	0.1507277016591086	0.004177733980907845	0.0750108117521215	0.09441206465589297	0.05553698950503062	0.1307119968414004	0.07123570676031575	0.04460964151427265	0.1155506942339113	0.1357942548020984	0.03593334508783756	0.08879335837455452	0.06773527838624264	0.1374472317090151	0.05057234890932954	0.0885549008754638	0.2199119214769092	0.03293116568174924	0.03066475091989143	0.1615026155528241
0.5199955283466092	-0.3158056168968708	0.4951843455458811	0.9546587767345498	0.6442647797304311	0.1451753863928135	0.2461355789181337	-0.1727376904190923	-0.02634088424714507	-0.06777587874169047	0.3352329796561086	-0.5467263221688341	1.192798369614531	-0.2269702636185977	-1.375213052852849	-0.6128168045704102	1.284049441088004	2.971606070598221	-0.316764704983924	-3.242441358669793	0.4619505160458715	0.05602599729772004	0.09178478891256296	0.04905767411264636	0.1538151582147674	0.08588171935896079	0.05065909596227519	0.105641397047869	0.1176455249375867	0.04687630870029715	0.05825408205717172	0.06680810032140673	0.1067236451764856	0.06909285727589173	0.09479163683239041	0.1847385934014988	0.03752714605067199	0.04288662076838925	0.1534161391216677	0.00365551649273948	0.08046068869603779	0.09497451956151305	0.05697821302564004	0.1267437924734071	0.06884690487682249	0.04342967408183403	0.1159338374784209	0.1358643452780444	0.03605890085759714	0.09769170801021537	0.06800302767745058	0.143095875248588	0.04871338849647838	0.08684071779155353	0.223708925046625	0.0298133534585994	0.02696972499588229	0.1934869632480802
0.5219652083782251	-0.3168533423133497	0.4975356020027369	0.9542183086947755	0.6416144891320165	0.1439524656550025	0.2486341663119015	-0.16764575944055	-0.02700330123012892	-0.07400277021838368	0.3362011343164146	-0.5184460494548503	1.194447281880522	-0.2201353019529014	-1.314602286320476	-0.6267654467649938	1.254202499663425	2.199641243807093	-0.3567149336679801	-3.00640585233311	0.5192577283654684	0.05911328460529255	0.09217065017121279	0.05002911775449347	0.151066183312241	0.08390354630285973	0.04973020450108596	0.1067536142470639	0.1195341651208543	0.04560237450934165	0.06312800826875749	0.06695360046760274	0.1107693171949018	0.06671279197071919	0.09385493016603555	0.1886803946651449	0.03651344000735897	0.04087966588285714	0.1565054314241244	0.003366146435804167	0.08454900297121129	0.0956559937809951	0.05757146602157661	0.1253799959574681	0.06707938390569136	0.04215235454507203	0.1162212232138723	0.1355846879078017	0.03623824449897948	0.1028642013461648	0.06815937566295537	0.1464117758987177	0.04764930084124015	0.08550986492109787	0.2286877878885835	0.02852292234556598	0.02532908978557217	0.1759989827094614
0.5239348884098411	-0.3178531400075786	0.4998889190301197	0.953792145523098	0.6390911030087507	0.1427148238986417	0.2510810483503189	-0.1640688310365235	-0.02774954761764685	-0.07932801041571372	0.3372712612768166	-0.4980602998431878	1.194890685797522	-0.2124451462668968	-1.246355241817242	-0.6277652650368831	1.23154756489222	1.433283847412907	-0.4018840847931792	-2.326901006158418	0.5654929285295888	0.06229800968197891	0.09258850839433183	0.05095404950354627	0.1484441756846964	0.08194169582925577	0.04875838837927737	0.1077759862882901	0.1211910907645676	0.04449842505807376	0.06799097613345144	0.06710029766256277	0.1147113526960396	0.06447253141692579	0.09287378792329887	0.1927006931219462	0.03546390990496912	0.03890845233006492	0.1575495127746394	0.003076776378868854	0.08863731724638478	0.09633746800047714	0.05816471901751318	0.1240161994415291	0.06531186293456023	0.04087503500831002	0.1165086089493237	0.1353050305375589	0.03641758814036182	0.1080366946821143	0.06831572364846018	0.1497276765488474	0.04658521318600191	0.08417901205064218	0.2336666507305422	0.02723249123253256	0.02368845457526205	0.1585110021708426
0.5259045684414571	-0.3188029739467312	0.5022435978811447	0.9533827323485656	0.6366469276066098	0.1414625740328321	0.253472388775029	-0.1617340174606831	-0.02857980124462502	-0.08228702694395119	0.3384189069807983	-0.4672878394697482	1.195868938885128	-0.2030573666156005	-1.240345619153939	-0.6421553329802774	1.1973737105596	0.9800603002446531	-0.4417909975814396	-0.6824730902466473	0.5968964401021895	0.06557576505332374	0.09303200001095938	0.05183115738101629	0.1459229537003265	0.08001212250677012	0.04775935762962347	0.1087132521437841	0.1226416731373269	0.04353116986215037	0.07297281087758821	0.06726474891483798	0.11861847480398	0.06237256617156159	0.09180806590162226	0.1960393050359798	0.03435983674178181	0.03695631833703129	0.1586966131630314	0.003803940899378925	0.09287581295785746	0.09696942025805978	0.05863870487076397	0.1223604351815466	0.06385590812318225	0.03977657644064453	0.1166948080396644	0.1350039076255524	0.03636936655558316	0.1154226073462585	0.06875937516983228	0.1540840456922021	0.04577661387289956	0.08203937223382621	0.2228913196590765	0.02557207938363448	0.02184026899599351	0.1795087230727755
0.527874248473073	-0.3196974608773033	0.5045992458218669	0.9529930661508659	0.6341856385039177	0.1401914476573015	0.2558009505044552	-0.1600403061107516	-0.02949247591618839	-0.08203546059915688	0.3396111573734734	-0.4418614845793076	1.195874662984824	-0.1923941676199672	-1.263731855379403	-0.6469322019489337	1.167802634095471	0.782316935877629	-0.4855738189212863	0.9330935650534358	0.6107849161810771	0.068942975768293	0.09349568564348452	0.05265930916719158	0.1434792872145192	0.07812865072512043	0.04674650681126642	0.1095693885478059	0.123907206791449	0.04267203196066504	0.0781797185131272	0.06746101788464368	0.1225482431998099	0.06041309771068605	0.09062305695327809	0.1980408698547587	0.0331853031775713	0.03500895648745833	0.1617930880927492	0.004531105419888996	0.09711430866933014	0.09760137251564244	0.05911269072401477	0.1207046709215641	0.06239995331180428	0.03867811787297904	0.1168810071300051	0.134702784713546	0.03632114497080449	0.1228085200104028	0.06920302669120437	0.1584404148355568	0.04496801455979721	0.07989973241701023	0.2121159885876109	0.0239116675347364	0.01999208341672496	0.2005064439747083
0.529843928504689	-0.3205624678909183	0.5069524021113324	0.9526250492721146	0.6316976997454031	0.1389427704542633	0.2580913290175199	-0.1586548143760126	-0.03050374586415609	-0.07927301173079518	0.340814056571327	-0.4374475127738175	1.193247605470514	-0.1811414799043648	-1.261961802459761	-0.6190361775376491	1.158511822718446	0.6371480990724072	-0.5420962314168576	1.821567908849769	0.6081224353581623	0.07238041200213209	0.09397364562745507	0.05344491620897709	0.1411486200408387	0.07630333666597353	0.04573420557377839	0.1103615190265701	0.125033541590263	0.04188779154057427	0.08344431899529273	0.06762756908596149	0.1265454141351277	0.05855618529896232	0.08941956246251552	0.1999510295354854	0.03205917560343132	0.03319588030997628	0.1652632016427832	0.004987848595487484	0.1012271986103131	0.09816769168650208	0.05959159481677973	0.1198818829238956	0.06123933411248883	0.03779066842066413	0.117216065595731	0.1348799675115068	0.03593532142320964	0.1278019630201213	0.0686511660965286	0.1636963741689296	0.04376833296671187	0.07934525204571566	0.2246483375308522	0.02402501014054392	0.02023770459565935	0.1940787403776981
0.5318136085363049	-0.3214245955192587	0.5092988869555261	0.9522800585190107	0.6292164501314295	0.1377604210617622	0.2603674018238336	-0.1574805963282692	-0.03163129903869475	-0.0750577990848157	0.3419968974775713	-0.4389376520693219	1.189100470410048	-0.1690135606882746	-1.256937898934071	-0.5795835067473943	1.153276448998717	0.5677867723740421	-0.6036470691427352	2.408232037814126	0.5904188536866503	0.07587221890204104	0.09446082256623664	0.0541933380581868	0.1389620975060385	0.0745465791169017	0.04473470021816693	0.1111042560874454	0.1260597821587486	0.04115014362683522	0.08862961796502766	0.06771211961683536	0.130647683866717	0.05676894856826677	0.08828469748514586	0.2028469251466974	0.03108235186446114	0.03162768450181932	0.1677514027881103	0.005444591771085975	0.105340088551296	0.09873401085736173	0.0600704989095447	0.1190590949262271	0.06007871491317338	0.03690321896834921	0.117551124061457	0.1350571503094675	0.03554949787561478	0.1327954060298398	0.06809930550185282	0.1689523335023023	0.04256865137362653	0.07879077167442108	0.2371806864740935	0.02413835274635144	0.02048332577459373	0.1876510367806878
0.5337832885679208	-0.322295092907486	0.511635640630945	0.9519597338353121	0.6267549293310619	0.1366668811378651	0.262636535489893	-0.1564128096723938	-0.03288529346848282	-0.07000138787315865	0.3431300193184514	-0.445082160563874	1.183423225504739	-0.1561215216639815	-1.241706257118979	-0.530051951926942	1.150519891071491	0.5200852762367347	-0.6701150457580023	2.700083287893807	0.5580934959478419	0.07925555353538676	0.09496439570993022	0.05484270091261578	0.1370193345827697	0.07287760777578131	0.04374037814026635	0.1117991979197478	0.1269727514715464	0.04046005037550243	0.09346667449923242	0.06771618144288249	0.1347322501260808	0.05507620041882706	0.08726123360387082	0.2061001495817099	0.03033753640602237	0.03041022401623418	0.1688622070930698	0.004319898595351443	0.1067224107584338	0.09944910675413064	0.05943346651695452	0.1204318902886041	0.05937834569171806	0.0359149549663612	0.1178136151517147	0.134772935144731	0.03526884546277236	0.1327497949459822	0.06740868188992453	0.17209233843931	0.04191336848978608	0.07913028980025817	0.2385398810148331	0.02585329335808258	0.02286443362405237	0.170983679911384
0.5357529685995367	-0.3231784068653116	0.5139600494691163	0.9516655113237824	0.6243279251990403	0.1356752436733349	0.2648986495740485	-0.1554174355388886	-0.03427298211250444	-0.06452341131156078	0.3441873433431602	-0.4519506167563154	1.17656559452561	-0.1425094914142024	-1.221889609534816	-0.476113494265022	1.146147689396982	0.494257434599039	-0.7393991323560537	2.836286644153018	0.5134548205263911	0.08239507889942826	0.09549050001582524	0.05534083423905243	0.1354075252492377	0.07131296174481587	0.04274475413010213	0.1124476903918153	0.1277610283480118	0.03981829866386945	0.09773255638760581	0.0676409908223185	0.1386956238543573	0.05349918914479183	0.08638599207811573	0.2091656253555575	0.02989425362506595	0.02963248110973715	0.1682450099783803	0.00319520541961691	0.1081047329655715	0.1001642026508996	0.05879643412436434	0.1218046856509812	0.05867797647026276	0.03492669096437317	0.1180761062419724	0.1344887199799945	0.03498819304992993	0.1327041838621246	0.06671805827799625	0.1752323433763177	0.04125808560594563	0.07946980792609527	0.2398990755555727	0.02756823396981372	0.02524554147351101	0.1543163230420802
0.5377226486311526	-0.3240756508014135	0.5162698356392164	0.951398705617824	0.6219457908014197	0.1347936786715458	0.2671502743069994	-0.1544655074189694	-0.03579983674372662	-0.05891021461903349	0.3451458255018086	-0.4587441482689145	1.168634862732618	-0.1283195738388112	-1.196599098474197	-0.4190185701214473	1.139400892699407	0.4729019226796203	-0.8112014978979939	2.85391735604152	0.4585596719211655	0.08530286721462571	0.09604649607108932	0.05567816796474026	0.1341436267355809	0.06984391116480712	0.04174229756448443	0.1130249117645359	0.1283659332601668	0.03924942892597146	0.1015305089006085	0.06752047103402961	0.1424419435412934	0.05205188394343305	0.08563179915054947	0.2122527996245406	0.02965530258781439	0.02918367164820707	0.1667612573972592	0.001603233524495126	0.1091334616634729	0.1010589068622971	0.05768734736453127	0.1241142841416484	0.05801822371322853	0.033845580633801	0.1177796038324509	0.1328232974564796	0.03520005230133619	0.1331449506213012	0.06645345490334754	0.1762167605977631	0.04104852991351036	0.07960781595987294	0.245314529289097	0.02832001834089173	0.02669817499296115	0.1516398928800387
0.5396923286627686	-0.3249841439157078	0.518563189356449	0.9511603399147393	0.6196153076150872	0.1340245849773146	0.2693842595687145	-0.1535522265595325	-0.03746958254338624	-0.05331785025626091	0.3459889549909664	-0.4633723498175899	1.1598801759713	-0.1136316253383053	-1.169443192357505	-0.3619115065134183	1.128235909497225	0.455014642924832	-0.8844899321479179	2.815128214354697	0.3963266309237667	0.08798832828205086	0.09663867172437511	0.05584640321704112	0.1332416727921716	0.06846282005107988	0.04072830441013277	0.1135095245462089	0.1287367373943928	0.03877417540279367	0.1049440443121428	0.06738347959072281	0.1458896502449204	0.05074608866135082	0.08497511063379813	0.2155428339773396	0.02953834268407589	0.02896907297197701	0.1651583902895056	1.126162937334231e-05	0.1101621903613744	0.1019536110736947	0.05657826060469819	0.1264238826323155	0.05735847095619429	0.03276447030322883	0.1174831014229294	0.1311578749329645	0.03541191155274245	0.1335857173804779	0.06618885152869883	0.1772011778192084	0.04083897422107508	0.0797458239936506	0.2507299830226213	0.02907180271196975	0.02815080851241129	0.1489634627179972
0.5416620086943846	-0.3258988762292355	0.520838602132993	0.9509513257289938	0.6173391573671423	0.1333668123337983	0.2715912288457339	-0.1526753714768518	-0.03928483991069802	-0.04784091653444384	0.3467040772743054	-0.4646473398520102	1.150481534476619	-0.09854482931774472	-1.142206670400099	-0.3066552523876502	1.111572358320876	0.4351799336088016	-0.9587696751270393	2.744252429456912	0.329495105246601	0.09052284666858013	0.09727267171180037	0.05587232127615197	0.1326615889325864	0.0671441765657151	0.03970038695787001	0.1138840626165311	0.12882930407488	0.03842412912918054	0.1080160173665293	0.06724043488494005	0.149041063542103	0.04957112243749835	0.08439782425495256	0.2187906705786673	0.02949701075228807	0.02890193653059226	0.1635335551462251	0.0009773452458751938	0.1119629973338686	0.1030251916897662	0.05557777207686571	0.128649781383311	0.05642248872203633	0.03162271943494046	0.1166703999177985	0.1281688893531401	0.03631876135361616	0.1339141320435887	0.06607084243613441	0.1775363321701092	0.04071473503407903	0.07975022881133882	0.2513224668470237	0.02932766032697373	0.02868596950066521	0.1480257997829652
0.5436316887260005	-0.3268114366060671	0.5230950681510219	0.9507723489087493	0.6151138992533846	0.132813923524268	0.2737586840364614	-0.1518385108247157	-0.04124678357732532	-0.0425145625608935	0.3472857316095779	-0.461166847187453	1.140641747585462	-0.08313185776498125	-1.117767380238033	-0.2554131569637849	1.088113375994542	0.4144039895489385	-1.03343451973687	2.662230140183398	0.2608041196507191	0.09296594066811192	0.09795331360121462	0.05577841267327521	0.1323677541433749	0.06586596735517482	0.03865651771841855	0.1141334316904092	0.1286050520396382	0.03822585644970817	0.1107811836426763	0.06710020893265713	0.1518973494952778	0.04851766083860374	0.08388431686141147	0.2217840970018261	0.02949230697227915	0.02890912833331946	0.1619722518021758	0.001943428862377045	0.1137638043063628	0.1040967723058378	0.05457728354903322	0.1308756801343065	0.05548650648787837	0.03048096856665208	0.1158576984126676	0.1251799037733156	0.03722561115448987	0.1342425467066994	0.06595283334357002	0.17787148652101	0.04059049584708298	0.07975463362902704	0.2519149506714262	0.0295835179419777	0.02922113048891913	0.1470881368479332
0.5456013687576164	-0.3277117698286713	0.5253318313795005	0.9506240004152978	0.6129326668045524	0.1323569277756543	0.2758726307037666	-0.1510441421452335	-0.04335591143335454	-0.03735591913397637	0.347731950493753	-0.4519341255306473	1.130528534515102	-0.06746747295147987	-1.09818718422208	-0.2097577237515467	1.056985218750798	0.3923211004460519	-1.108115562743315	2.575414554887352	0.1927221131250141	0.09539254570607644	0.09868920546702181	0.05558318604231384	0.1323377589549227	0.06460496230685081	0.03759556974821976	0.114257064616172	0.128055002218602	0.03820979150962232	0.113269856609824	0.06696756785680116	0.1544711325665177	0.04757623385458282	0.08342660952221667	0.2244723568430569	0.02954562746023141	0.0290293513578877	0.1603616575866962	0.00285699508924932	0.1167126871300651	0.105421319797621	0.05364917771332728	0.1332317006034172	0.05422786960863725	0.02929083710413449	0.1147804746427093	0.1213877973281919	0.03892553977834105	0.134436471056272	0.06592245200988571	0.1777877299410859	0.0405384971510851	0.07974152438362475	0.250835274582527	0.03025323199383019	0.03052028485094938	0.1440007857586978
0.5475710487892324	-0.3285874736388567	0.5275485540963992	0.9505066943537455	0.6107832033014801	0.131983116533072	0.2779170654575628	-0.1502924969246966	-0.04561189945058538	-0.03237066434710528	0.3480466547939282	-0.4361584622104556	1.12029273974989	-0.05161159033828476	-1.085509224147257	-0.1709478236510273	1.017531626451273	0.3710228022899276	-1.18255573020546	2.486173220188681	0.1272649069278494	0.09786568197576738	0.09948768973359766	0.05530225798827185	0.1325517142452647	0.06334118821043259	0.03651658774532968	0.114254364503132	0.1271707402930547	0.03840131521008334	0.1155068866290117	0.06684656980718952	0.1567725247602662	0.0467386269633356	0.08301782169917869	0.2268108168474631	0.02967489371782924	0.029294953811183	0.1586024902805257	0.003770561316121594	0.1196615699537674	0.1067458672894043	0.05272107187762133	0.1355877210725279	0.05296923272939614	0.02810070564161691	0.113703250872751	0.1175956908830682	0.04062546840219223	0.1346303954058446	0.0658920706762014	0.1777039733611619	0.04048649845508722	0.07972841513822249	0.2497555984936279	0.03092294604568267	0.03181943921297962	0.1409134346694625
0.5495407288208483	-0.3294252830090336	0.5297450820038545	0.9504207668089618	0.6086508777363272	0.1316783841443441	0.2798753078592121	-0.1495813061350749	-0.04801417930276464	-0.02756424750811158	0.3482361457513116	-0.4134082668927657	1.110056851497402	-0.03563115148774888	-1.081090297953198	-0.1397370013918059	0.969478039128952	0.3516012455451704	-1.25665398012379	2.393881994544014	0.06590105729738871	0.1003935265274025	0.100355472955082	0.05493559251570811	0.1330196341175081	0.06206871315307726	0.03542512569853251	0.1141596990089284	0.1260195017949799	0.03878328534295268	0.1174779990486866	0.06674545460223713	0.1587671976011087	0.04600747218316665	0.08265565421543791	0.2287403366489568	0.02988618029172654	0.02971567768064157	0.1567065529899529	0.004366910250066343	0.1228627740316867	0.1083227011833152	0.05162310988950004	0.1386269287214032	0.05160431267481404	0.02696626687972592	0.1130156293749579	0.1144414951740368	0.04246496479349974	0.1339968991494561	0.0660265015646047	0.1763313416470959	0.04067604990995542	0.07977033396209143	0.246619083950643	0.03184213737195599	0.03356772110956315	0.1377871652514136
0.5515104088524643	-0.3302115526850513	0.531921528595899	0.9503663553532516	0.6065186571266117	0.1314276652876869	0.2817307700441154	-0.1489054877752637	-0.05056213784488856	-0.02294166072091492	0.3483092455595241	-0.3838255048263131	1.099902317674411	-0.01961038592678207	-1.085402845366443	-0.1161026283363001	0.9131694361459889	0.3351064197724226	-1.330477202047181	2.299513196382889	0.009081897182231459	0.1029829962691354	0.1012982647591582	0.05448310861335493	0.1337498060416702	0.06078244589287447	0.03432590535903936	0.1140026386877127	0.1246593583257305	0.03934100766500247	0.1191704535011609	0.06667123355214863	0.1604249969857497	0.04538489114826674	0.08233811488886859	0.230208501549932	0.03018452463076638	0.03029948642123774	0.1546841615105534	0.004963259184011091	0.126063978109606	0.1098995350772262	0.05052514790137875	0.1416661363702785	0.05023939262023195	0.02583182811783493	0.1123280078771649	0.1112872994650055	0.04430446118480726	0.1333634028930676	0.06616093245300801	0.1749587099330298	0.04086560136482362	0.07981225278596035	0.2434825694076581	0.03276132869822931	0.03531600300614666	0.1346608958333647
0.5534800888840802	-0.3309330540377198	0.5340780965142428	0.9503434781643471	0.6043692903631726	0.1312162347629355	0.2834675626585179	-0.1482589542887112	-0.05325531099612568	-0.01850697402592928	0.3482748972929177	-0.3478973413687973	1.089884597462918	-0.003647626002687418	-1.098309242417853	-0.09957532746387428	0.8493208486815587	0.321928647739086	-1.40413891200781	2.203453114038909	-0.04359079089459882	0.1055517319289948	0.1023018579294319	0.05395018249881853	0.1347555774409981	0.05950747360740256	0.03323958243961877	0.1138407630194722	0.12322850545356	0.03995346278236513	0.1205624670811979	0.06663175233908521	0.1617119490824146	0.04487852053467727	0.08206543966879958	0.2311805034705833	0.03056068361186654	0.03101295081048844	0.1525965187811738	0.004962891915845855	0.1278889140863441	0.111372853947428	0.04934937872295712	0.1455023816694553	0.04927454281855818	0.02501471662684791	0.1125928976624031	0.1103672256236869	0.04453554115663454	0.131713807703015	0.06648372679845571	0.1721770391664056	0.04139040898176109	0.07994617142759439	0.238601633174234	0.03370972148595867	0.0368662734680067	0.1325212682288947
0.5554497689156962	-0.3315785625945424	0.5362150860908308	0.9503518687174076	0.6021870351381423	0.1310314826211455	0.285072467468808	-0.147635126718683	-0.05609350822732262	-0.01426138895660876	0.3481389736486758	-0.3066628858775333	1.080022623725456	0.01213864557961776	-1.118798014956829	-0.08901357566555733	0.7792514397802738	0.3120517191849371	-1.477733967840282	2.107500093461309	-0.09405690895639669	0.1080302307991856	0.1033541203746802	0.05334134443144273	0.1360480554956094	0.05826531637166051	0.03218369159689563	0.1137237576177675	0.121847429489268	0.0405191751275118	0.1216347545951835	0.06663367731202666	0.1625978694498003	0.04449471120594498	0.0818378130427331	0.2316246939482677	0.03100687945421272	0.03182805370936018	0.1504975283220591	0.004962524647680619	0.1297138500630822	0.1128461728176298	0.0481736095445355	0.1493386269686322	0.04830969301688441	0.02419760513586089	0.1128577874476412	0.1094471517823683	0.04476662112846182	0.1300642125129624	0.0668065211439034	0.1693953683997814	0.04191521659869856	0.08008009006922842	0.2337206969408099	0.03465811427368805	0.03841654392986674	0.1303816406244248
0.5574194489473121	-0.3321384105805932	0.5383328060829674	0.9503910932728774	0.5999578140657437	0.1308625235568819	0.2865341998684481	-0.1470277292052408	-0.05907662689354735	-0.01020373282272807	0.3479046281236739	-0.2613291913624823	1.07033186422633	0.02764594240581368	-1.145592264577239	-0.08305286208116215	0.7044842025405097	0.3051963733854793	-1.551450739875978	2.01319551538549	-0.1437747521121087	0.1102602256153042	0.1044017583960087	0.05268559522153346	0.1375588819026633	0.05710857827523023	0.03118769750870352	0.1136298688909252	0.1205390206469123	0.04102257250027504	0.1224086045710273	0.06668087251058924	0.1630898854439533	0.04423301196075164	0.08164833064406482	0.231531202700593	0.03150139575077997	0.03267635904688453	0.1484652336782308	0.004102312695049029	0.1284019417041988	0.1134421864200924	0.04733586547733125	0.1524545133413565	0.04829461523392267	0.02390918714705162	0.1128054404126993	0.1090537595545422	0.0446471795352424	0.1281421452041893	0.06727843120279063	0.1659177830454293	0.04267214386684236	0.08018096395375118	0.2275385780182279	0.0354027072758938	0.03908257433031885	0.129764823471738
0.559389128978928	-0.3326061689847992	0.5404316712359495	0.95046059960691	0.5976707501557198	0.1307023035838683	0.2878457273021586	-0.1464308796351765	-0.06220581880069886	-0.006328383067911595	0.3475730645125226	-0.2131557038849554	1.060877559506537	0.04288651186854951	-1.177531555925258	-0.08013993800965964	0.6267343004258098	0.3013419298216886	-1.626056137388081	1.922386817709749	-0.192770962498302	0.1121072757732406	0.1053992963585133	0.05200760524556267	0.1392290677589173	0.05608225462410789	0.03027654131298867	0.1135403232471375	0.1193231904003924	0.041450556034754	0.1229016232076994	0.06677660832724372	0.1631932512307318	0.04409290421877583	0.08149106931467112	0.2308900484708823	0.03202606544171839	0.0335008224865869	0.1465683278112024	0.00324210074241744	0.1270900333453154	0.114038200022555	0.046498121410127	0.1555703997140808	0.04827953745096095	0.02362076915824235	0.1127530933777575	0.1086603673267161	0.04452773794202299	0.1262200778954161	0.06775034126167787	0.1624401976910773	0.04342907113498617	0.08028183783827392	0.2213564590956461	0.03614730027809954	0.03974860473077096	0.1291480063190513
0.561358809010544	-0.3329770440851261	0.5425122083862948	0.9505599046335981	0.5953163602481774	0.130545857221989	0.2890023129714454	-0.1458385662827536	-0.06548353116079965	-0.002627649420973354	0.3471460021004942	-0.1632920045424135	1.051736654086885	0.05789657236363281	-1.213617161069757	-0.07882363645672091	0.5476102952853291	0.3005411635892451	-1.702384345883645	1.836330697902962	-0.2405912124945532	0.113552321716466	0.1063233724089557	0.05132579043429693	0.1409930253021469	0.05519558732484973	0.02945262738958252	0.113415595042547	0.1181496969365237	0.04186056988294801	0.1231618259125524	0.06691504657617448	0.1629609488114628	0.04405846011438615	0.08135784014713843	0.2297703275902222	0.03255713946434768	0.03425546664133085	0.1448530949486977	0.003278906507998335	0.1245830386582683	0.1140980984999414	0.04592486362359008	0.1577508223722227	0.04866630601949265	0.02353179305718874	0.1119707952819921	0.1074942516135017	0.04519254158243556	0.1246313255542809	0.06821932092507894	0.1592428562939079	0.04416520251091415	0.08030188011658192	0.2156071955856142	0.03657344292023604	0.03962567793151794	0.1296886334140931
0.5633284890421599	-0.3332489010510649	0.5445750619040536	0.9506884725045088	0.5928878213228134	0.1303913506184408	0.2900027886031518	-0.1452451674125014	-0.06891320874208938	0.0009096232604232927	0.346626356988127	-0.1126133577981605	1.042921714891683	0.07259973392790575	-1.25282202865225	-0.07817027682936256	0.4682212042162426	0.3024443202178309	-1.780360848867498	1.756409170686441	-0.2867784765797087	0.1145779086887974	0.1071539794676947	0.05065582756603231	0.1427944484923879	0.05445628640263936	0.02871790054232908	0.1132215789717172	0.1169747691087612	0.04230082686682862	0.1232301749709655	0.06709121315832108	0.162438477919283	0.04411612627949122	0.08124163211020866	0.2282321109475772	0.03307477020817756	0.03490188440469144	0.1433599893877753	0.003315712273579229	0.1220760439712211	0.1141579969773278	0.04535160583705317	0.1599312450303646	0.04905307458802436	0.02344281695613513	0.1111884971862267	0.1063281359002873	0.04585734522284814	0.1230425732131456	0.06868830058848001	0.1560455148967385	0.04490133388684214	0.08032192239488989	0.2098579320755823	0.03699958556237253	0.03950275113226492	0.1302292605091349
0.5652981690737759	-0.3334206846553496	0.5466208630747629	0.9508456169409502	0.5903797323801062	0.1302380077946712	0.2908472826802394	-0.144645717363375	-0.07249782306031143	0.00429607601531825	0.3460173778740291	-0.06190805113885909	1.034415111460397	0.08687606311081598	-1.294073839979345	-0.07742527273318439	0.3894941162165051	0.3065565585847702	-1.859579671273581	1.683190930873587	-0.3313328574501425	0.1152478393492035	0.1079029104137953	0.04999757864777012	0.1446304030788508	0.05384427125126342	0.02805955800772161	0.1129685803265121	0.1157992423262866	0.04276940763956753	0.1231327301053096	0.06729551317861808	0.1616730792984845	0.04425029416278758	0.08114315957186594	0.2263544234950054	0.03357069112273194	0.03544448119852391	0.1420800511570479	0.003352485367969119	0.1198770638165101	0.114241233191672	0.0447989318477014	0.1621349433877161	0.04938576904553092	0.02332155672520374	0.1104610288164176	0.1051748623092934	0.04655266137518859	0.121561975582641	0.06906826927649355	0.1532278115155599	0.04556553724614671	0.08038843118450856	0.2050396897747343	0.03726536705523772	0.03922639810795685	0.1310074336059568
0.5672678491053919	-0.3334931509410412	0.5486501903906469	0.9510303610113657	0.5877891970215684	0.1300867598933154	0.291538023324894	-0.1440362664696296	-0.07623934826393347	0.007544366336506418	0.3453220561089437	-0.01176713194992439	1.026194271681829	0.1006241515297155	-1.336537593284221	-0.07604319540430705	0.3121008807114904	0.3125990150021963	-1.939687252942978	1.616119840602476	-0.3744501629205578	0.1156157884336555	0.1085801897803297	0.04935092285699852	0.1464983810077703	0.05334226819515638	0.02746671635762932	0.112665472497872	0.1146238418462661	0.04326469814398304	0.1228918179946464	0.06751979257061339	0.1607057303577731	0.04444775394025299	0.08106303072152324	0.2242069154381865	0.03403798229909449	0.03588682282049473	0.1410051069064533	0.003389258462359009	0.1176780836617991	0.1143244694060163	0.04424625785834963	0.1643386417450675	0.04971846350303747	0.02320029649427235	0.1097335604466085	0.1040215887182996	0.04724797752752904	0.1200813779521365	0.06944823796450708	0.1504101081343814	0.04622974060545127	0.08045493997412723	0.2002214474738863	0.03753114854810292	0.03895004508364878	0.1317856067027788
0.5692375291370078	-0.3334677706350309	0.5506635937174951	0.9512416062168624	0.5851143326271878	0.1299391995979817	0.2920780477797627	-0.1434131717640618	-0.08013934933058163	0.01066613536085255	0.3445431495515463	0.03728513611267115	1.018239745850229	0.1137617782856366	-1.379478156254013	-0.07352805921573544	0.236639195918005	0.320356366360694	-2.020423021145545	1.554408287122602	-0.4162490887868989	0.1157153883903268	0.109190907054292	0.04871742410403339	0.1483899952927027	0.05294065469192943	0.0269323766322721	0.1123230446520521	0.11346261815898	0.04377831102627854	0.1225158221729779	0.06775676005392593	0.1595759411550955	0.04469642497533857	0.08100694304096519	0.2218468418686943	0.03447871435325244	0.03625020745690413	0.1401049546313254	0.003106836354606893	0.1154915983640585	0.1143539229655368	0.04374183787804618	0.1664464964534617	0.05010401578369784	0.02309482888543744	0.1091085334987331	0.1031315938329119	0.04786047506442178	0.1184749830385255	0.06974305736614808	0.1479965641112851	0.0468231413452329	0.08065870913826895	0.19615016433947	0.03777151747233008	0.03881202988092575	0.1323634918572368
0.5712072091686238	-0.3333472729688863	0.5526615736483866	0.951478070489414	0.5823550124965307	0.1297981251789207	0.2924718231239375	-0.1427732144211377	-0.08419882335144774	0.01367055183485142	0.34368306226833	0.08481456204795225	1.010533458400374	0.1262313646927618	-1.42229340444619	-0.06945768059524873	0.1636003021058668	0.3297209517906284	-2.101615100471301	1.496960963160971	-0.4568803101780246	0.1155750743325095	0.1097393816272834	0.04809840716969071	0.1502980548949854	0.05263115360018613	0.02645059640002595	0.111950607696352	0.1123277831090447	0.04430320376999353	0.1220118885046402	0.06800022412932624	0.1583182023950361	0.04498611316057704	0.08097976332086894	0.2193249767294632	0.03489460949906565	0.03655240824911075	0.1393529848923806	0.002824414246854778	0.1133051130663178	0.1143833765250574	0.04323741789774273	0.1685543511618558	0.05048956806435822	0.02298936127660253	0.1084835065508576	0.1022415989475242	0.04847297260131452	0.1168685881249145	0.0700378767677891	0.1455830200881887	0.04741654208501454	0.08086247830241068	0.1920788812050538	0.03801188639655723	0.03867401467820272	0.1329413770116948
0.5731768892002397	-0.3331349173348804	0.5546446078697219	0.9517384043500422	0.5795118468692642	0.1296668498742737	0.2927244144924507	-0.1421132977436821	-0.08841856153932312	0.01656538227230245	0.3427439612987993	0.130510619190325	1.00306123462588	0.1379907634900064	-1.464537222377695	-0.06355725617663741	0.09333183949902632	0.3406088437245037	-2.1830763201012	1.442864188558941	-0.4966073471747061	0.1152531460908081	0.1102268787187148	0.04750600658573433	0.1521792296058774	0.05239992695843403	0.0260169468524705	0.1115593071704402	0.1112398109252657	0.04481248647653821	0.1214398459846987	0.06824360043577053	0.1569873676178329	0.04529435024846246	0.08096840507777828	0.216694258116467	0.03528668598027421	0.03680992878562628	0.1387211596796141	0.002915084434058537	0.1117325778972192	0.1143084260271673	0.04296193397327739	0.169840207257494	0.05082475794884092	0.02291617745922155	0.1080071417823452	0.1017832032527135	0.0486665025552802	0.1161448552576382	0.0702323605154922	0.1440239977773613	0.04772329577372413	0.08089280415454561	0.1888599248159191	0.03821784604250072	0.03867836798313448	0.1332593407512256
0.5751465692318557	-0.3328343301387508	0.5566131525265507	0.9520211955071306	0.5765860526857102	0.1295488521631856	0.2928412813267146	-0.1414304334519139	-0.09279874094490831	0.01935625585028562	0.3417270005833238	0.1744042993365384	0.9958208434867188	0.1490342846777377	-1.50619366361996	-0.05597570434334441	0.02578649422910843	0.3530214227078195	-2.264526150340056	1.391403942804827	-0.5359382638404372	0.1147997088259075	0.1106544507953421	0.04695052202681747	0.1539962742444626	0.05223517359063979	0.02562767139686193	0.111158771087774	0.1102164633190016	0.04528356922511311	0.1208515208870948	0.06848129810418797	0.1556315435451502	0.04560221883667723	0.08096168313621618	0.2140018224622195	0.03565578808582223	0.03703659193627867	0.1381849329842535	0.003005754621262295	0.1101600427281205	0.1142334755292772	0.04268645004881204	0.1711260633531323	0.05115994783332362	0.02284299364184056	0.1075307770138328	0.1013248075579027	0.04886003250924588	0.115421122390362	0.0704268442631953	0.1424649754665339	0.04803004946243371	0.08092313000668054	0.1856409684267844	0.03842380568844421	0.03868272128806623	0.1335773044907564
0.5771162492634716	-0.3324489883317185	0.5585676645457875	0.9523250358178597	0.5735787318083154	0.1294472801719928	0.2928276949024748	-0.1407216074011567	-0.0973391394045529	0.02204796743736166	0.3406326235516524	0.216659224428104	0.9888144243455518	0.1593708456235888	-1.547411500177264	-0.04702527219787314	-0.03923700002255088	0.366984237218707	-2.345646869436354	1.342029479527643	-0.5753763266400879	0.114263239870788	0.111024270253923	0.04644119393282829	0.1557133632635967	0.05212376606475615	0.02527904088683501	0.110756122780376	0.1092675283988057	0.04569908364867913	0.1202942742692297	0.06870955377750762	0.1542956128770618	0.04589027254590188	0.08094835376802861	0.2112901569296695	0.03600142930415694	0.03724080062408965	0.1377273962461706	0.003089465341205676	0.1092369184646503	0.11407650097503	0.04263522946340475	0.1715603577714266	0.05140750180300426	0.02279778195456195	0.1071688227469658	0.1011710339850514	0.04868908221313373	0.1155610121571258	0.07054491243750938	0.1417532133393497	0.04801549607366486	0.08076416389609366	0.183225620191948	0.03857501515102477	0.03876057416001105	0.1337531382745723
0.5790859292950875	-0.331981664286419	0.5605086154089033	0.9526485721807505	0.5704902537690494	0.1293641263751724	0.2926880791306722	-0.1399836919925515	-0.1020386292653377	0.02464415887538002	0.3394600034006367	0.2576483900556068	0.9820509245295057	0.169033449153736	-1.58859973905897	-0.03727385978633518	-0.1021827382645171	0.3825581778559752	-2.426066604142343	1.294413478595142	-0.6153856382202594	0.11368562816762	0.1113381747279416	0.04598584113854915	0.1572995749253979	0.05205455272761057	0.02496789983914555	0.1103575164791799	0.1084014468758617	0.04604439618030075	0.1198091588136905	0.06892517004354384	0.1530189560351755	0.04614213316409964	0.08091881026017228	0.2085971382997464	0.03632319402642344	0.03742960440975932	0.137333789213938	0.003173176061149057	0.10831379420118	0.1139195264207829	0.04258400887799747	0.1719946521897208	0.05165505577268491	0.02275257026728335	0.1068068684800987	0.1010172604122	0.04851813191702158	0.1157009019238897	0.07066298061182344	0.1410414512121656	0.048000942684896	0.08060519778550679	0.1808102719571117	0.03872622461360532	0.03883842703195586	0.1339289720583882
0.5810556093267035	-0.3314345879930235	0.5624364897991347	0.9529905016653142	0.5673203868534554	0.129300574848184	0.292426213314907	-0.1392134730803425	-0.1068955830632298	0.02714809387467185	0.3382077345269517	0.2977396775819233	0.9755378739702026	0.1780585642614889	-1.630154692979875	-0.0272739146973112	-0.16349104576191	0.3997860564567444	-2.505430285794579	1.248276111850445	-0.6563515760366908	0.113076082750092	0.1116016213247895	0.04557979219094605	0.1587628340104735	0.05202180712701205	0.02468971503218408	0.1099674315413475	0.1076193221311782	0.04631494624343099	0.1193951380376359	0.06912879407946339	0.1518069883371877	0.04635771282022921	0.08087358834858323	0.2059316785620288	0.03662346950449811	0.0376077734890282	0.1369936980410732	0.00317059011871372	0.1074825839095537	0.1137505447354985	0.04256098239198877	0.1723065964027577	0.05189104952854201	0.02270959884771062	0.1065360822046604	0.1010425401450176	0.04812879834147087	0.1159619374642031	0.07076668135262973	0.1405490237342638	0.04791157643320794	0.08042332348952784	0.1786196469715169	0.03886741757704537	0.03896241706871913	0.1340282748612755
0.5830252893583194	-0.3308091964430681	0.5643517820237181	0.9533496122404783	0.5640680975352723	0.1292566062986143	0.2920449134727453	-0.1384077256521827	-0.1119075501668404	0.02956243056740668	0.336873619101557	0.3371691484878582	0.9692750739270303	0.1864789491486896	-1.672290726017652	-0.01738945898381593	-0.2234552261768512	0.4186333691124519	-2.583466088240481	1.203436036157568	-0.6984920609971985	0.1124425714477739	0.1118192803480192	0.04521905913909637	0.1601098433529078	0.05202066931544479	0.02444066559425717	0.1095897358861381	0.1069220481370582	0.04650684127822272	0.1190512744037674	0.06932097398401414	0.150664421369851	0.04653692400083571	0.08081314439529577	0.2033017086777844	0.03690425162326118	0.03777931366587226	0.136698049139811	0.003168004176278382	0.1066513736179274	0.1135815630502142	0.04253795590598007	0.1726185406157946	0.05212704328439911	0.02266662742813788	0.106265295929222	0.1010678198778352	0.04773946476592016	0.1162229730045166	0.07087038209343599	0.140056596256362	0.04782221018151988	0.08024144919354889	0.1764290219859222	0.03900861054048543	0.0390864071054824	0.1341275776641629
0.5849949693899353	-0.3301066655273328	0.5662549833545033	0.9537247332652801	0.5607321377711788	0.129231792546241	0.2915466651828842	-0.1375632973759191	-0.1170717526442602	0.03188961656144045	0.3354552215867834	0.3760761053245551	0.9632573388251073	0.1943224538376919	-1.715091171766027	-0.007850957267262341	-0.2822594609854749	0.4390158880599993	-2.659955297764938	1.159745733994618	-0.7419688250718353	0.1117745165002393	0.1119974127978622	0.04489210292474531	0.1613715748165239	0.05205001060143306	0.0242161083777285	0.1092279861893312	0.1063083234172908	0.0466193232995735	0.1187582582498603	0.06950520980351677	0.1495717651161521	0.04669092048420741	0.0807413949073906	0.2006944599701757	0.03717032704783054	0.03794647194098712	0.1364415132744459	0.003205361922539984	0.1055763824833617	0.1134366413961657	0.0424138051579828	0.1733050893676204	0.05240738951459447	0.02260803631372691	0.1060848484969362	0.1012328404693625	0.04717847461697255	0.1162578575122162	0.07101146689663461	0.1393102991597921	0.04784358599764722	0.08009833779821764	0.1740319461149191	0.03918768707920627	0.03923343630387803	0.1342112676608451
0.5869646494215512	-0.3293280955837449	0.5681465572973807	0.9541147495880877	0.5573114321037504	0.1292254961258495	0.2909337988789787	-0.1366774009369248	-0.1223849893141018	0.03413179823941859	0.3339498089894226	0.4143787567196766	0.9574687082580664	0.2016034844220317	-1.75834123834505	0.001412709228000262	-0.3398376888850435	0.4607398656926899	-2.734794316326235	1.117123327333507	-0.7868466489832973	0.1110627576557991	0.1121413925451361	0.04458913743896287	0.16257471917996	0.05210886871084897	0.02401213907793582	0.1088852506006646	0.1057769632970492	0.04665169753122487	0.1184993587920234	0.06968447512674539	0.1485119260506845	0.04682909958202064	0.08066168626121643	0.198098556943011	0.03742570961172188	0.03811113616029369	0.1362194503813943	0.003242719668801586	0.1045013913487959	0.1132917197421173	0.04228965440998553	0.1739916381194463	0.05268773574478984	0.02254944519931594	0.1059044010646504	0.1013978610608898	0.04661748446802495	0.1162927420199159	0.07115255169983321	0.1385640020632222	0.04786496181377457	0.07995522640288638	0.171634870243916	0.03936676361792711	0.03938046550227366	0.1342949576575272
0.5889343294531671	-0.3284747593441248	0.5700269432504722	0.9545185610070023	0.553805274699439	0.1292372618862743	0.2902088053337481	-0.1357475352953583	-0.1278439576176368	0.03629103429258432	0.3323545873914789	0.4519372768276554	0.9518904428897419	0.2083328217140685	-1.801745996683919	0.01055339933220908	-0.3960580742592554	0.4835788296439922	-2.807913730334096	1.07551158822936	-0.8331738569589373	0.1103066594768041	0.11225561744117	0.0443033030368596	0.1637352449889422	0.05219522532194516	0.02382535957003306	0.1085641113881369	0.1053268839585218	0.04660324762626125	0.1182699269269333	0.06986268485751687	0.1474714687761871	0.0469596213968573	0.08057330695764539	0.195496101399402	0.03767541841820179	0.03827424600138239	0.1360284473609409	0.003260500269515564	0.1033300781458796	0.1131599621829113	0.04209996665366054	0.1748760726196094	0.05299353859442105	0.02247813316769555	0.1058092149613767	0.1017031724643352	0.04588392760007896	0.1163074907899837	0.07135131460719965	0.137615344257414	0.04798928531443226	0.07978366809299427	0.1688816603199379	0.03960548610891983	0.0395377089259948	0.134380787529556
0.5909040094847832	-0.3275483716483185	0.5718965278653723	0.9549350906972872	0.5502138456710975	0.1292671417588356	0.2893746065220376	-0.1347718549112188	-0.1334452259982949	0.03836929019005107	0.3306666565660815	0.488554770138365	0.9465011115918571	0.2145174851414481	-1.844925641767775	0.0198054685371144	-0.4507240316695112	0.5072600472722097	-2.879284731958406	1.034896748071369	-0.8809830836112362	0.1095056658901533	0.1123438663516119	0.04402879094301902	0.1648669471876119	0.05230736778923484	0.02365291585696172	0.1082667926279749	0.1049570957634092	0.04647331549639487	0.1180659356004384	0.07004316673425509	0.1464386323361264	0.04708936836900756	0.08047564817264231	0.1928711734658787	0.03792366674711155	0.03843659121933845	0.1358655344655365	0.003278280870229541	0.1021587649429632	0.1130282046237052	0.04191027889733556	0.1757605071197726	0.05329934144405227	0.02240682113607515	0.1057140288581031	0.1020084838677805	0.04515037073213297	0.1163222395600515	0.0715500775145661	0.1366666864516057	0.04811360881508996	0.07961210978310217	0.1661284503959597	0.03984420859991253	0.03969495234971594	0.1344666174015847
0.5928736895163992	-0.3265509181789155	0.5737556690998098	0.9553632701947923	0.5465378430132016	0.1293155139038425	0.2884343965600391	-0.1337488843125386	-0.139185335527973	0.04036853120199069	0.328883077792047	0.5240481249563225	0.9412799852716801	0.2201653096915687	-1.887513678212911	0.02938805385415019	-0.5036544919946001	0.5315052532930987	-2.948879466960109	0.9952914592420858	-0.9303044626766703	0.1086701799482812	0.1124085275191971	0.04376487302865188	0.1659684467316896	0.05244157042421878	0.02349289298145001	0.1079946678740848	0.1046661875193936	0.04626224711062052	0.1178980256849788	0.0702290785014824	0.1454119573276923	0.04722035970017588	0.0803635777821349	0.1902073812396005	0.03817420759347911	0.03859769591372152	0.1357286663313286	0.003272492030428245	0.1010940675398026	0.1128887830648027	0.04173098238121842	0.1765564742523469	0.05359472035104945	0.02233382239936792	0.1056912194827332	0.1024452787730034	0.04426042795457775	0.1165877030770703	0.0718080752860924	0.1357039487484466	0.0482697415581339	0.07933152137615468	0.1629925927941157	0.04014085374726135	0.03984293162135644	0.134568600747889
0.594843369548015	-0.3254847695720362	0.5756046750487055	0.9558020578195178	0.5427788153753591	0.1293832122815799	0.2873917364776048	-0.1326778730403546	-0.145060728743457	0.04229080866085042	0.3270008320940457	0.5583072917101941	0.9362098199138839	0.225288857482742	-1.929228780363042	0.03942913416992191	-0.5547511015926387	0.5560405706190114	-3.016650753646692	0.956748604379565	-0.9811689756604502	0.1078092094076959	0.1124516535685876	0.04351093191267265	0.1670385365663573	0.05259468008929728	0.02334368341809113	0.1077489161992629	0.1044528939469419	0.04597028554349673	0.1177753838038386	0.07042310473395594	0.1443901664121471	0.0473542989821393	0.08023270735407873	0.1874901528007974	0.03843019305014573	0.0387571599565738	0.1356160634522786	0.003266703190626948	0.100029370136642	0.1127493615059001	0.04155168586510128	0.1773524413849212	0.05389009925804664	0.02226082366266069	0.1056684101073634	0.1028820736782264	0.04337048517702253	0.116853166594089	0.07206607305761871	0.1347412110452876	0.04842587430117783	0.07905093296920719	0.1598567351922718	0.04043749889461017	0.03999091089299695	0.1346705840941932
0.596813049579631	-0.3243524164210212	0.5774438323443409	0.9562504299551452	0.5389386519357091	0.1294712081653988	0.286250288668062	-0.1315584280295752	-0.1510677794386037	0.04413826082832933	0.3250168600173168	0.5912576411658554	0.9312751531752622	0.2299028682396603	-1.969832325985944	0.05001173899712704	-0.6039554181501972	0.5805971073046808	-3.082540255957556	0.9193472051102192	-1.033606696737513	0.106931393638197	0.1124748513711971	0.04326736043858849	0.168074192894058	0.05276388024545645	0.02320421580959719	0.1075303960897057	0.1043158038278778	0.04559916887139362	0.1177077823809398	0.0706274818450757	0.1433740571826493	0.04749159646314599	0.08007864307608244	0.1847070741860732	0.03869372049345322	0.03891270938823713	0.13552799161802	0.003166457014691674	0.09907563915471961	0.1125967334214194	0.04139851756998061	0.1780213572482112	0.05417649119291326	0.02219245154021333	0.1057135845280728	0.1034462922564339	0.04234965908322734	0.1173924323984416	0.07237918375257618	0.1338034833657479	0.04859473213660017	0.07865550276755057	0.156368501315776	0.04077924634296945	0.04009864314631555	0.1348259601006134
0.598782729611247	-0.3231564598553112	0.579273391496707	0.9567074067882136	0.535019763581682	0.1295805811369201	0.2850137731926605	-0.1303908482771645	-0.1572026785633162	0.04591328373852059	0.3229280251128122	0.6228896432338071	0.9264639389694419	0.2340259612779168	-2.009165643791432	0.06113529790364491	-0.6512819899714152	0.6049167030673936	-3.146467062455071	0.8832045434460387	-1.087646179125334	0.1060442163269437	0.1124795024852245	0.04303448907577153	0.1690727803729253	0.05294678899687427	0.02307359093384006	0.1073398413707704	0.104253659087671	0.04515032540568754	0.1177036413969506	0.07084411091079132	0.1423643255325121	0.04763259838693845	0.07989762530029394	0.1818471048289076	0.03896655191529697	0.03906243190706583	0.1354646771318212	0.0030662108387564	0.09812190817279721	0.1124441053369388	0.04124534927485993	0.1786902731115012	0.05446288312777988	0.02212407941776598	0.1057587589487822	0.1040105108346415	0.04132883298943215	0.1179316982027942	0.07269229444753365	0.1328657556862081	0.04876358997202251	0.07826007256589394	0.1528802674392802	0.04112099379132874	0.04020637539963415	0.1349813361070335
0.6007524096428628	-0.3218994947010294	0.5810935882164687	0.9571720340514986	0.5310247462448049	0.1297123858448022	0.2836858699907162	-0.1291757678240682	-0.1634615042166394	0.04761843578744541	0.320731156065457	0.6532074904330211	0.9217651052806632	0.2376773120168535	-2.047088500070236	0.07278140482393836	-0.6967601802002845	0.6287466029742401	-3.208345277862749	0.8484435862673538	-1.143306901136699	0.1051486238478007	0.1124671270289771	0.04281076949814937	0.1700380527332258	0.05314329922338938	0.02295108779060822	0.1071776513838176	0.1042644415278291	0.04462772178097558	0.1177635269055327	0.07107419438878385	0.1413591037308049	0.04777921292299879	0.07968896066764712	0.178904544135707	0.03924943393165772	0.03920327584105971	0.1354276059747673	0.002918529440929889	0.0971677300425096	0.1122827180754474	0.041087929586045	0.1793580322666837	0.05477516609046818	0.02206194985466658	0.105866708487829	0.1046868147667365	0.04022128328593126	0.1186083375269947	0.0730510010980194	0.1319037631753731	0.04897149242082131	0.0777989897394122	0.1491396574427303	0.04149375532814623	0.04025275680740587	0.1352147862683885
0.6027220896744788	-0.3205840978773808	0.5829046305883021	0.9576434070698551	0.526956548859447	0.1298676187577757	0.2822701765242956	-0.1279144735035444	-0.1698401059465967	0.04925661155561834	0.3184230589998293	0.6822206403340999	0.9171686856376844	0.2408755123939062	-2.083472302764274	0.08492414479391479	-0.7404234522846073	0.6518424094268115	-3.268086745660729	0.8151973874013322	-1.200586562308689	0.104245436770433	0.1124390330924982	0.04259489152814426	0.1709732537622183	0.05335331985870673	0.0228361013393854	0.1070441637474646	0.1043463782956867	0.04403468608715281	0.1178879014184656	0.07131875397131904	0.1403567592651186	0.04793305020926437	0.0794520522099379	0.1758743101930905	0.03954299391037652	0.03933267367231463	0.1354180618934524	0.002770848043103377	0.09621355191222199	0.112121330813956	0.04093050989723006	0.1800257914218663	0.05508744905315648	0.02199982029156718	0.1059746580268758	0.1053631186988316	0.03911373358243037	0.1192849768511951	0.07340970774850514	0.1309417706645381	0.0491793948696201	0.07733790691293044	0.1453990474461804	0.04186651686496373	0.04029913821517759	0.1354482364297434
0.6046917697060948	-0.3192128329120026	0.5847067140575145	0.9581206453488068	0.5228182856374032	0.1300472380097445	0.2807702461164693	-0.1266085686352111	-0.1763342097716367	0.05083087360670908	0.3160005561054649	0.709929638139817	0.9126648979544311	0.243637993525827	-2.118182760489727	0.09754750080010192	-0.7822938488223338	0.673968120093591	-3.325604148677892	0.7835787943712346	-1.259441257961859	0.1033298618510662	0.1123966607567275	0.04238358530172372	0.1718874411759601	0.05357938623333487	0.02272816451152453	0.1069377400215526	0.1044929542839203	0.04338106101980798	0.1180694647516621	0.071577816810245	0.1393541770330718	0.04809715634999611	0.07918957204398105	0.1727602542475621	0.03984711112300414	0.03944848379255667	0.1354366824711654	0.002671362706218345	0.09515673104709582	0.1119554001185441	0.04073505205350759	0.1808153638476264	0.05546950716456459	0.02194530224791071	0.1061093339754601	0.1060622047725748	0.03803111093825814	0.1199537919999703	0.0737981695632892	0.1299246562995711	0.04945228924973178	0.07686803301267588	0.1415853698544794	0.0422589883923682	0.04028763717039092	0.1357490009345372
0.6066614497377106	-0.3177883096173335	0.5865000072195256	0.9586029091696655	0.5186134667075148	0.1302522362703967	0.2791896304361861	-0.1252602566112971	-0.1829393759668107	0.05234454183089488	0.3134607276676745	0.7362986953192472	0.9082430767489388	0.245978377054909	-2.15105264988737	0.1106937827880127	-0.8223505930309537	0.6949027359542499	-3.380858574971808	0.7536709263764843	-1.31971835413407	0.1023977511869287	0.1123412500903789	0.04217408735098575	0.1727884727877577	0.05382363998556144	0.02262688534929714	0.1068569631247929	0.104698543195936	0.04267517669824905	0.1183019028621327	0.07185140537839954	0.1383486371067415	0.04827410120006752	0.07890380316396498	0.1695657848425723	0.04016168431712951	0.03954890251642465	0.1354840153735817	0.002571877369333312	0.09409991018196968	0.1117894694231321	0.04053959420978512	0.1816049362733866	0.05585156527597271	0.02189078420425423	0.1062440099240443	0.1067612908463179	0.0369484882940859	0.1206226071487455	0.07418663137807327	0.1289075419346041	0.04972518362984346	0.0763981591124213	0.1377716922627784	0.04265145991977267	0.04027613612560425	0.136049765439331
0.6086311297693267	-0.3163131982276909	0.5882846641682625	0.9590893753203505	0.5143458346036095	0.1304836866344286	0.2775319238703098	-0.123872026132868	-0.1896511398743887	0.05380102841023458	0.3108009047148229	0.7612723150170753	0.9038919039282555	0.2479081859867745	-2.18189792639444	0.1244412082916706	-0.8605501173680452	0.7144365388024012	-3.433849475939077	0.7255266848942243	-1.381169769855021	0.1014425595510365	0.1122738778452606	0.04196292114689542	0.1736863160215407	0.05409016801384489	0.02253201305363297	0.1067958721948872	0.1049473053241617	0.04193479609604925	0.1185748843159996	0.07213848669665653	0.1373382119086728	0.04846657997190921	0.07859907376133081	0.1663035260720358	0.04048610033593804	0.03963354893351254	0.1355588110224573	0.00246732844241192	0.09289154954517694	0.1116176061955737	0.04029084212175888	0.1825705849802238	0.05633896524197412	0.02184557490694861	0.1063196213159373	0.1072877748711412	0.03605586142722475	0.1211996084735813	0.07458658248217581	0.1278474217326833	0.05006863501546395	0.07595848627517134	0.1340768633066211	0.04305517787975152	0.04022748443572646	0.1363838614863924
0.6106008098009427	-0.3147903585482662	0.5900608086575295	0.9595792458675175	0.5100196441972735	0.1307429339233699	0.2758008876916435	-0.1224468767441507	-0.196465091260386	0.05520382153320041	0.3080193115014802	0.784761625018085	0.8995995918646956	0.2494351479172851	-2.2105124573932	0.1389184960005028	-0.8968088961432871	0.7323902066077107	-3.484618848108017	0.6991510501644821	-1.443363361995477	0.1004586235421746	0.1121954715401485	0.04174714984362251	0.1745896294770378	0.05438242148568754	0.02244333700062066	0.1067493315475105	0.1052256266569775	0.0411749916810391	0.1188794979278173	0.07243818237747181	0.1363212198174443	0.04867686551997544	0.0782790862988036	0.1629846960510563	0.0408198442844566	0.03970209993613976	0.1356599825367568	0.00236277951549053	0.09168318890838419	0.1114457429680152	0.04004209003373264	0.183536233687061	0.05682636520797552	0.02180036560964299	0.1063952327078303	0.1078142588959644	0.0351632345603636	0.1217766097984172	0.07498653358627834	0.1267873015307625	0.05041208640108445	0.07551881343792138	0.1303820343504639	0.04345889583973038	0.04017883274584867	0.1367179575334538
0.6125704898325586	-0.3132227760527536	0.5918285489401583	0.9600717319116182	0.5056394255659915	0.1310315049852739	0.2740004038000958	-0.1209880328083977	-0.2033768857904407	0.05655639965566227	0.3051147978191988	0.8066727686829266	0.8953547386863361	0.2505659550800177	-2.236694810863383	0.154261563230065	-0.9310365263680253	0.7486040454269889	-3.533219487167471	0.6745265307572381	-1.505791501938936	0.09944126390273533	0.1121059219738531	0.04152518512736068	0.1755033138792831	0.05470501351620564	0.02236114384405454	0.1067077263566138	0.1055110335274221	0.04041605260991821	0.1192087288657152	0.07274866408328831	0.1352996607945624	0.04890525856774319	0.07794758725130575	0.1596272688245582	0.04116186287058514	0.03975566482964472	0.135784677967553	0.002252286447735133	0.09033459454153669	0.1112498577836955	0.03975826924755692	0.1846134765586726	0.05744340108084091	0.02177197710007521	0.1063222509491041	0.1079864233590527	0.03456430557140953	0.1222854986856343	0.07538029305399427	0.125753454558965	0.05079650829540779	0.0751149271650932	0.1269537911403801	0.04386438990380289	0.04011591910947481	0.1370498325559544
0.6145401698641745	-0.3116136809280694	0.5935879649165253	0.9605660606174176	0.501210205822625	0.1313512836488879	0.272134592489124	-0.1194990802685303	-0.2103823442834876	0.05786214452359235	0.3020877201187301	0.826913237478458	0.8911471543539847	0.2513061484697524	-2.260267898511603	0.1706063575315688	-0.963141857917454	0.7629623909834093	-3.579724373914738	0.6515969684744184	-1.567814415702864	0.09838643107041778	0.1120051344296363	0.04129568542757135	0.1764316298379744	0.05506183690859195	0.02228567297731452	0.1066627796083397	0.1057842324117981	0.0396751965046424	0.119556532438336	0.07306837781304111	0.1342752806758729	0.04915201138353645	0.07760778277115213	0.1562472266022244	0.04151127149217446	0.03979517524825783	0.1359304244736171	0.002141793379979736	0.08898600017468919	0.1110539725993758	0.0394744484613812	0.1856907194302841	0.05806043695370629	0.02174358859050744	0.1062492691903779	0.1081585878221411	0.03396537658245545	0.1227943875728513	0.07577405252171021	0.1247196075871674	0.05118093018973114	0.07471104089226502	0.1235255479302962	0.04426988396787541	0.04005300547310094	0.1373817075784551
0.6165098498957905	-0.3099664226243538	0.5953391235964414	0.9610614661742984	0.4967372344033583	0.131704329864328	0.2702076920058733	-0.1179837424471974	-0.2174773893971607	0.05912435480461677	0.2989393023785273	0.845404632241276	0.8869678663788838	0.2516617895502155	-2.28108352692708	0.1880700858949327	-0.9930485801860007	0.7753739036429408	-3.624208259064943	0.6302970744101555	-1.62879514210968	0.09729264084533262	0.1118911757851425	0.04105991803067813	0.1773709488951249	0.05545805967354402	0.02221813772070049	0.1066055864844591	0.1060265908815829	0.03896699806382467	0.1199230851044018	0.07339507303269525	0.1332551189213388	0.04941395750139	0.07726145930815718	0.152864266944919	0.04186659224896267	0.03982246726546564	0.1360936336428118	0.002068028905659871	0.08753927392547656	0.1107996909788587	0.03919642506539441	0.1867239196009123	0.05883402334026683	0.02174758957080656	0.1060051399015015	0.1079622945285179	0.03363819746441567	0.1233443445333237	0.07614739693891551	0.123816337075088	0.05154995598771426	0.07432217104039796	0.1204534670809009	0.04466626539611758	0.03999180362556637	0.1376864849228816
0.6184795299274064	-0.3082844982608358	0.5970820724918975	0.9615572019270073	0.4922260478974013	0.1320929320908522	0.268224077897144	-0.1164459130191653	-0.2246581278101	0.06034613365938049	0.2956723805375003	0.8621128908043212	0.882810998716268	0.2516414041014662	-2.299071209292982	0.2067095694320729	-1.020728438289985	0.785800201210479	-3.666736539888265	0.6105432501242919	-1.688143032638669	0.09615860750235233	0.1117623783187306	0.04081895342385116	0.1783181182985425	0.0558980388647277	0.02215955289599521	0.106528480995931	0.1062221025871152	0.03830380090435768	0.1203085382279509	0.07372683708559553	0.132245314597076	0.0496884254410019	0.07691014588911134	0.1494958934851192	0.04222658373568015	0.03983908556615339	0.1362711970948004	0.001994264431340006	0.08609254767626395	0.1105454093583416	0.03891840166940762	0.1877571197715405	0.05960760972682736	0.02175159055110567	0.1057610106126251	0.1077660012348947	0.03331101834637587	0.1238943014937961	0.0765207413561208	0.1229130665630086	0.05191898178569738	0.07393330118853089	0.1173813862315056	0.04506264682435976	0.03993060177803179	0.1379912622673082
0.6204492099590222	-0.3065714342294803	0.5988168524622972	0.9620525333023421	0.4876822489501996	0.1325194322815673	0.2661881460283496	-0.1148895191208345	-0.2319207485432672	0.06153047281102422	0.2922905310247017	0.8770321393949945	0.8786724917285039	0.2512553657202627	-2.314205849110948	0.2265420552388214	-1.046183985575315	0.7942279865988536	-3.707361969902116	0.5922542553029005	-1.74536552696515	0.09498456102803605	0.1116151965840645	0.04057608048039139	0.1792631308537752	0.05638823062415614	0.02211210174635128	0.1064272568158617	0.1063645691815051	0.03768962361794344	0.120718539733115	0.07406146825252244	0.131255567553293	0.04996991196239892	0.07655390740839639	0.1461600415937124	0.04258953701617521	0.03984679231971597	0.1364598412070486	0.001970895290657298	0.08457395483838591	0.1101955772807537	0.03868375544004184	0.1886008705704025	0.06057933811424869	0.02180761745596115	0.1053995217815666	0.1073606532150825	0.03313575886424224	0.1245894551193763	0.07686602766498041	0.1222162713089917	0.05222193182460988	0.07353576161996421	0.1146902612688267	0.04544057387618338	0.03987671347608381	0.1382615744083509
0.6224188899906382	-0.3048306896940686	0.60054349880461	0.9625467588203859	0.4831113777070842	0.1329860994462199	0.264104194884241	-0.1133184571030669	-0.2392615286684578	0.06268015226748755	0.2887983284603833	0.8902194496411999	0.8745521692233538	0.2505185028234919	-2.326560147712814	0.2474947483371049	-1.069486828692432	0.800694014758631	-3.746098858272303	0.5753501004734263	-1.80019499861857	0.09377069934763628	0.1114465712918828	0.04033407696799438	0.1801972844538955	0.05693407285830127	0.02207761002060263	0.1062982892810142	0.1064486445604896	0.03712783977264906	0.1211579522462062	0.07439709513933815	0.1302943277244855	0.05025377561364321	0.07619279965623779	0.1428726161552342	0.04295401622410762	0.0398470709891965	0.1366567315544019	0.00194752614997459	0.08305536200050787	0.1098457452031659	0.03844910921067606	0.1894446213692646	0.06155106650167001	0.02186364436081663	0.1050380329505081	0.1069553051952703	0.03296049938210862	0.1252846087449565	0.07721131397384003	0.1215194760549748	0.05252488186352238	0.07313822205139754	0.1119991363061478	0.04581850092800701	0.03982282517413582	0.1385318865493935
0.6243885700222542	-0.3030656289258342	0.6022620478243832	0.9630391978979658	0.4785188479153626	0.1334950782633902	0.2619764070614244	-0.1117365597604446	-0.2466767513196492	0.06379785260113051	0.2852006160252827	0.9017571574251005	0.8704514911338616	0.2494475376940953	-2.336245954016115	0.2694568525999144	-1.090736055920833	0.8052534714801158	-3.782939529647197	0.5597642015448988	-1.852498328140518	0.09251645579916611	0.1112523386861619	0.04009644711636081	0.1811094852329544	0.05754413072212904	0.02205895549941622	0.1061418681930137	0.1064796835820882	0.03661407800722397	0.121632132239537	0.07473200804884145	0.1293693583638754	0.05053500922574457	0.07582650463655033	0.139646599970964	0.04331828256435115	0.03984080785159001	0.1368600317854642	0.001977893801101833	0.08145165146392815	0.1093758265690435	0.03827327288559439	0.1900371300947404	0.06278165519457259	0.02199058965070424	0.104626738673996	0.1065315262315029	0.03281608072405256	0.1261411179884873	0.0775288015946746	0.1210261406390973	0.05274933608496492	0.07272554881173977	0.1096462625741202	0.04617104259058353	0.03976850348788009	0.1387832544286505
0.6263582500538701	-0.3012793442397068	0.6039725434325449	0.9635292182619876	0.4739096930806448	0.1340481345573695	0.2598086448133811	-0.1101474748578282	-0.2541626152918032	0.06488610676665717	0.2815022475323474	0.9117700386773937	0.8663747897325892	0.2480625387048961	-2.343441002916643	0.292250645662902	-1.11007653987269	0.807992092083423	-3.817827437326819	0.5454507247909408	-1.902400545672018	0.09122133936459877	0.1110289038979643	0.03986614944188823	0.1819900760110096	0.05822561082228051	0.02205854345387112	0.1059582391384515	0.1064622714016667	0.03614461229490364	0.1221456883704046	0.07506475332294407	0.1284874079257106	0.05080938873710797	0.07545475054056761	0.1364934581776893	0.04368087444357082	0.03982874911452881	0.1370681522131212	0.002008261452229075	0.0798479409273484	0.1089059079349211	0.03809743656051272	0.1906296388202162	0.06401224388747516	0.02211753494059185	0.1042154443974838	0.1061077472677355	0.03267166206599649	0.126997627232018	0.07784628921550915	0.1205328052232198	0.05297379030640746	0.07231287557208202	0.1072933888420926	0.04652358425316004	0.03971418180162436	0.1390346223079075
0.6283279300854862	-0.2994747513264506	0.6056750361035671	0.9640162150043013	0.4692886934512446	0.1346467802825465	0.2576045664003757	-0.1085547287100146	-0.2617152290681926	0.06594739910501288	0.2777078406113823	0.9203932174873696	0.8623272661850244	0.2463844200417481	-2.348340057406953	0.315679189040393	-1.127663877957227	0.8090028819470222	-3.850684895468949	0.5323849122588431	-1.950089719177565	0.08988387261977657	0.1107726836686613	0.03964575602362212	0.1828305659162725	0.05898882778359244	0.02207960996743591	0.1057476342084496	0.1064010424749649	0.03571614478398406	0.1226997616275762	0.07539426389387585	0.1276516811349094	0.05107422957194917	0.07507783060225311	0.1334202212032664	0.04404001251644069	0.03981052444703804	0.1372814853500154	0.002037616303463978	0.07814115137268213	0.1083114990299738	0.03797794607217937	0.1909811435193209	0.06556503573455426	0.0223316169449948	0.1037544901852488	0.1056727277461945	0.03256031321337216	0.1279563339059358	0.07814073505078858	0.1201832854190247	0.05313962098550144	0.07189460375539779	0.1052030922486112	0.04684351223784593	0.03964224231700447	0.1393033382830452
0.6302976101171021	-0.2976544031863912	0.6073695913068574	0.9644996388741408	0.4646601008599825	0.1352919853933854	0.255367415095282	-0.1069615960950097	-0.2693304503478492	0.06698419431077651	0.2738214250688562	0.9277677770205509	0.8583151388046784	0.2444346533081756	-2.351150772699816	0.3395266627205877	-1.14365850667106	0.8083843978887484	-3.881398610178656	0.5205765630413899	-1.995825459232192	0.08850277636706277	0.110480580952262	0.03943743656805666	0.1836235490082811	0.05984244611224566	0.02212485753478631	0.1055102498800614	0.1062999727744595	0.0353258686753663	0.123295329220518	0.07571963196551965	0.1268649463325412	0.05132726500759643	0.07469599590402948	0.130433042352869	0.04439420016511536	0.03978582152375001	0.1375003711189191	0.002066971154698881	0.07643436181801586	0.1077170901250266	0.03785845558384603	0.1913326482184257	0.06711782758163334	0.02254569894939774	0.1032935359730139	0.1052377082246534	0.03244896436074782	0.1289150405798535	0.078435180886068	0.1198337656148296	0.05330545166459542	0.07147633193871358	0.1031127956551297	0.0471634402225318	0.03957030283238457	0.1395720542581829
0.6322672901487179	-0.295820665792616	0.6090562829770295	0.9649789689719803	0.460027890488736	0.1359844305931801	0.2531002220533783	-0.105371220015009	-0.277003976340007	0.0679989718521479	0.2698466975865892	0.93403345137492	0.8543448081047269	0.2422345357171228	-2.352081122889337	0.3635748156701841	-1.158218705181717	0.8062378596520163	-3.90984445194048	0.5100279916687277	-2.03977237683869	0.08707878848771526	0.110150481505522	0.03924295517510933	0.1843630271023955	0.06079615556684874	0.02219764931333924	0.1052404816023694	0.106148828606196	0.03498379088917065	0.1239307414373042	0.076040104940351	0.1261277676460573	0.05156734098329506	0.07431011624708597	0.1275359470821046	0.0447423632941134	0.03975465546988882	0.1377246972261831	0.00198609213247864	0.07465948640585109	0.1070125545360825	0.03779152827965504	0.1914617287549529	0.06902355346630207	0.0228609076925703	0.1026763166311087	0.1045344997539324	0.03257362440946951	0.129927640028697	0.07870804640893374	0.1195893691983208	0.05342811014055809	0.071063589555223	0.1012494872329503	0.04745563060963147	0.03948566461404203	0.1398498105974978
0.6342369701803339	-0.2939755515401545	0.6107352017524184	0.9654537388947664	0.4553955045188768	0.1367242326540098	0.2508056192799005	-0.1037864752402113	-0.2847311683421987	0.06899420805587274	0.2657872655545972	0.9393197695768498	0.8504225940904173	0.2398042713986855	-2.351329034498463	0.3876124435917226	-1.17149016228265	0.8026663160746301	-3.935890739592716	0.5007344972779252	-2.081833885905721	0.08561254730821308	0.1097805535829071	0.0390637979823412	0.1850437523147063	0.06185807232203789	0.02230079081162969	0.1049334949743352	0.1059387837596765	0.03469833117601298	0.1246045745408048	0.07635504201446526	0.1254406127557053	0.0517934809695814	0.07392093578447459	0.1247324062923788	0.04508359746089643	0.03971703870364926	0.1379543665718396	0.001905213110258398	0.07288461099368632	0.1063080189471385	0.03772460097546405	0.1915908092914801	0.07092927935097081	0.02317611643574286	0.1020590972892035	0.1038312912832115	0.03269828445819119	0.1309402394775405	0.07898091193179947	0.119344972781812	0.05355076861652076	0.07065084717173245	0.09938617881077079	0.04774782099673114	0.03940102639569949	0.1401275669368126
0.6362066502119499	-0.2921209066683922	0.6124064465061673	0.9659235083404556	0.45076612912709	0.1375112342617067	0.2484860522489996	-0.102210099826936	-0.2925072130452026	0.06997235720962669	0.261646993334538	0.9437498722634236	0.8465545597698324	0.2371631943944547	-2.349085872667588	0.4114358203895319	-1.183611186917765	0.7977762947099241	-3.959413738325211	0.4926556498629284	-2.121612678639751	0.08410915387307519	0.1093708697309716	0.03890106737866034	0.1856621880061547	0.06303401429686548	0.02243741746312786	0.1045739386837489	0.1056381010584494	0.03450700796531762	0.1253137415872109	0.07666373383513594	0.1248034273926246	0.05200522872160214	0.07352977428139386	0.1220258246354577	0.04541828202267922	0.03967471479978952	0.1381858775860971	0.001814383513211411	0.07112218655526524	0.1055265018216981	0.03770593842200367	0.1915255665281116	0.07316192154623458	0.02360145842345814	0.1010858065928686	0.1024259211671809	0.03353818645273145	0.1319732898747774	0.07923010708650767	0.1191963493174232	0.05363759516471215	0.07025462322891085	0.09775135009242608	0.04803215362160465	0.03933188845755407	0.1403481233150046
0.6381763302435659	-0.290258269499697	0.6140701310927877	0.9663878852145656	0.4461424643656055	0.1383447655705263	0.2461436202650825	-0.1006445425500246	-0.3003270175606878	0.07093569745469724	0.2574316702778005	0.9474351104129757	0.8427460510955072	0.2343286828493261	-2.345530475755915	0.4348583565658363	-1.194707092766554	0.7916815671917988	-3.980324266736728	0.4856977310824937	-2.158040139920805	0.0825730238825273	0.1089214855620164	0.03875569008951686	0.1862152229365588	0.06432882218683991	0.0226101408470912	0.1041485651804049	0.1052193850222192	0.03444136000658415	0.1260555846642555	0.07696557595593073	0.1242161421576404	0.05220219620652073	0.07313776043805455	0.1194191061802917	0.04574673511097013	0.03962915285519655	0.1384161987096076	0.001723553916164423	0.06935976211684416	0.1047449846962577	0.03768727586854327	0.1914603237647432	0.07539456374149836	0.02402680041117343	0.1001125158965337	0.1010205510511504	0.03437808844727169	0.1330063402720144	0.07947930224121587	0.1190477258530344	0.05372442171290354	0.06985839928608926	0.09611652137408137	0.04831648624647816	0.03926275051940865	0.1405686796931966
0.6401460102751818	-0.2883890368528413	0.6157263760777512	0.9668464994451699	0.4415269810455089	0.1392239189349726	0.243780263223316	-0.09909210225161251	-0.3081853855214332	0.07188638257507654	0.2531487863145821	0.9504757381372766	0.8390015260196924	0.2313162165254379	-2.340826052103637	0.4577121922770795	-1.204891529125778	0.784489849114212	-3.998571313984807	0.4797839940485346	-2.189420324446972	0.08101317298010413	0.1084352693483965	0.03862753815144358	0.1867041190563147	0.06574160607075756	0.02282114333071085	0.103632808768676	0.1046275727917109	0.03459539006255418	0.1268233058762933	0.07726013183637273	0.1236758854951662	0.05238559825985632	0.07274694274423903	0.1169129023822253	0.04606912870992985	0.03958128439147462	0.13864331965124	0.001702291881991154	0.06769649691578405	0.103938867054026	0.03770096354840684	0.1912873250801369	0.07786482517693148	0.02455919217769201	0.09855833636254978	0.09836872806617342	0.03698037547791866	0.1339772850069905	0.07970693272111444	0.1189415404109518	0.05380166123167564	0.06949614377199061	0.0946700195365113	0.04859097303208213	0.03920230953613964	0.1407477640967353
0.6421156903067977	-0.2865143783273091	0.6173753105987864	0.9672990154492603	0.4369217751533893	0.140147409061691	0.2413976597532418	-0.09755482148529789	-0.3160771234893451	0.07282639438417665	0.2488120833262182	0.9529445419011185	0.8353230549164439	0.2281365807499252	-2.33509484242333	0.4798775859212538	-1.214249815391562	0.776288601273704	-4.014208115261584	0.4748602152702989	-2.212688055410658	0.07943740409153562	0.1079146933501963	0.03851650038018863	0.18712995037199	0.06727156821383272	0.02307223741586794	0.1030054338602384	0.1038149736605816	0.03504773359756455	0.1276110569886765	0.0775470288697144	0.1231801460265499	0.05255645874886693	0.07235907238472152	0.1145076830309611	0.04638560660722808	0.03953189437782163	0.1388654995286857	0.001681029847817885	0.06603323171472396	0.1031327494117942	0.0377146512282704	0.1911143263955306	0.08033508661236462	0.02509158394421059	0.09700415682856584	0.09571690508119644	0.03958266250856562	0.1349482297419666	0.079934563201013	0.1188353549688692	0.05387890075044775	0.06913388825789195	0.09322351769894122	0.0488654598176861	0.03914186855287062	0.140926848500274
0.6440853703384136	-0.2846353771225278	0.6190170656162078	0.9677451100486636	0.4323287965249231	0.1411138106403005	0.2389973856591533	-0.09603463670163402	-0.3239971479087546	0.07375767258487793	0.2444399354171632	0.954895754064122	0.8317107584162478	0.2247968102623868	-2.328428316148779	0.5012695813333906	-1.222849028216155	0.7671434172351781	-4.027372145714867	0.4709359045096926	-2.223488580135992	0.07785756466065664	0.1073655481829857	0.0384210764149184	0.1874996427223553	0.06890793051801193	0.02336372461814315	0.1022455541456096	0.102733475351889	0.03601883029755713	0.1284080715899387	0.07782614041317872	0.1227224001979019	0.05271779479626788	0.07197681877378942	0.1122013367242747	0.04669452429689253	0.0394791510206739	0.1390856018657317	0.001623128637124397	0.0645492043904763	0.1023667311383245	0.03773799824931971	0.1909568573328191	0.08287154861468048	0.02570994626057642	0.09484957851167533	0.09175431270798862	0.04634617112123975	0.1357548054612502	0.08014442719828217	0.1186922935024213	0.05398126071725973	0.06882378909496731	0.09191703035104834	0.04910076275357859	0.03904859367163522	0.1411516237369182
0.6460550503700295	-0.2827530341398892	0.6206517661984321	0.9681844667353883	0.427749855297508	0.1421215834384325	0.236580899958909	-0.09453338359969995	-0.3319409958183517	0.07468231348301879	0.2400658662862619	0.9563378179084113	0.8281600289527411	0.2212949498675883	-2.320841391830048	0.5218856123927975	-1.23071103152633	0.7570654292858569	-4.038398543841848	0.4681208119271965	-2.214639436347309	0.07628389955450496	0.1067928347260692	0.03833999905283117	0.1878192254371696	0.07064161394355734	0.02369584657535763	0.1013350336300069	0.1013410280763336	0.0376909820573165	0.1292050866272602	0.07809735753187906	0.1222969784318877	0.05287215480035556	0.07160246266026751	0.1099919106979541	0.04699449568479518	0.03942151066936293	0.1393061062781233	0.001565227426430909	0.06306517706622865	0.1016007128648548	0.03776134527036901	0.1907993882701075	0.08540801061699632	0.02632830857694225	0.09269500019478484	0.0877917203347808	0.05310967973391387	0.1365613811805338	0.08035429119555133	0.1185492320359734	0.05408362068407173	0.06851368993204267	0.09061054300315544	0.04933606568947108	0.03895531879039982	0.1413763989735624
0.6480247304016455	-0.2808683544788864	0.6222795296171123	0.9686167630995687	0.423186768174964	0.1431692138149518	0.2341496476281427	-0.09305290206570582	-0.3399047260123483	0.07560259341545587	0.2357339771523577	0.9572576477990687	0.824663381647198	0.2176234399288481	-2.312309903161773	0.5417648305895232	-1.237838091388997	0.7460361194043108	-4.047748065575064	0.4665754200228492	-2.176792790474722	0.07473098993911662	0.1062053207923891	0.03827093445747241	0.1880987216043518	0.07244883023656423	0.024065038180172	0.1002765676200223	0.0996450571755105	0.0404715830671217	0.1299906020712215	0.07836061896288976	0.1218970185032841	0.05302283902609076	0.07123865252990177	0.107877751251548	0.04728237592329401	0.03935556982635088	0.1395332749239928	0.001436579730935098	0.06184767175898304	0.1009507792308758	0.0377753809413043	0.1907489010032236	0.08774298365932982	0.02697333314857145	0.09030072262977173	0.0833808638293686	0.06799439799902275	0.1371475045035832	0.08054707037773094	0.1183394571582386	0.05422712221823691	0.06826503562086346	0.08944714057502604	0.04950119968381763	0.03879692453077804	0.1417238299443899
0.6499944104332616	-0.2789824285288385	0.6239004461376594	0.9690416423138787	0.4186415118780234	0.1442553785798349	0.2317051126561627	-0.09159515741023963	-0.3478858732133315	0.07652132092591241	0.2315188362369021	0.9576033765510334	0.8212077349505005	0.2137636295557264	-2.302736154623098	0.5610131193049743	-1.244198230006188	0.7339784872028264	-4.056083942366758	0.4665445524786417	-2.096094661164656	0.07321142177682527	0.1056105827607713	0.03821191467103919	0.1883468821072546	0.07430961157142402	0.02446831843862013	0.09907236877249925	0.09765146666825718	0.04468883953388513	0.1307547160127586	0.07861587143219935	0.1215165678387103	0.05317263687784912	0.07088764940911817	0.1058573162422972	0.04755551335825922	0.03927845990638593	0.1397725314167394	0.001307932035439287	0.06063016645173742	0.1003008455968969	0.03778941661223958	0.1906984137363397	0.09007795670166333	0.02761835772020064	0.08790644506475861	0.0789700073239564	0.08287911626413162	0.1377336278266325	0.08073984955991054	0.1181296822805038	0.0543706237524021	0.06801638130968425	0.08828373814689665	0.04966633367816418	0.03863853027115627	0.1420712609152174
0.6519640904648776	-0.2770964286824083	0.6255145870461747	0.9694587197596548	0.4141162162483933	0.1453789191566165	0.229248833833155	-0.09016223297136225	-0.3558829246709062	0.07744162373509379	0.2275140209636986	0.9573205473098043	0.8177799873495419	0.2096969652754677	-2.292017925497972	0.5797268822777357	-1.249756274454586	0.7208140092866907	-4.064016077727709	0.4682313357936709	-1.959431196535805	0.07174188086412207	0.1050196642674895	0.03816077031861577	0.1885730991682807	0.07618923910318277	0.02489632536032261	0.09776507120982279	0.09544716748152789	0.05042033190825446	0.1314893940861864	0.07886268866595172	0.1211516474143652	0.05332270253784257	0.07055121099894485	0.1039311897349483	0.04781112930760514	0.03918832456838062	0.1400279697622737	0.001231595125571474	0.05976443966536549	0.09984046082894123	0.03778827841763676	0.1907801859353754	0.09192328052891305	0.0281855780136051	0.08601384034226396	0.07559763796531756	0.1024807173406466	0.1381210226354161	0.08090890632257601	0.1178828909641299	0.05453166810876018	0.06782333937686147	0.08730058686897677	0.04975556344017455	0.03842770482877382	0.1425228350383743
0.6539337704964934	-0.275211623684822	0.6271219961812458	0.9698675744456837	0.4096132011858956	0.1465387633517059	0.2267824015572033	-0.0887563677476484	-0.3638953021181888	0.07836707315053765	0.2238430422337632	0.9563902325556936	0.8143723372359967	0.2054142998990725	-2.28011268713044	0.5978755100207982	-1.254508088042478	0.7065026607058266	-4.071646243315443	0.4717704625668077	-1.75712029517906	0.07033672749560084	0.1044421059385455	0.03811567332208234	0.1887855834611328	0.07805856251188585	0.02534125009565585	0.09639156048507765	0.09310761885765499	0.05771490167124945	0.1321877057592429	0.07910070636967619	0.1207988081835662	0.0534740118682603	0.07023083554745273	0.1020997884880173	0.04804687787701112	0.0390835982288642	0.1403031350252252	0.001155258215703661	0.05889871287899355	0.09938007606098555	0.03778714022303394	0.190861958134411	0.09376860435616277	0.02875279830700956	0.08412123561976932	0.07222526860667872	0.1220823184171616	0.1385084174441997	0.0810779630852415	0.117636099647756	0.05469271246511826	0.06763029744403867	0.08631743559105688	0.04984479320218492	0.03821687938639137	0.1429744091615313
0.6559034505281093	-0.2733292903555882	0.6287227106330343	0.9702677801925889	0.4051348095301834	0.1477337314843669	0.2243073995024342	-0.08737982705253337	-0.3719222627975993	0.07930133577169424	0.2206386468408336	0.9548356722183121	0.8109862202202812	0.2009270722907564	-2.267067504748977	0.6153068431491999	-1.258478715400768	0.6910825145934438	-4.078429412342418	0.4771219570165057	-1.490209333011627	0.06900902687801633	0.1038877747092479	0.03807523184418918	0.188989718606099	0.07988737280715447	0.02579162783136855	0.09505464812252441	0.09081671252928547	0.06523526516637174	0.1328481674753486	0.07932885283588736	0.1204594221704745	0.05362413353209017	0.06992707588501114	0.1003666486823276	0.04826239138864017	0.03896668779046224	0.1405945926811482	0.001133428898338889	0.05837848823174756	0.09912720723645545	0.0377754929117983	0.1910281700289259	0.09505977919036585	0.02917371475273641	0.08396954142413203	0.0719270217263949	0.1231451332276944	0.1387921073936902	0.08121034567826679	0.1174389865373885	0.05481555085892261	0.06747842067415293	0.08557181058012665	0.04988768761536831	0.0380161438416606	0.1433989824719991
0.6578731305597252	-0.2714505105300002	0.6303167987756331	0.9706590067688188	0.4006829747076533	0.1489619773606041	0.2218252487358651	-0.08603452535220767	-0.3799599529651648	0.08024761848940914	0.2179977865010521	0.9527821110605691	0.807644024713853	0.1962969111247873	-2.253147093668908	0.6316654558911007	-1.26176693923519	0.6747826822978109	-4.082541437431141	0.4839757021621129	-1.184910072219788	0.06776996141984902	0.1033651852424739	0.03803827344492784	0.1891902135106722	0.08165022949485762	0.02623789799858919	0.09384342059802069	0.08873478325063201	0.07191111546175467	0.1334694855244938	0.0795462134088602	0.1201346748394375	0.05377101177571671	0.06964040043131052	0.09873475199027128	0.04845735491148227	0.0388396213819597	0.1408993677936555	0.001111599580974116	0.05785826358450157	0.09887433841192535	0.03776384560056267	0.1911943819234408	0.09635095402456891	0.02959463119846327	0.08381784722849474	0.07162877484611106	0.1242079480382271	0.1390757973431806	0.08134272827129208	0.1172418734270211	0.05493838925272696	0.06732654390426718	0.08482618556919642	0.04993058202855171	0.03781540829692984	0.1438235557824669
0.6598428105913412	-0.2695761667531573	0.6319043649703052	0.9710410206031371	0.3962592111004619	0.1502211204880154	0.219337213992961	-0.08472201765776484	-0.3880016885707706	0.08120866995206683	0.2159762432922205	0.9503846215593981	0.8043732154389593	0.191599539161417	-2.238678121093967	0.6465832919775204	-1.264495586104089	0.6578835948958726	-4.081923642940388	0.4920006050573602	-0.8731897723207597	0.06662616731033	0.102882304834802	0.03800224324083109	0.1893935982676781	0.08332732386811535	0.02666766214464103	0.09287087606685715	0.08709415144092372	0.07673752249568633	0.1340511656099014	0.07975196488904698	0.1198258953803025	0.05391298950030739	0.06937138806000626	0.09720604197492363	0.04863268751538825	0.03870571367067892	0.1412118371749213	0.001049887559082902	0.05761812638556769	0.09882964281264316	0.03771771741847697	0.1914893385254634	0.0971475643839364	0.02981103747762287	0.08594230391128654	0.0758583350559671	0.1054149459959346	0.1392693892475212	0.08143880051656185	0.1170986868455364	0.05502692606552351	0.06721833307008784	0.08430230014510139	0.0499471733291399	0.03764833360948831	0.1441654434827201
0.6618124906229572	-0.2677067223236482	0.6334855871726136	0.9714138010466316	0.3918641355201177	0.1515080212620313	0.2168442272502981	-0.08344307095109668	-0.3960359477568577	0.08218631262743022	0.2145365749651008	0.9478074082710143	0.801202373971561	0.186921385244291	-2.224017466721586	0.6598502953261481	-1.266795240519061	0.6407049489734891	-4.074950420923973	0.5008224156348076	-0.5940763943730657	0.06558325064663097	0.1024459944399566	0.03796498970523428	0.1896055861867538	0.08490186268529865	0.02707057104888692	0.09223432619970739	0.08609529373678762	0.07887239342132871	0.1345927663248126	0.07994540387341138	0.1195342313545356	0.05404866501887203	0.06912052896055938	0.09578210205557956	0.04878916016716901	0.03856775898192127	0.1415271315152597	0.0009881755371916878	0.0573779891866338	0.09878494721336097	0.03767158923639125	0.191784295127486	0.09794417474330393	0.03002744375678246	0.08806676059407836	0.08008789526582312	0.08662194395364206	0.1394629811518617	0.08153487276183163	0.1169555002640518	0.05511546287832005	0.06711012223590852	0.08377841472100636	0.0499637646297281	0.03748125892204677	0.1445073311829732
0.6637821706545732	-0.265842419512038	0.6350606797321232	0.9717774394612418	0.3874978913157381	0.1528193058201852	0.2143470395793148	-0.08219803432329809	-0.4040492270232531	0.08318194759001131	0.2135921543058168	0.9452005592247845	0.7981531831150364	0.1823327568164037	-2.209477516453979	0.6713512602810749	-1.268796245892772	0.6235135569394872	-4.060526840961431	0.5102448391449564	-0.3762123697156489	0.06464101117359483	0.1020607384022694	0.03792376854346458	0.1898342731442877	0.0863651777858204	0.02743781372242073	0.09191199342229335	0.08573338897102822	0.07904069674361854	0.135091461185008	0.0801266153103318	0.1192568220854675	0.0541789745156564	0.06888829557699185	0.09445990205833887	0.04892581353559543	0.03842519372300524	0.1418478463773561	0.0009434510008645342	0.05732509529426843	0.09891358025403514	0.03757852026343598	0.1922654515868802	0.09836472628172348	0.0300493172392333	0.09044548081679937	0.08543525840281295	0.07435544950905577	0.1395197653972709	0.08160757422396912	0.1167920920074204	0.05520700576330456	0.06704589778509444	0.08339439347036631	0.04992639479387274	0.03729699656580133	0.1449056292812772
0.665751850686189	-0.2639832118574014	0.6366298882635161	0.9721321530624124	0.3831600342127598	0.1541516708734443	0.211846126280968	-0.08098676715087073	-0.4120272798405443	0.08419677815162994	0.2130099113948408	0.9426338688688588	0.795227770083987	0.1778591905677611	-2.195193388382452	0.6812551417251385	-1.270578270439171	0.6064155480221348	-4.03918197524914	0.5203135752340089	-0.2263238322076217	0.06379917273717525	0.1017303810683297	0.0378762687171504	0.1900867420021088	0.08770980367521779	0.02776201703191325	0.0918843834633027	0.08600126679876473	0.07781842940194471	0.1355447938946301	0.08029566989564468	0.1189911905268079	0.05430470936837384	0.06867508691582577	0.09323671245642526	0.04904183372603536	0.0382775427588983	0.1421762297780965	0.0008987264645373808	0.05727220140190305	0.09904221329470933	0.03748545129048071	0.1927466080462745	0.09878527782014303	0.03007119072168415	0.09282420103952037	0.09078262153980278	0.0620889550644695	0.1395765496426801	0.08168027568610661	0.1166286837507891	0.05529854864828908	0.06698167333428037	0.08301037221972626	0.04988902495801738	0.03711273420955588	0.1453039273795813
0.6677215307178049	-0.2621289950393677	0.6381934545014523	0.9724781786056622	0.3788500087504061	0.1555021636175311	0.2093418833680815	-0.0798090394697802	-0.4199572527501498	0.08523210233944861	0.212652704851657	0.9401425757905053	0.7924215838807357	0.1735107699027951	-2.181232372687655	0.6898420603528619	-1.272194825902857	0.5894688148391594	-4.012120845376211	0.5310730159689182	-0.1460027707558934	0.06305119077298892	0.1014533868668938	0.03782223510925315	0.1903654178416883	0.08894024974126191	0.02804351561923471	0.09204119357678225	0.08665579063425434	0.07585294335624405	0.1359531899618866	0.08045271732571017	0.1187371478031711	0.0544253533940758	0.06848027644372119	0.09210943044939035	0.04913646552272791	0.03812421723909278	0.1425144028991711	0.0008846335249706485	0.05729928919581567	0.09925064718539972	0.03737572396692571	0.1933264094100454	0.09903268945741486	0.0300107054626211	0.09380198715175936	0.09305758787250626	0.05849027970204648	0.1395488921023384	0.08173109265970674	0.116484975931561	0.05537221923172281	0.06694425885882509	0.08275629657367375	0.04979758824025535	0.03690882903563048	0.1457592366273338
0.669691210749421	-0.2602795888123465	0.6397516008620093	0.9728157513146368	0.3745671418474241	0.1568684948850273	0.2068345676399223	-0.07866453344668332	-0.4278295532224801	0.0862893678907538	0.2123968672456817	0.9377492592893594	0.7897244628972798	0.169276244157909	-2.167616747698524	0.6973372985688772	-1.273698416262062	0.5726823775890918	-3.980621805318538	0.542592787990861	-0.123395645180476	0.06239137601730107	0.1012284095658252	0.03776145268511531	0.1906724200463906	0.09006019703313908	0.02828256823980447	0.09228757904714119	0.08748808177569829	0.07369656549860253	0.1363170004225902	0.08059788367566349	0.1184945290590912	0.05454046949904245	0.0683033263445445	0.09107528141270835	0.04920906676037018	0.03796472078210672	0.1428642029569467	0.0008705405854039163	0.05732637698972827	0.09945908107609008	0.03726599664337073	0.1939062107738164	0.09928010109468668	0.02995022020355806	0.09477977326399836	0.09533255420520972	0.05489160433962345	0.1395212345619968	0.08178190963330685	0.1163412681123329	0.05544588981515655	0.06690684438336982	0.08250222092762126	0.04970615152249334	0.03670492386170508	0.1462145458750864
0.6716608907810369	-0.2584347849823393	0.641304535310662	0.973145086424739	0.3703107398520939	0.1582486407998624	0.2043243660782643	-0.07755292875236401	-0.4356362096970742	0.08737007984794817	0.2121377719069708	0.9354821391973369	0.7871265684438337	0.1651423326703736	-2.154375129774737	0.7039086579398666	-1.275147918347562	0.5560711717749685	-3.945768011381991	0.5548536719268817	-0.1448798938710816	0.06181469272433798	0.1010531592017564	0.03769514000948654	0.1910063016305647	0.09107321565837551	0.02848125136400629	0.09256728887913325	0.08836457743726552	0.07154101286070126	0.1366412900973691	0.08073108771489272	0.1182669844746958	0.05464727642284851	0.06814273821853679	0.09013251204836317	0.04926104622361047	0.03780121964294011	0.1432223319561416	0.0008054462895973185	0.05743772397137386	0.09972840006156589	0.03716256975155075	0.19451311866557	0.09935792047937814	0.02983667378721014	0.09492487146188754	0.09558905268084707	0.05428551788984756	0.1395009734186248	0.08180735384859608	0.116288901941417	0.05546175523564899	0.06687898124319468	0.0823931826199549	0.04959385716541692	0.03652390072336114	0.1466289550438396
0.6736305708126528	-0.2565942746125849	0.6428524431653693	0.9734663673404086	0.3660799902713098	0.1596408883811866	0.2018112858656737	-0.07647382413348174	-0.4433716271572957	0.08847553224269074	0.2118057079900677	0.9333897162597925	0.7846204917484081	0.1610980751471533	-2.141569406028521	0.7096251063152254	-1.276621381923153	0.539681890325301	-3.908286185797246	0.5677141876456239	-0.1974879312975161	0.06131677165741038	0.1009256454067897	0.03762432328027459	0.1913657946719239	0.09198222215857992	0.02864128478685401	0.09283218341125107	0.08917162834382743	0.06955245451893366	0.1369304257619786	0.08085225862877493	0.1180576677172519	0.05474342007143828	0.06799723232853282	0.0892795283209922	0.04929359015142663	0.03763554011985543	0.1435859337746376	0.0007403519937907205	0.05754907095301945	0.09999771904704169	0.03705914285973077	0.1951200265573236	0.09943573986406959	0.02972312737086222	0.09506996965977672	0.09584555115648438	0.05367943144007167	0.1394807122752529	0.08183279806388531	0.1162365357705011	0.05547762065614141	0.06685111810301955	0.08228414431228856	0.04948156280834051	0.03634287758501719	0.1470433642125928
0.6756002508442688	-0.254757679142099	0.6443955008572013	0.9737797640629768	0.3618739892415985	0.1610435842109926	0.1992952264255216	-0.0754267475473268	-0.451031045581989	0.08960680412993528	0.2113476026495535	0.9315271471168384	0.7822001028714465	0.1571347113318857	-2.129274020554929	0.7145217083493364	-1.278201875562949	0.5235726094562826	-3.868760559598121	0.5810087531114827	-0.2694163656127574	0.06089138507292086	0.1008420395513053	0.03755070184357974	0.1917472740842171	0.09279444018708213	0.02876727233215682	0.09306654637932493	0.08987556817295106	0.06777711427073885	0.1371900820101714	0.08096148624437351	0.1178700839120252	0.05482636989497661	0.06786525642652676	0.08851394880026228	0.04930900717095168	0.03747044131447219	0.1439507080079671	0.0006815689951841557	0.05770776974830442	0.1002918003612245	0.03697427790088957	0.1957030969701929	0.09942597242090936	0.02960473728062874	0.09490153896076477	0.09535382682299616	0.05417045271714602	0.1394992030152859	0.0818356121725748	0.1162862326555802	0.05542956324114331	0.06682644118338277	0.08230419558943745	0.04936865005262568	0.03620223246839384	0.1473846880332663
0.6775699308758847	-0.2529244610850325	0.6459338718921761	0.9740854302743416	0.3576916086297201	0.1624551071010903	0.1967758596800404	-0.07441104877547966	-0.4586109769449344	0.09076448619483359	0.2107375275443518	0.9299603087316609	0.7798616889336984	0.153248574008786	-2.117585328684716	0.718587940648218	-1.2799795889792	0.5078209464464517	-3.827575590589326	0.5945310303620331	-0.3517969491290177	0.06053317237312059	0.1007990345497377	0.03747570697170167	0.1921475683547592	0.0935159270912187	0.02886305722013066	0.09325692341901144	0.0904476475836857	0.06625454956090346	0.1374251614477756	0.08105884580573036	0.1177072585376096	0.05489398254732548	0.06774548628228722	0.0878336493437447	0.04930924579351155	0.03730824899250723	0.1443129299931452	0.0006227859965775909	0.05786646854358941	0.1005858816754073	0.03688941294204837	0.1962861673830621	0.09941620497774915	0.02948634719039525	0.0947331082617528	0.09486210248950797	0.05466147399422037	0.139517693755319	0.0818384262812643	0.1163359295406594	0.05538150582614521	0.06680176426374598	0.08232424686658633	0.04925573729691085	0.03606158735177048	0.1477260118539398
0.6795396109075006	-0.2510939947367034	0.6474677155872141	0.9743835163566925	0.3535315893347543	0.163873810903938	0.1942527387671	-0.07342597158899285	-0.4661083819815776	0.09194890375339454	0.2099602563254814	0.9287490307177619	0.7776020796657932	0.1494374491782936	-2.106593584258447	0.7218126744413619	-1.282035793051626	0.4925022449111598	-3.785061433386689	0.6081051085544918	-0.4370863322525629	0.06023448549191186	0.1007927035412661	0.03739999140440684	0.1925654636212587	0.09415645404772149	0.02893327689407759	0.09340411651876282	0.09089353746196448	0.06498138257742389	0.137636721683619	0.08114497602764374	0.1175682490691542	0.05494684073133622	0.06763731260429938	0.08723368791271104	0.04929631581440728	0.03715028849383201	0.1446709927663317	0.0006034606216471375	0.05802700302241	0.1008891157514648	0.03681238580479973	0.1968820680028573	0.09939476551047016	0.02938094181716195	0.09449028680591615	0.09420043447647683	0.0555584995866738	0.139507006851266	0.08182866528525143	0.1164170168176492	0.05531244884225548	0.06679085220924416	0.08242054905252397	0.04914583177304909	0.03594816033389738	0.1480306485918281
0.6815092909391166	-0.2492655287091757	0.6489971834641932	0.9746741690683418	0.3493924740981615	0.165298046379998	0.1917252437641639	-0.07247058091997211	-0.473520989569673	0.09315998183432751	0.2090171054503862	0.9279292016753571	0.775418509360568	0.1457007915254489	-2.096359446760767	0.7242046770249025	-1.284421015356403	0.4776773591122687	-3.741472905009924	0.6216020587172378	-0.5202298414723227	0.05998877960510189	0.1008196621223574	0.03732410491594494	0.1929998980756028	0.0947242907863166	0.02898181086735377	0.0935087972435299	0.09121794330439346	0.06395413890330844	0.1378256737329839	0.08122042093889779	0.1174522367752391	0.05498543574878335	0.06754021511968479	0.08670975259084951	0.04927191485564425	0.0369976764750665	0.1450235038485372	0.000584135246716684	0.0581875375012306	0.1011923498275223	0.03673535866755109	0.1974779686226524	0.09937332604319117	0.02927553644392865	0.09424746535007948	0.09353876646344567	0.05645552517912725	0.1394963199472129	0.08181890428923856	0.1164981040946391	0.05524339185836575	0.06677994015474233	0.0825168512384616	0.04903592624918732	0.03583473331602429	0.1483352853297165
0.6834789709707325	-0.2474382732105573	0.6505224234748543	0.9749575348590485	0.3452727372425808	0.1667261839556712	0.1891926993792289	-0.07154386826296905	-0.4808468425188901	0.09439750786925634	0.2079152569685572	0.9275173877944006	0.7733079332662318	0.142037832572432	-2.086916992874626	0.7257942517940899	-1.287162566464052	0.4633907807092245	-3.697045419789386	0.634954093842772	-0.5971293691932232	0.05978759884274142	0.1008765318490681	0.03724740237071118	0.1934527455443688	0.09523021318096024	0.02901223753832678	0.093575673371429	0.09143485629860532	0.06315665125776442	0.1379886071084357	0.08128635764899289	0.1173535956329303	0.05501343996577934	0.06745445034621173	0.08625418305209069	0.04923669995235778	0.03684923117976559	0.145373802779658	0.000545173428228021	0.05830915449519012	0.1015004165186062	0.03664754626770009	0.1981467765286008	0.09939734211180309	0.02918353362408013	0.0940041309852427	0.09288136597003378	0.05754002637911434	0.1393737996854596	0.08180848318990877	0.1165191302361678	0.05520743197089668	0.06679548326223138	0.08262441828572799	0.04891401321681346	0.03571279754357364	0.148694178704017
0.6854486510023484	-0.2456114581100446	0.6520435741461889	0.9752337559179026	0.3411708522367802	0.1681567476927674	0.1866544330950684	-0.07064476148355754	-0.4880845664785697	0.09566122050384161	0.2066705378286784	0.9274820503129043	0.7712662189020227	0.1384460961366701	-2.078232797226219	0.7266680930144426	-1.290231022654265	0.4496464755943954	-3.651987416636402	0.6481918470346536	-0.6652995582697061	0.05962373392212317	0.1009604048002999	0.03716934047442444	0.1939256444058287	0.09568338728230139	0.02902755384312469	0.09360876709020312	0.091556143721437	0.0625745954167031	0.1381225634107027	0.08134379035429952	0.1172674645485849	0.05503396205714244	0.06738023539879505	0.08586035477566685	0.04919122582075108	0.03670395642323369	0.1457247829796894	0.000506211609739358	0.05843077148914963	0.10180848320969	0.03655973386784909	0.1988155844345493	0.099421358180415	0.02909153080423161	0.0937607966204059	0.0922239654766219	0.05862452757910142	0.1392512794237062	0.08179806209057898	0.1165401563776965	0.0551714720834276	0.06681102636972043	0.08273198533299436	0.04879210018443959	0.03559086177112297	0.1490530720783175
0.6874183310339644	-0.2437843704704922	0.6535607682114828	0.9755029705733151	0.3370853587173871	0.1695883940771111	0.1841098296126789	-0.06977219698970026	-0.4952330530321244	0.09695093805492881	0.2053015362787469	0.927769418053552	0.769288677054073	0.1349220539259652	-2.070241088670408	0.7269392917897934	-1.293570927886636	0.4364269685938882	-3.606497935867725	0.6614054832197959	-0.7228818986187989	0.05948945861997922	0.1010685157935755	0.03708882141549349	0.1944211561672942	0.09609345010949055	0.02903030663319561	0.09361387107118802	0.09159724348352605	0.06218514609865766	0.1382235182125499	0.08139413115299492	0.1171871181934284	0.0550515448590672	0.06731782488905123	0.08551945649017458	0.04913430199995778	0.03655826857985668	0.1460844237462045	0.0004688020370920429	0.05849537399244257	0.1021201592609717	0.03645144647297906	0.1995789640089939	0.0995121766081337	0.02900977474167372	0.09355436689116177	0.09165165854591359	0.05973622011768146	0.1389922599416696	0.08179553243426824	0.1164596813026726	0.05519684033953701	0.06685395791387228	0.08280355270612499	0.04862995199386373	0.03541727886684137	0.1495700914168145
0.6893880110655805	-0.2419564922593528	0.655074124674482	0.9757653049936202	0.3330150493537145	0.1710201406168479	0.1815584818333499	-0.06892521291195688	-0.5022916939048903	0.09826684198647247	0.2038303294208097	0.9282848301108355	0.7673695412523075	0.1314599735063219	-2.062814938310708	0.7267696937013025	-1.297079180099003	0.4236722671333505	-3.560758813462283	0.6747813924795409	-0.7690779777762271	0.05937819998291315	0.1011984870120779	0.03700492070978267	0.194941520076083	0.09646862275320783	0.02902263043361725	0.09359594499637362	0.09157132366614647	0.06196850327627462	0.1382879777080567	0.08143858546370793	0.1171067497162049	0.05507003569007986	0.0672674342268174	0.08522390100902505	0.04906492087594232	0.03640914839362831	0.146459640227558	0.0004313924644447277	0.0585599764957355	0.1024318353122534	0.03634315907810903	0.2003423435834384	0.0996029950358524	0.02892801867911582	0.09334793716191762	0.09107935161520528	0.06084791265626151	0.1387332404596328	0.08179300277795751	0.1163792062276487	0.05522220859564642	0.06689688945802411	0.08287512007925564	0.04846780380328787	0.03524369596255976	0.1500871107553116
0.6913576910971962	-0.2401274420590207	0.6565837546549389	0.9760208771643039	0.3289589020360323	0.1724512319461666	0.1790001324072412	-0.06810293919783221	-0.5092601137550145	0.09960938533699792	0.2022797045234739	0.9289220580774311	0.7655028192102333	0.1280535430493119	-2.055808658604132	0.7263345037586897	-1.300639085720004	0.4113070785457272	-3.514941620351154	0.6885340897194612	-0.8035379758719174	0.05928434436523435	0.1013480470392066	0.03691702246874311	0.1954875744903906	0.09681588222348837	0.02900637814034876	0.0935613997149623	0.09149426049544498	0.06189452942550452	0.1383146921281911	0.08147845727242221	0.117021542856233	0.05509263802234506	0.06722856881181788	0.08496548111818149	0.04898052934719312	0.03625188576298295	0.1468605895743657	0.0003793333035189782	0.05857522034555371	0.102745916031524	0.03621817422205131	0.2011740418242937	0.09974938408997641	0.02885487078003399	0.09321125142816529	0.09065871531166639	0.06178704691637539	0.1383766878118679	0.08180171667401838	0.1162081809480162	0.0553032071882922	0.06695528131979935	0.08288995348567554	0.04823845501314978	0.03498720010019384	0.1508355219235587
0.6933273711288123	-0.2382971333467621	0.6580897534306023	0.9762697878029947	0.3249163076817988	0.1738813901734216	0.1764348494636364	-0.06730473539441097	-0.5161383580581552	0.1009796439939003	0.2006723252101693	0.9295627508376131	0.7636824387463867	0.1246959238062	-2.049053393178626	0.7258221380022504	-1.304119466800035	0.3992318427210119	-3.469195254412526	0.7029233908159928	-0.826705869427618	0.05920312174935055	0.1015152441015061	0.03682460802648535	0.1960600515384281	0.09714119033215335	0.0289831034204223	0.09351573076562023	0.09137964230129349	0.0619374173015966	0.138302569331472	0.08151486008479736	0.1169273397062502	0.05512206490970629	0.06720080657632743	0.08473714735606601	0.04887896648604046	0.03608251250693415	0.1472960725229414	0.0003272741425932286	0.05859046419537191	0.1030599967507946	0.03609318936599359	0.2020057400651489	0.09989577314410042	0.02878172288095215	0.09307456569441296	0.09023807900812748	0.06272618117648927	0.138020135164103	0.08181043057007924	0.1160371556683836	0.05538420578093798	0.06701367318157458	0.08290478689209546	0.04800910622301169	0.03473070423782793	0.1515839330918059
0.6952970511604283	-0.2364656377262931	0.6595922083190588	0.976512128558583	0.3208868847195706	0.175310587791906	0.1738628766715255	-0.06653009827216862	-0.5229266606908151	0.1023790379780729	0.1990300204635485	0.9300929639079322	0.7619026664493525	0.1213807114633274	-2.042383302154767	0.7254144520911352	-1.307393894070206	0.3873436329030654	-3.423655319016922	0.7181972515816525	-0.8393430776931908	0.05913163107504892	0.1016980899155456	0.03672801784211969	0.1966568341319247	0.09744824548007033	0.02895423265980256	0.09346474444600969	0.09124143504231264	0.06206502487817559	0.138254551028093	0.08154875352858444	0.1168229804993003	0.05515902802052087	0.0671826290064278	0.0845326490674974	0.0487573534967054	0.03589684331305917	0.147775623844955	0.0002611022544698591	0.05858172986065676	0.1033732137067639	0.03596472242698568	0.2028469407675637	0.1000647685214332	0.02871722220900209	0.09302052684255749	0.0899939380591209	0.06335164332085771	0.1376430384643423	0.08182915382373097	0.1158264286439104	0.05549082551403524	0.06706810717757097	0.08286796571469038	0.04769782945652409	0.03438262671405025	0.1525904129261202
0.6972667311920441	-0.2346332970609498	0.6610911931487439	0.9767479765616528	0.3168706554037549	0.1767392339871081	0.1712847574876447	-0.06577879253331521	-0.5296255690270316	0.1038096119580241	0.1973719230573494	0.930420824233976	0.7601589630479433	0.1181032537293832	-2.035656689843301	0.7252621541186233	-1.310360491860383	0.3755413313453438	-3.378424953667698	0.7345834167843853	-0.8427414695345019	0.0590674086385935	0.101894877037617	0.03662753861852875	0.1972760707689913	0.09774021024449915	0.02892096228821925	0.09341342058079477	0.09109161240783405	0.06225001154915722	0.1381731806031727	0.08158095720662335	0.116707463563	0.05520412966331439	0.06717274338024921	0.08434662517149931	0.04861325234559954	0.03569135078832195	0.1483074982239361	0.0001949303663464897	0.05857299552594161	0.1036864306627332	0.03583625548797778	0.2036881414699784	0.100233763898766	0.02865272153705202	0.09296648799070202	0.08974979711011431	0.06397710546522616	0.1372659417645816	0.0818478770773827	0.1156157016194372	0.0555974452471325	0.06712254117356736	0.08283114453728528	0.04738655269003648	0.03403454919027257	0.1535968927604344
0.6992364112236601	-0.2328005648594529	0.6625867763333907	0.9769774035533173	0.312867817311311	0.1781679214486358	0.1687011592917548	-0.06505071270045046	-0.536235750019263	0.1052736853385193	0.1957153135141045	0.9304740949069426	0.7584479007589758	0.1148603887050075	-2.028757121544921	0.7254844108069924	-1.312939000674438	0.3637346152226639	-3.333578295583799	0.7522559864917159	-0.8383327216649689	0.05900986831175615	0.1021037804572936	0.03652433342148208	0.1979133060186418	0.09801810768225197	0.02888442880373033	0.09336532074123795	0.09093913476961053	0.06246865362602352	0.1380645254835673	0.08161199917231342	0.1165830658634953	0.05525577990019964	0.06716899327092743	0.08417525707918434	0.04844497476336094	0.03546412544554591	0.1488974612922953	0.0001744053463410728	0.05856882568013486	0.1039943427438249	0.03571885540395157	0.204481498337102	0.1003907546652281	0.02859750381131607	0.09297607687479664	0.08964369425772474	0.06431397867338215	0.1369401867548137	0.08187254880043993	0.1154255427151969	0.05569365473577251	0.0671564454542794	0.08276308445734981	0.04700262742787779	0.0336164436443999	0.1548240428901425
0.7012060912552761	-0.2309680241693719	0.6640790203241332	0.9772004773446912	0.3088787953248325	0.1795974643841683	0.1661128932673122	-0.06434595508897098	-0.5427579971848879	0.1067739209800889	0.1940735285751413	0.9302263634936424	0.7567683665808718	0.1116522853618521	-2.021627928170633	0.7261307513367559	-1.315100167422511	0.3518601313662408	-3.289137593608733	0.7713024224513154	-0.8276885312623058	0.05895851217284886	0.1023232336310446	0.03641938174804442	0.198564644884867	0.09828281164638865	0.02884558569382677	0.09332349959417394	0.09079168810215126	0.06270082775922191	0.1379338453585517	0.0816423304691416	0.1164517531077932	0.05531263206632175	0.06716954397660267	0.08401527224575657	0.04825108850692483	0.03521355586164177	0.1495504944905652	0.000153880326335656	0.05856465583432811	0.1043022548249167	0.03560145531992536	0.2052748552042256	0.1005477454316903	0.02854228608558012	0.09298566575889126	0.08953759140533517	0.06465085188153814	0.1366144317450458	0.08189722052349716	0.1152353838109565	0.05578986422441253	0.06719034973499143	0.08269502437741436	0.04661870216571909	0.03319833809852724	0.1560511930198507
0.7031757712868919	-0.2291362783181359	0.6655679867715113	0.9774172669870272	0.3049040698444638	0.1810287214045226	0.1635207928205404	-0.06366468926500163	-0.5491931206162929	0.1083130448660751	0.1924578178353323	0.9296707678228402	0.7551200435625818	0.1084804067146391	-2.01423895721928	0.7272241125988483	-1.316836919751544	0.3398724651587539	-3.24511402517325	0.7917151863307466	-0.8123265624963983	0.05891375007630224	0.1025517693571396	0.03631392596718219	0.1992254150603676	0.09853430154939352	0.0288052427837748	0.09328878882360518	0.09065227790756902	0.06293648132474687	0.1377870188729081	0.08167209568920085	0.1163165987433624	0.05537245265237034	0.06717266192805395	0.08386493284664172	0.04803304949335891	0.03494162252074279	0.1502642404854031	0.0001284629620115622	0.05857975816830784	0.1046045767980415	0.035500657270298	0.2059985735895021	0.1006776293252053	0.02849533078522071	0.09302279617533596	0.08949548310920724	0.06484362912708526	0.1363590020464724	0.08192302462560833	0.1150891749373643	0.05585896589402297	0.06720302928024524	0.08261868617314672	0.04620817129875435	0.03276606438425052	0.1573613694431601
0.7051454513185079	-0.2273059010364772	0.6670537384263862	0.9776278483975833	0.3009441338869426	0.182462545343744	0.1609256559922538	-0.06300715393893185	-0.5555419346040155	0.1098935641965943	0.1908757316742566	0.9288367124793228	0.7535040867195605	0.105348518671171	-2.006610756276738	0.7287371542700636	-1.318183266031936	0.327764373674881	-3.201499609077881	0.8133352074148458	-0.7935462721732122	0.05887592938967125	0.1027881285452802	0.03620901229141119	0.1998915320345002	0.09877255766503194	0.02876407955222026	0.09326190127405881	0.09052348125864351	0.06316709309822484	0.1376291462284239	0.0817014183399301	0.1161802565526562	0.05543335039226829	0.06717687253231643	0.08372274993028554	0.04779208697096533	0.03464999268198229	0.1510366459111663	0.0001030455976874685	0.05859486050228756	0.1049068987711663	0.03539985922067063	0.2067222919747785	0.1008075132187203	0.02844837548486129	0.09305992659178067	0.08945337481307931	0.0650364063726324	0.1361035723478991	0.08194882872771948	0.114942966063772	0.0559280675636334	0.06721570882549904	0.08254234796887908	0.0457976404317896	0.03233379066997379	0.1586715458664695
0.7071151313501239	-0.2254774161996731	0.6685363400130488	0.9778323031522737	0.296999437405134	0.1838997373927959	0.1583282234364017	-0.06237358363952425	-0.5618052369907773	0.1115177063516138	0.1893331973871371	0.9277658319218228	0.7519221550157972	0.1022611292389241	-1.998783118288649	0.730624703852201	-1.319187018651785	0.3155507240012149	-3.158279953983862	0.8358867211112582	-0.7724873749209727	0.05884544555925186	0.1030313369499318	0.03610544531318619	0.2005599549442252	0.09899755278473768	0.02872249822729983	0.09324187536435609	0.09040426330911933	0.06339264512748265	0.1374632480874688	0.08173009372752239	0.1160448833235228	0.05549364493668742	0.06718158731800586	0.08358894052795582	0.04753406915588356	0.03434514974025919	0.151853931357142	7.158958596852462e-05	0.0586305074742628	0.1052071610697876	0.035313133583019	0.2073927255974813	0.1009101231730664	0.02840617507615594	0.09309532248590725	0.08941376482021801	0.06521867749578247	0.1358848185408944	0.08197012700889293	0.1148348637534821	0.05597108350918844	0.06722045062329675	0.08248604770547331	0.04543893566636437	0.03196706814328002	0.1598300655398789
0.7090848113817397	-0.2236512164518777	0.6700158615377164	0.9780307258785073	0.2930702868638142	0.1853409463884802	0.1557290856535767	-0.0617641171254294	-0.5679837767424634	0.113186730087366	0.1878336085977473	0.9265164321160332	0.7503766119663219	0.09922366975337897	-1.990825524205967	0.732815906720687	-1.319914716133365	0.3032895804537633	-3.115432229109678	0.8589078418772402	-0.7499396570357695	0.05882263359519894	0.1032805586443026	0.03600390244820759	0.2012280249538347	0.0992092615967225	0.02868083629331561	0.09322788612682757	0.09029373566522153	0.063613121673014	0.1372919458870331	0.08175794697961419	0.1159123412273069	0.0555519134428462	0.06718630576810634	0.08346368952539694	0.04726396362501442	0.03403255882531864	0.1527041675770628	4.013357424958072e-05	0.05866615444623806	0.1055074233684089	0.03522640794536737	0.2080631592201842	0.1010127331274126	0.02836397466745058	0.09313071838003384	0.08937415482735671	0.06540094861893253	0.1356660647338896	0.08199142529006639	0.1147267614431922	0.05601409945474347	0.06722519242109443	0.08242974744206753	0.04508023090093915	0.03160034561658626	0.1609885852132884
0.7110544914133557	-0.2218276129688254	0.671492376318286	0.9782232186057772	0.2891568883954089	0.1867867204363562	0.1531287402692286	-0.06117880264324488	-0.5740782703000604	0.1149012204088234	0.1863794359717509	0.9251502551134094	0.7488699887036935	0.09624174500180782	-1.982816699479878	0.7352335866304963	-1.320436665709744	0.2910593657357036	-3.072931444540046	0.8818430496050373	-0.7265370255822978	0.05880759991227726	0.1035352521625851	0.03590472088230984	0.2018944095992496	0.09940785651112317	0.02863917414467257	0.09321853051659587	0.09018964647995024	0.06383179708385027	0.1371154466684986	0.08178450928393312	0.1157839803911951	0.05560719464727461	0.06719153223602557	0.08334899464941073	0.04699143486652594	0.03372201902662138	0.1535626166666618	-6.644338745971892e-06	0.05871892381718301	0.1058099074621297	0.0351491518674675	0.2087046558255767	0.1010916365541847	0.02832289079903098	0.09315285357437142	0.08931139578030929	0.06562890849478865	0.1354405990129209	0.08200278659488228	0.1146496109118972	0.05603688776402285	0.06723862032381889	0.08242588559614919	0.04485744782196743	0.03137587618933029	0.1617244403701072
0.7130241714449718	-0.2200067540866723	0.6729659644608426	0.978409898046357	0.2852592265995849	0.1882373995604598	0.1505274999022482	-0.0606174329468134	-0.5800893664125769	0.1166601051286145	0.1849718505864364	0.9237295688740615	0.7474049235880117	0.09332093170401505	-1.974846625009267	0.737796455988695	-1.320823451455977	0.2789762252068123	-3.030751040100871	0.9039858277743444	-0.7026352633687645	0.05880043425159855	0.1037949529889556	0.0358081843723547	0.2025579432590555	0.09959348348197665	0.02859757923315736	0.09321260533983586	0.09009006462368568	0.06405144781075597	0.136933930129987	0.0818093801126013	0.1156609662262741	0.0556586744269576	0.06719769570685098	0.08324656432136072	0.04672466643800052	0.03342178995146556	0.1544078730344377	-5.342225174152451e-05	0.05877169318812796	0.1061123915558505	0.03507189578956762	0.2093461524309692	0.1011705399809568	0.02828180693061138	0.09317498876870899	0.08924863673326187	0.06585686837064478	0.1352151332919521	0.08201414789969816	0.1145724603806021	0.05605967607330223	0.06725204822654333	0.08242202375023085	0.04463466474299571	0.03115140676207432	0.162460295526926
0.7149938514765876	-0.2181887066225313	0.674436709548723	0.9785908881836765	0.2813771651215596	0.1896932163272411	0.1479255848574356	-0.06007963783697235	-0.5860176786572798	0.1184613568370305	0.1836116413150252	0.9223132514815433	0.7459839504135753	0.0904665348054354	-1.967004907037518	0.7404264163273317	-1.321141689898805	0.2671657296107774	-2.988865184855345	0.9246220906488889	-0.6784952507171964	0.05880082435195776	0.104059489301308	0.03571419107624171	0.2032188054686879	0.09976665004392613	0.02855589581754159	0.09320912454516743	0.08999332122454175	0.0642743139259192	0.1367456980345078	0.08183209415841965	0.1155434810335972	0.05570628909158555	0.0672059062226157	0.08315866391780788	0.04647423685985921	0.033141989897326	0.1552125645221144	-0.0001288785070234644	0.058834904898711	0.1064218541519735	0.03499825941450951	0.2099855865950482	0.1012325305407119	0.02823838317802219	0.09318618528625078	0.08916489373524666	0.0661251128084612	0.1349467945189619	0.08201389244836221	0.114509364507368	0.05607376823663241	0.06728645045670271	0.08248272901748537	0.04459791234959336	0.03110962933952634	0.162624183200551
0.7169635315082036	-0.2163733979111885	0.6759047013091862	0.9787663258835235	0.2775103418521263	0.1911542152888324	0.145323057996176	-0.05956470181661123	-0.591863756899378	0.1203010546838936	0.182299095700709	0.9209486475999884	0.74460921426024	0.08768305979602661	-1.959373861655002	0.7430583839078819	-1.321444665606068	0.2557652689685028	-2.947251190285216	0.9430239673813383	-0.6542378896395608	0.05880850487665443	0.1043287138059361	0.03562265512518156	0.2038771529596762	0.09992778984288746	0.02851399323617236	0.09320724266717198	0.08989798553515345	0.06450229542252123	0.1365492764693546	0.0818522538437266	0.1154316818738334	0.05574998451281935	0.06721710789583213	0.08308722972687464	0.04624909798110916	0.03289113918694103	0.1559529800296714	-0.0002043347623054043	0.05889811660929405	0.1067313167480965	0.03492462303945141	0.2106250207591271	0.1012945211004671	0.02819495942543301	0.09319738180379257	0.08908115073723145	0.06639335724627762	0.1346784557459717	0.08201363699702627	0.1144462686341338	0.0560878603999626	0.06732085268686208	0.08254343428473988	0.04456115995619102	0.03106785191697836	0.1627880708741758
0.7189332115398196	-0.2145606980532131	0.6773700321196949	0.978936353549374	0.2736582910048616	0.1926203613338352	0.1427199179224573	-0.05907172826888788	-0.5976281226922873	0.1221743549306757	0.1810343829005353	0.9196730192615843	0.7432824890386763	0.08497422122091637	-1.952024088531542	0.7456397867750024	-1.321774111335364	0.2449045844146733	-2.905889698191323	0.9585539903591409	-0.6299483165079351	0.05882260130796532	0.104602786949279	0.03553305029831377	0.204534856183483	0.1000779402607705	0.02847153802866899	0.09320657906384472	0.08980338919541878	0.06473558101063386	0.1363416390890358	0.08186968440872332	0.1153239637576748	0.05579082533200078	0.06723249769042416	0.08303292228829741	0.04605740377698744	0.03267672566196948	0.1566095472019142	-0.0001642728953126601	0.05896111091011348	0.1070532279528323	0.03484738868517303	0.2112989938155438	0.1013512093679224	0.02814580141968735	0.09320490582309761	0.08898821790128661	0.06667518056185906	0.1343352476951455	0.08200517585430135	0.1143644078981598	0.0561120049143877	0.06738183625377198	0.08264865447227231	0.04470887495138245	0.03120321282874105	0.1624288167293157
0.7209028915714355	-0.2127504079183467	0.6788327978886914	0.97910112116465	0.2698203971888372	0.1940915177043042	0.1401160861346398	-0.05859951019141268	-0.6033112565210864	0.1240749333893542	0.1798174971584946	0.9185018269304264	0.7420046898307491	0.08234207689726182	-1.944998918273943	0.7481457883450729	-1.322147013877048	0.2346903079512688	-2.864768791673721	0.9707221878566813	-0.6056745983912701	0.05884237161935792	0.1048818466216751	0.03544493356462795	0.2051935518954227	0.1002179899928434	0.02842825043822726	0.09320680738259639	0.0897089592939308	0.06497433091807428	0.1361201589955066	0.08188423646991572	0.1152189411811066	0.05582971316066387	0.06725309352301828	0.08299630417067422	0.04590604203900664	0.0325050402636123	0.1571652558788711	-0.000124211028319916	0.05902410521093291	0.1073751391575681	0.03477015433089466	0.2119729668719606	0.1014078976353776	0.02809664341394168	0.09321242984240265	0.08889528506534179	0.06695700387744048	0.1339920396443194	0.08199671471157646	0.1142825471621857	0.0561361494288128	0.06744281982068187	0.08275387465980472	0.04485658994657388	0.03133857374050374	0.1620695625844555
0.7228725716030513	-0.2109423144891509	0.6802930954476585	0.9792607808983531	0.2659959966963953	0.1955675233302497	0.1375114690227207	-0.05814671032134684	-0.6089136256211815	0.1259959046954598	0.1786483792626887	0.9174401338736297	0.7407762692165846	0.07978780166294301	-1.938326217324638	0.7505652116470635	-1.322568740921166	0.2252080582553181	-2.823880600373732	0.9791895183199656	-0.5814608484585626	0.05886653007122432	0.1051662729436095	0.0353575192080168	0.2058560608263923	0.1003493457828441	0.02838371614057491	0.09320795583243563	0.08961470128933587	0.06521742114542498	0.1358817729600473	0.08189614451670639	0.1151137704801394	0.05586854171836182	0.06727971092013001	0.08297587780868249	0.04579836171366959	0.0323789530902746	0.1576141885444626	-0.0001616419955543429	0.05907669375801771	0.1077141570314216	0.03468321232412834	0.2127089476209159	0.1014699465095517	0.02803924447187912	0.09322224697306164	0.08880278118128029	0.06723062892378256	0.133562106593429	0.0819866387388206	0.1141527768668252	0.05618824150788274	0.06752825895969654	0.08286785823607071	0.04513947482031291	0.03160451564982616	0.1613850947494156
0.7248422516346673	-0.2091362233756858	0.6817510214883796	0.9794154853250241	0.2621844010126675	0.1970482295430702	0.1349059948249171	-0.05771182917531009	-0.6144356883919778	0.1279298218347423	0.1775268462994412	0.9164686907747144	0.7395966681805968	0.07731052936919354	-1.931997010031236	0.7529186785100487	-1.323017286040665	0.2164957544295838	-2.78322626630077	0.9838672965656216	-0.5573571583633719	0.05889398613930274	0.1054563923892726	0.03527014590317749	0.206524852324855	0.1004732139369925	0.02833758754597201	0.09321004859317999	0.08952061985344038	0.06546389843034564	0.1356238212615167	0.08190560883378438	0.1150059974644443	0.05590891503519553	0.06731304321881573	0.08297036067800143	0.04573717673886034	0.03230085858514291	0.157951135777871	-0.0001990729627887698	0.05912928230510252	0.1080531749052751	0.03459627031736203	0.2134449283698713	0.1015319953837258	0.02798184552981656	0.09323206410372066	0.0887102772972188	0.06750425397012466	0.1331321735425386	0.08197656276606473	0.1140230065714647	0.05624033358695268	0.06761369809871122	0.0829818418123367	0.04542235969405193	0.03187045755914859	0.1607006269143758
0.7268119316662833	-0.2073319727163472	0.6832066716483934	0.9795653852322427	0.258384945096065	0.1985335243423773	0.1322996287814778	-0.05729333515795373	-0.6198779076136155	0.1298692384041087	0.1764526475898738	0.9155588639315244	0.7384648905877147	0.07490846043097808	-1.925985073574455	0.7552393655253973	-1.323460232415008	0.2085598731847502	-2.742810942255452	0.9848638230380118	-0.5334172188788839	0.05892335091290622	0.1057526599558038	0.03518196285799761	0.2072023305904916	0.1005910240185218	0.02828945682609638	0.09321326311067725	0.0894269573872362	0.0657123237938331	0.1353448574634252	0.08191329002308263	0.1148924409189045	0.05595303649253218	0.06735311136505406	0.08297612823015725	0.0457187477528261	0.0322666325671958	0.1581875505219414	-0.0004218437534533675	0.05916496393606839	0.1084121240336861	0.03449569693167159	0.2142449888177609	0.1016051070148429	0.02791479113014052	0.09324697267011474	0.08862247078901735	0.06776005846164314	0.1326355729175289	0.08197328028293681	0.1138284826579988	0.05633259571518241	0.06771294781664997	0.08306140029814808	0.04573622244775003	0.0321658469286587	0.1600173733376036
0.7287816116978992	-0.2055294990480901	0.6846601378867809	0.9797106242963999	0.2545970782352814	0.2000234138363952	0.1296924470498317	-0.05688976600280574	-0.6252407694453755	0.1318074193324912	0.1754253806095773	0.9146643525980689	0.7373791312348881	0.07257797887289341	-1.920229563330476	0.757584040702681	-1.323845529106382	0.2013411405722632	-2.702647280052058	0.98261250632506	-0.5097029767321896	0.05895344655446244	0.1060554664289757	0.0350922540828866	0.2078906009967492	0.1007040025260691	0.02823898184596222	0.09321775150477463	0.08933392162570127	0.06596147660827653	0.1350436244529811	0.08191975250228305	0.1147703553780452	0.0560027723542634	0.0673999328931332	0.08299008114880817	0.04573990029417938	0.03227279100716848	0.1583333204670625	-0.0006446145441179653	0.05920064556703426	0.1087710731620972	0.03439512354598116	0.2150450492656505	0.1016782186459599	0.02784773673046448	0.0932618812365088	0.0885346642808159	0.06801586295316162	0.1321389722925193	0.08196999779980887	0.1136339587445329	0.05642485784341214	0.06781219753458873	0.08314095878395948	0.04605008520144813	0.03246123629816881	0.1593341197608314
0.7307512917295153	-0.2037288076013548	0.6861115094911624	0.9798513406585942	0.2508203438221051	0.2015179889331569	0.1270846031181665	-0.0564997608572795	-0.6305247796846033	0.1337383316243119	0.1744445598176866	0.9137285234673257	0.7363371882826563	0.07031432681580954	-1.914649082698103	0.7600229323635465	-1.324109385988716	0.1947427341985724	-2.662752156691749	0.9777507022015385	-0.4862753037645094	0.0589829176888085	0.1063652777118089	0.03500023872639482	0.2085918765333879	0.100813536485573	0.02818581695148889	0.09322365609178954	0.0892416624857289	0.06621035290848017	0.1347200392950006	0.08192598229219675	0.1146365812468188	0.05606032941151352	0.06745274024326686	0.08300712681551609	0.04578891399558398	0.03230680041141243	0.1584168848741989	-0.0005663245669739931	0.05921484366157793	0.1091518855891234	0.03427893171515851	0.2159144622613912	0.1017669770024821	0.02777052004499238	0.09328190679439884	0.088450792365403	0.06825590484585743	0.131596820828222	0.08198171695235873	0.1133633220758535	0.05656551678569162	0.06791177253181355	0.08314665484360226	0.04624994820381406	0.03263662059480896	0.1590369739806348
0.7327209717611312	-0.2019300666513909	0.6875608692290102	0.9799876578787891	0.2470545387738899	0.2030175446050085	0.1244764335940289	-0.05612230806625314	-0.6357304962928827	0.1356580505823573	0.1735095479992673	0.9126838436303368	0.7353362981810727	0.06811115783002486	-1.909131956746573	0.7626412166146722	-1.3241761392081	0.188595545683078	-2.623148420736646	0.9712466309369003	-0.4631888352691815	0.05901061491228542	0.1066824939929255	0.0349052596948259	0.2093080955510019	0.1009208163311796	0.0281296721557598	0.0932310988690041	0.0891503084208706	0.06645810084194123	0.1343740283561896	0.08193282191635916	0.1144883911297625	0.05612757645347775	0.06751088056308241	0.08302291249641423	0.0458558888448738	0.03235812732556426	0.1584629602251524	-0.000488034589830021	0.05922904175612162	0.1095326980161495	0.03416273988433585	0.2167838752571319	0.1018557353590042	0.02769330335952027	0.09330193235228887	0.0883669204499901	0.06849594673855325	0.1310546693639247	0.08199343610490858	0.1130926854071742	0.0567061757279711	0.06801134752903837	0.08315235090324505	0.04644981120618	0.03281200489144911	0.1587398282004382
0.734690651792747	-0.2001335350011829	0.6890082961017239	0.9801196908219444	0.2432996139678069	0.2045224904041554	0.121868376297264	-0.05575663894795376	-0.640858508628446	0.1375640049453602	0.1726196397391355	0.9114624224532786	0.7343736122671743	0.06596176566813501	-1.903559928296694	0.7655249259747499	-1.323970016374254	0.182708441099618	-2.583860121031445	0.9641371038906889	-0.4404878746160608	0.05903561267874437	0.1070074839956946	0.03480685784341943	0.2100410178860636	0.1010268529270979	0.02807035243323093	0.09324001198697578	0.0890596303063429	0.06670478494149147	0.1340064451799254	0.08194113869982042	0.1143237477326235	0.05620592091673621	0.06757329260388084	0.08303323534473532	0.04592580224546697	0.03241080756943836	0.1585051182574724	-0.0003965734785590525	0.05922401166176176	0.1099353541913625	0.03403325409296391	0.2177215966364301	0.1019584560451813	0.02760704936402168	0.0933238108434994	0.0882807448407225	0.06873481118982215	0.1304848264425998	0.0820217165434388	0.1127552835716963	0.05688997578333801	0.06810334975024807	0.08308105034144928	0.04643801350553851	0.0327663555594831	0.159039137290675
0.736660331824363	-0.1983396511522301	0.6904538615423003	0.9802475356564615	0.2395558466484341	0.2060334640861852	0.1192610693545599	-0.05540253006861038	-0.6459094722039792	0.1394564845791032	0.171774047394271	0.9099953011108696	0.7334462155009003	0.06385861813580095	-1.897802709770518	0.7687618162638701	-1.323414246080427	0.1768573200625617	-2.544913588654861	0.9575642175775444	-0.4181907396982847	0.05905712596167761	0.1073405645193669	0.03470464679380746	0.2107921853285609	0.101132514055818	0.02800769414676648	0.09325033726822503	0.08896943177442451	0.06695045987873466	0.1336180295740684	0.08195167373721828	0.114140891406706	0.05629655408412901	0.06763907397429661	0.08303450303557276	0.04598597722925449	0.03245143784760463	0.1585725841181607	-0.0003051123672880841	0.05921898156740189	0.1103380103665756	0.03390376830159197	0.2186593180157282	0.1020611767313585	0.02752079536852309	0.09334568933470992	0.0881945692314549	0.06897367564109105	0.1299149835212748	0.08204999698196902	0.1124178817362184	0.05707377583870491	0.06819535197145775	0.08300974977965352	0.04642621580489702	0.03272070622751708	0.1593384463809117
0.738630011855979	-0.1965489421789287	0.6918976332120986	0.9803712786535639	0.2358236848644567	0.2075512162024966	0.1166552493257789	-0.05506005618246287	-0.6508840768749652	0.1413372296610467	0.1709719680045642	0.9082213677044085	0.7325515125135079	0.06179465191246029	-1.891740571862341	0.7724294592853024	-1.322441022893351	0.1708323957843637	-2.506332690343829	0.95249580867031	-0.3963016302350496	0.0590752813234683	0.1076818374870609	0.03459874416980667	0.2115608941136714	0.1012377662664543	0.02794173271196938	0.09326180229521727	0.08887921335244527	0.06719594939250551	0.1332110749941062	0.08196463604347384	0.1139404770328261	0.05639902577638506	0.06770743494307768	0.08302607312312985	0.04602691665598626	0.03247063168911619	0.1586851723307309	-0.000520136989024513	0.05920911566334117	0.1107589858062838	0.03376859809423627	0.2196194948961918	0.1021625310950652	0.02742844808367462	0.09336547602095639	0.08810040085326223	0.0692246650290234	0.1293484274031013	0.08208641270005518	0.1120566008106059	0.05727468057828007	0.06828051690656602	0.08290896480669842	0.04623824333824816	0.032500496905155	0.1600849485822147
0.740599691887595	-0.1947620716504806	0.6933396730993906	0.9804909889663189	0.2321038536598153	0.2090766692864026	0.1140518040624244	-0.05472977973655979	-0.6557830670897103	0.143210140061907	0.1702126259713368	0.9060977858266406	0.7316877783450063	0.05976389388750555	-1.88528229850664	0.7765812569210986	-1.32100293524779	0.1644720532606665	-2.4681351346864	0.9496087672491754	-0.3747955089234872	0.05909018597644878	0.1080313906678698	0.03448924896435161	0.2123465286864896	0.1013425808325336	0.0278724978215336	0.09327417352197831	0.08878854704034968	0.06744195263930665	0.1327875724791067	0.08198020417376559	0.1137230686899389	0.05651295403193519	0.06777770406019942	0.08300739590933942	0.04604060233819456	0.03246050339914976	0.1588601215055952	-0.0007351616107609419	0.05919924975928045	0.1111799612459921	0.03363342788688055	0.2205796717766554	0.1022638854587718	0.02733610079882614	0.09338526270720288	0.08800623247506957	0.06947565441695577	0.1287818712849278	0.08212282841814134	0.1116953198849933	0.05747558531785522	0.06836568184167426	0.08280817983374329	0.04605027087159931	0.03228028758279292	0.1608314507835177
0.7425693719192109	-0.1929797550154582	0.6947800412064151	0.9806067281943328	0.2283971895746874	0.2106108099214802	0.1114516790053539	-0.05441245598918363	-0.6606072086306648	0.1450798492595295	0.1694952851823426	0.9035905244940563	0.73085380666342	0.05776108315243347	-1.878354406181042	0.7812585926887288	-1.319062062757811	0.1576542480882921	-2.430334668670377	0.9493019978580496	-0.3536468416930548	0.05910280386281375	0.1083891023587763	0.03437669987872832	0.213146536354634	0.1014461316594818	0.02780019467177311	0.09328738868617688	0.0886974752611987	0.06768814050155184	0.1323501242596612	0.08199801747103247	0.1134910280926897	0.05663659156055849	0.06784956390933275	0.08298060382400338	0.04602678025036204	0.03242171296370162	0.1590965243558483	-0.0008213078224925753	0.05919920177199927	0.111615514573383	0.03349978261705239	0.2215199430558795	0.1023492361986811	0.02724048486958207	0.09340573858341539	0.08791193143462139	0.06972201813498864	0.1282329741251652	0.08215807857165221	0.1113445249837516	0.05767008936939669	0.06844921003734646	0.08272472014176555	0.04580353818852569	0.03201201521969977	0.1616852881312782
0.7445390519508268	-0.1912027617948278	0.6962187960018495	0.9807185469749751	0.2247046578001033	0.2121546870777908	0.1088558798777254	-0.05410904489577721	-0.6653572898407486	0.1469514379904373	0.1688192646944567	0.9006924347788838	0.7300496359919538	0.05578313223715582	-1.87093240588114	0.7864675946058813	-1.316610416315195	0.1503451433221842	-2.39293472622248	0.9515171941048824	-0.3328391462295976	0.05911395251939208	0.1087548683525976	0.03426155026866099	0.2139586822877199	0.1015477094067844	0.02772499540746487	0.09330139440721555	0.08860603436928523	0.0679342336097133	0.1319009902949464	0.08201776774294785	0.1132463936412235	0.05676845852784989	0.06792274463091015	0.08294751958884718	0.04598522977021111	0.03235480804523284	0.159393572546678	-0.0009074540342242087	0.05919915378471809	0.112051067900774	0.03336613734722423	0.2224602143351037	0.1024345869385903	0.027144868940338	0.0934262144596279	0.08781763039417322	0.06996838185302154	0.1276840769654027	0.08219332872516306	0.1109937300825098	0.05786459342093817	0.06853273823301864	0.08264126044978778	0.04555680550545205	0.03174374285660662	0.1625391254790386
0.7465087319824426	-0.1894318625139438	0.6976559963882266	0.9808264925555873	0.2210272405440534	0.2137093468422051	0.1062654135506666	-0.05382052372022791	-0.6700341004259072	0.1488297745374215	0.1681838995482632	0.8974057754828524	0.7292757190242825	0.05382771537624075	-1.8630091302662	0.7922022919234432	-1.313650509772454	0.1425428030965358	-2.355935236801018	0.9560394601592413	-0.3123730594266383	0.05912444144007091	0.1091285384008792	0.03414425879514863	0.2147809801646299	0.1016466737113096	0.02764710493144444	0.09331653436471461	0.0885150809153903	0.0681781123535837	0.1314415736092679	0.08203918624542414	0.1129905931992176	0.05690750284450359	0.06799715378791621	0.08290958293587303	0.04592082167880982	0.03226512292233698	0.1597398211503662	-0.0008675096945707995	0.05920987602167269	0.1125002197617747	0.03323469984249424	0.2233828083679379	0.1025042440705377	0.02704673214486782	0.09345447664763679	0.08773792823807922	0.07017802561164588	0.1271392725868146	0.08222770161375878	0.1106446959181211	0.0580579280198774	0.06861732483019016	0.08257075310798961	0.04533503315365763	0.03150486020651373	0.1632863882418371
0.7484784120140586	-0.1876678041188296	0.6990917031999222	0.9809306076167281	0.2173659046662306	0.2152757972225354	0.1036812605651208	-0.05354780846916796	-0.674638423129295	0.1507188272372832	0.1675884665675322	0.8937462452506267	0.7285330744076534	0.05189368056709606	-1.854603439505021	0.7984396553095027	-1.310199881422595	0.1342958220237258	-2.319330968051046	0.9623983222313018	-0.2922922786425486	0.05913495724507127	0.1095099838128933	0.03402521145686266	0.2156116909639681	0.1017424745903333	0.02756669515330592	0.09333310317980367	0.0884253487895157	0.06841797686356905	0.1309730929382271	0.08206204334458743	0.1127248594728496	0.05705283365988174	0.06807271279700501	0.08286802476887399	0.04583766614409752	0.03215713688432833	0.1601253075493776	-0.0008275653549173903	0.05922059825862729	0.1129493716227754	0.03310326233776426	0.2243054024007723	0.1025739012024851	0.02694859534939765	0.09348273883564566	0.0876582260819852	0.07038766937027022	0.1265944682082266	0.0822620745023545	0.1102956617537325	0.05825126261881663	0.06870191142736169	0.08250024576619144	0.04511326080186321	0.03126597755642084	0.1640336510046357
0.7504480920456746	-0.1859113087573957	0.7005259787622301	0.9810309336613143	0.213721584646948	0.2168550107619452	0.1011043736915705	-0.05329173751338161	-0.6791710324191769	0.1526218918267919	0.1670321736240554	0.8897307556942716	0.7278227232892116	0.04997996053504759	-1.845737098141412	0.8051553019865294	-1.306277532163157	0.12566234949939	-2.28311642157898	0.970091966986095	-0.2726486399802565	0.05914538555082142	0.1098991289824603	0.03390443558127224	0.2164504052683991	0.1018353166781063	0.0274838687706454	0.09335128427452247	0.08833729996624598	0.06865266621111557	0.1304950489954244	0.08208650977145145	0.1124481938798327	0.0572054274239682	0.06814952290564343	0.08282150317692769	0.04574218618151094	0.03203687115023321	0.1605355655422112	-0.0007902232638902031	0.05922943886749819	0.1134129473981603	0.03296877538516395	0.2252365138500028	0.1026409492911243	0.02684706895810997	0.09351717249112047	0.08758922381921412	0.07056915897763504	0.1260223380126058	0.08230234866462512	0.1099083788861702	0.0584737340045674	0.06879054854728402	0.08239872383350366	0.04496001985453452	0.03108708590102649	0.164570531617017
0.7524177720772907	-0.1841630636253792	0.7019588876109291	0.9811275086943955	0.2100951693187117	0.2184479082676273	0.0985356663223681	-0.05305299062431609	-0.6836326913843536	0.1545408845247864	0.1665140857549331	0.8853690144644888	0.7271453280511384	0.04808495886679044	-1.836423109052026	0.8123342134571262	-1.301894450949209	0.1167050218582676	-2.247288429595254	0.9785716422613842	-0.2534990861998145	0.05915562935246266	0.1102959093398634	0.03378195421585749	0.2172967651942655	0.1019253755657762	0.0273987119581766	0.09337123487994686	0.08825133019113388	0.06888119390994234	0.1300070085606784	0.08211273139280921	0.1121597340767538	0.05736611075190914	0.06822767019813485	0.08276887058358669	0.04563980767035601	0.03190938683290991	0.1609580195394526	-0.0007528811728630158	0.05923827947636908	0.1138765231735452	0.03283428843256363	0.2261676252992334	0.1027079973797635	0.02674554256682229	0.09355160614659527	0.08752022155644303	0.07075064858499985	0.1254502078169851	0.08234262282689574	0.1095210960186079	0.05869620539031817	0.06887918566720634	0.08229720190081588	0.04480677890720584	0.03090819424563214	0.1651074122293983
0.7543874521089066	-0.1824237459681475	0.7033904950165626	0.9812203684191925	0.2064875338286461	0.2200553943801304	0.0959760405363512	-0.05283216370195933	-0.6880241598514895	0.1564769785703767	0.1660331970422828	0.8806634385438246	0.726501242884087	0.04620655622535321	-1.826665473569536	0.819970301270414	-1.297053438927976	0.1074880863543212	-2.211845890059388	0.9872538204504061	-0.234877015772325	0.05916464320975155	0.1107002832005613	0.03365745011504159	0.218151226170086	0.1020136968405672	0.02731128107376644	0.09339240943447932	0.08816640078651157	0.06910585331355924	0.1295062488470543	0.0821410762911015	0.1118565097494215	0.05753761074460589	0.06830776759691828	0.08270737286000325	0.04553968935910962	0.03178270424871971	0.1613715492335685	-0.0007422708803605134	0.05922904499083792	0.1143548766582988	0.03269131653163472	0.2271243141025064	0.1027886143488624	0.02664026938296428	0.09357973210463787	0.08743677718434287	0.07095926167558496	0.1248063157983407	0.0823929250962048	0.1090551785793771	0.05898102134608692	0.06898107132399037	0.08213468054450078	0.04479071908920965	0.03084328851165237	0.1652450686306334
0.7563571321405225	-0.1806940520704109	0.7048208661694904	0.9813095411755548	0.2028995745104252	0.221678388525841	0.09342641966141906	-0.05262968255643915	-0.692346201482289	0.1584297495787562	0.1655885003064254	0.8755971122316585	0.72589005259115	0.04434126440333207	-1.816444057570831	0.8280809134074606	-1.291735513430429	0.09807682754342832	-2.17679282604245	0.9955053747202671	-0.2167499935021499	0.05917154034411202	0.1111122151525712	0.03353065641715752	0.2190141881113686	0.1021011784229331	0.02722162342314222	0.09341434024982705	0.08808162189031177	0.06932859207790944	0.1289904058743084	0.08217185894005059	0.111535955626542	0.05772223584080333	0.06839033627098752	0.08263465436862762	0.04544957004111104	0.03166356643904716	0.1617577970013832	-0.0007316605878580108	0.05921981050530677	0.1148332301430524	0.03254834463070581	0.2280810029057794	0.1028692313179614	0.02653499619910626	0.09360785806268049	0.0873533328122427	0.07116787476617006	0.1241624237796963	0.08244322736551386	0.1085892611401464	0.05926583730185565	0.06908295698077441	0.08197215918818568	0.04477465927121346	0.0307783827776726	0.1653827250318685
0.7583268121721384	-0.1789747065979641	0.7062500654703017	0.981395050294719	0.1993322217740611	0.2233178403396551	0.09088775890243085	-0.05244588662999461	-0.6965995867290951	0.1603979207661612	0.1651790521288059	0.8701449752188201	0.7253110208591741	0.04248509433475901	-1.805728993107141	0.8366930124481138	-1.285912525359374	0.08853831782422378	-2.142134757885481	1.002662687075978	-0.1990577330963519	0.05917512281120255	0.1115314937455075	0.03340132965721961	0.2198847395870238	0.1021889906610005	0.02712989574657126	0.09343630045895597	0.08799568852390566	0.06955241167467859	0.1284564266026053	0.08220543794917774	0.1111949076195578	0.05792309476196126	0.06847606555877332	0.08254761326257715	0.04538131465089851	0.03156211342465848	0.1620897082355061	-0.0007564486422574427	0.05918604984395707	0.1153230535827453	0.03239691525742253	0.2290355098003719	0.1029696152957446	0.02642777294904397	0.09362437336386388	0.08724684821197458	0.07142446542278079	0.1234306145359593	0.08250475792036825	0.108030283749385	0.05962966391480994	0.06920169224591073	0.08173231389603632	0.04497393081167922	0.03089063645983936	0.1649210467311072
0.7602964922037543	-0.1772665188433455	0.7076781546455088	0.9814769076294696	0.1957865061842353	0.2249747921081575	0.08836110853446395	-0.05228093359311464	-0.7007851030673576	0.162378415467768	0.1648041307844331	0.8642676393562762	0.7247628475110527	0.04063329358041752	-1.794473874116345	0.8458501961476437	-1.279540222010292	0.07894391294894952	-2.107879130156741	1.008018667373022	-0.1816916866619266	0.0591743743495791	0.1119579377669983	0.03326926506424638	0.2207620825327906	0.1022781387668862	0.02703622956180833	0.09345766695278541	0.08790748279757854	0.06977986221748504	0.1279016599944544	0.08224211967184898	0.1108306321493097	0.05814281811987256	0.0685655416159497	0.08244359546140428	0.04534494254877065	0.03148686562800544	0.1623437406158107	-0.0007812366966568746	0.05915228918260738	0.1158128770224383	0.03224548588413924	0.2299900166949645	0.1030699992735279	0.02632054969898168	0.09364088866504727	0.08714036361170643	0.07168105607939153	0.1226988052922223	0.08256628847522263	0.1074713063586236	0.05999349052776422	0.06932042751104706	0.08149246860388695	0.04517320235214498	0.03100289014200612	0.164459368430346
0.7622661722353703	-0.1755703542751738	0.7091051935242711	0.9815551185137246	0.1922635251840374	0.2266503487706713	0.08584758191749658	-0.05213488984738628	-0.7049035487647251	0.1643672683006916	0.1644631664994327	0.8579235495970972	0.7242440506117592	0.03878102162178643	-1.782626827232997	0.8555989422975939	-1.272572144100276	0.06935150283791046	-2.074033838763686	1.010988470198389	-0.1645524743547421	0.05916907604427716	0.1123909045262435	0.03313475372804411	0.2216434595978799	0.1023688711515183	0.02694100023957197	0.09347845141591857	0.08781725186205959	0.07001034561909313	0.1273267886063659	0.0822824908178407	0.1104417655778053	0.05838327996591844	0.06865799300843649	0.08231742918662696	0.04534854158616115	0.03144419745017019	0.162504307270174	-0.0007733891545826937	0.05910615814359858	0.1163053350720025	0.03209329112541415	0.2308988003119125	0.1031776212871451	0.02621541084147656	0.09365642686632648	0.08703377282050494	0.07193464648214176	0.1219395179165048	0.08264441800932282	0.1068412964634847	0.06042714820749701	0.06943338014157313	0.0811272350867758	0.04556927990065617	0.03126923154024455	0.163526397064495
0.7642358522669862	-0.1738871820358642	0.7105312378701424	0.9816296763322967	0.1887645153223721	0.2283457310472481	0.0833484073347882	-0.05200771543605169	-0.7089557395813735	0.1663592449464223	0.1641557903496697	0.8510753055714916	0.7237530157605374	0.03692401893631517	-1.770133785009408	0.8659809495835562	-1.264967228261856	0.05978419378906503	-2.040604310722143	1.011190556989358	-0.1475865163486223	0.05915904202808855	0.112829842327217	0.03299804060094853	0.2225264540172045	0.1024614012009226	0.02684452269332778	0.0934986638639303	0.08772520745021883	0.07024335381012313	0.1267324048467391	0.08232705257767482	0.1100271282913065	0.05864606471041626	0.06875276376394258	0.08216468749013581	0.04539892792912549	0.03143945499435587	0.1625577929622905	-0.000765541612508513	0.05906002710458979	0.1167977931215667	0.03194109636668906	0.2318075839288605	0.1032852433007622	0.02611027198397144	0.09367196506760571	0.08692718202930344	0.07218823688489201	0.1211802305407873	0.08272254754342302	0.1062112865683458	0.06086080588722981	0.06954633277209921	0.08076200156966466	0.04596535744916736	0.03153557293848297	0.162593425698644
0.7662055322986021	-0.1722180178577833	0.7119563413089803	0.981700569085548	0.1852907844400769	0.2300622114114506	0.08086486386172685	-0.0518993560594446	-0.7129424972913601	0.1683487550980293	0.1638816882844514	0.8436953018860784	0.7232882620102823	0.0350586995209463	-1.756945033046444	0.8770259925611831	-1.256696028409657	0.05022986810119717	-2.007592848448474	1.008530939819875	-0.1307647495306657	0.05914565598097345	0.113273557450654	0.03286012873114486	0.2234067290134221	0.1025544834924159	0.02674740394177451	0.09351846074041363	0.087632324748824	0.0704768789248512	0.1261253127230024	0.082376734342262	0.109588535840586	0.0589306236394934	0.06884677420943662	0.08197904677543887	0.04549302097037811	0.03146836821569358	0.1625149299721028	-0.0007533663688893494	0.05902786579445223	0.1172801520739462	0.03180061899113444	0.2326255656156013	0.103373631476087	0.02601225481169586	0.09368918321664703	0.08683441340340503	0.07241217831173699	0.1205128067641205	0.08282552584446692	0.1055644531211979	0.06133040832888737	0.06961079578175221	0.08023207837863895	0.04640442766614812	0.03180942485526115	0.161661272093413
0.7681752123302181	-0.170563913218369	0.7133805542483224	0.9817677779877658	0.1818437485537979	0.2318010956123238	0.07839826481309721	-0.05180989192145034	-0.7168646389501623	0.1703305789526499	0.1636405575405521	0.835783921218153	0.7228488191880904	0.03318348136898808	-1.74302789954843	0.8887296396410661	-1.247761914801457	0.04059820667821024	-1.974993557424592	1.003385757705366	-0.1141076463466636	0.05913009171239028	0.1137210246240851	0.03272186195884428	0.2242804813721338	0.1026470482667711	0.02665015318176359	0.09353797615729918	0.0875394391363493	0.07070921469612451	0.1255114205796429	0.08243232997670416	0.1091275550246793	0.0592364906013006	0.06893740549412543	0.08175508995286927	0.04562820659852754	0.03152734197747132	0.1623850157490162	-0.0007411911252701858	0.05899570448431465	0.1177625110263257	0.03166014161557981	0.2334435473023421	0.1034620196514118	0.02591423763942027	0.09370640136568834	0.08674164477750661	0.072636119738582	0.1198453829874537	0.08292850414551083	0.1049176196740501	0.06180001077054494	0.06967525879140521	0.07970215518761326	0.04684349788312887	0.03208327677203934	0.160729118488182
0.770144892361834	-0.1689259092344345	0.7148039260148107	0.9818312828649053	0.1784248601813555	0.233563671439488	0.07594990754597296	-0.05173954762893868	-0.7207229710207512	0.1723001655347589	0.1634320570585339	0.8273589972515002	0.722434118088896	0.03129794675751244	-1.728362865876653	0.9010656733721717	-1.238188504026867	0.03076274949870555	-1.942795733693434	0.9963803442605177	-0.09763611825445812	0.05911454724896369	0.1141707574314063	0.03258459061097244	0.2251417673113557	0.1027372044948187	0.02655349034321174	0.09355690666987421	0.08744654531605708	0.07094041406596861	0.1249001731651874	0.08249470609839264	0.1086481298478428	0.05956102847416653	0.06902060726462191	0.08148877860013795	0.04579097931259397	0.03160220831582376	0.1621982882379509	-0.0007404147689134428	0.05899641621599905	0.1182247406046913	0.03154060468684903	0.2341187731199956	0.1035146715534492	0.0258273443641297	0.09371757586425253	0.086648774361721	0.07285857376881047	0.1193446091124291	0.08305868286014303	0.1043001196225434	0.06226819722420059	0.06966300702997529	0.079025012272763	0.04714268077336344	0.03219083547122365	0.1602317978865294
0.7721145723934499	-0.1673049506480664	0.7162265056736676	0.9818910656799318	0.1750355828203221	0.2353510956099627	0.0735209702296748	-0.05168896593127541	-0.7245182586431808	0.1742551329548296	0.1632558148687328	0.8184760931717079	0.7220445287395731	0.02940414106570123	-1.712961088385289	0.9139604902207835	-1.228042950417101	0.02053151248109388	-1.910978612208045	0.9885412514830256	-0.08135279638127528	0.05910088739841223	0.1146214787380872	0.03244945044741603	0.2259853707775509	0.1028233276942938	0.02645801924400974	0.09357499213197544	0.08735363874042082	0.07117052196481152	0.1242997697117049	0.08256460280269445	0.1081536671843732	0.05990200508579076	0.06909293435874643	0.08117664582681763	0.04596994539557549	0.03168107505234807	0.1619811009144597	-0.0007396384125566998	0.05899712794768345	0.1186869701830569	0.03142106775811824	0.234793998937649	0.1035673234554866	0.02574045108883913	0.09372875036281672	0.08655590394593538	0.07308102779903894	0.1188438352374045	0.08318886157477524	0.1036826195710367	0.06273638367785622	0.06965075526854535	0.07834786935791276	0.04744186366359799	0.03229839417040798	0.1597344772848769
0.774084252425066	-0.1657018972269795	0.7176483430926621	0.9819471119351675	0.1716773545870406	0.2371644130774196	0.07111252903793915	-0.05165905818299694	-0.7282512362084219	0.1761945158972796	0.1631114548614681	0.8092057829286781	0.7216808569883129	0.02750521964333059	-1.696849420996017	0.9273217631585582	-1.217409537595148	0.009704261090386523	-1.879516834395569	0.9808978297020883	-0.06528163665139688	0.05909059225658655	0.1150717010065175	0.03231753559009667	0.2268065383632138	0.1029042618273728	0.0263644084589589	0.09359263127282315	0.08726209138007961	0.07139601611096276	0.1237173253548653	0.08264224884660246	0.1076484609309764	0.06025613073478833	0.06915170073664724	0.08081856104692298	0.04615044210364126	0.03174972162522983	0.1617621521042158	-0.0007327014222280758	0.05902666902014844	0.1191233660776084	0.03132328869156994	0.2353291359741517	0.1035906600269982	0.02566649830556167	0.0937454300140515	0.08648750057806009	0.07324021832087473	0.1184993785433303	0.08333818107778031	0.1031152462565986	0.06318219792547283	0.06957028855080832	0.07757814225286898	0.04753188321871933	0.03218649515063633	0.1597537248567861
0.7760539324566819	-0.1641173911482331	0.7190694912450974	0.9819994176533196	0.1683515062104643	0.2390043866991259	0.06872540220706962	-0.05165125885963424	-0.7319225620298057	0.178120044952397	0.1629984554410717	0.7996432027518507	0.7213446620231395	0.02560603925720926	-1.680082792990456	0.9410269839133069	-1.206400419021693	-0.001917158565806102	-1.848377821963598	0.9744738183097275	-0.04950945482146854	0.05908491738369704	0.115520145596046	0.03218976597201402	0.227601093711371	0.1029790134964197	0.02627321860272257	0.09361016588576192	0.08717307819766174	0.07161390198284409	0.1231590108615392	0.08272783934962658	0.1071362209678673	0.06062062225348872	0.0691946200344785	0.08041440130810056	0.0463201082231342	0.03179621398274955	0.1615664825036295	-0.000725764431899452	0.05905621009261344	0.11955976197216	0.03122550962502164	0.2358642730106544	0.1036139965985098	0.0255925455222842	0.09376210966528628	0.08641909721018483	0.0733994088427105	0.1181549218492562	0.08348750058078536	0.1025478729421605	0.06362801217308943	0.0694898218330713	0.07680841514782522	0.04762190277384067	0.0320745961308647	0.1597729724286954
0.7780236124882979	-0.1625519420998648	0.7204900054067283	0.9820479858517817	0.1650592862292127	0.2408716090968319	0.06636025218204385	-0.05166725534709679	-0.7355328490319458	0.180034697008906	0.1629161559035322	0.7898902721141753	0.7210378123622659	0.02371214186020808	-1.662729863950446	0.9549452215580125	-1.195135150849696	-0.01450134145738001	-1.81752582279085	0.9700398749319983	-0.03417047455560196	0.05908391113377977	0.1159654627430324	0.03206673132342909	0.2283660102273391	0.1030477696391096	0.02618498511240511	0.0936288016968969	0.08708993151052513	0.07181773421363342	0.1226270297032697	0.08282064627532612	0.106620529320118	0.06099251548388994	0.06922169374133486	0.0799689780301598	0.04647286240377461	0.03181629339023431	0.161402060961567	-0.0007164949195308548	0.05909580074912386	0.1199672172455166	0.03114540358952232	0.2362784835615946	0.103628358819759	0.02553187162456161	0.09380036687880235	0.08641526977368372	0.07343131308653364	0.1178992581154342	0.08363987636069301	0.1020329797097859	0.06404457993353684	0.06937761441335076	0.07603317847675305	0.04758968755895836	0.0318501174963295	0.1599984735633835
0.7799932925199138	-0.1610057847618993	0.721909946333734	0.982092834995954	0.1618017343938128	0.2427663201399529	0.06401742014335324	-0.05170907808791047	-0.7390826109726244	0.1819429199753271	0.1628634122281586	0.7800545052222723	0.7207626130791298	0.02182975012572939	-1.644880977407029	0.9689387677462126	-1.183738837561062	-0.02814094989754664	-1.786921068976035	0.9679456069567725	-0.01949857368989679	0.05908761428850311	0.1164064915880262	0.03194892711399952	0.2290986232157217	0.103110690550323	0.02610015681258626	0.0936495724645349	0.0870155050811072	0.07200202965832597	0.1221232857863447	0.08292004755932081	0.1061044803879007	0.0613693029283818	0.06923292110566467	0.07948640609099311	0.0466035737263857	0.03180637883198859	0.1612758335348624	-0.0007072254071622577	0.05913539140563429	0.1203746725188731	0.031065297554023	0.2366926941125349	0.1036427210410082	0.02547119772683903	0.0938386240923184	0.08641144233718263	0.07346321733035678	0.1176435943816123	0.08379225214060065	0.1015180864774112	0.06446114769398426	0.06926540699363022	0.07525794180568089	0.04755747234407606	0.03162563886179429	0.1602239746980716
0.7819629725515297	-0.1594790106872831	0.7233293779794953	0.9821339919514125	0.1585797638400773	0.244688575835693	0.06169708109836307	-0.05177885109045011	-0.7425723078820663	0.1838494309738424	0.1628387805138387	0.7702438234179334	0.7205216358353924	0.01996518928861761	-1.626637653253107	0.9828664032134217	-1.172336356103248	-0.04287998611871812	-1.756522025169801	0.9682297575949426	-0.005587731684805752	0.05909537681517806	0.1168420844903957	0.03183662544166955	0.2297975274592892	0.103168411574124	0.02601914570280546	0.09366831622548932	0.08694195283971159	0.07218330866473424	0.1216453256369721	0.08302449173695867	0.1055909486473066	0.06174821712032098	0.06923044921762524	0.07897534882218357	0.04671726664308398	0.03177330122558117	0.1611706775029221	-0.0007234502741659403	0.05917338886298917	0.1207518219806747	0.03099993713828634	0.2370097407137621	0.1036570445685953	0.02542381073581252	0.09380596638429335	0.08628490327277773	0.07374260057410841	0.1173965747500085	0.08393038544679705	0.1010555314199196	0.06484059667724695	0.06915857045227583	0.0745626703014608	0.04756382911391425	0.03145046590644875	0.1601814825454568
0.7839326525831457	-0.1579714341047197	0.7247483716620415	0.9821714997943585	0.1553939977741025	0.2466380582486231	0.05939909117987245	-0.05187868350874591	-0.7460022882110122	0.1857583820778281	0.1628411166203989	0.7605615000585373	0.7203179174743312	0.01812447927454032	-1.608119166196293	0.9965845734509416	-1.161045666642485	-0.05866313395949212	-1.726285254109358	0.970423261582287	0.007884309636518098	0.0591066471467857	0.1172712537237142	0.03173005455541551	0.2304614798231763	0.1032214784034352	0.02594229698269738	0.09368146472262695	0.0868625557091476	0.0723756227738632	0.1211910153598379	0.08313265362672499	0.1050824161070953	0.06212691636078847	0.06921610395342544	0.07844322971485759	0.04681817635109186	0.03172279267453934	0.1610716571710105	-0.0007396751411696231	0.05921138632034405	0.1211289714424763	0.03093457672254969	0.2373267873149894	0.1036713680961823	0.02537642374478602	0.09377330867626829	0.08615836420837279	0.07402198381786002	0.1171495551184046	0.08406851875299345	0.100592976362428	0.06522004566050964	0.06905173391092144	0.0738673987972407	0.04757018588375246	0.03127529295110321	0.160138990392842
0.7859023326147616	-0.1564827362504764	0.7261670027835391	0.9822054093351673	0.1522448988705677	0.2486142621173166	0.05712315509933966	-0.05201058193595107	-0.7493728432067337	0.1876731620711713	0.1628698028314272	0.751103613359647	0.7201544569913213	0.0163132669416108	-1.589445090248876	1.009957580620717	-1.149975987033831	-0.07540038402334258	-1.6961680956872	0.9738952991418314	0.02127470761271278	0.0591200572247688	0.1176928208075132	0.03162921005342031	0.2310906662341302	0.1032712058347225	0.02586990821175823	0.0936885295924566	0.08677631711699077	0.07258150771332868	0.1207564440358397	0.08324288304828019	0.1045806661418752	0.06250364444882199	0.06919296456752752	0.07789880471367724	0.04691757875269923	0.03166663771603222	0.1609486598101512	-0.0007373930581401601	0.05923323105484408	0.1214708509395158	0.03088054050891255	0.2375762035026044	0.1037005083075447	0.02534202687495554	0.09372063319501073	0.08600239471671164	0.07436771721112106	0.116874851941587	0.084184872258443	0.1001730254011213	0.06556912396453826	0.06897435204795722	0.07328495691364879	0.04773712910195473	0.03125384799513403	0.1595040655770399
0.7878720126463775	-0.1550123689790478	0.7275853542629488	0.982235785220244	0.1491326221608449	0.2506163545737748	0.05486871792870737	-0.05217624336220614	-0.7526841549853395	0.1895951655997156	0.1629250628065312	0.7419487678161383	0.7200339797977784	0.01453644206668772	-1.570730135283696	1.022871636664999	-1.139215824307869	-0.09294596327517808	-1.666130101514586	0.9777580368728169	0.03486709923136047	0.05913444658871415	0.1181057707824568	0.03153408773918404	0.2316852412850757	0.103318723663898	0.02580222856669468	0.09368909188007767	0.08668238351316947	0.07280311998799011	0.120338218836901	0.08335377059609218	0.1040872372818127	0.0628769145994946	0.06916365169517319	0.07734958030067575	0.04702498838392845	0.03161473602008737	0.1607754274896911	-0.0007351109751106972	0.05925507578934409	0.1218127304365553	0.03082650429527541	0.2378256196902193	0.1037296485189071	0.02530763000512506	0.09366795771375315	0.08584642522505048	0.0747134506043821	0.1166001487647693	0.08430122576389254	0.09975307443981458	0.06591820226856687	0.06889697018499302	0.0727025150300569	0.047904072320157	0.03123240303916485	0.1588691407612378
0.7898416926779935	-0.1535596875879718	0.729003512444658	0.9822626981748752	0.1460571758871646	0.2526433623026466	0.05263511629574337	-0.05237716003205508	-0.7559363538392735	0.1915245942316078	0.1630074378398167	0.733163338467713	0.7199588052502539	0.01279824715351503	-1.552077257978737	1.035230971152183	-1.12883973272534	-0.1111498841896693	-1.636133788588335	0.9811658281057287	0.0487693434665846	0.05914794725926409	0.1185090767189443	0.03144442597285112	0.2322466244562988	0.1033656495191668	0.02573940951298018	0.09368682743410787	0.08658891107310154	0.0730230181846535	0.1199326521774718	0.08346421480435126	0.1036022701898983	0.06324657913790682	0.06913084666623141	0.07680132833263557	0.04715117325162687	0.03157729538960665	0.1605260014934906	-0.0007021225178174655	0.0592472428153964	0.1221177001206674	0.03077967115042756	0.2380353438080092	0.1037840735062578	0.02528500984247754	0.09366868071281362	0.08582066252030569	0.07478758572583635	0.116287857534613	0.08439936842573421	0.09935196161336715	0.06625770805907967	0.06885356815394064	0.07221194928249025	0.04826509414094815	0.03138268561239851	0.1576133602310956
0.7918113727096094	-0.1521239069436022	0.7304215684988506	0.9822862284087933	0.1430183353136642	0.2546941121092112	0.05042152928742669	-0.05261444159523651	-0.7591294797876055	0.1934595309099759	0.1631171710491424	0.724787893576376	0.7199302891015373	0.0111016625226364	-1.533560925678749	1.046979138790576	-1.118893130659252	-0.1298707647327782	-1.606147891187763	0.9833508687405601	0.06264648031078202	0.0591589748101602	0.1189018533434111	0.03136000444821713	0.2327760561459142	0.1034133736323222	0.02568157771448533	0.09368488803472051	0.08650288430925594	0.07322636560976514	0.1195365484778873	0.08357327485017782	0.1031258848242676	0.06361251249427062	0.06909683211612035	0.0762589956806233	0.04730521751659576	0.03156288892464153	0.1601777121551764	-0.0006691340605242337	0.05923940984144872	0.1224226698047795	0.03073283800557972	0.238245067925799	0.1038384984936084	0.02526238967983001	0.09366940371187407	0.08579489981556089	0.07486172084729061	0.1159755663044568	0.08449751108757586	0.09895084878691972	0.06659721384959245	0.06881016612288826	0.07172138353492361	0.04862611596173929	0.03153296818563218	0.1563575797009533
0.7937810527412253	-0.1507041968452147	0.7318396150654543	0.9823064595577221	0.1400157876790202	0.2567673687001253	0.04822708559814331	-0.05288901822381691	-0.7622635339683372	0.1953971258704939	0.1632539623491228	0.7168508550751258	0.7199493443856103	0.009448738922766502	-1.515238792349343	1.058075389241721	-1.109407725451528	-0.1489867362155565	-1.576144710914276	0.9837101438951412	0.07615476783738301	0.05916589191963034	0.1192837461196528	0.0312804455783762	0.233275084616706	0.103463156166647	0.02562872158405725	0.09368294988384326	0.08642339516254734	0.0734144781748949	0.1191460999128507	0.08368064059916773	0.1026561543036135	0.06397600998743071	0.06906316437132978	0.07572443615756452	0.04749312522446722	0.03157677482626468	0.1597185586691789	-0.0006506796344862138	0.05919889657468656	0.1226995051144924	0.03069040146686065	0.2384235686266717	0.1039176734690768	0.02524952946382327	0.0936649223887682	0.08576774855753323	0.07492533797596017	0.1156100214174686	0.08458736882437078	0.09853112828750404	0.06695125356817581	0.06879122470104847	0.0712747809645847	0.04914256624403219	0.03181334848936532	0.1546659773976685
0.7957507327728414	-0.1492996844995687	0.7332577460753142	0.9823234780028833	0.1370491164683466	0.2588618276656201	0.04605086694365512	-0.05320156447270846	-0.7653384542964699	0.1973333094499455	0.1634168086118699	0.7093562360675145	0.7200160412281168	0.007839516408307988	-1.497132217887186	1.068507838293163	-1.100387584630444	-0.1684249992078639	-1.546103796836481	0.9819176573252143	0.08910253028225192	0.05916730963718474	0.1196544480900828	0.03120543173789447	0.2337450655178756	0.1035160801616144	0.02558083109550098	0.09368073529423238	0.086349665491498	0.07358847307431007	0.1187580093014864	0.08378604706823797	0.1021914151861793	0.06433816836763005	0.0690311684049124	0.07519923654426959	0.04771995382953992	0.03162336185035831	0.1591380043698141	-0.0006322252084481941	0.0591583833079244	0.1229763404242053	0.03064796492814158	0.2386020693275444	0.1039968484445452	0.02523666924781653	0.09366044106566233	0.08574059729950559	0.07498895510462976	0.1152444765304804	0.08467722656116571	0.09811140778808838	0.06730529328675917	0.06877228327920869	0.07082817839424579	0.04965901652632509	0.03209372879309847	0.1529743750943837
0.7977204128044574	-0.1479094996630138	0.73467605528608	0.9823373695125832	0.1341178888871505	0.2609761780357986	0.04389195856418433	-0.05355267580513946	-0.7683541541844767	0.1992636859723827	0.1636045170378223	0.7022981180163071	0.7201301152115912	0.006273133300746123	-1.479246668398201	1.078275452679959	-1.091825522530738	-0.1881373805687969	-1.516007897147426	0.977795552124571	0.1014231689370411	0.05916218763580412	0.1200139076753256	0.03113461742683806	0.234187746810957	0.1035727775182317	0.0255377852928564	0.09367566936564062	0.08627686306279496	0.07375942323133006	0.1183700644598572	0.08388970451778244	0.1017293483994035	0.06470076051161991	0.06900132085227886	0.07468259263106566	0.04798732858556256	0.03170371277233751	0.1584344459420191	-0.0006091230712602884	0.05908925255229696	0.1232294280101255	0.03060906097257302	0.2387598377980206	0.1040939290512033	0.02523180470166288	0.09360889755612303	0.08563877934224878	0.07521692726217859	0.1148418913917296	0.08476687735173816	0.09765894347547366	0.06768694151765904	0.06876490692483397	0.07038576604206903	0.05028106214637412	0.03245663652605824	0.151013362760379
0.7996900928360732	-0.1465328092878093	0.7360946350187243	0.9823482155404007	0.1312216947777319	0.2631091286587957	0.04174948903367891	-0.05394288294683691	-0.7713105092546895	0.2011837179970498	0.1638160802705442	0.6956540918741436	0.7202907367391834	0.004747165353069131	-1.461559439448036	1.087394358655678	-1.08369572256332	-0.2081227506411861	-1.485845482888364	0.9714137361250247	0.1133245038434923	0.05914964311712088	0.1203620786827912	0.03106771211601952	0.2346046618157005	0.1036337912514511	0.02549948252497364	0.0936655441696024	0.08620085082687948	0.07393675219163369	0.117980350764153	0.0839917925016872	0.1012679535448397	0.06506528839984201	0.06897402741030426	0.07417381398695354	0.04829660977772538	0.03181871058562972	0.1576064101795733	-0.0005860209340723826	0.05902012179666952	0.1234825155960457	0.03057015701700445	0.2389176062684969	0.1041910096578613	0.02522694015550923	0.09355735404658373	0.08553696138499195	0.07544489941972742	0.1144393062529788	0.08485652814231059	0.09720647916285893	0.06806858974855892	0.06875753057045925	0.06994335368989225	0.05090310776642314	0.03281954425901802	0.1490523504263744
0.8016597728676892	-0.145168815121244	0.73751357632064	0.9823560938928446	0.1283601626287304	0.2652594153952617	0.03962262689023187	-0.05437272876850995	-0.7742073817742067	0.2030890181865766	0.1640508349838466	0.6893946394945316	0.7204968153932446	0.003258665719541477	-1.444036688633482	1.095889292109033	-1.075964392841261	-0.2283937909814648	-1.455607374275454	0.9628888860880617	0.1250522759906251	0.05912900852227405	0.1206989426632235	0.0310043825792232	0.2349974935324285	0.1036995868613378	0.02546573446483193	0.09364978512341672	0.08611988603633146	0.07412406352574726	0.1175870532744187	0.08409264992452276	0.1008049217313014	0.06543361262813809	0.06894937712971234	0.07367128985346554	0.04864913600185802	0.03196882357953005	0.1566539392121449	-0.0005554576785579512	0.05892485416078853	0.1237123050433501	0.03053372052183453	0.2390600393652282	0.104305299716129	0.02522856717590856	0.09348530975384053	0.08539765587990225	0.07574860198609186	0.1139990995803224	0.08494904108034561	0.09671308059318846	0.06848606442183214	0.06875678921394598	0.06948820267168651	0.05163243509105711	0.03325962362734473	0.1468515490188369
0.8036294528993052	-0.1438168124698786	0.7389329667364495	0.9823610735505286	0.1255330346504912	0.2674258601295603	0.03751064725626856	-0.05484281475085917	-0.7770446154971252	0.2049756100750539	0.1643087536682292	0.6834780297469707	0.720746774230771	0.001803859921457586	-1.426625657058469	1.103801026223412	-1.068584156502671	-0.248982451325849	-1.425288651272236	0.952417236455638	0.1368449993725475	0.05909971709434761	0.1210244819948889	0.03094434870966104	0.2353677198323217	0.1037705643093867	0.02543638304364642	0.09362789925351182	0.08603247640584777	0.07432442476608228	0.1171886016671286	0.08419256628624208	0.1003382623805309	0.06580731013648107	0.06892744571913768	0.07317364026327433	0.04904602504222939	0.03215443568394627	0.1555770000589646	-0.0005248944230435198	0.05882958652490756	0.1239420944906545	0.0304972840266646	0.2392024724619594	0.1044195897743966	0.02523019419630788	0.09341326546109734	0.08525835037481255	0.0760523045524563	0.113558892907666	0.08504155401838061	0.09621968202351799	0.06890353909510535	0.06875604785743274	0.06903305165348075	0.05236176241569108	0.03369970299567144	0.1446507476112995
0.805599132930921	-0.1424761552306181	0.7403528915818159	0.9823632183749458	0.1227401276080248	0.2696073438502177	0.03541289166102492	-0.05535378730135776	-0.7798220488750831	0.2068397514681625	0.1645900791372733	0.6778588853763053	0.7210388352831266	0.0003790937045441901	-1.409270284946807	1.111177885742276	-1.061503742965561	-0.2699142109916431	-1.39488510888388	0.9401033011314556	0.1487524236459123	0.05906125166234427	0.1213384350345401	0.03088740272414089	0.23571477422001	0.1038471044366334	0.02541125951351512	0.09360483317091038	0.08594839437725875	0.07451669241707769	0.1167834990423473	0.08429163935075254	0.09986668812792651	0.06618805385799155	0.0689086478976739	0.07268013386868472	0.04949432964306455	0.03238113960991212	0.1543667019387498	-0.0004970999846552025	0.05870826722649283	0.1241439348242551	0.03046409462293931	0.2392865700353268	0.1045512816278491	0.02523793066088502	0.09341834125292592	0.08528038248069988	0.0760134918113273	0.1130804363604107	0.08513391292072724	0.09569566950946065	0.06936069564934873	0.06876789826673461	0.0685746723161927	0.05329868683693916	0.0343009874624313	0.1420349679391574
0.807568812962537	-0.141146321319873	0.741773431073372	0.9823625834780988	0.1199814054753843	0.2718028906766685	0.03332884100671307	-0.05590632728573939	-0.782539509402314	0.2086777845028795	0.1648945263961606	0.672488132708273	0.7213708932715175	-0.001018642153417016	-1.391914520630714	1.118080552827127	-1.054668278819957	-0.2911898355805538	-1.36439260932531	0.9259068144668047	0.1603228176808231	0.05901317281913759	0.1216405745896356	0.03083336990679373	0.2360381541397273	0.103929534452147	0.02539022222373552	0.09358482903520565	0.08587600646793345	0.07468286745469262	0.1163704504986779	0.08438995263103301	0.09938908956317578	0.06657726227423728	0.06889333659992249	0.07219014406555742	0.04999997667753778	0.03265361265319421	0.153015178925714	-0.0004693055462668852	0.05858694792807811	0.1243457751578557	0.03043090521921401	0.2393706676086942	0.1046829734813017	0.02524566712546216	0.09342341704475447	0.08530241458658723	0.07597467907019828	0.1126019798131555	0.08522627182307387	0.09517165699540332	0.0698178522035921	0.06877974867603648	0.06811629297890466	0.05423561125818725	0.03490227192919117	0.1394191882670153
0.809538492994153	-0.1398268639457346	0.7431946615603483	0.9823592193125898	0.1172569197921132	0.2740116379156078	0.03125805880326504	-0.05650111239691587	-0.7851968593896919	0.2104859192477584	0.1652208643602379	0.6673196856234549	0.7217406649168827	-0.002391905736237947	-1.374510397775771	1.124573425386092	-1.048026963416321	-0.3127880021870667	-1.333823851799323	0.9096446797781985	0.1710533961447509	0.05895697402700915	0.1219304182294282	0.03078264989935073	0.2363366856535391	0.1040165482697712	0.02537328402590199	0.09356543224780225	0.0858104744267358	0.07483304300083501	0.1159504089798362	0.08448712894418352	0.09890725931567998	0.06697337284865044	0.06888147167866598	0.07170501805991762	0.05057883216134553	0.03298589568306545	0.1515045119270031	-0.0004391815161017585	0.05847174239636076	0.1245145135000817	0.03040991014062963	0.2393809615003109	0.1048024696228045	0.02526177055235287	0.09339026595927943	0.08526153696660332	0.07605941129279677	0.112125836871974	0.08531040073996735	0.0946685891118715	0.07026539500645482	0.06879786392214088	0.06768816699835649	0.05555415542523081	0.03582149886203009	0.136181279066679
0.8115081730257688	-0.1385173596471171	0.7446166608560629	0.9823531784961065	0.114566693820335	0.2762326596319933	0.02920014084211927	-0.05713864924140662	-0.7877937610026636	0.2122595780723257	0.1655684389401214	0.6623818612002358	0.722151548348792	-0.003736490224476786	-1.357127415043023	1.130543947717985	-1.041606011964695	-0.3345997425208854	-1.303013720638514	0.8909000926575898	0.1818863109089621	0.05889392233595937	0.1222075482827862	0.03073557823059654	0.2366093306647812	0.1041070234053154	0.02536045552771344	0.09354453771994892	0.08574765593339802	0.0749758102248065	0.115524199313779	0.08458284594411848	0.09842274285175352	0.06737506145848432	0.06887301878165604	0.0712259073631262	0.05124422305593797	0.03338972885573998	0.1498188730143706	-0.0004090574859366318	0.05835653686464342	0.1246832518423079	0.03038891506204526	0.2393912553919276	0.1049219657643074	0.02527787397924358	0.09335711487380441	0.08522065934661943	0.07614414351539525	0.1116496939307925	0.08539452965686084	0.09416552122833965	0.07071293780931753	0.06881597916824528	0.06726004101780832	0.05687269959227436	0.03674072579486902	0.1329433698663426
0.8134778530573847	-0.1372173579138502	0.746039510205477	0.9823445184175825	0.1119106726043995	0.2784649124172876	0.02715465838299848	-0.0578193007417608	-0.7903296980185178	0.2139936830498723	0.1659375874579171	0.6576576409500544	0.7226028070289416	-0.005052088020689893	-1.339766345057814	1.136001959758223	-1.035386286053757	-0.3565586783680584	-1.271941832159152	0.8694747401134917	0.1928459787804421	0.05882412603910729	0.122471935387576	0.03069208368427681	0.2368560640188596	0.1042003255280828	0.02535166929530343	0.0935212481219902	0.08568139645698336	0.07512567514079285	0.1150934973286658	0.08467772177701231	0.09793486834456633	0.06778326987671381	0.06886706339396696	0.07074998433882093	0.0520043540676732	0.03387135548671888	0.1479665378689698	-0.0003855257039855195	0.05822951014309598	0.1248256723999186	0.03037406473468325	0.2393486683580456	0.1050367377430859	0.02530112973721629	0.09330476658840499	0.08507556986936246	0.07646730348447169	0.1111928962618815	0.08548671516301674	0.09364498944513004	0.07118806351177913	0.06882511806066001	0.06679463348408615	0.05850701846933441	0.03790629860274333	0.1295440058156149
0.8154475330890008	-0.1359265123191822	0.7474632829055572	0.9823332916952792	0.1092889016130035	0.2807075466702974	0.02512129094851487	-0.05854336893872967	-0.7928043199549727	0.2156831005213466	0.1663277539962564	0.6530847900536602	0.7230891250153179	-0.006342638817534512	-1.322349951171821	1.141085199482274	-1.029304489561462	-0.3786848123801719	-1.240754784721323	0.8455244111129439	0.2032278019585187	0.0587476769014574	0.1227235523935301	0.03065210632368375	0.2370768596371925	0.1042959094709073	0.0253468687134879	0.09349479392198168	0.08560642805586979	0.07529499226346825	0.1146597531308375	0.08477228467102758	0.0974430572755904	0.06819879695584323	0.06886282701379912	0.07027483057118357	0.05286607849751229	0.03443596350484032	0.145954655324038	-0.0003619939220344071	0.05810248342154855	0.1249680929575294	0.03035921440732125	0.2393060813241637	0.1051515097218645	0.02532438549518901	0.09325241830300557	0.08493048039210549	0.07679046345354811	0.1107360985929704	0.08557890066917266	0.09312445766192042	0.07166318921424071	0.06883425695307475	0.06632922595036402	0.06014133734639444	0.03907187141061765	0.1261446417648872
0.8174172131206167	-0.1346445305270751	0.748888047570576	0.9823195480033328	0.1067014919518128	0.2829598200211546	0.02309977301438694	-0.05931118829044422	-0.7952173876904046	0.2173230635068135	0.1667381392072193	0.6486450929345872	0.7236093980513049	-0.007608408131029498	-1.30485806750711	1.145801188855055	-1.023340952376437	-0.4010110471562071	-1.209437420226073	0.8194745475983819	0.2134511888724686	0.05866209863139491	0.1229630473051558	0.03061488435722191	0.2372761136869367	0.1043954014592095	0.02534589468948965	0.09346687669793383	0.0855272411797752	0.07547310140249479	0.1142211497695017	0.08486772937538754	0.09694285538673057	0.06862564571607301	0.06886001928709981	0.06979655974980072	0.05382246122480171	0.03507779104983647	0.1438113514626659	-0.0003394614877052365	0.05792029079154701	0.125096963261883	0.03033922102602859	0.2393081523244418	0.105300790042743	0.02535310069913212	0.093224485072017	0.08484801365051955	0.07696650450997841	0.1102393434161067	0.08569171179072231	0.09251524669468937	0.07222230510403048	0.0688418085632978	0.06579804142323208	0.06187142237962014	0.04031531387971943	0.1230065984101346
0.8193868931522327	-0.1333712173306577	0.7503138676398483	0.9823033321997402	0.1041486967078902	0.2852210830287563	0.02108994494387109	-0.06012331164758022	-0.797568641090287	0.2189105068250458	0.1671685370620806	0.6442827985287343	0.724160789080188	-0.008852798122651802	-1.2872027261955	1.150213175087523	-1.017434709168619	-0.423670826721929	-1.177988896823911	0.7921958607760234	0.2235485533491212	0.05856528901204725	0.1231909774386075	0.03057977797788063	0.237457699236813	0.1045001990136886	0.02534861384078651	0.09343895575023105	0.08544767954913371	0.07565092304014059	0.1137761160651226	0.08496507703484962	0.09643042547492055	0.06906721109995173	0.06885839298776786	0.06931184989407636	0.05486763480926173	0.03579198653535071	0.1415612992418395	-0.0003169290533760658	0.05773809816154547	0.1252258335662368	0.03031922764473594	0.23931022332472	0.1054500703636215	0.02538181590307522	0.0931965518410284	0.08476554690893361	0.0771425455664087	0.1097425882392431	0.08580452291227196	0.09190603572745831	0.07278142099382023	0.06884936017352083	0.06526685689610015	0.06360150741284583	0.04155875634882121	0.119868555055382
0.8213565731838487	-0.1321064585543836	0.7517408025374729	0.9822846842999394	0.1016308951391387	0.2874907807086033	0.01909173589287892	-0.06098047149408928	-0.7998578206264596	0.2204432738491944	0.167618683525711	0.6399477061163732	0.7247409996185125	-0.01007779639689137	-1.269321551879769	1.154376079652554	-1.011530360359441	-0.4467152984064485	-1.146402136114466	0.7637936344170939	0.2335007192163524	0.05845718398437549	0.1234070692483364	0.03054694968251592	0.2376202572832364	0.1046100518685637	0.02535519199222597	0.09341034670223153	0.08536746732935382	0.0758292299201944	0.1133209956798057	0.08506257107126583	0.09590833035853487	0.06952057697424156	0.06886137757075558	0.0688302652924816	0.05602868464775343	0.03662146673566468	0.1391642934015068	-0.0002890621688562022	0.05753246150099762	0.1253261340982491	0.03030604827848372	0.2392467181769841	0.1056054105025214	0.02542053478781037	0.09315624186091931	0.08467740151713808	0.07733156574575778	0.1091649090203002	0.08588991844295946	0.09131946995494195	0.07332025653494566	0.06891847270813831	0.06488829112903918	0.06597366473358601	0.04364545536656956	0.1157540055836513
0.8233262532154645	-0.1308502293541377	0.7531689085284248	0.9822636454173003	0.09914849948130346	0.2897684404215679	0.01710517554344865	-0.06188319879510722	-0.8020846204890363	0.22191792573023	0.168088290134099	0.6356219798704694	0.7253499217999954	-0.01128057988282369	-1.251251788070711	1.15829770058185	-1.00560674353977	-0.4699398753768236	-1.114648974864646	0.733186149037396	0.2433082450277739	0.05833772848040266	0.1236110852556105	0.03051653581363703	0.2377625873934529	0.1047247449428989	0.02536576790982442	0.09338046255305804	0.08528636824658224	0.07600868057345374	0.1128526269021386	0.08515871025968516	0.09537877810438652	0.06998327107595229	0.06887189154120119	0.06835997874526838	0.05732828427693739	0.03760200553923609	0.1365848539276105	-0.0002611952843363387	0.05732682484044977	0.1254264346302614	0.03029286891223151	0.2391832130292482	0.1057607506414214	0.02545925367254551	0.0931159318808102	0.08458925612534256	0.07752058592510688	0.1085872298013573	0.08597531397364695	0.09073290418242556	0.07385909207607107	0.06898758524275576	0.06450972536197824	0.06834582205432618	0.04573215438431791	0.1116394561119206
0.8252959332470804	-0.129602516988356	0.7545982424609724	0.9822402619912952	0.09670183992315501	0.2920535835183001	0.01513030930178923	-0.06283167374624617	-0.8042486908837932	0.2233292225790264	0.168577073647268	0.6313085917613371	0.725988620543446	-0.01245535589448227	-1.233084437984685	1.161956670889977	-0.9996652074616103	-0.4930327981883971	-1.082689328941641	0.6988659518124943	0.252970837442344	0.05820838355958664	0.1238022801544653	0.03048919856272514	0.2378821427928411	0.1048429261422366	0.02538063263048605	0.09334899819486643	0.08520456193311859	0.07618910111499808	0.112370253407816	0.08525159760882151	0.09484628877753834	0.07045029654503689	0.06889234914399053	0.06791004435719376	0.05880540942085401	0.03881857527626542	0.1337793555003105	-0.0002406176455013432	0.05712332212151285	0.1254881931634677	0.03029507429954525	0.2390228084147653	0.1059009303467381	0.02551056337472699	0.09306757119551162	0.08450255188847682	0.07770885205944063	0.1079695138160566	0.08602422987994587	0.09021368435587535	0.07433054552695331	0.06911344673181467	0.06430932681580222	0.07167128412909371	0.04951417767234338	0.106356980764917
0.8272656132786964	-0.1283632396360261	0.7560288672183724	0.9822146046387441	0.0942908595747249	0.2943455901369071	0.01316711232196075	-0.0638250161214797	-0.8063495424573642	0.2246672166676656	0.1690847352749819	0.6270571765011811	0.7266606269871502	-0.01358950474336277	-1.215023284109407	1.165266817467346	-0.9937579027279967	-0.5154982265650506	-1.050457000623254	0.6587550059306139	0.2624769596911602	0.05807038912329509	0.1239800091420743	0.03046549374982016	0.2379766745301128	0.1049634335935324	0.02540002974504233	0.09331569200577947	0.08512220224231916	0.07637034332379503	0.1118732212764008	0.08533961156195048	0.09431475572841311	0.07091741584727949	0.06892480422374148	0.06748819079013155	0.06049257636916044	0.04034166673866781	0.1307091078733034	-0.0002200400066663477	0.05691981940257594	0.125549951696674	0.03029727968685898	0.2388624038002824	0.1060411100520547	0.02556187307690846	0.09301921051021303	0.08441584765161106	0.07789711819377439	0.1073517978307559	0.08607314578624478	0.08969446452932513	0.07480199897783556	0.0692393082208736	0.06410892826962619	0.07499674620386124	0.05329620096036885	0.1010745054179134
0.8292352933103123	-0.1271322400172647	0.7574608507910795	0.9821867618878495	0.09191521242683315	0.2966437134095876	0.01121547993612339	-0.0648616801079268	-0.8083865942141838	0.2259196775439118	0.1696109602799501	0.6229163217051074	0.7273691670758456	-0.01467074754178494	-1.197255708943558	1.168144507627122	-0.9879363790989368	-0.5369526521308534	-1.017888550951008	0.612112212015919	0.2718176619447983	0.057923596954672	0.1241439444900529	0.03044540653111181	0.2380475837357175	0.105086224577914	0.02542400867461432	0.09328037579141737	0.08503927613246473	0.07655234550397637	0.1113663510929027	0.08542434088683896	0.09378299398842758	0.07138622306094809	0.06896611042001988	0.067087308851053	0.06236542011700363	0.04218414958940352	0.1274317575482597	-0.000204039640878647	0.05669663436353296	0.1255783193578977	0.03030650400235872	0.238682695902968	0.1061851821088086	0.02562303645649685	0.09296413472806778	0.08432780546294692	0.07808596727279006	0.1067952569914815	0.08614054739787375	0.08915570129214344	0.07530126569511549	0.06933488063688435	0.0638411200970096	0.07836247330157962	0.05794733574015799	0.09644132146798398
0.8312049733419283	-0.1259092597564532	0.75889426751093	0.9821568509625087	0.08957417076079618	0.2989470259104998	0.00927519929477668	-0.06593957730224818	-0.810359116508982	0.2270751349812846	0.1701554157296195	0.6189144304783332	0.7281158444436665	-0.01568950983525989	-1.179885029656581	1.170535867977479	-0.9822314734089986	-0.5573663592959114	-0.9849342136881666	0.5602576790138164	0.2809880333683255	0.05776788100266631	0.1242938015488889	0.03042892430967315	0.2380961038699484	0.10521126241967	0.02545261066106108	0.09324290529278893	0.08495577242100577	0.07673505518223539	0.1108538116621658	0.08550714348059922	0.09324998331969236	0.0718580706801934	0.06901359013538125	0.06670132372186661	0.06440340963008026	0.04435609698636025	0.1239980241927485	-0.0001880392750909464	0.05647344932448997	0.1256066870191215	0.03031572831785845	0.2385029880056537	0.1063292541655625	0.02568419983608523	0.09290905894592252	0.08423976327428277	0.07827481635180575	0.1062387161522071	0.0862079490095027	0.08861693805496176	0.07580053241239543	0.06943045305289511	0.06357331192439303	0.081728200399298	0.06259847051994712	0.09180813751805461
0.8331746533735443	-0.1246940100328889	0.760329193300229	0.9821250008111115	0.08726689821304086	0.3012545393948065	0.007346024164649913	-0.06705669264515257	-0.8122663186142256	0.2281244913071244	0.1707177631146608	0.6150671550803127	0.7289014466432684	-0.01663796513146896	-1.16297351904924	1.172405174182025	-0.9766604767654545	-0.5768450746260773	-0.9515519435077081	0.5052011415520109	0.289984425312601	0.05760238037108405	0.1244293367296307	0.03041576181635269	0.2381235664969409	0.1053389694652562	0.0254858286913867	0.09320318470260451	0.08487179616709299	0.0769183336256378	0.1103394966279719	0.08558974269159525	0.09271389019780724	0.07233588083131129	0.06906424752977243	0.06632225470097999	0.06657071566862151	0.0468161974956588	0.1204790346457668	-0.0001720574854349354	0.05621801971626206	0.1256020608669116	0.03032760575476172	0.2383078032858198	0.1064856286624568	0.02575451241208641	0.0928479531314661	0.08415244059474121	0.07846266029275906	0.1057435325209401	0.08630216177525671	0.08804267513685322	0.07635676234779244	0.06948667312366226	0.06319756406185997	0.08484329896569864	0.06729938402889592	0.08826297580807825
0.8351443334051603	-0.1234861995891743	0.7617657038538312	0.9820913549875998	0.08499250468083661	0.3035652268241898	0.005427704381772945	-0.06821156564843671	-0.814107323756745	0.2290651413139826	0.1712976592715287	0.6113606990599281	0.7297250130330867	-0.01751281722065258	-1.146499829405918	1.17375860723843	-0.9712090913625565	-0.5957054251803376	-0.9177182580538734	0.4498773641524546	0.2988069429413704	0.05742636387079188	0.1245503379328047	0.03040567948450245	0.238131144584758	0.1054697087020278	0.02552365676128626	0.09316113184625216	0.08478743730729292	0.07710206265623608	0.1098267725791951	0.08567361174473141	0.092173136684604	0.07282213374570026	0.06911553381091094	0.0659432913401507	0.06883737825107575	0.04952986774692057	0.1169376833464185	-0.0001560756957789244	0.05596259010803414	0.1255974347147018	0.03033948319166499	0.2381126185659859	0.1066420031593512	0.02582482498808759	0.09278684731700966	0.08406511791519965	0.07865050423371238	0.105248348889673	0.08639637454101072	0.0874684122187447	0.07691299228318946	0.06954289319442943	0.0628218161993269	0.08795839753209928	0.07200029753784472	0.0847178140981019
0.837114013436776	-0.1222855614503291	0.7632038732923977	0.9820560605586007	0.08275014333660867	0.3058780777480286	0.003520015276136724	-0.06940318061817069	-0.8158812275275145	0.2298981099212629	0.171894760514292	0.6077803925980536	0.7305857374653073	-0.01831069998008088	-1.130451308645826	1.174602780287124	-0.9658616513844595	-0.614197898623721	-0.8834088181126847	0.3963046020795344	0.3074531425663821	0.0572394323462863	0.1246565605254424	0.03039856343075459	0.2381189684359538	0.105603660707082	0.02556616578361112	0.09311669434286328	0.08470275341433593	0.07728611584657254	0.1093152960889345	0.08575890872428421	0.0916276343327171	0.0733177841973104	0.06916739807191331	0.06556373481193613	0.07120332706951882	0.05251296658997397	0.1133968487649013	-0.0001408954204243108	0.05567957938114565	0.1255589144785503	0.03035570070319404	0.2378805100172192	0.1068078105145372	0.02590549470500867	0.09272014082976242	0.08397805563382239	0.07883704242498114	0.1047498935059031	0.08649595284305418	0.08688349169108613	0.07750313326610253	0.06959949465954639	0.06243427504939935	0.09129312081057889	0.07754161070401047	0.08156703145961729
0.8390836934683921	-0.1210918610931714	0.7646437746372405	0.982019274375167	0.08053894275499662	0.3081920886050021	0.001622768226929764	-0.07063087693200699	-0.8175870558765311	0.2306279111134356	0.1725087135787157	0.6043161914357502	0.7314835889319717	-0.01902752819361653	-1.11485934247772	1.174936327065874	-0.9606063687645713	-0.6323424071747997	-0.8485949274377956	0.3451216408381692	0.3159181728800656	0.05704124654582286	0.1247477914591989	0.03039431798143896	0.2380871513337784	0.1057409807207881	0.02561341500964655	0.09306982725614142	0.08461779375686408	0.07747038551097274	0.1088047701007988	0.08584576879840958	0.09107730750379942	0.073823643381112	0.0692197970069342	0.06518298902633515	0.07366851816127877	0.05577834480816961	0.1098767618616219	-0.0001257151450696972	0.05539656865425716	0.1255203942423988	0.03037191821472309	0.2376484014684526	0.1069736178697231	0.02598616442192974	0.09265343434251519	0.08389099335244515	0.07902358061624992	0.1042514381221332	0.08659553114509766	0.08629857116342754	0.07809327424901559	0.06965609612466335	0.06204673389947179	0.09462784408905853	0.0830829238701762	0.0784162488211327
0.8410533735000081	-0.1199048761775053	0.7660854810802774	0.9819811587853942	0.07835797768997377	0.3105062522133613	-0.0002642106574173382	-0.071893950360368	-0.819223796105203	0.2312594961143805	0.1731391583927901	0.6009584860193679	0.7324187474537953	-0.01965912355653396	-1.099768789724511	1.174756726137219	-0.9554315250481225	-0.6500814375240203	-0.8132471047380752	0.2965382888710386	0.3241968484141459	0.05683165865040881	0.1248240172091545	0.03039281284670024	0.23803571439824	0.1058816923369131	0.02566542623329651	0.09302052644338175	0.08453260870739909	0.07765480268708946	0.1082940114933757	0.08593436115702159	0.09052155471654544	0.07434113553965799	0.06927292826147133	0.06480057801510747	0.07623857951167036	0.05935876267038315	0.1063873373607567	-0.000111044699192854	0.05508878351748011	0.1254514962790128	0.03039179734339721	0.2373775012700542	0.107146641623583	0.02607668199168209	0.09258180504784334	0.08380427726434349	0.07920934540833116	0.1037329059277003	0.08670126272330898	0.08569345936175531	0.07872917383488509	0.06971718405517477	0.06164870386423855	0.09828287345848137	0.08983290494838525	0.07548628589144449
0.843023053531624	-0.118724409285886	0.7675290667216542	0.9819418874814504	0.07620617737116792	0.3128195528297034	-0.002141063961097228	-0.07319139435587046	-0.820790355989919	0.2317975158971365	0.1737857198437105	0.5976979041193372	0.7333917246645375	-0.02020102528071369	-1.085245615901869	1.174059980681472	-0.9503249943418355	-0.6672422596207501	-0.7773342682949691	0.2501160105499811	0.3322829007797248	0.05661054283207348	0.1248852243799371	0.03039393860842905	0.2379646746676224	0.1060258158850928	0.02572221759096035	0.09296878834231342	0.08444724137910023	0.07783930861913728	0.1077819978209652	0.08602483046635105	0.08995985897130045	0.07487147057411922	0.06932695999662004	0.06441609602267537	0.07891823238159619	0.06328091801294163	0.1029373120252934	-9.63742533160108e-05	0.05478099838070305	0.1253825983156267	0.03041167647207133	0.2371066010716558	0.1073196653774429	0.02616719956143445	0.09251017575317151	0.08371756117624182	0.07939511020041237	0.1032143737332674	0.08680699430152033	0.08508834756008309	0.07936507342075458	0.06977827198568619	0.06125067382900531	0.1019379028279042	0.09658288602659428	0.07255632296175626
0.84499273356324	-0.117550276868063	0.7689746063158425	0.9819016397957384	0.07408238339127533	0.315130971459438	-0.00400791651513773	-0.07452195765974888	-0.8222856033206617	0.2322460728602412	0.1744480150444729	0.5945198298361093	0.7344027157985473	-0.0206496954377861	-1.071343474395957	1.172849727360453	-0.9452690510702932	-0.6836735391360353	-0.7408293548772173	0.2056951612172613	0.3401715207118057	0.05637827604189748	0.124931635756319	0.03039758767189112	0.237873832089214	0.1061728990868721	0.02578373510615998	0.09291468608530627	0.08436176280582283	0.07802377883631585	0.1072695091520772	0.0861179566061564	0.08939108138858395	0.07541664015020808	0.06938092409583002	0.06402667685694824	0.08170454641537825	0.06753838922002656	0.09954336131535495	-8.010450651818105e-05	0.054456770903658	0.1252878073199474	0.03043510216803432	0.2367921577679013	0.1074912123252689	0.02626645399389922	0.09243500360920837	0.08363174421505955	0.07957886844599295	0.1027078268989375	0.08693039253109344	0.08445125959326315	0.08006211170825062	0.06982444309923341	0.06079956549809239	0.1057885192933787	0.1040369272239176	0.0699998598741914
0.8469624135948559	-0.1163823484891427	0.7704221740439711	0.9818606016142427	0.07198534151353286	0.3174395208217211	-0.005864831315321396	-0.07588409587753765	-0.8237083472040011	0.2326092456250567	0.1751256510642648	0.5913984271640523	0.735451088943463	-0.02100368111163321	-1.058081688623139	1.17114648307025	-0.9402343280082619	-0.6993033728199312	-0.7037147367277712	0.1634172857444011	0.3478598689096931	0.05613517819316643	0.1249634422755078	0.03040366969315833	0.237763008492248	0.1063225532709671	0.02584993350063804	0.09285828238688004	0.08427623377601924	0.07820810726324035	0.1067572194311829	0.08621440634469967	0.08881424291469908	0.07597833602249905	0.0694339969105725	0.06362987736523626	0.0845951006309115	0.07212567174492396	0.09622014010980287	-6.383475972035131e-05	0.05413254342661294	0.125193016324268	0.03045852786399731	0.2364777144641469	0.107662759273095	0.02636570842636398	0.09235983146524521	0.08354592725387726	0.07976262669157354	0.1022012800646076	0.08705379076066656	0.08381417162644321	0.08075914999574665	0.06987061421278065	0.06034845716717947	0.1096391357588531	0.1114909684212408	0.06744339678662652
0.8489320936264717	-0.1152205311746057	0.771871842990618	0.9818189600411942	0.06991378310517918	0.3197442459517763	-0.00771182914180671	-0.07727619494220728	-0.8250573767257083	0.2328914037860413	0.1758182319013432	0.5883040007160849	0.73653583236026	-0.02126258046938452	-1.045464658218517	1.168977268271276	-0.9351876603518334	-0.7140912571207451	-0.665977730221374	0.1235341943151901	0.355345910108227	0.05588235000794967	0.1249810205236224	0.03041222104425202	0.2376314936678203	0.1064737319687341	0.02592072861562422	0.09279971968674909	0.08419078644379453	0.07839203736399888	0.1062474764200766	0.08631511497980411	0.08822865482037456	0.07655796361200867	0.06948463488632235	0.063222542968966	0.08758369825675318	0.07701210664497327	0.09298355270401182	-4.569539709129968e-05	0.05380545352226063	0.1250761303771674	0.03048740167990409	0.2361077726342409	0.1078201622308373	0.02647302823638067	0.09228263855239321	0.08346235739255004	0.0799415909653363	0.1017384907193286	0.08720053910987707	0.08314910010505329	0.08151474631611995	0.06988832889601684	0.05982902285342381	0.1136162254771527	0.1192149540279852	0.06529540160136883
0.8509017736580877	-0.1140648166566921	0.7733236826366755	0.9817769004942007	0.06786646360912404	0.3220442761662611	-0.009548837675002893	-0.07869660565410921	-0.8263314610136451	0.2330977118396543	0.1765253577572073	0.5852017376098677	0.7376552133835086	-0.02142807969630747	-1.033469648196039	1.166379246459633	-0.9300913130356808	-0.7280509435846426	-0.6276158191192354	0.08639944964293288	0.3626287881971108	0.05562072622997911	0.124984694612762	0.0304232722094431	0.2374786588883289	0.1066255357804413	0.02599604992848593	0.09273912014612296	0.08410553389198545	0.07857535046935289	0.1057423075658929	0.08642088213381866	0.08763372547976939	0.07715671700210221	0.06953152466223993	0.06280198509389781	0.0906651981212174	0.08217252254332039	0.08984749724895232	-2.755603446224805e-05	0.05347836361790832	0.1249592444300667	0.03051627549581086	0.2357378308043349	0.1079775651885796	0.02658034804639735	0.09220544563954124	0.08337878753122278	0.08012055523909907	0.1012757013740496	0.0873472874590876	0.08248402858366337	0.08227034263649323	0.06990604357925304	0.05930958853966815	0.1175933151954524	0.1269389396347296	0.06314740641611113
0.8528714536897037	-0.1129152435263712	0.7747777599888168	0.9817346055653846	0.0658421753511905	0.3243387921436274	-0.01137573410507803	-0.08014370763889152	-0.8275293689097598	0.233233760964564	0.1772466280613095	0.5820566429927213	0.7388072848682665	-0.02150263314833044	-1.022067502411531	1.163391393613046	-0.9249077954396027	-0.7411990730101027	-0.5886304721915147	0.05224300003686843	0.369708248421547	0.05535171876652895	0.1249749868498414	0.03043691496612368	0.237303714932648	0.106776689602515	0.0260757781391751	0.09267665277985714	0.08402059232885926	0.07875782079355997	0.1052441549199173	0.08653250218017815	0.08702917817084577	0.07777546068460915	0.0695732672957768	0.06236600204625029	0.09383456396640789	0.08757355504516659	0.08682176475563139	-7.791453624248272e-06	0.05315766130943051	0.1248244779837014	0.03055161571967172	0.2353080506918074	0.1081126723832649	0.02669487140882362	0.09212723928082872	0.08329766909836243	0.08029430430556828	0.1008668727219074	0.08751837027214007	0.08179588622070796	0.08308047444363789	0.06989206809047074	0.0587267428424088	0.1216918930312685	0.1347498049196349	0.06134612274867301
0.8548411337213198	-0.1117719407995558	0.7762341364591175	0.9816922495140872	0.06383980035714379	0.3266270792786555	-0.01319229995418962	-0.081615924486478	-0.8286498832566238	0.2333055311942347	0.1779816434657631	0.5788348502439362	0.7399897334006645	-0.02149013211647028	-1.01121906714735	1.160054478184973	-0.9196017441736345	-0.7535524876408012	-0.5490308819626288	0.02113103698428638	0.376585476469589	0.05507652676853373	0.124952347615015	0.03045322628660201	0.237105963082212	0.1069260973918085	0.02615981333138627	0.09261246254599079	0.0839360611799118	0.07893925582744385	0.104755125939139	0.08665065419916124	0.08641477570087716	0.07841492952915795	0.06960867217931245	0.06191271733784783	0.09708762991545312	0.09318799248954623	0.08391480548701565	1.197312721375151e-05	0.05283695900095269	0.124689711537336	0.03058695594353258	0.2348782705792798	0.1082477795779502	0.02680939477124988	0.09204903292211619	0.08321655066550207	0.0804680533720375	0.1004580440697652	0.08768945308519258	0.08110774385775257	0.08389060625078253	0.06987809260168845	0.05814389714514947	0.1257904708670846	0.1425606702045402	0.05954483908123488
0.8568108137529357	-0.1106350813390883	0.7776928703213936	0.9816500010619158	0.06185827438838985	0.328908476709701	-0.01499827126793392	-0.08311169850917276	-0.8296918013143263	0.2333189900990477	0.178730006641689	0.575503861793595	0.7412001436424098	-0.02139497322449998	-1.000883504098328	1.156408843756741	-0.9141396468610413	-0.7651193239319849	-0.5088292020513008	-0.007024940667716454	0.3832623727596988	0.05479646367907205	0.1249174370118418	0.03047224232610367	0.2368849499609727	0.1070725849070856	0.02624798673563763	0.09254671733953587	0.08385199775729239	0.07911955883129239	0.1042768961247667	0.08677593174708947	0.08579034995831397	0.07907590273201845	0.06963683283482994	0.06144110077268301	0.100422456176037	0.09899075822289884	0.0811296016342197	3.320650667620614e-05	0.05252612456638265	0.1245416648795006	0.030628214134712	0.2343931830483446	0.1083576676498833	0.02692990311216251	0.09197041898244623	0.08313726701022774	0.08063801076416093	0.1000978801054859	0.08788426388046389	0.08039749856021743	0.08475718314534519	0.0698357500597844	0.05750972031092103	0.1300455583856663	0.150450854244526	0.05800046054021381
0.8587804937845516	-0.1095049196833119	0.7791540132938368	0.9816080162660483	0.05989664386147524	0.3311824279841764	-0.01679330090580486	-0.08462947505903635	-0.8306539591865468	0.2332796402854974	0.1794913272008917	0.572033976816106	0.7424359384886104	-0.02122240432833247	-0.9910173829191191	1.152493657444614	-0.9084916674174456	-0.7758937626253684	-0.4680428598669129	-0.03249051949482599	0.3897423224585343	0.05451264500826559	0.1248708248850308	0.03049399337528704	0.2366402733388403	0.1072151425743411	0.02634015705099276	0.09247956116086843	0.08376845108505901	0.07929864726541774	0.1038109096789571	0.08690884215174698	0.0851557572129092	0.07975904289778853	0.06965697739863927	0.06095027418067245	0.1038374708144835	0.1049614870608969	0.07846859426217873	5.443988613866077e-05	0.05221529013181261	0.1243936182216651	0.03066947232589142	0.2339080955174094	0.1084675557218163	0.02705041145307514	0.0918918050427763	0.0830579833549534	0.08080796815628434	0.09973771614120651	0.0880790746757352	0.07968725326268229	0.08562376003990783	0.06979340751788035	0.05687554347669259	0.1343006459042481	0.1583410382845118	0.05645608199919274
0.8607501738161674	-0.1083817483486842	0.7806176136641783	0.9815664440366336	0.05795401281669951	0.3334484275355219	-0.0185770038669774	-0.08616768695458299	-0.8315352174953288	0.2331925622369238	0.1802652196786021	0.5683972978195069	0.7436945081832291	-0.02097789684649065	-0.9815773453918591	1.148346696114827	-0.9026301917888099	-0.7858639357542286	-0.4266910847520766	-0.05561974014884053	0.3960293592069831	0.0542262226295763	0.1248132514156539	0.03051845674460257	0.2363718133086785	0.1073527385261331	0.02643611713650351	0.09241114362502799	0.08368541193282869	0.07947656920658724	0.1033581013319781	0.08704981101112229	0.08451092602779235	0.08046519757137761	0.06966867881315061	0.06044019042612288	0.1073346913818187	0.1110867368181336	0.07592906519632721	7.644913095073315e-05	0.05191637970951114	0.124236297872742	0.03071584420066736	0.2333734406323595	0.1085504505423013	0.02717567791100622	0.09181307552256128	0.0829795651110778	0.08097632066670221	0.09941867015929165	0.08829684614449407	0.07895604905537187	0.08655108683333705	0.06972763279903491	0.05620311606938336	0.1387772347791898	0.1664029687797186	0.05507972695522485
0.8627198538477834	-0.107265928159091	0.7820837128540441	0.9815254186704376	0.05602959742979006	0.3357060645278861	-0.02034892857664016	-0.08772472487270459	-0.8323344906783318	0.2330617965197854	0.1810513107327282	0.5645697036163212	0.7449732335750673	-0.02066710818896204	-0.9725213528874811	1.144002324129655	-0.8965321356686099	-0.7950096203059438	-0.3847956309680279	-0.07685050978488697	0.4021286813923526	0.05393817468568343	0.1247453560142275	0.0305456133495848	0.2360794622320286	0.1074844852982334	0.02653569359677694	0.09234159305470567	0.08360287239005035	0.07965336557633039	0.1029192749847232	0.0871992020143624	0.08385579585788547	0.08119508760790163	0.06967157303422122	0.05991080930830725	0.1109158668694383	0.117355687643551	0.07350847532814458	9.845837576280554e-05	0.05161746928720969	0.1240789775238188	0.0307622160754433	0.2328387857473096	0.1086333453627862	0.02730094436893731	0.09173434600234628	0.08290114686720219	0.08114467317712008	0.09909962417737678	0.08851461761325295	0.07822484484806147	0.08747841362676627	0.06966185808018945	0.05553068866207413	0.1432538236541315	0.1744648992749255	0.05370337191125696
0.8646895338793994	-0.1061578503659966	0.7835523488399161	0.9814850669792525	0.05412266887852155	0.3379549721231473	-0.02210859464916315	-0.08929895194635612	-0.8330507225539153	0.2328907920929863	0.1818492342411744	0.5605292845156796	0.7462695112054436	-0.02029563794455078	-0.9638081898527617	1.139492614089298	-0.8901770267098109	-0.8033121108165314	-0.3423789449984044	-0.09662061143150602	0.4080460130562036	0.05364962719594945	0.1246678894938851	0.03057544351892128	0.2357632606493148	0.1076093919419027	0.02663866414529378	0.09227103445123028	0.08352077290005967	0.07982919337867188	0.1024951520931144	0.08735738702174836	0.08319046513902252	0.08194961807296348	0.069665427696209	0.05936254913761262	0.114585821466919	0.1237629136635994	0.07120083873146393	0.0001208093093947441	0.05133422471162186	0.1239153574867159	0.03081366762310838	0.2322577346156618	0.108686136263754	0.02742996633915919	0.09165561092807106	0.08282266714626621	0.08131352012441567	0.09882118995696403	0.08875599654375149	0.07747546777616003	0.08847089302260662	0.06957444848766192	0.05482781263660009	0.1480140447077452	0.1827828652991074	0.05243196904554003
0.8666592139110153	-0.1050579571583652	0.7850235528785419	0.9814455015783753	0.05223260211756432	0.3401948602086508	-0.02385547558637139	-0.09088868708579829	-0.833682916317884	0.2326818714409604	0.1826586402529353	0.5562591588628701	0.7475808270944739	-0.01986869796479395	-0.9554000400157009	1.134843923688065	-0.8835502204239731	-0.8107564354452312	-0.2994637999076725	-0.1153501354010991	0.4137879453423773	0.05336153606028535	0.1245815007402178	0.03060793070756079	0.2354232428011222	0.1077266058568516	0.02674484272892689	0.09219957502593852	0.08343906250033724	0.08000418643980879	0.1020863519167146	0.0875246837521676	0.08251501939303055	0.08272955891234651	0.06965004440226233	0.0587957667033538	0.1183486684465821	0.1303041818255529	0.0690008012416632	0.0001431602430266826	0.05105098013603403	0.123751737449613	0.03086511917077348	0.2316766834840141	0.1087389271647219	0.02755898830938108	0.09157687585379586	0.08274418742533024	0.08148236707171125	0.09854275573655125	0.08899737547425002	0.07672609070425859	0.089463372418447	0.06948703889513441	0.05412493661112605	0.1527742657613589	0.1911008313232893	0.05116056617982308
0.8686288939426312	-0.1039667113150763	0.7864973529459228	0.9814068283528291	0.05035882115499528	0.3424254715252388	-0.02558902750548224	-0.09249223335053747	-0.8342301052425621	0.2324368394200597	0.1834791877879138	0.5517450879073996	0.7489047034484323	-0.0193912654918923	-0.94725997304194	1.130079593690871	-0.8766401588695876	-0.8173364359266754	-0.2560730510328768	-0.1333906204158054	0.4193614982011853	0.05307516000522983	0.1244869006612642	0.03064312658224692	0.2350594508895608	0.107835071203275	0.02685401326410532	0.09212732103949929	0.0833576625302526	0.08017854204430729	0.1016939908236253	0.08770155119315615	0.08182977430021945	0.08353580618810381	0.06962501539908052	0.05821076996687701	0.1222086504190894	0.1369743638710533	0.06690198664675073	0.0001656638767949168	0.05078970123295683	0.1235838617371405	0.03092271764577533	0.2310495063071866	0.1087567058266111	0.02769104376726488	0.09149825995123768	0.08266508757682593	0.08165300734620184	0.09831481788000711	0.08926532778349378	0.07596276233942632	0.09052447841278922	0.06937411934446996	0.05339131335549353	0.1578298622474244	0.1996532599170074	0.04997047037738767
0.8705985739742472	-0.1028846051437747	0.7879737706553864	0.9813691409508395	0.04850084269381873	0.3446466008147507	-0.02730868527473472	-0.09410789835468319	-0.8346913820961486	0.2321566890476318	0.1843105551639715	0.5469788222304728	0.7502387725572521	-0.01886768236116939	-0.9393543268875101	1.125215885442379	-0.8694422171947215	-0.82306173789173	-0.2122291527851197	-0.1510087938711623	0.4247743481976502	0.05279156714765888	0.1243847038479725	0.03068107445932799	0.234671920774861	0.1079338792107929	0.02696599490221853	0.09205436362781891	0.08327650569074134	0.08035242840894022	0.1013190277986993	0.08788838151132974	0.08113500208208724	0.08436912247243056	0.06958999292044193	0.0576078219425292	0.1261694031808122	0.143769455671871	0.06489874238980767	0.000188167510563151	0.05052842232987964	0.1234159860246681	0.03098031612077719	0.2304223291303591	0.1087744844885004	0.02782309922514868	0.09141964404867953	0.08258598772832164	0.08182364762069244	0.09808688002346296	0.08953328009273752	0.07519943397459405	0.09158558440713147	0.06926119979380552	0.05265769009986099	0.1628854587334899	0.2082056885107255	0.04878037457495225
0.8725682540058631	-0.101812139877324	0.7894528245402812	0.9813325275099396	0.04665822693989832	0.346858061953108	-0.02901387990958429	-0.09573400922506538	-0.8350658690808379	0.2318421177053835	0.1851524309848337	0.5419552277229622	0.7515807079742708	-0.01830200926565134	-0.9316503997023287	1.120265492212695	-0.8619554051791677	-0.8279537326177948	-0.167954597377888	-0.1683850073549343	0.4300343103250029	0.05251223900191848	0.1242755527808157	0.03072194153384223	0.234260564735386	0.1080218541838151	0.02708059443303162	0.09198080673370082	0.08319553671145272	0.080525990044836	0.1009633451215629	0.08808579547452174	0.08043129093095699	0.0852302505244148	0.06954415312232282	0.05698685381752221	0.130231033987677	0.1506785487862934	0.06298627376408976	0.000211225930640055	0.05029739383244307	0.1232452015949586	0.03104609746070426	0.2297464069934939	0.1087510901259719	0.02795775207111956	0.09134149853711081	0.08250639215275268	0.08199589008644334	0.09792755097936341	0.08983243890225195	0.07442811093354482	0.092716215629946	0.0691140898652193	0.05188812868905666	0.1681778036962356	0.2168526708193701	0.04767985256105844
0.874537934037479	-0.1007498212560474	0.7909345271527384	0.9812970662904666	0.04483061623681707	0.3490596918582535	-0.03070405026523801	-0.09736897681905959	-0.8353527475459126	0.2314934773849622	0.1860045243207788	0.5366760048828767	0.7529282811719148	-0.01769770763789842	-0.9241183412097947	1.115233269520464	-0.8541866822050221	-0.8320547913274328	-0.1232719365141011	-0.1856019480837936	0.4351491560841538	0.05223843212804739	0.1241600030206676	0.030765868054161	0.2338253039274429	0.1080979838124237	0.02719765015979434	0.09190673950075365	0.0831147083082978	0.08069935019432262	0.1006285604860378	0.08829432348472988	0.07971914712838461	0.08611982301022275	0.06948679378986659	0.05634780769808095	0.1343937083089684	0.1576928036107345	0.06116033104016604	0.000234284350716959	0.0500663653350065	0.1230744171652491	0.03111187880063133	0.2290704848566288	0.1087276957634434	0.02809240491709045	0.09126335302554209	0.08242679657718373	0.08216813255219424	0.09776822193526388	0.09013159771176639	0.07365678789249556	0.09384684685276054	0.06896697993663307	0.05111856727825233	0.1734701486589812	0.2254996531280147	0.04657933054716464
0.8765076140690951	-0.09969815054860505	0.7924188881494979	0.981262831193913	0.04301769123341176	0.3512513312750729	-0.0323786469411407	-0.09901127462443694	-0.8355512285173357	0.2311110559585675	0.1868665543309322	0.5311462951496849	0.7542793061264894	-0.017058005387717	-0.9167296016137262	1.110120257597674	-0.8461470151286655	-0.8354172957753292	-0.07820405862254358	-0.2026815047698136	0.4401261058885188	0.0519717688979113	0.1240386251812044	0.03081312188982555	0.2333659114579398	0.1081610429077252	0.02731699930894553	0.09183228283538089	0.0830340257165484	0.08087251879283232	0.1003172125924911	0.08851472335345484	0.07899940406296568	0.08703836479737684	0.06941671285178816	0.05569038325110316	0.1386519584400245	0.1647939945642719	0.05941811273691877	0.0002570648609466425	0.0498733121614386	0.1229017470047989	0.03118806895898587	0.2283425182172638	0.108657832893433	0.02822942292453477	0.09118636772098547	0.08234757380439008	0.08234014368359083	0.0976964095301139	0.0904667700256534	0.0728838936222282	0.09504616677725204	0.06877612401177732	0.05030899667672391	0.178892870235295	0.234037793830842	0.04558801949850277
0.878477294100711	-0.09865760637625597	0.7939059115505225	0.9812298881676899	0.04121920411562565	0.3534328137326671	-0.03403715998823145	-0.1006595379056367	-0.8356605844658451	0.2306951757490237	0.1877382571118863	0.5253782034028788	0.7556316762426838	-0.01638573215271223	-0.9094582524915702	1.104919921879561	-0.8378554802512049	-0.8381120621996831	-0.03277486872171094	-0.2195755506937075	0.4449708382283218	0.05171362452320874	0.1239119127626899	0.03086392774957549	0.2328821855338787	0.1082099760391034	0.027438505662179	0.09175754042203975	0.08295349341060866	0.08104550430615516	0.1000314823555056	0.0887476425373331	0.07827277843183147	0.0879863238325542	0.06933288564481661	0.05501432542821328	0.1430012548983724	0.1719671014753394	0.05775711181253754	0.000279845371176326	0.04968025898787071	0.1227290768443487	0.03126425911734041	0.2276145515778986	0.1085879700234225	0.02836644093197908	0.09110938241642885	0.0822683510315964	0.08251215481498742	0.09762459712496391	0.09080194233954041	0.07211099935196083	0.09624548670174356	0.06858526808692157	0.04949942607519551	0.1843155918116088	0.2425759345336692	0.04459670844984092
0.8804469741323269	-0.09762864916121532	0.7953955986401295	0.9811982995765325	0.03943493999906963	0.3556039616629355	-0.03567910718018395	-0.1023124995657254	-0.8356801195701203	0.2302462378032781	0.1886193755308067	0.5193868954185071	0.7569833253480537	-0.01568357893612688	-0.9022798317157673	1.099622493177536	-0.8293346955963365	-0.8402149547099576	0.01299105450598076	-0.2362235427583566	0.4496875481248324	0.05146546929007381	0.1237803844192049	0.03091856525707625	0.2323740152359249	0.1082437388591317	0.02756203240287916	0.09168265988094312	0.08287318575123243	0.08121816315940875	0.09977390365152684	0.08899385597581638	0.07754016704532032	0.088964162124854	0.06923408226263587	0.05431956253852585	0.147432401609174	0.1791901828156579	0.05617554395462412	0.0003006970808576829	0.04952853831438542	0.1225556524192715	0.03135203715315667	0.2268363367335799	0.1084704395037437	0.02850563325234346	0.09103448525582314	0.08219074533881046	0.08268126060456103	0.09764956671842681	0.09117631487713025	0.07134061233378072	0.09751458587429082	0.06834578284064347	0.04865269231723313	0.1897710181235829	0.2508341483947764	0.04372373573605556
0.8824166541639429	-0.09661169270482106	0.7968879453479976	0.9811681209061346	0.03766474604697582	0.3577645650354891	-0.03730407355973438	-0.103969105291058	-0.8356092048868549	0.2297648350405992	0.1895096591417145	0.5131927094263597	0.7583322418975329	-0.01495409355858537	-0.8951715509723793	1.094213019054957	-0.8206132715002308	-0.8418121520572598	0.05906735867144174	-0.2525398910610633	0.4542771330621905	0.05122854842768233	0.1236444887686937	0.03097726896877841	0.2318413013456091	0.108261430990682	0.02768746503799734	0.09160776779533097	0.08279316633597823	0.08139037284861446	0.0995466504267592	0.0892540256638161	0.07680234073742982	0.08997227469176886	0.06911925382266804	0.05360603447254202	0.1519377130315983	0.1864449723970002	0.05467179144424694	0.0003215487905390397	0.04937681764090011	0.1223822279941943	0.03143981518897292	0.2260581218892611	0.108352908984065	0.02864482557270783	0.09095958809521744	0.08211313964602453	0.08285036639413465	0.0976745363118897	0.09155068741472011	0.07057022531560062	0.09878368504683809	0.06810629759436536	0.04780595855927076	0.1952264444355569	0.2590923622558835	0.04285076302227019
0.8843863341955588	-0.09560712240093781	0.7983829449883172	0.9811394043576803	0.03590849838805345	0.3599143924450296	-0.03891168369139007	-0.1056284151017937	-0.8354472465838411	0.2292516571468857	0.1904088574405649	0.5068176134590957	0.7596764495084274	-0.01419977595007166	-0.8881116216391823	1.088674995665643	-0.8117216522353192	-0.8429890128391985	0.1054269364528984	-0.2684729184995624	0.4587384484650355	0.05100379730549159	0.1235047224514742	0.03104020502069851	0.23128446511524	0.1082624895849136	0.02781468118770569	0.09153302749531943	0.08271354306351553	0.08156191473987812	0.09935127084021687	0.08952875129095873	0.07606002876108267	0.0910113111432341	0.06898766794265285	0.0528744568423332	0.156508330425255	0.1937129013344777	0.0532435013992459	0.0003394875601753317	0.04926287266719628	0.1222095544569378	0.03153840458564527	0.225241011909736	0.1081927736343851	0.02878591464315191	0.09088760756348278	0.08203801960540612	0.08301470206173464	0.09778771160167271	0.09196407503321007	0.06980258979253022	0.1001279166650477	0.06782228841557296	0.04693505740271362	0.2006787383873089	0.2670265106777723	0.04208174265572654
0.8863560142271747	-0.09461526420936724	0.7998805857333547	0.9811121955185996	0.03416613060403768	0.3620531681173657	-0.04050164396747966	-0.107289713061999	-0.8351937242516906	0.2287075091635511	0.1913167117533988	0.5002849021120171	0.7610140088337747	-0.01342316298989876	-0.8810780810092563	1.082991137068128	-0.8026917100009939	-0.8438307988413538	0.1520409795501133	-0.2839864369127509	0.4630664172043462	0.05079200678017937	0.1233615150768399	0.03110751274393374	0.230703877974035	0.1082464282931143	0.02794357843748795	0.0914585790238356	0.08263440820815104	0.08173260225487679	0.09918908827369904	0.08981854499599233	0.07531385773436135	0.09208182647239969	0.06883869912887307	0.05212544041648736	0.1611368317322564	0.200978376239324	0.05188857968116678	0.0003574263298116236	0.04914892769349244	0.1220368809196812	0.03163699398231761	0.2244239019302109	0.1080326382847054	0.02892700371359599	0.09081562703174814	0.08196289956478772	0.08317903772933462	0.09790088689145572	0.09237746265170001	0.06903495426945983	0.1014721482832574	0.06753827923678055	0.04606415624615647	0.2061310323390609	0.2749606590996611	0.04131272228918288
0.8883256942587907	-0.09363641309252346	0.8013808532285744	0.9810865366522281	0.03243760482947989	0.3641805933064602	-0.04207370305288205	-0.1089523932984452	-0.8348481557661592	0.2281332107815372	0.1922329554484139	0.4936173427321423	0.7623430140611752	-0.01262678479863875	-0.8740489263525765	1.077144943374615	-0.7935545824908855	-0.8444176745192171	0.1988802593384736	-0.299099349782542	0.4672544087811963	0.05059330212490774	0.123215366869533	0.03117914503426041	0.2301008515671576	0.1082133714730515	0.02807403603374468	0.09138457130202436	0.08255583272758363	0.08190229699721378	0.09905983957400342	0.09012362620766912	0.07456427571493497	0.09318475284980005	0.068672550702466	0.05136084942531259	0.165818232030528	0.2082329213116563	0.05060294564646249	0.0003710978082878096	0.04906269872909024	0.1218668656109268	0.03174360588940826	0.2235890331893031	0.1078405791298217	0.02906956211413617	0.09074690767310252	0.08189000914640983	0.08333920257307038	0.09807510082080478	0.09282534788398672	0.06826773833844943	0.1028993480854901	0.06722325643881215	0.04519083752603273	0.2116166339938968	0.2826885208945121	0.04061194345053808
0.8902953742904066	-0.09267080852629239	0.8028837281804001	0.9810624633081817	0.03072294372541259	0.366296331229202	-0.04362768603143449	-0.1106160487238691	-0.8344101365466858	0.2275294852144275	0.1931573014852614	0.4868344247775836	0.7636616097220502	-0.01181322423421314	-0.8670000673249564	1.071123946505081	-0.7843373299891035	-0.8448208628479293	0.2459149499532333	-0.313866217989726	0.4712935116699359	0.05040778727561569	0.123066710548917	0.03125506232908078	0.2294765449433654	0.1081634243554295	0.0282059529131198	0.0913111320057523	0.08247787729293576	0.08207088081649318	0.09896328992638946	0.09044418209928726	0.07381166769773155	0.09432088603486469	0.06848939438448477	0.0505822730834132	0.1705483676132139	0.2154693389256091	0.04938304095058894	0.0003847692867639956	0.04897646976468806	0.1216968503021723	0.0318502177964989	0.2227541644483954	0.1076485199749381	0.02921212051467635	0.0906781883144569	0.08181711872803193	0.08349936741680615	0.09824931475015386	0.09327323311627343	0.06750052240743902	0.1043265478877228	0.06690823364084374	0.04431751880590899	0.2171022356487327	0.290416382689363	0.03991116461189327
0.8922650543220226	-0.09171866555883272	0.8043891888777949	0.9810400076379976	0.02902220223056007	0.3684000301251679	-0.04516345207161856	-0.1122803623869208	-0.8338793013072737	0.2268969560547935	0.1940894505026693	0.4799528752224632	0.764967978514013	-0.01098505206645878	-0.8599060155708743	1.064918771349953	-0.7750636160047989	-0.8451054883977674	0.293115413420421	-0.3283828128737531	0.4751745984721208	0.05023472494146266	0.1229160734971025	0.03133496526443488	0.2288333240675121	0.1080974157659902	0.02833919400991275	0.09123837528490303	0.08240052409315168	0.0822384088662816	0.09889708257068576	0.09077991423449443	0.07305626176052835	0.09549127543836199	0.06829050947337982	0.04979268632237675	0.1753269007770429	0.2226912413908492	0.04822306087204101	0.0003934703992722989	0.04890409301882907	0.1215318590268875	0.03196065069522004	0.2219294751726733	0.107438095615422	0.02935547373432571	0.09061265521005285	0.08174514810099974	0.08365826763807867	0.09844562122740666	0.09374718734987166	0.06673147745385401	0.1058427247711295	0.06658155342690357	0.04346684702530045	0.222692240969084	0.2981551478498041	0.03923706904775991
0.8942347343536385	-0.09078016481828759	0.8058972089518769	0.98101919508908	0.02733550714973879	0.3704913240003906	-0.04668091087136838	-0.1139451716766973	-0.8332553613465699	0.2262359559168177	0.1950290799914933	0.4729821807928736	0.7662603905159941	-0.01014480320068775	-0.8527375288973432	1.058527952787535	-0.7657482591621639	-0.8453239681436425	0.3404529630995189	-0.3427749656528039	0.4788891685460634	0.05007348861688855	0.1227639119108006	0.03141860267473288	0.2281732807537871	0.1080160579229451	0.02847364626342126	0.09116639899144056	0.08232375787974748	0.08240492815954306	0.09885918532325554	0.09113056737556924	0.07229825399157244	0.09669681713331722	0.06807698512032057	0.04899462377893193	0.1801536008849121	0.2299016440977427	0.04711799483350769	0.0004021715117806022	0.04883171627297007	0.1213668677516028	0.03207108359394118	0.2211047858969511	0.1072276712559059	0.02949882695397506	0.09054712210564882	0.08167317747396755	0.08381716785935117	0.09864192770465947	0.09422114158346988	0.06596243250026899	0.1073589016545362	0.06625487321296339	0.0426161752446919	0.2282822462894354	0.3058939130102452	0.03856297348362655
0.8962044143852544	-0.08985547699044569	0.8074077597868374	0.9810000477866231	0.02566302520684205	0.3725698476991024	-0.04817998852787546	-0.1156103796998854	-0.8325380653288312	0.2255466453878602	0.1959758565183806	0.4659274518086461	0.7675371644990258	-0.009294984524138869	-0.845462799380351	1.05195474607554	-0.7564007535236319	-0.845524380454773	0.387899653946064	-0.3571731840936367	0.4824293004588095	0.04992266589528907	0.1226108105221795	0.03150545249784936	0.2274997755002212	0.107920716633647	0.02860913872002155	0.09109530986958896	0.08224750793360376	0.08257060751002956	0.09884548888854229	0.09149527698914467	0.0715378850188544	0.09793823262407773	0.06785099973193998	0.04819181621457689	0.1850303057093539	0.2371123235447859	0.04606143462062996	0.0004059556577185896	0.04875930399167959	0.1212099374828518	0.03218067304179272	0.2203206911797489	0.1070119421307589	0.02964190440699926	0.09048506411608229	0.08160112426687413	0.08397702300650292	0.09881981941798217	0.09470989358486613	0.06519258139514413	0.1089624832840304	0.06593675268823664	0.04181111961742905	0.2340197221595381	0.313840887254364	0.03788644956942946
0.8981740944168705	-0.08894477172324439	0.8089208085254896	0.9809825814159349	0.02400501288598712	0.3746352577016273	-0.04966062095480293	-0.1172760012184866	-0.8317272325777876	0.2248288327572684	0.1969294278048433	0.4587843692714871	0.7687967515444297	-0.008437993503235793	-0.8380452753665819	1.045212372545382	-0.7470190821557795	-0.8457436825294425	0.4354296186811185	-0.3717152746462086	0.4857885646069781	0.04978105934314401	0.1224572750942989	0.03159507677222863	0.226815779922867	0.1078125672384971	0.02874552824668384	0.09102519941134633	0.08217171376421931	0.08273559096355361	0.09885245938241234	0.09187330432704074	0.07077536153403495	0.09921613985476527	0.0676144095484127	0.04738744015494613	0.1899586364188352	0.244333293535552	0.04504787825325954	0.0004097398036565768	0.0486868917103891	0.1210530072141009	0.03229026248964426	0.2195365964625466	0.1067962130056119	0.02978498186002346	0.09042300612651576	0.08152907105978072	0.08413687815365467	0.09899771113130487	0.09519864558626238	0.06442273029001926	0.1105660649135247	0.06561863216350988	0.04100606399016622	0.2397571980296408	0.321787861498483	0.03720992565523239
0.9001437744484864	-0.08804822752803987	0.8104363203141091	0.9809668085352174	0.02236177659081769	0.376687231265704	-0.0511227375362583	-0.1189420975457742	-0.8308227157642964	0.2240821608855133	0.1978894334019983	0.4515439952662071	0.7700376777394324	-0.007576178884291781	-0.8304458724347582	1.038318949801458	-0.7375955740384693	-0.8460166730330737	0.4830180391315571	-0.386509559546367	0.4889602412135934	0.04964697640772709	0.1223039839910687	0.03168682519451071	0.2261252924789526	0.1076932065468216	0.02888258469291264	0.09095623627129021	0.08209636690405624	0.08289990757812481	0.0988750055592581	0.09226320612292767	0.07001132262512172	0.1005301600038466	0.06736993627853971	0.04658556166174625	0.1949384708745197	0.2515774906813384	0.04407182919643891	0.0004104284129775789	0.04860464615578007	0.120908073050525	0.03239502721166072	0.2188192818228298	0.1065845444226583	0.02992620874073943	0.09036593106678208	0.08145777562862411	0.08429584545778387	0.09912412924258986	0.09568852346774814	0.06365982101921416	0.1122400744052446	0.06532640424657279	0.04026520872201114	0.2456096508579589	0.3300281097527698	0.03652440422695314
0.9021134544801023	-0.08716605749938658	0.8119542566980175	0.980952735765511	0.02073372949305407	0.3787255047041932	-0.05256623373838504	-0.1206088112329445	-0.8298244294452594	0.2233060093936839	0.1988554934648314	0.4441889313384236	0.7712586745106402	-0.006711713275138764	-0.822622361852095	1.031301333689121	-0.7281120709265744	-0.8463704247252596	0.5306426030473766	-0.401648213305806	0.491936279614998	0.04951898341835098	0.1221515238871432	0.03178015222527337	0.2254318487550968	0.1075640095354942	0.02902011531803091	0.09088856500188248	0.08202146009781318	0.08306358213054024	0.09890875408548057	0.09266374931188917	0.06924631620092396	0.1018799758905176	0.06711989982723954	0.04578963949613597	0.1999697633723365	0.2588560026034161	0.04312858215792118	0.000411117022298581	0.04852240060117104	0.1207631388869491	0.03249979193367719	0.218101967183113	0.1063728758397047	0.03006743562145539	0.09030885600704838	0.08138648019746753	0.08445481276191308	0.09925054735387485	0.09617840134923393	0.06289691174840904	0.1139140838969645	0.06503417632963572	0.03952435345385606	0.2514621036862771	0.3382683580070567	0.0358388827986739
0.9040831345117183	-0.0862985003196398	0.813474577621112	0.9809403669201932	0.01912134142963859	0.3807498524566547	-0.05399097778982495	-0.122276319252996	-0.8287323167224686	0.2224996654641393	0.1998272169094643	0.4366987386590486	0.7724586010974992	-0.005846671779234603	-0.8145320053476734	1.024189461929343	-0.7185465348391081	-0.8468307776287197	0.5782821131834723	-0.4171765372681853	0.4947068841150275	0.04939558047227244	0.1220007050821234	0.03187440289945635	0.224739556798879	0.1074264586676184	0.02915780828305248	0.09082246166081358	0.08194712018863408	0.0832263424270287	0.09894848884352075	0.09307288802118456	0.06848177649205188	0.1032631411581659	0.06686721227846748	0.04500374932624203	0.205046669447726	0.2661761804794425	0.04221464764391684	0.0004106639751621594	0.04842733921740399	0.1206352064222542	0.0325972503181263	0.2174683736259033	0.1061690764014893	0.03020465879671393	0.09025931819433275	0.08131830495264505	0.08460766111847588	0.0993043049238523	0.09665306955817629	0.06215692273203272	0.1156193056835859	0.06478104682863244	0.03886205878000423	0.2573077907115966	0.3467402374992817	0.03515854032237733
0.9060528145433342	-0.08544585349438409	0.8149972404588136	0.9809297007433824	0.01752519154098328	0.3827601323500273	-0.05539677303926518	-0.1239448588127411	-0.8275463732438209	0.2216623361013436	0.2008041813479761	0.4290490591902634	0.7736366420526556	-0.004982839516242651	-0.8061342970043819	1.017016900708718	-0.7088715948237173	-0.8474177669631722	0.6259177500841324	-0.4331103114495204	0.497258011408498	0.04927549769129982	0.1218522282378231	0.03196902773427366	0.2240520481759264	0.1072818308776456	0.02929540237746569	0.09075816284511548	0.08187345561619101	0.08338795605160307	0.09898973150058318	0.09348887426121096	0.06771893186449685	0.1046775801142521	0.06661435579786851	0.04423135347837503	0.2101642476955521	0.2735443907789622	0.04132704135815378	0.0004102109280257379	0.04833227783363694	0.1205072739575592	0.0326947087025754	0.2168347800686937	0.105965276963274	0.03034188197197248	0.0902097803816171	0.08125012970782257	0.08476050947503869	0.09935806249382974	0.09712773776711864	0.0614169337156564	0.1173245274702072	0.06452791732762916	0.03819976410615239	0.2631534777369161	0.3552121169915066	0.03447819784608076
0.9080224945749501	-0.08460844764796137	0.8165222016237349	0.9809207337249707	0.0159459113569947	0.3847562473216203	-0.05678338532303458	-0.1256146922005724	-0.8262666186381922	0.2207932368829631	0.2017859446702059	0.4212152946174627	0.7747921775872905	-0.004121841800677594	-0.7973916732376108	1.009817154518288	-0.6990591842332849	-0.848149468263502	0.673531633969876	-0.4494205689019977	0.4995740730241117	0.04915774130483792	0.1217070747816158	0.03206344532435688	0.2233732502195638	0.1071312643312652	0.02943247798422768	0.09069602885287117	0.08180067347999212	0.08354797024972262	0.09902768202468426	0.09390904237227921	0.06696016098827694	0.1061181014038912	0.06636423033795227	0.04347632076344567	0.2153092722056733	0.2809581642310244	0.04046451103806734	0.0004077247553921261	0.0482273153820155	0.1204025779558742	0.03278361264834791	0.2162959156796673	0.1057684653222855	0.0304722287020546	0.09017031493172299	0.0811869624219498	0.08490301602932053	0.09932731338440991	0.09756821962267677	0.06072116931792085	0.1190007017217112	0.06432428533398941	0.03762689160674693	0.268806729231681	0.3637269484710745	0.03382761583565335
0.9099921746065661	-0.08378667534080536	0.8180494164930125	0.980913458585382	0.0143842190421976	0.3867381844643832	-0.05815050868032094	-0.1272861210516732	-0.8248931172839983	0.2198916990046907	0.2027720203855093	0.4131748756468699	0.7759250387883712	-0.003264923515034357	-0.7882757181195715	1.002620807569587	-0.6890826927397719	-0.8490377734090686	0.7211075664141408	-0.4660482374785125	0.5016368597207848	0.04904147017331593	0.1215660931771344	0.03215716783672432	0.2227066330614932	0.1069757395728001	0.02956868353161014	0.09063636844969776	0.08172895082522144	0.08370599837001182	0.09905821951233264	0.09433111428978494	0.06620749935951208	0.1075802922349652	0.06611930702953342	0.04274193192659977	0.2204704507668763	0.2884154462362962	0.03962598050283887	0.0004052385827585142	0.04812235293039407	0.1202978819541891	0.03287251659412042	0.2157570512906408	0.105571653681297	0.03060257543213671	0.09013084948182887	0.08112379513607701	0.08504552258360237	0.09929656427499008	0.09800870147823489	0.06002540492018532	0.1206768759732152	0.06412065334034969	0.03705401910734147	0.274459980726446	0.3722417799506423	0.03317703382522594
0.9119618546381821	-0.08298095797356228	0.8195788403723638	0.9809078665318269	0.01284086691876399	0.3887059699327609	-0.05949780283491091	-0.1289594605026469	-0.8234259543160045	0.2189571511519665	0.2037618975480259	0.4049073845150428	0.7770352971736739	-0.002413165389863798	-0.7787638070633223	0.9954558336290079	-0.6789175484195589	-0.8500910536960929	0.7686297937755472	-0.4829061769005904	0.503428332173537	0.04892617682582661	0.1214304749727008	0.03224966534695773	0.2220559699392616	0.1068160565248866	0.02970346151181038	0.09057958893595894	0.08165848900227006	0.08386159302063061	0.09907695694405264	0.0947518561864492	0.06546401852811565	0.1090563224388521	0.06588246506710117	0.04203169602261259	0.2256285742614109	0.2959030528873139	0.03881188771059493	0.0004012262738618692	0.048011919874462	0.120224028581458	0.03295153690311586	0.2153238629126299	0.1053797828409764	0.03072229202534654	0.09010363427928193	0.08106629880640046	0.08517608623778948	0.0991709558286854	0.09839455917136002	0.05939412887932785	0.1222542504894486	0.06397672607414259	0.03657827276603461	0.2797288548351427	0.3805382053538756	0.03257945113156096
0.9139315346697979	-0.08219176296897303	0.8211104294077315	0.9809039463199309	0.01131664952949643	0.3906596945949373	-0.06082487058189896	-0.1306350379640597	-0.8218652558184233	0.2179892784604501	0.20475501964265	0.3963981908784971	0.7781235210530926	-0.001567353150466764	-0.7688464109033153	0.9883435410490548	-0.668544969336062	-0.8513102857325434	0.8160828862566438	-0.4998862246835891	0.504931826719105	0.0488114317932361	0.1213012500354191	0.03234049312839826	0.2214245924815212	0.1066529043967449	0.02983634470823776	0.0905260393069636	0.08158946011769756	0.08401437202300903	0.09908012668937619	0.09516850327678421	0.06473234422109554	0.1105395276748586	0.06565615656609544	0.04134858189903008	0.2307671515862649	0.3034096571540268	0.03802259324362229	0.0003972139649652242	0.04790148681852994	0.1201501752087269	0.0330305572121113	0.2148906745346189	0.1051879120006558	0.03084200861855636	0.090076419076735	0.08100880247672392	0.08530664989197659	0.09904534738238072	0.09878041686448517	0.05876285283847039	0.1238316250056821	0.06383279880793551	0.03610252642472776	0.2849977289438395	0.3888346307571089	0.03198186843789596
0.9159012147014138	-0.08141957505010683	0.8226441406548813	0.9809016857650873	0.009812369552757336	0.3925994751105718	-0.06213129196513459	-0.1323131791281572	-0.8202111680633105	0.2169879143415541	0.2057508087173999	0.3876355432980576	0.779190509695503	-0.0007282034536257777	-0.7585203419070844	0.9813021497086184	-0.6579490761185662	-0.852691811462793	0.8634511038712622	-0.516873888729578	0.5061312601069882	0.04869694689629491	0.1211798325175101	0.03242908625617145	0.2208161303503518	0.1064869255669603	0.02996662317611648	0.09047619771494776	0.0815220935807866	0.08416382928993255	0.09906344865954818	0.09557742520814763	0.06401572277488016	0.1120203359713084	0.06544331478533498	0.04069561196739556	0.2358646011556077	0.3109134608637956	0.03725937507516353	0.0003962538505456479	0.04778736096385399	0.1201157871565104	0.03309717034343881	0.2145738173559114	0.1050010234982825	0.0309465965458126	0.09006423538222649	0.08095821704109862	0.08542255274901676	0.09881052797418449	0.09909213788005862	0.05820988235971431	0.1252460821046188	0.06376001008359641	0.03572838229682992	0.2897402682827296	0.3966448851505964	0.03145251623505565
0.9178708947330297	-0.08066490236956618	0.8241799338254286	0.9809010708148793	0.008328822559008462	0.3945254685305159	-0.06341661288063766	-0.1339941900392667	-0.8184638804616817	0.2159532037116805	0.2067486458796644	0.3786133505260094	0.7802374864450855	0.0001035784733510437	-0.747794202535832	0.9743441987715596	-0.6471197428954626	-0.8542243238707421	0.9107173360749761	-0.53374642313233	0.5070115374407318	0.04858247827197996	0.1210674443213694	0.03251497051794017	0.2202337854889616	0.1063186735190383	0.03009370178658644	0.09043047380598364	0.08145658546206525	0.08430953239069247	0.09902324464165335	0.09597551621059128	0.06331692551447997	0.1134905879584354	0.06524643598808175	0.0400753358455251	0.2409022942739165	0.3183955960051535	0.03652330495415233	0.0003952937361260716	0.04767323510917804	0.1200813991042938	0.03316378347476632	0.2142569601772039	0.1048141349959093	0.03105118447306883	0.09005205168771797	0.08090763160547333	0.08553845560605695	0.09857570856598827	0.09940385889563208	0.05765691188095825	0.1266605392035555	0.06368722135925733	0.03535423816893209	0.2944828076216197	0.4044551395440839	0.03092316403221533
0.9198405747646458	-0.07992825925552814	0.8257177703756089	0.9809020864920148	0.006866788936373527	0.396437846553654	-0.06468036777652153	-0.1356783588179184	-0.8166236053551433	0.2148854487382126	0.2077478926874546	0.3693277460764302	0.7812658530385678	0.0009272105917938873	-0.7366814671207755	0.9674802733481284	-0.6360490648992572	-0.8558921596325374	0.9578634293657394	-0.5503894773039066	0.507557792425712	0.04846777198340179	0.1209656505660622	0.03259751955154298	0.2196809811967658	0.1061487474596068	0.03021675842515063	0.09038940621403208	0.08139316906698953	0.08445093688538213	0.09895531609913651	0.09635903649891195	0.06263894414630916	0.1149401424450076	0.06506846350475169	0.03949019605043975	0.2458592503414924	0.3258289765704357	0.03581578579707308	0.000397755273700369	0.04755492794033171	0.1200945754906844	0.03321491329868462	0.2140652715033683	0.1046337999030337	0.03113622120738525	0.09005775827402208	0.08086487364926785	0.08563712226264225	0.09821734371210675	0.09962563743533191	0.05718938162366851	0.1278626370125673	0.06369648406668213	0.03508306693689563	0.2986124525425531	0.4115471271008101	0.0304686338888888
0.9218102547962618	-0.07921016565499317	0.8272576158302716	0.9809047153643905	0.00542700372419565	0.3983368054972326	-0.06592207477656813	-0.1373659241611512	-0.8146906063504121	0.213785249971796	0.2087478719805564	0.3597783168266909	0.7822773063113838	0.001741605883954112	-0.7252031995729685	0.9607185364501424	-0.6247325141843539	-0.8576733388132679	1.004868497955566	-0.5666901526177395	0.5077554051302515	0.04835261317029328	0.1208758030747238	0.03267620743452337	0.2191607339592723	0.1059776636466091	0.03033510370393584	0.09035345632206337	0.08133204376627562	0.08458757743394253	0.09885605156110769	0.09672478382831307	0.06198432782790637	0.116360336595144	0.06491189972614549	0.03894224504402399	0.2507172451220194	0.3331900063733573	0.03513799263948159	0.0004002168112746663	0.04743662077148537	0.1201077518770751	0.03326604312260291	0.2138735828295326	0.1044534648101582	0.03122125794170168	0.0900634648603262	0.08082211569306234	0.08573578891922756	0.09785897885822524	0.09984741597503176	0.05672185136637877	0.129064734821579	0.06370574677410694	0.03481189570485919	0.3027420974634866	0.4186391146575362	0.03001410374556227
0.9237799348278778	-0.07851114086244664	0.8287994380404221	0.9809089384822026	0.004010171696675113	0.4002225515207283	-0.06714124723896035	-0.1390570934061079	-0.8126651753387729	0.2126533473067478	0.2097478873909137	0.3499664142601073	0.7832736751655937	0.002545530220685413	-0.7133840619268316	0.9540659331392358	-0.613167328919896	-0.8595423577108964	1.051710292134188	-0.5825504029825267	0.507589426071369	0.0482369084209057	0.1207994157707435	0.03275046448831399	0.2186759825431374	0.1058058332237983	0.03044791967201702	0.09032320963788287	0.08127351133047943	0.08471886038309442	0.09872196381979548	0.09706923726215128	0.06135571515084089	0.1177412631401133	0.06477943775586043	0.03843332355694293	0.2554569243107447	0.3404497978132691	0.03449100738549232	0.0004019627144392727	0.04731586261547767	0.1201733421930547	0.03330028189830035	0.2138092193327502	0.1042784200203793	0.03128376270612152	0.09008990178849238	0.08078925676272299	0.08581431219524897	0.09737463511907268	0.09996903849642015	0.05634439315842379	0.130017914343193	0.06380360643418663	0.03464279093790318	0.3062000579092214	0.4248399830831178	0.02963428062362982
0.9257496148594936	-0.07783169637139714	0.8303432099562271	0.9809147332022058	0.002616924861780939	0.4020953064525071	-0.06833739555037406	-0.1407520001303746	-0.8105476665305037	0.2114907293378877	0.2107472019648312	0.3398966258986209	0.784257014116381	0.003337405144963198	-0.7012548100022749	0.9475274527491168	-0.6013540055078367	-0.8614685420362117	1.098363603419212	-0.5978788593550908	0.5070438982494091	0.04812057870178971	0.1207377955343928	0.03281981220377166	0.2182293124549109	0.1056336103899503	0.03055452012623446	0.0902991675884279	0.08121782961175461	0.08484427819797677	0.09855004890427269	0.09738937827980236	0.06075534912373124	0.1190744352768223	0.06467336421316723	0.03796497008092375	0.2600613562811691	0.3475830136431613	0.03387573088307297	0.000403708617603879	0.04719510445946996	0.1202389325090343	0.03333452067399779	0.2137448558359677	0.1041033752306003	0.03134626747054135	0.09011633871665857	0.08075639783238361	0.08589283547127037	0.09689029137992013	0.1000906610178086	0.0559669349504688	0.130971093864807	0.06390146609426632	0.03447368617094717	0.3096580183549562	0.4310408515086993	0.02925445750169738
0.9277192948911095	-0.07717233641594586	0.8318889073041387	0.9809220747177702	0.001247852589181203	0.4039552978009	-0.06951003201695866	-0.1424507355444474	-0.8083384681187729	0.2102984933616668	0.2117450572103538	0.3295761208651295	0.7852295014856986	0.004115589180213656	-0.6888503124901991	0.9411058687176191	-0.5892957955066196	-0.8634180091538	1.144802128844431	-0.6126019714976391	0.5061011574594753	0.04800394063184398	0.1206921436688007	0.03288392090824064	0.2178227178892641	0.1054609953353478	0.03065424714960233	0.09028196551078889	0.08116526064056817	0.08496296353492326	0.098338343353622	0.0976822206912959	0.06018557857058658	0.1203508099844947	0.06459578237562515	0.03753846213914917	0.26451302561385	0.3545622824178535	0.03329270758717556	0.0004030223106498699	0.04707834641333689	0.1203566744492327	0.03335361463919959	0.2137983678851743	0.1039275554969895	0.03138576812272575	0.09016657833335227	0.0807338534536171	0.08594412460110008	0.09629509702936798	0.1001085695215377	0.0556840962358936	0.1316520008864028	0.06408780778155462	0.03440434405378263	0.3124004335238698	0.4362530028079376	0.02894468206805767
0.9296889749227255	-0.07653353846097778	0.8334365118490469	0.9809309338538142	-9.655889295673723e-05	0.4058027531053547	-0.07065868611440408	-0.144153294986639	-0.8060380399588338	0.2090779175698441	0.2127406426238422	0.3190181136147296	0.7861935576831733	0.004878396927956576	-0.6762142505872727	0.9347984343761925	-0.5770025194861604	-0.8653516231799729	1.190997596920326	-0.626655512147265	0.5047392558195363	0.04788726203410337	0.1206634962543556	0.03294251345341211	0.2174579482615328	0.1052879882366646	0.03074654841859252	0.09027214739700372	0.08111602826746747	0.08507417472100705	0.09808515019582774	0.09794520011807488	0.05964839491550763	0.1215626127870085	0.06454847444236284	0.03715485887195655	0.2687964913853791	0.3613634108936254	0.03274238242872709	0.0004023360036958609	0.04696158836720382	0.1204744163894311	0.03337270860440138	0.2138518799343809	0.1037517357633786	0.03142526877491015	0.09021681795004598	0.08071130907485058	0.0859954137309298	0.09569990267881583	0.1001264780252668	0.05540125752131839	0.1323329079079987	0.06427414946884294	0.03433500193661809	0.3151428486927834	0.4414651541071759	0.02863490663441797
0.9316586549543414	-0.07591576044928673	0.834986008621609	0.9809412792296004	-0.001415883876457426	0.4076378941732917	-0.07178290257414563	-0.1458596203378368	-0.8036468795528764	0.2078303523960767	0.2137331204480144	0.3082397407497918	0.7871517508429543	0.005624228790437703	-0.6633957598687044	0.928598116822526	-0.5644882955084292	-0.8672270870526886	1.236921413392417	-0.6399938433364996	0.5029480149690647	0.04777116291392873	0.1206525029724665	0.03299553948602044	0.2171355425589366	0.1051142181550634	0.03083103308847876	0.09026988360744977	0.0810698878603657	0.0851791081773301	0.09779023291458311	0.09817614395317414	0.05914567143288199	0.1227025768346167	0.0645328002803084	0.03681490361925478	0.2728964081385833	0.3679632020608431	0.03222472423917052	0.0004003215357820645	0.04685501444545191	0.120638390884758	0.03337992631452178	0.2139994280983937	0.1035683005447808	0.03144360257127931	0.09028487499259984	0.08069110413970712	0.08605295877008855	0.09501838334540759	0.1000443154180972	0.05521349971771748	0.132739503178319	0.06454413600683005	0.03436166929338978	0.3171445569054671	0.4456681953050878	0.02838806608127488
0.9336283349859574	-0.075319404125173	0.8365373897897106	0.9809530755979465	-0.002709840602941606	0.4094609115626838	-0.0728822755414972	-0.1475695354836573	-0.8011655595869375	0.2065572549143807	0.2147216698947108	0.2972666621420949	0.7881069483628492	0.006351739693707228	-0.6504553332398878	0.9224881531026986	-0.5517766344871758	-0.8689968315186161	1.282544915479695	-0.6525813774825393	0.5007505345208042	0.04765616766576034	0.1206597229307187	0.03304295634647587	0.2168559656373532	0.1049393656229085	0.03090737259721436	0.09027531967297203	0.08102663026090989	0.08527878588939647	0.0974533789582583	0.09837318164242972	0.05867899033258941	0.1237644231054263	0.06454990807434607	0.03651920268096689	0.2767991331623568	0.3743409609295832	0.03173969161946194	0.0003983070678682681	0.0467484405237	0.120802365380085	0.03338714402464217	0.2141469762624065	0.103384865326183	0.03146193636764847	0.09035293203515372	0.08067089920456366	0.0861105038092473	0.09433686401199934	0.0999621528109276	0.05502574191411658	0.1331460984486392	0.06481412254481717	0.03438833665016147	0.3191462651181508	0.4498712365029998	0.0281412255281318
0.9355980150175734	-0.07474483498695315	0.838090651374136	0.9809662860205903	-0.003978230136714517	0.4112719709878749	-0.07395643284818799	-0.1492828001039629	-0.7985946904237274	0.2052601178107731	0.2157055075051995	0.2861266992929241	0.78906208723543	0.007059604329801723	-0.6374561392108122	0.9164497231878057	-0.5388934234968537	-0.8706117237161799	1.32783921120732	-0.6643990463985769	0.49816683334571	0.04754261207561614	0.1206851222704583	0.0330848147830374	0.2166192525974073	0.1047632795358778	0.03097544243914031	0.09028894289886556	0.08098614404662942	0.08537206948748408	0.09707506512451106	0.0985351782286485	0.05824930149851302	0.1247446918336973	0.06460053607463735	0.03626795947114537	0.2804919911676472	0.380479180995146	0.03128675440097756	0.0003930419489256067	0.0466496198102088	0.1210021233334389	0.03338392975980388	0.2143799399146338	0.1031964988039571	0.03146192443326416	0.09044513408540857	0.08065446087947688	0.08613723616928501	0.09358144804391905	0.09979081343153731	0.05492435037785257	0.1333227213282257	0.06516232034553684	0.0345053163675309	0.3204060739376909	0.4531070006801775	0.02794942504539136
0.9375676950491892	-0.07419234333204867	0.8396457971646658	0.9809808699169265	-0.005221021265829684	0.413071187805952	-0.07500507262067255	-0.150999043687983	-0.7959349592768497	0.2039404727587049	0.2166838738893801	0.2748492995212833	0.7900201471206048	0.007746373907289789	-0.624462742889264	0.9104632982270545	-0.5258663075034374	-0.8720217444262964	1.372774665951371	-0.6754362179714074	0.4951952422412754	0.04743078008136641	0.1207286697047871	0.03312115707528678	0.2164254242387439	0.104585829792202	0.03103513738539304	0.09031117020232454	0.08094833376478627	0.08545798563379153	0.09665569349892913	0.09866115068884086	0.0578573981767658	0.1256403518650448	0.06468530327282798	0.03606132454732101	0.2839635988105885	0.3863620522979748	0.03086545126534607	0.0003877768299829453	0.0465507990967176	0.1212018812867929	0.03338071549496559	0.2146129035668611	0.1030081322817313	0.03146191249887985	0.09053733613566341	0.08063802255439009	0.08616396852932273	0.09282603207583875	0.09961947405214702	0.05482295884158855	0.1334993442078122	0.06551051814625651	0.03462229608490031	0.3216658827572311	0.4563427648573551	0.02775762456265093
0.9395373750808051	-0.07366218030973457	0.8412028348840235	0.9809967847592912	-0.006438267965450606	0.4148586513940991	-0.07602792978513515	-0.1527178296639652	-0.7931870924322231	0.2025998563227968	0.2176560081520221	0.2634636690055967	0.7909841391363368	0.008410469723495313	-0.6115390322154743	0.9045093484720653	-0.5127225321546224	-0.8731768266572216	1.417321918895211	-0.6856955462281354	0.4918606994061028	0.04732041431291555	0.1207892876691923	0.0331520724147575	0.2162730691707073	0.1044072963832334	0.0310865668164075	0.09034200947804337	0.08091181189553484	0.08554102908674377	0.09619611822826124	0.09875095821307203	0.05750297899381003	0.1264512886941686	0.06480458906618733	0.035899070479632	0.2872040399493389	0.3919785446108503	0.03047487391099778	0.0003793536425222293	0.04645114749323614	0.1214176168347241	0.03336788112469648	0.2149004880041425	0.102822215639456	0.03144684476775806	0.09064693140568401	0.08060248467607437	0.08625583890788317	0.0920056250065454	0.09937303358360047	0.05479045195734598	0.1334972504695228	0.0659337328495686	0.03482374257947408	0.3221989779668899	0.4587033677367863	0.02761312902346396
0.9415070551124212	-0.07315452333822713	0.8427617802207913	0.9810139833890004	-0.007630187011669752	0.4166344015861446	-0.07702480704922947	-0.1544385916221916	-0.7903518915454436	0.201239789751009	0.2186213206267039	0.251996749330029	0.79195711853144	0.00904994328846102	-0.5987450993598041	0.8985696783377379	-0.4994864683005455	-0.8740281579709279	1.461452931873616	-0.6951860368985241	0.4882685887777577	0.0472112970462425	0.1208660441409839	0.0331776354242106	0.2161609351023692	0.104227920461838	0.03112982177273886	0.09038146724626428	0.08087539319807219	0.08562504129301644	0.09569706774696922	0.09880447007618738	0.05718577217275429	0.1271773410885638	0.06495870753392877	0.03578098581945355	0.2902042970025008	0.3973184930077767	0.03011424430037517	0.0003709304550615135	0.04635149588975468	0.1216333523826552	0.03335504675442737	0.215188072441424	0.1026362989971808	0.03143177703663627	0.09075652667570464	0.08056694679775865	0.08634770928644363	0.09118521793725202	0.09912659311505391	0.05475794507310341	0.1334951567312334	0.06635694755288071	0.03502518907404784	0.3227320731765486	0.4610639706162175	0.02746863348427699
0.9434767351440372	-0.07266949990908766	0.8443226542359927	0.9810324174964234	-0.008797095210692671	0.4183984086379143	-0.07799555339945496	-0.1561606902378158	-0.787430133637261	0.199861770689621	0.2195797653399018	0.2404786266200712	0.7929427804508835	0.009663169627782773	-0.5861459444536214	0.8926071467524045	-0.4861847708055273	-0.874524342868999	1.505171235709404	-0.7039291514101401	0.4847781831589806	0.04710190407096711	0.1209573292789278	0.03319755531587161	0.2160881671092975	0.1040486241821911	0.03116509333951525	0.09042580393266195	0.08083364890405621	0.08572250449989896	0.09515874268626827	0.09882236835226299	0.05690397549386529	0.1278219595957727	0.06514801781511506	0.03570638610689235	0.2929580255619583	0.4023774046475171	0.02978240236041232	0.0003535340642775949	0.04622914432149155	0.1218510184941677	0.0333268361297574	0.2155372415301702	0.1024656689098273	0.03140337899662064	0.09081617208191756	0.08043567843268	0.0866639881634596	0.09029137546627694	0.09881975665900569	0.05476819361974954	0.1333832199509459	0.06685646646757422	0.03530328527170669	0.3225865864921928	0.4626755217826192	0.02736435207285202
0.9454464151756531	-0.07220726134679553	0.8458854802298246	0.9810520244594114	-0.009939331893110123	0.4201508129675253	-0.07893998183463621	-0.157883409842506	-0.7844229105154097	0.1984672608643334	0.2205304371171852	0.2288610729820472	0.793939135405183	0.01024087424868461	-0.5736937322962428	0.8867884677456144	-0.4727633871783744	-0.8746586332692691	1.54823358093411	-0.7119307870114128	0.4803760239991911	0.04699094671185901	0.1210617523558508	0.03321158760008847	0.2160540045971293	0.10387020153419	0.03119254126214062	0.09047181637617173	0.08078193907030932	0.08584409001406422	0.09458131011848547	0.09880522946994712	0.05665604385929677	0.1283880588130913	0.0653728169913303	0.03567467732209006	0.2954593165481939	0.4071508810671176	0.02947836051425676	0.0003361376734936763	0.04610679275322842	0.1220686846056802	0.03329862550508742	0.2158864106189164	0.1022950388224739	0.03137498095660501	0.09087581748813048	0.08030441006760135	0.0869802670404756	0.08939753299530184	0.09851292020295747	0.05477844216639566	0.1332712831706584	0.06735598538226772	0.03558138146936555	0.3224410998078369	0.4642870729490208	0.02726007066142705
0.9474160952072691	-0.07176801183419182	0.8474502799455489	0.9810727302552373	-0.01105718893128884	0.4218919424348859	-0.07985784445226535	-0.1596060189531472	-0.781331601930446	0.1970577066078398	0.2214715928267242	0.2171348016108683	0.7949480542523196	0.0107776757217874	-0.5613979498014597	0.8811539096965694	-0.4592060406864659	-0.8743998514199139	1.590564258798456	-0.719215726643082	0.4752806602777143	0.0468743040248116	0.121178739329412	0.03321862334450762	0.21606157391234	0.1036953562419753	0.031212245127331	0.09052842365153201	0.08073821052587225	0.08594809778390028	0.09396202244409101	0.09875457322083975	0.05643762456149085	0.128884387255585	0.0656341674719742	0.03568455945122864	0.2977060685510009	0.4116384783378456	0.02920089573431416	0.0003218913193477305	0.0459132255073766	0.1223018923916341	0.03324082354665324	0.2163799816135095	0.1021758501237605	0.03133217511426914	0.09109910399600811	0.08047015664558893	0.08660189025087586	0.0883779217631195	0.09816372406327842	0.05478213202191404	0.1331654095240985	0.06794546837507892	0.03592405336460071	0.3216976341137477	0.4652432932259285	0.02719098627630857
0.949385775238885	-0.0713519620868401	0.849017084403595	0.9810944509054024	-0.01215101308130939	0.423622086112147	-0.08074886234685552	-0.1613276901822085	-0.7781574823502453	0.195634471639306	0.2224027876299582	0.2053041214307884	0.795974730921083	0.01127137312213893	-0.5492909014029183	0.8756336720001906	-0.4455053948128899	-0.8737061426023705	1.632319152836903	-0.7258221062550549	0.4702621441118593	0.04674849156480521	0.1213077941130281	0.03321773040900065	0.2161136181539352	0.1035264159520009	0.0312242710861496	0.09060326353094142	0.08071779979405642	0.08599887640047939	0.09329850659069971	0.09867169734166041	0.05624501096724011	0.1293184451819983	0.06593296325340206	0.0357349237299221	0.2996961056300604	0.4158394132410825	0.02894897005720956	0.0003076449652017847	0.04571965826152478	0.122535100177588	0.03318302158821904	0.2168735526081027	0.1020566614250471	0.03128936927193326	0.09132239050388573	0.08063590322357651	0.08622351346127613	0.08735831053093716	0.09781452792359938	0.05478582187743243	0.1330595358775386	0.06853495136789013	0.03626672525983585	0.3209541684196585	0.4661995135028362	0.02712190189119009
0.9513554552705008	-0.07095936312757968	0.8505859283572259	0.9811170958094217	-0.01322112780193392	0.42534154732052	-0.08161269916014081	-0.1630475676744344	-0.7749017184132763	0.1941988796119017	0.2233235080432995	0.1933036635195331	0.7970191696286953	0.01171344154791127	-0.5373043134289773	0.8703373341650217	-0.4315826965791184	-0.8725767908867998	1.673452157931881	-0.7317702384293073	0.464552931330105	0.04661268088655056	0.1214479276974548	0.03320913313665637	0.2162088041996002	0.1033636916416665	0.03122930995251609	0.09068754760046389	0.08070588705102687	0.0860301379538831	0.09259230827359896	0.09855794630771296	0.05607633311700042	0.12969371792981	0.06626879411258851	0.03582509407913501	0.3014318373398228	0.4197555980118921	0.02872131418630449	0.0003000378816770348	0.04549420136152071	0.1227738739057282	0.03311296847833837	0.217427452504442	0.1019548940879669	0.0312422424674044	0.09142430177546244	0.08058653843515645	0.08633925918438211	0.08628094512168451	0.09742560932868195	0.05480910236363087	0.1328932716494379	0.06919336195467529	0.03667960808717705	0.3197181921927551	0.4665687335596411	0.02708299783830032
0.9533251353021168	-0.07059061796259358	0.8521568483796855	0.9811405528024478	-0.01426770480498446	0.4270508674096569	-0.08244883099242174	-0.1647647837526042	-0.7715655797109746	0.1927521968609597	0.2242325134865507	0.1810830489285303	0.7980827519834569	0.0120959828275616	-0.5253908882701971	0.8653365932911368	-0.4173738712440797	-0.8710035139003113	1.713930975568674	-0.7370834668161594	0.4583668380377928	0.04646617123364251	0.1215982862188822	0.03319301959248355	0.2163459510974294	0.1032074504678579	0.03122794125691189	0.0907737499025824	0.08068980855865041	0.0860707081611059	0.09184475355799283	0.09841446943957684	0.05592999778937637	0.1300131855575339	0.06664130523138952	0.03595448969229482	0.3029150919837863	0.4233883868649699	0.02851685364188187	0.0002924307981522849	0.04526874446151664	0.1230126476338684	0.03304291536845769	0.2179813524007813	0.1018531267508866	0.03119511566287553	0.09152621304703915	0.08053717364673636	0.08645500490748809	0.08520357971243185	0.09703669073376454	0.0548323828498293	0.1327270074213371	0.06985177254146044	0.03709249091451822	0.3184822159658517	0.4669379536164459	0.02704409378541055
0.9552948153337328	-0.07024619161111599	0.853729883206398	0.981164699569511	-0.01529085920536033	0.4287506719344125	-0.08325665394042035	-0.1664784587052788	-0.768150374231418	0.191295660025045	0.2251290835405822	0.1685981022763506	0.799167068598546	0.01241171950749306	-0.5135105466839502	0.8606935280026151	-0.402821777712851	-0.8689777585112416	1.753727306265717	-0.7417837135313633	0.4519799349150915	0.04630916326657288	0.1217573781640372	0.03317010761945543	0.2165209810028658	0.1030575029531805	0.03122103120600745	0.09086290619517887	0.08067234465030719	0.0861141291909418	0.09105937917441144	0.09824265964102676	0.05580500553603281	0.1302777072659049	0.06704934559273741	0.03612287933194658	0.3041542507422393	0.4267402935407072	0.0283343165014674	0.0002881263147926839	0.04502536294428764	0.1232437776812107	0.03296936055786989	0.2185316667981437	0.1017607471706114	0.03114901708522243	0.09165061007675335	0.08052859945467161	0.08647422398191502	0.08411013991642316	0.09661406734101081	0.05488316736618791	0.1324638425926554	0.0705650939632454	0.03758058284437611	0.3169120175472746	0.466752969277082	0.02703084411779063
0.9572644953653487	-0.0699266459792633	0.8553050758710385	0.9811893969999032	-0.01629062222206606	0.4304417288008759	-0.08403543664053861	-0.1681876882629154	-0.7646574772943834	0.1898304440484746	0.2260129216618924	0.1558192169493093	0.8002738022918283	0.01265513809832092	-0.5016394781324569	0.8564544622407403	-0.3878864920424897	-0.8664893773511365	1.7928181762283	-0.7458960458870005	0.4454390545176212	0.0461418262893159	0.1219239163810858	0.03314100009631596	0.2167303022905581	0.1029136855094424	0.03120930679421117	0.09095590342322527	0.0806558709537144	0.0861548768030598	0.09023923009829522	0.09804370967300437	0.05570050380709123	0.1304880026676671	0.06749193404646725	0.0363300580108317	0.3051564713297606	0.4298132557781156	0.02817262822999752	0.0002838218314330829	0.04478198142705864	0.123474907728553	0.03289580574728208	0.219081981195506	0.1016683675903362	0.03110291850756933	0.09177500710646752	0.08052002526260688	0.08649344305634196	0.08301670012041448	0.09619144394825711	0.05493395188254652	0.1322006777639736	0.07127841538503037	0.038068674774234	0.3153418191286975	0.4665679849377182	0.0270175944501707
0.9592341753969648	-0.06963257718339672	0.8568824716321524	0.9812144993202619	-0.01726699893050021	0.4321248619087868	-0.08478440085248781	-0.1698915545945166	-0.7610882927211617	0.1883576917831388	0.2268837068710571	0.1427238862885618	0.8014046161002515	0.01282162830629082	-0.4897612758491792	0.8526587607801118	-0.3725366272253561	-0.8635285763560798	1.831182621061006	-0.7494439628044997	0.4386358964655501	0.0459647333832624	0.1220961215186298	0.03310653485545628	0.2169683071920579	0.1027756240854698	0.03119363926724665	0.0910570047955649	0.08064857854720611	0.08617590318607964	0.08938855743811058	0.09781924333974253	0.05561569561147722	0.1306453970658918	0.06796739863391797	0.03657592635867971	0.3059345174685656	0.4326098006070862	0.02803063549279251	0.000287230684462505	0.04452757251113648	0.1236873439530256	0.03282331794878489	0.2195804780883541	0.1015812972711019	0.03106111168505172	0.09198378216819009	0.08065801855981025	0.08620338017342009	0.0819327836575169	0.09574458902136719	0.05501206848976314	0.1318533322519913	0.07203354744707455	0.03863355232419513	0.3135813195069495	0.4658479473471099	0.0270273553854128
0.9612038554285807	-0.06936462137023086	0.8584621200122575	0.9812398510923479	-0.01821997058819216	0.4338009799910757	-0.08550270895492092	-0.1715891157886669	-0.75744427518279	0.1868784819232966	0.2277404057129788	0.1293041336415575	0.8025610940844164	0.01290844019455636	-0.4778742078353334	0.849331662533594	-0.3567583510556991	-0.8600868143364944	1.86880288191771	-0.7524528294678504	0.4311360830412451	0.04577836895065475	0.1222724582950539	0.03306741580786107	0.217230063258714	0.1026429963713753	0.0311747599774664	0.09116986022463974	0.08065746465232035	0.08616262286998619	0.08851102499043094	0.09757065355935229	0.05554990131741562	0.1307510164403551	0.06847431877665248	0.03686039156193723	0.3064994993057845	0.4351319207820109	0.02790736519242389	0.0002906395374919271	0.04427316359521433	0.1238997801774983	0.03275083015028769	0.2200789749812022	0.1014942269518677	0.0310193048625341	0.09219255722991264	0.08079601185701366	0.08591331729049823	0.08084886719461933	0.09529773409447728	0.05509018509697976	0.131505986740009	0.07278867950911871	0.03919842987415627	0.3118208198852014	0.4651279097565018	0.02703711632065491
0.9631735354601965	-0.06912341915136865	0.8600440726934702	0.9812652939063894	-0.01914952285299667	0.4354710173875829	-0.08618951215697272	-0.1732794183128149	-0.7537269010620546	0.1853938608159995	0.2285813828559134	0.1155634891931082	0.8037452535997809	0.01291377273638501	-0.4659903588079916	0.846479655197981	-0.3405505475137042	-0.8561535599571509	1.905666079269667	-0.7549459118703309	0.4227105570915125	0.04558393732886655	0.122451015584937	0.03302476538648973	0.217510271444526	0.1025150041900076	0.03115370444175691	0.09128647421383682	0.08066906959636277	0.08614321492516351	0.08761151358773994	0.0972998135218338	0.05550263585337609	0.1308072634355445	0.06901046324340278	0.03718339922173683	0.3068642307545709	0.4373835467542886	0.02780183759710755	0.0002828773435045523	0.04402024025845565	0.1240843340312312	0.03268705546122448	0.2205111318685887	0.1014033106404862	0.0309876173050086	0.09228114333156923	0.08072878361355507	0.08605696849354545	0.07980087916504784	0.0948372571070443	0.05519802761016906	0.1311006288093095	0.07356979952297762	0.0398407465250637	0.3099271692628082	0.4639268312186483	0.02706851846720674
0.9651432154918125	-0.06890957043495927	0.8616283881928619	0.9812906669335395	-0.02005571156937217	0.4371358687166557	-0.08684399261349371	-0.1749614753865116	-0.7499376635909653	0.1839048146239105	0.2294053043263427	0.1015294223463681	0.8049602823578558	0.01283758472370858	-0.4541510939678441	0.8440659992526991	-0.3239379017509459	-0.8517140291435422	1.94177226106426	-0.756945779468886	0.4138178671623094	0.04538245698761599	0.1226301444469397	0.03297952685762022	0.2178042737899972	0.1023909604784546	0.03113134205177724	0.09140000144358132	0.08067189585322986	0.08614178927367452	0.08669423154592508	0.09700833211000563	0.05547348492497849	0.1308162003463082	0.06957393960492993	0.03754489550187039	0.3070399369194637	0.439367963730708	0.02771322679771352	0.0002751151495171774	0.04376731692169698	0.1242688878849641	0.03262328077216128	0.2209432887559752	0.1013123943291047	0.0309559297474831	0.09236972943322583	0.08066155537009645	0.08620061969659268	0.07875289113547639	0.09437678011961131	0.05530587012335837	0.13069527087861	0.07435091953683655	0.04048306317597113	0.3080335186404149	0.4627257526807949	0.02709992061375857
0.9671128955234285	-0.06872363255664278	0.8632151295019235	0.981315809802874	-0.02093865448612013	0.4387963688810064	-0.08746537196854194	-0.1766342803663667	-0.7460780522672591	0.1824123005134828	0.2302116085265837	0.08723415816561687	0.8062094738248158	0.01268039830590865	-0.4424018658857932	0.8420463800369806	-0.3069505243093067	-0.8467556922788968	1.977124890712119	-0.7584743419524739	0.4049706553853574	0.0451740211140443	0.1228072460184061	0.03293253911766812	0.2181076041659089	0.1022707914711445	0.0311087687645498	0.09150953707083109	0.08066559223312635	0.08616078770403351	0.08576326762714791	0.09669847644753375	0.05546106831426696	0.1307810847145323	0.07016262831510571	0.03794438424810141	0.3070362805688802	0.4410922946520123	0.02764067813379082	0.000251226839381894	0.04350198099237765	0.1244053145487396	0.03256779726469513	0.2213069393056565	0.1012279741929482	0.03093913813089375	0.09243582327721181	0.08057056274158082	0.08642377214024158	0.07774391340663876	0.09391677877808739	0.05542666712903085	0.1302577198877976	0.07515157791992044	0.04119574967863274	0.3059863916793553	0.4611487269776584	0.02715143301751139
0.9690825755550443	-0.06856607384138891	0.8648043680448171	0.9813405646884601	-0.02179858793560715	0.4404532316604627	-0.08805295670201166	-0.178296803537051	-0.7421495419466613	0.1809172173803801	0.2310009045335967	0.07271326093849896	0.8074959564786833	0.01244362953616803	-0.4307875310073772	0.8403728661455576	-0.2896229151511543	-0.8412735118210107	2.011731655141669	-0.7595540663501801	0.3965479041807427	0.04495870860247584	0.1229800775755892	0.0328845072465023	0.2184163378206876	0.1021544334862309	0.0310869048210459	0.09161430615551791	0.08064985813051014	0.08620229675855846	0.0848221473246847	0.09637219554196509	0.05546421399797936	0.1307047241867445	0.07077473322226105	0.03838144246442372	0.3068617392169606	0.442562721814073	0.02758347175618	0.0002273385292466105	0.0432366450630583	0.124541741212515	0.03251231375722898	0.2216705898553377	0.1011435540567918	0.0309223465143044	0.09250191712119779	0.08047957011306518	0.08664692458389051	0.07673493567780114	0.0934567774365635	0.05554746413470332	0.1298201688969852	0.07595223630300434	0.04190843618129435	0.3039392647182956	0.459571701274522	0.02720294542126422
0.9710522555866603	-0.06843731615992522	0.8663961792164515	0.9813647758534624	-0.02263580523741113	0.4421071093444398	-0.08860609862995079	-0.1799480112279978	-0.7381535965696899	0.1794204336366438	0.2317742003801019	0.05799719512623875	0.8088223808547192	0.01212884437305029	-0.4193434812013539	0.8390081961647686	-0.2719846346937788	-0.8352686897483649	2.045599363991875	-0.7602094197869885	0.388609969155119	0.04473534110371414	0.1231456553163914	0.03283587535066798	0.2187279651517762	0.1020429064828196	0.03106683226077193	0.09172297099338313	0.08064088786617742	0.08622903507220092	0.08387355117846768	0.0960321161793883	0.05548036820515099	0.1305928685368634	0.07140852703596212	0.0388548280961396	0.306522864341064	0.4437896475103194	0.02754080274228116	0.0002049705752742596	0.04293832325851558	0.1246129435810715	0.03246187220590653	0.221990971149518	0.1010854122792828	0.03092426124513934	0.09271436459430214	0.08065556196602278	0.08625047376262351	0.07575427249313157	0.09301211117050752	0.05565643757248878	0.1294107536178144	0.07677121095409706	0.0426777871375376	0.3017056390853997	0.457737953003751	0.02727228031225778
0.9730219356182763	-0.06833772183210603	0.8679906437443321	0.9813882917968987	-0.0234506574782721	0.4437585960922908	-0.08912420672577676	-0.1815868942181751	-0.7340916678213069	0.1779227500478874	0.2325316026741896	0.04310084828555237	0.8101901572307219	0.01173770274349742	-0.4080783143313869	0.8379453631485348	-0.2540496524683327	-0.8287586505610527	2.078730539369959	-0.7604674507238033	0.3804099469214697	0.04450292216713644	0.1233014034824858	0.03278701672840907	0.2190402808690262	0.1019370875595917	0.03104945964322087	0.09184294873821215	0.08065251557491306	0.08620910796200898	0.08291978995312596	0.09568049772771234	0.05550736596072775	0.1304504900907096	0.07206254692995881	0.03936349463091428	0.3060253982457639	0.4447822379534926	0.0275119938368371	0.0001826026213019086	0.04264000145397284	0.124684145949628	0.03241143065458408	0.2223113524436983	0.1010272705017738	0.03092617597597427	0.09292681206740649	0.08083155381898038	0.08585402294135654	0.07477360930846202	0.09256744490445155	0.05576541101027424	0.1290013383386436	0.07759018560518979	0.04344713809378085	0.2994720134525039	0.45590420473298	0.02734161520325134
0.9749916156498921	-0.06826763699259004	0.8695878439454247	0.981410963286745	-0.02424350079905225	0.4454082828829719	-0.08960670493324191	-0.1832124705465287	-0.7299652046484399	0.1764249310688854	0.2332720689712486	0.02803961741099251	0.8116007960956835	0.01127220255692485	-0.3969991179499233	0.8371736012907064	-0.2358323454071545	-0.8217649062300262	2.111130783776123	-0.7603561064938699	0.3712865106490941	0.04426093954816531	0.1234442033356702	0.03273858074314412	0.2193501999515314	0.1018373368840152	0.03103594552920946	0.09196924737337436	0.08067784201610435	0.08615813195369447	0.08196357936020714	0.09531973359399597	0.05554305984377209	0.1302831561694495	0.07273482353738341	0.0399060403228914	0.305375711150805	0.4455523226767719	0.02749622066891619	0.0001696648397676408	0.04231537635406286	0.1246763370718681	0.03237095286993246	0.2225664467812592	0.1009870843562349	0.03095199818289877	0.09307209393575108	0.08092694192591168	0.08564271740277399	0.07383125095524525	0.09214347763417502	0.05585998685863441	0.1286381008581277	0.07841670050340566	0.04426609605100212	0.2970753158019419	0.4538967053216614	0.02742555473979337
0.9769612956815081	-0.06822735820812294	0.8711878671026051	0.9814326475215724	-0.02501471675229133	0.4470567042229664	-0.09005306360097952	-0.1848238224339401	-0.7257756261354592	0.1749276659909989	0.2339935568254956	0.01283585578898558	0.8130565685987895	0.01073524327557145	-0.3861181548832712	0.8366606679474954	-0.2173536787369029	-0.8143148295373196	2.142817237237694	-0.7599046790569896	0.3611394074071451	0.04400896005019482	0.1235713612540575	0.0326911131916198	0.2196550109989319	0.1017439638223113	0.0310272625938673	0.09209759222572965	0.08071097247236404	0.08608946370564931	0.08100725875679113	0.09495188282620061	0.0555856303469278	0.1300956870668517	0.07342368932737117	0.04048128702515221	0.3045794072669742	0.4461103945471007	0.02749279040161416	0.000156727058233373	0.04199075125415288	0.1246685281941081	0.03233047508528084	0.22282154111882	0.100946898210696	0.03097782038982326	0.09321737580409568	0.08102233003284298	0.08543141186419145	0.07288889260202845	0.0917195103638985	0.0559545627069946	0.1282748633776119	0.07924321540162153	0.04508505400822339	0.2946786181513799	0.4518892059103428	0.0275094942763354
0.9789309757131242	-0.06821715056855462	0.8727908037155314	0.981453205820118	-0.02576470434788513	0.4487043456296274	-0.09046278261793553	-0.1864200702113938	-0.7215243250822774	0.1734316038831845	0.2346940632737443	-0.002485783946313229	0.8145600148132059	0.01013019874604772	-0.3754481940088499	0.8363664481845177	-0.1986367770666858	-0.8064396702603134	2.173812552673592	-0.7591456920618037	0.3500645018974719	0.04374671674682305	0.1236801781010583	0.03264519000075965	0.2199497892829141	0.1016575319637491	0.03102442796547088	0.09222307806927069	0.08074480869274139	0.08601880397532696	0.08005248808980003	0.0945788994754861	0.05563301793396888	0.1298939797180755	0.07412762698127602	0.0410878790365047	0.3036453802426011	0.4464689372707614	0.02750078164629118	0.0001612681761572513	0.04164200809894657	0.1245779793361061	0.03230116260408899	0.222959756289282	0.1009297357870885	0.03102954949952368	0.09327841199721446	0.08100808425500419	0.08546460163421195	0.07197566190757335	0.09131699829185709	0.05602828029122994	0.1279848195369607	0.08007760818861212	0.04594925272617945	0.2922046320037474	0.4497750303727031	0.02760350558073834
0.9809006557447401	-0.06823721022581421	0.8743967514898388	0.9814725095331379	-0.02649389474458101	0.4503515709661019	-0.09083542648724473	-0.1880004269632257	-0.7172126209333662	0.1719373037229855	0.2353722343695496	-0.017897453304086	0.8161140823186562	0.009461335098861707	-0.365000947116074	0.836238407595519	-0.1797077245764269	-0.7981788218446857	2.204149944579746	-0.758115230488536	0.3384602364786466	0.0434739838671355	0.1237683207517016	0.03260129515621256	0.2202302051333465	0.10157852551873	0.03102829530664123	0.09234150473259335	0.08077328880107204	0.08595959211383963	0.07910069582012659	0.09420246459427267	0.05568347811834219	0.1296831435707021	0.07484535216340013	0.04172467874310076	0.3025815078978683	0.4466390725838128	0.02751942086096472	0.0001658092940811296	0.04129326494374026	0.1244874304781042	0.03227185012289713	0.2230979714597441	0.1009125733634811	0.0310812786092241	0.09333944819033324	0.08099383847716542	0.08549779140423246	0.07106243121311823	0.09091448621981568	0.05610199787546528	0.1276947756963094	0.08091200097560271	0.04681345144413553	0.289730645856115	0.4476608548350633	0.02769751688514128
0.982870335776356	-0.06828769575017497	0.8760058120991759	0.9814904359665357	-0.02720273374831448	0.4519986715985888	-0.091170594991419	-0.1895641606360573	-0.712841786106725	0.1704452755575963	0.2360273070658925	-0.03337158946444389	0.81772169273807	0.008733313857949178	-0.3547850085408326	0.8362231618176348	-0.160592390683275	-0.7895757065092971	2.233865909950167	-0.7568520592292894	0.3267143930300014	0.04319091272214975	0.123833891605092	0.03255980659050579	0.2204923801828755	0.1015071892636272	0.03103954014731908	0.09245271283164547	0.08079694301224338	0.08591091775526805	0.07815293660403265	0.09382396566583834	0.05573534210580845	0.1294679741522371	0.07557572581633967	0.04239070014999727	0.3014000991863803	0.4466329416833441	0.02754765542469346	0.0001315918778271792	0.04092632308917407	0.1243192972353866	0.03225264087408027	0.2231231829464909	0.1009146870656495	0.03115720119741273	0.093383413921568	0.08097823410859252	0.08553756882261167	0.07017345656948613	0.09053028031166892	0.05615380664457912	0.1274785887850921	0.0817550534795836	0.04772394904883754	0.2872945204544555	0.4454823816821114	0.02779615561973389
0.984840015807972	-0.06836869873545184	0.8776180945095031	0.9815068750909424	-0.02789167785589072	0.4536458060369643	-0.09146795038722803	-0.1911106599477417	-0.7084129933865478	0.1689559212514092	0.236659336389814	-0.04888475013489131	0.819385477782503	0.00795111828132114	-0.3447999212945182	0.8362729179090621	-0.1413124825705149	-0.7806788808057779	2.262999832233607	-0.7553998007730226	0.3150621882738227	0.0428976313207227	0.12387524811084	0.03252104180969304	0.2207329024761691	0.1014437331339483	0.03105872909956165	0.09255656532701927	0.08081622402460943	0.08587200059415907	0.07721011664233784	0.09344459610958616	0.05578719657463208	0.129252627532451	0.07631778408113643	0.04308511696199986	0.3001121066624685	0.4464613930084149	0.02758460236154675	9.737446157322892e-05	0.04055938123460789	0.124151163992669	0.03223343162526341	0.2231483944332378	0.1009168007678179	0.03123312378560135	0.09342737965280276	0.08096262974001962	0.08557734624099089	0.06928448192585404	0.09014607440352214	0.05620561541369297	0.1272624018738748	0.08259810598356448	0.04863444665353955	0.284858395052796	0.4433039085291595	0.02789479435432651
0.9868096958395879	-0.06848028144731293	0.8792337110524009	0.9815217235426659	-0.0285611797668481	0.4552930719825009	-0.091727181931133	-0.1926393789322857	-0.703927362869753	0.1674695844135219	0.2372686336129501	-0.06441602007199983	0.8211079042565217	0.007119663401189788	-0.3350417920594613	0.8363438555485496	-0.1218870743233319	-0.7715355038766822	2.291590973365069	-0.7538033300819004	0.3036575356773356	0.04259503874862504	0.1238915322604904	0.03248526037700093	0.2209488833835978	0.1013878101066041	0.03108612413711236	0.09265422247955517	0.08083346224671728	0.08583778123386356	0.07627323781434162	0.09306528970910306	0.05583798069542881	0.1290404021010924	0.07707055169853579	0.04380751627120726	0.2987318127476074	0.4461363315773579	0.02762911686903197	0.000100736840656691	0.04018706529067747	0.1239181840960181	0.03222381501410139	0.2230673128853279	0.100928269228341	0.03132912621678005	0.09347747533422118	0.08097940429358531	0.08554647812626728	0.06842250705802744	0.08977701477204283	0.05623956174971407	0.1271090562015978	0.08344830372790284	0.04959703203690564	0.2825526523390103	0.4411037770061691	0.02799273933743205
0.9887793758712038	-0.06862245826357258	0.8808527800126136	0.98153488995405	-0.02921167762452236	0.456940464669269	-0.09194802172108416	-0.1941498824092076	-0.6993859161974408	0.1659864856485145	0.2378557079355705	-0.07994984662814418	0.8228910389276018	0.006243169632145453	-0.325503427013774	0.8364017610204694	-0.1023297166058679	-0.7621827851949843	2.319675054009828	-0.7521114487616076	0.292497246429733	0.04228389552208175	0.1238819986277896	0.03245268026044627	0.2211377790999554	0.1013391213368323	0.03112194456017921	0.0927466776016628	0.0808506480119577	0.08580392970333166	0.07534315978560691	0.09268684935683408	0.05588679602882671	0.1288341560073357	0.07783320341871143	0.04455755306191107	0.2972719581250943	0.4456684210179	0.02768023917984576	0.0001040992197401531	0.03981474934674706	0.1236852041993672	0.03221419840293936	0.222986231337418	0.1009397376888641	0.03142512864795875	0.09352757101563963	0.08099617884715099	0.08551561001154367	0.06756053219020083	0.08940795514056354	0.05627350808573518	0.1269557105293207	0.08429850147224119	0.05055961742027173	0.2802469096252246	0.4389036454831787	0.0280906843205376
0.9907490559028198	-0.06879522498663435	0.8824754222550527	0.9815462882246441	-0.02984359921916572	0.4585879377177662	-0.09213021773750318	-0.1956417798868607	-0.6947896295722782	0.1645067804105927	0.2384210170982435	-0.09547446788326533	0.824736725334822	0.00532512067986499	-0.3161768360770426	0.8364188052227179	-0.08264989165378252	-0.752648828669997	2.347284407100638	-0.7503737901780749	0.2815264570158543	0.0419653643398567	0.1238469275471064	0.03242333574899629	0.2212972189090737	0.1012971696912924	0.03116602062534158	0.09283527736302732	0.08086969881309353	0.08576558839811643	0.07442059384369855	0.09231003010703499	0.05593265031710109	0.1286369705442531	0.07860496590489104	0.04533490454653065	0.2957465307283298	0.4450707258005107	0.02773683743616543	0.0001068814522959417	0.03944463671480559	0.123405914125506	0.03221151673127749	0.222799180568864	0.1009565376868097	0.03153528893677229	0.09359150505551897	0.08104669479461592	0.08539895214570788	0.06672397148231554	0.08905420567919599	0.05628681064094764	0.1268732065836791	0.08515562649903133	0.05157433703436758	0.2781168527024688	0.4367588280034523	0.02818392910709876
0.9927187359344357	-0.06899855870203722	0.8841017628581843	0.9815558388197712	-0.03045735008981652	0.4602353913132204	-0.09227352953477695	-0.1971147271883601	-0.6901394050093664	0.1630304928579173	0.2389647752119532	-0.1109873930018462	0.826646328788561	0.004367032792642993	-0.3070530653990981	0.8363821240291275	-0.06284693005364554	-0.7429407950258857	2.374443198442134	-0.7486407154913074	0.2706144944211502	0.04164042868221526	0.1237865573383308	0.03239725547274241	0.2214251126676307	0.1012615274498075	0.03121820929543228	0.09292117516440096	0.08089225238279565	0.0857186003529225	0.0735061488872933	0.09193548086194676	0.05597470303004018	0.1284515146488515	0.07938518483380669	0.0461393019334967	0.2941680266001739	0.4443549763852728	0.0277979630251731	0.0001096636848517304	0.03907452408286412	0.1231266240516447	0.0322088350596156	0.2226121298003099	0.1009733376847553	0.03164544922558584	0.09365543909539831	0.08109721074208086	0.08528229427987208	0.06588741077443026	0.08870045621782845	0.0563001131961601	0.1267907026380374	0.08601275152582145	0.05258905664846344	0.275986795779713	0.4346140105237259	0.02827717389365991
0.9946884159660516	-0.06923243662737701	0.8857319285287494	0.9815634634387569	-0.03105332367624559	0.4618827140871575	-0.09237771203479618	-0.198568382475367	-0.6854361157590344	0.1615575836059675	0.2394870085405918	-0.1264912953720645	0.8286209852906468	0.003369237933681662	-0.2981226814699275	0.8362867306073252	-0.04291441109954346	-0.7330563569143179	2.401170763595779	-0.7469571022997022	0.2596358786776553	0.04131029599993893	0.1237018861714879	0.03237430197572631	0.2215210648001615	0.1012316055577839	0.03127806060071984	0.09300459605045888	0.08091841742889228	0.08566271026866631	0.07260040585241417	0.09156390442777294	0.05601194429883424	0.1282804904571564	0.08017300639907805	0.04697002351041583	0.2925485302999349	0.4435343002675073	0.02786264136395383	9.452796843312402e-05	0.03871155205421719	0.122815817017392	0.03221046524837885	0.2223530674899978	0.1009919504440686	0.03176467786020294	0.09371800905873912	0.08115665946975566	0.08514383269505324	0.0650764809831048	0.08836381623280863	0.05628879791064244	0.1267831588295512	0.08687238933522609	0.0536482132837369	0.2740382196137539	0.4325765141682263	0.02836404122506943
0.9966580959976676	-0.06949685506625355	0.8873660484404996	0.9815690819065865	-0.03163188757975592	0.4635297998822367	-0.09244248980052032	-0.2000023770318052	-0.6806805966420102	0.1600879026060101	0.2399874716295496	-0.1419980387229426	0.8306614376236484	0.00232997648849817	-0.2893754422281086	0.8361415829857288	-0.0228356329891211	-0.7229773645797712	2.427477031298682	-0.745362356319095	0.2485091585028136	0.04097598752467549	0.1235937737059427	0.03235435961267277	0.2215847220497823	0.1012068974514933	0.03134519650857061	0.09308573274083884	0.08094828673371582	0.08559769921193874	0.07170386091863425	0.09119590448883626	0.05604351845031092	0.1281262369186867	0.08096770756342789	0.04782646666904351	0.2908988458557952	0.4426205037656238	0.02793005578591641	7.939225201451761e-05	0.03834858002557025	0.1225050099831393	0.03221209543714208	0.2220940051796857	0.101010563203382	0.03188390649482004	0.09378057902207994	0.08121610819743046	0.08500537111023442	0.06426555119177932	0.0880271762477888	0.05627748262512478	0.1267756150210651	0.08773202714463074	0.05470736991901035	0.2720896434477947	0.4305390178127267	0.02845090855647895
0.9986277760292835	-0.06979182910116975	0.8890042526115254	0.981572611002904	-0.03219339547467758	0.4651765590704998	-0.0924675618643868	-0.2014163141446	-0.6758736726558437	0.1586212547757329	0.2404658324261392	-0.1575224296314595	0.8327683007029665	0.00124670895602768	-0.2808012711761623	0.835959965020211	-0.00259057632894623	-0.7126824720840333	2.453368342203861	-0.7438848178418527	0.2372004446304608	0.040638737633866	0.1234633937196991	0.0323373030471502	0.2216169285782359	0.101186732165972	0.03141914125432389	0.09316351427404018	0.08097996489756315	0.085528074708348	0.07081734221956316	0.09083215034156893	0.05606864779674249	0.1279905374028736	0.08176811081103019	0.04870725029829254	0.2892279797131145	0.4416247801705661	0.02799949099524679	7.875644584200733e-05	0.03799754648497558	0.1221698265144579	0.03221773162917813	0.2217884663045477	0.1010273086050509	0.03201014600842063	0.09381923594080416	0.08124950754793715	0.08492898540608967	0.06348657836147772	0.08770959560138743	0.05624172235143918	0.1268354670701064	0.08858513827145624	0.0557973534746033	0.2702937820972893	0.4286085531008733	0.02853191735281011
1.000597456060899	-0.07011741460394467	0.890646672534778	0.9815739598747099	-0.03273817819653775	0.4668229397868702	-0.09245257257218227	-0.2028097368418758	-0.6710161576081807	0.1571573822617431	0.2409218146771817	-0.1730807267051265	0.834942082839686	0.0001161621154698371	-0.2723928530636692	0.8357573542868141	0.01784238867571538	-0.7021471291853003	2.478846873591298	-0.7425439535524508	0.2257861235585142	0.04029959008503167	0.123311758762679	0.03232302687827785	0.221618422738086	0.1011705328917556	0.03149949538494158	0.09323702292632324	0.08101183308073087	0.08545769458166468	0.06994155729578788	0.09047321656064106	0.0560866731247332	0.1278749336306144	0.08257321768692605	0.0496112193548617	0.2875439861383177	0.4405572062890262	0.02807034765011846	7.812063966949702e-05	0.03764651294438091	0.1218346430457766	0.03222336782121418	0.2214829274294098	0.1010440540067199	0.03213638552202121	0.09385789285952836	0.08128290689844385	0.08485259970194492	0.06270760553117613	0.08739201495498605	0.05620596207775358	0.1268953191191476	0.08943824939828174	0.05688733703019624	0.2684979207467837	0.4266780883890199	0.02861292614914128
1.002567136092515	-0.07047368899192526	0.8922934403331346	0.9815730331857413	-0.03326655794990101	0.468468910917713	-0.09239713768647506	-0.204182155621413	-0.6661088636341066	0.1556960076430607	0.2413552723541211	-0.1886882760118406	0.8371832491934336	-0.001064919317597855	-0.2641443759480209	0.8355483762695776	0.03848372541700602	-0.6913484486959055	2.503914087383059	-0.7413506836778012	0.2143631252074643	0.03995959642887052	0.1231397969280451	0.03231149107990233	0.2215898669908079	0.101157760487888	0.03158595957173686	0.09330575634525365	0.08104305364196276	0.08538855498228183	0.06907750175439713	0.09011974797630409	0.05609704354405205	0.1277805765462875	0.08338162054125293	0.05053624530788883	0.2858529966621973	0.4394266508864954	0.02814217667193313	6.640462307650976e-05	0.03730888567832032	0.1214748484870549	0.03223391988692793	0.2211302931122138	0.1010588572700799	0.03227071275470072	0.09387890573194313	0.08130189678575409	0.08481023808897341	0.06196638927308497	0.0870954868676848	0.05614670506871429	0.1270171300970959	0.09027617044337118	0.05799043151081637	0.2668197874458229	0.4248365414427351	0.02868966185517745
1.004536816124131	-0.07086076552116802	0.8939446892844265	0.9815697276620707	-0.03377884539122015	0.4701144747283669	-0.09230082469724479	-0.2055330277740063	-0.6611525987338016	0.1542368334174009	0.2417663272724202	-0.2043570249379333	0.8394922142086968	-0.002299324798225876	-0.256052858629815	0.8353438267227329	0.05934973314211203	-0.6802687952401246	2.528571666317564	-0.7403093810276131	0.203038501781399	0.03961964551041926	0.1229483091304302	0.03230266196007893	0.2215318405829691	0.1011479515496084	0.03167828256452657	0.09336928384291991	0.08107291117749597	0.08532236432768577	0.06822602564283439	0.08977229781768797	0.05609929180810211	0.1277084592686648	0.08419212457145794	0.05148054633088432	0.2841604939174968	0.4382411034509373	0.02821460179801545	5.46886064835225e-05	0.03697125841225973	0.1211150539283331	0.03224447195264171	0.2207776587950178	0.1010736605334399	0.03240503998738024	0.09389991860435791	0.08132088667306429	0.08476787647600191	0.06122517301499381	0.08679895878038354	0.056087448059675	0.1271389410750442	0.09111409148846061	0.0590935259914365	0.265141654144862	0.4229949944964502	0.02876639756121363
1.006506496155747	-0.07127877197278203	0.8956005531935269	0.9815639365558564	-0.03427534807321906	0.4717596463565799	-0.09216318111892184	-0.2068617892410813	-0.6561481684755142	0.1527795598551692	0.2421552399724198	-0.2200971008475033	0.8418693554732423	-0.003589480759494852	-0.2481160203746741	0.8351524859329357	0.08045444375977907	-0.6688937612826215	2.552822073160663	-0.7394199047010261	0.191899433865912	0.03928045072245923	0.1227377336149731	0.03229658700175545	0.2214446331873735	0.1011408442380402	0.0317764492559554	0.09342784223042513	0.08110198175581447	0.08525779529182928	0.06738804803992215	0.08943145726398873	0.05609300368454675	0.1276594199522157	0.08500328730688353	0.05244139645339826	0.2824706940579166	0.4370072966425358	0.02828738386149123	5.015164649542264e-05	0.03664531985080331	0.1207248528656643	0.03226119666911228	0.2203724639873875	0.1010895965904526	0.032550904544217	0.09391476219184816	0.08134732244366764	0.08470776771935631	0.06052388971317331	0.08652486662429079	0.05600496961639195	0.1273210768427918	0.09193071811529666	0.06019150632904903	0.2635584512114003	0.4212202165242133	0.0288405347224581
1.008476176187363	-0.07172785800978164	0.8972611667338787	0.9815555477517239	-0.03475636845975123	0.4734044588087504	-0.09198372357245657	-0.208167847520748	-0.651096369323636	0.1513238917767036	0.2425224236326198	-0.2359150400894382	0.8443149568797885	-0.004937048094326204	-0.2403322674091924	0.8349791819661175	0.1018073517535052	-0.6572160931152232	2.576669774292206	-0.7386789285458358	0.1809749800411348	0.03894261475562948	0.1225084480624159	0.03229330603326679	0.2213284963399303	0.1011362135052846	0.03188044693071534	0.09348163419540774	0.08113075740267914	0.0851937118274502	0.06656435210951565	0.08909773313120857	0.05607782759455592	0.1276341803378245	0.085813883221451	0.05341651196639918	0.2807873652476635	0.4357312983684438	0.02836032248152997	4.561468650732278e-05	0.03631938128934688	0.1203346518029955	0.03227792138558284	0.2199672691797572	0.1011055326474652	0.03269676910105376	0.0939296057793384	0.08137375821427099	0.08464765896271072	0.05982260641135281	0.08625077446819804	0.05592249117310889	0.1275032126105395	0.09274734474213273	0.06128948666666157	0.2619752482779385	0.4194454385519764	0.02891467188370257
1.010445856218979	-0.07220818056840823	0.898926664928558	0.9815444472228221	-0.03522220729857959	0.4750489498961981	-0.09176195784158153	-0.2094506026318721	-0.6459979910983624	0.1498695398983826	0.2428683131268203	-0.2518155308849683	0.8468292785287934	-0.006343319744951515	-0.232700474136027	0.8348263340465304	0.1234156734140701	-0.6452312419454013	2.600120634128436	-0.7380812333936088	0.1702800202624063	0.03860653878450298	0.1222603589073151	0.03229295692122295	0.2211831974142094	0.1011340725973115	0.03199057680204671	0.09353048089921021	0.08115940380409016	0.08512970579565596	0.06575565861435727	0.08877161376811088	0.05605349024160209	0.1276333435450073	0.08662256675993849	0.05440287364438077	0.279113647227765	0.4344180511773249	0.02843331187302202	4.317782931050328e-05	0.03600262625926807	0.1199056406131865	0.03230244250885574	0.219499398779969	0.1011266645910699	0.0328591853635673	0.09393165944624561	0.08140252908651933	0.08458125742227951	0.05916108745896069	0.08599942988579269	0.05581764851294655	0.1277443889583729	0.09353878099203032	0.06236679184043981	0.2604769160869881	0.4177161840739841	0.02898744526600375
1.012415536250595	-0.07271990495685231	0.900597183420891	0.981530518326758	-0.03567316272507725	0.4766931582194534	-0.09149737563637896	-0.2107094498778829	-0.6408538044569869	0.1484162305232969	0.2431933633456964	-0.2678002600454105	0.8494125326729689	-0.007808994329177374	-0.2252197771013823	0.8346921240412672	0.1452829094526211	-0.6329401664432169	2.623183378851087	-0.7376201652588925	0.1598149152652335	0.03827256144249903	0.1219933839105152	0.03229565540334361	0.2210085280955185	0.1011344328634893	0.03210709153852393	0.09357422881941183	0.08118806247017142	0.08506542792373779	0.06496257971286297	0.08845351739027447	0.05601975941098003	0.1276574275627471	0.08742819352994484	0.05539794999664864	0.2774523438848421	0.4330720109400641	0.02850626341142483	4.074097211368376e-05	0.03568587122918926	0.1194766294233775	0.03232696363212864	0.2190315283801807	0.1011477965346746	0.03302160162608084	0.09393371311315281	0.08143129995876768	0.0845148558818483	0.05849956850656857	0.08574808530338734	0.05571280585278421	0.1279855653062063	0.09433021724192793	0.06344409701421805	0.2589785838960376	0.4159869295959919	0.02906021864830493
1.014385216282211	-0.07326319770094211	0.9022728581213815	0.9815136436971601	-0.03610953189360774	0.4783371185380901	-0.09118946529415699	-0.2119437873386285	-0.6356645676164664	0.1469636987208685	0.2434980271893751	-0.283869668754012	0.8520649190112854	-0.009334538443440553	-0.2178894315537377	0.8345727085851383	0.1674110388874537	-0.6203456986995828	2.645868267795673	-0.7372892601872285	0.1495842476861205	0.03794083448187891	0.1217070231588515	0.03230160278256565	0.2208038171102948	0.1011375435267142	0.03223057584556256	0.09361221278912782	0.08121633199133936	0.08500185364244218	0.06418557547510652	0.08814380599134454	0.05597648823483706	0.1277068493642163	0.08822960127585897	0.05639867213272019	0.2758060734269089	0.4316970341548078	0.02857913056999863	4.209395925459689e-05	0.03537569831728848	0.1190008311213858	0.03236080587077865	0.2184907295018436	0.1011784934489514	0.03320623293676635	0.09391353102105041	0.08145300466304366	0.08446526361881219	0.05787590537612004	0.08551901138925837	0.05558673540869434	0.1282845764317427	0.09509449436196443	0.06448804338275026	0.2575641253854882	0.4142934596886929	0.02913217845457472
1.016354896313827	-0.07383822398354423	0.9039538254284886	0.9814937051925503	-0.03653160974670425	0.4799808509453296	-0.09083771302960809	-0.2131530254557126	-0.630431007880617	0.145511697170369	0.2437827924189195	-0.300022292663721	0.854786609450227	-0.01092007553970773	-0.2107084979846967	0.834460761784967	0.1897996986326534	-0.607454421635923	2.668188581852212	-0.7370815683881583	0.1396099840661779	0.03761148572996074	0.1214008427783238	0.03231096805549583	0.2205684695574451	0.1011436186906781	0.0323615201736086	0.09364386236308474	0.08124386950293058	0.08493981765977697	0.06342503411629358	0.08784278908416887	0.05592355163582832	0.1277819657564538	0.08902580026702657	0.05740246420055268	0.2741771716116278	0.4302965983229156	0.0286518743719996	4.344694639551002e-05	0.03506552540538769	0.1185250328193942	0.03239464810942866	0.2179499306235065	0.1012091903632282	0.03339086424745187	0.09389334892894798	0.08147470936731964	0.08441567135577609	0.05725224224567153	0.0852899374751294	0.05546066496460446	0.128583587557279	0.09585877148200095	0.06553198975128247	0.2561496668749388	0.4125999897813939	0.0292041382608445
1.018324576345443	-0.07444514650782161	0.9056402219557482	0.9814705846142882	-0.03693968988716653	0.4816243648652336	-0.09044160622408327	-0.2143365843844441	-0.6251538341307525	0.1440599868046397	0.2440481806310096	-0.3162562050140682	0.8575777504194401	-0.01256561751470496	-0.2036755481915991	0.8343478671881072	0.2124479157775353	-0.5942743492106961	2.690158993809824	-0.7369916519123603	0.129918467926216	0.0372844863420759	0.121074154877874	0.03232396798757384	0.2203017087890883	0.1011530865485171	0.03250071743319894	0.09366851003402955	0.08127036299251254	0.08488009776920399	0.06268112988977075	0.08755070603751831	0.05586088147794693	0.1278830862338888	0.08981586005962314	0.05840634625777566	0.2725680141554636	0.4288741764302675	0.02872445375335807	5.119313755166878e-05	0.03475955693766129	0.1179971266564181	0.03243880185742298	0.217331550519495	0.1012536555675307	0.03360322516475354	0.09384841840993402	0.08148943691202412	0.08438297674260586	0.05666320676417781	0.085082270815281	0.05531416808850396	0.1289400501949862	0.09659551732578493	0.06653200295576613	0.2548227028602458	0.4109466312073798	0.0292751988120938
1.020294256377059	-0.07508412244244783	0.9073321846161336	0.9814441639282141	-0.03733406019220745	0.4832676457137921	-0.09000063557122008	-0.2154939092072175	-0.6198337132951738	0.1426083424969174	0.2442947884818013	-0.3325691176290719	0.860438423535818	-0.01427102704454686	-0.1967876501292836	0.8342241577943809	0.2353541405771321	-0.5808164510904262	2.71179677966113	-0.7370143304723328	0.1205405182066089	0.03695981163259268	0.1207263627759075	0.0323407845340849	0.2200028467770308	0.1011663149432973	0.03264883264138786	0.09368558319192764	0.08129554594291759	0.08482335944049657	0.06195400616479754	0.08726776097712399	0.05578841944104559	0.1280104746593085	0.09059898708877689	0.05940781374086311	0.2709807180710408	0.4274329006044764	0.02879683430443632	5.893932870782754e-05	0.03445358846993489	0.1174692204934421	0.03248295560541731	0.2167131704154835	0.1012981207718333	0.0338155860820552	0.09380348789092006	0.08150416445672858	0.08435028212943563	0.0560741712826841	0.08487460415543259	0.05516767121240346	0.1292965128326934	0.09733226316956892	0.06753201616024979	0.2534957388455528	0.4092932726333657	0.02934625936334311
1.022263936408675	-0.07575530584178243	0.909029850407243	0.9814143253272988	-0.03771500420532588	0.4849106654981102	-0.08951429398218595	-0.2166244603322418	-0.614471288768248	0.1411565451309987	0.2445232539477824	-0.3489588198641169	0.8633686713265875	-0.01603612168189063	-0.1900409249202257	0.8340794201448267	0.2585168269046761	-0.5670930245929701	2.733120349176685	-0.7371456958878291	0.1115058631483441	0.036637352372203	0.1203568155288151	0.03236161461900994	0.2196712820064336	0.1011838142014447	0.03280677943278446	0.09369449747109715	0.0813192328329185	0.08477006842124661	0.06124358794735331	0.0869940814985031	0.05570615844129283	0.1281643295767168	0.09137448071853987	0.06040407791941549	0.2694174760409639	0.42597602638302	0.0288689557653524	6.454639625913633e-05	0.03415042185626516	0.1168874676257419	0.03253790372117436	0.216018259481141	0.1013594520837733	0.03406057082747478	0.09373283627062858	0.08151299048862025	0.08433181319562931	0.05551617380048111	0.08468723390450797	0.05500154258073026	0.1297095841182434	0.0980419895991755	0.06847960039822347	0.2522604361953164	0.4076871735439223	0.02941596324787644
1.024233616440291	-0.07645884576466762	0.9107333563282212	0.981380951541252	-0.03808279220384887	0.4865533692979448	-0.08898207770672592	-0.2177277339458766	-0.6090671530121526	0.1397043851592226	0.2447342864146434	-0.365423718087638	0.8663684524581657	-0.01786067499753557	-0.1834291486375612	0.8339033610747379	0.2819349784706087	-0.5531190192019463	2.754150080319366	-0.737382368445136	0.1028391555782516	0.03631701606950193	0.1199649483002634	0.03238662350891475	0.2193064806127113	0.1012060226748508	0.03297532395126607	0.09369475137552394	0.08134126517109622	0.08472062307523714	0.0605498056129995	0.08672977576147765	0.05561409196196253	0.1283448190478776	0.09214174217254384	0.06139279107685076	0.2678802394573672	0.4245064899347181	0.02894076762708949	7.015346381044509e-05	0.03384725524259544	0.1163057147580416	0.03259285183693142	0.2153233485467984	0.1014207833957133	0.03430555557289436	0.0936621846503371	0.08152181652051194	0.08431334426182302	0.05495817631827813	0.08449986365358333	0.05483541394905703	0.1301226554037935	0.09875171602878206	0.06942718463619713	0.2510251335450799	0.4060810744544791	0.02948566713240978
1.026203296471907	-0.07719488940209419	0.9124428392968617	0.9813439256081377	-0.03843768551189416	0.4881956886742314	-0.08840348409417233	-0.2188032467268905	-0.6036218710946634	0.1382516569744357	0.2449286263358411	-0.3819626067604686	0.8694376884351501	-0.01974445109363532	-0.1769449306809755	0.8336857577760821	0.305607981220957	-0.538910602043955	2.774907130129829	-0.7377217488723324	0.09456433558299936	0.03599871115351543	0.1195503292489579	0.03241596801794708	0.2189081361370751	0.1012334337442537	0.03315541942908806	0.09368574508748975	0.0813613579504259	0.08467573817142313	0.05987239839848581	0.08647487404606759	0.05551227581640139	0.1285520040865554	0.09290027252530926	0.06237143201162087	0.2663709431458888	0.4230273477759025	0.02901218583950678	7.682462931703335e-05	0.03354678349646103	0.1156719661881015	0.03265868047198536	0.2145562190686477	0.101500572970982	0.03458721738357658	0.09356337284967527	0.081522294199719	0.08431525289863591	0.05442784045851772	0.08433153328061307	0.05465070404110151	0.1305905729269217	0.09943534049558855	0.07031591723285835	0.2498833527992157	0.4045290252239415	0.0295534130121821
1.028172976503523	-0.07796358182852114	0.9141584359359796	0.9813031312041397	-0.03877992308091918	0.4898375286279861	-0.08777801104738335	-0.2198505607956216	-0.5981359509354126	0.1367981609781789	0.2451070770683774	-0.3985750797477062	0.8725762331323698	-0.02168719981199242	-0.170578623766181	0.833416606243522	0.3295360278940079	-0.5244862117574602	2.795413863558956	-0.7381618601586299	0.086705366580427	0.03568236009625839	0.1191125831561719	0.03244977971144014	0.2184759748256003	0.1012664711308383	0.03334786504373266	0.09366696370251858	0.081379267675579	0.08463602502648115	0.05921113838029719	0.08622940104460343	0.05540075688371385	0.1287859341268285	0.09364964420320981	0.06333787406325542	0.2648913062298733	0.421541356459889	0.02908313994154473	8.349579482362158e-05	0.03324631175032661	0.1150382176181613	0.0327245091070393	0.2137890895904969	0.1015803625462507	0.0348688791942588	0.09346456104901345	0.08152277187892608	0.0843171615354488	0.05389750459875731	0.08416320290764279	0.05446599413314599	0.1310584904500499	0.1001189649623951	0.07120464982951957	0.2487415720533514	0.4029769759934038	0.02962115889195441
1.030142656535139	-0.07876506784833114	0.9158802826549491	0.9812584523378944	-0.03910973046612869	0.4914787810971801	-0.08710515594860831	-0.2208692632100633	-0.5926098707027652	0.1353436997705176	0.2452704736223395	-0.415261101756302	0.8757839121738704	-0.02368866277609964	-0.1643195753585409	0.8330860339938166	0.353719693437492	-0.5098652773055642	2.815692985943751	-0.7387013676140514	0.07928701548812042	0.03536795673562833	0.118651614987762	0.0324881649744264	0.218010099530546	0.1013055330884468	0.03355358872317902	0.09363784420758411	0.08139463000317854	0.08460241084159426	0.05856564724453884	0.08599330679820408	0.05527966137839962	0.1290465074047641	0.09438951903262897	0.06428991349757004	0.2634429899041644	0.4200514162386054	0.02915352503675068	9.255076310128626e-05	0.03294958334199729	0.1143573498041085	0.03280099215352531	0.2129576230665162	0.1016787111323334	0.03519039045359375	0.09333604271749776	0.08151244166154664	0.08434587199139586	0.05339195949617025	0.0840126075088089	0.05426410999337657	0.1315784917397491	0.1007774645932362	0.07203005556997412	0.2476939608623205	0.4014861116806635	0.02968630435671445
1.032112336566755	-0.07959949306375348	0.917608515340358	0.9812097737261917	-0.03942730282973641	0.4931193124847819	-0.08638441374498465	-0.2218589944341555	-0.5870440486370774	0.1338880784454018	0.2454197188126379	-0.4320213158669289	0.879060501829634	-0.02574855898710037	-0.1581552922138432	0.8326844672191975	0.3781602576107768	-0.4950690406929127	2.835767431113817	-0.7393397068034238	0.07233615205852845	0.03505549562855816	0.1181673412230135	0.03253121301769296	0.2175105976758069	0.1013509615476472	0.03377336822443778	0.09359790309950966	0.08140713363351533	0.08457568848331605	0.05793559730813544	0.08576654725396884	0.05514909596301132	0.1293336330664304	0.0951196060454832	0.0652256871405392	0.2620274672252366	0.4185601423818982	0.02922325317671966	0.000101605731378951	0.03265285493366796	0.1136764819900556	0.03287747520001132	0.2121261565425356	0.1017770597184161	0.03551190171292872	0.09320752438598211	0.08150211144416721	0.0843745824473429	0.05288641439358318	0.08386201210997503	0.05406222585360714	0.1320984930294482	0.1014359642240774	0.07285546131042865	0.2466463496712896	0.3999952473679231	0.02975144982147449
1.034082016598371	-0.0804670041319281	0.9193432695689331	0.981156980463492	-0.03973281834810572	0.4947589767156349	-0.08561527748613221	-0.2228194234060139	-0.5814388728070709	0.1324311025762032	0.2455557510354004	-0.4488565843947925	0.8824057572855537	-0.02786658425748497	-0.1520725819011536	0.832202446678743	0.4028592174136017	-0.4801194954368821	2.855659960067836	-0.7400767411163636	0.06587873577380017	0.03474509990846922	0.1176600555706672	0.03257898449376967	0.2169780007950944	0.1014029945345883	0.03400806360892628	0.09354674002119785	0.0814164828123026	0.08455662759443987	0.05732057050153635	0.08554900863645487	0.05500928046876331	0.1296469912778992	0.09583966867857455	0.06614334294759545	0.2606461318338696	0.4170702362799837	0.02929220426822138	0.0001128747638378705	0.03236193060910198	0.1129555694691361	0.03296427650247134	0.2112401556485456	0.1018925244927247	0.03587567146017624	0.09305016936566773	0.0814808340378612	0.08443073416337406	0.05240368756181443	0.08372784722141711	0.05384522126975995	0.1326661370065998	0.1020698811976632	0.07361495358679783	0.2456927850453596	0.3985710277763702	0.0298133653610959
1.036051696629987	-0.08136775033183093	0.9210846802273986	0.9810999585246353	-0.04002641910860646	0.49639760312008	-0.08479723596179202	-0.2237502785054183	-0.5757946725758805	0.1309725769322483	0.2456795724554958	-0.4657680419129628	0.885819397904246	-0.03004237225397665	-0.1460571532138503	0.8316307016901977	0.4278183202513499	-0.4650399154813674	2.875392519944381	-0.7409132198359377	0.05993737027981579	0.03443687315345854	0.1171300113819327	0.03263153021528754	0.2164127749131403	0.1014618362942119	0.0342583955328407	0.09348401084659018	0.08142242479735497	0.08454588603398937	0.0567202058826133	0.08534059228534509	0.05486040105201567	0.1299863032958487	0.09654950237001944	0.06704131075954095	0.2593002164932136	0.4155841333284391	0.02936027760855545	0.00012414379629679	0.032071006284536	0.1122346569482166	0.03305107780493136	0.2103541547545557	0.1020079892670333	0.03623944120742374	0.09289281434535338	0.0814595566315552	0.08448688587940523	0.05192096073004566	0.08359368233285919	0.05362821668591276	0.1332337809837513	0.1027037981712491	0.07437444586316699	0.2447392204194296	0.3971468081848172	0.02987528090071731
1.038021376661602	-0.08230188250732944	0.9228328818227231	0.9810385943873817	-0.04030822809841513	0.4980350089084291	-0.08392977560022737	-0.2246513190803072	-0.5701117487760348	0.1295123051637967	0.2457922134588532	-0.4827566996835011	0.8893011324895876	-0.03227550342044474	-0.1400945694241848	0.8309598404954577	0.453039146392721	-0.4498540035823755	2.894986415115541	-0.7418501212429082	0.05453150802227195	0.03413109583071077	0.1165778916780999	0.03268888678000834	0.2158157525792861	0.1015275112079309	0.03452513671265079	0.09340950930420851	0.0814247584839243	0.08454400156317415	0.0561341286478351	0.08514113555561691	0.05470280861888364	0.130350953278247	0.09724889846121067	0.06791809188338853	0.2579907865932377	0.4141042944493055	0.02942734349329442	0.0001418330526527453	0.03178886071686141	0.111482177609007	0.03314804031705331	0.209422223733627	0.1021375536350738	0.03664732692327924	0.09270866815778361	0.08142790884565855	0.08456922093718862	0.05146033328580677	0.08347467617470881	0.05339911450970725	0.1338422937985394	0.1033127381750651	0.07506690564283007	0.2438773185111124	0.3957929022452905	0.02993336986027316
1.039991056693218	-0.08326955326544104	0.9245880080844924	0.9809727758170435	-0.04057833085840753	0.4996709858094114	-0.08301237976653558	-0.2255223674081583	-0.5643903484324043	0.1280500870698172	0.2458947462406232	-0.4998228895118343	0.8928506602389361	-0.03456541672767895	-0.134170749833375	0.8301798496438804	0.4785224487449385	-0.4345859806360984	2.914461319083598	-0.7428894003825514	0.04967353616809269	0.0338280040749802	0.1160042873435213	0.03275108481307866	0.2151876660320979	0.1016000400006328	0.03480893441496744	0.09332305769657523	0.08142331196193378	0.08455143352507674	0.05556201534352802	0.08495049803117352	0.05453680060879457	0.1307404074541976	0.09793767603162967	0.06877241146231128	0.2567187809974165	0.4126329375318544	0.02949329314595669	0.0001595223090087005	0.03150671514918683	0.1107296982697973	0.03324500282917527	0.2084902927126982	0.1022671180031142	0.03705521263913474	0.09252452197021387	0.08139626105976189	0.08465155599497201	0.05099970584156787	0.08335567001655844	0.05317001233350175	0.1344508066133275	0.103921678178881	0.07575936542249315	0.2430154166027952	0.3944389963057637	0.02999145881982901
1.041960736724834	-0.08427091535522986	0.9263501923456453	0.980902391367917	-0.04083679465236066	0.5013053121178287	-0.08204453119013423	-0.2263632777102886	-0.5586306932845505	0.126585719764307	0.2459882570116165	-0.5169662015404369	0.8964676868949134	-0.03691144976196388	-0.1282723695654394	0.8292799823240476	0.5042681109981201	-0.4192600770203988	2.933835939443544	-0.7440332034811061	0.04537312729552287	0.03352803067152708	0.1154102393277469	0.03281815903085399	0.2145295524492773	0.1016792049935651	0.0351104700886311	0.0932245878994485	0.08141789000478308	0.08456870747408202	0.05500359165391907	0.08476848518534875	0.05436287487096295	0.1311537012876409	0.09861558631396586	0.06960309860027857	0.2554849874769317	0.4111722281680614	0.02955799152915116	0.0001785288807433501	0.03123680645482396	0.1099549206961569	0.03335223651702728	0.2075200338612521	0.1024064476613843	0.0375086966507899	0.09231534158154381	0.08135360307134917	0.08476186715346175	0.05056156712654671	0.08325067329429413	0.05293257671528021	0.1350912560743055	0.1045041204208937	0.07638467371016662	0.2422428274361731	0.393156805884275	0.03004515727031099
1.04393041675645	-0.08530611800833232	0.9281195672012792	0.9808273316336311	-0.0410836544894464	0.5029377355150645	-0.08102571573714287	-0.2271739674621621	-0.5528329587743008	0.1251189933824434	0.2460738518519749	-0.5341843673019449	0.9001519448277794	-0.03931271184534896	-0.1223881898222535	0.8282476721697213	0.5302738611665914	-0.4039002331248038	2.953126827031995	-0.7452846993122193	0.04163574002107582	0.03323153996278441	0.1147966489489153	0.03289013849218513	0.2138423253340471	0.1017648190421634	0.03543031438759145	0.0931140407483306	0.08140832570125117	0.08459627216840652	0.05445862021048765	0.08459492942617627	0.05418145359737845	0.1315900006358889	0.09928241397017447	0.07040915311936762	0.2542900966177838	0.409724117240795	0.02962132537766514	0.0001975354524779997	0.03096689776046108	0.1091801431225166	0.0334594702048793	0.2065497750098059	0.1025457773196543	0.03796218066244507	0.09210616119287374	0.08131094508293649	0.0848721783119515	0.05012342841152556	0.0831456765720298	0.05269514109705865	0.1357317055352834	0.1050865626629063	0.07700998199784009	0.2414702382695509	0.3918746154627863	0.03009885572079296
1.045900096788066	-0.08637530681434225	0.9298962649047631	0.9807474884564814	-0.04131893137461402	0.5045679865249271	-0.07995542302669767	-0.227954385463102	-0.5469972993385528	0.1236496937113781	0.2461526428179326	-0.551473991461718	0.9039031851884707	-0.0417681862532234	-0.1165082898337782	0.827069258811061	0.5565361237064967	-0.3885301411015465	2.972349335605465	-0.7466473251631105	0.03846610298283737	0.03293905636005853	0.1141648743432623	0.03296705210055628	0.2131272378630421	0.1018564556644697	0.03576905565260491	0.09299145637411006	0.0813943864423928	0.08463475382740529	0.05392692335445968	0.08442962979313076	0.05399313103404724	0.1320481217767671	0.09993785419649472	0.07118962063212166	0.2531347070976102	0.4082904843699862	0.02968316032017168	0.0002115455978023547	0.03071225742323284	0.1083928271544053	0.03357701549361703	0.205549748358041	0.1026902410840062	0.03846238740192658	0.09187367571028757	0.08125589536405126	0.08501422500041693	0.04970845324170971	0.0830538741163821	0.05245281987402798	0.136396289719449	0.1056405411362192	0.07756742378465574	0.2407856618173271	0.3906647224897258	0.03014767568898288
1.047869776819682	-0.08747861539086776	0.9316804171118245	0.9806627566775853	-0.04154262389252834	0.5061957569097576	-0.07883315559103571	-0.2287045419525569	-0.5411238323879078	0.1221775962564583	0.2462257545515561	-0.5688293522440314	0.9077212017150631	-0.04427660590980585	-0.1106255164020701	0.8257288841461374	0.5830486404079552	-0.3731728978383232	2.991516308998301	-0.7481254741332654	0.03586907215825876	0.03265102116016993	0.1135160919450926	0.03304892405118946	0.2123853948556803	0.1019537484528781	0.03612718645928544	0.09285686856263582	0.08137587335128149	0.08468468712232097	0.05340834635467557	0.08427241332198343	0.05379841124182181	0.1325270420532634	0.1005816435652729	0.07194368239995827	0.2520193404484971	0.4068730218927781	0.02974338363119026	0.0002255557431267097	0.0304576170860046	0.1076055111862941	0.03369456078235478	0.204549721706276	0.1028347048483581	0.0389625941414081	0.09164119022770138	0.08120084564516604	0.08515627168888236	0.04929347807189385	0.08296207166073441	0.05221049865099731	0.1370608739036145	0.106194519609532	0.0781248655714714	0.2401010853651033	0.3894548295166654	0.03019649565717279
1.049839456851298	-0.08861616914721032	0.9334721552199539	0.9805730328778766	-0.04175472204932129	0.5078207169806234	-0.07765842498065896	-0.229424477364418	-0.5352126593397424	0.1207024707183012	0.2462943180254762	-0.5862438931778624	0.9116058001253563	-0.04683661124821937	-0.104733630233619	0.8242100553841988	0.6098041838924499	-0.3578515610877889	3.010639197111283	-0.7497234930194284	0.03384952028567305	0.03236795623908003	0.1128519266693334	0.03313574272213131	0.2116183101402304	0.1020561686564535	0.03650519110132552	0.0927104600421698	0.0813525724183873	0.08474665909890117	0.05290273563028872	0.08412310624450194	0.05359785843415617	0.1330256431052697	0.1012134608366442	0.07267040371823484	0.250944424910881	0.4054732754058233	0.02980187302551076	0.0002431540807240696	0.0302200980264799	0.1068155739949188	0.03382187956398852	0.2035301913930788	0.1029808401786649	0.03951013343547764	0.0913881470625571	0.081132874407286	0.08533170901899623	0.0489014641536894	0.08288322036997084	0.05196496656905818	0.1377464008628997	0.1067185769126524	0.07861118960471807	0.2395030020582511	0.3883155761976066	0.03024013375225726
1.051809136882914	-0.08978807439481511	0.9352716101342018	0.9804782174149471	-0.04195520138118436	0.5094424925367593	-0.07643076393575823	-0.2301142927805631	-0.5292638551823561	0.1192240746604917	0.246359477631464	-0.6037096266747504	0.9155567997149723	-0.04944668566243927	-0.09882785163348383	0.8224953674638498	0.6367938444798543	-0.3425892586643878	3.029726677144914	-0.7514462781946865	0.03241279400472046	0.0320903004621417	0.1121737862602003	0.03322749830426251	0.2108273192360505	0.1021632621114394	0.03690347498484071	0.09255238707046858	0.0813243006332641	0.08482117076295941	0.05240995721177127	0.0839815590053922	0.05339195126259248	0.1335429592959952	0.1018330282882249	0.0733689811801379	0.2499103299176015	0.4040926354966026	0.02985852589402915	0.0002607524183214295	0.0299825789669552	0.1060256368035434	0.03394919834562227	0.2025106610798817	0.1031269755089718	0.04005767272954718	0.09113510389741283	0.08106490316940597	0.08550714634911009	0.04850945023548496	0.08280436907920727	0.05171943448711905	0.1384319278221849	0.1072426342157728	0.07909751363796473	0.238904918751399	0.3871763228785478	0.03028377184734172
1.05377881691453	-0.09099442611411579	0.93707891254624	0.9803782127302153	-0.0421440321159689	0.5110606853217553	-0.07514971785180516	-0.2307741195400186	-0.5232774831916283	0.1177421591899451	0.2464223845812717	-0.6212181875456118	0.919574015027477	-0.05210526614261484	-0.09290362379838189	0.8205673927680166	0.6640082488203294	-0.3274094449611303	3.048786086226966	-0.7532984689885465	0.0315632524020573	0.03181852247492393	0.1114834805913736	0.03332412332777555	0.2100140171963495	0.1022744622015131	0.03732240817769655	0.09238301009356788	0.08129094052098977	0.08490856866340815	0.05192983798109602	0.08384764657081614	0.05318114376268696	0.1340779610203312	0.1024400125061318	0.07403838828557607	0.2489173112532078	0.4027323030097475	0.02991324263155531	0.0002853319027403925	0.0297632157053664	0.1052423846674776	0.03408535580084469	0.2014789463359649	0.1032721145277185	0.04065260705394967	0.09086540590971995	0.08098492759243792	0.08571391195852733	0.04813954878701936	0.08273870650624551	0.05147090967748028	0.1391358829119605	0.1077353307959431	0.07950763198018142	0.238391184615161	0.3861045904106458	0.03032213847903335
1.055748496946146	-0.09223530019438764	0.9388941924620999	0.980272925080656	-0.04232116785379836	0.5126748596000215	-0.07381485373751009	-0.2314041532897623	-0.5172536005998297	0.1162564640764689	0.2464841985753676	-0.6387634022208544	0.9236571093932366	-0.05481100993120405	-0.08695284101125485	0.8184150172044662	0.6914403108741799	-0.3123376385293908	3.067814689300015	-0.7552840598533184	0.03130300104323413	0.03155301601893995	0.1107825776072952	0.03342556111709097	0.2091798117634852	0.10238928229959	0.03776230046491395	0.09220263803283989	0.08125239154681238	0.08500914811527878	0.05146222761808433	0.08372126120760522	0.05296582115147973	0.1346297596689957	0.1030341251051562	0.07467774252808282	0.2479655848135577	0.4013933572852406	0.02996593963366987	0.0003099113871593556	0.0295438524437776	0.1044591325314118	0.03422151325606711	0.2004472315920481	0.1034172535464651	0.04124754137835217	0.09059570792202708	0.08090495201546988	0.08592067756794458	0.04776964733855375	0.08267304393328376	0.0512223848678415	0.139839838001736	0.1082280273761134	0.07991775032239812	0.2378774504789229	0.3850328579427439	0.03036050511072497
1.057718176977762	-0.0935107656178429	0.9407175793699192	0.9801622623621989	-0.04248654974007652	0.5142845682638065	-0.07242574663940353	-0.2320046240807203	-0.5111922730764482	0.1147667244179414	0.2465460810719049	-0.6563402323102737	0.9278056607556993	-0.0575626923803766	-0.08096554310464581	0.8160305300723656	0.7190841127852572	-0.2974004305776037	3.086804386909261	-0.7574063648330047	0.03163215320987915	0.0312942214694399	0.110072986165166	0.0335317312744565	0.2083264306564969	0.1025070202359668	0.03822335642647553	0.0920118023326488	0.08120866721718512	0.08512292098940803	0.05100701487024386	0.08360231305852127	0.05274643558883085	0.135197334993659	0.1036149884355026	0.07528601413762723	0.2470552291397753	0.4000766467385565	0.0300165384212461	0.0003301125465459579	0.02934389090189952	0.1036908965641726	0.03436605709939159	0.1994120066601721	0.1035567924092732	0.04188867945685351	0.0903137847495019	0.08081485595298583	0.08615414247629717	0.04742229700082134	0.08262074458703592	0.05097249517854651	0.1405584950503888	0.1086872916465008	0.08024779335153703	0.2374452207099785	0.3840241057264325	0.03039356990195158
1.059687857009378	-0.09482087737653598	0.9425492016087634	0.9800461357712655	-0.04264009285040341	0.5158893443403376	-0.07098198814474788	-0.2325758329846297	-0.5050935901925978	0.1132726664426826	0.2466091884597497	-0.6739430622269693	0.9320192161137466	-0.06035902463465737	-0.07493183687544329	0.8134065145061995	0.7469329761147935	-0.2826253152565509	3.105745075924202	-0.7596688243369266	0.03254673515943195	0.03104250849741215	0.109356359647242	0.03364256629800564	0.207455399082855	0.1026270730022461	0.03870574736017265	0.09181095884730077	0.0811597789367027	0.08524989657544003	0.05056410222716413	0.08349072457579397	0.05252337069669531	0.1357798067255115	0.1041822759874124	0.07586231646409732	0.2461863027035623	0.3987829327673046	0.03006497309576821	0.0003503137059325602	0.02914392936002145	0.1029226605969335	0.03451060094271608	0.1983767817282961	0.1036963312720812	0.04252981753535486	0.09003186157697671	0.08072475989050179	0.08638760738464976	0.04707494666308892	0.08256844524078807	0.05072260548925152	0.1412771520990415	0.1091465559168882	0.08057783638067595	0.2370129909410341	0.3830153535101212	0.03042663469317819
1.061657537040994	-0.09616568280692782	0.9443891869171452	0.9799244582275746	-0.04278169941919974	0.517488711016213	-0.06948317895984917	-0.2331181174226735	-0.4989576552051601	0.111774012058875	0.2466746704117453	-0.6915656371841004	0.936297321389434	-0.06319865601614286	-0.06884236080448053	0.8105350408322263	0.7749794547997578	-0.2680400278860942	3.12462648551113	-0.7620745779717878	0.03404040697985979	0.03079830494434405	0.108634649822681	0.03375798491748214	0.2065684178539516	0.1027485336807892	0.03920943265530777	0.09160078575594384	0.08110585340912688	0.08538979513774107	0.05013344473432232	0.08338641766401217	0.0522971105016227	0.1363759477319058	0.1047355342964646	0.07640577264395325	0.2453586741984996	0.397512709918556	0.03011118696615808	0.0003707157883803462	0.02896476872628724	0.1021770554546821	0.0346632239549636	0.1973437543241204	0.1038238851141395	0.04321404693594179	0.08974232623702598	0.08062659756882772	0.08664265954280773	0.04675087728817531	0.08252939659107712	0.0504735328461363	0.1420026155261435	0.1095695677014812	0.08082669036193038	0.2366580747263938	0.3820637476625456	0.03045445616114639
1.06362721707261	-0.09754521095643516	0.946237661840332	0.9797971463598367	-0.04291124877751926	0.5190821691545359	-0.0679289415819245	-0.233631888137911	-0.4927845985034101	0.1102704747616721	0.2467436541401844	-0.7092002839985994	0.9406395219673048	-0.06608011259716039	-0.0626890345621382	0.8074070385044425	0.8032144001365665	-0.2536726710396184	3.143438224002504	-0.7646268927317634	0.03610240380299938	0.03056196967657117	0.1079095466367188	0.03387791892139676	0.2056669886032707	0.10287062341078	0.03973437840187991	0.09138186502593958	0.08104699880564339	0.08554237691954442	0.04971500134952031	0.08328932490409002	0.0520680656150049	0.1369846992626734	0.1052743716170803	0.07691562463336009	0.244572216122494	0.3962664206107945	0.03015513240108589	0.0003911178708281321	0.02878560809255303	0.1014314503124308	0.03481584696721112	0.1963107269199446	0.1039514389561977	0.04389827633652873	0.08945279089707525	0.08052843524715361	0.08689771170096569	0.0464268079132617	0.08249034794136617	0.05022446020302108	0.1427280789532455	0.1099925794860742	0.08107554434318483	0.2363031585117535	0.38111214181497	0.03048227762911458
1.065596897104226	-0.09895948035596883	0.94809475232621	0.9796641187702324	-0.04302861004293865	0.5206692073684466	-0.06631891105036368	-0.2341175928845551	-0.4865745641785239	0.1087617639503802	0.2468172512292817	-0.7268386593753315	0.9450453639859866	-0.06900186875531461	-0.05646442974234968	0.804012926329117	0.8316278614843344	-0.2395514280472102	3.162169951390203	-0.7673287081856726	0.03871996117095013	0.03033391521720995	0.1071830805649492	0.03400227127370044	0.2047528318619454	0.1029923049927104	0.04028020713199855	0.091155016539449	0.08098341993592881	0.08570714780100055	0.04930876267915747	0.08319936654717974	0.05183674835616795	0.137604775497485	0.1057983461007808	0.0773912222280471	0.2438265567993175	0.3950442347669294	0.03019677629220761	0.0004171019330013349	0.02862856139994922	0.100716886368245	0.03497599806723489	0.1952864711344838	0.1040612194467813	0.04462005038869967	0.08916069543333985	0.08042405887607597	0.08716951844562253	0.04612647295486555	0.08246424230074391	0.04997843945141132	0.1434545059743456	0.1103778428686963	0.08124401526678732	0.2360199403494591	0.3802113207848514	0.03050502357482142
1.067566577135842	-0.1004084857693703	0.9499605831371756	0.9795252981964396	-0.04313363475381652	0.5222492876430023	-0.06465275075358896	-0.2345757534660666	-0.4803277229146221	0.1072475813012846	0.2468965353679894	-0.7444710068304898	0.9495143985170129	-0.07196230071039005	-0.05016258740502384	0.8003420069943284	0.8602082003549931	-0.2257045076611037	3.180811756180198	-0.7701829656721622	0.04187698450201479	0.03011448729555523	0.1064570087579428	0.03413096054194709	0.2038274666469027	0.1031126875952699	0.04084660295106545	0.09092094403297514	0.08091529176153693	0.08588368506978546	0.04891471796896375	0.08311647381893568	0.05160359325868402	0.1382350670075642	0.1063070756104231	0.07783199918089759	0.2431213561104936	0.3938463024253347	0.03023609078657262	0.0004430859951745376	0.02847151470734542	0.1000023224240592	0.03513614916725866	0.194262215349023	0.1041709999373649	0.04534182444087061	0.08886859996960444	0.08031968250499831	0.08744132519027938	0.04582613799646941	0.08243813666012165	0.04973241869980157	0.1441809329954457	0.1107631062513183	0.08141248619038981	0.2357367221871647	0.3793104997547328	0.03052776952052826
1.069536257167458	-0.1018922086316481	0.9518352784488954	0.9793806095447651	-0.04322616718782001	0.5238218574872628	-0.06293013997886479	-0.2350069286716542	-0.4740442582614681	0.1057276247958372	0.2469825581151759	-0.7620866208039242	0.9540461885085042	-0.07495972200155414	-0.0437787167505213	0.7963827410693285	0.8889426627043843	-0.2121597883062017	3.199354078227203	-0.77319236357987	0.04555638225583766	0.02990410969835088	0.1057333959687644	0.03426389813682035	0.2028925376663374	0.1032306237363904	0.04143278751118502	0.09068057496338795	0.08084286240373344	0.08607137217735039	0.04853291287088624	0.08304053746546954	0.05136920117553019	0.1388740862520992	0.106800138579189	0.07823770862394776	0.2424559724865721	0.3926725069075557	0.0302730612024849	0.0004684468554578937	0.02833826748158317	0.09932665536910296	0.03530360772016005	0.1932513196589916	0.1042570963010152	0.04609324668247528	0.08857889240401913	0.08021061740272464	0.08772588095927615	0.04555044074805643	0.08242416598663085	0.04949279008250933	0.1448994557539027	0.1111093372416278	0.08150538582514587	0.2355180638633571	0.3784538947160752	0.03054561271572893
1.071505937199073	-0.1034105995607189	0.9537189613358982	0.9792299823172832	-0.04330604259466641	0.5253863316486241	-0.06115079465595627	-0.2354117492469426	-0.4677243776639893	0.1042015852581774	0.247076324502268	-0.7796727384338508	0.9586403324467229	-0.07799231920685605	-0.03731073290158409	0.7921217188025603	0.917816097888697	-0.1989441902801963	3.217788280535307	-0.7763596533284057	0.04973981316339412	0.02970313738375568	0.1050140277598801	0.03440100973007412	0.2019494968241315	0.1033451276974536	0.04203810927061787	0.09043470548519066	0.08076634387984948	0.08626968205326695	0.04816338338986637	0.08297146353472051	0.05113408159782553	0.1395205494244326	0.107277169940177	0.07860812712709077	0.2418298274763328	0.3915227403468176	0.03030767514533256	0.0004938077157412498	0.02820502025582091	0.09865098831414673	0.03547106627306144	0.1922404239689601	0.1043431926646656	0.04684466892407994	0.0882891848384338	0.08010155230045098	0.08801043672827293	0.04527474349964346	0.08241019531314006	0.0492531614652171	0.1456179785123597	0.1114555682319373	0.08159828545990193	0.2352994055395495	0.3775972896774177	0.03056345591092961
1.073475617230689	-0.1049635916860923	0.9556117543591458	0.9790733484433708	-0.04337309446816799	0.526942106583581	-0.05931445145562542	-0.2357908808750868	-0.4613682995853305	0.1026691499167807	0.2471788151873943	-0.7972151658520643	0.9632964634958245	-0.08105818734548136	-0.03075861290914749	0.7875441129373043	0.9468117105058489	-0.1860835996895677	3.236106321188795	-0.7796876292957345	0.0544088735990428	0.02951202134675752	0.1043009140803121	0.03454224312537471	0.2009997709333569	0.1034549506502944	0.04266134866437592	0.09018432808385513	0.08068600918495653	0.08647792106280928	0.04780624167474377	0.08290908141363978	0.05089897196869907	0.1401725741787896	0.1077377592477304	0.07894360693121523	0.2412420128373355	0.3903966859887313	0.03033992504363464	0.000518597556227159	0.02809755713367384	0.0980205504171922	0.03564609301011139	0.1912441765224767	0.1043994458082828	0.04761561740291211	0.0880064334428217	0.079989157030432	0.0883040756831069	0.04502497436975791	0.08240687748834187	0.04902438547730071	0.1463151657246183	0.1117613984225894	0.08162543362121449	0.2351372533966436	0.3767794752146598	0.03057645669297876
1.075445297262305	-0.1065510764746766	0.9575137792357107	0.9789106451346195	-0.04342716277600912	0.5284885353623102	-0.05742089617497478	-0.236145053822744	-0.4549762618561321	0.1011299982217379	0.2472909628400016	-0.8146963691946374	0.9680143058258692	-0.08415520877272752	-0.02412730923960739	0.7826317104598558	0.9759088842916772	-0.1736013145409386	3.254301492817393	-0.7831794197249075	0.05954542165604891	0.02933113916878671	0.1035957915661044	0.03468755456308112	0.2000446193043738	0.1035590195534373	0.04330148456805516	0.08993029473025003	0.08060209162971815	0.08669549649061757	0.04746158012427349	0.0828532447421917	0.05066449741099259	0.1408285352670984	0.1081815506861328	0.07924443522766887	0.2406917150793374	0.3892940561150615	0.03036980447046899	0.0005433873967130683	0.02799009401152678	0.09739011252023766	0.03582111974716135	0.1902479290759934	0.1044556989519	0.04838656588174429	0.08772368204720962	0.07987676176041301	0.08859771463794089	0.04477520523987238	0.08240355966354365	0.04879560948938433	0.1470123529368768	0.1120672286132414	0.08165258178252706	0.2349751012537377	0.375961660751902	0.0305894574750279
1.077414977293921	-0.1081729212764437	0.9594251573508207	0.9787418124524886	-0.04346809563430984	0.5300249460331721	-0.05546994293161819	-0.2364750280552088	-0.4485485106718279	0.09958380539344783	0.2474136764755879	-0.8320972351990508	0.9727936321580193	-0.08728117302183223	-0.01742429161659913	0.7773647786659125	1.005085204269377	-0.1615190886582808	3.272367629968934	-0.786838330089306	0.065131673406467	0.0291609081966804	0.1029005911072448	0.03483686998206764	0.1990854430517191	0.103656099995548	0.04395677220289811	0.08967364275137264	0.08051487307530121	0.08692167742158328	0.04712947672550916	0.08280372471145733	0.05043141677693922	0.1414864418956922	0.1086082653616652	0.07951149721980066	0.2401777943653611	0.3882144212509767	0.03039730945547661	0.0005679512224162203	0.02790953451567935	0.09681060381822219	0.03600317260091888	0.1892708962568962	0.1044777018281201	0.04916380435602526	0.08745232316081465	0.07976220293370781	0.08889718231665766	0.04455122922769184	0.08240924114213916	0.0485807225064179	0.1476788021533018	0.1123335706804845	0.0816249169011647	0.2348611896728101	0.3751786813014784	0.03059764645146763
1.079384657325537	-0.1098289393065583	0.9613460096245326	0.9785667964773646	-0.04349576737224336	0.5315506112403228	-0.05346146918439668	-0.2367816163093985	-0.4420853073626199	0.09803023757114837	0.2475478192801482	-0.8493956508675864	0.9776343155230355	-0.09043370687713127	-0.01066205260460807	0.7717208573476468	1.03431484803352	-0.1498553568879614	3.290299372224735	-0.79066796969759	0.07115051152033459	0.02900167748349104	0.1022169792582204	0.03499012728093993	0.1981234783625727	0.1037451309586362	0.04462575011378893	0.0894152625138406	0.08042459443574343	0.08715583945047668	0.04680999491587017	0.08276032527952691	0.05020037311092956	0.142144574359889	0.1090176601209549	0.07974553572723377	0.2396992335862758	0.3871573925308664	0.03042243659643583	0.0005925150481193723	0.02782897501983193	0.09623109511620671	0.0361852254546764	0.1882938634377991	0.1044997047043401	0.04994104283030622	0.08718096427441969	0.0796476441070026	0.08919664999537444	0.0443272532155113	0.08241492262073465	0.04836583552345149	0.1483452513697268	0.1125999127477275	0.08159725201980234	0.2347472780918825	0.3743957018510549	0.03060583542790736
1.081354337357153	-0.1115189138570568	0.9632764568408896	0.9783855464500825	-0.04351007024531101	0.5330647733691912	-0.05139538730592304	-0.237065654493414	-0.4355869200644923	0.09646895617456808	0.2476942322906132	-0.8665688674396513	0.982536258059887	-0.09361043562314161	-0.003854520932236683	0.7656773214830082	1.063571275501557	-0.1386272035542371	3.308091241603787	-0.794671759207782	0.07758546672764044	0.02885371676066685	0.1015468220600728	0.0351470919405996	0.1971604212207907	0.1038250398109762	0.04530601253596522	0.08915622129752244	0.08033151023419252	0.08739731152540707	0.0465030061632196	0.08272279445428427	0.04997191384604054	0.1428013156533935	0.1094097467870795	0.07994772282574572	0.2392547551808385	0.386122382879993	0.03044519499298901	0.0006170761863804801	0.02777451026927645	0.09570821237285465	0.03637144736842386	0.1873472687154991	0.1044858212304401	0.05070702615631498	0.08692532582695126	0.07953148124567404	0.08950027828752444	0.04412596818301356	0.08242835370230274	0.04816407926663782	0.1489805518584413	0.1128311440326123	0.0815233746719516	0.2346745452900321	0.3736420655657947	0.03060940754916861
1.083324017388769	-0.1132425682897577	0.9652166195657965	0.9781980177164853	-0.04351093504971349	0.5345666170687251	-0.0492716795632009	-0.2373280202154896	-0.4290536327251334	0.0948996140664672	0.2478537149471481	-0.8835939934817815	0.9874993915219048	-0.09680908471251798	0.002982881101808826	0.7592128264039851	1.092827798313986	-0.1278493012351163	3.32573667488905	-0.7988527936262759	0.08442133037440375	0.02871725088260808	0.1008917281404264	0.03530756715302549	0.1961977672153355	0.1038949041346326	0.04599554319345334	0.08889743498992883	0.08023583803291724	0.08764552047644716	0.04620839905585334	0.08269091646064182	0.04974650262821521	0.1434552681252537	0.1097845317628181	0.08011904809268322	0.2388432217139946	0.3851088620337658	0.03046559221391282	0.0006416373246415879	0.02772004551872097	0.0951853296295026	0.03655766928217132	0.1864006739931991	0.1044719377565402	0.05147300948232373	0.08666968737948282	0.07941531838434547	0.08980390657967444	0.04392468315051581	0.08244178478387085	0.04796232300982416	0.1496158523471557	0.1130623753174971	0.08144949732410089	0.2346018124881817	0.3728884292805345	0.03061297967042985
1.085293697420385	-0.1149995960441682	0.9671666182806287	0.9780041685592865	-0.04349831307391619	0.5360552996222272	-0.04709036310786606	-0.2375696096865755	-0.422485738336382	0.09332186038728195	0.2480270472527422	-0.9004495379900604	0.9925236200090227	-0.1000275605929517	0.009835948648895091	0.7523086877669729	1.122059325411576	-0.1175358817876318	3.343227683847743	-0.8032133876043478	0.09164389560941269	0.02859230742294265	0.1002535311276673	0.03547101177002684	0.19523782797844	0.1039539279295123	0.04669113522896537	0.08863999457170683	0.0801377719850227	0.08789994276782032	0.04592570096524339	0.08266446013457047	0.04952426992106452	0.1441056431040044	0.1101424347565437	0.08026066965449238	0.2384632986687144	0.384116015567718	0.03048366524104967	0.0006673757496641524	0.02768883343542172	0.09472515641368391	0.03674224669416499	0.1855035178913083	0.1044232596954042	0.05220526783644891	0.08643409181162612	0.07929742697057246	0.09011181399857658	0.04373997608216092	0.0824624080062823	0.04776875956196466	0.1502299561408179	0.1132661674098929	0.08133374899223429	0.2345644442853023	0.3721563217005793	0.03061241434954303
1.087263377452001	-0.1167896401982038	0.9691265730677179	0.977803962075995	-0.04347218654487941	0.5375299396055174	-0.04485151406832123	-0.2377913563241233	-0.415883556374065	0.091735339985327	0.2482149745490634	-0.9171186384581705	0.9976087355560046	-0.1032642900996813	0.01669532450961901	0.7449541112298321	1.151246033389386	-0.1077010478581857	3.360552088385806	-0.8077544943164702	0.09924097301024759	0.02847890782496884	0.09963380962764457	0.03563697151968568	0.1942826408627295	0.104001426145636	0.04739009891000866	0.08838483599064108	0.08003747805877955	0.08816013129190278	0.04565450945329111	0.08264322758941843	0.04930532595041729	0.1447517581987128	0.110483812800931	0.08037356746027867	0.2381137997713278	0.3831431092548453	0.03049944504647909	0.0006931141746867167	0.02765762135212248	0.09426498319786519	0.03692682410615865	0.1846063617894175	0.1043745816342683	0.05293752619057409	0.08619849624376942	0.07917953555679945	0.09041972141747873	0.04355526901380603	0.08248303122869376	0.04757519611410518	0.1508440599344802	0.1134699595022887	0.0812180006603677	0.234527076082423	0.3714242141206242	0.03061184902865621
1.089233057483617	-0.118612323367545	0.9710966036950752	0.9775973632441121	-0.04343254816512698	0.5389896442274207	-0.04255523269240917	-0.2379942121233837	-0.4092474237583337	0.09013969702342259	0.248418226921427	-0.9335880186775085	1.002754432417519	-0.1065180705459227	0.0235558113379746	0.7371440420655477	1.180372171471578	-0.09835953215488137	3.377694676268843	-0.8124760131915896	0.1072015953322798	0.02837684653178285	0.09903437436632057	0.03580455563651726	0.193335096826092	0.1040368750193345	0.04808838060316174	0.08813307262249333	0.07993508349746506	0.08842572941985423	0.04539402388773491	0.08262702984794588	0.04908937127324465	0.1453936992294244	0.1108094580487152	0.08045873150810505	0.2377933653195782	0.382189153118784	0.03051300323134557	0.0007182193992293535	0.02764608483347255	0.09387369170653517	0.03710210289237296	0.1837790443450641	0.1042931645670192	0.05360967370862293	0.08598732882448464	0.07905945296157281	0.0907329272318174	0.04338004979528812	0.08251074304589734	0.0473831634860219	0.1514510692401718	0.1136548825776714	0.08106191035445995	0.2345197159723071	0.370706284417961	0.03060783582483334
1.091202737515233	-0.1204672447796438	0.9730768287967423	0.9773843390563693	-0.04337939055742038	0.5404335254794916	-0.04020164756710323	-0.2381791704364615	-0.4025777271917277	0.08853457871683294	0.2486375087230881	-0.9498531430819637	1.007960152790557	-0.1097885699339155	0.0304226665275633	0.7288871763086475	1.209431908266845	-0.08952809709796129	3.394632748878504	-0.8173757194453916	0.1155171336552138	0.02828594939362412	0.09845678202912772	0.0359730162060826	0.1923977421868036	0.1040598232446776	0.04878257704028507	0.08788565926223832	0.07983069708155932	0.0886964326462264	0.04514356480235801	0.08261570515327503	0.04887615197465556	0.1460315397295443	0.1111200482026277	0.08051700019677209	0.2375007882184073	0.3812532556584795	0.03052439982938226	0.0007433246237719903	0.02763454831482261	0.09348240021520514	0.03727738167858726	0.1829517269007107	0.1042117474997701	0.05428182122667177	0.08577616140519985	0.07893937036634618	0.09104613304615609	0.04320483057677019	0.08253845486310092	0.04719113085793862	0.1520580785458634	0.1138398056530541	0.08090582004855221	0.2345123558621912	0.369988354715298	0.03060382262101046
1.093172417546849	-0.1223540006075996	0.9750673661906646	0.977164856652375	-0.04331269596940372	0.5418607113369877	-0.03779089164393544	-0.2383472472912371	-0.3958748856742834	0.08691963585649604	0.2488735138077884	-0.9659139252998744	1.013225203144917	-0.1130758959424905	0.03730649055512238	0.7201993416436141	1.238424454374234	-0.08122454390872143	3.411339315571631	-0.8224504128910306	0.1241802041227204	0.02820593467681659	0.09790276702582629	0.03614126127266883	0.1914735141482247	0.1040698515033074	0.04946794491875747	0.08764371532076008	0.07972439591273864	0.08897201181155981	0.04490223491530235	0.08260908078251523	0.04866521039789622	0.1466656111487808	0.1114164910236911	0.08054935296510264	0.2372346790071683	0.3803343271854642	0.03053372874954289	0.0007674445520306789	0.02764075166133559	0.09316514564361454	0.03743679627188239	0.1822055329976474	0.104097585440918	0.05486675764511669	0.08559359902646202	0.0788166828918396	0.09136557980790332	0.04303462655838222	0.08257284751039667	0.04699691590507692	0.152663156362481	0.1140110610706492	0.08071303373180237	0.2345294199307862	0.36927849953456	0.03059698203049543
1.095142097578465	-0.1242721984343316	0.9770683314985227	0.976938881749159	-0.04323240478764404	0.5432703903428526	-0.03532308678048251	-0.2384995082690496	-0.3891394015375009	0.08529453031104585	0.2491269195972379	-0.9817791410690605	1.018548604457789	-0.1163810243363769	0.04422856237644068	0.7111108353758648	1.267359048091522	-0.07346880877287822	3.427777907155504	-0.8276948567222954	0.133185676904995	0.02813656453856118	0.09737381800112321	0.03630837378518019	0.190564997526746	0.1040665981230099	0.05014049701900268	0.08740820032113067	0.07961624591552591	0.08925227131525426	0.04466927368884285	0.08260700892464415	0.04845615877223106	0.1472961996274072	0.1116995644155563	0.08055662076294548	0.2369938056145417	0.3794313871378899	0.03054106875938198	0.0007915644802893677	0.02764695500784856	0.09284789107202393	0.03759621086517752	0.1814593390945841	0.1039834233820659	0.05545169406356161	0.08541103664772419	0.07869399541733302	0.09168502656965052	0.04286442253999425	0.08260724015769244	0.04680270095221522	0.1532682341790986	0.1141823164882442	0.08052024741505255	0.2345464839993813	0.3685686443538221	0.0305901414399804
1.097111777610081	-0.1262214601156642	0.97907983896718	0.9767063785116454	-0.04313842617926494	0.5446617953729168	-0.03279833959211571	-0.2386370456882677	-0.3823718280730669	0.08365893119486616	0.2493983975633802	-0.9974604733030404	1.023929272765355	-0.1197052292311003	0.05121342046140817	0.7016573352349547	1.296248202710812	-0.06628100180522238	3.443907435209125	-0.8331035410867016	0.1425294783549133	0.02807772301929614	0.09687148655282748	0.03647335869166377	0.1896743985432135	0.1040495095205457	0.05079517623509613	0.08718020264466091	0.07950630371401651	0.08953703253547704	0.04444403786851227	0.08260927509158429	0.04824881422460472	0.1479229181201365	0.1119699184613343	0.0805401159699534	0.2367767496058903	0.3785433875223121	0.03054650740075052	0.0008150969320735007	0.02767252176258482	0.09260766500677334	0.03773726056396573	0.1807895069434538	0.1038325155657483	0.05592590634036772	0.08526062147845596	0.07856862719268427	0.09201075945676221	0.04270016951670684	0.08264693753150203	0.04660919295004604	0.1538585173909433	0.1143385778456183	0.08030040317187664	0.2345822637583876	0.3678639158763334	0.03058071838646867
1.099081457641697	-0.1282014430966187	0.9811019997846797	0.9764673072190168	-0.04303059995226596	0.5460342638673932	-0.03021671835799979	-0.2387610039286737	-0.3755728386213922	0.08201252324173651	0.249688610695889	-1.012973342824644	1.029365962589133	-0.1230501958300157	0.0582893475523771	0.6918827946820535	1.325108600833793	-0.05968066029219175	3.459677566598151	-0.8386700800974825	0.1522092226778151	0.0280293115945374	0.09639710162226511	0.03663538004999035	0.188803655907509	0.1040181084172712	0.0514277247533521	0.08696065469227367	0.07939461773089544	0.08982614304628087	0.04422598235194156	0.08261569582103868	0.04804302177165051	0.1485454310712531	0.1122281102199035	0.08050095538817098	0.2365822545110617	0.377669385728428	0.0305501181103914	0.0008386293838576337	0.02769808851732108	0.09236743894152276	0.03787831026275394	0.1801196747923234	0.1036816077494306	0.05640011861717383	0.08511020630918774	0.07844325896803553	0.09233649234387389	0.04253591649341944	0.08268663490531161	0.04641568494787685	0.1544488006027879	0.1144948392029925	0.08008055892870071	0.2346180435173939	0.3671591873988447	0.03057129533295693
1.101051137673313	-0.1302118260026068	0.9831349234586677	0.9762216258291911	-0.04290872795547252	0.5473871933162898	-0.0275782684180555	-0.2388725526349302	-0.3687431755466239	0.08035499944460693	0.2499982194011022	-1.028332536278199	1.034857416989472	-0.1264175949978264	0.06548310616513918	0.6818321051001848	1.353956154903091	-0.05368568165856601	3.475034043509711	-0.844388690966637	0.1622229949473953	0.02799157642260919	0.09595191138561621	0.03679383224599461	0.1879536786361392	0.1039715645748768	0.05203326597036526	0.0867505697388012	0.07928126265885191	0.09011938381804301	0.04401499243765356	0.0826259706451362	0.04783920550852845	0.1491620046830319	0.1124742471883682	0.08044101288851595	0.2364089085331008	0.3768084735983344	0.03055195257809526	0.0008608116498504813	0.02774836193742821	0.09220443945674178	0.03800358839076064	0.1795071011541487	0.1034868431048227	0.05674719689507295	0.08499458900150132	0.07831573740489634	0.09266711515055506	0.04238397173345313	0.08272932185953182	0.04623226978826592	0.154996226809476	0.1146284766618454	0.07984852921738872	0.2346674783715118	0.3664592269498347	0.03055904059203228
1.103020817704929	-0.1322523204145847	0.9851787162830561	0.9759692883157118	-0.04277255139324984	0.5487200962242371	-0.02488300016506019	-0.2389729022072776	-0.3618837330249356	0.07868606697038608	0.2503278793482109	-1.043548364992692	1.040402445494133	-0.129808790301277	0.07281411807626767	0.6715479644985353	1.382801567316922	-0.04830920564840287	3.489915512992368	-0.8502543615243557	0.1725691027424766	0.02796472282462102	0.09553698161198686	0.03694820620585738	0.187125261985943	0.103909162527909	0.05260768541468782	0.08655081525219384	0.07916630236271563	0.09041656787752339	0.04381097022624122	0.08263984266609614	0.04763772428195121	0.1497711370471631	0.1127084201317982	0.08036188663355719	0.2362554621308713	0.3759598345219954	0.03055205415973957	0.000882993915843329	0.02779863535753534	0.09204143997196082	0.03812886651876733	0.178894527515974	0.1032920784602149	0.05709427517297206	0.08487897169381492	0.07818821584175714	0.09299773795723625	0.04223202697348681	0.082772008813752	0.04604885462865501	0.1555436530161641	0.1147621141206984	0.07961649950607673	0.2347169132256296	0.3657592665008247	0.03054678585110763
1.104990497736545	-0.1343226496217942	0.9872334830209288	0.9757102469953413	-0.04262178886791979	0.5500325399465302	-0.02213091205868801	-0.2390632785266076	-0.3549954879267186	0.07700543879410683	0.2506782441265277	-1.058626113643471	1.045999974093398	-0.1332247487928663	0.08029440774220137	0.6610682692861466	1.411649754850132	-0.04356061460619303	3.504258235450955	-0.8562636816994001	0.1832459459830212	0.02794945337606531	0.0951531295579907	0.03709846812226236	0.1863174525939864	0.1038298397049704	0.05314681285300334	0.08636225019751699	0.07904982207034814	0.09071744987864566	0.04361442297166579	0.08265693254021381	0.04743968357555072	0.1503693997619433	0.1129300539045963	0.0802659529806148	0.2361205389094643	0.3751228431274518	0.03055042235925179	0.0009041385954619491	0.02788178107307147	0.09195251366448004	0.03824537170069409	0.1783037979110475	0.1030461467588975	0.0573074376871599	0.08479912667474242	0.07805900186940062	0.09333195319870591	0.04210218838234046	0.08281517606922363	0.04588834691821825	0.1560080326270505	0.1148608201216063	0.07938814842480291	0.2347755740116312	0.3650677778181532	0.03053105769193649
1.10696017776816	-0.1364225331625314	0.989299326054579	0.9754444530623206	-0.04245615269103759	0.551324172995063	-0.01932200991838127	-0.2391449203199677	-0.3480795893308857	0.07531283360150479	0.2510499627597099	-1.073557641923667	1.051649263700899	-0.1366653584369888	0.08791674214162809	0.6504169283284755	1.440490196987796	-0.03944030889018891	3.517994806255472	-0.8624157116609233	0.1942516478315306	0.0279463560230262	0.09480104881926668	0.03724458920929629	0.1855294071758747	0.1037326803976473	0.05364711966798029	0.08618560926797146	0.07893189464698908	0.09102182033059342	0.04342577843026503	0.08267691601369632	0.04724601870122358	0.1509538217825915	0.1131386519259296	0.08015524117793078	0.2360029215021808	0.3742969370176752	0.03054705673860819	0.0009252832750805693	0.02796492678860759	0.09186358735699926	0.03836187688262084	0.177713068306121	0.1028002150575801	0.05752060020134773	0.08471928165566993	0.07792978789704411	0.09366616844017557	0.04197234979119412	0.08285834332469524	0.0457278392077815	0.1564724122379368	0.1149595261225143	0.07915979734352908	0.2348342347976329	0.3643762891354817	0.03051532953276535
1.108929857799776	-0.1385516757334048	0.9913763468854446	0.9751718581813668	-0.04227537064901356	0.552594671541015	-0.01645631818300777	-0.2392190639999016	-0.3411372775050689	0.07360797006620348	0.2514436819981868	-1.088327934924232	1.05734969189771	-0.1401299905599672	0.095664092739575	0.6396129875732309	1.469304329879753	-0.03594411933981138	3.53104985727237	-0.8687113978735347	0.2055854572467209	0.02795662425231382	0.09448089839806484	0.03738727221578279	0.1847580293537139	0.1036164714589202	0.0541058540959213	0.08602145500645748	0.07881260656789697	0.09132943849219384	0.04324621240811363	0.08269934762096802	0.04705855157273157	0.1515192238606025	0.1133329029386339	0.08003254833796339	0.2359014016387309	0.3734819114979248	0.03054188363917465	0.0009418894507678922	0.02809134050648152	0.09183995104372243	0.03848141284549997	0.1770963428168767	0.1024964667300713	0.05760790434301955	0.08467309681192731	0.07779921778063294	0.09400313315820329	0.0418774375311101	0.08289941307407785	0.04560610907834461	0.1568058522317098	0.1150074104687202	0.07895135403255588	0.2349007250457695	0.36370143373105	0.03049495932438945
1.110899537831392	-0.1407097220706854	0.9934646457160559	0.9748924172135394	-0.04207924418143354	0.5538437477362685	-0.01353393413685977	-0.2392869219559106	-0.3341700158537013	0.07189056118749647	0.2518600506384933	-1.102906346715623	1.063100891849378	-0.1436168399350069	0.1034973995459352	0.6286648052649584	1.498055244167202	-0.03305792042901116	3.543328824382916	-0.8751541141043753	0.2172496838169644	0.02798125719933115	0.09419280527557387	0.03752710744964453	0.1840005932861327	0.1034801671142344	0.05452067582038036	0.08587026771045637	0.0786920317615033	0.09164009877049176	0.04307671718161129	0.08272384664639641	0.04687882316747427	0.1520611145501814	0.1135116763539758	0.07990026474840815	0.235814911131595	0.372677581974164	0.03053484121424539	0.000958495626455215	0.02821775422435545	0.09181631473044563	0.0386009488083791	0.1764796173276324	0.1021927184025626	0.05769520848469138	0.0846269119681847	0.0776686476642218	0.094340097876231	0.04178252527102608	0.08294048282346045	0.04548437894890771	0.1571392922254828	0.1150552948149261	0.07874291072158267	0.2349672152939062	0.3630265783266182	0.03047458911601356
1.112869217863008	-0.142896270741351	0.9955643223862214	0.9746060878567847	-0.04186763429776026	0.5550711196135941	-0.01055501043252118	-0.2393496844354227	-0.3271793965129296	0.07016031424609423	0.252299721561168	-1.117250635826407	1.068902810862388	-0.1471231414936943	0.1113616993369181	0.6175674057097762	1.526692685112143	-0.03076121654548649	3.554736947062807	-0.881749779826988	0.2292474319031367	0.02802174222874787	0.09393620653790027	0.03766535223120247	0.183252767274065	0.1033225805799278	0.05489041104816839	0.08573223699566751	0.07857023285119717	0.09195363716509208	0.04291884697114311	0.0827499811558947	0.04670897600724869	0.1525736013233037	0.1136732017938778	0.07976109566258256	0.2357426045290343	0.371883942196951	0.03052579230015188	0.0009719457890585679	0.02839652703243905	0.09184567239966446	0.03873511729775224	0.1758002117645812	0.1018272231038953	0.05767299968520449	0.08460983663401289	0.07753662083698828	0.09468028411423801	0.04173304019567524	0.08297804096265929	0.04541336816071179	0.1573077223581964	0.1150388727144547	0.07856307613448398	0.2350450365586399	0.3623725352389536	0.03044829321571347
1.114838897894624	-0.1451107753629495	0.9976754776313961	0.974312837926976	-0.04164059257966143	0.556276448815628	-0.007519870677553193	-0.2394084700802822	-0.3201672502461495	0.06841691472122094	0.2527633555825149	-1.131292657240314	1.074756183720424	-0.150643955074882	0.1191668241493093	0.6062828201176907	1.55513671643352	-0.0290199710340711	3.565187259861433	-0.8885090779841773	0.2415816403994187	0.02807932411211419	0.09371060927775655	0.03780306329959542	0.1825107427620455	0.1031426881947286	0.05521404707896257	0.08560752351796283	0.07844726338050767	0.09226991364848622	0.04277391290547319	0.08277738202549006	0.04655082124887535	0.1530515684116511	0.1138159524485643	0.07961735365614277	0.2356837344570805	0.3711009857258714	0.03051462173899533	0.0009853959516619209	0.02857529984052264	0.09187503006888327	0.03886928578712538	0.17512080620153	0.101461727805228	0.05765079088571761	0.08459276129984108	0.07740459400975479	0.09502047035224502	0.04168355512032439	0.08301559910185813	0.04534235737251587	0.15747615249091	0.1150224506139833	0.07838324154738528	0.2351228578233736	0.361718492151289	0.03042199731541339
1.11680857792624	-0.147352591807368	0.9997982134038856	0.9740126424202086	-0.04139830019396383	0.5574593365777712	-0.004428952916297636	-0.2394643487059113	-0.3131355194631792	0.06666003259380752	0.2532516174823104	-1.144953753244928	1.080662073747698	-0.1541734638305317	0.1268086351664081	0.5947593830227933	1.583295322452689	-0.02779541848374194	3.574596637058775	-0.8954444477157508	0.2542555845522387	0.02815536906422446	0.09351495564577962	0.03794152561823184	0.1817704181696916	0.1029398118038861	0.05549169471886381	0.08549597761862965	0.07832308696411085	0.09258905251319496	0.04264328486338687	0.08280579968161625	0.04640605937721928	0.1534905041180569	0.1139383290504282	0.07947064832479468	0.2356379360688803	0.3703288217789377	0.03050119152160834	0.00100077541625345	0.02881004425790866	0.09194655897531775	0.0390232086618957	0.1743678932645099	0.1010395356091561	0.05753660048994801	0.08459948296535424	0.07726960127113477	0.09536845458005079	0.04168217189265454	0.08305127196860805	0.045322600363555	0.157484458662967	0.114938315146511	0.07822267106161197	0.235219451211222	0.3610881101232813	0.03038925865555388
1.118778257957856	-0.1496208462582955	1.001932635192041	0.9737054935239888	-0.04114124191862603	0.5586192175949072	-0.001282963488363827	-0.2395182787718625	-0.306086354871316	0.0648893014592075	0.2537651813586707	-1.158137661558983	1.086622110515534	-0.1577043925168283	0.1341600543421302	0.582921929843972	1.611056197502829	-0.02704151992862887	3.582889575475004	-0.9025711592344388	0.2672730851023957	0.02825101947757254	0.09334832910738344	0.03808181942249333	0.1810281898103862	0.1027133651369454	0.05572342610447949	0.08539746947426943	0.07819767254415702	0.09291116021819135	0.0425281172568471	0.0828350208495687	0.04627612636776799	0.1538864830153171	0.1140389509488777	0.0793223557423326	0.2356048864967178	0.3695675475266248	0.03048538577048067	0.001016154880844979	0.02904478867529468	0.09201808788175225	0.03917713153666602	0.1736149803274897	0.1006173434130841	0.0574224100941784	0.08460620463086739	0.07713460853251476	0.09571643880785655	0.04168078866498469	0.083086944835358	0.04530284335459414	0.1574927648350241	0.1148541796790387	0.07806210057583868	0.2353160445990704	0.3604577280952737	0.03035651999569437
1.120747937989472	-0.1519145330695673	1.004078850799236	0.9733913934268696	-0.04087007639709776	0.5597554205784767	0.001917237532631983	-0.2395711562767027	-0.2990220038714612	0.06310433444306494	0.2543047265009942	-1.170742759809679	1.092638103937404	-0.1612290301654977	0.1410875688727108	0.5706876312597249	1.638300790842089	-0.02671121388840477	3.589994000405909	-0.9099044908716413	0.2806379203057666	0.02836727380507962	0.09320930612991271	0.03822500845855411	0.1802808043714623	0.102463431740156	0.05591061750974169	0.08531156083043498	0.07807090773042644	0.09323661961715508	0.04242934797966998	0.08286507048172098	0.04616194074151463	0.1542373554775076	0.114116687150649	0.07917250722375652	0.2355846872471379	0.3688170890947569	0.03046711452220816	0.001030348183697315	0.02933478512508638	0.09212146599396709	0.03935199776798123	0.1727912896578224	0.1001500356697778	0.057238344375311	0.0846310668858436	0.07699518123856385	0.09607735931189311	0.04172548021355136	0.08312466921160751	0.04532768455580299	0.1573708583749862	0.1147051603029048	0.07789892777162431	0.2354403332006423	0.3598468813826817	0.0303175986963874
1.122717618021088	-0.1542323718604539	1.006236973071144	0.9730703651893802	-0.04058582083492309	0.5608670438713785	0.00517046940634846	-0.2396237547641895	-0.2919448947307715	0.0613047041325252	0.254870941222669	-1.18266144609299	1.098712084041217	-0.1647391927876532	0.1474516280033011	0.5579638798408458	1.664903449218306	-0.02675830568482123	3.59584424638208	-0.9174600364241035	0.294353184096976	0.02850496564010442	0.09309665820870033	0.03837198711085888	0.1795254048258926	0.1021900811568472	0.05605441378343223	0.08523787505102288	0.07794269652944946	0.09356575832679505	0.04234776590411795	0.08289596990364671	0.0460642763465	0.15454124081633	0.1141705594037978	0.07902112956583172	0.2355774271332597	0.3680773793838902	0.03044630222099925	0.00104454148654965	0.02962478157487809	0.09222484410618194	0.03952686399929644	0.171967598988155	0.09968272792647152	0.0570542786564436	0.08465592914081979	0.07685575394461293	0.09643827981592965	0.04177017176211804	0.08316239358785701	0.04535252575701184	0.1572489519149482	0.1145561409267709	0.07773575496740996	0.2355646218022142	0.3592360346700896	0.03027867739708042
1.124687298052704	-0.1565729392727775	1.008407117583222	0.9727424427501498	-0.04028967725534242	0.5619530613292869	0.008475384379859853	-0.2396767876525716	-0.2848575398390604	0.05948996319351869	0.255464517239671	-1.193785487146932	1.104846118747626	-0.1682266565520774	0.1531131266932105	0.5446558187323322	1.690737646768275	-0.02713879657417953	3.600377999698023	-0.9252521518315181	0.3084193169190546	0.02866476778877149	0.09300855902859619	0.03852371764294128	0.1787593152800639	0.1018940410579607	0.05615768649151851	0.085175736663436	0.07781299130308522	0.09389884973507018	0.0422840003564878	0.08292798505465632	0.04598342989156494	0.1547978846488454	0.1141997672807287	0.07886693459604328	0.2355835420429378	0.367347907905307	0.03042291802301259	0.001061540472431319	0.02996864419769789	0.09234769873135067	0.03972498647351323	0.1710733169686415	0.09918251971627941	0.05683104017268363	0.08469312243408497	0.07671261617051009	0.09681161252812683	0.04185937564418534	0.08320653228323235	0.0454151209604877	0.1570266702499867	0.1143442794844654	0.07754688460532545	0.2357243731893993	0.3586336498914545	0.0302341871484333
1.12665697808432	-0.1589345300052695	1.010589405317168	0.9724076814239704	-0.03998320601721879	0.5630121960938508	0.01183030462861847	-0.2397308612167725	-0.2777626060262333	0.05765962823557733	0.2560861378675406	-1.204008403306709	1.111042257190847	-0.171683366449931	0.1579382804389637	0.5306673755585167	1.715678544165641	-0.02781509041033634	3.603539957638796	-0.933293939720867	0.3228294812840208	0.02884724072930402	0.09294343661765973	0.03868100916206605	0.1779801865127893	0.1015759361516644	0.05622285119011446	0.08512456637873701	0.0776817513885962	0.09423612790849932	0.0422385792951173	0.08296134319574541	0.04591964929952824	0.1550070506396511	0.1142036167576555	0.07870882123144581	0.2356034158227862	0.3666282159950767	0.03039693599758516	0.001078539458312987	0.03031250682051769	0.09247055335651939	0.03992310894773003	0.1701790349491281	0.09868231150608732	0.05660780168892367	0.08473031572735015	0.07656947839640725	0.09718494524032401	0.04194857952625264	0.08325067097860771	0.04547771616396357	0.1568043885850253	0.1141324180421599	0.07735801424324094	0.2358841245765844	0.3580312651128192	0.03018969689978617
1.128626658115936	-0.1613152996225501	1.012783959936328	0.9720661470384055	-0.03966814124780873	0.5640430448655419	0.0152333890784368	-0.2397865345081218	-0.2706628303950717	0.05581319919996378	0.2567364748167778	-1.213225535018027	1.117302510753527	-0.1751014277005459	0.1617973953236549	0.515902748050748	1.739603223824178	-0.02875345454172801	3.605278761581763	-0.9415976317770567	0.3375720678394926	0.02905293861556133	0.09289912016604431	0.03884492867614738	0.1771855360134081	0.1012368914900688	0.05625414890029101	0.08508347317674973	0.07754901609952602	0.09457774809931824	0.04221206335632992	0.08299648644323765	0.04587292668255732	0.1551698967293437	0.1141814682514981	0.07854462460598656	0.2356376584460309	0.3659175999651897	0.0303683747377753	0.001099540467054096	0.03071094959568742	0.09260003267220063	0.04014977662196969	0.169208541288533	0.09815923273597459	0.0563794552292626	0.08477353308586708	0.07642398149075527	0.0975695939259016	0.0420835436287794	0.08330533462707265	0.04557418687936885	0.1565092501875508	0.1138578435576099	0.07712330725980134	0.2360848376383815	0.3574306859305575	0.03014031427819568
1.130596338147552	-0.1637131351999589	1.014990910236785	0.9717179256073644	-0.03934654446251658	0.5650439548521194	0.01868248071944844	-0.2398442895309309	-0.2635610737543023	0.05395014582824895	0.2574161556998172	-1.221337075407009	1.12362877679785	-0.1784733623962902	0.1645708448655815	0.5002677400056934	1.762394004228505	-0.02992894705986748	3.605551559954127	-0.9501739947759261	0.3526251032195315	0.02928232244868982	0.09287374438962157	0.03901637333979566	0.1763731846339796	0.1008778747690359	0.05625516190882679	0.08505169376272251	0.07741481906153692	0.09492384337616952	0.04220492223999969	0.08303379260338077	0.04584325267180207	0.1552874153267657	0.1141327660198538	0.07837249425942386	0.2356868072376019	0.3652154280826393	0.03033724981730982	0.001120541475795205	0.03110939237085715	0.09272951198788187	0.04037644429620935	0.168238047627938	0.09763615396586188	0.05615110876960152	0.08481675044438401	0.07627848458510328	0.09795424261147918	0.04221850773130616	0.08335999827553761	0.04567065759477414	0.1562141117900763	0.1135832690730599	0.07688860027636173	0.2362855507001786	0.3568301067482958	0.03009093165660521
1.132566018179168	-0.1661257942694481	1.017210387470666	0.9713631128331532	-0.03902063104695529	0.5660131499893136	0.02217526963915717	-0.2399045783946468	-0.2564602503465658	0.05206992433548325	0.2581257763688359	-1.228245356252838	1.130022902623634	-0.1817918810616211	0.1661437522397201	0.4836684860189882	1.783935494648547	-0.03132102488858107	3.604319957892948	-0.9590328995422606	0.3679638225591101	0.0295360690016599	0.09286498010759893	0.03919661800441795	0.1755404974473136	0.1005001122575363	0.05623080576241427	0.0850281061494782	0.07727912601474524	0.09527488579184334	0.04221783366903227	0.08307382753329794	0.04583055562917298	0.1553613455877626	0.1140568585662345	0.07818979815166689	0.2357516058153301	0.3645207757936607	0.03030362518405955	0.001135294463654424	0.03156654388352697	0.09285479760113773	0.04063902057113013	0.1671793560279063	0.09709623537299816	0.0559449404824084	0.08485860440373756	0.07612948316622994	0.09835653680603618	0.0424032805917324	0.08342902403373721	0.0457999811291026	0.1558624130122835	0.1132434989303742	0.07659191706910283	0.2365324965332412	0.3562232807422578	0.0300374497324089
1.134535698210784	-0.1685507833435274	1.019442527612679	0.9710018230737507	-0.03869290563012821	0.5669486081850148	0.02570914876625801	-0.2399678110480031	-0.2493633633427183	0.05017196675127246	0.2588658626206028	-1.233856883930817	1.13648663732759	-0.1850500661798647	0.1664107234729569	0.4660114914146091	1.804116786782213	-0.03291812418363636	3.601554627165444	-0.9681828936887936	0.3835596401027317	0.02981474185766678	0.09287082817279702	0.03938673447794846	0.1746851614411709	0.1001046595471681	0.05618524103458064	0.08501174988583329	0.07714190773308208	0.09563127949020887	0.04225136578491555	0.08311707475781585	0.04583477257738489	0.1553931882793884	0.113953179600502	0.07799428619287184	0.2358327092352063	0.3638328135617809	0.03026755449572759	0.001150047451513642	0.03202369539619679	0.09298008321439358	0.0409015968460509	0.1661206644278745	0.09655631678013446	0.05573877219521527	0.08490045836309111	0.0759804817473566	0.09875883100059318	0.04258805345215863	0.0834980497919368	0.04592930466343107	0.1555107142344907	0.1129037287876885	0.07629523386184393	0.2367794423663037	0.3556164547362198	0.02998396780821259
1.1365053782424	-0.1709854875061008	1.021687468902863	0.970634179648763	-0.03836600814043582	0.5678481846751477	0.02928136682851056	-0.2400343852899507	-0.2422734514928645	0.0482556949915775	0.2596369024377511	-1.23808024534124	1.143021672264968	-0.1882411985987383	0.165271224053007	0.4472036231239239	1.822829194651845	-0.03471352006090283	3.597230108365473	-0.9776306663839177	0.3993864122475371	0.03011922244761217	0.09288908695349096	0.03958805206560949	0.1738046215371433	0.09969270471374804	0.05612308564400695	0.08500131718235765	0.07700287304171816	0.09599429377321518	0.04230628163481839	0.08316423329671263	0.04585570763022619	0.1553851476372815	0.1138210966202389	0.07778289065618312	0.2359309568324621	0.3631500384733327	0.03022916354769394	0.001153276494730924	0.03254547234787154	0.09309488012946107	0.04120573885536071	0.1649660512117015	0.09600338214253686	0.05556802755943946	0.08493349968212782	0.07582334684810835	0.0991950210652896	0.04282661097948084	0.08358590364610032	0.04608922600388761	0.1551185601950669	0.1124968336682028	0.07591930696137968	0.2370775701651316	0.3549856901166225	0.02992760913734829
1.138475058274016	-0.1734270574550502	1.023945353842682	0.9702603229696418	-0.03804282932830656	0.5687094917060617	0.03288889319168641	-0.2401046941848256	-0.2351936116499861	0.04632051602026103	0.2604393251762318	-1.240828358477868	1.149629561328548	-0.1913589813586964	0.1626347765839732	0.427152966535147	1.839968657944373	-0.03671033166273852	3.591327615211649	-0.9873809148232194	0.4154256355432051	0.03045024550350283	0.09291786809761206	0.03980168816236595	0.1728966344987566	0.09926527099156987	0.05604825254860914	0.08499568904863132	0.07686177326303137	0.09636501501842758	0.04238322093228565	0.08321590041663526	0.0458931932073983	0.155339132398661	0.1136600594712459	0.07755298820898256	0.236047087880787	0.3624711027567929	0.0301885579338057	0.001156505537948205	0.03306724929954628	0.09320967704452855	0.04150988086467053	0.1638114379955285	0.09545044750493926	0.05539728292366365	0.08496654100116452	0.07566621194886011	0.09963121112998603	0.04306516850680306	0.0836737575002638	0.04624914734434414	0.1547264061556432	0.1120899385487172	0.07554338006091543	0.2373756979639595	0.3543549254970252	0.02987125046648399
1.140444738305632	-0.1758725311782008	1.026216326923439	0.9698804015562484	-0.03772637513988593	0.5695300215367377	0.03652856234679492	-0.240179138336707	-0.2281269633137651	0.04436583199982563	0.261273539469539	-1.242017921119713	1.15631172228787	-0.1943974756115498	0.1584182656833022	0.4057706708912266	1.855435250436228	-0.03891781154100445	3.583829952636353	-0.9974359066595841	0.4316668920908983	0.03080869211799817	0.09295541095896559	0.04002861809856249	0.1719595120816584	0.0988235676036541	0.05596426561241329	0.08499348308600461	0.07671792907614826	0.09674586640018426	0.04248275691535142	0.08327299328407067	0.04594651644147215	0.1552585330718828	0.1134696952906591	0.07730069259587161	0.2361819891176246	0.3617938664463709	0.03014595350754902	0.001158636792406089	0.03365709463334098	0.09331378237599611	0.04185481559751785	0.162569588112485	0.09488924143632535	0.05526058990068045	0.08498460040013683	0.07549307454628412	0.1001270729982707	0.04335731724310037	0.0837869108388055	0.04643047353043395	0.154325928347795	0.1116185772050309	0.07506268343413708	0.2377292656258889	0.3536789541215667	0.02981391402023449
1.142414418337248	-0.1783187403201864	1.028500535869072	0.969494578372336	-0.03741984681989075	0.5703070451229362	0.04019695999196766	-0.2402581602433711	-0.2210766702200183	0.04239104357645777	0.2621399504962216	-1.24157509547372	1.16306919920091	-0.1973516205693095	0.1525560770846882	0.382977052929848	1.869139430965578	-0.04135861024094349	3.574720631646881	-1.007794527873288	0.4481179680843342	0.03119529659303499	0.0930002060449908	0.04026966144358445	0.1709917716371226	0.09836863637865553	0.0558741123884755	0.08499351677962927	0.07657076028699634	0.09713892175526037	0.04260536906071354	0.08333629548116171	0.04601507385618699	0.1551462947092439	0.1132496778719547	0.07702267907026632	0.2363364413792959	0.3611164110817977	0.030101531486617	0.001160768046863974	0.03424693996713569	0.09341788770746369	0.04219975033036517	0.1613277382294416	0.09432803536771145	0.05512389687769725	0.08500265979910916	0.07531993714370815	0.1006229348665553	0.04364946597939769	0.08390006417734722	0.04661179971652375	0.1539254505399469	0.1111472158613446	0.07458198680735875	0.2380828332878183	0.3530029827461081	0.02975657757398498
1.144384098368863	-0.1807624230722386	1.030798129640664	0.9691030227021182	-0.03712652547959697	0.5710377323418108	0.04389055811161776	-0.2403422368143297	-0.2140459177592415	0.04039555442903081	0.2630389803761852	-1.239433789130208	1.169902727834271	-0.2002170469926208	0.1449955678003019	0.3587013274989497	1.881000259504493	-0.04406391248400288	3.563981136035085	-1.018452864224668	0.4647978845083279	0.03161056880911634	0.0930511259291938	0.04052502679335879	0.169993341626598	0.09790179761184291	0.05577983103626534	0.08499447082312218	0.07641920320419578	0.09754779993714242	0.04275113467445071	0.08340702792336142	0.04609722137866841	0.1550077063169547	0.113000092710737	0.07671392352071395	0.2365113543609944	0.3604360838126037	0.03005560745262968	0.001172708463090612	0.03490239692392405	0.09351618572752643	0.04257666551559136	0.1600257104256434	0.09376499476363909	0.05500921844355965	0.08500173347823278	0.07512157386671103	0.1012094391482662	0.04398931246103384	0.08404732424488956	0.04679658161074462	0.1535672810337238	0.1106187293177733	0.07396250491352772	0.2384957529954048	0.3522612513783107	0.02970064601114471
1.146353778400479	-0.1832001691304663	1.033109258091907	0.9687059131189525	-0.03684978970308456	0.5717190975204823	0.0476056440250301	-0.2404319519331362	-0.2070379496758467	0.0383787850955019	0.2639711303674611	-1.235547008128912	1.176812252225404	-0.2029910500577891	0.1357151493625951	0.3328958194784842	1.890958044559569	-0.04708399803760167	3.55158554650709	-1.029401988948114	0.4817478863324164	0.03205493261719998	0.0931072042218777	0.04079488906630744	0.1689641586679036	0.09742418904285562	0.05568314987081463	0.08499521680648295	0.07626234934325042	0.09797559777228387	0.04292011550644354	0.08348623356276677	0.04619157051720373	0.1548473704071699	0.1127210094923444	0.07637012510997679	0.2367075288842689	0.3597505068566306	0.03000844636305123	0.001184648879317249	0.03555785388071241	0.09361448374758917	0.04295358070081755	0.1587236826218453	0.09320195415956672	0.05489454000942203	0.08500080715735642	0.07492321058971392	0.1017959434299771	0.04432915894267	0.0841945843124319	0.04698136350496548	0.1532091115275007	0.1100902427742021	0.07334302301969671	0.2389086727029913	0.3515195200105133	0.02964471444830445
1.148323458432095	-0.1856285129043347	1.035434070732073	0.9683034311888044	-0.03659303599019255	0.5723481002114023	0.05133843379462336	-0.2405279618567965	-0.2000560462616674	0.03634016916966931	0.2649369614291646	-1.229879982825685	1.183797189699895	-0.2056719521099815	0.1247124826300019	0.3055281839319394	1.898966697417132	-0.05048003383613068	3.537502452377217	-1.040630811970279	0.4990102254202776	0.03252822335690248	0.09316792614053612	0.0410785485605147	0.1679058338837522	0.09693723455884908	0.05558470904799986	0.08499497667713243	0.07609946082970342	0.09842539449006579	0.04311178472023314	0.08357545609315088	0.04629544285538242	0.1546724157962657	0.1124129481362906	0.07598533777753422	0.2369258419652552	0.3590569614489059	0.0299604226662396	0.001150998801258943	0.03627021912322603	0.0937138356468581	0.04334847867650277	0.1573955554324423	0.09264375801287909	0.05478584700519476	0.08498562524692534	0.07470142180688957	0.1024771085402458	0.04470719674931323	0.08438623732453537	0.04714647219148663	0.1529496236983356	0.1095132073290092	0.07255054976643091	0.2393837322246255	0.3507005931441208	0.02959228359994746
1.150293138463711	-0.1880439354039981	1.03777271390135	0.9678957597763934	-0.03635960854903308	0.572921663272025	0.05508506479591257	-0.2406311149455085	-0.1931035887861829	0.0342791766275459	0.2659371356273815	-1.222426816472471	1.190855709532702	-0.2082604418370514	0.1120297281473354	0.2766028198575569	1.905012382656194	-0.05433714757933294	3.521686367306436	-1.05212271387984	0.5166196494964892	0.03303030126817102	0.09323285045988766	0.04137541685464599	0.1668197816445937	0.09644216118875602	0.0554850513998244	0.08499308495576652	0.07592990742519415	0.09889982442364996	0.04332569583049459	0.08367601393629616	0.04640657817680433	0.1544890512949893	0.1120763540448168	0.07555446672232	0.2371670653539349	0.3583530110113413	0.02991185074134877	0.001117348723200636	0.03698258436573964	0.09381318754612704	0.04374337665218801	0.1560674282430394	0.09208556186619149	0.0546771540009675	0.08497044333649427	0.07447963302406525	0.1031582736505144	0.04508523455595646	0.08457789033663883	0.04731158087800778	0.1526901358691705	0.1089361718838162	0.0717580765131651	0.2398587917462596	0.3498816662777282	0.02953985275159046
1.152262818495327	-0.1904429201865	1.040125331105811	0.9674830800089488	-0.03615278064259206	0.5734367283490852	0.05884166777905276	-0.2407423792059093	-0.1861840228310388	0.03219529918201174	0.2669723510766998	-1.213198523771323	1.197985246045644	-0.2107585171457786	0.09773440931259997	0.2461455064958112	1.909100217543207	-0.05875271779000055	3.504084431205713	-1.06386175328185	0.5345736612743545	0.03356025342166472	0.09330183086683838	0.04168412071381589	0.165708626792912	0.09594033954715901	0.05538395137949242	0.08499028728790335	0.07575493955079317	0.09939700922604677	0.04356088900273799	0.08378967068840823	0.04652158089745588	0.1543053411032276	0.1117119044790827	0.07507143313868606	0.23743257499395	0.3576367589161423	0.02986306851213221	0.001151645963499976	0.03773939770740538	0.09391832723308265	0.04414266676901678	0.1547395692144889	0.091536394470625	0.05456224353652386	0.08496521778366205	0.07426649407824269	0.1038555642205784	0.04549249862243592	0.08482361680923081	0.047435248514368	0.1525743843228234	0.1083155718566425	0.07076912907178866	0.240410400675179	0.3489957148936564	0.02949171254317937
1.154232498526943	-0.1928220241562811	1.042492057055684	0.9670655644490443	-0.03597558121346521	0.5738903612376991	0.06260443649688649	-0.2408630112878264	-0.1793009533536311	0.03008807478874274	0.2680431704487157	-1.202239946905699	1.205181666460882	-0.2131707026096278	0.08194506277796049	0.2142250087440794	1.911273063586666	-0.06384918027226574	3.48462813237164	-1.07582865458235	0.5527716199335307	0.03411731536651427	0.09337474192358831	0.04200350590277899	0.1645746743382733	0.09543295063760134	0.05528121772676779	0.08498722140289952	0.07557562522798969	0.09991534108530827	0.04381655411336768	0.08391793213229333	0.04663758638290582	0.1541283101834568	0.1113201815269579	0.07453102091467614	0.2377235821740151	0.3569065055145326	0.02981435967141157	0.001185943203799316	0.03849621104907111	0.09402346692003827	0.04454195688584556	0.1534117101859385	0.0909872270750585	0.05444733307208022	0.08495999223082984	0.07405335513242015	0.1045528547906423	0.04589976268891539	0.08506934328182279	0.04755891615072821	0.1524586327764763	0.1076949718294689	0.06978018163041222	0.2409620096040983	0.3481097635095847	0.02944357233476828
1.156202178558559	-0.1951778747890673	1.044873020453648	0.9666433788375404	-0.03583086602855545	0.5742797341419845	0.0663696339270471	-0.2409944367478796	-0.1724580837209789	0.02795706464568407	0.269149989144622	-1.189611496795008	1.212440056779843	-0.2155026131521079	0.0648036552879582	0.1809302643211625	1.911591051917834	-0.06975957769696323	3.463240300195497	-1.088008697668971	0.5710495242452178	0.03470020961236497	0.09345180545724828	0.04233206048008089	0.1634206842048325	0.09492124828385887	0.05517630579701537	0.08498605190779107	0.07539507319550638	0.1004486956013863	0.04409176121643911	0.08406279392894141	0.04675115621139991	0.1539657575782848	0.1109018898379067	0.07392812745631455	0.2380419788344623	0.3561626282216475	0.02976599470818394	0.001181210278810545	0.03928828362198802	0.09414049734793327	0.04493823149448928	0.1520962096190832	0.09044991849468768	0.0543200179027594	0.08499272942449987	0.0738859397553933	0.1051816044815099	0.04633323750262416	0.08537988516759701	0.04762781430152358	0.1525112046839823	0.1070339273302427	0.06859049217820179	0.2416068834828619	0.3472056569318258	0.02939988504346511
1.158171858590175	-0.1975072909114122	1.047268335581836	0.9662166721677902	-0.0357210681349444	0.5746022863466383	0.07013371770755646	-0.241138454094213	-0.1656593184287711	0.0258018656201093	0.2702925910693114	-1.175398482881522	1.219754349111797	-0.2177613877682543	0.0464901377795833	0.1463757268309762	1.910142291735033	-0.07663488540675477	3.439844937840777	-1.100389442657875	0.5891056929653581	0.03530786801220246	0.09353321149120754	0.04266851380509749	0.1622490803212793	0.09440631262100624	0.05506875379334899	0.08498863018764162	0.07521593864451552	0.10099183287851	0.04438572622089501	0.08422595936108476	0.04685938930101037	0.1538244749965463	0.1104576359491468	0.07325836380181261	0.2383894305399618	0.3554054654309032	0.02971820065660891	0.001176477353821774	0.04008035619490492	0.09425752777582827	0.04533450610313301	0.1507807090522279	0.08991260991431688	0.05419270273343858	0.0850254666181699	0.07371852437836646	0.1058103541723776	0.04676671231633294	0.08569042705337121	0.04769671245231894	0.1525637765914884	0.1063728828310166	0.06740080272599133	0.2422517573616255	0.3463015503540669	0.02935619775216193
1.160141538621791	-0.1998072080435717	1.049678108535581	0.9657855838394095	-0.03564837640363939	0.5748556097499345	0.07389326644108762	-0.2412970648327802	-0.1589086562284608	0.02362209226327221	0.2714703333123401	-1.159688163323003	1.227118304525014	-0.2199541580534509	0.02718932009794532	0.1106748757331781	1.907017012731467	-0.08463086433455533	3.414369407566448	-1.112955885668297	0.6066462786759452	0.03594038575714777	0.09361878558859681	0.04301235636290846	0.1610593525042254	0.0938882417333284	0.05495805814027675	0.08499441465254411	0.07503754656411725	0.1015476298108371	0.04469865520639672	0.08440887078557237	0.04696017082231762	0.1537081551206374	0.1099866664498485	0.07251894910842828	0.2387680238658491	0.3546339247930869	0.02967107958655112	0.0009384392101972651	0.04092507122997078	0.09438012400799492	0.04573850498435859	0.1494215778205383	0.08937078098481062	0.0540516797837062	0.08505607217644996	0.07354214159628812	0.1065117975254584	0.04724165350804271	0.08606348073531642	0.04771992595862319	0.1527320055811532	0.1056469888014786	0.06603335939002447	0.2430015354994622	0.3453446424978627	0.0293152697602624
1.162111218653407	-0.2020747964333551	1.052102428362905	0.9653502343144186	-0.03561448196628861	0.5750376041112522	0.07764510145436763	-0.2414726902356057	-0.1522103117762482	0.02141739824399232	0.2726819070693439	-1.142572037712901	1.23452517949792	-0.2220882144143714	0.007095446670292837	0.0739486843103799	1.90230983273854	-0.09391142525923829	3.386721925606363	-1.125693244864981	0.6234579964720784	0.03659784309763058	0.0937083782283152	0.04336316020499229	0.1598510544266621	0.09336712041329133	0.05484379190587024	0.08500294205861489	0.0748593205559951	0.1021185489406519	0.04503072061172499	0.08461275816079911	0.04705171549337529	0.1536200095208115	0.109488328402121	0.07170747712033636	0.2391795951403351	0.3538470275096519	0.02962471709839226	0.0007004010665727564	0.04176978626503664	0.09450272024016158	0.04614250386558417	0.1480624465888487	0.08882895205530439	0.05391065683397383	0.08508667773473003	0.07336575881420979	0.1072132408785392	0.04771659469975249	0.08643653441726161	0.04774313946492744	0.152900234570818	0.1049210947719407	0.06466591605405761	0.243751313637299	0.3443877346416584	0.02927434176836286
1.164080898685023	-0.2043073495953837	1.05454137512738	0.9649107342760888	-0.03562081649991854	0.5751463329292823	0.08138617208122266	-0.2416679669491621	-0.145568628626073	0.01918744231941251	0.2739257728476705	-1.124131197850573	1.241968629712995	-0.2241699467080454	-0.01361174547508648	0.03630733543057418	1.896103948632419	-0.1046305910993467	3.356798331243033	-1.138614383455067	0.6394657086140566	0.03728662703257761	0.09380349683208153	0.043725132995488	0.1586189207880302	0.09284353434416744	0.0547281204759417	0.08501105665772792	0.07467599504677296	0.1027271992164246	0.04538700335183663	0.08484053989059727	0.04713699978914811	0.1535569521744703	0.1089615622649329	0.07082730889000423	0.239628272119999	0.353053307844136	0.0295797345206057	0.001126706524349445	0.04276941447660437	0.094660612390047	0.04662970519603671	0.1465626729052647	0.08829175572624959	0.05379889548838147	0.08506663458559409	0.07309779343117574	0.1083602653167964	0.04831410338199013	0.08690382181775021	0.04779697078050355	0.1530632563477302	0.1041220726446158	0.06321838716311139	0.2446592567786032	0.3436099733421719	0.02924481751924694
1.166050578716639	-0.206502299913996	1.056995014702749	0.9644671837972433	-0.03566843865485036	0.575180063052559	0.08511356175067779	-0.2418858937459939	-0.1389882470044783	0.01693181861168397	0.2752006303969292	-1.104390320771243	1.249444192900214	-0.2262010462938735	-0.03482789900329114	-0.002204477332578191	1.888418298451255	-0.1169101172950707	3.324476851645841	-1.151755678409006	0.6549267265184929	0.03801207802357943	0.09390543293352385	0.04410181297142433	0.1573583325707721	0.09231798793477149	0.05461287987875776	0.08501605942773367	0.0744830737501037	0.1033929258419465	0.04577177709874491	0.08509470517276757	0.04721853511578229	0.1535162927026296	0.1084054502562498	0.0698813058185357	0.240117688377228	0.3522604140964525	0.02953665330288096	0.001553011982126135	0.04376904268817209	0.09481850453993243	0.04711690652648926	0.1450628992216807	0.0877545593971948	0.05368713414278911	0.08504659143645814	0.07282982804814168	0.1095072897550536	0.04891161206422778	0.08737110921823879	0.04785080209607966	0.1532262781246424	0.1033230505172909	0.06177085827216517	0.2455671999199074	0.3428322120426854	0.02921529327013102
1.168020258748255	-0.2086570864305908	1.059463407773554	0.9640196828838534	-0.03575830256905282	0.5751370896528788	0.08882434878848035	-0.2421296223961407	-0.1324739695514255	0.01465010055910239	0.276505586418497	-1.083325304133224	1.256948549137078	-0.2281791463894794	-0.0565095474822359	-0.04160153213561396	1.879214685499047	-0.1308624597489716	3.289639301783073	-1.165104411318849	0.6700550179431994	0.03878322219849572	0.0940055769629594	0.04449716058591108	0.1560473769022999	0.0917805115854393	0.05449671611056336	0.08501109700142993	0.07427622442150265	0.1041065063089151	0.04618951342476126	0.08536859863873208	0.04729840421693035	0.1534769486461679	0.1078067289923599	0.06887049032173197	0.2406381420287047	0.3514596317025826	0.02949347048928003	0.001219156616033217	0.04499128581571421	0.09483451070428621	0.04769920594039104	0.1430717789297672	0.08703395863550421	0.0535535357673201	0.08489840654320439	0.07246726659403228	0.1106025842123079	0.0496409863927794	0.0877733975216817	0.04793155581059399	0.1530151586418236	0.1022212179215721	0.06021553920824322	0.2463433017451045	0.3418427554744587	0.02915768351837778
1.169989938779871	-0.2107689605059787	1.061946609416506	0.9635683480132656	-0.03589140696080459	0.5750155135619712	0.09251536642310162	-0.2424025638167411	-0.1260308934648022	0.01234190534858499	0.2778399657928616	-1.060817321375889	1.264480747756339	-0.2300940698502875	-0.07873410717647338	-0.08201705181472543	1.868344651780853	-0.1465725200426169	3.252179547120149	-1.1786399679937	0.6848028259983566	0.03960760250339952	0.09409655163324618	0.0449145060020357	0.1546668230019338	0.09122252626769452	0.05437848148926832	0.08499030696019287	0.07405174688499709	0.1048600436013863	0.04664397052068046	0.08565653759526116	0.04737836523554628	0.1534205725172315	0.1071539277375362	0.06779572414657184	0.2411810837747162	0.3506431518753695	0.02944850503951412	0.0008853012499402999	0.04621352894325632	0.09485051686863999	0.04828150535429283	0.1410806586378538	0.08631335787381363	0.05341993739185109	0.08475022164995065	0.07210470513992288	0.1116978786695622	0.05037036072133101	0.08817568582512461	0.04801230952510831	0.1528040391590047	0.1011193853258534	0.05866022014432126	0.2471194035703017	0.3408532989062319	0.02910007376662454
1.171959618811487	-0.2128349851582021	1.06444467428666	0.9631133118311275	-0.03606889492871619	0.5748132188938098	0.09618321544598253	-0.2427082228694405	-0.1196642464552631	0.01000685450360741	0.2792028505956597	-1.036682500766896	1.272041701808897	-0.2319297088594659	-0.1016694126584547	-0.1236728410919997	1.855584530422196	-0.1640784687493616	3.212022723248554	-1.192391399777252	0.6985649291157083	0.04052406017432664	0.09420994942414584	0.04538823745279802	0.1532292344420456	0.09067597003478496	0.05429018255800644	0.08500764733412558	0.07387505718103075	0.1056003208426815	0.04717022757231722	0.0859917489104508	0.04748942326790165	0.1533568708009529	0.1064761814739815	0.06669373589582478	0.2417597692871134	0.3498115102257355	0.02941540118197509	0.0003782642706106399	0.04817933477536564	0.09541916756398294	0.04947477519914907	0.1392085328371024	0.08612702672212171	0.05381905533977839	0.08552998204144399	0.07284718990624382	0.1118955583551607	0.05175436447162477	0.08919818397120578	0.04860601138261639	0.1527516765385931	0.1004510239533568	0.05761597808254848	0.2482349665181837	0.3398461672389547	0.02925607823136554
1.173929298843102	-0.2148515330305806	1.066957665721565	0.9626547682516121	-0.03629264213196878	0.5745272207781631	0.09982366946459456	-0.2430500633210682	-0.1133793436180888	0.007644424469700094	0.2805899017084391	-1.01057895029025	1.279637110622373	-0.2336555117545943	-0.1257055189315768	-0.167008880126251	1.840528035976331	-0.1833108473589223	3.169177145584902	-1.206440117043149	0.7093412799539908	0.04156502071964326	0.09437283794879515	0.04594724888714113	0.1517456290207866	0.09016832019439203	0.05425894174034849	0.08510925672080541	0.0738019878813535	0.1062818068193016	0.04779775689086419	0.08640257866176186	0.0476577414771185	0.1532942899155754	0.1057986782787356	0.06559604883010212	0.2423858723917288	0.3489651864718252	0.02940560851731492	-0.00012877270871902	0.05014514060747495	0.0959878182593259	0.05066804504400531	0.1373364070363511	0.0859406955704298	0.0542181732877057	0.08630974243293732	0.07358967467256476	0.1120932380407592	0.05313836822191852	0.09022068211728697	0.04919971324012445	0.1526993139181815	0.09978266258086024	0.05657173602077569	0.2493505294660657	0.3388390355716774	0.02941208269610654
1.175898978874719	-0.2168145165169131	1.069485654946636	0.9621929528491153	-0.03656505461274227	0.5741539353356923	0.1034319557658766	-0.243431450205174	-0.1071814724445957	0.005253947959152752	0.2819936285093827	-0.9822777352826695	1.287267841502481	-0.2352485931063177	-0.1510673621542305	-0.2123272783846664	1.822896145817537	-0.2042878900113426	3.123624856203963	-1.220895803359775	0.7141995118649325	0.04263417445540613	0.09443802853891135	0.04648453099473315	0.150079014280495	0.08954887550847465	0.05416337922496978	0.08518070587692621	0.0737406484210355	0.1066378657037396	0.0484153720112382	0.0867439774384263	0.04777198394067278	0.1531155583592075	0.1049695447825085	0.06437891644377608	0.2430049335838723	0.3481015081162031	0.02934661210091178	0.00211978894505211	0.05079793903344691	0.09399383998200733	0.05027127506354453	0.1326643560417347	0.083125597134327	0.05269549450446127	0.08522293792924242	0.07293759568463803	0.1072447924987989	0.05288978912436421	0.08881016203313766	0.04806626359064872	0.1503201003917631	0.09631439704729955	0.05341512036996846	0.2493551338034826	0.3377383562267036	0.02846044827558659
1.177868658906335	-0.2187197231475732	1.072028693133666	0.9617281276529379	-0.03688840795815561	0.5736895932168917	0.1070031002052067	-0.2438561759684277	-0.101076129867058	0.002834547261359799	0.2833963118225531	-0.951912643966796	1.294917757937353	-0.2367116865362249	-0.1774307403543654	-0.259467250833317	1.802814419307628	-0.2273168029507922	3.075224348550486	-1.235809131694062	0.7082823848211173	0.04365107645173719	0.09427931952144347	0.04691013813183836	0.1481089758745581	0.08868790916561473	0.0539005959290555	0.08512415139606608	0.07361263729302094	0.1064393291999667	0.04892961011318094	0.0868921276548955	0.04773816115968871	0.1527185217988449	0.1038572995365807	0.06293604668358489	0.2435689868086423	0.3472180819391403	0.02917753074915719	0.004368350598823241	0.05145073745941886	0.09199986170468877	0.04987450508308375	0.1279923050471183	0.08031049869822421	0.05117281572121684	0.08413613342554752	0.07228551669671131	0.1023963469568387	0.0526412100268099	0.08739964194898833	0.04693281394117297	0.1479408868653448	0.09284613151373887	0.05025850471916124	0.2493597381408996	0.3366376768817296	0.02750881385506664
1.17983833893795	-0.2205630225053041	1.074586811791756	0.96126055929472	-0.037264662325383	0.5731305204409828	0.1105321827189245	-0.2443283886149955	-0.09506898230508427	0.0003854240775035276	0.2847737311165828	-0.9185711593268032	1.302610440260402	-0.2379667388326465	-0.2059420017455268	-0.3096195397097907	1.779218830095948	-0.2520230916756512	3.024179094775945	-1.251168595548979	0.6882377057149007	0.04532754338665609	0.09454703264718697	0.0479195363350895	0.1463386806693014	0.0882693335291371	0.05416381875242859	0.08558591289661019	0.07407563251214333	0.1064200060128026	0.05004004886587586	0.08750531058538627	0.0482394685744525	0.1524962633206979	0.1031153737708428	0.06197489965465009	0.2443059750613136	0.3464556067838676	0.02936115318721918	0.003711610949722215	0.06368173349053549	0.1013137911109055	0.0607395190658347	0.1326746977913889	0.08926454920960665	0.0609299458389694	0.09428664009481823	0.08294922262788107	0.1099811477366152	0.06378751566281357	0.09734333329066991	0.05680507735674462	0.1529290645391909	0.1008404461964186	0.05873410704743837	0.2543134642912817	0.338928639065633	0.03369770777384765
1.181808018969566	-0.2223336176130604	1.077160278415823	0.9607910445151423	-0.03770490869089292	0.5724643513649681	0.1140066585381007	-0.2448484344531476	-0.08916364293111002	-0.002094953044510726	0.2860992275042326	-0.8780890892574602	1.310502014877283	-0.2386881148694256	-0.2424080723963053	-0.3682122645994541	1.747367046853271	-0.2758862301595466	2.97184919223378	-1.267543887065328	0.6555604602020674	0.0482537411108807	0.0957971672757303	0.05009371452289919	0.1452099516684196	0.08887986310205793	0.05553762487455295	0.0871160474853452	0.07568700633861293	0.10721042080181	0.05233105786863826	0.08914356149283913	0.04984946920105503	0.1527910258631338	0.1033080698436783	0.06210016844708087	0.2454165756655912	0.345940095447456	0.03028444928780481	0.003054871300621188	0.07591272952165214	0.1106277205171223	0.07160453304858562	0.1373570905356595	0.09821859972098911	0.07068707595672195	0.1044371467640889	0.09361292855905083	0.1175659485163917	0.07493382129881726	0.1072870246323515	0.06667734077231625	0.1579172422130371	0.1088347608790984	0.06720970937571549	0.2592671904416636	0.3412196012495362	0.03988660169262865
