DataType=double
version=3
OpenSimVersion=4.5.2-2025-04-14-fb5fac1
endheader
time	ground_force_r_vx	ground_force_r_vy	ground_force_r_vz	ground_force_r_px	ground_force_r_py	ground_force_r_pz	ground_force_l_vx	ground_force_l_vy	ground_force_l_vz	ground_force_l_px	ground_force_l_py	ground_force_l_pz	ground_torque_r_x	ground_torque_r_y	ground_torque_r_z	ground_torque_l_x	ground_torque_l_y	ground_torque_l_z
0	-21.1285186798264	12.7784837742686	-0	0.1848207881203299	0	0.08956897507908836	152.4838517657152	595.2795537668723	-0	-0.324476768434847	0	-0.09478689634274366	0	0	0	0	5.329070518200751e-15	0
0.001969680031615944	-23.17142056703142	14.18220866947642	-0	0.1877246167361038	0	0.08956897507908836	153.9319974472734	591.4858442231841	-0	-0.3245328384981093	0	-0.09478689634274365	0	0	0	0	0	0
0.003939360063231888	-25.52971393355396	15.82320315537916	-0	0.1905428380885952	0	0.08956897507908836	155.582042464227	587.8057473045299	-0	-0.3245867136689241	0	-0.09478689634274366	0	0	0	0	3.552713678800501e-15	0
0.005909040094847832	-28.25304132111092	17.74065615388267	-0	0.1932724072566903	0	0.08956897507908836	157.2591004616942	583.9836403334631	-0	-0.3246406273714669	0	-0.09478689634274365	0	0	0	0	0	0
0.007878720126463776	-31.41912063696808	19.99033146057599	-0	0.1959106851525446	0	0.08956897507908836	158.9014660986271	580.0488226876569	-0	-0.3246959719981094	0	-0.09478689634274366	0	0	0	0	1.77635683940025e-15	0
0.00984840015807972	-35.13573030158511	22.65094236433083	-0	0.1984546548037395	0	0.08956897507908836	160.3848484354362	575.9248443808525	-0	-0.3247547945208884	0	-0.09478689634274365	0	0	0	0	1.77635683940025e-15	0
0.01181808018969566	-39.55794671128793	25.84604923958915	-0	0.2008996258192697	0	0.08956897507908836	161.8236695847275	571.6044215901725	-0	-0.324814681832983	0	-0.09478689634274365	0	0	0	0	0	0
0.01378776022131161	-44.95214995441713	29.79105198023649	-0	0.2032401216610795	0	0.08956897507908836	163.1374192891924	566.9954836935063	-0	-0.3248767086770235	0	-0.09478689634274363	0	0	0	0	-3.552713678800501e-15	0
0.01575744025292755	-51.79428128326261	34.88357344645336	-0	0.2054676894446864	0	0.08956897507908836	164.3576038669528	562.0474600845941	-0	-0.3249398815755337	0	-0.09478689634274365	0	0	0	0	0	0
0.0177271202845435	-60.93066760132821	41.83797171865325	-0	0.2075732574420091	0	0.08956897507908836	165.434224892604	556.6778931737097	-0	-0.3250046773520828	0	-0.09478689634274365	0	0	0	0	0	0
0.01969680031615944	-73.71453285476166	51.86218743060221	-0	0.2095432597027836	0	0.08956897507908836	166.3836990641	550.8297799045097	-0	-0.3250703398111326	0	-0.09478689634274365	0	0	0	0	0	0
0.02166648034777538	-91.97257589839433	66.77852051058417	-0	0.2113632164239103	0	0.08956897507908836	167.1668349610308	544.4197483976561	-0	-0.3251370809245564	0	-0.09478689634274365	0	0	0	0	0	0
0.02363616037939133	-117.6813273164779	89.07414187073702	-0	0.213011443900209	0	0.08956897507908836	167.7755910148295	537.3600351032696	-0	-0.3252044070787117	0	-0.09478689634274365	0	0	0	0	0	0
0.02560584041100727	-152.2472206904629	121.8016270531903	-0	0.2144651751903694	0	0.08956897507908836	168.1626015572454	529.5362473047601	-0	-0.3252724384077734	0	-0.09478689634274365	0	0	0	0	0	0
0.02757552044262322	-195.7104497848754	168.4951394669385	-0	0.2156944332996941	0	0.08956897507908836	168.2852222995415	520.8157847794474	-0	-0.3253410196136595	0	-0.09478689634274365	0	0	0	0	0	0
0.02954520047423916	-245.8259736505168	233.0998704888265	-0	0.2166701205813818	0	0.08956897507908836	168.0850738911653	511.0541764776486	-0	-0.3254101872443336	0	-0.09478689634274365	0	0	0	0	0	0
0.0315148805058551	-297.5220128583945	319.435927595271	-0	0.2173634624355319	0	0.08956897507908836	167.4919441143803	500.0969883175486	-0	-0.3254800755023932	0	-0.09478689634274365	0	0	0	0	0	0
0.03348456053747105	-191.9945263088589	420.9072308514851	-0	0.2188863550916238	0	0.08956897507908836	166.2864140572757	488.4255984640025	-0	-0.3255589346927389	0	-0.09478689634274365	0	0	0	0	0	0
0.03545424056908699	-155.0761956483158	525.28297412149	-0	0.2195795360733551	0	0.08956897507908836	164.6612392599504	476.04779446466	-0	-0.3256422948893873	0	-0.09478689634274365	0	0	0	0	0	0
0.03742392060070293	-167.629563131255	631.0706010016809	-0	0.2198478401951102	0	0.08956897507908836	162.7749785714749	462.3203233360341	-0	-0.3257210200934336	0	-0.09478689634274365	0	0	0	0	0	0
0.03939360063231888	-181.9054289530392	736.367608550889	-0	0.2200691940071803	0	0.08956897507908837	160.4293217134142	447.3167386821894	-0	-0.3257998542826275	0	-0.09478689634274365	0	3.552713678800501e-15	0	0	0	0
0.04136328066393483	-196.2459402308331	837.5251078107302	-0	0.2202645624879128	0	0.08956897507908836	157.5818155636257	431.2182793034735	-0	-0.3258808990368727	0	-0.09478689634274365	0	0	0	0	0	0
0.04333296069555077	-210.2436917470039	931.32840761385	-0	0.2204427774352363	0	0.08956897507908836	154.2286782870553	414.1822582272004	-0	-0.3259651843909512	0	-0.09478689634274365	0	-3.552713678800501e-15	0	0	0	0
0.04530264072716671	-222.7818464297553	1015.09897029669	-0	0.2206159578223013	0	0.08956897507908837	150.3883424509594	396.3712309729958	-0	-0.326053395312759	0	-0.09478689634274365	0	0	0	0	0	0
0.04727232075878265	-233.4748273269953	1086.905786468267	-0	0.2207897700309879	0	0.08956897507908837	146.0867724131854	377.9509753987551	-0	-0.3261461460337574	0	-0.09478689634274365	0	-7.105427357601002e-15	0	0	0	0
0.0492420007903986	-242.0864104613281	1145.566881329256	-0	0.2209687734618601	0	0.08956897507908838	141.3718191167699	359.0980285348082	-0	-0.3262437354704463	0	-0.09478689634274366	0	-1.4210854715202e-14	0	0	1.77635683940025e-15	0
0.05121168082201454	-249.0024942797103	1190.885858299163	-0	0.2211527018339779	0	0.08956897507908843	136.2931916460726	339.9956213870057	-0	-0.3263466006204852	0	-0.09478689634274365	0	-4.263256414560601e-14	0	0	0	0
0.05318136085363048	-254.1768957937462	1223.437800562154	-0	0.2213437330771868	0	0.08956897507908855	130.8669587179019	320.7889145378815	-0	-0.3264559655079597	0	-0.09478689634274365	0	-1.101341240428155e-13	0	0	0	0
0.05515104088524643	-257.9351524066948	1244.45554123222	-0	0.2215404133004453	0	0.0895689750790888	125.1061904292368	301.5830466923969	-0	-0.3265728775777929	0	-0.09478689634274365	0	-3.019806626980426e-13	0	0	0	0
0.05712072091686238	-260.0672586102926	1255.574494401214	-0	0.2217445326185225	0	0.08956897507908945	119.1354803445226	282.5501395300835	-0	-0.3266957799549743	0	-0.09478689634274365	0	-7.496225862269057e-13	0	0	0	0
0.05909040094847832	-260.4413853491662	1258.375028484059	-0	0.2219565827534543	0	0.08956897507909098	113.0735990116354	263.880312120922	-0	-0.3268234807516776	0	-0.09478689634274365	0	-1.797673121473053e-12	0	0	0	0
0.06106008098009426	-259.2125475914532	1254.438827748757	-0	0.2221752148280156	0	0.08956897507909446	106.8307403434209	245.6034271257293	-0	-0.3269601414915994	0	-0.09478689634274365	0	-4.103384299014579e-12	0	0	0	0
0.06302976101171021	-256.5863857963594	1245.176683963755	-0	0.2223986940140245	0	0.08956897507910208	100.2954995628338	227.6332532372087	-0	-0.327109518660974	0	-0.09478689634274365	0	-8.931522188504459e-12	0	0	0	0
0.06499944104332615	-252.7780406685604	1231.886615723706	-0	0.2226252854046379	0	0.08956897507911805	93.46069354117122	209.9391275985213	-0	-0.3272727333426969	0	-0.09478689634274365	0	-1.837463514675619e-11	0	0	0	0
0.06696912107494209	-247.9999564153391	1215.633829923947	-0	0.2228533643548478	0	0.08956897507914986	86.30342530682027	192.4775224174156	-0	-0.3274516790348928	0	-0.09478689634274365	0	-3.576872131816344e-11	0	0	0	0
0.06893880110655803	-242.3605730705361	1197.307080305719	-0	0.2230821266783885	0	0.08956897507921004	78.8863206327094	175.2860506751921	-0	-0.3276464349725777	0	-0.09478689634274365	0	-6.584599532288848e-11	0	0	0	0
0.07090848113817398	-235.9402909785753	1177.516367772258	-0	0.2233111901666907	0	0.08956897507931835	71.27095158968514	158.4518924929475	-0	-0.3278585423526391	0	-0.09478689634274365	0	-1.149089712271234e-10	0	0	0	0
0.07287816116978993	-228.9087365697567	1156.721976236363	-0	0.2235394874999735	0	0.08956897507950404	63.24749832708104	141.8225942774669	-0	-0.3281000726552143	0	-0.09478689634274365	0	-1.909583602355269e-10	0	0	0	0
0.07484784120140588	-221.4254540145329	1135.274961457726	-0	0.2237664063384238	0	0.08956897507980903	54.5153909633176	124.9959136740028	-0	-0.3283866947735377	0	-0.09478689634274365	0	-3.040412366317469e-10	0	0	0	0
0.07681752123302181	-213.8429945083636	1113.588465244412	-0	0.2239897741051479	0	0.08956897508029125	42.80410355948349	105.5540007183563	-0	-0.3288305153335706	0	-0.09478689634274365	0	-4.66663152565161e-10	0	0	0	0
0.07878720126463776	-206.5448472859904	1092.474181387964	-0	0.2242077817430035	0	0.08956897508102706	25.60696346848187	78.9505304705298	-0	-0.3296360948750684	0	-0.09478689634274365	0	-6.931522023023717e-10	0	0	0	0
0.08075688129625369	-199.6838023188045	1072.65332943137	-0	0.2244204053234288	0	0.08956897508211394	8.897570689643299	46.64668643672499	-0	-0.3307565160141751	0	-0.09478689634274365	0	-9.995879679536301e-10	0	0	0	0
0.08272656132786965	-193.3020609926456	1054.300076010029	-0	0.224627513089269	0	0.08956897508367131	0.1220976228181088	14.99924814779982	-0	-0.3320939964722331	0	-0.09478689634274365	0	-1.402209903744733e-09	0	0	0	0
0.08469624135948559	-187.2971511316159	1037.381786776335	-0	0.2248300150540836	0	0.08956897508584097	0.7517146326372505	-2.525891997254096	-0	-0.3340749250282724	0	-0.09478689634274365	0	-1.916450997896391e-09	0	0	0	0
0.08666592139110153	-181.4642287478903	1021.460012642974	-0	0.2250291727875754	0	0.08956897508878825	0.1506651864545301	-0.193749995871002	-0	-0.3368206655203136	0	-0.09478689634274365	0	-2.557314360274177e-09	0	0	0	0
0.08863560142271747	-175.7247008665771	1005.98957244835	-0	0.225224841910231	0	0.08956897509270269	0.002118467946645582	-0.002229321538606063	-0	-0.3370252523451377	0	-0.09478689634274365	0	-3.338863407975623e-09	0	0	0	0
0.09060528145433341	-170.0407625125121	990.6280164299848	-0	0.2254169747362021	0	0.08956897509779965	4.117633287449621e-05	-4.084562518730884e-05	-0	-0.3361487179049025	0	-0.09478689634274365	0	-4.276779819178955e-09	0	0	0	0
0.09257496148594938	-164.5068831609879	975.2581330669123	-0	0.2256045388024133	0	0.08956897510431616	2.817312036608497e-06	-2.680439631039359e-06	-0	-0.334912439311187	0	-0.09478689634274365	0	-5.385103918342793e-09	0	0	0	0
0.09454464151756531	-159.2603993569513	960.1423378102786	-0	0.2257866418360691	0	0.08956897511248157	5.756281680748917e-07	-5.325696620656969e-07	-0	-0.3334101563154409	0	-0.09478689634274365	0	-6.6647718455215e-09	0	0	0	0
0.09651432154918124	-154.3033903127373	945.5436314591461	-0	0.2259637973462135	0	0.08956897512250855	2.600173145321135e-07	-2.362232450516064e-07	-0	-0.3317312752409326	0	-0.09478689634274365	0	-8.105786264422932e-09	0	0	0	0
0.09848400158079719	-149.6390323950995	931.6807138871465	-0	0.226136297754484	0	0.0895689751345788	1.583957319443604e-07	-1.418413448322504e-07	-0	-0.3299412592883549	0	-0.09478689634274365	0	-9.689587798789034e-09	0	0	0	0
0.1004536816124131	-145.2088944111557	918.6295922283321	-0	0.2263048753063857	0	0.08956897514884121	9.513258119110344e-08	-8.398519134875357e-08	-0	-0.328069198602869	0	-0.09478689634274365	0	-1.139252070458951e-08	0	0	0	0
0.1024233616440291	-140.9486207906854	906.2471939397946	-0	0.2264699563291691	0	0.08956897516543103	5.513624799958049e-08	-4.799005785698787e-08	-0	-0.3261136082802504	0	-0.09478689634274363	0	-1.319624409745757e-08	0	0	-8.271806125530277e-25	0
0.104393041675645	-136.8519560229957	894.3832942685079	-0	0.2266313139290033	0	0.0895689751844556	3.067549689004856e-08	-2.632782528569005e-08	-0	-0.3240734620177924	0	-0.09478689634274365	0	-1.508169589214958e-08	0	0	0	0
0.106362721707261	-132.9170222416463	882.9131152399111	-0	0.226788766566618	0	0.08956897520597107	1.678741645014846e-08	-1.421590006538933e-08	-0	-0.3219491437666659	0	-0.09478689634274365	0	-1.702148999527253e-08	0	0	0	0
0.1083324017388769	-129.1368259914374	871.741406280762	-0	0.2269422673373065	0	0.0895689752299772	9.219590881537313e-09	-7.709885564667979e-09	-0	-0.3197438570912482	0	-0.09478689634274365	0	-1.898263946031875e-08	0	0	0	0
0.1103020817704929	-125.5077390360674	860.8320929765066	-0	0.227091833765877	0	0.08956897525638838	5.187922821688406e-09	-4.28784613854631e-09	-0	-0.3174627482412755	0	-0.09478689634274365	0	-2.09227444258886e-08	0	0	0	0
0.1122717618021088	-122.0117464866354	850.1633312639209	-0	0.2272376899367753	0	0.08956897528504469	3.143543367277912e-09	-2.569891909991525e-09	-0	-0.3151107447469847	0	-0.09478689634274365	0	-2.279719346631737e-08	0	0	0	0
0.1142414418337247	-118.6317654935735	839.7319632095713	-0	0.2273800739759198	0	0.08956897531572444	2.100036736767145e-09	-1.699338072513609e-09	-0	-0.3126923782178044	0	-0.09478689634274365	0	-2.456780912041268e-08	0	0	0	0
0.1162111218653407	-115.357079633992	829.5402857252328	-0	0.2275191584416895	0	0.08956897534815532	1.476875738588421e-09	-1.183667229326082e-09	-0	-0.3102118136227305	0	-0.09478689634274365	0	-2.620276973175351e-08	0	0	0	0
0.1181808018969566	-112.1793491752665	819.5983752246694	-0	0.2276551064745645	0	0.08956897538204121	1.033003246885562e-09	-8.204699590285663e-10	-0	-0.307672636506741	0	-0.09478689634274365	0	-2.768232398864257e-08	0	0	0	0
0.1201504819285726	-109.0976522925075	809.9190576419854	-0	0.2277879964491825	0	0.08956897541706964	7.02186425495878e-10	-5.529697175698628e-10	-0	-0.3050780508507251	0	-0.09478689634274365	0	-2.899518136700863e-08	0	0	0	0
0.1221201619601885	-106.1136257296623	800.5201734304219	-0	0.2279178885035541	0	0.08956897545291943	4.63741103065717e-10	-3.622429191890021e-10	-0	-0.3024307689792286	0	-0.09478689634274363	0	-3.013541061136493e-08	0	0	-6.462348535570529e-27	0
0.1240898419918045	-103.228013221366	791.4201995960453	-0	0.2280448574251524	0	0.08956897548927344	2.994010093488776e-10	-2.320690467632563e-10	-0	-0.2997332089190092	0	-0.09478689634274365	0	-3.110277013718132e-08	0	0	0	0
0.1260595220234204	-100.442349823183	782.6381229052962	-0	0.2281689654359934	0	0.08956897552581623	1.902165939022474e-10	-1.463509469862097e-10	-0	-0.2969873919156329	0	-0.09478689634274365	0	-3.189847319617911e-08	0	0	0	0
0.1280292020550363	-97.75444579979361	774.1906881264637	-0	0.228290319016608	0	0.08956897556225278	1.195493575053626e-10	-9.132766093776643e-11	-0	-0.2941951020632321	0	-0.09478689634274365	0	-3.252786662244489e-08	0	0	0	0
0.1299988820866523	-95.1615150211213	766.089824263336	-0	0.2284090180161396	0	0.08956897559831217	7.463925304074515e-11	-5.662912160187231e-11	-0	-0.2913578431100277	0	-0.09478689634274365	0	-3.299934014933115e-08	0	0	0	0
0.1319685621182682	-92.65954992001789	758.3440274862878	-0	0.228525171235034	0	0.08956897563376137	4.64454553738306e-11	-3.500492499878478e-11	-0	-0.2884769569978417	0	-0.09478689634274365	0	-3.332479003859135e-08	0	0	0	0
0.1339382421498842	-90.24408562774109	750.9559415163251	-0	0.2286388800287854	0	0.08956897566841028	2.888834880806814e-11	-2.163252172296034e-11	-0	-0.2855536035657901	0	-0.09478689634274365	0	-3.351968658193982e-08	0	0	0	0
0.1359079221815001	-87.91092192750385	743.9254006661477	-0	0.2287502372830583	0	0.08956897570211833	1.800564107367256e-11	-1.339883862707744e-11	-0	-0.2825888401196103	0	-0.09478689634274365	0	-3.360185374390312e-08	0	0	0	0
0.1378776022131161	-85.65590699039697	737.248023243154	-0	0.2288593279211372	0	0.08956897573479462	1.127337759677811e-11	-8.337868990062358e-12	-0	-0.2795836193228571	0	-0.09478689634274365	0	-3.359120714918618e-08	0	0	0	0
0.139847282244732	-83.475737866011	730.9182209130271	-0	0.2289662241761795	0	0.08956897576639861	7.106092548432614e-12	-5.224393203552395e-12	-0	-0.2765388262161255	0	-0.09478689634274363	0	-3.350822197489833e-08	0	0	-1.009741958682895e-28	0
0.141816962276348	-81.36756093327062	724.9292409654707	-0	0.2290709912567457	0	0.08956897579693134	4.51898881138203e-12	-3.302978310351061e-12	-0	-0.2734552565669431	0	-0.09478689634274365	0	-3.337278187132142e-08	0	0	0	0
0.1437866423079639	-79.33001473429414	719.2746001152325	-0	0.2291736744729976	0	0.08956897582643211	2.904737228606985e-12	-2.110959771370579e-12	-0	-0.2703336336218446	0	-0.09478689634274365	0	-3.320283870067442e-08	0	0	0	0
0.1457563223395799	-77.36245402016685	713.9490344492813	-0	0.2292743099241508	0	0.08956897585495263	1.890268756761933e-12	-1.365990052415874e-12	-0	-0.2671745463220074	0	-0.09478689634274365	0	-3.301147266654425e-08	0	0	0	0
0.1477260023711958	-75.46449664961258	708.94782236381	-0	0.2293729295645173	0	0.08956897588256289	1.247229471350459e-12	-8.9630617325718e-13	-0	-0.2639784974065578	0	-0.09478689634274365	0	-3.280823701601321e-08	0	0	0	0
0.1496956824028118	-73.63612198579141	704.2672339794051	-0	0.2294695558639149	0	0.08956897590931563	8.355238366749435e-13	-5.971491133478096e-13	-0	-0.2607458473555427	0	-0.09478689634274365	0	-3.259606362604472e-08	0	0	0	0
0.1516653624344277	-71.8756226150351	699.9032820071989	-0	0.2295642317290039	0	0.08956897593526891	5.690286344663815e-13	-4.044759781973869e-13	-0	-0.2574768731942043	0	-0.09478689634274365	0	-3.237539036859971e-08	0	0	0	0
0.1536350424660436	-70.18089786298165	695.8509104463092	-0	0.2296569952209185	0	0.08956897596046327	3.944691663243535e-13	-2.788817891683935e-13	-0	-0.2541717223015598	0	-0.09478689634274365	0	-3.214386268268754e-08	0	0	0	0
0.1556047224976596	-68.54810653842524	692.103986863763	-0	0.2297479043341787	0	0.08956897598494652	2.787157050646741e-13	-1.959857465377128e-13	-0	-0.2508304826211528	0	-0.09478689634274363	0	-3.18992077197322e-08	0	0	-3.155443620884047e-30	0
0.1575744025292755	-66.97276156574452	688.6538677352905	-0	0.2298370161217389	0	0.08956897600877343	2.009897486111093e-13	-1.405707963868317e-13	-0	-0.2474531715232497	0	-0.09478689634274365	0	-3.164183759452044e-08	0	0	0	0
0.1595440825608915	-65.45035654399982	685.4909274259481	-0	0.229924385173573	0	0.08956897603201454	1.481396027546501e-13	-1.030500148150665e-13	-0	-0.2440397777990753	0	-0.09478689634274365	0	-3.137376580752971e-08	0	0	0	0
0.1615137625925074	-63.97623446745119	682.6035974836203	-0	0.2300100649250571	0	0.08956897605476638	1.117634704674744e-13	-7.73261468904975e-14	-0	-0.2405902615683819	0	-0.09478689634274363	0	-3.110142898776758e-08	0	0	-1.577721810442024e-30	0
0.1634834426241233	-62.54699737584075	679.9801180433964	-0	0.230094091984787	0	0.0895689760771447	8.643828771227128e-14	-5.948025590858963e-14	-0	-0.2371045667730557	0	-0.09478689634274365	0	-3.083242816614984e-08	0	0	0	0
0.1654531226557393	-61.15967453997926	677.6083761922562	-0	0.2301765008598729	0	0.08956897609928932	6.862962723443408e-14	-4.696843591493806e-14	-0	-0.2335826037885127	0	-0.09478689634274365	0	-3.057653863436371e-08	0	0	0	0
0.1674228026873552	-59.81237620336653	675.4767015423746	-0	0.2302573144380344	0	0.08956897612135561	5.601881765125529e-14	-3.812775564521017e-14	-0	-0.2300242865750113	0	-0.09478689634274365	0	-3.034351525599277e-08	0	0	0	0
0.1693924827189712	-58.5037466579375	673.5740602153408	-0	0.2303365548704776	0	0.08956897614350985	4.707068657002309e-14	-3.186060761057475e-14	-0	-0.226429543069043	0	-0.09478689634274365	0	-3.014245741894683e-08	0	0	0	0
0.1713621627505871	-57.23284271743525	671.8901892844398	-0	0.2304142427188465	0	0.08956897616592775	4.076368975337157e-14	-2.743813019339917e-14	-0	-0.2227982795264638	0	-0.09478689634274365	0	-2.998169890133795e-08	0	0	0	0
0.1733318427822031	-55.99902364536323	670.4158587866704	-0	0.2304904003212951	0	0.08956897618878457	3.641541592755499e-14	-2.437373453604944e-14	-0	-0.2191303090419708	0	-0.09478689634274365	0	-2.986771008295364e-08	0	0	0	0
0.175301522813819	-54.80166574021163	669.1425120871502	-0	0.2305650528626684	0	0.08956897621226048	3.358547087233757e-14	-2.235216451466292e-14	-0	-0.2154254392713976	0	-0.09478689634274365	0	-2.980601987445652e-08	0	0	0	0
0.1772712028454349	-53.64023280920698	668.0624704262078	-0	0.2306382277836777	0	0.08956897623652796	3.200413247144943e-14	-2.117771644945705e-14	-0	-0.211683477789082	0	-0.09478689634274365	0	-2.980014190967495e-08	0	0	0	0
0.1792408828770509	-52.51394188543988	667.1686931852776	-0	0.2307099577533738	0	0.08956897626176255	3.153059324703153e-14	-2.074348143899611e-14	-0	-0.207904219655823	0	-0.09478689634274365	0	-2.985298763746869e-08	0	0	0	0
0.1812105629086668	-51.42192527312618	666.455024902975	-0	0.2307802780003103	0	0.08956897628813314	3.212999592101355e-14	-2.101385825152312e-14	-0	-0.2040874026683361	0	-0.09478689634274366	0	-2.996642844976805e-08	0	0	7.888609052210118e-31	0
0.1831802429402828	-50.36261933533046	665.9146111036648	-0	0.230849232979059	0	0.0895689763158162	3.39128585738258e-14	-2.204855165467159e-14	-0	-0.2002333140366363	0	-0.09478689634274365	0	-3.01426856808007e-08	0	0	0	0
0.1851499229718988	-49.33429461557025	665.5387996124798	-0	0.2309168672579396	0	0.08956897634499214	3.720536936008595e-14	-2.40457733260828e-14	-0	-0.1963436854105476	0	-0.09478689634274365	0	-3.0384597948796e-08	0	0	0	0
0.1871196030035147	-48.33844298606167	665.3255971484095	-0	0.230983186795431	0	0.08956897637584396	4.232612182779954e-14	-2.71898626729959e-14	-0	-0.1924152152042155	0	-0.09478689634274365	0	-3.069475162931212e-08	0	0	0	0
0.1890892830351306	-47.37024467787693	665.2688845936519	-0	0.2310482836294473	0	0.08956897640857256	4.978155076161346e-14	-3.178195262145773e-14	-0	-0.1884474347486733	0	-0.09478689634274365	0	-3.107781143540933e-08	0	0	0	0
0.1910589630667466	-46.42812329935629	665.3599309967118	-0	0.2311121992454881	0	0.08956897644338617	6.045323518609195e-14	-3.835593424468598e-14	-0	-0.1844431040501584	0	-0.09478689634274365	0	-3.153773597830423e-08	0	0	0	0
0.1930286430983625	-45.51419228633641	665.5973383942188	-0	0.2311749305348877	0	0.08956897648049031	7.542587776873351e-14	-4.755353250154162e-14	-0	-0.1803991636904626	0	-0.09478689634274365	0	-3.207779819547341e-08	0	0	0	0
0.1949983231299784	-44.62476656573219	665.9750322914966	-0	0.2312365526556433	0	0.08956897652011866	9.66433909884462e-14	-6.053899330092038e-14	-0	-0.1763152896204326	0	-0.09478689634274365	0	-3.270372239683184e-08	0	0	0	0
0.1969680031615944	-43.75810083265869	666.4813015196107	-0	0.2312971069082013	0	0.08956897656251736	1.278969381748973e-13	-7.960267654540464e-14	-0	-0.1721958016868268	0	-0.09478689634274365	0	-3.342146381868361e-08	0	0	0	0
0.1989376831932103	-42.91396658258207	667.1078998190402	-0	0.2313566171121826	0	0.08956897660793812	1.750174503247129e-13	-1.082383070210271e-13	-0	-0.1680435058769948	0	-0.09478689634274365	0	-3.42359722793617e-08	0	0	0	0
0.2009073632248263	-42.09249183228956	667.8535572578861	-0	0.231415108124833	0	0.08956897665662951	2.45618590500349e-13	-1.509319439998338e-13	-0	-0.1638557852698685	0	-0.09478689634274365	0	-3.515094837425181e-08	0	0	0	0
0.2028770432564422	-41.29184078757375	668.7161831241344	-0	0.231472630462239	0	0.08956897670886375	3.505728543252938e-13	-2.140297230060641e-13	-0	-0.1596298964526343	0	-0.09478689634274365	0	-3.617146981937935e-08	0	0	0	0
0.2048467232880582	-40.51017319334348	669.6915705189141	-0	0.2315292303408164	0	0.08956897676493156	5.04908709138423e-13	-3.062161351373215e-13	-0	-0.1553642802947254	0	-0.09478689634274366	0	-3.730357578390908e-08	0	0	6.310887241768094e-30	0
0.2068164033196741	-39.74553609585949	670.7741987751691	-0	0.2315849532643779	0	0.08956897682514697	7.259500410293875e-13	-4.373065282986804e-13	-0	-0.1510584511740918	0	-0.09478689634274365	0	-3.855398489349682e-08	0	0	0	0
0.2087860833512901	-38.99595296348728	671.9562520584589	-0	0.2316398412379063	0	0.08956897688984045	1.023621280791846e-12	-6.124241033783261e-13	-0	-0.1467144450625751	0	-0.09478689634274365	0	-3.992968800048402e-08	0	0	0	0
0.210755763382906	-38.26027089438801	673.2309497077474	-0	0.2316939248140686	0	0.08956897695936071	1.355675503489452e-12	-8.055425356522015e-13	-0	-0.1423338983364055	0	-0.09478689634274365	0	-4.143743304041436e-08	0	0	0	0
0.2127254434145219	-37.53724205011682	674.5936663424934	-0	0.231747235632712	0	0.08956897703406833	1.505910061125077e-12	-8.886560694873262e-13	-0	-0.1379166933116852	0	-0.09478689634274365	0	-4.30837463483158e-08	0	0	0	0
0.2146951234461379	-36.82506803687254	676.0393602366636	-0	0.2317998111727498	0	0.08956897711435199	9.63349644577102e-13	-5.645481523008092e-13	-0	-0.1334628392517065	0	-0.09478689634274365	0	-4.487607485614831e-08	0	0	0	0
0.2166648034777538	-36.12193253097591	677.5620417419819	-0	0.2318516859695579	0	0.08956897720062496	-5.993215062779727e-13	3.487742245904729e-13	-0	-0.1289730121489855	0	-0.09478689634274365	0	-4.68228953387495e-08	0	0	0	0
0.2186344835093698	-35.42631775629646	679.1558234242523	-0	0.2319028893872146	0	0.08956897729332987	-2.363991750257752e-12	1.366110405891106e-12	-0	-0.1244477745444592	0	-0.09478689634274363	0	-4.893325611377008e-08	0	0	2.524354896707238e-29	0
0.2206041635409857	-34.73671260975154	680.8152370434889	-0	0.2319534490637015	0	0.08956897739293572	-3.388060000745154e-12	1.944161574978998e-12	-0	-0.1198872246408241	0	-0.09478689634274365	0	-5.121699508947586e-08	0	0	0	0
0.2225738435726017	-34.05151977664707	682.5345105794673	-0	0.2320033925435246	0	0.08956897749994708	-3.674986447637625e-12	2.093943061949779e-12	-0	-0.115291658515759	0	-0.09478689634274365	0	-5.368492583812667e-08	0	0	0	0
0.2245435236042176	-33.36922248397269	684.3073953885877	-0	0.2320527443011527	0	0.08956897761490228	-3.559079529341984e-12	2.013567811224381e-12	-0	-0.1106619445821873	0	-0.09478689634274365	0	-5.634899657991355e-08	0	0	0	0
0.2265132036358335	-32.68847575341099	686.1275432411718	-0	0.2321015256743525	0	0.08956897773837848	-3.278306451182748e-12	1.84159770930252e-12	-0	-0.105999101789465	0	-0.09478689634274365	0	-5.922203394348458e-08	0	0	0	0
0.2284828836674495	-32.00803433392172	687.9886261214726	-0	0.2321497555277709	0	0.08956897787099055	-2.93506860012844e-12	1.637131448306143e-12	-0	-0.1013043599151917	0	-0.09478689634274365	0	-6.23179619019254e-08	0	0	0	0
0.2304525636990654	-31.32692157900929	689.8845859761278	-0	0.2321974487777748	0	0.08956897801339535	-2.578164169472425e-12	1.427916150008954e-12	-0	-0.09657870949257506	0	-0.09478689634274365	0	-6.56514322905366e-08	0	0	0	0
0.2324222437306814	-30.64424906091091	691.8100515239651	-0	0.2322446187072308	0	0.08956897816628986	-2.294828609179101e-12	1.262041301068847e-12	-0	-0.09182247563165802	0	-0.09478689634274366	0	-6.923787987389574e-08	0	0	-5.048709793414476e-29	0
0.2343919237622973	-29.95907451044056	693.7595537213688	-0	0.2322912787672599	0	0.08956897833041937	-1.979267534594323e-12	1.080839394644666e-12	-0	-0.08703596005249667	0	-0.09478689634274365	0	-7.309382477060922e-08	0	0	0	0
0.2363616037939133	-29.27055751439476	695.7275487920963	-0	0.2323374402282744	0	0.08956897850657736	-1.779126843552478e-12	9.647131006644084e-13	-0	-0.08221955035632363	0	-0.09478689634274365	0	-7.723699413375584e-08	0	0	0	0
0.2383312838255292	-28.57787074943654	697.7082595160475	-0	0.2323831137250502	0	0.08956897869561121	-1.578033844992761e-12	8.496580670099959e-13	-0	-0.07737382249118141	0	-0.09478689634274365	0	-8.168638654382221e-08	0	0	0	0
0.2403009638571452	-27.88029460947682	699.6956632743071	-0	0.2324283079034661	0	0.0895689788984245	-1.40573390657669e-12	7.515773335873111e-13	-0	-0.07249980159112775	0	-0.09478689634274365	0	-8.646262861233822e-08	0	0	0	0
0.2422706438887611	-27.17723392932886	701.6836614526577	-0	0.2324730296447838	0	0.08956897911597979	-1.294462728859531e-12	6.872480583950813e-13	-0	-0.06759864955054623	0	-0.09478689634274365	0	-9.158773295325773e-08	0	0	0	0
0.244240323920377	-26.46819294136691	703.6662313196399	-0	0.2325172845297414	0	0.08956897934930279	-1.13670330959617e-12	5.99295243059085e-13	-0	-0.06267176286662586	0	-0.09478689634274365	0	-9.708552628495681e-08	0	0	0	0
0.246210003951993	-25.75284625415649	705.6375557745044	-0	0.2325610761098793	0	0.08956897959948389	-1.085322915449581e-12	5.6825407677995e-13	-0	-0.05772038394063671	0	-0.09478689634274365	0	-1.029813305741811e-07	0	0	0	0
0.2481796839836089	-25.03094487377619	707.5924101052948	-0	0.2326044074475988	0	0.08956897986768425	-1.009755358308906e-12	5.250613482902708e-13	-0	-0.05274533256789529	0	-0.09478689634274365	0	-1.093024781795293e-07	0	0	0	0
0.2501493640152249	-24.30233654737095	709.5257798207673	-0	0.2326472806156197	0	0.0895689801551376	-9.089775531603234e-13	4.694360204779365e-13	-0	-0.04774719077466712	0	-0.09478689634274365	0	-1.160780693787444e-07	0	0	0	0
0.2521190440468408	-23.56694785516213	711.4331947574434	-0	0.232689697220406	0	0.08956898046315714	-7.820763644849762e-13	4.011591300536922e-13	-0	-0.04272607111964749	0	-0.09478689634274365	0	-1.233392543653622e-07	0	0	0	0
0.2540887240784568	-22.8247136297833	713.310158880702	-0	0.2327316589417485	0	0.08956898079313677	-8.377065387140588e-13	4.267910103312624e-13	-0	-0.03768210946384603	0	-0.09478689634274365	0	-1.311191155650704e-07	0	0	0	0
0.2560584041100727	-22.07565760217291	715.1522531578142	-0	0.2327731666429045	0	0.08956898114655612	-6.704465912453266e-13	3.39276387509325e-13	-0	-0.03261562452675878	0	-0.09478689634274365	0	-1.394524324904722e-07	0	0	0	0
0.2580280841416887	-21.31982319928482	716.9550084212076	-0	0.2328142211021084	0	0.08956898152498037	-7.129494802914847e-13	3.583641757962204e-13	-0	-0.02752708392347464	0	-0.09478689634274365	0	-1.48375716824134e-07	0	0	0	0
0.2599977641733046	-20.55731172904996	718.71401926361	-0	0.2328548226153471	0	0.08956898193006409	-7.556852233323443e-13	3.773079778415008e-13	-0	-0.02241730703463291	0	-0.09478689634274365	0	-1.57926900445915e-07	0	0	0	0
0.2619674442049206	-19.78823887568138	720.4249806768961	-0	0.2328949714780687	0	0.08956898236355182	-7.985476647827243e-13	3.960596544604127e-13	-0	-0.01728714241117803	0	-0.09478689634274365	0	-1.681456822666405e-07	0	0	0	0
0.2639371242365365	-19.01273189351641	722.0839290044385	-0	0.2329346681333241	0	0.08956898282728647	-8.414284305703667e-13	4.145717064542057e-13	-0	-0.0121374669579361	0	-0.09478689634274365	0	-1.790739492246729e-07	0	0	0	0
0.2659068042681524	-18.23091193923323	723.6870767010251	-0	0.2329739132856594	0	0.08956898332321016	-8.842152394410481e-13	4.327958918959343e-13	-0	-0.006969078585926287	0	-0.09478689634274365	0	-1.907560296388056e-07	0	0	0	0
0.2678764842997683	-17.44289628121954	725.2310726909645	-0	0.2330127080490116	0	0.08956898385338108	-9.267914462071838e-13	4.506822726928166e-13	-0	-0.001782612657409372	0	-0.09478689634274365	0	-2.032400063800566e-07	0	0	0	0
0.2698461643313843	-16.64871620185363	726.7127044295372	-0	0.2330510548524325	0	0.08956898441997553	-9.690382541401471e-13	4.681810060930773e-13	-0	0.003421363118818008	0	-0.09478689634274365	0	-2.165782733154487e-07	0	0	0	0
0.2718158443630003	-15.84839053134276	728.1290986627808	-0	0.2330889568563524	0	0.08956898502532551	-1.010835259264902e-12	4.852423524194334e-13	-0	0.008642372198665529	0	-0.09478689634274365	0	-2.308308162390915e-07	0	0	0	0
0.2737855243946162	-15.04181575354348	729.4774740059139	-0	0.2331264191875734	0	0.08956898567191936	-1.052061913330479e-12	5.018178794760022e-13	-0	0.01387996164292585	0	-0.09478689634274365	0	-2.460657813063705e-07	0	0	0	0
0.2757552044262321	-14.22887014805761	730.7552783454781	-0	0.2331634483524672	0	0.08956898636247701	-1.092599125487214e-12	5.178613541715161e-13	-0	0.01913367516826085	0	-0.09478689634274365	0	-2.623660075862233e-07	0	0	0	0
0.2777248844578481	-13.40993446609398	731.9601447949526	-0	0.2332000453030021	0	0.08956898709990674	-1.132328753676967e-12	5.333283291613502e-13	-0	0.02440307361969737	0	-0.09478689634274365	0	-2.798215914534552e-07	0	0	0	0
0.279694564489464	-12.58549449887871	733.0901635148448	-0	0.2332362111350012	0	0.08956898788732355	-1.561513313726378e-12	7.309024440056964e-13	-0	0.02968771471844499	0	-0.09478689634274365	0	-2.985260594279282e-07	0	0	0	0
0.28166424452108	-11.75716745003404	734.1438429368357	-0	0.2332719331854201	0	0.08956898872795475	-1.611871507926296e-12	7.498223390545565e-13	-0	0.0349871878389026	0	-0.09478689634274365	0	-3.185617829526421e-07	0	0	0	0
0.2836339245526959	-10.92680038885185	735.1206388528323	-0	0.2333071952189759	0	0.08956898962490106	-2.075871782845046e-12	9.597669237497421e-13	-0	0.04030111121365149	0	-0.09478689634274365	0	-3.399642719559282e-07	0	0	0	0
0.2856036045843119	-10.09552864922092	736.0203393400672	-0	0.2333419885421279	0	0.08956899058120091	-2.561768295694506e-12	1.177242247367323e-12	-0	0.04562914405876706	0	-0.09478689634274365	0	-3.627412190621015e-07	0	0	0	0
0.2875732846159278	-9.264307649735118	736.8433445677404	-0	0.2333763019879463	0	0.08956899159956536	-2.629762044797224e-12	1.201232002532387e-12	-0	0.05097098837402461	0	-0.09478689634274365	0	-3.868486961877693e-07	0	0	0	0
0.2895429646475438	-8.430943040024411	737.5897679069361	-0	0.2334101612236869	0	0.08956899268270757	-3.59309748674396e-12	1.631503029998102e-12	-0	0.05632637981811329	0	-0.09478689634274365	0	-4.1225225999586e-07	0	0	0	0
0.2915126446791597	-7.592497597877716	738.2589423156388	-0	0.2334435976240232	0	0.08956899383379713	-4.135135473425043e-12	1.866557601505322e-12	-0	0.06169507444013284	0	-0.09478689634274365	0	-4.390069900939153e-07	0	0	0	0
0.2934823247107757	-6.745934175913016	738.8497404674124	-0	0.2334766439407961	0	0.08956899505647416	-5.161527228095745e-12	2.316260154460462e-12	-0	0.06707686031631317	0	-0.09478689634274365	0	-4.6724040170254e-07	0	0	0	0
0.2954520047423916	-5.888124993439937	739.3601764252223	-0	0.2335093390789207	0	0.08956899635576987	-6.697865618502595e-12	2.988326866065399e-12	-0	0.07247154467098682	0	-0.09478689634274365	0	-4.972588802942823e-07	0	0	0	0
0.2974216847740076	-5.020537312886302	739.788638664897	-0	0.2335416686102786	0	0.0895689977374423	-8.278996734504812e-12	3.67263110039104e-12	-0	0.07787899160675542	0	-0.09478689634274365	0	-5.294157220392393e-07	0	0	0	0
0.2993913648056235	-4.14570168277314	740.1346165168042	-0	0.2335736137874966	0	0.08956899920789442	-1.088882294444119e-11	4.803013450844636e-12	-0	0.08329914443762951	0	-0.09478689634274365	0	-5.640421718577926e-07	0	0	0	0
0.3013610448372394	-3.267964894331492	740.3984894330277	-0	0.2336051361534128	0	0.08956900077380126	-1.406258735399287e-11	6.16817512370997e-12	-0	0.08873198930450599	0	-0.09478689634274365	0	-6.014174722124288e-07	0	0	0	0
0.3033307248688553	-2.39225741239201	740.5824910119356	-0	0.2336361905209476	0	0.08956900244096661	-1.831840460396823e-11	7.990299338682038e-12	-0	0.09417754549488999	0	-0.09478689634274365	0	-6.415898481659799e-07	0	0	0	0
0.3053004049004713	-1.520067235935595	740.6891792233773	-0	0.2336667725693381	0	0.08956900421491348	-2.470825651060312e-11	1.071832659361797e-11	-0	0.09963584923890124	0	-0.09478689634274363	0	-6.845265193566874e-07	0	0	4.03896783473158e-28	0
0.3072700849320872	-0.6521595352502676	740.7214747289779	-0	0.2336968785313263	0	0.08956900610030528	-3.275694277599893e-11	1.41326569160344e-11	-0	0.1051069149588968	0	-0.09478689634274365	0	-7.300825159567426e-07	0	0	0	0
0.3092397649637032	0.2154020590424152	740.681663954519	-0	0.2337265595685301	0	0.08956900810194228	-4.457563382087301e-11	1.912846442883352e-11	-0	0.1105908053422054	0	-0.09478689634274365	0	-7.781647890642285e-07	0	0	0	0
0.3112094449953191	1.087824203389755	740.570520837421	-0	0.2337558780186894	0	0.08956901022629395	-6.179322664060946e-11	2.637620956952984e-11	-0	0.1160876460620419	0	-0.09478689634274365	0	-8.289859817489642e-07	0	0	0	0
0.3131791250269351	1.96700489202376	740.3885024465438	-0	0.2337848548951596	0	0.08956901248089635	-8.551142420405919e-11	3.630878383972542e-11	-0	0.1215975945206969	0	-0.09478689634274365	0	-8.828827943729856e-07	0	0	0	0
0.315148805058551	2.854344146577753	740.1357037639767	-0	0.2338135105198035	0	0.08956901487541667	-1.194709397804265e-10	5.046537334445374e-11	-0	0.127120813288186	0	-0.09478689634274365	0	-9.40407062277604e-07	0	0	0	0
0.3171184850901669	3.745844356778261	739.8129513914622	-0	0.2338418003540164	0	0.0895690174202456	-1.684686313431285e-10	7.079818266653615e-11	-0	0.1326574835534601	0	-0.09478689634274365	0	-1.00207307279776e-06	0	0	0	0
0.319088165121783	4.636071951288588	739.4227879568124	-0	0.2338696653139918	0	0.08956902012470844	-2.393832720569508e-10	1.000916269876839e-10	-0	0.1382077732574927	0	-0.09478689634274363	0	-1.068048892716167e-06	0	0	3.231174267785264e-27	0
0.3210578451533989	5.522703259886661	738.9681721389796	-0	0.2338970850098652	0	0.08956902299775323	-3.432498145389393e-10	1.428054768042978e-10	-0	0.1437719057095687	0	-0.09478689634274365	0	-1.138367414776909e-06	0	0	0	0
0.3230275251850148	6.40390037231779	738.4527574848801	-0	0.2339240387629148	0	0.08956902604661739	-4.962017776075041e-10	2.054250954663467e-10	-0	0.1493501818561361	0	-0.09478689634274365	0	-1.212797565708357e-06	0	0	0	0
0.3249972052166308	7.281664426387564	737.8797913576499	-0	0.2339505506147292	0	0.08956902927822452	-7.21909429496182e-10	2.974191671795094e-10	-0	0.1549429296170581	0	-0.09478689634274365	0	-1.291094159916462e-06	0	0	0	0
0.3269668852482467	8.159033357251158	737.2515464607359	-0	0.2339766512787016	0	0.08956903270032694	-1.058094513623549e-09	4.338432379599287e-10	-0	0.1605504645329519	0	-0.09478689634274365	0	-1.373237427770846e-06	0	0	0	0
0.3289365652798626	9.04070308308911	736.5694511296387	-0	0.2340023916656379	0	0.08956903632222427	-1.560551217845766e-09	6.368549141546657e-10	-0	0.1661730984165345	0	-0.09478689634274365	0	-1.459474939347061e-06	0	0	0	0
0.3309062453114786	9.931847334375416	735.8332625907299	-0	0.2340278333265956	0	0.08956904015881006	-2.314561200378646e-09	9.401965102847241e-10	-0	0.1718110731441608	0	-0.09478689634274365	0	-1.550819827000893e-06	0	0	0	0
0.3328759253430945	10.83190555640307	735.0428553276312	-0	0.2340529698578056	0	0.08956904422807474	-3.453135645132704e-09	1.396322904362883e-09	-0	0.1774646521450155	0	-0.09478689634274365	0	-1.648528087816459e-06	0	0	0	0
0.3348456053747105	11.73902110116383	734.1986383937899	-0	0.2340777904525547	0	0.08956904855177074	-5.177145055328112e-09	2.08411103919461e-09	-0	0.1831341047368441	0	-0.09478689634274365	0	-1.753972424634043e-06	0	0	0	0
0.3368152854063264	12.64800301788028	733.3018929554491	-0	0.2341022465872113	0	0.08956905315343901	-7.797990595034025e-09	3.125422314569894e-09	-0	0.1888197356936319	0	-0.09478689634274365	0	-1.868411184879903e-06	0	0	0	0
0.3387849654379423	13.55262917878551	732.3557768517385	-0	0.2341262798949052	0	0.08956905805439101	-1.179515300840067e-08	4.707205252770046e-09	-0	0.1945218785682903	0	-0.09478689634274365	0	-1.992333813483071e-06	0	0	0	0
0.3407546454695583	14.45088139398416	731.3636885473476	-0	0.2341498843996124	0	0.08956906327585368	-1.790661500468328e-08	7.116157489958228e-09	-0	0.2002408890412644	0	-0.09478689634274365	0	-2.126001814595213e-06	0	0	0	0
0.3427243255011742	15.34163187876711	730.3294410557935	-0	0.2341730574341436	0	0.08956906883688265	-2.727455840288273e-08	1.079448905233037e-08	-0	0.2059771176218953	0	-0.09478689634274365	0	-2.269293200241052e-06	0	0	0	0
0.3446940055327901	16.22852049427772	729.2562403514688	-0	0.2341958533389166	0	0.08956907475762839	-4.166038957722633e-08	1.642179634345223e-08	-0	0.2117309307137884	0	-0.09478689634274365	0	-2.42221256874231e-06	0	0	0	0
0.3466636855644061	17.11668922005686	728.1460709205735	-0	0.2342183400015706	0	0.08956908106324729	-6.378613831847209e-08	2.50448319211022e-08	-0	0.2175026862570596	0	-0.09478689634274365	0	-2.585534713439586e-06	0	0	0	0
0.3486333655960221	18.01036676849431	727.0004673554231	-0	0.234240573432426	0	0.0895690877836198	-9.785158710175137e-08	3.827333464090247e-08	-0	0.2232927773713227	0	-0.09478689634274365	0	-2.760532310963626e-06	0	0	0	0
0.3506030456276381	18.91401209463755	725.8201945780706	-0	0.2342626177630011	0	0.08956909495896637	-1.503335040317485e-07	5.858186262620191e-08	-0	0.2291016481822099	0	-0.09478689634274365	0	-2.949565772736307e-06	0	0	0	0
0.352572725659254	19.82005124152061	724.6074176800736	-0	0.2342843841320399	0	0.0895691026314424	-2.312027898272751e-07	8.976811494757588e-08	-0	0.2349297429023461	0	-0.09478689634274366	0	-3.154545971328915e-06	0	0	-3.308722450212111e-24	0
0.3545424056908699	20.71803154501083	723.3671570149529	-0	0.2343057453915197	0	0.08956911083151166	-3.557861965763919e-07	1.376521748954927e-07	-0	0.2407774580781037	0	-0.09478689634274365	0	-3.375000599437072e-06	0	0	0	0
0.3565120857224858	21.60794883451106	722.1040907183967	-0	0.2343267052755767	0	0.08956911958642329	-5.475853647246065e-07	2.11132316667294e-07	-0	0.2466451914201585	0	-0.09478689634274365	0	-3.609908073576307e-06	0	0	0	0
0.3584817657541018	22.49162627068213	720.8220297753927	-0	0.2343472761867358	0	0.08956912891871803	-8.42545791066537e-07	3.237799229003147e-07	-0	0.2525333140065036	0	-0.09478689634274363	0	-3.857951545782612e-06	0	0	1.323488980084844e-23	0
0.3604514457857178	23.37878512946227	719.5229687625305	-0	0.2343675681551816	0	0.08956913885487923	-1.295469175792774e-06	4.962288327846594e-07	-0	0.2584422284663476	0	-0.09478689634274365	0	-4.118703465394447e-06	0	0	0	0
0.3624211258173337	24.28144240411972	718.2052979885368	-0	0.2343877213442414	0	0.0895691494448811	-1.989602799056656e-06	7.597392184348296e-07	-0	0.2643723970543664	0	-0.09478689634274365	0	-4.395288974556877e-06	0	0	0	0
0.3643908058489496	25.20048247704461	716.867439955205	-0	0.2344077362008622	0	0.08956916075108776	-3.050889339734511e-06	1.16148258021704e-06	-0	0.2703242482845493	0	-0.09478689634274365	0	-4.691906646314692e-06	0	0	0	0
0.3663604858805656	26.13423625406	715.5082248073098	-0	0.2344275973371925	0	0.08956917285291285	-4.669052167432697e-06	1.772346877516735e-06	-0	0.2762980971254787	0	-0.09478689634274365	0	-5.013690708821628e-06	0	0	0	0
0.3683301659121815	27.0981424839004	714.1245157780226	-0	0.2344475271932967	0	0.089569185863993	-7.128503712560095e-06	2.698351773692757e-06	-0	0.2822942450357781	0	-0.09478689634274365	0	-5.369884978900785e-06	0	0	0	0
0.3702998459437975	28.11087804052293	712.7100411120218	-0	0.2344678317163194	0	0.08956919999227966	-1.085339927688247e-05	4.097255078510812e-06	-0	0.2883129884539786	0	-0.09478689634274365	0	-5.780072479311116e-06	0	0	0	0
0.3722695259754134	29.14764178025425	711.2636677169163	-0	0.2344882691364425	0	0.08956921548231625	-1.64725776945507e-05	6.202434761156046e-06	-0	0.2943546992603494	0	-0.09478689634274365	0	-6.263997571309687e-06	0	0	0	0
0.3742392060070293	30.17365798988809	709.7937062799947	-0	0.234508495506869	0	0.08956923255204619	-2.491189085840424e-05	9.356744187691185e-06	-0	0.3004199826118717	0	-0.09478689634274365	0	-6.831152638220317e-06	0	0	0	0
0.3762088860386453	31.13874938583509	708.3148776181657	-0	0.234527953091186	0	0.08956925137053992	-3.75249266879005e-05	1.406039963429762e-05	-0	0.3065094094380029	0	-0.09478689634274365	0	-7.479435940371815e-06	0	0	0	0
0.3781785660702612	31.98699204569813	706.85323765737	-0	0.2345459178953635	0	0.08956927185791008	-5.627626413600333e-05	2.103804363920012e-05	-0	0.3126233808559573	0	-0.09478689634274366	0	-8.172256679817025e-06	0	0	-8.470329472543003e-22	0
0.3801482461018771	32.75414387177673	705.4256994887396	-0	0.2345628154197642	0	0.08956929385356328	-8.399538499337477e-05	3.133152942327691e-05	-0	0.3187621751326614	0	-0.09478689634274365	0	-8.868387259219901e-06	0	0	0	0
0.3821179261334931	33.49867135912749	704.0324248676252	-0	0.2345792687410524	0	0.08956931723548858	-0.0001247297197256794	4.642901970626474e-05	-0	0.3249257231814248	0	-0.09478689634274365	0	-9.546490877809788e-06	0	0	0	0
0.384087606165109	34.32324979901192	702.6590644107281	-0	0.2345964832976607	0	0.08956934202899149	-0.0001842183957790706	6.843751355904884e-05	-0	0.3311141000557389	0	-0.09478689634274365	0	-1.021554791202917e-05	0	0	0	0
0.386057286196725	35.3455600051862	701.265374602259	-0	0.234616000983232	0	0.08956936894507556	-0.0002705090140653695	0.000100306251552082	-0	0.3373279452563642	0	-0.09478689634274363	0	-1.097782445524942e-05	0	0	3.388131789017201e-21	0
0.388026966228341	36.47472674410228	699.8304484168154	-0	0.2346366951872963	0	0.0895693988899625	-0.0003947778541186179	0.0001461252191983074	-0	0.343567746070682	0	-0.09478689634274365	0	-1.193816695055361e-05	0	0	0	0
0.3899966462599569	37.56985002297803	698.3662656116734	-0	0.234656915541075	0	0.08956943249346147	-0.0005724251641707645	0.0002115252245578444	-0	0.3498333874892152	0	-0.09478689634274366	0	-1.312651152929334e-05	0	0	-1.355252715606881e-20	0
0.3919663262915729	38.57602266204309	696.8889300440321	-0	0.2346761644370317	0	0.08956947029473773	-0.0008244580413686812	0.0003041803479180693	-0	0.3561246815366411	0	-0.09478689634274365	0	-1.454890669805309e-05	0	0	0	0
0.3939360063231888	39.44798951593486	695.4254381547929	-0	0.2346939519951322	0	0.08956951242830638	-0.001179230573372224	0.0004344394622150561	-0	0.362441502997623	0	-0.09478689634274365	0	-1.615434549506745e-05	0	0	0	0
0.3959056863548047	40.23720709874836	693.9928315452912	-0	0.2347110044209613	0	0.08956955894981206	-0.00167457381092688	0.0006160993040808736	-0	0.3687838189452478	0	-0.09478689634274365	0	-1.788780614075947e-05	0	0	0	0
0.3978753663864207	41.02691658134385	692.5910740978441	-0	0.2347283685208581	0	0.08956961015365598	-0.00236027424426709	0.0008672999819347694	-0	0.3751518510613059	0	-0.09478689634274365	0	-1.974738799592757e-05	0	0	0	0
0.3998450464180366	41.85324999573366	691.2177201941677	-0	0.2347464428749719	0	0.08956966647069511	-0.00330102542337996	0.001211597346725935	-0	0.3815457988958597	0	-0.09478689634274365	0	-2.175058352715808e-05	0	0	0	0
0.4018147264496526	42.74737140300451	689.8632593135832	-0	0.2347656027882353	0	0.08956972871025216	-0.004579883006121927	0.001679224011050944	-0	0.3879656818434975	0	-0.09478689634274363	0	-2.396156872430666e-05	0	0	5.421010862427522e-20	0
0.4037844064812685	43.69443076459343	688.5217027165781	-0	0.2347856423045852	0	0.08956979787791809	-0.00630203576876852	0.002308461821835774	-0	0.3944114371453417	0	-0.09478689634274365	0	-2.645638728138167e-05	0	0	0	0
0.4057540865128844	44.6632703406416	687.1923965992909	-0	0.2348061939610144	0	0.08956987505188779	-0.008598997517506535	0.003147175528015827	-0	0.4008828694189492	0	-0.09478689634274365	0	-2.929461029932412e-05	0	0	0	0
0.4077237665445004	45.64085161499347	685.8751129868099	-0	0.2348271550057718	0	0.08956996144878077	-0.01163281247239919	0.004254354402935888	-0	0.4073797323268867	0	-0.09478689634274365	0	-3.25373663567774e-05	0	0	0	0
0.4096934465761163	46.61452677351657	684.5720137237591	-0	0.2348484318098714	0	0.0895700583439718	-0.01560029996022392	0.005701674740003044	-0	0.4139017121796995	0	-0.09478689634274365	0	-3.623386277951113e-05	0	0	0	0
0.4116631266077322	47.58678835927878	683.2843035322431	-0	0.2348701346803257	0	0.08957016718405231	-0.02073674186260814	0.007574871934911788	-0	0.4204484677616339	0	-0.09478689634274365	0	-4.04395411459646e-05	0	0	0	0
0.4136328066393482	48.56526495344089	682.0122088298417	-0	0.2348924373274925	0	0.08957028967035435	-0.0273188354599703	0.009974851597587651	-0	0.4270196302666258	0	-0.09478689634274365	0	-4.522770823101041e-05	0	0	0	0
0.4156024866709642	49.55165164282312	680.7561432399663	-0	0.2349154363893659	0	0.08957042777821769	-0.03566615129186632	0.01301827467897473	-0	0.4336148197880555	0	-0.09478689634274365	0	-5.068485113746135e-05	0	0	0	0
0.4175721667025801	50.54746267769193	679.5163190107535	-0	0.2349392319685608	0	0.08957058381062596	-0.0461405536648553	0.01683740589453451	-0	0.440233662501285	0	-0.09478689634274365	0	-5.691452660183671e-05	0	0	0	0
0.419541846734196	51.55079074831756	678.2930301747402	-0	0.2349638871826578	0	0.08957076042886361	-0.05914352157390383	0.02157924164731672	-0	0.4468757588229684	0	-0.09478689634274363	0	-6.403505267371656e-05	0	0	8.673617379884035e-19	0
0.421511526765812	52.55835425299219	677.0863995190692	-0	0.2349894539156788	0	0.08957096065363088	-0.07511215163249975	0.02740419952066675	-0	0.453540620338009	0	-0.09478689634274365	0	-7.21749011605155e-05	0	0	0	0
0.423481206797428	53.57291344510538	675.895450046985	-0	0.2350160784504184	0	0.08957118799173074	-0.09451275040795055	0.03448397284180964	-0	0.4602276641078215	0	-0.09478689634258491	0	-8.148579050448745e-05	0	0	4.302114220422482e-16	0
0.4254508868290439	54.59843014723199	674.7176072456385	-0	0.2350439409430959	0	0.08957144660760327	-0.1178404416794723	0.04300171616992172	-0	0.4669360100945697	0	-0.09478689634250287	0	-9.215976309207008e-05	0	0	7.840950111415168e-16	0
0.4274205668606599	55.63646857462549	673.5504766385613	-0	0.2350732112561128	0	0.08957174140908622	-0.1456030663049818	0.05314610915827763	-0	0.4736647578125665	0	-0.09478689634200844	0	-0.000104428876074536	0	0	2.825864542366219e-15	0
0.4293902468922758	56.68820766648172	672.39217555144	-0	0.2351040874591433	0	0.08957207826145751	-0.1782871847198952	0.06509858061272764	-0	0.480413262728342	0	-0.09478689634069558	0	-0.0001185802448224749	0	0	9.221789998292707e-15	0
0.4313599269238917	57.74574651686198	671.2425160034661	-0	0.2351366739117402	0	0.08957246399280812	-0.2163237219545625	0.07902074500007972	-0	0.487181091699255	0	-0.09478689633684335	0	-0.0001349390807501294	0	0	3.073236110040511e-14	0
0.4333296069555077	58.7982471406606	670.1041124653743	-0	0.2351710543587604	0	0.08957290619998205	-0.2600063843044254	0.09502390929885239	-0	0.4939684328812787	0	-0.09478689632593468	0	-0.0001538266155201029	0	0	1.001559946089969e-13	0
0.4352992869871236	59.84025213929883	668.9774175233318	-0	0.235207410007091	0	0.08957341345870204	-0.3094661477279717	0.1131606000420501	-0	0.5007758236705785	0	-0.09478689629477183	0	-0.0001755797564086947	0	0	3.230367362494491e-13	0
0.4372689670187395	60.86870180920556	667.8692787005016	-0	0.2352459408595737	0	0.08957399496354901	-0.3653689112548804	0.1336983286852101	-0	0.507599048067264	0	-0.09478689620659114	0	-0.0002005053320983663	0	0	1.024083595702052e-12	0
0.4392386470503555	61.88408425466407	666.787826816786	-0	0.2352869027199134	0	0.08957466082960247	-0.428341624036607	0.1568863954908699	-0	0.5144343576612009	0	-0.09478689595896812	0	-0.0002289108933286599	0	0	3.188921349206453e-12	0
0.4412083270819714	62.89159415243521	665.7336011655123	-0	0.2353306263895348	0	0.08957542217980369	-0.4984537345284788	0.1827554320922224	-0	0.5212809645647554	0	-0.09478689526937481	0	-0.0002611284327853625	0	0	9.745357298918123e-12	0
0.4431780071135873	63.90721951402572	664.7069162455576	-0	0.2353776167637406	0	0.0895762914953956	-0.5760751234750819	0.2114607276588287	-0	0.5281369128131665	0	-0.09478689336924268	0	-0.0002975491211971715	0	0	2.918092156800611e-11	0
0.4451476871452033	64.94820102591763	663.7086760342351	-0	0.2354284695890349	0	0.08957728399509239	-0.6612941313398693	0.2430505571139359	-0	0.5350008104614756	0	-0.09478688819427249	0	-0.0003388042691865323	0	0	8.549974617189093e-11	0
0.4471173671768192	66.03159336406392	662.7383392882477	-0	0.2354838789132795	0	0.08957841800604055	-0.7541025905550407	0.2775404906550536	-0	0.5418713593090845	0	-0.09478687428415394	0	-0.0003857706001744177	0	0	2.447544666939194e-10	0
0.4490870472084352	67.17334627644257	661.7923979013053	-0	0.2355447376231477	0	0.08957971767299602	-0.8548056796417246	0.3150708087190588	-0	0.5487463421984463	0	-0.09478683747057873	0	-0.0004398290130440685	0	0	6.831975263299483e-10	0
0.4510567272400512	68.34146618895603	660.8746530350667	-0	0.235611424557407	0	0.08958121127258575	-0.9638180693195899	0.3558249428983856	-0	0.5556227636224109	0	-0.09478674175256771	0	-0.0005025297240370818	0	0	1.855847975296143e-09	0
0.4530264072716671	69.48811418396171	659.9979585865852	-0	0.2356841327164776	0	0.08958292732714225	-1.081350952338441	0.3999085848906593	-0	0.5624965800641905	0	-0.09478649765843951	0	-0.000574963151225738	0	0	4.896559574474324e-09	0
0.4549960873032831	70.61212492627216	659.171546507406	-0	0.2357637594177122	0	0.08958489681392479	-1.207603973640506	0.4474260237625848	-0	0.5693608763034961	0	-0.09478588829845677	0	-0.0006582004517481366	0	0	1.252223226499982e-08	0
0.456965767334899	71.72327118146524	658.4017160754823	-0	0.2358513995359664	0	0.08958715349283193	-1.343001987108695	0.4985717086553023	-0	0.5762014767283972	0	-0.0947844025417989	0	-0.0007534078345745598	0	0	3.09636649931111e-08	0
0.4589354473665149	72.83060229188396	657.6935941908171	-0	0.2359482115009446	0	0.08958973422252868	-1.488364984192014	0.5536937778765944	-0	0.5829877044126617	0	-0.09478087353892305	0	-0.0008618479928772516	0	0	7.381954017504633e-08	0
0.4609051273981309	73.94623925886454	657.0492152976113	-0	0.2360555179397195	0	0.08959268051626598	-1.645486239404548	0.6135146406885493	-0	0.5896527617692002	0	-0.09477273545531782	0	-0.0009851343592446327	0	0	1.690954652966425e-07	0
0.4628748074297468	75.0663534689831	656.4717443001606	-0	0.2361745062580811	0	0.08959603683377426	-1.817815661979219	0.6793897136001741	-0	0.5960558262300374	0	-0.09475459179610787	0	-0.001124946503921365	0	0	3.705404643117305e-07	0
0.4648444874613628	76.18242868869405	655.9643143131506	-0	0.2363063197848921	0	0.08959984822699953	-2.012118761252302	0.7539395414626427	-0	0.6019137246618869	0	-0.09471571678833995	0	-0.00128276822070017	0	0	7.721948469541218e-07	0
0.4668141674929787	77.28402263813577	655.5299341566591	-0	0.2364520280172357	0	0.08960415810620151	-2.241793218204132	0.8423180852596182	-0	0.6066974975735306	0	-0.09463638680664398	0	-0.001459715360051739	0	0	1.517559430730397e-06	0
0.4687838475245946	78.3591571320471	655.1709576580955	-0	0.2366124239886816	0	0.08960900143174817	-2.533092468054165	0.9546042566436319	-0	0.6095248617808271	0	-0.09448436662585473	0	-0.001655909984940251	0	0	2.777918586022166e-06	0
0.4707535275562106	79.40197835303174	654.8897681420145	-0	0.2367880511012362	0	0.0896144019979094	-2.934742593940992	1.109506514901733	-0	0.6091747578353858	0	-0.09421625851522455	0	-0.001870431139015416	0	0	4.654735081877082e-06	0
0.4727232075878265	80.41072695895255	654.6907046195347	-0	0.2369789146090543	0	0.08962036423423989	-3.53197456498128	1.339824109210033	-0	0.6044551176163308	0	-0.09379187960164215	0	-0.002100839006916821	0	0	6.979158316045009e-06	0
0.4746928876194425	81.39232319752664	654.5778802394326	-0	0.2371845104150236	0	0.08962687136151075	-4.469536972380424	1.701457041685653	-0	0.5950544005862607	0	-0.09320539934945561	0	-0.002343276040607911	0	0	9.112852371651048e-06	0
0.4766625676510584	82.36048720428641	654.5588507488519	-0	0.2374037058100004	0	0.08963388294990376	-5.973682847814349	2.282241748581531	-0	0.5822861296642834	0	-0.09251021176303696	0	-0.002592774778655382	0	0	1.003545627298319e-05	0
0.4786322476826744	83.33494057020791	654.6321143827636	-0	0.2376348436448979	0	0.08964133743090054	-8.382286155992601	3.214341724487622	-0	0.5688537890542511	0	-0.09180705339931744	0	-0.002843509642488584	0	0	8.849576836778006e-06	0
0.4806019277142903	84.33636542467124	654.7776746921814	-0	0.2378759857013112	0	0.08964916255431067	-12.15064233746266	4.678431471214658	-0	0.557497221857988	0	-0.09119334608715568	0	-0.003089934624848745	0	0	5.327866173798768e-06	0
0.4825716077459062	85.38746704106612	654.9576183314213	-0	0.2381252540135771	0	0.08965728632653421	-17.7987577710648	6.886680021611392	-0	0.5497372215491702	0	-0.09071934998096037	0	-0.003327307233441879	0	0	-5.681167758453398e-09	0
0.4845412877775221	86.50373777377737	655.0954686929031	-0	0.2383815425914313	0	0.08966566448280079	-25.76755178092492	10.03388996600333	-0	0.545835019979577	0	-0.09038963296516703	0	-0.003553427549456423	0	0	-6.230785474681255e-06	0
0.4865109678091381	87.68918685766977	655.1145950465024	-0	0.2386447916498073	0	0.08967429431157643	-36.13889395036767	14.19445956115217	-0	0.5451673759140984	0	-0.09017822130616786	0	-0.003768783402563258	0	0	-1.250071865532831e-05	0
0.4884806478407541	88.93810434491064	654.947753063235	-0	0.2389169103144684	0	0.08968324547357853	-48.37144928434236	19.21700612944959	-0	0.5468763612102568	0	-0.09005242873323263	0	-0.003977804790906703	0	0	-1.824182453891154e-05	0
0.4904503278723701	90.23415622510457	654.5613797783873	-0	0.2392020244611632	0	0.0896926714612975	-61.30152297247854	24.70794569401612	-0	0.5502126326511509	0	-0.08998473842683226	0	-0.004188549538801212	0	0	-2.309212818296658e-05	0
0.492420007903986	91.55730713346124	653.9975617744624	-0	0.2395070183096847	0	0.08970282655891959	-73.6614643949182	30.19990628632812	-0	0.5545231833455254	0	-0.0899520197975808	0	-0.004412775595627139	0	0	-2.684900512228694e-05	0
0.4943896879356019	92.88845803052949	653.3260285719078	-0	0.2398417499879405	0	0.08971407005732843	-84.93837275894192	35.49213069865269	-0	0.5593129584502968	0	-0.08993740026706681	0	-0.004665219960228839	0	0	-2.962406794804195e-05	0
0.4963593679672179	94.20315287579638	652.6263112512135	-0	0.2402188502852665	0	0.08972686003229306	-95.90312253269502	40.90352008940405	-0	0.5641121426799386	0	-0.08992538366146235	0	-0.004961840105574211	0	0	-3.197972790935921e-05	0
0.4983290479988338	95.46448999471447	651.9344548771508	-0	0.2406532249562972	0	0.08974173727625109	-108.2713244366273	47.200652746197	-0	0.5685643544971475	0	-0.08990467012231802	0	-0.005318504003183122	0	0	-3.467757437647379e-05	0
0.5002987280304497	96.60677948293782	651.1390228814917	-0	0.2411603873696771	0	0.08975926736374544	-123.626994669052	55.21968643779235	-0	0.572657306266702	0	-0.08987580833733555	0	-0.005745518621402823	0	0	-3.770062146202235e-05	0
0.5022684080620657	97.53078537008383	650.0835452486507	-0	0.2417542411645515	0	0.08977997179030646	-142.6027420490472	65.50455673503615	-0	0.5765755294644268	0	-0.08984599617565585	0	-0.00624531026979902	0	0	-4.044510765588427e-05	0
0.5042380880936816	98.1377368902027	648.5498312683108	-0	0.2424425018285036	0	0.08980415212193422	-164.7744242824668	78.23904202174144	-0	0.5805493663427836	0	-0.08982407733625833	0	-0.006802534744522859	0	0	-4.194159531856201e-05	0
0.5062077681252976	98.35087523158887	646.3151354237025	-0	0.2432246717525747	0	0.08983181182705111	-189.2115683184949	93.45891683724993	-0	0.5846814637954431	0	-0.08981464862108474	0	-0.007384265810257418	0	0	-4.075289476190846e-05	0
0.5081774481569136	98.15690606606397	643.1821743827934	-0	0.2440875450551355	0	0.08986248533668846	-215.2597225856204	111.373524782121	-0	0.5889057427792768	0	-0.08981682258421052	0	-0.007937695746143447	0	0	-3.549768335275871e-05	0
0.5101471281885295	97.61658617921594	638.8740647983583	-0	0.2450079195018297	0	0.08989531885360486	-242.6994834555565	132.5473419623887	-0	0.5931581835713593	0	-0.08982985439702403	0	-0.008400911223946039	0	0	-2.363366948898715e-05	0
0.5121168082201454	96.82101720102905	633.0041857200113	-0	0.2459577117743161	0	0.08992927065136694	-271.5091958903573	157.9208661349132	-0	0.5974339249927764	0	-0.08985501051956482	0	-0.00872453652765337	0	0	8.243834592747135e-07	0
0.5140864882517614	95.85790374303916	625.1297382458827	-0	0.2469080533323657	0	0.08996326924510073	-301.5308175533568	188.7935939197189	-0	0.601777721273811	0	-0.08989521234146332	0	-0.008878015319361054	0	0	5.069516663169793e-05	0
0.5160561682833773	94.77464549568462	614.7690622828964	-0	0.247840799155918	0	0.08999663326021155	-331.9947760608731	226.7107644651876	-0	0.6063157235400267	0	-0.08995609249978334	0	-0.008869732431509902	0	0	0.0001536889298314748	0
0.5180258483149933	93.54597106646838	601.5900610864147	-0	0.2487454172446947	0	0.09002898696497556	-361.8090770879066	273.6303705648563	-0	0.6111094693246768	0	-0.09004118075607846	0	-0.008729762523564943	0	0	0.0003478716799918402	0
0.5199955283466092	92.13011067054352	585.5116419019777	-0	0.2496227041582794	0	0.09006036852457584	-390.9780856608794	332.7707747743924	-0	0.6161958959427828	0	-0.09015317054969839	0	-0.008503125928443822	0	0	0.0006477029168507897	0
0.5219652083782251	90.50469931284397	566.3647745870269	-0	0.2504889258039457	0	0.09009133893739193	-423.0977004944272	412.9789621193669	-0	0.6229933961407128	0	-0.09034237670483498	0	-0.008243283095447751	0	0	0.001100690598114795	0
0.5239348884098411	88.523067593683	543.86891157086	-0	0.2513760958300095	0	0.09012305514079745	-418.584102972572	526.6852679455648	-0	0.632277408534595	0	-0.09062730313967762	0	-0.008000733084804423	0	0	0.01411215581184422	0
0.5259045684414571	85.88839891075563	518.7400216867317	-0	0.2523027255823443	0	0.09015635063830284	-221.3643608307119	645.840964224898	-0	0.6372531713153503	0	-0.09074546625619961	0	-0.00780385732598976	0	0	0.008882392237197223	0
0.527874248473073	82.92809115985544	490.1358670723848	-0	0.2533496932581409	0	0.09019381224291124	-238.9810329774687	740.8534038992509	-0	0.6352323354812414	0	-0.09067120646587472	0	-0.007692288520790846	0	0	-6.472090086262483e-05	0
0.529843928504689	79.33166016949852	457.9184289881882	-0	0.254577702715034	0	0.0902376969377148	-189.867584646849	826.3397596916532	-0	0.6333098018530825	0	-0.09059031554249443	0	-0.00766085929881033	0	0	-0.005411456699196293	0
0.5318136085363049	74.98364391173202	423.7000959257505	-0	0.2560110035854248	0	0.09028904987524365	-191.3132594987709	900.376711590627	-0	0.6307323260317043	0	-0.09049847247618441	0	-0.007681163354586573	0	0	-0.009843308098893999	0
0.5337832885679208	70.18501775557277	388.1735214815798	-0	0.2577258510415114	0	0.09035044580136019	-176.6457999230342	968.4983186376533	-0	0.6289504199995759	0	-0.0904325714407823	0	-0.00774243557747134	0	0	-0.0129573427185985	0
0.5357529685995367	64.92220316629266	352.1835163013717	-0	0.2597864933437465	0	0.09042425201070246	-177.6396634065285	1028.619794331673	-0	0.6274810525722291	0	-0.09038150435420442	0	-0.007811299885152501	0	0	-0.01538228877714332	0
0.5377226486311526	59.358666310831	316.3452056360143	-0	0.2622879562602676	0	0.0905138031550045	-174.0627687950775	1081.530555423322	-0	0.62654073631875	0	-0.09034849302256441	0	-0.007858867944292136	0	0	-0.01708148068441773	0
0.5396923286627686	53.57790511848148	281.254405234818	-0	0.2653337015764147	0	0.09062279917911811	-176.1663068821761	1126.045685786406	-0	0.6258294106991212	0	-0.09032487871435411	0	-0.007847575283811636	0	0	-0.01827802586350025	0
0.5416620086943846	47.71466429902188	247.388771811338	-0	0.2690613608965707	0	0.09075610941426333	-176.2798059672655	1162.470661096288	-0	0.6253370422783133	0	-0.09030862106187017	0	-0.00774316422992527	0	0	-0.01901890187132871	0
0.5436316887260005	41.88552976636801	215.1507737649459	-0	0.2736441715281921	0	0.09091987708310202	-177.809749702356	1190.7949829019	-0	0.6249406426037101	0	-0.09029604903973536	0	-0.007512798348553673	0	0	-0.0194139566412872	0
0.5456013687576164	36.20943758365905	184.8518694617341	-0	0.2793160690076583	0	0.09112238319862247	-177.8387475872892	1211.714498373731	-0	0.624636350317802	0	-0.0902863727470592	0	-0.007128694354964438	0	0	-0.0195053521723878	0
0.5475710487892324	30.78727110908014	156.7038892580886	-0	0.2864040868677801	0	0.09137520835990272	-177.7881011583275	1225.902273814552	-0	0.6243982695598954	0	-0.09027895770481809	0	-0.006568816963516522	0	0	-0.0193357868054882	0
0.5495407288208483	25.70203283054344	130.8214639800755	-0	0.2953976859237651	0	0.0916956853253879	-176.7847259715307	1234.263401303189	-0	0.624237351717472	0	-0.09027396773982713	0	-0.00581594076720382	0	0	-0.01892574990079865	0
0.5515104088524643	21.00072092447477	107.1796877308665	-0	0.307120507878082	0	0.09211300122450626	-175.4960513492546	1237.561082041848	-0	0.6241427211592008	0	-0.09027114561393225	0	-0.004851722871629383	0	0	-0.0183128201593874	0
0.5534800888840802	16.68093866646013	85.58981898208876	-0	0.3231317231020101	0	0.0926824479706081	-173.653456229008	1236.586790196936	-0	0.6241153311303391	0	-0.09027044182071411	0	-0.003635030737968004	0	0	-0.01752687445064538	0
0.5554497689156962	12.78683004268486	66.15578709121374	-0	0.3460917378378844	0	0.09349840737665575	-171.5500299150102	1231.956025625307	-0	0.6241419905667118	0	-0.09027144869244096	0	-0.002094002344968926	0	0	-0.01661041289054488	0
0.5574194489473121	9.856719783465962	51.32970218297942	-0	0.3744031649872614	0	0.0945041806913975	-169.0754123373341	1224.200846644578	-0	0.6242133369394338	0	-0.09027380363875659	0	-0.0004274032808206929	0	0	-0.01560200721788796	0
0.559389128978928	8.821050261094339	45.08980583276301	-0	0.3894052544141544	0	0.0950374948959983	-166.3018138137434	1213.503435264076	-0	0.6243122025971453	0	-0.09027692896931712	0	0.0003478598830835011	0	0	-0.01454173181728002	0
0.561358809010544	9.067681648993085	44.29417506036911	-0	0.3877220059979583	0	0.09497857454880478	-163.1453583177995	1199.961825275615	-0	0.6244248394073949	0	-0.09028033217174203	0	0.0002404355146373716	0	0	-0.01346385266693062	0
0.5633284890421599	9.46156346580862	43.89357564658449	-0	0.3844638686745368	0	0.0948637764592944	-159.6900645241228	1183.894413999674	-0	0.6245357597083712	0	-0.09028349636714147	0	8.541239291104397e-05	0	0	-0.01240711322188304	0
0.5652981690737759	9.740016763640764	42.9125920227769	-0	0.3829881685572303	0	0.09481232470950979	-155.9126078783908	1165.735691034268	-0	0.624635864952814	0	-0.09028609721496311	0	2.439208372928547e-05	0	0	-0.01139894901222327	0
0.5672678491053919	9.937831944284897	41.61809163975788	-0	0.3824612454679844	0	0.0947946718231641	-151.8840581864832	1145.934119959524	-0	0.624722477137978	0	-0.09028805889185898	0	6.226768809791672e-06	0	0	-0.01044985083516892	0
0.5692375291370078	10.08590411880926	40.2093935352265	-0	0.3822727458186833	0	0.09478918266210769	-147.6522782069644	1124.901408814726	-0	0.6247952957743661	0	-0.09028938289770196	0	1.457020311401713e-06	0	0	-0.009562893858468868	0
0.5712072091686238	10.19594481572731	38.76817531085634	-0	0.3821882921350671	0	0.09478755285451532	-143.2844004619952	1103.001980688591	-0	0.6248570985712221	0	-0.09029018359152928	0	3.086650177674954e-07	0	0	-0.008733620500500194	0
0.5731768892002397	10.2720735653764	37.32828894695953	-0	0.3821315420325854	0	0.09478708150139731	-138.8490966969887	1080.568865647038	-0	0.6249103875179017	0	-0.09029056672552802	0	5.571831740436295e-08	0	0	-0.00795719260124983	0
0.5751465692318557	10.31962419558328	35.91066629548936	-0	0.3820793292713462	0	0.0947869476426203	-134.4008029148548	1057.912244886719	-0	0.6249575177210669	0	-0.09029062833512895	0	6.711853850482896e-09	0	0	-0.007229619963462497	0
0.5771162492634716	10.3432830743941	34.53004350021761	-0	0.3820248696418634	0	0.09478691030168125	-129.9941170749518	1035.312994030583	-0	0.6250002021047681	0	-0.09029044315551835	0	-5.4702065099832e-10	0	0	-0.006547591080295234	0
0.5790859292950875	10.34742099100261	33.19789612170688	-0	0.3819662643340086	0	0.09478690009697571	-125.6683385162626	1013.019084954297	-0	0.6250391931980541	0	-0.09029004840260055	0	-7.8313033835542e-10	0	0	-0.00590962314451815	0
0.5810556093267035	10.33572928153674	31.92290905656328	-0	0.3819030337268775	0	0.094786897364774	-121.4509285202699	991.2402763756079	-0	0.6250752325749852	0	-0.09028947875431315	0	-3.854702113059716e-10	0	0	-0.005313690556855377	0
0.5830252893583194	10.31038804622858	30.71027362036359	-0	0.3818351225982435	0	0.09478689663541302	-117.3577811014119	970.1269454026769	-0	0.6251087370510487	0	-0.09028875576093197	0	-1.59465107785195e-10	0	0	-0.004757850422421939	0
0.5849949693899353	10.27340170716151	29.56363852183548	-0	0.3817626288254989	0	0.0947868964324103	-113.3968156273598	949.7885254512792	-0	0.6251401195359036	0	-0.09028789969532033	0	-6.383138462240368e-11	0	0	-0.004239770182108415	0
0.5869646494215512	10.22624071279973	28.48477224318827	-0	0.3816857379636444	0	0.09478689637128447	-109.5665110483364	930.2778227990899	-0	0.6251696430554387	0	-0.0902869241948077	0	-2.507294372122715e-11	0	0	-0.003757036552748616	0
0.5889343294531671	10.17054444186958	27.47480929540371	-0	0.3816046923437201	0	0.09478689635179967	-105.8627562241476	911.6201404272075	-0	0.6251975593807373	0	-0.09028584242387459	0	-9.464762307231922e-12	0	0	-0.003307165395447953	0
0.5909040094847832	10.10808166636282	26.53420739820028	-0	0.3815198033219566	0	0.09478689634554852	-102.2766355023816	893.812959775727	-0	0.6252240208784343	0	-0.09028466299690047	0	-3.400502102124392e-12	0	0	-0.002887843201662577	0
0.5928736895163992	10.04068338980375	25.66308418577262	-0	0.3814314209388994	0	0.09478689634358937	-98.7996921864393	876.8413896589366	-0	0.6252490893754694	0	-0.09028339172428504	0	-1.167621554998277e-12	0	0	-0.002497000647645464	0
0.594843369548015	9.970151886273635	24.8611171067099	-0	0.3813399479496586	0	0.0947868963429931	-95.42158725008261	860.6839433247217	-0	0.6252726271755809	0	-0.09028202661904448	0	-3.869127240818671e-13	0	0	-0.002133009711879907	0
0.596813049579631	9.898189482693903	24.12776472170209	-0	0.3812458139386967	0	0.09478689634281608	-92.13361847336354	845.3140254473423	-0	0.6252943486282335	0	-0.09028056112451552	0	-1.249000902703301e-13	0	0	-0.00179457646024872	0
0.598782729611247	9.826268491825065	23.46216397858527	-0	0.3811494886454274	0	0.09478689634276445	-88.92662043878104	830.7029744457426	-0	0.6253136803367608	0	-0.09027897830531396	0	-3.952393967665557e-14	0	0	-0.00148088819264558	0
0.6007524096428628	9.755599058079857	22.86328319756364	-0	0.3810514597900757	0	0.09478689634274959	-85.79262336961598	816.8190565679915	-0	0.6253300326224646	0	-0.09027726111898017	0	-1.232347557333924e-14	0	0	-0.001191219998661452	0
0.6027220896744788	9.686900548548776	22.32972176083496	-0	0.3809522474734962	0	0.09478689634274533	-82.72489714264137	803.6276035552812	-0	0.6253426737510362	0	-0.09027538802463178	0	-3.774758283725532e-15	0	0	-0.0009250139072101149	0
0.6046917697060948	9.620231305957327	21.85973122379699	-0	0.3808523807349947	0	0.09478689634274413	-79.71743065679857	791.0924769170839	-0	0.6253510517448683	0	-0.09027334401156152	0	-1.221245327087672e-15	0	0	-0.0006815150637065059	0
0.6066614497377106	9.554770166955612	21.45040004165068	-0	0.3807524216846648	0	0.09478689634274379	-76.76684398165769	779.1753526013921	-0	0.6253547514539343	0	-0.09027111981108124	0	-3.33066907387547e-16	0	0	-0.0004597415420439788	0
0.6086311297693267	9.488942827941727	21.09808565322493	-0	0.3806529389012095	0	0.09478689634274369	-73.87028423575543	767.8381388712182	-0	0.6253536177808707	0	-0.09026871530906341	0	-2.220446049250313e-16	0	0	-0.0002584555527498367	0
0.6106008098009427	9.419236225622313	20.79707113380613	-0	0.380554505079702	0	0.09478689634274366	-71.02800872409743	757.0443702829915	-0	0.6253477722819214	0	-0.09026614095808203	0	0	0	0	-7.60879187238217e-05	0
0.6125704898325586	9.341194385688823	20.54107418528759	-0	0.3804576930956136	0	0.09478689634274366	-68.24072882290297	746.7605435911046	-0	0.6253375279145478	0	-0.09026341377678473	0	-1.110223024625157e-16	0	0	8.902880395389445e-05	0
0.6145401698641745	9.248778428128023	20.32192867841944	-0	0.3803630885974121	0	0.09478689634274365	-65.51112324568882	736.9586342922511	-0	0.6253234223053733	0	-0.09026055883361896	0	0	0	0	0.0002387188203520907	0
0.6165098498957905	9.135824969102472	20.13148147597796	-0	0.3802712912991422	0	0.09478689634274365	-62.8421018145375	727.614849469657	-0	0.625306070500074	0	-0.09025760362536815	0	0	0	0	0.0003747247816345833	0
0.6184795299274064	8.996354577169646	19.96110460039865	-0	0.3801829265546938	0	0.09478689634274365	-60.23728049685988	718.7128823561266	-0	0.6252861662315978	0	-0.09025457799441736	0	0	0	0	0.0004987025478842	0
0.6204492099590222	8.825265104470084	19.80292058363801	-0	0.3800986380463	0	0.09478689634274365	-57.70014276819868	710.2403655256122	-0	0.6252643868320642	0	-0.09025151082230218	0	0	0	0	0.0006121152777778249	0
0.6224188899906382	8.619452685144733	19.65033025256066	-0	0.3800190916685125	0	0.09478689634274365	-55.2338196315125	702.1912104655968	-0	0.6252413510524457	0	-0.09024842820739257	0	0	0	0	0.0007161715269914382	0
0.6243885700222542	8.37715092043455	19.4979231067239	-0	0.3799449657428026	0	0.09478689634274365	-52.84111001648901	694.5613921715853	-0	0.6252175800644053	0	-0.09024535248135614	0	0	0	0	0.0008118207028138258	0
0.6263582500538701	8.098956847086569	19.34243320286166	-0	0.3798769413182984	0	0.09478689634274365	-50.52360269949394	687.3492965546443	-0	0.6251934099749713	0	-0.09024229864141087	0	0	0	0	0.0008996511356276216	0
0.6283279300854862	7.786147545453568	19.18148772218711	-0	0.3798156995623211	0	0.09478689634274365	-48.28258148672938	680.5533535254583	-0	0.6251690258691756	0	-0.09023927617370545	0	0	0	0	0.0009799817379434472	0
0.6302976101171021	7.440561777212788	19.0138499556712	-0	0.3797619037221237	0	0.09478689634274365	-46.11776076539572	674.1709766613779	-0	0.6251443325383541	0	-0.09023628396258546	0	0	0	0	0.001052740755445924	0
0.6322672901487179	7.063254320249237	18.83808639768108	-0	0.3797162132405097	0	0.09478689634274365	-44.0274708159148	668.199329750279	-0	0.6251193164369483	0	-0.0902333230943804	0	0	0	0	0.001117941331375327	0
0.6342369701803339	6.652905333166971	18.65118452534911	-0	0.3796792811616501	0	0.09478689634274365	-42.00984040602157	662.6347968643237	-0	0.6250939842827443	0	-0.09023039521914103	0	0	0	0	0.00117565877235748	0
0.6362066502119499	6.205907123825218	18.44826212883329	-0	0.3796517835583338	0	0.09478689634274365	-40.06164159395681	657.4743261034528	-0	0.6250686414094313	0	-0.09022751175514947	0	0	0	0	0.001226325418280272	0
0.6381763302435659	5.713447106385452	18.21889491375003	-0	0.3796344725119981	0	0.09478689634274365	-38.18083692787225	652.7164742808702	-0	0.6250439856587715	0	-0.09022469819541099	0	0	0	0	0.001270855576112062	0
0.6401460102751818	5.162997174052934	17.94822690392438	-0	0.3796282111433684	0	0.09478689634274365	-36.36746500208407	648.3608659161079	-0	0.6250205935989144	0	-0.09022197654823187	0	0	0	0	0.001309955503343563	0
0.6421156903067977	4.53367402033889	17.60933546952535	-0	0.3796341649392054	0	0.09478689634274365	-34.62124616238476	644.4103913641889	-0	0.6249989441090931	0	-0.0902193649631213	0	0	0	0	0.001344134983995993	0
0.6440853703384136	3.800444485524935	17.16671594110719	-0	0.3796538770935993	0	0.09478689634274365	-32.9445034879558	640.8708405660325	-0	0.6249790514449517	0	-0.09021686630491597	0	0	0	0	0.001373308966564846	0
0.6460550503700295	2.928258106834183	16.56176845969465	-0	0.3796898711310108	0	0.09478689634274365	-31.33815220902671	637.7556414203524	-0	0.6249602564241266	0	-0.09021445900038993	0	0	0	0	0.00139659754242194	0
0.6480247304016455	1.890322633750126	15.72623344557765	-0	0.3797460210278891	0	0.09478689634274365	-29.8035460818705	635.0848408066602	-0	0.6249415408971958	0	-0.09021210900827288	0	0	0	0	0.001412756833327755	0
0.6499944104332616	0.6725174081014555	14.56553930928749	-0	0.3798294081950308	0	0.09478689634274365	-28.34148216000814	632.8928690593269	-0	0.6249212494369972	0	-0.09020975968319579	0	0	0	0	0.001419976869670325	0
0.6519640904648776	-0.6597155694630862	13.01550699211814	-0	0.3799518538111095	0	0.09478689634274363	-26.94871657881387	631.2148036337169	-0	0.6248980564916288	0	-0.09020736436832558	0	-1.387778780781446e-17	0	0	0.00141691706374969	0
0.6539337704964934	-1.94028656313664	11.07045069905978	-0	0.3801331711317856	0	0.09478689634274365	-25.62263848827376	630.0758599195449	-0	0.6248709603987451	0	-0.0902048885998382	0	0	0	0	0.001402779242598129	0
0.6559034505281093	-2.90628918431071	8.838913279588331	-0	0.380402487004419	0	0.09478689634274365	-24.35244446738371	629.4711962954862	-0	0.6248402005545642	0	-0.09020233843934544	0	0	0	0	0.001378137161645032	0
0.6578731305597252	-3.318017406837663	6.593695529965341	-0	0.3807934809237718	0	0.09478689634274365	-23.12794473509416	629.3157779544433	-0	0.6248075691240654	0	-0.09019977579113779	0	0	0	0	0.001345274175378108	0
0.6598428105913412	-3.156390532685926	4.58969693569713	-0	0.3813378062923026	0	0.09478689634274365	-21.94364377227492	629.5007963716469	-0	0.6247747587435925	0	-0.09019726090823364	0	0	0	0	0.001306331404135497	0
0.6618124906229572	-2.619396955527291	3.020499503004513	-0	0.3820499049809504	0	0.09478689634274365	-20.79325291667989	629.8912015407466	-0	0.6247435376717625	0	-0.09019485569229752	0	0	0	0	0.001263550077352127	0
0.6637821706545732	-1.769527916020068	1.935243014788354	-0	0.3828186438087545	0	0.09478689634274365	-19.68167996446094	630.3761194584883	-0	0.6247141871777513	0	-0.09019257365007251	0	0	0	0	0.00121762925822444	0
0.665751850686189	-1.167901208435434	1.255631486901309	-0	0.3836549774676997	0	0.09478689634274365	-18.6105564988956	630.9099994917801	-0	0.6246853738307364	0	-0.09019036867580307	0	0	0	0	0.001167634922888405	0
0.6677215307178049	-0.8388475029828348	0.8893822952510924	-0	0.3845609398576563	0	0.09478689634274365	-17.57666155450343	631.4699206387414	-0	0.6246557979802152	0	-0.09018819343604936	0	0	0	0	0.001112855802520851	0
0.669691210749421	-0.6911738220918625	0.72461225324134	-0	0.3855200856352183	0	0.09478689634274365	-16.57865434785509	632.0720884348884	-0	0.6246239297116871	0	-0.09018599308159365	0	0	0	0	0.001052582164195348	0
0.6716608907810369	-0.6425369723530142	0.667477925485648	-0	0.3865183038144594	0	0.09478689634274363	-15.60990120601333	632.7391625604603	-0	0.6245889051882257	0	-0.09018373402188673	0	-6.938893903907228e-18	0	0	0.0009869247684863858	0
0.6736305708126528	-0.6332019789699632	0.6527509982950427	-0	0.3875461391452509	0	0.09478689634274365	-14.66623134329059	633.4963453975267	-0	0.6245507238918282	0	-0.09018141420498361	0	0	0	0	0.0009169698904512025	0
0.6756002508442688	-0.6293337638263724	0.6444018411523029	-0	0.3885966708059714	0	0.09478689634274365	-13.74509767027533	634.3667352247913	-0	0.6245096095229958	0	-0.09017904020680907	0	0	0	0	0.0008439392642833887	0
0.6775699308758847	-0.6177910344186521	0.6286449548295363	-0	0.3896667125468351	0	0.09478689634274365	-12.84461623991921	635.3679758712286	-0	0.6244662648995021	0	-0.09017663561690643	0	0	0	0	0.0007693124389231976	0
0.6795396109075006	-0.5952283902270255	0.601995989757291	-0	0.3907547446277957	0	0.09478689634274365	-11.96519544986516	636.5139829073831	-0	0.6244212808107035	0	-0.09017422100546035	0	0	0	0	0.0006942584443014876	0
0.6815092909391166	-0.5633792151862631	0.5662500595881425	-0	0.3918614230046544	0	0.09478689634274365	-11.10636145940679	637.8117649693063	-0	0.6243751744494033	0	-0.09017181382885692	0	0	0	0	0.0006195562852620018	0
0.6834789709707325	-0.525047013203405	0.5242860416032833	-0	0.3929882699042299	0	0.09478689634274365	-10.26923857467645	639.2647460752908	-0	0.6243281294042994	0	-0.09016942045533116	0	0	0	0	0.0005454852914325015	0
0.6854486510023484	-0.4832431233837386	0.4791959592358471	-0	0.3941378456372706	0	0.09478689634274365	-9.453091261255082	640.8699734900256	-0	0.6242798232483068	0	-0.09016702871883779	0	0	0	0	0.0004716107660986957	0
0.6874183310339644	-0.440289251065789	0.433352375556036	-0	0.3953130745878402	0	0.09478689634274365	-8.657459144804575	642.6216036304357	-0	0.6242295547581197	0	-0.09016461334003224	0	0	0	0	0.0003970701614074423	0
0.6893880110655805	-0.397955466016979	0.3885607280154958	-0	0.3965171937835387	0	0.09478689634274363	-7.879949571409403	644.5086895860803	-0	0.6241759627915009	0	-0.09016212536391408	0	0	0	0	0.0003203498304563679	0
0.6913576910971962	-0.3573745188693285	0.3459654836174273	-0	0.3977534807277411	0	0.09478689634274365	-7.116986582190145	646.5183631990144	-0	0.6241174474173384	0	-0.09015950718284742	0	0	0	0	0.0002397877885531585	0
0.6933273711288123	-0.3193064234925087	0.3063236119877905	-0	0.3990250095989549	0	0.09478689634274365	-6.363845286795755	648.6344280079051	-0	0.6240519245084201	0	-0.09015668425099588	0	0	0	0	0.0001534715174003054	0
0.6952970511604283	-0.2841460921856915	0.2700098413625466	-0	0.400334657411031	0	0.09478689634274365	-5.614048684189902	650.8398815753395	-0	0.6239772882355537	0	-0.09015358085131721	0	0	0	0	5.966173527771623e-05	0
0.6972667311920441	-0.2521071258354657	0.2372047555158328	-0	0.401684749763818	0	0.09478689634274365	-4.861198939405702	653.1166381846801	-0	0.6238913058833413	0	-0.09015011743894419	0	0	0	0	-4.314060944704545e-05	0
0.6992364112236601	-0.2232144079905862	0.2078893352691198	-0	0.4030772843499761	0	0.09478689634274363	-4.0969182859587	655.447011654006	-0	0.623792000210541	0	-0.09014622292595099	0	-3.469446951953614e-18	0	0	-0.0001559369421207935	0
0.7012060912552761	-0.1974003815452507	0.1819443808092132	-0	0.4045136151039907	0	0.09478689634274365	-3.314309698693521	657.8146316502672	-0	0.6236777478218378	0	-0.09014183968135853	0	0	0	0	-0.0002790087862252766	0
0.7031757712868919	-0.174503661076458	0.1591551183874084	-0	0.4059947680834546	0	0.09478689634274365	-2.504079194603531	660.2047266807908	-0	0.6235475202819437	0	-0.09013693015661166	0	0	0	0	-0.0004118368576544185	0
0.7051454513185079	-0.1543120428245418	0.139256715425713	-0	0.4075212469527935	0	0.09478689634274365	-1.659908907774986	662.6060437757257	-0	0.6234012370453692	0	-0.09013149133169829	0	0	0	0	-0.0005527527058431236	0
0.7071151313501239	-0.1365828392739254	0.1219589201303577	-0	0.4090933275150485	0	0.09478689634274365	-0.7739753287378981	665.009695924052	-0	0.623239650336043	0	-0.09012554873089015	0	0	0	0	-0.0006992153649419408	0
0.7090848113817397	-0.12105929211103	0.1069634102629318	-0	0.4107109851889671	0	0.09478689634274365	0.1574798896424882	667.4115335016613	-0	0.623064925490492	0	-0.09011917858853725	0	0	0	0	-0.0008474264869363368	0
0.7110544914133557	-0.1074914238075175	0.09398598712209807	-0	0.4123740841814624	0	0.09478689634274366	1.137427580172325	669.8097715493892	-0	0.6228799962025581	0	-0.09011248400776867	0	1.734723475976807e-18	0	0	-0.0009930589870979917	0
0.7130241714449718	-0.09564046524475231	0.08276052122151811	-0	0.4140823670321543	0	0.09478689634274365	2.165013608877337	672.2072189944845	-0	0.6226892141811612	0	-0.09010561824537471	0	0	0	0	-0.001130969010883887	0
0.7149938514765876	-0.08528987782567388	0.07304940229990423	-0	0.4158355405675234	0	0.09478689634274365	3.235127073019421	674.607999093961	-0	0.6224971840794372	0	-0.0900987444074051	0	0	0	0	-0.001256247213959005	0
0.7169635315082036	-0.07624473742293596	0.06464191875593649	-0	0.4176332771664829	0	0.09478689634274365	4.341163511017339	677.0188511000134	-0	0.6223092038588798	0	-0.09009204899094903	0	0	0	0	-0.001364184788120615	0
0.7189332115398196	-0.06833401604873053	0.05735554168626077	-0	0.4194752416636554	0	0.09478689634274365	5.471063281344307	679.4462983072917	-0	0.6221301944218909	0	-0.09008570660319681	0	0	0	0	-0.001450933406748955	0
0.7209028915714355	-0.06140840358021751	0.05103283248913985	-0	0.4213610840987836	0	0.09478689634274366	6.614262875394002	681.8967243293657	-0	0.6219647485401214	0	-0.09007987830262976	0	8.673617379884035e-19	0	0	-0.001513777714681308	0
0.7228725716030513	-0.0553385410875185	0.04553891784526261	-0	0.4232904486589739	0	0.09478689634274365	7.756049397426295	684.3752281339994	-0	0.6218166718584681	0	-0.09007469852796933	0	0	0	0	-0.001551043405878527	0
0.7248422516346673	-0.05001280156424125	0.04075861979369065	-0	0.4252629583993214	0	0.09478689634274365	8.885303529627905	686.8846213383983	-0	0.6216886441036795	0	-0.0900702599245761	0	0	0	0	-0.001562627134312766	0
0.7268119316662833	-0.04533471066396425	0.03659342640363726	-0	0.4272782259898319	0	0.09478689634274365	9.987209504111231	689.4256843493067	-0	0.6215822359766972	0	-0.09006661741525973	0	0	0	0	-0.001549594506505825	0
0.7287816116978992	-0.04122113722797127	0.03295926099659965	-0	0.4293358371834902	0	0.09478689634274365	11.05226628243259	691.9950500688896	-0	0.6214971798147223	0	-0.09006375936145466	0	0	0	0	-0.001514970117678649	0
0.7307512917295153	-0.03760013255673061	0.02978407500998927	-0	0.4314353665571553	0	0.09478689634274365	12.06913266421824	694.5867398985905	-0	0.6214319740276865	0	-0.09006163182142518	0	0	0	0	-0.001463027550019591	0
0.7327209717611312	-0.03440951349518775	0.0270061732532594	-0	0.4335763663076409	0	0.09478689634274365	13.03265197832032	697.1890836687794	-0	0.6213828384728823	0	-0.09006009961521017	0	0	0	0	-0.001400187385611318	0
0.734690651792747	-0.03159533711094062	0.0245725468098729	-0	0.4357583839421301	0	0.09478689634274365	13.94361016065362	699.7882178801954	-0	0.6213453685053634	0	-0.0900590042309716	0	0	0	0	-0.001333401479453711	0
0.736660331824363	-0.02911072361083678	0.02243755892793378	-0	0.4379809635463788	0	0.09478689634274365	14.80633091917174	702.3656616047145	-0	0.6213136709704425	0	-0.09005813560916877	0	0	0	0	-0.001270469727679302	0
0.738630011855979	-0.02691496937551414	0.02056195010751521	-0	0.440243656015796	0	0.09478689634274365	15.63833804322623	704.9024889648689	-0	0.6212824308597871	0	-0.09005730008234196	0	0	0	0	-0.0012181129042792	0
0.740599691887595	-0.02497260901564998	0.01891183144255483	-0	0.4425460288618362	0	0.09478689634274365	16.45436996473438	707.3799727668862	-0	0.6212468872607144	0	-0.09005632660525711	0	0	0	0	-0.001181131488821707	0
0.7425693719192109	-0.02325295401136971	0.01745812514506456	-0	0.4448876604451144	0	0.09478689634274365	17.27688239056815	709.780909026117	-0	0.6212034689088948	0	-0.09005508375846449	0	0	0	0	-0.001162350772377252	0
0.7445390519508268	-0.02172953108315443	0.01617593711494042	-0	0.4472681330687578	0	0.09478689634274365	18.12164194212037	712.092760311645	-0	0.6211505453068642	0	-0.09005351183156803	0	0	0	0	-0.001161303108759615	0
0.7465087319824426	-0.02037953774827515	0.0150439718014308	-0	0.4496870275096033	0	0.09478689634274365	19.00034489239669	714.3052521899788	-0	0.6210872633699424	0	-0.09005158006184992	0	0	0	0	-0.001176315554981544	0
0.7484784120140586	-0.01918356920331753	0.01404418701159198	-0	0.4521438924809554	0	0.09478689634274365	19.92010785204056	716.4130933363597	-0	0.6210143244020069	0	-0.09004931370865113	0	0	0	0	-0.001203801644968472	0
0.7504480920456746	-0.01812485690268239	0.01316107337712235	-0	0.4546382645810527	0	0.09478689634274365	20.88253854559994	718.4130116650234	-0	0.6209327815465552	0	-0.09004675210359424	0	0	0	0	-0.001239906662971357	0
0.7524177720772907	-0.01718897253935997	0.01238133191703203	-0	0.4571696527196459	0	0.09478689634274365	21.88767717695487	720.3053701783475	-0	0.6208444954765673	0	-0.09004396258250319	0	0	0	0	-0.001280419863168403	0
0.7543874521089066	-0.01636328776350614	0.01169338149761697	-0	0.4597375702740662	0	0.09478689634274363	22.93600346508187	722.0926384032083	-0	0.6207518096925784	0	-0.09004102875790299	0	-2.168404344971009e-19	0	0	-0.001320877328552239	0
0.7563571321405225	-0.01563652484144027	0.01108695218991861	-0	0.462341565701224	0	0.09478689634274365	24.02621597072743	723.781163938158	-0	0.6206579559987681	0	-0.09003806500167461	0	0	0	0	-0.001356512624247408	0
0.7583268121721384	-0.01499876120558077	0.01055305911362258	-0	0.4649812202704171	0	0.09478689634274365	25.15703561840118	725.3794366062455	-0	0.6205666343332139	0	-0.09003520153254425	0	0	0	0	-0.001382392100795382	0
0.7602964922037543	-0.01444108424363805	0.01008370056002963	-0	0.4676561837068766	0	0.09478689634274365	26.32535911682246	726.8997509966075	-0	0.6204824408477616	0	-0.09003259945389157	0	0	0	0	-0.001393347267154788	0
0.7622661722353703	-0.01395576422251499	0.009671965012789685	-0	0.4703661360561713	0	0.09478689634274365	27.51966323151453	728.3550235579078	-0	0.6204095818751089	0	-0.09003040873108986	0	0	0	0	-0.001385150236926425	0
0.7642358522669862	-0.01353621503015905	0.009311971362992695	-0	0.4731107736575356	0	0.09478689634274365	28.7308806195495	729.7581214590784	-0	0.6203518449026193	0	-0.09002876245017051	0	0	0	0	-0.001354980106303749	0
0.7662055322986021	-0.01317683924654812	0.008998710956179315	-0	0.4758897980926912	0	0.09478689634274365	29.93877212755789	731.1199537583789	-0	0.620311644713356	0	-0.09002774932933601	0	0	0	0	-0.001302038777456271	0
0.7681752123302181	-0.01287304242191399	0.008728031131011957	-0	0.4787028891306485	0	0.09478689634274365	31.13046882776283	732.4457784660163	-0	0.6202892194325776	0	-0.0900273784192759	0	0	0	0	-0.001228766268419612	0
0.770144892361834	-0.01262094074846212	0.008496386275096862	-0	0.4815497257418938	0	0.09478689634274365	32.29168750849144	733.7373353676373	-0	0.6202834359592998	0	-0.09002761136708218	0	0	0	0	-0.001139371908360332	0
0.7721145723934499	-0.01241726206074483	0.008300744051841938	-0	0.4844299878933536	0	0.09478689634274365	33.41527088791384	734.9883929595197	-0	0.6202906344633112	0	-0.09002831933013652	0	0	0	0	-0.001041034187168055	0
0.774084252425066	-0.0122593629100063	0.008138589947172819	-0	0.4873433470225051	0	0.09478689634274365	34.50560291075599	736.18970841268	-0	0.6203068201786314	0	-0.09002935813845583	0	0	0	0	-0.0009410965427667506	0
0.7760539324566819	-0.01214542863696405	0.008008053765390603	-0	0.4902894094669581	0	0.09478689634274365	35.56841621205714	737.327056614648	-0	0.6203270031981535	0	-0.09003055006303662	0	0	0	0	-0.0008471027863121705	0
0.7780236124882979	-0.01207431315243801	0.007907775180313612	-0	0.4932677348453466	0	0.09478689634274365	36.62425255739224	738.385674408278	-0	0.620347075135548	0	-0.09003174363709363	0	0	0	0	-0.0007648404565885336	0
0.7799932925199138	-0.01204590845246479	0.00783714268815492	-0	0.4962777410470645	0	0.09478689634274365	37.68780986327171	739.352597249042	-0	0.6203641605622841	0	-0.09003283453728056	0	0	0	0	-0.0006970316941146137	0
0.7819629725515297	-0.01206024497371455	0.007795615240088349	-0	0.4993188741571828	0	0.09478689634274365	38.77953993687333	740.2175983323873	-0	0.6203767562853653	0	-0.09003376488231729	0	0	0	0	-0.0006439778834996801	0
0.7839326525831457	-0.01211638275551427	0.007781926528204241	-0	0.5023908558489717	0	0.09478689634274365	39.91125348180418	740.9786321717797	-0	0.6203857769497753	0	-0.09003456531901671	0	0	0	0	-0.0006020151532069029	0
0.7859023326147616	-0.0122134236123576	0.007794868725635242	-0	0.505493521541395	0	0.09478689634274365	41.08933537826751	741.6372850597692	-0	0.6203931113407416	0	-0.09003530248136563	0	0	0	0	-0.0005661297234742513	0
0.7878720126463775	-0.01235062790222607	0.007833392086724757	-0	0.5086268108677574	0	0.09478689634274365	42.31466320993003	742.2022620193312	-0	0.6204025801481365	0	-0.09003611190585253	0	0	0	0	-0.0005292317786205203	0
0.7898416926779935	-0.01252794222746628	0.007896961561009767	-0	0.5117906282305128	0	0.09478689634274365	43.57799914791727	742.6843010152404	-0	0.6204181728938055	0	-0.09003713817183361	0	0	0	0	-0.0004845190351279172	0
0.7918113727096094	-0.01274717452239555	0.007986356649461271	-0	0.5149845892464084	0	0.09478689634274365	44.87002346287717	743.0964748318021	-0	0.620444418732765	0	-0.09003854321442269	0	0	0	0	-0.0004257161395253561	0
0.7937810527412253	-0.01301086379217285	0.008102805492181899	-0	0.5182082200637786	0	0.09478689634274365	46.17381133163055	743.452181513302	-0	0.6204853928235486	0	-0.09004047520247931	0	0	0	0	-0.0003477572203598456	0
0.7957507327728414	-0.01332198110631411	0.00824774028424393	-0	0.5214610162325628	0	0.09478689634274365	47.47616895024557	743.7640076894975	-0	0.6205444974808062	0	-0.09004305596412333	0	0	0	0	-0.0002476129762234436	0
0.7977204128044574	-0.01368373210342369	0.008422678336858709	-0	0.5247425166558156	0	0.09478689634274365	48.76343432606879	744.043897287634	-0	0.6206246401945342	0	-0.09004638974190544	0	0	0	0	-0.0001232471522039091	0
0.7996900928360732	-0.014098874737481	0.008628752796002002	-0	0.5280524476065419	0	0.09478689634274365	50.02586224182305	744.3014263105082	-0	0.620727777002097	0	-0.0900505453665649	0	0	0	0	2.55618998385998e-05	0
0.8016597728676892	-0.01457030598677674	0.008867147227497355	-0	0.5313906215446764	0	0.09478689634274365	51.25853514762119	744.5454944947452	-0	0.6208557484059455	0	-0.09005558575315288	0	0	0	0	0.0001988530369692043	0
0.8036294528993052	-0.01510098033367319	0.009139056047980548	-0	0.5347569626236053	0	0.09478689634274365	52.45799279058277	744.7832371437014	-0	0.6210099791189869	0	-0.09006155880105141	0	0	0	0	0.0003961498521958262	0
0.805599132930921	-0.01569474436430132	0.009446246170127754	-0	0.53815134713164	0	0.09478689634274365	53.62897042716762	745.0222635656244	-0	0.621192461096708	0	-0.09006852938859987	0	0	0	0	0.0006179605825691326	0
0.807568812962537	-0.01635818886976645	0.009792268005160681	-0	0.5415732997671702	0	0.09478689634274365	54.77360429873443	745.2713656797469	-0	0.6214059276254009	0	-0.09007658973471176	0	0	0	0	0.0008662506700733985	0
0.809538492994153	-0.01709958439734704	0.01018165393588646	-0	0.5450221505716236	0	0.09478689634274365	55.89842011398649	745.5425937596112	-0	0.6216540778886637	0	-0.09008586444296593	0	0	0	0	0.001144612672173473	0
0.8115081730257688	-0.01792351230983269	0.01061607616373877	-0	0.5484982320810546	0	0.09478689634274365	57.00436418237801	745.8528345765677	-0	0.6219421575456306	0	-0.09009653448601015	0	0	0	0	0.001459173765761435	0
0.8134778530573847	-0.01883709528789519	0.01109903870021947	-0	0.5520014707997413	0	0.09478689634274365	58.07454986391807	746.2201467576185	-0	0.6222746083901117	0	-0.0901087591373381	0	0	0	0	0.001814538550058309	0
0.8154475330890008	-0.01985081314053294	0.01163632641277559	-0	0.5555311427372422	0	0.09478689634274363	59.09693315627764	746.6598718279752	-0	0.6226545320624832	0	-0.09012264815457628	0	-2.168404344971009e-19	0	0	0.00221238628729914	0
0.8174172131206167	-0.0209728478664857	0.01223178100257802	-0	0.5590871916277235	0	0.09478689634274365	60.05084476445356	747.1819787747984	-0	0.6230836085396374	0	-0.09013826449334965	0	0	0	0	0.002651639269704908	0
0.8193868931522327	-0.02221343315260785	0.01289050813445809	-0	0.562669469925037	0	0.09478689634274365	60.92456474010447	747.783895570792	-0	0.623560764923982	0	-0.09015557111504142	0	0	0	0	0.003126209613538933	0
0.8213565731838487	-0.02358427560573633	0.01361839296526178	-0	0.566277805556571	0	0.09478689634274365	61.76543122142315	748.4716496232304	-0	0.6240892912650585	0	-0.09017466292878731	0	0	0	0	0.003637934444284063	0
0.8233262532154645	-0.02509833733870598	0.01442192553865418	-0	0.5699120530891195	0	0.09478689634274365	62.59604678361995	749.2785577000828	-0	0.6246790097380976	0	-0.09019587546065269	0	0	0	0	0.004201922143535874	0
0.8252959332470804	-0.02677002718838374	0.01530830641352585	-0	0.5735720825857265	0	0.09478689634274365	63.42861717083883	750.2559943823585	-0	0.6253433178785561	0	-0.09021967387335489	0	0	0	0	0.004839982136660481	0
0.8272656132786964	-0.02861538740626265	0.01628553868914416	-0	0.577257782192204	0	0.09478689634274365	64.2541657415217	751.4846936762694	-0	0.6261015138592362	0	-0.09024673711529355	0	0	0	0	0.005583499868250463	0
0.8292352933103123	-0.03065222259238521	0.01736248309351086	-0	0.5809690525130762	0	0.09478689634274365	64.96428665278125	753.0372291902614	-0	0.6269664462644967	0	-0.09027755221687929	0	0	0	0	0.00645001851873328	0
0.8312049733419283	-0.0329002230169855	0.01854890977711321	-0	0.584705811571709	0	0.09478689634274365	65.48956705586873	754.9390041835243	-0	0.6279402680059106	0	-0.09031221095903096	0	0	0	0	0.007431428495226378	0
0.8331746533735443	-0.03538117346105947	0.01985559612838771	-0	0.5884679892230845	0	0.09478689634274365	65.78283824631342	757.1905092553716	-0	0.6290200710562112	0	-0.09035061805474466	0	0	0	0	0.00850691577918905	0
0.8351443334051603	-0.03811912054053244	0.02129440184666044	-0	0.592255529574463	0	0.09478689634274365	65.83046703653812	759.7418320338811	-0	0.6301935412646966	0	-0.0903923363081507	0	0	0	0	0.009636297691983486	0
0.837114013436776	-0.04114061641456095	0.02287837931056291	-0	0.5960683874975089	0	0.09478689634274365	65.70386933820706	762.5398311916364	-0	0.631451426510203	0	-0.09043700788381268	0	0	0	0	0.01078539065084083	0
0.8390836934683921	-0.04447493452019748	0.02462186789416885	-0	0.5999065325688425	0	0.09478689634274365	65.45070153767011	765.5510741899311	-0	0.6327890240145132	0	-0.09048444944155076	0	0	0	0	0.01193473187739613	0
0.8410533735000081	-0.04815429527019524	0.02654059097012094	-0	0.6037699451903799	0	0.09478689634274365	65.1045229534152	768.7480516547014	-0	0.6342027975883672	0	-0.09053452553507774	0	0	0	0	0.0130684878872076	0
0.843023053531624	-0.05221407876471071	0.02865174422757795	-0	0.6076586200799905	0	0.09478689634274365	64.68422947462194	772.1221961071067	-0	0.6356925402410076	0	-0.09058722488565413	0	0	0	0	0.01417959466026542	0
0.84499273356324	-0.05669305657064524	0.03097409313475742	-0	0.611572562212347	0	0.09478689634274365	64.17365362252254	775.6582554122175	-0	0.637255510382991	0	-0.09064245910156996	0	0	0	0	0.01525537009247646	0
0.8469624135948559	-0.06163358860196135	0.03352805312697478	-0	0.6155117872378607	0	0.09478689634274365	63.57120293438449	779.327308082524	-0	0.6388865520491317	0	-0.09070004900888405	0	0	0	0	0.01627737350689351	0
0.8489320936264717	-0.06708187252510966	0.03633579197234085	-0	0.6194763189327533	0	0.09478689634274365	62.87664891112939	783.0907180738311	-0	0.6405788973887649	0	-0.09075975823370529	0	0	0	0	0.01722448354199724	0
0.8509017736580877	-0.07308816450153371	0.03942132476309122	-0	0.6234661854161671	0	0.09478689634274365	62.09947929049698	786.8982337997825	-0	0.6423240336487387	0	-0.09082128612464449	0	0	0	0	0.01807376998024068	0
0.8528714536897037	-0.07970698559446429	0.04281058658741266	-0	0.6274814200870172	0	0.09478689634274363	61.25879538615802	790.6969838237842	-0	0.6441136333256624	0	-0.09088433598921318	0	-8.673617379884035e-19	0	0	0.01880518700807787	0
0.8548411337213198	-0.08699732475576334	0.04653151666386377	-0	0.6315220554171804	0	0.09478689634274365	60.37061147732246	794.4375233953954	-0	0.6459399317479547	0	-0.09094863314287567	0	0	0	0	0.01940320275787144	0
0.8568108137529357	-0.09502276371290556	0.05061408494721794	-0	0.6355881271290549	0	0.09478689634274365	59.45551699128319	798.074874853947	-0	0.6477962638922814	0	-0.09101394074266911	0	0	0	0	0.01985724644766229	0
0.8587804937845516	-0.1038516027796614	0.05509033347680881	-0	0.6396796667565591	0	0.09478689634274365	58.52589040194917	801.5764361553657	-0	0.6496775949128567	0	-0.09108008274078699	0	0	0	0	0.02016241193389678	0
0.8607501738161674	-0.1135568601983418	0.05999433831955313	-0	0.6437967081170759	0	0.09478689634274365	57.59471751304233	804.9174190050004	-0	0.651580105323689	0	-0.0911469259225612	0	0	0	0	0.02031779972741976	0
0.8627198538477834	-0.1242162366789945	0.0653621661151849	-0	0.6479392795597715	0	0.09478689634274365	56.66780737480907	808.0866536351233	-0	0.6535015669104095	0	-0.09121439540688561	0	0	0	0	0.02032611015753183	0
0.8646895338793994	-0.135911929400024	0.07123174548111365	-0	0.6521074115703515	0	0.09478689634274365	55.74895570596311	811.079646445372	-0	0.6554404826488253	0	-0.09128244256579598	0	0	0	0	0.02019172815979964	0
0.8666592139110153	-0.1487303261160844	0.07764268751401492	-0	0.6563011291121782	0	0.09478689634274365	54.83911638869452	813.9009201925937	-0	0.6573962763476652	0	-0.0913510515964536	0	0	0	0	0.01991996374454352	0
0.8686288939426312	-0.1627615604754867	0.08463603527157193	-0	0.6605204594388449	0	0.09478689634274365	53.93566718480999	816.5574228227528	-0	0.6593683819211684	0	-0.09142020784144871	0	0	0	0	0.01951586345404088	0
0.8705985739742472	-0.1780988240060114	0.09225390054715776	-0	0.6647654242228718	0	0.09478689634274365	53.03797335876385	819.0579304506311	-0	0.6613563280927273	0	-0.09148989870353295	0	0	0	0	0.01898378770604126	0
0.8725682540058631	-0.1948375837610407	0.1005390586535475	-0	0.669036047206933	0	0.09478689634274365	52.14206884780219	821.4096393904479	-0	0.6633591964652359	0	-0.09156009654841908	0	0	0	0	0.0183273692501178	0
0.874537934037479	-0.2130744512277058	0.1095343843492124	-0	0.6733323451153284	0	0.09478689634274365	51.24834308528635	823.616181183171	-0	0.6653756463477949	0	-0.0916307570008546	0	0	0	0	0.01754952375735908	0
0.8765076140690951	-0.2329059777154333	0.1192822564120262	-0	0.6776543355606027	0	0.09478689634274365	50.35541429955136	825.6781298513052	-0	0.6674038799273433	0	-0.09170181994795436	0	0	0	0	0.01665316345541079	0
0.878477294100711	-0.2544271029187536	0.1298238185561418	-0	0.6820020256225784	0	0.09478689634274365	49.46554625448565	827.5910345969962	-0	0.6694416063432901	0	-0.09177320653685171	0	0	0	0	0.01564135920859044	0
0.8804469741323269	-0.2777294396448471	0.1411981551529072	-0	0.6863754210529365	0	0.09478689634274365	48.58147026887843	829.3491010854179	-0	0.6714864465179053	0	-0.09184483466796618	0	0	0	0	0.01451821357649319	0
0.8824166541639429	-0.3028993752951307	0.1534414216545621	-0	0.6907745122169782	0	0.09478689634274365	47.70658934245482	830.9439487118593	-0	0.6735358031664533	0	-0.0919166143375777	0	0	0	0	0.01328881730726827	0
0.8843863341955588	-0.3300157626248544	0.1665857543565344	-0	0.6951992855962272	0	0.09478689634274366	46.84679875884848	832.3696605196033	-0	0.6755874845537729	0	-0.09198846922012024	0	6.938893903907228e-18	0	0	0.01195981021678882	0
0.8863560142271747	-0.3591476791851034	0.1806582678093261	-0	0.6996497083143646	0	0.09478689634274365	46.00509867068223	833.6223055904616	-0	0.677639473401539	0	-0.09206033012820884	0	0	0	0	0.01053897153751038	0
0.8883256942587907	-0.390351480191756	0.1956796831087881	-0	0.704125741964147	0	0.09478689634274365	45.18776400368942	834.7037803875253	-0	0.6796904483071848	0	-0.09213215158772221	0	0	0	0	0.009035286435342904	0
0.8902953742904066	-0.4236680220182251	0.2116630800206298	-0	0.7086273283374686	0	0.09478689634274365	44.39605815530187	835.6218662703722	-0	0.6817395272159312	0	-0.09220390522050322	0	0	0	0	0.007458324144603345	0
0.8922650543220226	-0.4591191725973356	0.2286123045813725	-0	0.7131544039832419	0	0.09478689634274365	43.6335288991463	836.3905878613546	-0	0.6837864061016428	0	-0.09227558243144897	0	0	0	0	0.005817983497804491	0
0.8942347343536385	-0.4967042213746373	0.2465203275434835	-0	0.7177068896493926	0	0.09478689634274365	42.89937899822364	837.0306544222099	-0	0.6858312129830316	0	-0.09234719114475141	0	0	0	0	0.004123983988987057	0
0.8962044143852544	-0.5363961963681565	0.2653676220408185	-0	0.7222847028685486	0	0.09478689634274365	42.19287080975903	837.5660760439764	-0	0.6878742124250155	0	-0.09241874404198751	0	0	0	0	0.002385663871660171	0
0.8981740944168705	-0.5781376022769089	0.2851202103018297	-0	0.7268877514316086	0	0.09478689634274365	41.51182498865367	838.0248832489526	-0	0.6899158583660173	0	-0.09249026074824326	0	0	0	0	0.0006117927154858371	0
0.9001437744484864	-0.6218370706505162	0.3057282729897265	-0	0.7315159420698404	0	0.09478689634274365	40.85198839190433	838.4340818801844	-0	0.6919562694586017	0	-0.09256174955118338	0	0	0	0	-0.001189340774858216	0
0.9021134544801023	-0.6673653517624625	0.3271243646090227	-0	0.7361691758110189	0	0.09478689634274365	40.21083134855549	838.8203801543361	-0	0.6939954452624688	0	-0.09263321374859546	0	0	0	0	-0.003009829578644485	0
0.9040831345117183	-0.7145526785573896	0.3492224059009767	-0	0.7408473532563803	0	0.09478689634274366	39.58260025899102	839.2058308801757	-0	0.6960327635663646	0	-0.09270463551202782	0	1.387778780781446e-17	0	0	-0.004841831262432539	0
0.9060528145433342	-0.7631861200799928	0.371916607770361	-0	0.7455503697202147	0	0.09478689634273628	38.96525346359371	839.60830012014	-0	0.6980672584430301	0	-0.09277598347061781	0	-9.71445146547012e-17	0	0	-0.00667733620776545	0
0.9080224945749501	-0.8130078333176102	0.3950808769642687	-0	0.7502781192393222	0	0.09478689634273681	38.35362771974111	840.0393721236111	-0	0.700097317831456	0	-0.09284720426686609	0	-9.71445146547012e-17	0	0	-0.008507848119290617	0
0.9099921746065661	-0.8637140866568314	0.4185685502435637	-0	0.7550304896525716	0	0.09478689634273094	37.74660735695628	840.5043733158982	-0	0.7021209131077513	0	-0.092918228368356	0	-1.804112415015879e-16	0	0	-0.01032417149257503	0
0.9119618546381821	-0.9149549472970353	0.4422124536043833	-0	0.7598073665247215	0	0.09478689634272587	37.14111099622158	841.0030478044002	-0	0.7041355649295498	0	-0.09298897086129644	0	-2.775557561562891e-16	0	0	-0.01211630974363587	0
0.9139315346697979	-0.9663350071239925	0.4658254122863145	-0	0.7646086290080917	0	0.094786896342716	36.53704831897714	841.5290291774364	-0	0.7061384432230611	0	-0.0930593333850456	0	-4.163336342344337e-16	0	0	-0.01387335723227245	0
0.9159012147014138	-1.017415655382004	0.4892015164017955	-0	0.7694341531568391	0	0.09478689634269707	35.93398815581256	842.0726800289269	-0	0.7081265591523007	0	-0.09312921205527235	0	-7.632783294297951e-16	0	0	-0.01558370554541577	0
0.9178708947330297	-1.06771879012161	0.5121180112467215	-0	0.7742838073035184	0	0.0947868963426757	35.33276476948144	842.620050786167	-0	0.7100967142190013	0	-0.09319849513850968	0	-1.137978600240785e-15	0	0	-0.0172350475027927	0
0.9198405747646458	-1.116731771036631	0.534337748477327	-0	0.7791574551621475	0	0.09478689634263865	34.73504752387348	843.1561201954805	-0	0.7120457799689291	0	-0.09326707308955759	0	-1.845745778439323e-15	0	0	-0.0188147899629576	0
0.9218102547962618	-1.163914420550922	0.5556125492658903	-0	0.7840549507746095	0	0.09478689634258006	34.1424061590223	843.6636628727638	-0	0.7139705578108508	0	-0.09333483391000544	0	-2.969846590872294e-15	0	0	-0.0203101378643864	0
0.9237799348278778	-1.208706734421014	0.575686852663722	-0	0.7889761416851669	0	0.09478689634248305	33.55772419011679	844.1258353535973	-0	0.7158680502700057	0	-0.09340167221992299	0	-4.898859096158503e-15	0	0	-0.02170856497602314	0
0.9257496148594936	-1.250539484111568	0.5943026744037891	-0	0.7939208628328721	0	0.09478689634233423	32.98302219382037	844.5252012030526	-0	0.7177352956580765	0	-0.09346748416316908	0	-7.924216838262055e-15	0	0	-0.02299793774735104	0
0.9277192948911095	-1.28884441325548	0.6112043056916471	-0	0.7988889399298433	0	0.09478689634209687	32.42178856504086	844.8457634580459	-0	0.7195696089664939	0	-0.09353217505454901	0	-1.272593141976586e-14	0	0	-0.02416696405292029	0
0.9296889749227255	-1.32306907374443	0.626145168974967	-0	0.8038801804251302	0	0.09478689634171591	31.87618619113213	845.0720429306705	-0	0.7213684147332925	0	-0.09359565445743204	0	-2.056688153118102e-14	0	0	-0.02520530715585068	0
0.9316586549543414	-1.35268177493573	0.6388896539881289	-0	0.8088943822122002	0	0.09478689634110114	31.34986929910384	845.1907544231249	-0	0.7231294479510508	0	-0.09365784221817351	0	-3.322342401190781e-14	0	0	-0.02610396146060667	0
0.9336283349859574	-1.377172324533492	0.6492128582042429	-0	0.8139313435015791	0	0.09478689634011334	30.84491418599329	845.1899370272193	-0	0.7248505947571324	0	-0.09371866394728397	0	-5.351274978693255e-14	0	0	-0.02685532124498957	0
0.9355980150175734	-1.396075183474097	0.6569117043132706	-0	0.8189908594058243	0	0.09478689633850841	30.36476879680699	845.0601238315344	-0	0.7265300463429354	0	-0.0937780553149835	0	-8.620881786214341e-14	0	0	-0.02745343686854795	0
0.9375676950491892	-1.408991631325213	0.6618152431301927	-0	0.8240727128266848	0	0.0947868963358989	29.91130518861735	844.7936795984466	-0	0.7281661627558667	0	-0.09383595834452749	0	-1.387501225025289e-13	0	0	-0.02789403053764161	0
0.9395373750808051	-1.415582967517935	0.6637803730299247	-0	0.8291766813202057	0	0.09478689633163777	29.48745694833671	844.3855379306376	-0	0.729757576758025	0	-0.09389232402513004	0	-2.228772721935002e-13	0	0	-0.02817462524195014	0
0.9415070551124212	-1.415544529513073	0.662678520517745	-0	0.8343025802087456	0	0.09478689632466186	29.09469380481609	843.8328187360546	-0	0.7313030822570195	0	-0.09394710935788697	0	-3.57297524899991e-13	0	0	-0.02829450993997851	0
0.9434767351440372	-1.40852187212432	0.6583531783969085	-0	0.839450386748066	0	0.0947868963132016	28.73530944394689	843.1349270228534	-0	0.7328017346179406	0	-0.09400027996674654	0	-5.714873019257993e-13	0	0	-0.02825474167142872	0
0.9454464151756531	-1.394825715658897	0.6509830132739028	-0	0.8446195066119299	0	0.09478689629431984	28.41155588727855	842.2963280945063	-0	0.734252536614165	0	-0.09405179927637698	0	-9.11604125519716e-13	0	0	-0.02805824776455079	0
0.9474160952072691	-1.37444667355988	0.6405733753581192	-0	0.8498094782377246	0	0.09478689626314545	28.12417124145466	841.3219277900999	-0	0.7356547965294693	0	-0.09410164182211692	0	-1.449451669799373e-12	0	0	-0.02770949002842249	0
0.949385775238885	-1.347235524801565	0.62704995295789	-0	0.8550203023835605	0	0.09478689621150263	27.87320009836428	840.2146421272532	-0	0.7370081770835472	0	-0.09414979476244287	0	-2.297384504856836e-12	0	0	-0.02721414217114271	0
0.9513554552705008	-1.313780323860648	0.6107053981941591	-0	0.8602515780448552	0	0.09478689612578994	27.66039984809072	838.9797065015214	-0	0.7383123347943095	0	-0.09419624390610694	0	-3.627792510840777e-12	0	0	-0.02657926853358372	0
0.9533251353021168	-1.274375985319681	0.5916806713347176	-0	0.8655029614180747	0	0.09478689598321183	27.48615063180015	837.6249067017858	-0	0.7395669916260321	0	-0.09424097766042475	0	-5.705977357273184e-12	0	0	-0.02581323138136549	0
0.9552948153337328	-1.229349429892421	0.5701295126108372	-0	0.8707742104752447	0	0.0947868957454861	27.35132688126677	836.1580470068609	-0	0.7407719775283079	0	-0.09428398767613613	0	-8.937059425839777e-12	0	0	-0.02492541422121031	0
0.9572644953653487	-1.17919750991704	0.5462858192879246	-0	0.8760651111846944	0	0.09478689534827159	27.25688042885026	834.58726288778	-0	0.7419272381974634	0	-0.09432526940182463	0	-1.393492266021923e-11	0	0	-0.0239261182662398	0
0.9592341753969648	-1.124570850766159	0.5204545503659525	-0	0.8813754002186797	0	0.09478689468331526	27.20361194031326	832.9204763862211	-0	0.7430327581365123	0	-0.09436481933463411	0	-2.162270362759955e-11	0	0	-0.02282646134420441	0
0.9612038554285807	-1.066364975677675	0.4930548937521809	-0	0.8867045978254385	0	0.094786893568738	27.19280563977743	831.1657764233381	-0	0.7440885583223238	0	-0.09440263474297468	0	-3.337413678750067e-11	0	0	-0.02163833254735437	0
0.9631735354601965	-1.005449782503146	0.4644891673022001	-0	0.8920521304893041	0	0.09478689169865824	27.22529563311518	829.3317942143671	-0	0.7450945656373491	0	-0.09443870928270098	0	-5.121922330708628e-11	0	0	-0.02037444535391497	0
0.9651432154918125	-0.9424188737225269	0.4350240855357475	-0	0.8974175985301722	0	0.09478688855625915	27.30254320304395	827.4285066995227	-0	0.7460505693556897	0	-0.09447303099748734	0	-7.814585090137882e-11	0	0	-0.01904842647485028	0
0.9671128955234285	-0.8778393140854763	0.4049136630142495	-0	0.9028007361644753	0	0.09478688326669424	27.42636466076343	825.4674018181603	-0	0.7469561385888295	0	-0.09450557932266729	0	-1.185124359759371e-10	0	0	-0.01767493722283131	0
0.9690825755550443	-0.8123059095423273	0.3744259233830582	-0	0.9082014454104383	0	0.09478687434542153	27.59923301703997	823.4617000204058	-0	0.7478105617308348	0	-0.09453632278258414	0	-1.786181202945158e-10	0	0	-0.01626982285715828	0
0.9710522555866603	-0.7465293938084488	0.343884362174332	-0	0.9136195992534498	0	0.09478685927120412	27.82376453094642	821.4272743240865	-0	0.7486127276974723	0	-0.09456521475410891	0	-2.674627602727853e-10	0	0	-0.01485037500596009	0
0.9730219356182763	-0.6815002326494647	0.313745114217961	-0	0.9190546760878262	0	0.09478683378046157	28.10334597092187	819.382281668019	-0	0.7493610944993678	0	-0.09459219202825067	0	-3.976800000415892e-10	0	0	-0.0134354703198678	0
0.9749916156498921	-0.6181223875260159	0.2844213001762521	-0	0.924505861099252	0	0.09478679066575049	28.44188603343361	817.3478253021722	-0	0.7500536165482489	0	-0.09461717207958169	0	-5.868147148757608e-10	0	0	-0.01204575028609378	0
0.9769612956815081	-0.5570516471511554	0.2562072555322119	-0	0.9299721266487017	0	0.09478671772528385	28.84435299808581	815.347293173686	-0	0.7506878513043871	0	-0.09464005672238822	0	-8.590218952830853e-10	0	0	-0.01070342371421917	0
0.9789309757131242	-0.4987872735129422	0.2293243204128502	-0	0.9354522727493558	0	0.09478659430104384	29.31636893651642	813.4055018982858	-0	0.7512611718618459	0	-0.09466073991328876	0	-1.247114231328617e-09	0	0	-0.00943168430082908	0
0.9809006557447401	-0.443648140764261	0.2039102967322416	-0	0.9409449255780107	0	0.09478638533398961	29.86347992761223	811.5457426069603	-0	0.7517712126349915	0	-0.09467912461416061	0	-1.795181232833176e-09	0	0	-0.00825335950185746	0
0.982870335776356	-0.3918782344666391	0.1800698387258693	-0	0.9464482057569163	0	0.09478603127161528	30.49063693229584	809.7861568726283	-0	0.7522164962298123	0	-0.09469514608775516	0	-2.561549798663076e-09	0	0	-0.007188853079119539	0
0.984840015807972	-0.3436746105693532	0.1578876300754649	-0	0.9519593117588776	0	0.09478543087212808	31.19995290026403	808.1356115457562	-0	0.7525972215778467	0	-0.09470880248460473	0	-3.62201882375679e-09	0	0	-0.006253332632571329	0
0.9868096958395879	-0.2991814687812557	0.1374251532742748	-0	0.95747367036321	0	0.09478441186780044	31.99073509120119	806.5891508567431	-0	0.7529160194173232	0	-0.09472018305716405	0	-5.073226432700251e-09	0	0	-0.005453808158591311	0
0.9887793758712038	-0.2584995922355217	0.1187250077636118	-0	0.9629836255978886	0	0.09478268115419296	32.85609636540089	805.1273012983847	-0	0.753178333364754	0	-0.0947294847141566	0	-7.035406174304981e-09	0	0	-0.004787018164004397	0
0.9907490559028198	-0.2216674760579388	0.1018017835832429	-0	0.9684761982021669	0	0.09477974006469891	33.78586731534713	803.7167763434317	-0	0.7533922400963027	0	-0.09473700453363929	0	-9.653986974417217e-09	0	0	-0.004239259310312438	0
0.9927187359344357	-0.1886685519984428	0.08664536086549629	-0	0.9739292830890701	0	0.09477474146373117	34.76429990820772	802.3180017146481	-0	0.7535674174677247	0	-0.09474310335698297	0	-1.309823984690928e-08	0	0	-0.003788873654334335	0
0.9946884159660516	-0.1594227522484626	0.07321684312328952	-0	0.9793052874325709	0	0.09476624937559948	35.7750712063729	800.891000790778	-0	0.7537137259331519	0	-0.09474815097735198	0	-1.755502492852001e-08	0	0	-0.003410736724117402	0
0.9966580959976676	-0.1337945139047398	0.06145222100117859	-0	0.9845404078501605	0	0.09475183966448308	36.80282086428847	799.4052124561648	-0	0.7538397529193036	0	-0.09475247111757519	0	-2.321369899083159e-08	0	0	-0.003081288438998353	0
0.9986277760292835	-0.11160474730551	0.05126788362920917	-0	0.9895270250806631	0	0.09472744940181294	37.83445402431547	797.8413984872464	-0	0.7539519012176766	0	-0.09475630670266127	0	-3.023571973521932e-08	0	0	-0.002782169414996982	0
1.000597456060899	-0.09264176464581239	0.04256559828981043	-0	0.9940855515681423	0	0.09468634922078166	38.86281159070946	796.1934902907044	-0	0.7540542409004708	0	-0.09475981158805608	0	-3.869971404273087e-08	0	0	-0.002501691356378899	0
1.002567136092515	-0.07668498783668667	0.03524345909286183	-0	0.9979224158636109	0	0.0946176356461975	39.88281989373313	794.4651167813295	-0	0.7541488216248127	0	-0.094763063962574	0	-4.85052942898051e-08	0	0	-0.002234282992769732	0
1.004536816124131	-0.06351821009552991	0.02920191927347043	-0	1.000575177240241	0	0.09450430850497202	40.89440353876429	792.6658608125497	-0	0.7542363665063376	0	-0.09476608997744833	0	-5.922041218693608e-08	0	0	-0.001978816442142151	0
1.006506496155747	-0.05294344260626521	0.02435009881387203	-0	1.001362578208316	0	0.09432163885976251	41.89790330644596	790.8078951729507	-0	0.7543168421025658	0	-0.09476888741251349	0	-6.986980518718794e-08	0	0	-0.001736699226348115	0
1.008476176187363	-0.04479179950329863	0.02061073615254946	-0	0.9993983329228401	0	0.09403802368570779	42.89567550102782	788.9029551337945	-0	0.7543899808034433	0	-0.09477144407403078	0	-7.872796574989044e-08	0	0	-0.001510275745166823	0
1.010445856218979	-0.03893042659295465	0.01792331131481463	-0	0.9937878257878078	0	0.09362263243357527	43.88957287037186	786.9613366306736	-0	0.7544555452041866	0	-0.09477374911655782	0	-8.333653754707612e-08	0	0	-0.001301772700286641	0
1.012415536250595	-0.03527098330917444	0.01624793075130489	-0	0.9841277516233096	0	0.09306388768768563	44.88158020996102	784.9909029126858	-0	0.7545134853082552	0	-0.09477579858308142	0	-8.113629088816326e-08	0	0	-0.001112735915942409	0
1.014385216282211	-0.03377696031724968	0.01556869452813368	-0	0.9711715011234476	0	0.09239309924261865	45.8732471137372	782.9977215886879	-0	0.754563965029831	0	-0.09477759678209216	0	-7.089844205080895e-08	0	0	-0.0009438485636685812	0
1.016354896313827	-0.03447055320740363	0.01589688101870888	-0	0.9570326601726821	0	0.0916900827720717	46.86561230934831	780.9859133509412	-0	0.7546073360892954	0	-0.09477915541862572	0	-5.412114548620367e-08	0	0	-0.0007949708715893067	0
1.018324576345443	-0.03743895695914102	0.01727389137791685	-0	0.9443596542404548	0	0.09105132628466468	47.85964093086771	778.9587199741219	-0	0.7546440930924329	0	-0.09478049169273142	0	-3.475479742063095e-08	0	0	-0.0006652976450638448	0
1.020294256377059	-0.04283905549065931	0.01977346988508001	-0	0.9350282120358037	0	0.09054245128949662	48.85577160544118	776.9184359636936	-0	0.7546748101436489	0	-0.0947816262251822	0	-1.705892279995833e-08	0	0	-0.000553547352078354	0
1.022263936408675	-0.05090080675721211	0.02350334661678076	-0	0.9295435778985036	0	0.0901782286824885	49.85452499825461	774.867080192458	-0	0.7547001010120091	0	-0.0947825812045328	0	-3.60870499194893e-09	0	0	-0.0004581450352789673	0
1.024233616440291	-0.06192918748189007	0.02860623591937069	-0	0.9274005336120669	0	0.08993733073395148	50.85613295467193	772.8063831449504	-0	0.7547205745766876	0	-0.09478337894384235	0	5.058030045149153e-09	0	0	-0.0003773738354038159	0
1.026203296471907	-0.07630439459262314	0.03526004905260555	-0	0.927730355439232	0	0.08978640553913089	51.86090930707981	770.7380726703011	-0	0.7547368137140616	0	-0.09478404084910945	0	9.667921498958398e-09	0	0	-0.0003094920718265115	0
1.028172976503523	-0.09448052253469899	0.04367742109558486	-0	0.9297220853692603	0	0.08969517060149639	52.86908022585687	768.6638897859307	-0	0.7547493553830095	0	-0.09478458676788817	0	1.136428034141657e-08	0	0	-0.000252815137444351	0
1.030142656535139	-0.1169820949163786	0.05410426126273033	-0	0.9327679826709336	0	0.08964129745806353	53.88093614180824	766.5856880692501	-0	0.7547586839250915	0	-0.09478503462464216	0	1.121924367471216e-08	0	0	-0.0002057692194563643	0
1.032112336566755	-0.1443987671741579	0.0668174701950474	-0	0.9364602339614745	0	0.08960998728823523	54.8967736231191	764.5054360074087	-0	0.7547652266425061	0	-0.09478540028178481	0	1.005918447670451e-08	0	0	-0.000166921519262786	0
1.034082016598371	-0.1773774338680611	0.0821214649468873	-0	0.9405414380922248	0	0.08959200012033175	55.91691033075787	762.425161815064	-0	0.7547693547872996	0	-0.09478569754482015	0	8.452631962418966e-09	0	0	-0.0001349941347514871	0
1.036051696629987	-0.2166123362886398	0.1003437910559396	-0	0.9448547573537862	0	0.08958176418969212	56.94171576532426	760.3469829342581	-0	0.7547713870599704	0	-0.09478593827041276	0	6.75715326400872e-09	0	0	-0.0001088656252719034	0
1.038021376661602	-0.2628323667998483	0.1218294258717421	-0	0.9493066047496722	0	0.08957599028365165	57.97152685418781	758.2729622745089	-0	0.7547715930547753	0	-0.09478613252567289	0	5.176416354585323e-09	0	0	-8.756513526986254e-05	0
1.039991056693218	-0.3167864795497957	0.1469342223169376	-0	0.9538418259389049	0	0.08957276320247158	59.00674771707421	756.2051688136235	-0	0.7547701999894488	0	-0.09478628877926674	0	3.809887128003453e-09	0	0	-7.026142903487909e-05	0
1.041960736724834	-0.3792265719353637	0.1760171377948069	-0	0.9584281480201259	0	0.08957097858944106	60.04772747328295	754.1455279371513	-0	0.7547673963799351	0	-0.09478641409628358	0	2.690948040784402e-09	0	0	-5.624965844397423e-05	0
1.04393041675645	-0.4508889868568833	0.2094318414765623	-0	0.9630467380892419	0	0.08957000466038059	61.09487973146074	752.0958863150304	-0	0.7547633390638635	0	-0.09478651433084956	0	1.814400005240024e-09	0	0	-4.493692330331811e-05	0
1.045900096788066	-0.5324742694793714	0.2475174388476518	-0	0.9676865879784908	0	0.08956948256325285	62.14858987962702	750.0579162603285	-0	0.7547581567619523	0	-0.09478659430327713	0	1.15526688909684e-09	0	0	-3.582808886459787e-05	0
1.047869776819682	-0.6246265079321653	0.2905890120494524	-0	0.9723412004805987	0	0.08956920991410407	63.2092998785992	748.0331630012412	-0	0.7547519556578871	0	-0.0947866579620717	0	6.809693156584196e-10	0	0	-2.851216391697164e-05	0
1.049839456851298	-0.7279121369971153	0.3389278180706007	-0	0.9770066618452252	0	0.08956907332083325	64.27743346465179	746.022914928678	-0	0.7547448223334331	0	-0.09478670852570815	0	3.582845548022462e-10	0	0	-2.26499118518575e-05	0
1.051809136882914	-0.8427995296240988	0.3927718517796013	-0	0.981680511286336	0	0.08956900949852095	65.35349910020452	744.0282876154494	-0	0.754736828559623	0	-0.09478674860695568	0	1.560300222358535e-10	0	0	-1.796264617937027e-05	0
1.05377881691453	-0.969639765409356	0.4523068437937996	-0	0.9863611008434793	0	0.08956898308805523	66.43797833706262	742.0501088375128	-0	0.7547280325936673	0	-0.09478678031846999	0	4.464018044103568e-11	0	0	-1.422244816851048e-05	0
1.055748496946146	-1.108646997548074	0.517657213323316	-0	0.9910472237556625	0	0.08956897437510898	67.53147260127332	740.0890745675617	-0	0.7547184836673577	0	-0.09478680536285518	0	-4.775707607151958e-12	0	0	-1.124363246418625e-05	0
1.057718176977762	-1.259883567072586	0.5888789737930988	-0	0.9957379320151752	0	0.08956897279166214	68.6345211734326	738.1456533858359	-0	0.7547082212083466	0	-0.09478682510786199	0	-1.870675836457281e-11	0	0	-8.875466939173293e-06	0
1.059687857009378	-1.423247925560486	0.6659538749722173	-0	1.000432424392103	0	0.08956897331899076	69.74769733173211	736.2201211551292	-0	0.7546972779282332	0	-0.09478684064934932	0	-1.719663300647767e-11	0	0	-6.995964374034713e-06	0
1.061657537040994	-1.598468193004837	0.7487860706679579	-0	1.005129981895757	0	0.08956897406618786	70.87146605019257	734.3124568873119	-0	0.7546856791250601	0	-0.09478685286290829	0	-1.172223429435348e-11	0	0	-5.506702462021451e-06	0
1.06362721707261	-1.785097749161159	0.8371996902490487	-0	1.009829908711672	0	0.08956897457121671	72.00630422618636	732.4224200796097	-0	0.7546734456336169	0	-0.09478686244655746	0	-6.905587213168474e-12	0	0	-4.328475394110853e-06	0
1.065596897104226	-1.982517931959184	0.9309396478438283	-0	1.014531509546734	0	0.08956897484356778	73.15256783040692	730.5494954350243	-0	0.7546605927186538	0	-0.09478686995543405	0	-3.733485742785092e-12	0	0	-3.397707724950294e-06	0
1.067566577135842	-2.189943160782373	1.029673470801606	-0	1.019234071668143	0	0.08956897497487688	74.31058976685053	728.6929670032749	-0	0.7546471323220184	0	-0.09478687583018867	0	-1.911720781677673e-12	0	0	-2.663480164422083e-06	0
1.069536257167458	-2.406433517021394	1.132996629284101	-0	1.023936867892636	0	0.08956897503428163	75.48055371803784	726.8518859837689	-0	0.7546330716583954	0	-0.09478688041987755	0	-9.445222381998519e-13	0	0	-2.085100764048775e-06	0
1.071505937199073	-2.630909238683934	1.240438588061932	-0	1.028639152328373	0	0.08956897506015331	76.66256616724901	725.0251344257774	-0	0.754618414866269	0	-0.09478688400053224	0	-4.55580018154933e-13	0	0	-1.630111013284363e-06	0
1.073475617230689	-2.862171774505084	1.351472090331657	-0	1.033340165737547	0	0.08956897507116456	77.85658402320571	723.2114424701009	-0	0.7546031621545017	0	-0.09478688679004375	0	-2.162159340457492e-13	0	0	-1.272669769569745e-06	0
1.075445297262305	-3.098925894491225	1.465522707383716	-0	1.038039133599599	0	0.08956897507578791	79.06241712641642	721.4094217770862	-0	0.7545873102361751	0	-0.09478688896014401	0	-1.014743844507393e-13	0	0	-9.922375596715938e-07	0
1.077414977293921	-3.339806264928493	1.581980803920584	-0	1.042735269749696	0	0.089568975077715	80.27978353879071	719.6175869780587	-0	0.7545708534601023	0	-0.09478689064596726	0	-4.718447854656915e-14	0	0	-7.725163539973323e-07	0
1.079384657325537	-3.583403432827436	1.70021297103549	-0	1.047427775874529	0	0.08956897507851586	81.50824215902627	717.83439166493	-0	0.7545537830024108	0	-0.09478689195369561	0	-2.192690473634684e-14	0	0	-6.005927275509748e-07	0
1.081354337357153	-3.828292310044205	1.819575065709636	-0	1.052115843560141	0	0.08956897507884877	82.74730488486915	716.0581780160128	-0	0.7545360889247813	0	-0.09478689296663993	0	-1.010302952408892e-14	0	0	-4.662502153252035e-07	0
1.083324017388769	-4.073056973787477	1.939423277183259	-0	1.056798655314798	0	0.08956897507898751	83.99638577496921	714.2872702860808	-0	0.7545177595630462	0	-0.09478689375007503	0	-4.718447854656915e-15	0	0	-3.614172499055712e-07	0
1.085293697420385	-4.316317798678654	2.059126769967551	-0	1.061475385147367	0	0.08956897507904563	85.25488363556154	712.5198713147571	-0	0.7544987829873616	0	-0.09478689435507401	0	-2.109423746787797e-15	0	0	-2.797254765596335e-07	0
1.087263377452001	-4.556749673469036	2.17807594389265	-0	1.066145200935852	0	0.08956897507907007	86.52218483746826	710.7542099317335	-0	0.7544791472363123	0	-0.09478689482154265	0	-1.054711873393899e-15	0	0	-2.161570726855189e-07	0
1.089233057483617	-4.793106157261313	2.295693922716942	-0	1.070807263616316	0	0.08956897507908047	87.79769396882985	708.9884724021219	-0	0.7544588406494775	0	-0.09478689518061992	0	-4.440892098500626e-16	0	0	-1.66763356901356e-07	0
1.091202737515233	-5.024227325999059	2.411440280067285	-0	1.075460730354534	0	0.08956897507908491	89.08083915372988	707.220938236663	-0	0.7544378521444302	0	-0.09478689545656924	0	-2.220446049250313e-16	0	0	-1.284411048629863e-07	0
1.093172417546849	-5.249061427969814	2.524821536539954	-0	1.080104752561633	0	0.08956897507908684	90.37105474369051	705.4499312004683	-0	0.7544161705857774	0	-0.09478689566827167	0	-1.110223024625157e-16	0	0	-9.875450857066426e-08	0
1.095142097578465	-5.466662189898635	2.63539026214671	-0	1.084738478981055	0	0.08956897507908768	91.66777270612722	703.6739114243134	-0	0.7543937849017642	0	-0.09478689583039786	0	-1.110223024625157e-16	0	0	-7.579419580849844e-08	0
1.097111777610081	-5.676209374544776	2.742755163283637	-0	1.089361052939473	0	0.08956897507908805	92.97042498187068	701.8914822665037	-0	0.7543706836505132	0	-0.09478689595433151	0	0	0	0	-5.806530722907155e-08	0
1.099081457641697	-5.876998867934628	2.846577083059943	-0	1.093971614203767	0	0.08956897507908823	94.27836095089565	700.101388879353	-0	0.7543468540400325	0	-0.09478689604889168	0	1.110223024625157e-16	0	0	-4.439913681153485e-08	0
1.101051137673313	-6.068462663033458	2.946578874068487	-0	1.098569296178792	0	0.08956897507908829	95.59094515096322	698.3025363803232	-0	0.7543222831718741	0	-0.09478689612090072	0	0	0	0	-3.388313629670847e-08	0
1.103020817704929	-6.250156305533149	3.042540417278868	-0	1.103153225385196	0	0.08956897507908833	96.90740520301823	696.4939140679957	-0	0.7542969560179438	0	-0.09478689617562751	0	0	0	0	-2.580581970335061e-08	0
1.104990497736545	-6.421777793832602	3.134307983953423	-0	1.107722519736208	0	0.08956897507908834	98.22704555688233	694.6746627282112	-0	0.7542708586146877	0	-0.09478689621713463	0	0	0	0	-1.961324791466268e-08	0
1.10696017776816	-6.583157152897803	3.22179046609323	-0	1.112276284889344	0	0.08956897507908836	99.54901271893105	692.8439247739673	-0	0.7542439747484474	0	-0.09478689624854908	0	1.110223024625157e-16	0	0	-1.48747929529236e-08	0
1.108929857799776	-6.734263643122823	3.30496408288481	-0	1.116813612366528	0	0.08956897507908834	100.8726528994049	691.001049510622	-0	0.7542162913667216	0	-0.09478689627227341	0	0	0	0	-1.125623150244337e-08	0
1.110899537831392	-6.875183654699193	3.383864580108201	-0	1.121333565081359	0	0.08956897507908837	102.1971838732705	689.1455082785394	-0	0.7541877933705841	0	-0.09478689629015008	0	0	0	0	-8.498579617821633e-09	0
1.112869217863008	-7.006151132793081	3.458600318123425	-0	1.1258351855988	0	0.08956897507908836	103.5219767019024	687.2767799424709	-0	0.7541584684524608	0	-0.09478689630358957	0	0	0	0	-6.401476682071916e-09	0
1.114838897894624	-7.127554055995569	3.52935610723582	-0	1.13031748396723	0	0.08956897507908836	104.8463091425176	685.3941382893311	-0	0.7541283037955516	0	-0.09478689631366945	0	0	0	0	-4.810184250914062e-09	0
1.11680857792624	-7.239936398640182	3.596395177391596	-0	1.134779446870917	0	0.08956897507908836	106.1697802222769	683.4966574659151	-0	0.7540972929849001	0	-0.09478689632121133	0	0	0	0	-3.605414633511828e-09	0
1.118778257957856	-7.34400190739198	3.660062250516065	-0	1.139220022999498	0	0.08956897507908836	107.4921234873046	681.5831761689383	-0	0.7540654332125645	0	-0.09478689632684026	0	0	0	0	-2.695397682828116e-09	0
1.120747937989472	-7.440607339747568	3.720781674131192	-0	1.143638134858537	0	0.08956897507908836	108.8133057358148	679.6521839390783	-0	0.754032726732569	0	-0.09478689633103077	0	0	0	0	-2.009656441259722e-09	0
1.122717618021088	-7.53076514379811	3.779060160385511	-0	1.148032663808357	0	0.08956897507908836	110.1335799703592	677.7019351431647	-0	0.7539991819883151	0	-0.09478689633414224	0	0	0	0	-1.494193213602557e-09	0
1.124687298052704	-7.615632707831877	3.835483387677884	-0	1.152402463711066	0	0.08956897507908836	111.4532521049309	675.7302889906074	-0	0.7539648091171069	0	-0.09478689633644626	0	0	0	0	-1.107716585124763e-09	0
1.12665697808432	-7.696515914332033	3.890719531925002	-0	1.156746346252223	0	0.08956897507908836	112.7728940370635	673.7348807318548	-0	0.7539296239082451	0	-0.09478689633814763	0	0	0	0	-8.18712209138539e-10	0
1.128626658115936	-7.774857808226796	3.945515830116716	-0	1.161063095807416	0	0.08956897507908836	114.0931466765955	671.7131672720398	-0	0.7538936433240517	0	-0.09478689633940035	0	0	0	0	-6.03188610170946e-10	0
1.130596338147552	-7.852246312373066	4.000704552988031	-0	1.165351455633086	0	0.08956897507908836	115.4147480188763	669.662495612767	-0	0.7538568864243574	0	-0.09478689634031999	0	0	0	0	-4.429185906928979e-10	0
1.132566018179168	-7.930404313745933	4.057200588941685	-0	1.169610143263011	0	0.08956897507908836	116.7384515590899	667.5800483733965	-0	0.7538193722874836	0	-0.09478689634099299	0	0	0	0	-3.240927526348969e-10	0
1.134535698210784	-8.011205702490342	4.116012018332419	-0	1.173837837750211	0	0.08956897507908836	118.0650136240847	665.4629285495969	-0	0.7537811202962403	0	-0.09478689634148393	0	0	0	0	-2.362661177812697e-10	0
1.1365053782424	-8.096666966880813	4.178239165180337	-0	1.178033194820334	0	0.08956897507908836	119.3950763575087	663.3078561603145	-0	0.7537421481056212	0	-0.09478689634184083	0	0	0	0	-1.715676489766338e-10	0
1.138475058274016	-8.188973010600613	4.24509094337151	-0	1.182194834453296	0	0.08956897507908836	120.7293464726721	661.1113685850901	-0	0.7537024753150244	0	-0.09478689634209939	0	0	0	0	-1.240607616637135e-10	0
1.140444738305632	-8.290472620780674	4.317886879988061	-0	1.186321355771322	0	0.08956897507908836	122.0684560432496	658.8695858392014	-0	0.753662120652879	0	-0.09478689634228599	0	0	0	0	-8.930811645768699e-11	0
1.142414418337248	-8.403713028174609	4.39807937738136	-0	1.190411323754911	0	0.08956897507908836	123.4131824203825	656.5784212910696	-0	0.7536211064469766	0	-0.09478689634242013	0	0	0	0	-6.398082064151822e-11	0
1.144384098368863	-8.531445734459892	4.487262353989662	-0	1.194463284527989	0	0.08956897507908836	124.7643226077251	654.2334800941223	-0	0.7535794555407901	0	-0.09478689634251618	0	0	0	0	-4.559552735372563e-11	0
1.146353778400479	-8.676668978192115	4.587199977523838	-0	1.198475749542352	0	0.08956897507908836	126.1228697927711	651.8302531495224	-0	0.7535371949452436	0	-0.09478689634258462	0	0	0	0	-3.231015455185116e-11	0
1.148323458432095	-8.842651562383056	4.699847012967672	-0	1.202447211655702	0	0.08956897507908836	127.4899503009631	649.3642450656498	-0	0.7534943531397518	0	-0.09478689634263318	0	0	0	0	-2.275157839903841e-11	0
1.150293138463711	-9.032981909020959	4.827385951112281	-0	1.206376122374273	0	0.08956897507908836	128.866796383585	646.8310764343184	-0	0.7534509600866087	0	-0.09478689634266745	0	0	0	0	-1.591082821050804e-11	0
1.152262818495327	-9.251617636668751	4.972264403060288	-0	1.210260910526462	0	0.08956897507908836	130.2551397556023	644.2270820403144	-0	0.7534070514606778	0	-0.0947868963426915	0	0	0	0	-1.103828140003316e-11	0
1.154232498526943	-9.502941184324767	5.137245467922193	-0	1.214099944618953	0	0.08956897507908836	131.6565124184089	641.549147425361	-0	0.7533626567173262	0	-0.09478689634270827	0	0	0	0	-7.59214913159667e-12	0
1.156202178558559	-9.791855685563931	5.325470998163324	-0	1.21789156236381	0	0.08956897507908836	133.0732348228154	638.7955450874738	-0	0.7533178137478741	0	-0.09478689634271989	0	0	0	0	-5.169198402654729e-12	0
1.158171858590175	-10.12387560662892	5.540537229929027	-0	1.221634024223968	0	0.08956897507908836	134.5070115327244	635.9655358724148	-0	0.753272544337099	0	-0.09478689634272787	0	0	0	0	-3.481659405224491e-12	0
1.160141538621791	-10.50528247591093	5.786590187652997	-0	1.225325564567681	0	0.08956897507908836	135.9584430900615	633.0574641525777	-0	0.753226851874896	0	-0.09478689634273334	0	0	0	0	-2.305711177541525e-12	0
1.162111218653407	-10.94328917218975	6.068447710100552	-0	1.228964341855064	0	0.08956897507908836	137.428250614407	630.0695705514025	-0	0.7531807429321395	0	-0.09478689634273703	0	0	0	0	-1.502797886132612e-12	0
1.164080898685023	-11.44621823807021	6.39172491520372	-0	1.232548491243947	0	0.08956897507908836	138.9203401162803	627.0055734030409	-0	0.7531342611172019	0	-0.09478689634273949	0	0	0	0	-9.57456336436735e-13	0
1.166050578716639	-12.02382398652816	6.763044891212068	-0	1.236076075382098	0	0.08956897507908836	140.4358748643172	623.8724659523537	-0	0.7530873828078735	0	-0.09478689634274109	0	0	0	0	-5.986322548778844e-13	0
1.168020258748255	-12.68740767216302	7.190188587992909	-0	1.239545116344335	0	0.08956897507908836	141.9659653921004	620.6637845205985	-0	0.7530399483173217	0	-0.09478689634274214	0	0	0	0	-3.588240815588506e-13	0
1.169989938779871	-13.45017041148691	7.682407980525031	-0	1.242953474546642	0	0.08956897507908836	143.5057206403262	617.365157041262	-0	0.752991915533565	0	-0.0947868963427428	0	0	0	0	-2.042810365310288e-13	0
1.171959618811487	-14.32730066115755	8.250611450958326	-0	1.246298905134587	0	0.08956897507908836	145.0511247519906	613.9692736388579	-0	0.7529432289961621	0	-0.09478689634274319	0	0	0	0	-1.101341240428155e-13	0
1.173929298843102	-15.33630584034871	8.907845977886412	-0	1.249578801854673	0	0.08956897507908836	146.5910116654129	610.471328478743	-0	0.7528936884787829	0	-0.09478689634274341	0	0	0	0	-5.684341886080801e-14	0
1.175898978874719	-16.49682118183547	9.669357306691129	-0	1.252790365097303	0	0.08956897507908836	148.1452536324406	606.8704068529373	-0	0.7528436843867889	0	-0.09478689634274355	0	0	0	0	-2.309263891220326e-14	0
1.177868658906335	-17.83006038682474	10.55278308228375	-0	1.255930236851922	0	0.08956897507908836	149.7468806524549	603.1611442615178	-0	0.7527938709301203	0	-0.09478689634274362	0	0	0	0	-5.329070518200751e-15	0
1.17983833893795	-19.36160404425791	11.57951663918482	-0	1.258994987786579	0	0.08956897507908836	151.2628923526526	599.305764247655	-0	0.7527417879789937	0	-0.09478689634274365	0	0	0	0	0	0
1.181808018969566	-21.1285186798268	12.77848377426884	-0	1.261981066536153	0	0.08956897507908834	152.4838517657156	595.2795537668746	-0	0.7526835099809762	0	-0.09478689634274366	0	-4.440892098500626e-16	0	0	5.329070518200751e-15	0
