Speeds
version=1
nRows=601
nColumns=11
inDegrees=no

Units are S.I. units (second, meters, Newtons, ...)
If the header above contains a line with 'inDegrees', this indicates whether rotational values are in degrees (yes) or radians (no).

endheader
time	pelvis_tilt	pelvis_tx	pelvis_ty	hip_flexion_l	hip_flexion_r	knee_angle_l	knee_angle_r	ankle_angle_l	ankle_angle_r	lumbar
      0.00000000	      3.59626466	      1.62830821	      0.54328402	     -0.78963315	     -4.93233664	     -4.87773311	      8.14108409	    -12.05131148	     -3.68990594	     -4.43353783
      0.00073621	      3.56518116	      1.63163575	      0.53536703	     -0.80931284	     -4.97049882	     -4.73033188	      8.28439154	    -11.74358593	     -3.76285046	     -4.38690232
      0.00147243	      3.53314918	      1.63504996	      0.52742866	     -0.82991409	     -5.00819781	     -4.57567458	      8.42899323	    -11.45948412	     -3.83724951	     -4.33897276
      0.00220864	      3.49891521	      1.63852705	      0.51936648	     -0.84951781	     -5.04412570	     -4.41565793	      8.57528025	    -11.19963751	     -3.91403526	     -4.28831884
      0.00294486	      3.46196329	      1.64199495	      0.51109071	     -0.86600988	     -5.07739980	     -4.25635448	      8.72273096	    -10.93958500	     -3.99303380	     -4.23447407
      0.00368107	      3.42173542	      1.64542105	      0.50251066	     -0.87818210	     -5.10726985	     -4.10067877	      8.87115498	    -10.65142437	     -4.07427491	     -4.17684447
      0.00441729	      3.37781015	      1.64876391	      0.49355898	     -0.88469290	     -5.13310403	     -3.95206301	      9.02030687	    -10.31826931	     -4.15773808	     -4.11501788
      0.00515350	      3.33013604	      1.65201004	      0.48422231	     -0.88513926	     -5.15480676	     -3.81135999	      9.17015099	     -9.94031820	     -4.24340832	     -4.04896968
      0.00588972	      3.27863591	      1.65514011	      0.47448065	     -0.87895623	     -5.17222489	     -3.68003163	      9.32059427	     -9.51465130	     -4.33123113	     -3.97865587
      0.00662593	      3.22346776	      1.65814880	      0.46434390	     -0.86609447	     -5.18552324	     -3.55838813	      9.47162398	     -9.04561367	     -4.42111360	     -3.90428413
      0.00736214	      3.16470483	      1.66102513	      0.45381144	     -0.84630856	     -5.19475038	     -3.44714084	      9.62319509	     -8.53547655	     -4.51297294	     -3.82597279
      0.00809836	      3.10252339	      1.66376681	      0.44289501	     -0.81964333	     -5.20010050	     -3.34645520	      9.77530733	     -7.98778889	     -4.60673051	     -3.74394299
      0.00883457	      3.03705492	      1.66636818	      0.43160077	     -0.78602824	     -5.20170539	     -3.25671943	      9.92794189	     -7.40527700	     -4.70229735	     -3.65837005
      0.00957079	      2.96855399	      1.66883602	      0.41994883	     -0.74577809	     -5.19987547	     -3.17772464	     10.08114203	     -6.79012176	     -4.79962144	     -3.56954695
      0.01030700	      2.89729998	      1.67117882	      0.40796171	     -0.69925731	     -5.19495527	     -3.10921974	     10.23496329	     -6.14439986	     -4.89859117	     -3.47779311
      0.01104322	      2.82362577	      1.67341210	      0.39566910	     -0.64704813	     -5.18737120	     -3.05056609	     10.38949091	     -5.46989947	     -4.99925256	     -3.38347400
      0.01177943	      2.74782717	      1.67554815	      0.38309577	     -0.58962476	     -5.17750031	     -3.00133785	     10.54480578	     -4.76775174	     -5.10145079	     -3.28691817
      0.01251565	      2.67016306	      1.67759759	      0.37026540	     -0.52742868	     -5.16566577	     -2.96096116	     10.70094863	     -4.04078366	     -5.20560536	     -3.18841185
      0.01325186	      2.59089614	      1.67957121	      0.35720093	     -0.46089359	     -5.15220935	     -2.92894242	     10.85801577	     -3.29114203	     -5.31141660	     -3.08824571
      0.01398807	      2.51026053	      1.68147681	      0.34392813	     -0.39042284	     -5.13739750	     -2.90444166	     11.01594952	     -2.52587470	     -5.42062803	     -2.98668202
      0.01472429	      2.42850985	      1.68332377	      0.33047390	     -0.31644111	     -5.12157365	     -2.88661257	     11.17489657	     -1.75227423	     -5.53269301	     -2.88400308
      0.01546050	      2.34586127	      1.68511668	      0.31686830	     -0.23934715	     -5.10488550	     -2.87425852	     11.33442696	     -0.98190711	     -5.65393568	     -2.78045795
      0.01619672	      2.26257823	      1.68686461	      0.30314392	     -0.15960356	     -5.08768529	     -2.86614125	     11.49469153	     -0.22670476	     -5.78466361	     -2.67634082
      0.01693293	      2.17877346	      1.68856201	      0.28932466	     -0.07749344	     -5.06963290	     -2.86116858	     11.65397461	      0.50409377	     -5.94659182	     -2.57179864
      0.01766915	      2.09465944	      1.69021421	      0.27543835	      0.00655450	     -5.05083465	     -2.85821283	     11.81176680	      1.20153445	     -6.14971331	     -2.46707205
      0.01840536	      2.01009349	      1.69179127	      0.26149081	      0.09261367	     -5.02974541	     -2.85673932	     11.96274839	      1.86311957	     -6.45144294	     -2.36205910
      0.01914158	      1.92500574	      1.69327325	      0.24748855	      0.18065461	     -5.00527625	     -2.85616053	     12.10317141	      2.48584743	     -6.90432137	     -2.25672079
      0.01987779	      1.83870013	      1.69457033	      0.23341108	      0.27157744	     -4.97330605	     -2.85653315	     12.22035507	      3.07065776	     -7.63127399	     -2.15043576
      0.02061401	      1.75102508	      1.69565252	      0.21926030	      0.36550812	     -4.93231191	     -2.85763292	     12.30915093	      3.61751739	     -8.71600468	     -2.04309109
      0.02135022	      1.66099958	      1.69638558	      0.20501995	      0.46378740	     -4.87631712	     -2.85968837	     12.35048286	      4.12740653	    -10.27552649	     -1.93383339
      0.02208643	      1.56696162	      1.69658580	      0.19061846	      0.56877496	     -4.79748274	     -2.86340968	     12.32310766	      4.60074107	    -12.65725991	     -1.82110958
      0.02282265	      1.46381994	      1.69566510	      0.17587856	      0.68761604	     -4.67011575	     -2.87046612	     12.15065104	      5.03756455	    -16.32096699	     -1.70023690
      0.02355886	      1.34271079	      1.69262689	      0.16046940	      0.83271972	     -4.45105242	     -2.88367300	     11.70833808	      5.43650978	    -22.28671756	     -1.56300223
      0.02429508	      1.20606683	      1.68754190	      0.14469608	      1.00043331	     -4.14181746	     -2.90080651	     10.97889878	      5.79958769	    -29.14849498	     -1.41216542
      0.02503129	      1.06843148	      1.68175572	      0.12932882	      1.16990160	     -3.79548728	     -2.91494156	     10.06651410	      6.13264067	    -32.42706915	     -1.26190724
      0.02576751	      0.93953152	      1.67621246	      0.11496418	      1.32720189	     -3.45330704	     -2.92167887	      9.08707485	      6.43960766	    -30.99414078	     -1.12161114
      0.02650372	      0.81320194	      1.67016411	      0.10162027	      1.48109857	     -3.08920956	     -2.92300248	      8.00369796	      6.71916157	    -27.99126665	     -0.98572292
      0.02723994	      0.69176891	      1.66378091	      0.08959009	      1.62834982	     -2.71277339	     -2.91792191	      6.85926884	      6.97389833	    -25.15002871	     -0.85662949
      0.02797615	      0.58427852	      1.65793873	      0.07941792	      1.75609265	     -2.36123276	     -2.90262730	      5.75601380	      7.20855247	    -22.28987667	     -0.74305827
      0.02871236	      0.49327526	      1.65300398	      0.07115935	      1.86062628	     -2.04929632	     -2.87646158	      4.73722394	      7.42644036	    -19.63432798	     -0.64716522
      0.02944858	      0.42192635	      1.64939205	      0.06491686	      1.93736190	     -1.79373250	     -2.83844213	      3.85078136	      7.63108692	    -17.26440647	     -0.57173556
      0.03018479	      0.36859826	      1.64710190	      0.06044895	      1.98847630	     -1.59358959	     -2.78970461	      3.09759271	      7.82435596	    -15.17979701	     -0.51480352
      0.03092101	      0.33220611	      1.64617482	      0.05755823	      2.01537744	     -1.44986107	     -2.73113358	      2.48427637	      8.00833075	    -13.40787462	     -0.47495909
      0.03165722	      0.30953685	      1.64642668	      0.05592249	      2.02249279	     -1.35443823	     -2.66439354	      1.99341710	      8.18366369	    -11.89735985	     -0.44878661
      0.03239344	      0.29777451	      1.64771141	      0.05524688	      2.01368916	     -1.30082027	     -2.59099113	      1.61213816	      8.35123066	    -10.63552407	     -0.43325444
      0.03312965	      0.29414623	      1.64983968	      0.05527689	      1.99279551	     -1.28097783	     -2.51222427	      1.32241876	      8.51105482	     -9.56974029	     -0.42548969
      0.03386587	      0.29592475	      1.65263318	      0.05575821	      1.96357257	     -1.28730584	     -2.42939674	      1.10764264	      8.66330600	     -8.67819103	     -0.42264737
      0.03460208	      0.30128175	      1.65595572	      0.05653119	      1.92853651	     -1.31407688	     -2.34328821	      0.95454596	      8.80786266	     -7.92062389	     -0.42286098
      0.03533829	      0.30820917	      1.65966211	      0.05741928	      1.89045278	     -1.35517426	     -2.25478132	      0.84924436	      8.94466222	     -7.27754195	     -0.42406988
      0.03607451	      0.31563453	      1.66366559	      0.05833191	      1.85078997	     -1.40695332	     -2.16429346	      0.78298639	      9.07369377	     -6.72243247	     -0.42519569
      0.03681072	      0.32227103	      1.66786547	      0.05915988	      1.81131490	     -1.46519049	     -2.07234997	      0.74586049	      9.19494258	     -6.23984144	     -0.42493638
      0.03754694	      0.32754287	      1.67220960	      0.05985561	      1.77281068	     -1.52769101	     -1.97915404	      0.73233013	      9.30857275	     -5.81393109	     -0.42272616
      0.03828315	      0.33070598	      1.67663413	      0.06035728	      1.73629410	     -1.59177635	     -1.88498760	      0.73583745	      9.41471792	     -5.43313708	     -0.41782555
      0.03901937	      0.33149322	      1.68110949	      0.06064315	      1.70212233	     -1.65619314	     -1.78992741	      0.75296392	      9.51368638	     -5.08841642	     -0.40998464
      0.03975558	      0.32952373	      1.68559789	      0.06068202	      1.67081009	     -1.71934808	     -1.69410054	      0.77955099	      9.60575461	     -4.77164721	     -0.39883691
      0.04049180	      0.32471679	      1.69008412	      0.06046752	      1.64245584	     -1.78058181	     -1.59750558	      0.81353381	      9.69131344	     -4.47767588	     -0.38432149
      0.04122801	      0.31691985	      1.69454757	      0.05998735	      1.61725744	     -1.83901222	     -1.50017181	      0.85235104	      9.77073271	     -4.20111709	     -0.36630433
      0.04196422	      0.30616130	      1.69898194	      0.05924409	      1.59516088	     -1.89434669	     -1.40204905	      0.89478822	      9.84442589	     -3.93898673	     -0.34483394
      0.04270044	      0.29242591	      1.70337749	      0.05823674	      1.57617240	     -1.94615153	     -1.30310549	      0.93930979	      9.91279969	     -3.68786063	     -0.31991475
      0.04343665	      0.27580345	      1.70773326	      0.05697294	      1.56015259	     -1.99435596	     -1.20326300	      0.98522925	      9.97624410	     -3.44598840	     -0.29165588
      0.04417287	      0.25635804	      1.71204619	      0.05545822	      1.54699716	     -2.03880180	     -1.10245383	      1.03165687	     10.03515508	     -3.21125363	     -0.26014079
      0.04490908	      0.23421251	      1.71631838	      0.05370294	      1.53652243	     -2.07955001	     -1.00058725	      1.07823084	     10.08986809	     -2.98262665	     -0.22551069
      0.04564530	      0.20947506	      1.72055068	      0.05171626	      1.52856418	     -2.11660848	     -0.89757752	      1.12446278	     10.14073385	     -2.75882580	     -0.18789229
      0.04638151	      0.18228583	      1.72474683	      0.04950997	      1.52291851	     -2.15011540	     -0.79333227	      1.17018852	     10.18801515	     -2.53924860	     -0.14744337
      0.04711773	      0.15277683	      1.72890990	      0.04709517	      1.51939139	     -2.18017735	     -0.68776026	      1.21516633	     10.23199549	     -2.32313194	     -0.10431368
      0.04785394	      0.12109736	      1.73304440	      0.04448436	      1.51777193	     -2.20697729	     -0.58077497	      1.25934993	     10.27285757	     -2.11012526	     -0.05866983
      0.04859015	      0.08739236	      1.73715451	      0.04168968	      1.51785325	     -2.23068007	     -0.47228805	      1.30264697	     10.31080674	     -1.89978040	     -0.01067412
      0.04932637	      0.05181617	      1.74124496	      0.03872391	      1.51942477	     -2.25149359	     -0.36222425	      1.34507794	     10.34594751	     -1.69189014	      0.03950163
      0.05006258	      0.01452120	      1.74532041	      0.03559974	      1.52227603	     -2.26961655	     -0.25050408	      1.38663798	     10.37840614	     -1.48619154	      0.09168761
      0.05079880	     -0.02433598	      1.74938540	      0.03232985	      1.52620204	     -2.28526777	     -0.13706856	      1.42737923	     10.40821888	     -1.28254998	      0.14570917
      0.05153501	     -0.06459872	      1.75344456	      0.02892709	      1.53099473	     -2.29866357	     -0.02185235	      1.46734276	     10.43544082	     -1.08080281	      0.20139172
      0.05227123	     -0.10611188	      1.75750186	      0.02540354	      1.53646117	     -2.31002039	      0.09518140	      1.50658505	     10.46005575	     -0.88083837	      0.25856124
      0.05300744	     -0.14871743	      1.76156157	      0.02177182	      1.54240100	     -2.31955988	      0.21407869	      1.54516478	     10.48206156	     -0.68253953	      0.31704096
      0.05374366	     -0.19226859	      1.76562653	      0.01804247	      1.54864419	     -2.32747812	      0.33484653	      1.58311511	     10.50140860	     -0.48577517	      0.37666452
      0.05447987	     -0.23661245	      1.76970002	      0.01422690	      1.55500901	     -2.33398154	      0.45750281	      1.62047486	     10.51805772	     -0.29041230	      0.43725922
      0.05521609	     -0.28162365	      1.77378304	      0.01033253	      1.56136719	     -2.33921924	      0.58201467	      1.65722417	     10.53194459	     -0.09626271	      0.49868026
      0.05595230	     -0.32717169	      1.77787668	      0.00636733	      1.56758157	     -2.34334304	      0.70835679	      1.69333005	     10.54301564	      0.09689572	      0.56077704
      0.05668851	     -0.37316454	      1.78198009	      0.00233460	      1.57357904	     -2.34644773	      0.83645526	      1.72874273	     10.55119743	      0.28925174	      0.62344037
      0.05742473	     -0.41950254	      1.78609288	     -0.00176133	      1.57927308	     -2.34864255	      0.96624736	      1.76342484	     10.55641859	      0.48098490	      0.68655312
      0.05816094	     -0.46612382	      1.79021354	     -0.00591997	      1.58463448	     -2.34999849	      1.09763384	      1.79737328	     10.55858878	      0.67215172	      0.75004053
      0.05889716	     -0.51295781	      1.79434089	     -0.01013989	      1.58962067	     -2.35059746	      1.23052420	      1.83058333	     10.55761971	      0.86282564	      0.81381825
      0.05963337	     -0.55996653	      1.79847289	     -0.01442269	      1.59423651	     -2.35049003	      1.36479996	      1.86308386	     10.55341500	      1.05296785	      0.87783873
      0.06036959	     -0.60710462	      1.80260771	     -0.01876928	      1.59847625	     -2.34973414	      1.50034875	      1.89489666	     10.54587844	      1.24256466	      0.94204610
      0.06110580	     -0.65435368	      1.80674279	     -0.02318296	      1.60237213	     -2.34835913	      1.63703720	      1.92606348	     10.53491957	      1.43152280	      1.00641483
      0.06184202	     -0.70168933	      1.81087573	     -0.02766651	      1.60594809	     -2.34640085	      1.77473639	      1.95662199	     10.52044459	      1.61976675	      1.07091268
      0.06257823	     -0.74910834	      1.81500353	     -0.03222446	      1.60925656	     -2.34387006	      1.91330336	      1.98661862	     10.50237982	      1.80716810	      1.13553115
      0.06331444	     -0.79660338	      1.81912329	     -0.03686103	      1.61234452	     -2.34078232	      2.05259772	      2.01609739	     10.48064505	      1.99361119	      1.20025708
      0.06405066	     -0.84418161	      1.82323166	     -0.04158154	      1.61527709	     -2.33713374	      2.19247199	      2.04510391	     10.45519431	      2.17894642	      1.26509352
      0.06478687	     -0.89184860	      1.82732536	     -0.04639121	      1.61811753	     -2.33292271	      2.33277938	      2.07368282	     10.42597217	      2.36303200	      1.33004171
      0.06552309	     -0.93961498	      1.83140090	     -0.05129546	      1.62093355	     -2.32813866	      2.47337353	      2.10187791	     10.39296954	      2.54570459	      1.39510843
      0.06625930	     -0.98749181	      1.83545480	     -0.05629981	      1.62379399	     -2.32277109	      2.61410708	      2.12973268	     10.35616560	      2.72680554	      1.46030100
      0.06699552	     -1.03548304	      1.83948371	     -0.06140881	      1.62675535	     -2.31681544	      2.75484087	      2.15729044	     10.31559438	      2.90616387	      1.52561850
      0.06773173	     -1.08359184	      1.84348432	     -0.06662703	      1.62987404	     -2.31026930	      2.89543426	      2.18459620	     10.27127682	      3.08361084	      1.59105916
      0.06846795	     -1.13180918	      1.84745362	     -0.07195757	      1.63318676	     -2.30314176	      3.03575952	      2.21169279	     10.22329235	      3.25897342	      1.65660729
      0.06920416	     -1.18012191	      1.85138870	     -0.07740324	      1.63672614	     -2.29544888	      3.17568776	      2.23862730	     10.17170714	      3.43207928	      1.72224254
      0.06994037	     -1.22852004	      1.85528655	     -0.08296673	      1.64052371	     -2.28719622	      3.31510059	      2.26543354	     10.11664426	      3.60275864	      1.78794794
      0.07067659	     -1.27698311	      1.85914446	     -0.08864988	      1.64459916	     -2.27840516	      3.45387979	      2.29215319	     10.05821459	      3.77084166	      1.85369472
      0.07141280	     -1.32553449	      1.86295841	     -0.09445798	      1.64902165	     -2.26903046	      3.59190701	      2.31879285	      9.99657888	      3.93616448	      1.91950331
      0.07214902	     -1.37419328	      1.86672455	     -0.10039608	      1.65385649	     -2.25903419	      3.72906153	      2.34536374	      9.93188802	      4.09856371	      1.98538940
      0.07288523	     -1.42304932	      1.87043692	     -0.10647496	      1.65925156	     -2.24827544	      3.86521639	      2.37183035	      9.86433046	      4.25787816	      2.05144824
      0.07362145	     -1.47219200	      1.87408962	     -0.11270553	      1.66535576	     -2.23661541	      4.00024067	      2.39816010	      9.79408807	      4.41394667	      2.11777467
      0.07435766	     -1.52174946	      1.87767553	     -0.11910148	      1.67235982	     -2.22385684	      4.13400940	      2.42429231	      9.72136358	      4.56660316	      2.18450716
      0.07509388	     -1.57183917	      1.88118788	     -0.12567573	      1.68044257	     -2.20981876	      4.26639678	      2.45017520	      9.64635704	      4.71567970	      2.25177220
      0.07583009	     -1.62257178	      1.88461994	     -0.13243984	      1.68976761	     -2.19432369	      4.39729770	      2.47574963	      9.56927047	      4.86100596	      2.31968850
      0.07656630	     -1.67405789	      1.88796499	     -0.13940559	      1.70050007	     -2.17719539	      4.52660269	      2.50095871	      9.49030736	      5.00241212	      2.38837477
      0.07730252	     -1.72638265	      1.89121689	     -0.14658168	      1.71276715	     -2.15828648	      4.65422812	      2.52574534	      9.40965473	      5.13973250	      2.45792085
      0.07803873	     -1.77963592	      1.89436943	     -0.15397743	      1.72670328	     -2.13744499	      4.78008483	      2.55005461	      9.32750450	      5.27279763	      2.52842202
      0.07877495	     -1.83387845	      1.89741701	     -0.16159877	      1.74240143	     -2.11455190	      4.90410904	      2.57382841	      9.24401718	      5.40145400	      2.59994044
      0.07951116	     -1.88918440	      1.90035335	     -0.16945324	      1.75997366	     -2.08946401	      5.02622743	      2.59698609	      9.15936191	      5.52557347	      2.67255285
      0.08024738	     -1.94558738	      1.90317378	     -0.17754361	      1.77947521	     -2.06210075	      5.14639645	      2.61948633	      9.07366547	      5.64499370	      2.74629115
      0.08098359	     -2.00313309	      1.90587298	     -0.18587411	      1.80097829	     -2.03236081	      5.26456437	      2.64127309	      8.98706450	      5.75956064	      2.82120044
      0.08171981	     -2.06180429	      1.90844914	     -0.19444142	      1.82446710	     -2.00026268	      5.38071955	      2.66240655	      8.89964706	      5.86900279	      2.89725838
      0.08245602	     -2.12158140	      1.91090090	     -0.20324203	      1.84992206	     -1.96583834	      5.49485100	      2.68298001	      8.81150903	      5.97299388	      2.97444081
      0.08319224	     -2.18240250	      1.91322918	     -0.21226699	      1.87726517	     -1.92919122	      5.60697392	      2.70312276	      8.72270369	      6.07122543	      3.05267794
      0.08392845	     -2.24422145	      1.91543392	     -0.22150924	      1.90644049	     -1.89039262	      5.71709404	      2.72292962	      8.63329391	      6.16342391	      3.13191668
      0.08466466	     -2.30698355	      1.91751508	     -0.23096030	      1.93738238	     -1.84951086	      5.82522041	      2.74243621	      8.54331397	      6.24946688	      3.21209358
      0.08540088	     -2.37063767	      1.91947249	     -0.24061218	      1.97002986	     -1.80661108	      5.93135998	      2.76168604	      8.45280428	      6.32920674	      3.29314928
      0.08613709	     -2.43512811	      1.92130589	     -0.25045609	      2.00431690	     -1.76175139	      6.03552216	      2.78067051	      8.36178664	      6.40262107	      3.37501853
      0.08687331	     -2.50039982	      1.92301506	     -0.26048341	      2.04017798	     -1.71499209	      6.13771624	      2.79939341	      8.27028640	      6.46965836	      3.45763702
      0.08760952	     -2.56639514	      1.92459971	     -0.27068505	      2.07754498	     -1.66638768	      6.23795244	      2.81782082	      8.17832032	      6.53035767	      3.54093699
      0.08834574	     -2.63305664	      1.92605957	     -0.28105201	      2.11634986	     -1.61599446	      6.33624093	      2.83592755	      8.08590667	      6.58473713	      3.62485104
      0.08908195	     -2.70032692	      1.92739431	     -0.29157519	      2.15652550	     -1.56386209	      6.43259098	      2.85366068	      7.99306361	      6.63288025	      3.70931145
      0.08981817	     -2.76814846	      1.92860354	     -0.30224555	      2.19800449	     -1.51004109	      6.52701198	      2.87097158	      7.89980909	      6.67485784	      3.79425034
      0.09055438	     -2.83646615	      1.92968688	     -0.31305422	      2.24072321	     -1.45457600	      6.61951131	      2.88779604	      7.80616703	      6.71078190	      3.87960242
      0.09129059	     -2.90522313	      1.93064394	     -0.32399222	      2.28461571	     -1.39751378	      6.71009709	      2.90407277	      7.71215987	      6.74075518	      3.96530041
      0.09202681	     -2.97436873	      1.93147436	     -0.33505106	      2.32962417	     -1.33889534	      6.79877447	      2.91973806	      7.61781973	      6.76490003	      4.05128428
      0.09276302	     -3.04385034	      1.93217782	     -0.34622208	      2.37568816	     -1.27876380	      6.88554953	      2.93472971	      7.52317642	      6.78333152	      4.13749175
      0.09349924	     -3.11362657	      1.93275402	     -0.35749757	      2.42276135	     -1.21715295	      6.97042400	      2.94899018	      7.42827120	      6.79617542	      4.22387381
      0.09423545	     -3.18365564	      1.93320258	     -0.36886973	      2.47079682	     -1.15409637	      7.05340016	      2.96246168	      7.33314261	      6.80355118	      4.31038098
      0.09497167	     -3.25390611	      1.93352321	     -0.38033168	      2.51976072	     -1.08961940	      7.13447580	      2.97509057	      7.23784110	      6.80559657	      4.39697601
      0.09570788	     -3.32434549	      1.93371554	     -0.39187641	      2.56961784	     -1.02374754	      7.21364947	      2.98682185	      7.14241455	      6.80244424	      4.48362039
      0.09644410	     -3.39494337	      1.93377943	     -0.40349719	      2.62033608	     -0.95650810	      7.29091712	      2.99760536	      7.04692189	      6.79425421	      4.57027834
      0.09718031	     -3.46567158	      1.93371462	     -0.41518741	      2.67188588	     -0.88792482	      7.36627472	      3.00738994	      6.95141968	      6.78117864	      4.65691664
      0.09791652	     -3.53649293	      1.93352133	     -0.42693992	      2.72422760	     -0.81803584	      7.43971803	      3.01612871	      6.85597359	      6.76340524	      4.74349199
      0.09865274	     -3.60738794	      1.93319928	     -0.43874892	      2.77734288	     -0.74685820	      7.51123896	      3.02377507	      6.76064663	      6.74110470	      4.82998148
      0.09938895	     -3.67828876	      1.93274957	     -0.45060501	      2.83115560	     -0.67446789	      7.58083894	      3.03028343	      6.66550993	      6.71450530	      4.91630655
      0.10012517	     -3.74916542	      1.93217232	     -0.46250168	      2.88563536	     -0.60089684	      7.64851057	      3.03560932	      6.57063140	      6.68381096	      5.00243242
      0.10086138	     -3.81983559	      1.93147148	     -0.47442079	      2.94056787	     -0.52635363	      7.71428206	      3.03970110	      6.47608993	      6.64933482	      5.08814838
      0.10159760	     -3.89009060	      1.93065146	     -0.48634197	      2.99570611	     -0.45107503	      7.77818979	      3.04249839	      6.38196594	      6.61141735	      5.17321327
      0.10233381	     -3.95959236	      1.92972034	     -0.49823541	      3.05064824	     -0.37545080	      7.84029774	      3.04395147	      6.28834623	      6.57043422	      5.25723612
      0.10307003	     -4.02803255	      1.92868539	     -0.51007354	      3.10502824	     -0.29983622	      7.90066319	      3.04401189	      6.19531619	      6.52674181	      5.33986043
      0.10380624	     -4.09511087	      1.92755453	     -0.52183032	      3.15849311	     -0.22458357	      7.95933495	      3.04265841	      6.10295682	      6.48062610	      5.42073840
      0.10454245	     -4.16053564	      1.92633532	     -0.53348024	      3.21069973	     -0.15003435	      8.01636078	      3.03986657	      6.01134936	      6.43237646	      5.49953230
      0.10527867	     -4.22407631	      1.92503468	     -0.54500344	      3.26138222	     -0.07646434	      8.07176746	      3.03563425	      5.92056658	      6.38220256	      5.57597450
      0.10601488	     -4.28549002	      1.92365962	     -0.55637893	      3.31025913	     -0.00416244	      8.12558603	      3.02995454	      5.83068294	      6.33033074	      5.64978325
      0.10675110	     -4.34459955	      1.92221634	     -0.56759159	      3.35713088	      0.06665539	      8.17782719	      3.02283325	      5.74176459	      6.27693050	      5.72075218
      0.10748731	     -4.40121296	      1.92071121	     -0.57862501	      3.40177949	      0.13575684	      8.22850631	      3.01427342	      5.65387943	      6.22218423	      5.78865806
      0.10822353	     -4.45519866	      1.91914976	     -0.58946812	      3.44406167	      0.20297795	      8.27762138	      3.00428368	      5.56708827	      6.16623732	      5.85334708
      0.10895974	     -4.50641101	      1.91753772	     -0.60010863	      3.48381707	      0.26813890	      8.32517362	      2.99287113	      5.48145392	      6.10924453	      5.91464923
      0.10969596	     -4.55475799	      1.91588000	     -0.61053897	      3.52095127	      0.33112143	      8.37114985	      2.98004382	      5.39703315	      6.05133629	      5.97245632
      0.11043217	     -4.60013449	      1.91418172	     -0.62075043	      3.55535397	      0.39179230	      8.41553989	      2.96580945	      5.31388459	      5.99264945	      6.02664504
      0.11116838	     -4.64248175	      1.91244731	     -0.63073835	      3.58696987	      0.45007161	      8.45832588	      2.95017505	      5.23205989	      5.93330255	      6.07714576
      0.11190460	     -4.68172929	      1.91068139	     -0.64049706	      3.61573009	      0.50586600	      8.49949115	      2.93314772	      5.15161315	      5.87341909	      6.12387524
      0.11264081	     -4.71784943	      1.90888789	     -0.65002454	      3.64161488	      0.55913159	      8.53901608	      2.91473305	      5.07258920	      5.81310624	      6.16680010
      0.11337703	     -4.75080425	      1.90707088	     -0.65931793	      3.66459382	      0.60981280	      8.57687896	      2.89493658	      4.99503667	      5.75247560	      6.20587488
      0.11411324	     -4.78059593	      1.90523380	     -0.66837770	      3.68467886	      0.65790012	      8.61306456	      2.87376282	      4.91898944	      5.69162227	      6.24110122
      0.11484946	     -4.80721701	      1.90338026	     -0.67720350	      3.70187190	      0.70337300	      8.64755583	      2.85121638	      4.84448557	      5.63064550	      6.27246941
      0.11558567	     -4.83069721	      1.90151334	     -0.68579797	      3.71620950	      0.74625305	      8.68035322	      2.82730214	      4.77154173	      5.56962742	      6.30001393
      0.11632189	     -4.85105836	      1.89963631	     -0.69416309	      3.72771870	      0.78655275	      8.71145933	      2.80202496	      4.70017740	      5.50865404	      6.32376002
      0.11705810	     -4.86835551	      1.89775183	     -0.70230345	      3.73645881	      0.82432228	      8.74088811	      2.77539058	      4.63039091	      5.44779471	      6.34377235
      0.11779432	     -4.88264932	      1.89586232	     -0.71022407	      3.74249641	      0.85961933	      8.76865298	      2.74740093	      4.56218182	      5.38712246	      6.36012190
      0.11853053	     -4.89400676	      1.89397000	     -0.71793049	      3.74590623	      0.89250733	      8.79475931	      2.71806471	      4.49553979	      5.32669536	      6.37288741
      0.11926674	     -4.90256538	      1.89207484	     -0.72543366	      3.74684356	      0.92313643	      8.81921864	      2.68736977	      4.43043816	      5.26657371	      6.38222894
      0.12000296	     -4.90829866	      1.89018175	     -0.73273192	      3.74528126	      0.95145478	      8.84201283	      2.65535551	      4.36688839	      5.20680680	      6.38811742
      0.12073917	     -4.91137522	      1.88828926	     -0.73983844	      3.74141363	      0.97764886	      8.86314154	      2.62200842	      4.30485395	      5.14744221	      6.39074898
      0.12147539	     -4.91124226	      1.88641883	     -0.74671107	      3.73461810	      1.00102265	      8.88253309	      2.58751400	      4.24448386	      5.08852893	      6.38948693
      0.12221160	     -4.90706426	      1.88460050	     -0.75328559	      3.72394836	      1.02053241	      8.90010155	      2.55213696	      4.18601813	      5.03011893	      6.38336839
      0.12294782	     -4.89763093	      1.88287818	     -0.75947032	      3.70803769	      1.03468364	      8.91571038	      2.51623032	      4.12974467	      4.97228504	      6.37099685
      0.12368403	     -4.88199179	      1.88128758	     -0.76519356	      3.68581500	      1.04229972	      8.92924482	      2.48007561	      4.07588101	      4.91510204	      6.35127569
      0.12442025	     -4.85952861	      1.87985596	     -0.77041061	      3.65659250	      1.04261947	      8.94059349	      2.44385049	      4.02449717	      4.85863724	      6.32349120
      0.12515646	     -4.82954931	      1.87861258	     -0.77507080	      3.61959730	      1.03478942	      8.94964440	      2.40775548	      3.97569529	      4.80295830	      6.28684451
      0.12589267	     -4.79172487	      1.87757629	     -0.77915223	      3.57447180	      1.01840678	      8.95629773	      2.37188482	      3.92944160	      4.74811280	      6.24095592
      0.12662889	     -4.74565532	      1.87676804	     -0.78262740	      3.52077737	      0.99298070	      8.96045163	      2.33635335	      3.88572989	      4.69415296	      6.18536380
      0.12736510	     -4.69128274	      1.87619786	     -0.78549519	      3.45846426	      0.95844255	      8.96201988	      2.30118078	      3.84444077	      4.64110478	      6.12000188
      0.12810132	     -4.62847076	      1.87587840	     -0.78774848	      3.38739347	      0.91462706	      8.96091328	      2.26640833	      3.80548157	      4.58900029	      6.04471329
      0.12883753	     -4.55736576	      1.87581231	     -0.78940135	      3.30774587	      0.86171617	      8.95705661	      2.23200275	      3.76867265	      4.53784393	      5.95966827
      0.12957375	     -4.47804983	      1.87600458	     -0.79046310	      3.21962977	      0.79981312	      8.95037148	      2.19794730	      3.73385528	      4.48764650	      5.86496274
      0.13030996	     -4.39083217	      1.87645122	     -0.79095941	      3.12340916	      0.72929814	      8.94079039	      2.16416966	      3.70080214	      4.43839207	      5.76095560
      0.13104618	     -4.29597081	      1.87715034	     -0.79091233	      3.01939040	      0.65048919	      8.92824390	      2.13060973	      3.66930191	      4.39007066	      5.64794652
      0.13178239	     -4.19389867	      1.87809228	     -0.79035586	      2.90807557	      0.56391545	      8.91266997	      2.09716899	      3.63908825	      4.34264833	      5.52643793
      0.13251860	     -4.08501051	      1.87926912	     -0.78932146	      2.78992399	      0.47006015	      8.89400541	      2.06375707	      3.60990682	      4.29609621	      5.39688798
      0.13325482	     -3.96982735	      1.88066649	     -0.78784857	      2.66553547	      0.36955665	      8.87218974	      2.03026025	      3.58146103	      4.25036594	      5.25990135
      0.13399103	     -3.84884388	      1.88227144	     -0.78597503	      2.53548054	      0.26300715	      8.84716241	      1.99656953	      3.55346235	      4.20541305	      5.11605213
      0.13472725	     -3.72263504	      1.88406602	     -0.78374306	      2.40041816	      0.15110664	      8.81886059	      1.96256542	      3.52559480	      4.16117936	      4.96600762
      0.13546346	     -3.59176030	      1.88603336	     -0.78119411	      2.26099030	      0.03453242	      8.78722251	      1.92813034	      3.49754625	      4.11760915	      4.81041714
      0.13619968	     -3.45681645	      1.88815315	     -0.77837079	      2.11787900	     -0.08599828	      8.75217950	      1.89314648	      3.46899522	      4.07463957	      4.64997345
      0.13693589	     -3.31839458	      1.89040579	     -0.77531563	      1.97176033	     -0.20977400	      8.71366490	      1.85749583	      3.43961967	      4.03220876	      4.48536266
      0.13767211	     -3.17708479	      1.89276982	     -0.77206962	      1.82330734	     -0.33608974	      8.67160132	      1.82106746	      3.40910881	      3.99025444	      4.31726988
      0.13840832	     -3.03347987	      1.89522412	     -0.76867425	      1.67319653	     -0.46423616	      8.62591423	      1.78374877	      3.37714765	      3.94871383	      4.14638333
      0.13914453	     -2.88813974	      1.89774717	     -0.76516728	      1.52206570	     -0.59354824	      8.57651537	      1.74543851	      3.34345169	      3.90752981	      3.97335320
      0.13988075	     -2.74163370	      1.90031747	     -0.76158745	      1.37056344	     -0.72334879	      8.52332018	      1.70603300	      3.30773297	      3.86664336	      3.79884055
      0.14061696	     -2.59447421	      1.90291430	     -0.75796824	      1.21927326	     -0.85303259	      8.46622805	      1.66544136	      3.26974028	      3.82600680	      3.62344053
      0.14135318	     -2.44718749	      1.90551678	     -0.75434439	      1.06879386	     -0.98197726	      8.40514332	      1.62357006	      3.22923679	      3.78557088	      3.44776435
      0.14208939	     -2.30022856	      1.90810558	     -0.75074455	      0.91964432	     -1.10964803	      8.33995099	      1.58033744	      3.18597556	      3.74529866	      3.27234032
      0.14282561	     -2.15406763	      1.91066115	     -0.74719873	      0.77235925	     -1.23549170	      8.27054382	      1.53565958	      3.13977640	      3.70515157	      3.09771469
      0.14356182	     -2.00910173	      1.91316558	     -0.74373072	      0.62739624	     -1.35904280	      8.19678614	      1.48946138	      3.09024489	      3.66510009	      2.92434777
      0.14429804	     -1.86574541	      1.91560053	     -0.74036570	      0.48523159	     -1.47981460	      8.11854885	      1.44166459	      3.03697624	      3.62511979	      2.75272032
      0.14503425	     -1.72434525	      1.91794916	     -0.73712307	      0.34627558	     -1.59740042	      8.03566384	      1.39219862	      2.97924837	      3.58517317	      2.58323262
      0.14577046	     -1.58526891	      1.92019378	     -0.73402368	      0.21096396	     -1.71136744	      7.94796261	      1.34098924	      2.91619419	      3.54522467	      2.41630908
      0.14650668	     -1.44881181	      1.92231920	     -0.73108309	      0.07965591	     -1.82137016	      7.85525109	      1.28797493	      2.84715835	      3.50521846	      2.25228999
      0.14724289	     -1.31528799	      1.92430942	     -0.72831831	     -0.04726405	     -1.92704139	      7.75732504	      1.23309560	      2.77151399	      3.46518987	      2.09153695
      0.14797911	     -1.18493219	      1.92615230	     -0.72574134	     -0.16951077	     -2.02811198	      7.65399567	      1.17630564	      2.68934555	      3.42507022	      1.93432133
      0.14871532	     -1.05798698	      1.92783598	     -0.72336451	     -0.28680788	     -2.12430001	      7.54512087	      1.11753698	      2.60060593	      3.38446852	      1.78092500
      0.14945154	     -0.93463865	      1.92935116	     -0.72119716	     -0.39893467	     -2.21539808	      7.43053696	      1.05675793	      2.50598875	      3.34344144	      1.63156481
      0.15018775	     -0.81509797	      1.93068671	     -0.71925037	     -0.50562355	     -2.30117009	      7.31003081	      0.99394645	      2.40607411	      3.30234163	      1.48648412
      0.15092397	     -0.69949749	      1.93183620	     -0.71753024	     -0.60671829	     -2.38148094	      7.18345344	      0.92911346	      2.30194413	      3.26124404	      1.34583868
      0.15166018	     -0.58798316	      1.93279254	     -0.71604368	     -0.70204879	     -2.45617690	      7.05065956	      0.86225704	      2.19460341	      3.22013994	      1.20979971
      0.15239640	     -0.48064670	      1.93355202	     -0.71479421	     -0.79151910	     -2.52517685	      6.91154451	      0.79340616	      2.08528367	      3.17900341	      1.07847755
      0.15313261	     -0.37759114	      1.93411027	     -0.71378619	     -0.87501914	     -2.58838459	      6.76600528	      0.72258283	      1.97522707	      3.13780975	      0.95199536
      0.15386882	     -0.27887820	      1.93446568	     -0.71302100	     -0.95249659	     -2.64576061	      6.61396071	      0.64983574	      1.86551879	      3.09653640	      0.83043006
      0.15460504	     -0.18457598	      1.93461621	     -0.71250080	     -1.02389294	     -2.69725662	      6.45535199	      0.57520862	      1.75736026	      3.05516671	      0.71386582
      0.15534125	     -0.09472817	      1.93456149	     -0.71222487	     -1.08917779	     -2.74285882	      6.29006254	      0.49876554	      1.65132915	      3.01368808	      0.60235913
      0.15607747	     -0.00937783	      1.93430122	     -0.71219331	     -1.14832825	     -2.78255377	      6.11804317	      0.42056860	      1.54825425	      2.97206922	      0.49596609
      0.15681368	      0.07142492	      1.93383461	     -0.71240327	     -1.20128801	     -2.81631574	      5.93899510	      0.34066417	      1.44777403	      2.92991992	      0.39474952
      0.15754990	      0.14763284	      1.93316132	     -0.71285343	     -1.24801897	     -2.84412516	      5.75275434	      0.25910548	      1.34993000	      2.88702189	      0.29876987
      0.15828611	      0.21916549	      1.93227831	     -0.71353795	     -1.28837784	     -2.86592307	      5.55857196	      0.17596669	      1.25288571	      2.84357354	      0.20812189
      0.15902233	      0.28595266	      1.93118355	     -0.71445276	     -1.32225720	     -2.88166445	      5.35590753	      0.09132116	      1.15530970	      2.79958267	      0.12289013
      0.15975854	      0.34786900	      1.92986959	     -0.71558544	     -1.34936565	     -2.89122073	      5.14319442	      0.00520597	      1.05332591	      2.75493911	      0.04321483
      0.16049475	      0.40484252	      1.92833183	     -0.71692323	     -1.36950538	     -2.89452931	      4.91912503	     -0.08233637	      0.94357143	      2.70960887	     -0.03082340
      0.16123097	      0.45664967	      1.92655495	     -0.71844667	     -1.38213547	     -2.89132330	      4.68099374	     -0.17131487	      0.81990531	      2.66341435	     -0.09898026
      0.16196718	      0.50308660	      1.92452521	     -0.72013846	     -1.38676174	     -2.88136407	      4.42630657	     -0.26172780	      0.67645403	      2.61619909	     -0.16103231
      0.16270340	      0.54371051	      1.92221478	     -0.72197888	     -1.38244936	     -2.86410783	      4.15122024	     -0.35362083	      0.50552551	      2.56766089	     -0.21649160
      0.16343961	      0.57810866	      1.91959718	     -0.72394938	     -1.36830090	     -2.83904775	      3.85196314	     -0.44703713	      0.29933068	      2.51752772	     -0.26490437
      0.16417583	      0.60567395	      1.91663625	     -0.72602936	     -1.34313640	     -2.80543639	      3.52419133	     -0.54204390	      0.05068950	      2.46541350	     -0.30559788
      0.16491204	      0.62581354	      1.91329585	     -0.72819967	     -1.30575651	     -2.76254096	      3.16335163	     -0.63871387	     -0.24797817	      2.41094862	     -0.33791698
      0.16564826	      0.63787842	      1.90954083	     -0.73043663	     -1.25506225	     -2.70957477	      2.76587597	     -0.73709276	     -0.60104873	      2.35370298	     -0.36113500
      0.16638447	      0.64118730	      1.90533305	     -0.73271869	     -1.18982820	     -2.64570483	      2.32755289	     -0.83724614	     -1.01431733	      2.29324726	     -0.37449187
      0.16712068	      0.63522432	      1.90065051	     -0.73501464	     -1.10948944	     -2.57033725	      1.84737891	     -0.93913938	     -1.48751499	      2.22916586	     -0.37739661
      0.16785690	      0.61937631	      1.89546448	     -0.73729621	     -1.01322410	     -2.48274812	      1.32320548	     -1.04277558	     -2.02308787	      2.16102341	     -0.36915265
      0.16859311	      0.59350484	      1.88978049	     -0.73951987	     -0.90153045	     -2.38285180	      0.75868038	     -1.14797085	     -2.61235349	      2.08849406	     -0.34957495
      0.16932933	      0.55729134	      1.88359235	     -0.74164615	     -0.77449036	     -2.27032495	      0.15580142	     -1.25460432	     -3.25055535	      2.01120629	     -0.31828150
      0.17006554	      0.51127627	      1.87694849	     -0.74361597	     -0.63418447	     -2.14597206	     -0.47523683	     -1.36226871	     -3.91450883	      1.92901616	     -0.27583217
      0.17080176	      0.45564900	      1.86987507	     -0.74537516	     -0.48191729	     -2.01013877	     -1.12715314	     -1.47066642	     -4.58747134	      1.84166821	     -0.22240146
      0.17153797	      0.39196871	      1.86248179	     -0.74684688	     -0.32188537	     -1.86495428	     -1.78182940	     -1.57907281	     -5.22646877	      1.74930248	     -0.15967414
      0.17227419	      0.32077661	      1.85481543	     -0.74797119	     -0.15607707	     -1.71124104	     -2.42869949	     -1.68702604	     -5.80129329	      1.65175447	     -0.08821355
      0.17301040	      0.25365421	      1.84765494	     -0.74874434	     -0.01104164	     -1.56428683	     -2.95606646	     -1.79106889	     -5.93374153	      1.55453033	     -0.02064691
      0.17374661	      0.20398950	      1.84189285	     -0.74911029	      0.08254578	     -1.44170061	     -3.23875685	     -1.88724261	     -5.23302025	      1.46327993	      0.02841370
      0.17448283	      0.16142129	      1.83678474	     -0.74873179	      0.14870645	     -1.32970693	     -3.39168416	     -1.97814456	     -4.23129113	      1.37007637	      0.07018052
      0.17521904	      0.11603683	      1.83163259	     -0.74735259	      0.21018057	     -1.21520173	     -3.51907863	     -2.06623924	     -3.38245423	      1.26828417	      0.11540831
      0.17595526	      0.06866619	      1.82648562	     -0.74498398	      0.26555544	     -1.09932188	     -3.61382620	     -2.15118326	     -2.64504979	      1.15901805	      0.16317761
      0.17669147	      0.01935369	      1.82133363	     -0.74158235	      0.31518843	     -0.98213916	     -3.67875363	     -2.23282042	     -2.03657398	      1.04229574	      0.21341422
      0.17742769	     -0.03154695	      1.81618139	     -0.73715337	      0.35933945	     -0.86410722	     -3.71573996	     -2.31104015	     -1.54382695	      0.91855750	      0.26569063
      0.17816390	     -0.08374191	      1.81102950	     -0.73169018	      0.39833309	     -0.74560143	     -3.72723701	     -2.38572487	     -1.16096608	      0.78814067	      0.31964506
      0.17890012	     -0.13688179	      1.80587872	     -0.72521573	      0.43272944	     -0.62704533	     -3.71683273	     -2.45684654	     -0.87317628	      0.65155112	      0.37484526
      0.17963633	     -0.19061984	      1.80072997	     -0.71774649	      0.46303633	     -0.50886344	     -3.68790184	     -2.52435710	     -0.66725383	      0.50927809	      0.43086315
      0.18037255	     -0.24458812	      1.79558726	     -0.70931790	      0.48973303	     -0.39149758	     -3.64381288	     -2.58826589	     -0.52914953	      0.36187787	      0.48724999
      0.18110876	     -0.29841690	      1.79045446	     -0.69996081	      0.51328188	     -0.27539464	     -3.58785440	     -2.64856731	     -0.44525382	      0.20989283	      0.54355486
      0.18184497	     -0.35174277	      1.78533987	     -0.68971778	      0.53396743	     -0.16099263	     -3.52255092	     -2.70528783	     -0.40493411	      0.05385057	      0.59934370
      0.18258119	     -0.40419707	      1.78025119	     -0.67862849	      0.55209666	     -0.04873730	     -3.45053382	     -2.75844466	     -0.39714683	     -0.10571198	      0.65417487
      0.18331740	     -0.45544770	      1.77519950	     -0.66674025	      0.56779511	      0.06097039	     -3.37353340	     -2.80807589	     -0.41463926	     -0.26833278	      0.70765881
      0.18405362	     -0.50515216	      1.77019529	     -0.65409857	      0.58122174	      0.16771617	     -3.29345767	     -2.85421386	     -0.44941566	     -0.43353109	      0.75939205
      0.18478983	     -0.55302831	      1.76525059	     -0.64075398	      0.59240716	      0.27116169	     -3.21144988	     -2.89690806	     -0.49676808	     -0.60094461	      0.80904861
      0.18552605	     -0.59877907	      1.76037717	     -0.62675595	      0.60140854	      0.37094958	     -3.12882063	     -2.93620292	     -0.55127452	     -0.77019420	      0.85628362
      0.18626226	     -0.64218199	      1.75558663	     -0.61215686	      0.60821191	      0.46681826	     -3.04630506	     -2.97216008	     -0.60999429	     -0.94101619	      0.90084372
      0.18699848	     -0.68299683	      1.75089069	     -0.59700859	      0.61281873	      0.55848318	     -2.96476966	     -3.00483584	     -0.66942395	     -1.11313215	      0.94245391
      0.18773469	     -0.72106376	      1.74629959	     -0.58136406	      0.61520359	      0.64576453	     -2.88466962	     -3.03430715	     -0.72781626	     -1.28632669	      0.98093502
      0.18847090	     -0.75620402	      1.74182397	     -0.56527613	      0.61534694	      0.72845782	     -2.80655570	     -3.06064530	     -0.78301764	     -1.46037567	      1.01608545
      0.18920712	     -0.78831867	      1.73747213	     -0.54879708	      0.61323202	      0.80646371	     -2.73069163	     -3.08394698	     -0.83407612	     -1.63505123	      1.04779694
      0.18994333	     -0.81729012	      1.73325294	     -0.53197947	      0.60884132	      0.87965836	     -2.65740825	     -3.10430294	     -0.87975931	     -1.81012503	      1.07593948
      0.19067955	     -0.84307580	      1.72917246	     -0.51487382	      0.60217793	      0.94801738	     -2.58683880	     -3.12183187	     -0.91963905	     -1.98532088	      1.10046945
      0.19141576	     -0.86561572	      1.72523740	     -0.49753130	      0.59324017	      1.01149341	     -2.51916282	     -3.13664657	     -0.95309871	     -2.16036961	      1.12132325
      0.19215198	     -0.88491743	      1.72145142	     -0.47999972	      0.58205620	      1.07012870	     -2.45442545	     -3.14888619	     -0.98004958	     -2.33494326	      1.13851416
      0.19288819	     -0.90097298	      1.71781892	     -0.46232783	      0.56864740	      1.12394505	     -2.39270340	     -3.15868457	     -1.00027852	     -2.50872438	      1.15203783
      0.19362441	     -0.91383299	      1.71434128	     -0.44456003	      0.55306810	      1.17304143	     -2.33398318	     -3.16619672	     -1.01391238	     -2.68134730	      1.16195595
      0.19436062	     -0.92353477	      1.71102057	     -0.42674184	      0.53536530	      1.21749946	     -2.27827256	     -3.17157354	     -1.02099723	     -2.85245608	      1.16831522
      0.19509683	     -0.93016442	      1.70785608	     -0.40891367	      0.51561766	      1.25746412	     -2.22551959	     -3.17497975	     -1.02179455	     -3.02166350	      1.17121693
      0.19583305	     -0.93379717	      1.70484771	     -0.39111721	      0.49389697	      1.29306639	     -2.17568638	     -3.17657758	     -1.01651463	     -3.18858925	      1.17075018
      0.19656926	     -0.93454683	      1.70199296	     -0.37338853	      0.47030234	      1.32448625	     -2.12869594	     -3.17653513	     -1.00550233	     -3.35283628	      1.16704696
      0.19730548	     -0.93251881	      1.69928983	     -0.35576507	      0.44492707	      1.35189315	     -2.08448034	     -3.17501979	     -0.98907151	     -3.51401157	      1.16022992
      0.19804169	     -0.92784695	      1.69673433	     -0.33827834	      0.41788565	      1.37549127	     -2.04294694	     -3.17219734	     -0.96761629	     -3.67171544	      1.15045303
      0.19877791	     -0.92065909	      1.69432290	     -0.32096129	      0.38928824	      1.39547760	     -2.00400858	     -3.16823415	     -0.94151409	     -3.82555563	      1.13786365
      0.19951412	     -0.91110175	      1.69205042	     -0.30384086	      0.35925918	      1.41207038	     -1.96756381	     -3.16328925	     -0.91118179	     -3.97513039	      1.12262946
      0.20025034	     -0.89931767	      1.68991214	     -0.28694539	      0.32791995	      1.42548372	     -1.93351391	     -3.15752153	     -0.87703053	     -4.12008214	      1.10491411
      0.20098655	     -0.88545942	      1.68790213	     -0.27029739	      0.29539953	      1.43594089	     -1.90175448	     -3.15108219	     -0.83947459	     -4.25996434	      1.08489146
      0.20172276	     -0.86967766	      1.68601485	     -0.25392053	      0.26182506	      1.44366357	     -1.87218133	     -3.14411353	     -0.79893173	     -4.39456033	      1.06273375
      0.20245898	     -0.85212533	      1.68424372	     -0.23783344	      0.22732620	      1.44887247	     -1.84469292	     -3.13677050	     -0.75578781	     -4.52311787	      1.03861432
      0.20319519	     -0.83295464	      1.68258307	     -0.22205463	      0.19202943	      1.45178814	     -1.81918352	     -3.12914612	     -0.71044248	     -4.64613568	      1.01270756
      0.20393141	     -0.81231505	      1.68102480	     -0.20660141	      0.15606595	      1.45262399	     -1.79556405	     -3.12149869	     -0.66322191	     -4.76061723	      0.98517932
      0.20466762	     -0.79035706	      1.67956025	     -0.19149371	      0.11957008	      1.45159645	     -1.77374740	     -3.11414515	     -0.61445574	     -4.86251535	      0.95619520
      0.20540384	     -0.76722624	      1.67817858	     -0.17675042	      0.08267928	      1.44890998	     -1.75366540	     -3.10756750	     -0.56440421	     -4.94438293	      0.92591006
      0.20614005	     -0.74306991	      1.67686821	     -0.16239329	      0.04553498	      1.44476871	     -1.73525101	     -3.10231101	     -0.51333673	     -4.99743747	      0.89447892
      0.20687627	     -0.71802693	      1.67562050	     -0.14843323	      0.00826221	      1.43936285	     -1.71843301	     -3.09866534	     -0.46149886	     -5.01768455	      0.86205405
      0.20761248	     -0.69224048	      1.67442838	     -0.13487882	     -0.02901544	      1.43289017	     -1.70312890	     -3.09678219	     -0.40917027	     -5.00371801	      0.82879674
      0.20834869	     -0.66584020	      1.67328789	     -0.12172825	     -0.06619476	      1.42555077	     -1.68925576	     -3.09663864	     -0.35657057	     -4.95888439	      0.79485945
      0.20908491	     -0.63895934	      1.67219359	     -0.10898351	     -0.10316530	      1.41755497	     -1.67673291	     -3.09836157	     -0.30391480	     -4.88425666	      0.76039543
      0.20982112	     -0.61169255	      1.67114242	     -0.09664216	     -0.13987486	      1.40903877	     -1.66545124	     -3.10192150	     -0.25139541	     -4.78254971	      0.72551579
      0.21055734	     -0.58414181	      1.67013072	     -0.08470321	     -0.17625723	      1.40014186	     -1.65531819	     -3.10727931	     -0.19920867	     -4.65615875	      0.69033923
      0.21129355	     -0.55640772	      1.66915337	     -0.07316451	     -0.21220753	      1.39099555	     -1.64632846	     -3.11434316	     -0.14740344	     -4.50770214	      0.65497959
      0.21202977	     -0.52859151	      1.66820556	     -0.06202407	     -0.24763073	      1.38173657	     -1.63844839	     -3.12304842	     -0.09605017	     -4.33963670	      0.61955224
      0.21276598	     -0.50076416	      1.66728461	     -0.05127637	     -0.28248223	      1.37245881	     -1.63160688	     -3.13328073	     -0.04528934	     -4.15477826	      0.58413999
      0.21350220	     -0.47300383	      1.66638743	     -0.04091653	     -0.31670616	      1.36326658	     -1.62574255	     -3.14493060	      0.00474442	     -3.95600614	      0.54883366
      0.21423841	     -0.44536951	      1.66551184	     -0.03093768	     -0.35026783	      1.35423777	     -1.62079101	     -3.15786121	      0.05389427	     -3.74629509	      0.51370238
      0.21497463	     -0.41792489	      1.66465545	     -0.02133334	     -0.38312713	      1.34545680	     -1.61668891	     -3.17193817	      0.10200901	     -3.52866499	      0.47882068
      0.21571084	     -0.39071630	      1.66381640	     -0.01209614	     -0.41526108	      1.33698451	     -1.61337326	     -3.18703274	      0.14891200	     -3.30568086	      0.44424271
      0.21644705	     -0.36379415	      1.66299265	     -0.00321894	     -0.44664255	      1.32888736	     -1.61078098	     -3.20301685	      0.19443158	     -3.07997382	      0.41002734
      0.21718327	     -0.33719316	      1.66218249	      0.00530563	     -0.47725904	      1.32121067	     -1.60885047	     -3.21978948	      0.23837377	     -2.85339992	      0.37621463
      0.21791948	     -0.31095175	      1.66138410	      0.01348484	     -0.50709452	      1.31400469	     -1.60751973	     -3.23724612	      0.28054829	     -2.62793847	      0.34284900
      0.21865570	     -0.28509434	      1.66059597	      0.02132603	     -0.53614585	      1.30730052	     -1.60672874	     -3.25530980	      0.32075065	     -2.40484508	      0.30995812
      0.21939191	     -0.25964881	      1.65981651	      0.02883651	     -0.56440664	      1.30113396	     -1.60641691	     -3.27389756	      0.35877823	     -2.18553312	      0.27757381
      0.22012813	     -0.23463049	      1.65904448	      0.03602370	     -0.59188212	      1.29552419	     -1.60652625	     -3.29294800	      0.39442527	     -1.97088525	      0.24571302
      0.22086434	     -0.21005804	      1.65827853	      0.04289502	     -0.61857430	      1.29049485	     -1.60699821	     -3.31239360	      0.42748603	     -1.76193209	      0.21439664
      0.22160056	     -0.18593795	      1.65751773	      0.04945802	     -0.64449688	      1.28605375	     -1.60777698	     -3.33218458	      0.45776202	     -1.55928459	      0.18363133
      0.22233677	     -0.16228002	      1.65676105	      0.05572022	     -0.66966020	      1.28221301	     -1.60880630	     -3.35226628	      0.48505319	     -1.36366866	      0.15342762
      0.22307298	     -0.13908125	      1.65600790	      0.06168933	     -0.69408751	      1.27896825	     -1.61003224	     -3.37260209	      0.50917324	     -1.17540219	      0.12378110
      0.22380920	     -0.11634217	      1.65525755	      0.06737298	     -0.71779837	      1.27631958	     -1.61140062	     -3.39315175	      0.52993329	     -0.99489078	      0.09469145
      0.22454541	     -0.09404908	      1.65450983	      0.07277912	     -0.74082759	      1.27424882	     -1.61285821	     -3.41389226	      0.54715964	     -0.82215006	      0.06614188
      0.22528163	     -0.07219218	      1.65376440	      0.07791557	     -0.76320568	      1.27274274	     -1.61435189	     -3.43479769	      0.56067600	     -0.65726884	      0.03812004
      0.22601784	     -0.05074551	      1.65302160	      0.08279072	     -0.78498164	      1.27176742	     -1.61582740	     -3.45585466	      0.57031834	     -0.50002978	      0.01059505
      0.22675406	     -0.02968627	      1.65228166	      0.08741288	     -0.80620094	      1.27129292	     -1.61723066	     -3.47704726	      0.57592218	     -0.35027490	     -0.01646036
      0.22749027	     -0.00897525	      1.65154554	      0.09179110	     -0.82692849	      1.27126848	     -1.61850475	     -3.49836584	      0.57732722	     -0.20766087	     -0.04309219
      0.22822649	      0.01142757	      1.65081424	      0.09593458	     -0.84723072	      1.27164232	     -1.61959232	     -3.51979822	      0.57438306	     -0.07188297	     -0.06934731
      0.22896270	      0.03156724	      1.65008904	      0.09985264	     -0.86717912	      1.27235630	     -1.62043493	     -3.54133599	      0.56691345	      0.05743953	     -0.09527831
      0.22969891	      0.05148813	      1.64937117	      0.10355461	     -0.88684480	      1.27335308	     -1.62097561	     -3.56296968	      0.55477026	      0.18066894	     -0.12093699
      0.23043513	      0.07122334	      1.64866133	      0.10704890	     -0.90628284	      1.27458950	     -1.62115727	     -3.58469420	      0.53769858	      0.29816990	     -0.14636235
      0.23117134	      0.09080619	      1.64796025	      0.11034402	     -0.92554918	      1.27602212	     -1.62092324	     -3.60650397	      0.51545879	      0.41030405	     -0.17159363
      0.23190756	      0.11025478	      1.64726783	      0.11344731	     -0.94467814	      1.27762680	     -1.62021273	     -3.62839687	      0.48764613	      0.51739888	     -0.19665300
      0.23264377	      0.12958966	      1.64658410	      0.11636639	     -0.96370801	      1.27937634	     -1.61896166	     -3.65037015	      0.45383280	      0.61978807	     -0.22156541
      0.23337999	      0.14882115	      1.64590847	      0.11910793	     -0.98266079	      1.28125657	     -1.61710634	     -3.67242246	      0.41353980	      0.71775970	     -0.24634446
      0.23411620	      0.16796203	      1.64524055	      0.12167886	     -1.00156436	      1.28325016	     -1.61457174	     -3.69455184	      0.36620780	      0.81161125	     -0.27100642
      0.23485242	      0.18702005	      1.64457956	      0.12408524	     -1.02043167	      1.28534638	     -1.61131630	     -3.71675665	      0.31158752	      0.90159599	     -0.29556213
      0.23558863	      0.20600509	      1.64392486	      0.12633325	     -1.03927862	      1.28753190	     -1.60729623	     -3.73903537	      0.24942937	      0.98797820	     -0.32002490
      0.23632484	      0.22492261	      1.64327547	      0.12842822	     -1.05810309	      1.28979913	     -1.60253380	     -3.76138665	      0.18000994	      1.07098200	     -0.34440322
      0.23706106	      0.24377891	      1.64263029	      0.13037520	     -1.07689551	      1.29214017	     -1.59708378	     -3.78381104	      0.10386720	      1.15084401	     -0.36870701
      0.23779727	      0.26257392	      1.64198833	      0.13217951	     -1.09564973	      1.29455339	     -1.59098045	     -3.80630506	      0.02121414	      1.22775711	     -0.39293796
      0.23853349	      0.28130687	      1.64134848	      0.13384644	     -1.11435763	      1.29703834	     -1.58425757	     -3.82886611	     -0.06783641	      1.30192228	     -0.41709708
      0.23926970	      0.29997771	      1.64071076	      0.13538293	     -1.13305755	      1.29958982	     -1.57677893	     -3.85148116	     -0.16427523	      1.37349725	     -0.44118372
      0.24000592	      0.31858734	      1.64007542	      0.13679646	     -1.15180232	      1.30220085	     -1.56834208	     -3.87413542	     -0.26972822	      1.44264321	     -0.46519776
      0.24074213	      0.33714585	      1.63944357	      0.13809477	     -1.17066700	      1.30485175	     -1.55872047	     -3.89680913	     -0.38505678	      1.50950022	     -0.48914861
      0.24147835	      0.35566727	      1.63881627	      0.13928512	     -1.18972153	      1.30751888	     -1.54771559	     -3.91948462	     -0.51083556	      1.57422029	     -0.51305078
      0.24221456	      0.37415653	      1.63819357	      0.14037332	     -1.20898142	      1.31019177	     -1.53538264	     -3.94214954	     -0.64549510	      1.63694058	     -0.53690973
      0.24295077	      0.39262101	      1.63757572	      0.14136537	     -1.22847110	      1.31285675	     -1.52173963	     -3.96479104	     -0.78786147	      1.69780316	     -0.56073361
      0.24368699	      0.41104346	      1.63696124	      0.14226591	     -1.24814199	      1.31553211	     -1.50706670	     -3.98740270	     -0.93481582	      1.75692758	     -0.58450381
      0.24442320	      0.42941156	      1.63634895	      0.14307978	     -1.26795824	      1.31822989	     -1.49160178	     -4.00997732	     -1.08352205	      1.81443926	     -0.60820722
      0.24515942	      0.44768081	      1.63573583	      0.14381109	     -1.28781566	      1.32100216	     -1.47577610	     -4.03251189	     -1.22994675	      1.87043383	     -0.63179479
      0.24589563	      0.46581149	      1.63511909	      0.14446405	     -1.30761917	      1.32389515	     -1.46000061	     -4.05500322	     -1.37011429	      1.92501319	     -0.65522293
      0.24663185	      0.48373581	      1.63449466	      0.14504292	     -1.32723265	      1.32698847	     -1.44474814	     -4.07744790	     -1.50008365	      1.97824724	     -0.67841596
      0.24736806	      0.50138853	      1.63385852	      0.14555192	     -1.34652133	      1.33035894	     -1.43050329	     -4.09984323	     -1.61571246	      2.03021169	     -0.70130126
      0.24810428	      0.51869295	      1.63320658	      0.14599595	     -1.36535604	      1.33409487	     -1.41763691	     -4.12218111	     -1.71439159	      2.08095556	     -0.72379216
      0.24884049	      0.53557150	      1.63253457	      0.14637978	     -1.38360090	      1.33828615	     -1.40655792	     -4.14445487	     -1.79314088	      2.13053229	     -0.74580123
      0.24957671	      0.55195971	      1.63183961	      0.14670916	     -1.40117823	      1.34300322	     -1.39739473	     -4.16664825	     -1.85166664	      2.17898004	     -0.76725427
      0.25031292	      0.56778899	      1.63111851	      0.14698971	     -1.41799823	      1.34832208	     -1.39032562	     -4.18874664	     -1.88925773	      2.22633974	     -0.78807265
      0.25104913	      0.58302565	      1.63037052	      0.14722778	     -1.43406277	      1.35427299	     -1.38517986	     -4.21072487	     -1.90798231	      2.27264935	     -0.80821571
      0.25178535	      0.59762964	      1.62959451	      0.14742971	     -1.44935978	      1.36089433	     -1.38183411	     -4.23255918	     -1.90954732	      2.31794816	     -0.82763578
      0.25252156	      0.61160431	      1.62879189	      0.14760191	     -1.46396416	      1.36817004	     -1.37989727	     -4.25421836	     -1.89735557	      2.36227986	     -0.84633353
      0.25325778	      0.62494597	      1.62796368	      0.14775085	     -1.47793848	      1.37609273	     -1.37901222	     -4.27567207	     -1.87458460	      2.40568860	     -0.86430175
      0.25399399	      0.63768691	      1.62711262	      0.14788226	     -1.49139450	      1.38461189	     -1.37873637	     -4.29688826	     -1.84453991	      2.44822267	     -0.88157425
      0.25473021	      0.64985349	      1.62624117	      0.14800206	     -1.50443636	      1.39368405	     -1.37863971	     -4.31783496	     -1.81048710	      2.48993085	     -0.89817809
      0.25546642	      0.66149123	      1.62535228	      0.14811476	     -1.51717137	      1.40324481	     -1.37837879	     -4.33848399	     -1.77466603	      2.53086001	     -0.91416314
      0.25620264	      0.67264217	      1.62444881	      0.14822517	     -1.52970553	      1.41323363	     -1.37759973	     -4.35880643	     -1.73944665	      2.57105828	     -0.92957513
      0.25693885	      0.68335078	      1.62353321	      0.14833647	     -1.54211681	      1.42359002	     -1.37611759	     -4.37878006	     -1.70583729	      2.61056436	     -0.94446390
      0.25767506	      0.69366076	      1.62260795	      0.14845217	     -1.55448724	      1.43425387	     -1.37372158	     -4.39838143	     -1.67506331	      2.64941934	     -0.95887819
      0.25841128	      0.70360758	      1.62167470	      0.14857434	     -1.56686115	      1.44517778	     -1.37036072	     -4.41759396	     -1.64727073	      2.68764950	     -0.97285845
      0.25914749	      0.71322803	      1.62073525	      0.14870534	     -1.57928962	      1.45631220	     -1.36595523	     -4.43639971	     -1.62281111	      2.72528444	     -0.98644641
      0.25988371	      0.72254668	      1.61979056	      0.14884644	     -1.59179109	      1.46762435	     -1.36053065	     -4.45478624	     -1.60143492	      2.76233695	     -0.99967055
      0.26061992	      0.73159049	      1.61884176	      0.14899917	     -1.60439070	      1.47907811	     -1.35409035	     -4.47273990	     -1.58302940	      2.79882364	     -1.01256190
      0.26135614	      0.74037464	      1.61788934	      0.14916426	     -1.61709097	      1.49065286	     -1.34668775	     -4.49025093	     -1.56726415	      2.83474466	     -1.02513836
      0.26209235	      0.74891685	      1.61693393	      0.14934265	     -1.62989958	      1.50232461	     -1.33836372	     -4.50730862	     -1.55387226	      2.87010411	     -1.03742060
      0.26282857	      0.75722529	      1.61597571	      0.14953476	     -1.64281029	      1.51408177	     -1.32917320	     -4.52390511	     -1.54257791	      2.90489087	     -1.04941852
      0.26356478	      0.76531031	      1.61501495	      0.14974111	     -1.65582026	      1.52590997	     -1.31916627	     -4.54003199	     -1.53311963	      2.93909778	     -1.06114443
      0.26430099	      0.77317515	      1.61405165	      0.14996188	     -1.66891842	      1.53780397	     -1.30839043	     -4.55568259	     -1.52530223	      2.97270296	     -1.07260249
      0.26503721	      0.78082474	      1.61308588	      0.15019732	     -1.68209585	      1.54975631	     -1.29689261	     -4.57084979	     -1.51892218	      3.00568830	     -1.08379878
      0.26577342	      0.78825880	      1.61211750	      0.15044743	     -1.69533841	      1.56176625	     -1.28471249	     -4.58552762	     -1.51384904	      3.03802087	     -1.09473339
      0.26650964	      0.79547833	      1.61114644	      0.15071225	     -1.70863334	      1.57383142	     -1.27189087	     -4.59970983	     -1.50993822	      3.06967150	     -1.10540783
      0.26724585	      0.80248042	      1.61017248	      0.15099161	     -1.72196419	      1.58595453	     -1.25846185	     -4.61339102	     -1.50710198	      3.10059577	     -1.11581912
      0.26798207	      0.80926311	      1.60919544	      0.15128540	     -1.73531544	      1.59813706	     -1.24446086	     -4.62656560	     -1.50524005	      3.13075296	     -1.12596535
      0.26871828	      0.81582148	      1.60821503	      0.15159330	     -1.74866873	      1.61038446	     -1.22991853	     -4.63922870	     -1.50429080	      3.16008691	     -1.13584119
      0.26945450	      0.82215130	      1.60723100	      0.15191505	     -1.76200635	      1.62270123	     -1.21486656	     -4.65137524	     -1.50418357	      3.18854496	     -1.14544212
      0.27019071	      0.82824604	      1.60624300	      0.15225023	     -1.77530833	      1.63509507	     -1.19933350	     -4.66300085	     -1.50487260	      3.21605979	     -1.15476092
      0.27092692	      0.83409971	      1.60525072	      0.15259846	     -1.78855522	      1.64757292	     -1.18334865	     -4.67410094	     -1.50630617	      3.24256711	     -1.16379104
      0.27166314	      0.83970454	      1.60425378	      0.15295922	     -1.80172575	      1.66014424	     -1.16693929	     -4.68467162	     -1.50844853	      3.26799022	     -1.17252384
      0.27239935	      0.84505317	      1.60325181	      0.15333200	     -1.81479906	      1.67281792	     -1.15013317	     -4.69470881	     -1.51126006	      3.29225478	     -1.18095115
      0.27313557	      0.85013692	      1.60224442	      0.15371623	     -1.82775297	      1.68560478	     -1.13295667	     -4.70420916	     -1.51471165	      3.31527786	     -1.18906329
      0.27387178	      0.85494741	      1.60123119	      0.15411131	     -1.84056559	      1.69851519	     -1.11543654	     -4.71316913	     -1.51877162	      3.33697815	     -1.19685093
      0.27460800	      0.85947537	      1.60021171	      0.15451660	     -1.85321416	      1.71156090	     -1.09759843	     -4.72158599	     -1.52341542	      3.35727029	     -1.20430370
      0.27534421	      0.86371172	      1.59918557	      0.15493143	     -1.86567614	      1.72475334	     -1.07946830	     -4.72945682	     -1.52861678	      3.37607028	     -1.21141144
      0.27608043	      0.86764687	      1.59815233	      0.15535512	     -1.87792853	      1.73810481	     -1.06107122	     -4.73677952	     -1.53435443	      3.39329284	     -1.21816340
      0.27681664	      0.87127136	      1.59711158	      0.15578696	     -1.88994848	      1.75162738	     -1.04243246	     -4.74355181	     -1.54060589	      3.40885492	     -1.22454899
      0.27755286	      0.87457545	      1.59606290	      0.15622622	     -1.90171302	      1.76533371	     -1.02357651	     -4.74977217	     -1.54735238	      3.42266956	     -1.23055729
      0.27828907	      0.87754954	      1.59500586	      0.15667218	     -1.91319929	      1.77923613	     -1.00452803	     -4.75543884	     -1.55457419	      3.43465458	     -1.23617753
      0.27902528	      0.88018379	      1.59394004	      0.15712410	     -1.92438434	      1.79334784	     -0.98531100	     -4.76055078	     -1.56225447	      3.44471203	     -1.24139867
      0.27976150	      0.88246890	      1.59286507	      0.15758126	     -1.93524594	      1.80768062	     -0.96594934	     -4.76510584	     -1.57037564	      3.45276036	     -1.24621023
      0.28049771	      0.88439678	      1.59178072	      0.15804301	     -1.94576381	      1.82224320	     -0.94646558	     -4.76909967	     -1.57892239	      3.45875009	     -1.25060291
      0.28123393	      0.88595723	      1.59068655	      0.15850859	     -1.95591466	      1.83704954	     -0.92688356	     -4.77253169	     -1.58787895	      3.46257275	     -1.25456529
      0.28197014	      0.88713792	      1.58958190	      0.15897709	     -1.96567236	      1.85212000	     -0.90722757	     -4.77540580	     -1.59723126	      3.46401899	     -1.25808378
      0.28270636	      0.88792874	      1.58846633	      0.15944778	     -1.97501390	      1.86746921	     -0.88752085	     -4.77772111	     -1.60696488	      3.46293613	     -1.26114707
      0.28344257	      0.88832046	      1.58733951	      0.15991994	     -1.98391768	      1.88310969	     -0.86778569	     -4.77947649	     -1.61706677	      3.45921626	     -1.26374472
      0.28417879	      0.88830316	      1.58620102	      0.16039279	     -1.99236113	      1.89905570	     -0.84804485	     -4.78067168	     -1.62752355	      3.45272240	     -1.26586561
      0.28491500	      0.88786734	      1.58505049	      0.16086554	     -2.00032235	      1.91531990	     -0.82832050	     -4.78130866	     -1.63832258	      3.44340462	     -1.26749903
      0.28565121	      0.88700346	      1.58388755	      0.16133736	     -2.00777940	      1.93191518	     -0.80863496	     -4.78138932	     -1.64945099	      3.43120393	     -1.26863426
      0.28638743	      0.88570201	      1.58271183	      0.16180736	     -2.01471048	      1.94885327	     -0.78901020	     -4.78091833	     -1.66089633	      3.41615672	     -1.26926059
      0.28712364	      0.88395353	      1.58152299	      0.16227464	     -2.02109387	      1.96614594	     -0.76946827	     -4.77989999	     -1.67264599	      3.39828839	     -1.26936736
      0.28785986	      0.88174818	      1.58032065	      0.16273823	     -2.02690743	      1.98380486	     -0.75003107	     -4.77834020	     -1.68468775	      3.37767561	     -1.26894344
      0.28859607	      0.87907615	      1.57910447	      0.16319718	     -2.03212913	      2.00184174	     -0.73072057	     -4.77624440	     -1.69700929	      3.35438145	     -1.26797777
      0.28933229	      0.87592697	      1.57787406	      0.16365050	     -2.03673613	      2.02026905	     -0.71155869	     -4.77361846	     -1.70959862	      3.32847544	     -1.26645847
      0.29006850	      0.87229030	      1.57662907	      0.16409719	     -2.04070578	      2.03909915	     -0.69256737	     -4.77046807	     -1.72244369	      3.30002205	     -1.26437383
      0.29080472	      0.86815505	      1.57536910	      0.16453623	     -2.04401462	      2.05834539	     -0.67376859	     -4.76679893	     -1.73553274	      3.26907656	     -1.26171127
      0.29154093	      0.86351032	      1.57409377	      0.16496660	     -2.04663933	      2.07802090	     -0.65518430	     -4.76261670	     -1.74885395	      3.23569467	     -1.25845842
      0.29227714	      0.85834453	      1.57280269	      0.16538724	     -2.04855589	      2.09813969	     -0.63683648	     -4.75792708	     -1.76239572	      3.19992401	     -1.25460211
      0.29301336	      0.85264623	      1.57149547	      0.16579710	     -2.04974040	      2.11871565	     -0.61874710	     -4.75273574	     -1.77614640	      3.16181330	     -1.25012931
      0.29374957	      0.84640346	      1.57017169	      0.16619507	     -2.05016845	      2.13976320	     -0.60093809	     -4.74704849	     -1.79009450	      3.12140877	     -1.24502641
      0.29448579	      0.83960429	      1.56883096	      0.16658008	     -2.04981561	      2.16129680	     -0.58343143	     -4.74087114	     -1.80422849	      3.07875684	     -1.23927983
      0.29522200	      0.83223669	      1.56747289	      0.16695101	     -2.04865748	      2.18333092	     -0.56624886	     -4.73420965	     -1.81853689	      3.03390691	     -1.23287583
      0.29595822	      0.82428841	      1.56609706	      0.16730672	     -2.04666936	      2.20588029	     -0.54941226	     -4.72707000	     -1.83300821	      2.98690750	     -1.22580045
      0.29669443	      0.81574795	      1.56470312	      0.16764612	     -2.04382768	      2.22895862	     -0.53294285	     -4.71945825	     -1.84763095	      2.93781413	     -1.21804052
      0.29743065	      0.80660315	      1.56329068	      0.16796807	     -2.04010798	      2.25258041	     -0.51686226	     -4.71138053	     -1.86239357	      2.88668054	     -1.20958216
      0.29816686	      0.79684423	      1.56185946	      0.16827155	     -2.03548922	      2.27675705	     -0.50119051	     -4.70284273	     -1.87728453	      2.83357001	     -1.20041417
      0.29890307	      0.78645994	      1.56040911	      0.16855546	     -2.02994826	      2.30150181	     -0.48594856	     -4.69385102	     -1.89229218	      2.77854338	     -1.19052364
      0.29963929	      0.77544473	      1.55893957	      0.16881906	     -2.02347006	      2.32682069	     -0.47115392	     -4.68441057	     -1.90740514	      2.72167266	     -1.17990412
      0.30037550	      0.76378966	      1.55745060	      0.16906138	     -2.01603475	      2.35272395	     -0.45682610	     -4.67452729	     -1.92261168	      2.66302684	     -1.16854534
      0.30111172	      0.75149877	      1.55594258	      0.16928238	     -2.00764070	      2.37920557	     -0.44297710	     -4.66420436	     -1.93790125	      2.60268758	     -1.15645166
      0.30184793	      0.73857126	      1.55441565	      0.16948163	     -1.99827953	      2.40626558	     -0.42962156	     -4.65344605	     -1.95326272	      2.54073323	     -1.14362199
      0.30258415	      0.72503040	      1.55287108	      0.16966056	     -1.98797646	      2.43387406	     -0.41676055	     -4.64225124	     -1.96868783	      2.47725646	     -1.13008240
      0.30332036	      0.71089943	      1.55131014	      0.16982052	     -1.97675703	      2.46200119	     -0.40439420	     -4.63061881	     -1.98416835	      2.41234730	     -1.11585893
      0.30405658	      0.69622312	      1.54973512	      0.16996468	     -1.96467618	      2.49059033	     -0.39251266	     -4.61854267	     -1.99969886	      2.34610954	     -1.10100186
      0.30479279	      0.68104912	      1.54814842	      0.17009632	     -1.95179363	      2.51958140	     -0.38110257	     -4.60601631	     -2.01527394	      2.27864498	     -1.08556477
      0.30552900	      0.66541750	      1.54655211	      0.17021866	     -1.93815587	      2.54892330	     -0.37016234	     -4.59303446	     -2.03088824	      2.21006435	     -1.06959259
      0.30626522	      0.64936232	      1.54494794	      0.17033427	     -1.92380186	      2.57857260	     -0.35969186	     -4.57959388	     -2.04653466	      2.14047574	     -1.05312348
      0.30700143	      0.63289527	      1.54333666	      0.17044502	     -1.90873406	      2.60851251	     -0.34971632	     -4.56569430	     -2.06220707	      2.06999186	     -1.03617024
      0.30773765	      0.61602560	      1.54171889	      0.17055231	     -1.89295267	      2.63872954	     -0.34025985	     -4.55133674	     -2.07789841	      1.99872405	     -1.01874295
      0.30847386	      0.59876258	      1.54009534	      0.17065898	     -1.87645103	      2.66920852	     -0.33136133	     -4.53651782	     -2.09360719	      1.92678705	     -1.00085145
      0.30921008	      0.58111707	      1.53846677	      0.17076777	     -1.85922565	      2.69993261	     -0.32305718	     -4.52123438	     -2.10933175	      1.85429550	     -0.98250740
      0.30994629	      0.56312258	      1.53683514	      0.17088459	     -1.84129862	      2.73085521	     -0.31538190	     -4.50547297	     -2.12507669	      1.78136546	     -0.96374769
      0.31068251	      0.54481042	      1.53520232	      0.17101515	     -1.82268910	      2.76193254	     -0.30837206	     -4.48922076	     -2.14084575	      1.70811284	     -0.94460673
      0.31141872	      0.52623710	      1.53357146	      0.17116775	     -1.80344984	      2.79308887	     -0.30204761	     -4.47245683	     -2.15664560	      1.63465236	     -0.92514707
      0.31215494	      0.50745543	      1.53194552	      0.17135050	     -1.78362785	      2.82425289	     -0.29643282	     -4.45516066	     -2.17248148	      1.56109906	     -0.90542710
      0.31289115	      0.48853408	      1.53032820	      0.17157181	     -1.76329774	      2.85533471	     -0.29152317	     -4.43731150	     -2.18836077	      1.48756543	     -0.88552315
      0.31362736	      0.46953956	      1.52872310	      0.17184013	     -1.74253014	      2.88624680	     -0.28731775	     -4.41888831	     -2.20428980	      1.41416557	     -0.86550908
      0.31436358	      0.45054125	      1.52713376	      0.17216185	     -1.72140981	      2.91690073	     -0.28378731	     -4.39987761	     -2.22027996	      1.34100856	     -0.84546243
      0.31509979	      0.43160859	      1.52556375	      0.17254368	     -1.70002034	      2.94720754	     -0.28090559	     -4.38026479	     -2.23634239	      1.26820612	     -0.82546078
      0.31583601	      0.41280185	      1.52401597	      0.17298934	     -1.67844170	      2.97709256	     -0.27863350	     -4.36004585	     -2.25249268	      1.19585877	     -0.80557191
      0.31657222	      0.39418328	      1.52249342	      0.17350304	     -1.65675514	      3.00647816	     -0.27693418	     -4.33921500	     -2.26874632	      1.12407036	     -0.78586575
      0.31730844	      0.37579851	      1.52099817	      0.17408633	     -1.63502383	      3.03530938	     -0.27577502	     -4.31777553	     -2.28511773	      1.05292652	     -0.76639390
      0.31804465	      0.35769644	      1.51953246	      0.17474130	     -1.61331436	      3.06352678	     -0.27512348	     -4.29572887	     -2.30162149	      0.98251697	     -0.74721156
      0.31878087	      0.33990766	      1.51809758	      0.17546819	     -1.59166943	      3.09109461	     -0.27495931	     -4.27308240	     -2.31826694	      0.91290955	     -0.72835348
      0.31951708	      0.32246651	      1.51669505	      0.17626766	     -1.57013641	      3.11797222	     -0.27526034	     -4.24984211	     -2.33506423	      0.84417684	     -0.70985857
      0.32025329	      0.30539132	      1.51532556	      0.17713920	     -1.54874021	      3.14413914	     -0.27601681	     -4.22601729	     -2.35201792	      0.77636981	     -0.69174771
      0.32098951	      0.28870382	      1.51399004	      0.17808261	     -1.52751046	      3.16957054	     -0.27721647	     -4.20161640	     -2.36913366	      0.70954424	     -0.67404564
      0.32172572	      0.27241350	      1.51268878	      0.17909697	     -1.50645896	      3.19425678	     -0.27885655	     -4.17664952	     -2.38641297	      0.64373690	     -0.65676326
      0.32246194	      0.25653257	      1.51142225	      0.18018154	     -1.48560144	      3.21818484	     -0.28093218	     -4.15112632	     -2.40385828	      0.57898890	     -0.63991451
      0.32319815	      0.24106464	      1.51019049	      0.18133517	     -1.46494084	      3.24135224	     -0.28344504	     -4.12505715	     -2.42146936	      0.51532545	     -0.62350366
      0.32393437	      0.22601524	      1.50899365	      0.18255680	     -1.44448299	      3.26375414	     -0.28639526	     -4.09845218	     -2.43924660	      0.45277549	     -0.60753714
      0.32467058	      0.21138432	      1.50783160	      0.18384513	     -1.42422514	      3.28539253	     -0.28978745	     -4.07132174	     -2.45718869	      0.39135487	     -0.59201510
      0.32540680	      0.19717309	      1.50670427	      0.18519891	     -1.40416651	      3.30626785	     -0.29362510	     -4.04367611	     -2.47529472	      0.33108256	     -0.57693911
      0.32614301	      0.18337935	      1.50561142	      0.18661679	     -1.38430083	      3.32638467	     -0.29791477	     -4.01552540	     -2.49356256	      0.27196670	     -0.56230694
      0.32687922	      0.17000171	      1.50455285	      0.18809742	     -1.36462313	      3.34574662	     -0.30266229	     -3.98687977	     -2.51199038	      0.21401804	     -0.54811725
      0.32761544	      0.15703687	      1.50352824	      0.18963939	     -1.34512513	      3.36435960	     -0.30787563	     -3.95774901	     -2.53057546	      0.15723829	     -0.53436665
      0.32835165	      0.14448201	      1.50253731	      0.19124135	     -1.32579933	      3.38222895	     -0.31356225	     -3.92814299	     -2.54931526	      0.10163128	     -0.52105224
      0.32908787	      0.13233343	      1.50157970	      0.19290190	     -1.30663634	      3.39936107	     -0.31973121	     -3.89807110	     -2.56820654	      0.04719327	     -0.50817023
      0.32982408	      0.12058762	      1.50065506	      0.19461966	     -1.28762724	      3.41576212	     -0.32639118	     -3.86754283	     -2.58724623	     -0.00607773	     -0.49571701
      0.33056030	      0.10924085	      1.49976300	      0.19639330	     -1.26876208	      3.43143852	     -0.33355212	     -3.83656713	     -2.60643066	     -0.05819015	     -0.48368884
      0.33129651	      0.09828944	      1.49890315	      0.19822145	     -1.25003117	      3.44639662	     -0.34122365	     -3.80515310	     -2.62575633	     -0.10915094	     -0.47208196
      0.33203273	      0.08772982	      1.49807509	      0.20010282	     -1.23142432	      3.46064262	     -0.34941646	     -3.77330924	     -2.64521925	     -0.15897245	     -0.46089290
      0.33276894	      0.07755839	      1.49727843	      0.20203609	     -1.21293143	      3.47418277	     -0.35814101	     -3.74104421	     -2.66481553	     -0.20766584	     -0.45011806
      0.33350515	      0.06777188	      1.49651275	      0.20402001	     -1.19454225	      3.48702288	     -0.36740865	     -3.70836608	     -2.68454096	     -0.25524668	     -0.43975437
      0.33424137	      0.05836694	      1.49577761	      0.20605330	     -1.17624655	      3.49916888	     -0.37723052	     -3.67528306	     -2.70439138	     -0.30172959	     -0.42979859
      0.33497758	      0.04934073	      1.49507259	      0.20813478	     -1.15803420	      3.51062602	     -0.38761855	     -3.64180281	     -2.72436240	     -0.34713259	     -0.42024820
      0.33571380	      0.04069024	      1.49439726	      0.21026323	     -1.13989500	      3.52139976	     -0.39858448	     -3.60793310	     -2.74444965	     -0.39147301	     -0.41110044
      0.33645001	      0.03241329	      1.49375119	      0.21243751	     -1.12181924	      3.53149453	     -0.41014067	     -3.57368114	     -2.76464865	     -0.43477051	     -0.40235356
      0.33718623	      0.02450741	      1.49313394	      0.21465649	     -1.10379701	      3.54091512	     -0.42229936	     -3.53905427	     -2.78495493	     -0.47704430	     -0.39400550
      0.33792244	      0.01697130	      1.49254509	      0.21691910	     -1.08581940	      3.54966479	     -0.43507317	     -3.50405921	     -2.80536399	     -0.51831483	     -0.38605560
      0.33865866	      0.00980332	      1.49198422	      0.21922429	     -1.06787717	      3.55774730	     -0.44847465	     -3.46870287	     -2.82587132	     -0.55860235	     -0.37850277
      0.33939487	      0.00300344	      1.49145094	      0.22157112	     -1.04996272	      3.56516430	     -0.46251648	     -3.43299144	     -2.84647250	     -0.59792721	     -0.37134788
      0.34013108	     -0.00342883	      1.49094484	      0.22395862	     -1.03206797	      3.57191809	     -0.47721134	     -3.39693133	     -2.86716308	     -0.63630982	     -0.36459120
      0.34086730	     -0.00949184	      1.49046559	      0.22638600	     -1.01418721	      3.57800820	     -0.49257171	     -3.36052819	     -2.88793882	     -0.67376960	     -0.35823556
      0.34160351	     -0.01518451	      1.49001282	      0.22885242	     -0.99631407	      3.58343492	     -0.50861015	     -3.32378783	     -2.90879542	     -0.71032628	     -0.35228310
      0.34233973	     -0.02050312	      1.48958625	      0.23135726	     -0.97844527	      3.58819521	     -0.52533871	     -3.28671527	     -2.92972890	     -0.74599766	     -0.34673903
      0.34307594	     -0.02544462	      1.48918558	      0.23389984	     -0.96057675	      3.59228686	     -0.54276960	     -3.24931571	     -2.95073522	     -0.78080203	     -0.34160781
      0.34381216	     -0.03000291	      1.48881062	      0.23647971	     -0.94270810	      3.59570386	     -0.56091426	     -3.21159357	     -2.97181076	     -0.81475499	     -0.33689741
      0.34454837	     -0.03417263	      1.48846115	      0.23909639	     -0.92483800	      3.59844109	     -0.57978432	     -3.17355345	     -2.99295180	     -0.84787279	     -0.33261496
      0.34528459	     -0.03794518	      1.48813703	      0.24174962	     -0.90696913	      3.60048946	     -0.59939049	     -3.13519921	     -3.01415518	     -0.88016851	     -0.32877135
      0.34602080	     -0.04131270	      1.48783814	      0.24443911	     -0.88910321	      3.60184074	     -0.61974367	     -3.09653483	     -3.03541759	     -0.91165598	     -0.32537660
      0.34675702	     -0.04426418	      1.48756442	      0.24716478	     -0.87124587	      3.60248282	     -0.64085382	     -3.05756365	     -3.05673636	     -0.94234577	     -0.32244437
      0.34749323	     -0.04678932	      1.48731584	      0.24992653	     -0.85340188	      3.60240445	     -0.66273107	     -3.01828910	     -3.07810866	     -0.97224915	     -0.31998756
      0.34822944	     -0.04887503	      1.48709240	      0.25272444	     -0.83557940	      3.60159094	     -0.68538470	     -2.97871406	     -3.09953239	     -1.00137441	     -0.31802223
      0.34896566	     -0.05050882	      1.48689412	      0.25555856	     -0.81778593	      3.60002831	     -0.70882413	     -2.93884151	     -3.12100524	     -1.02973044	     -0.31656380
      0.34970187	     -0.05167609	      1.48672108	      0.25842911	     -0.80003149	      3.59769999	     -0.73305810	     -2.89867399	     -3.14252567	     -1.05732370	     -0.31563014
      0.35043809	     -0.05236263	      1.48657333	      0.26133625	     -0.78232565	      3.59458987	     -0.75809549	     -2.85821411	     -3.16409196	     -1.08416112	     -0.31523863
      0.35117430	     -0.05255302	      1.48645096	      0.26428024	     -0.76467943	      3.59068034	     -0.78394475	     -2.81746422	     -3.18570313	     -1.11024798	     -0.31540814
      0.35191052	     -0.05223202	      1.48635406	      0.26726134	     -0.74710366	      3.58595399	     -0.81061440	     -2.77642669	     -3.20735806	     -1.13558984	     -0.31615729
      0.35264673	     -0.05138408	      1.48628269	      0.27027981	     -0.72960943	      3.58039302	     -0.83811286	     -2.73510379	     -3.22905634	     -1.16019150	     -0.31750514
      0.35338295	     -0.04999363	      1.48623694	      0.27333591	     -0.71220790	      3.57397963	     -0.86644854	     -2.69349779	     -3.25079741	     -1.18405785	     -0.31947070
      0.35411916	     -0.04804563	      1.48621684	      0.27642987	     -0.69490944	      3.56669659	     -0.89563003	     -2.65161096	     -3.27258146	     -1.20719389	     -0.32207247
      0.35485537	     -0.04552491	      1.48622244	      0.27956190	     -0.67772467	      3.55852653	     -0.92566590	     -2.60944558	     -3.29440846	     -1.22960455	     -0.32532912
      0.35559159	     -0.04241739	      1.48625370	      0.28273213	     -0.66066266	      3.54945336	     -0.95656505	     -2.56700401	     -3.31627911	     -1.25129558	     -0.32925806
      0.35632780	     -0.03870875	      1.48631062	      0.28594072	     -0.64373284	      3.53946075	     -0.98833634	     -2.52428859	     -3.33819391	     -1.27227253	     -0.33387701
      0.35706402	     -0.03438613	      1.48639310	      0.28918767	     -0.62694274	      3.52853402	     -1.02098906	     -2.48130177	     -3.36015399	     -1.29254227	     -0.33920205
      0.35780023	     -0.02943634	      1.48650107	      0.29247303	     -0.61030026	      3.51665818	     -1.05453244	     -2.43804602	     -3.38216029	     -1.31211137	     -0.34524963
      0.35853645	     -0.02384765	      1.48663436	      0.29579670	     -0.59381150	      3.50381988	     -1.08897610	     -2.39452386	     -3.40421434	     -1.33098790	     -0.35203460
      0.35927266	     -0.01760803	      1.48679284	      0.29915862	     -0.57748284	      3.49000549	     -1.12432962	     -2.35073784	     -3.42631744	     -1.34917966	     -0.35957210
      0.36000888	     -0.01070653	      1.48697629	      0.30255859	     -0.56131943	      3.47520255	     -1.16060271	     -2.30669054	     -3.44847165	     -1.36669573	     -0.36787613
      0.36074509	     -0.00313204	      1.48718450	      0.30599645	     -0.54532651	      3.45939847	     -1.19780517	     -2.26238454	     -3.47067868	     -1.38354502	     -0.37696084
      0.36148130	      0.00512613	      1.48741725	      0.30947194	     -0.52950896	      3.44258106	     -1.23594643	     -2.21782238	     -3.49294157	     -1.39973725	     -0.38683993
      0.36221752	      0.01407865	      1.48767430	      0.31298484	     -0.51387159	      3.42473817	     -1.27503615	     -2.17300663	     -3.51526285	     -1.41528208	     -0.39752708
      0.36295373	      0.02373654	      1.48795539	      0.31653486	     -0.49841991	      3.40585715	     -1.31508298	     -2.12793978	     -3.53764723	     -1.43018928	     -0.40903640
      0.36368995	      0.03411061	      1.48826028	      0.32012174	     -0.48315911	      3.38592557	     -1.35609591	     -2.08262430	     -3.56009879	     -1.44446873	     -0.42138176
      0.36442616	      0.04521280	      1.48858875	      0.32374525	     -0.46809625	      3.36492958	     -1.39808222	     -2.03706258	     -3.58262468	     -1.45812955	     -0.43457833
      0.36516238	      0.05705468	      1.48894056	      0.32740512	     -0.45323782	      3.34285576	     -1.44104966	     -1.99125706	     -3.60523126	     -1.47118112	     -0.44864088
      0.36589859	      0.06964958	      1.48931554	      0.33110119	     -0.43859317	      3.31968847	     -1.48500362	     -1.94521007	     -3.62792848	     -1.48363117	     -0.46358614
      0.36663481	      0.08301036	      1.48971348	      0.33483326	     -0.42417089	      3.29541272	     -1.52995011	     -1.89892415	     -3.65072541	     -1.49548781	     -0.47943038
      0.36737102	      0.09715205	      1.49013428	      0.33860124	     -0.40998315	      3.27001064	     -1.57589225	     -1.85240145	     -3.67363491	     -1.50675674	     -0.49619228
      0.36810723	      0.11208916	      1.49057777	      0.34240502	     -0.39604119	      3.24346537	     -1.62283397	     -1.80564513	     -3.69666881	     -1.51744390	     -0.51388999
      0.36884345	      0.12783859	      1.49104394	      0.34624464	     -0.38236042	      3.21575612	     -1.67077579	     -1.75865592	     -3.71984285	     -1.52755295	     -0.53254429
      0.36957966	      0.14441650	      1.49153264	      0.35012003	     -0.36895475	      3.18686483	     -1.71971952	     -1.71143959	     -3.74317135	     -1.53708624	     -0.55217528
      0.37031588	      0.16184179	      1.49204408	      0.35403148	     -0.35584330	      3.15676541	     -1.76966246	     -1.66398920	     -3.76667350	     -1.54604783	     -0.57280567
      0.37105209	      0.18013149	      1.49257798	      0.35797882	     -0.34304146	      3.12544152	     -1.82060486	     -1.61631887	     -3.79036531	     -1.55443371	     -0.59445686
      0.37178831	      0.19930948	      1.49313552	      0.36196328	     -0.33057780	      3.09284597	     -1.87253695	     -1.56837985	     -3.81427329	     -1.56226221	     -0.61715554
      0.37252452	      0.21941399	      1.49371855	      0.36598728	     -0.31849882	      3.05891150	     -1.92544459	     -1.52011495	     -3.83842467	     -1.56954797	     -0.64094442
      0.37326074	      0.24046192	      1.49432951	      0.37005273	     -0.30682989	      3.02356908	     -1.97931130	     -1.47139134	     -3.86285633	     -1.57634997	     -0.66583867
      0.37399695	      0.26246512	      1.49497051	      0.37416111	     -0.29558942	      2.98675813	     -2.03412345	     -1.42208235	     -3.88760336	     -1.58272825	     -0.69184785
      0.37473317	      0.28539003	      1.49564217	      0.37831068	     -0.28474127	      2.94846780	     -2.08987719	     -1.37204936	     -3.91270317	     -1.58877116	     -0.71892893
      0.37546938	      0.30920868	      1.49634506	      0.38249994	     -0.27425531	      2.90868497	     -2.14656867	     -1.32116594	     -3.93819142	     -1.59455880	     -0.74704583
      0.37620559	      0.33386618	      1.49707824	      0.38672494	     -0.26406781	      2.86743736	     -2.20420103	     -1.26933108	     -3.96410355	     -1.60017139	     -0.77613263
      0.37694181	      0.35931601	      1.49784119	      0.39098247	     -0.25412546	      2.82474088	     -2.26277512	     -1.21643843	     -3.99047525	     -1.60568752	     -0.80613281
      0.37767802	      0.38550030	      1.49863245	      0.39526794	     -0.24436068	      2.78063408	     -2.32229424	     -1.16240834	     -4.01734190	     -1.61117696	     -0.83697791
      0.37841424	      0.41235775	      1.49945049	      0.39957661	     -0.23470153	      2.73515858	     -2.38276315	     -1.10715801	     -4.04473851	     -1.61671361	     -0.86859545
      0.37915045	      0.43982965	      1.50029345	      0.40390347	     -0.22507936	      2.68835980	     -2.44418479	     -1.05062538	     -4.07269992	     -1.62235821	     -0.90091677
      0.37988667	      0.46780754	      1.50115749	      0.40823974	     -0.21536301	      2.64034653	     -2.50657848	     -0.99275767	     -4.10125739	     -1.62819742	     -0.93381642
      0.38062288	      0.49630507	      1.50204361	      0.41258578	     -0.20557490	      2.59107360	     -2.56992248	     -0.93348388	     -4.13045104	     -1.63425245	     -0.96730853
      0.38135910	      0.52534280	      1.50295319	      0.41694258	     -0.19574630	      2.54048556	     -2.63419259	     -0.87272644	     -4.16032227	     -1.64054370	     -1.00141498
      0.38209531	      0.55514539	      1.50389594	      0.42132686	     -0.18616438	      2.48826420	     -2.69929891	     -0.81036326	     -4.19092512	     -1.64698960	     -1.03639035
      0.38283152	      0.58596148	      1.50488270	      0.42575731	     -0.17714641	      2.43405869	     -2.76514400	     -0.74626071	     -4.22231551	     -1.65349948	     -1.07251637
      0.38356774	      0.61806494	      1.50592497	      0.43025445	     -0.16904072	      2.37748816	     -2.83162384	     -0.68029306	     -4.25454813	     -1.65996392	     -1.11010403
      0.38430395	      0.65166624	      1.50703176	      0.43483396	     -0.16211625	      2.31825173	     -2.89865500	     -0.61234406	     -4.28767276	     -1.66630701	     -1.14939186
      0.38504017	      0.68688706	      1.50820774	      0.43950419	     -0.15653007	      2.25617173	     -2.96618244	     -0.54234977	     -4.32173336	     -1.67248277	     -1.19051833
      0.38577638	      0.72383311	      1.50945732	      0.44427253	     -0.15242019	      2.19108432	     -3.03415479	     -0.47022941	     -4.35677466	     -1.67846317	     -1.23360290
      0.38651260	      0.76264427	      1.51078499	      0.44914801	     -0.14996512	      2.12280495	     -3.10251137	     -0.39596460	     -4.39284202	     -1.68417045	     -1.27880664
      0.38724881	      0.80351519	      1.51219741	      0.45414381	     -0.14941132	      2.05108099	     -3.17117521	     -0.31952975	     -4.42998319	     -1.68949550	     -1.32635332
      0.38798503	      0.84667988	      1.51370148	      0.45927526	     -0.15105224	      1.97563217	     -3.24005925	     -0.24095969	     -4.46824538	     -1.69427890	     -1.37651406
      0.38872124	      0.89237258	      1.51530440	      0.46455789	     -0.15518177	      1.89617391	     -3.30907674	     -0.16027738	     -4.50767560	     -1.69836568	     -1.42955987
      0.38945745	      0.94073338	      1.51700906	      0.46999979	     -0.16197697	      1.81254695	     -3.37816822	     -0.07754268	     -4.54831672	     -1.70164731	     -1.48565466
      0.39019367	      0.99190558	      1.51881868	      0.47560941	     -0.17161880	      1.72458490	     -3.44727380	      0.00719405	     -4.59021156	     -1.70401645	     -1.54496578
      0.39092988	      1.04589279	      1.52073087	      0.48138455	     -0.18411676	      1.63229633	     -3.51637117	      0.09386288	     -4.63339973	     -1.70545054	     -1.60750045
      0.39166610	      1.10272813	      1.52274442	      0.48732529	     -0.19951644	      1.53565271	     -3.58543038	      0.18239827	     -4.67792143	     -1.70590910	     -1.67329978
      0.39240231	      1.16232659	      1.52485353	      0.49342270	     -0.21771988	      1.43477208	     -3.65445029	      0.27272477	     -4.72381612	     -1.70542816	     -1.74226913
      0.39313853	      1.22462847	      1.52705337	      0.49966977	     -0.23865973	      1.32974095	     -3.72342398	      0.36476914	     -4.77112323	     -1.70402740	     -1.81434300
      0.39387474	      1.28948358	      1.52933569	      0.50605258	     -0.26216042	      1.22075747	     -3.79236327	      0.45845496	     -4.81988351	     -1.70178861	     -1.88935170
      0.39461096	      1.35676203	      1.53169302	      0.51255876	     -0.28807049	      1.10799473	     -3.86127613	      0.55370644	     -4.87013728	     -1.69877975	     -1.96714891
      0.39534717	      1.42627009	      1.53411561	      0.51917102	     -0.31616417	      0.99170416	     -3.93017985	      0.65044906	     -4.92192772	     -1.69511514	     -2.04751457
      0.39608338	      1.49782833	      1.53659418	      0.52587314	     -0.34623213	      0.87211970	     -3.99908999	      0.74860793	     -4.97529729	     -1.69089890	     -2.13024516
      0.39681960	      1.57121520	      1.53911815	      0.53264561	     -0.37801842	      0.74952663	     -4.06802374	      0.84811221	     -5.03029241	     -1.68626731	     -2.21508819
      0.39755581	      1.64621845	      1.54167721	      0.53946963	     -0.41127716	      0.62419889	     -4.13699830	      0.94889006	     -5.08695855	     -1.68134977	     -2.30180202
      0.39829203	      1.72260086	      1.54426046	      0.54632435	     -0.44573766	      0.49644059	     -4.20602642	      1.05087532	     -5.14534582	     -1.67629547	     -2.39011561
      0.39902824	      1.80013043	      1.54685711	      0.55318935	     -0.48113415	      0.36654954	     -4.27512229	      1.15400044	     -5.20550324	     -1.67124968	     -2.47976414
      0.39976446	      1.87856358	      1.54945644	      0.56004314	     -0.51719312	      0.23483714	     -4.34429086	      1.25820428	     -5.26748474	     -1.66636674	     -2.57046861
      0.40050067	      1.95765873	      1.55204762	      0.56686445	     -0.55364189	      0.10161248	     -4.41353968	      1.36342417	     -5.33134310	     -1.66179963	     -2.66195261
      0.40123689	      2.03717342	      1.55462044	      0.57363169	     -0.59021371	     -0.03281500	     -4.48286333	      1.46960408	     -5.39713590	     -1.65770103	     -2.75393777
      0.40197310	      2.11686461	      1.55716445	      0.58032332	     -0.62663932	     -0.16813495	     -4.55225984	      1.57668637	     -5.46491965	     -1.65422453	     -2.84614531
      0.40270931	      2.19649730	      1.55967023	      0.58691818	     -0.66266680	     -0.30404777	     -4.62171137	      1.68461998	     -5.53475520	     -1.65151511	     -2.93830475
      0.40344553	      2.27583384	      1.56212807	      0.59339496	     -0.69803902	     -0.44025030	     -4.69120420	      1.79335223	     -5.60670247	     -1.64972058	     -3.03014277
      0.40418174	      2.35465221	      1.56452959	      0.59973336	     -0.73252582	     -0.57645956	     -4.76070642	      1.90283683	     -5.68082511	     -1.64897298	     -3.12140305
      0.40491796	      2.43272584	      1.56686607	      0.60591276	     -0.76588948	     -0.71238669	     -4.83019073	      2.01302591	     -5.75718600	     -1.64940881	     -3.21182427
      0.40565417	      2.50985051	      1.56913042	      0.61191411	     -0.79792753	     -0.84777123	     -4.89961001	      2.12387773	     -5.83585089	     -1.65114275	     -3.30116973
      0.40639039	      2.58581634	      1.57131515	      0.61771795	     -0.82842861	     -0.98234556	     -4.96892208	      2.23534906	     -5.91688486	     -1.65429513	     -3.38919656
      0.40712660	      2.66044057	      1.57341461	      0.62330677	     -0.85722246	     -1.11587634	     -5.03806382	      2.34740251	     -6.00035517	     -1.65896002	     -3.47569194
      0.40786282	      2.73353177	      1.57542264	      0.62866246	     -0.88412646	     -1.24811945	     -5.10697710	      2.45999905	     -6.08632921	     -1.66523840	     -3.56043334
      0.40859903	      2.80493217	      1.57733519	      0.63376941	     -0.90900667	     -1.37887306	     -5.17558292	      2.57310554	     -6.17487435	     -1.67320147	     -3.64323591
      0.40933525	      2.87447839	      1.57914775	      0.63861160	     -0.93172020	     -1.50792803	     -5.24380750	      2.68668768	     -6.26605703	     -1.68292702	     -3.72390863
      0.41007146	      2.94203998	      1.58085788	      0.64317559	     -0.95217192	     -1.63511683	     -5.31155587	      2.80071654	     -6.35994525	     -1.69446261	     -3.80229728
      0.41080767	      3.00744885	      1.58246184	      0.64744501	     -0.97022198	     -1.76022714	     -5.37873583	      2.91515847	     -6.45661538	     -1.70786906	     -3.87820423
      0.41154389	      3.07062465	      1.58395940	      0.65141041	     -0.98583889	     -1.88315250	     -5.44524152	      3.02999118	     -6.55612349	     -1.72316598	     -3.95153247
      0.41228010	      3.13149136	      1.58535023	      0.65506259	     -0.99899361	     -2.00379085	     -5.51097392	      3.14519240	     -6.65851797	     -1.74037633	     -4.02219034
      0.41301632	      3.19009168	      1.58663806	      0.65840179	     -1.00979999	     -2.12218206	     -5.57581714	      3.26075497	     -6.76383708	     -1.75948018	     -4.09022306
      0.41375253	      3.24645450	      1.58782605	      0.66142709	     -1.01835445	     -2.23834914	     -5.63965797	      3.37666972	     -6.87212033	     -1.78046453	     -4.15566004
      0.41448875	      3.30066428	      1.58891943	      0.66414228	     -1.02482362	     -2.35238275	     -5.70236478	      3.49293594	     -6.98341990	     -1.80329254	     -4.21859430
      0.41522496	      3.35278553	      1.58992273	      0.66654948	     -1.02935010	     -2.46434951	     -5.76380794	      3.60955006	     -7.09778943	     -1.82793462	     -4.27909589
      0.41596118	      3.40289023	      1.59084111	      0.66865190	     -1.03209006	     -2.57432724	     -5.82384708	      3.72651188	     -7.21529783	     -1.85435103	     -4.33724267
      0.41669739	      3.45105198	      1.59167964	      0.67045273	     -1.03319969	     -2.68239497	     -5.88234600	      3.84382070	     -7.33600774	     -1.88250375	     -4.39311464
      0.41743360	      3.49733237	      1.59244348	      0.67195480	     -1.03282582	     -2.78862015	     -5.93916286	      3.96147731	     -7.45999866	     -1.91235098	     -4.44677694
      0.41816982	      3.54182208	      1.59313823	      0.67316302	     -1.03114338	     -2.89310323	     -5.99416782	      4.07948486	     -7.58733623	     -1.94384692	     -4.49832914
      0.41890603	      3.58453776	      1.59376839	      0.67407723	     -1.02825457	     -2.99586129	     -6.04720734	      4.19784173	     -7.71812678	     -1.97695580	     -4.54778310
      0.41964225	      3.62561386	      1.59434039	      0.67470611	     -1.02437733	     -3.09704686	     -6.09817446	      4.31655803	     -7.85244115	     -2.01162170	     -4.59528955
      0.42037846	      3.66481542	      1.59485440	      0.67503083	     -1.01936708	     -3.19638789	     -6.14681080	      4.43560836	     -7.99051285	     -2.04785534	     -4.64056376
      0.42111468	      3.70174550	      1.59530738	      0.67502007	     -1.01292416	     -3.29342443	     -6.19276665	      4.55495015	     -8.13266834	     -2.08570301	     -4.68313033
      0.42185089	      3.73581247	      1.59569403	      0.67462850	     -1.00454335	     -3.38747468	     -6.23569857	      4.67452161	     -8.27908726	     -2.12522918	     -4.72228453
      0.42258711	      3.76656727	      1.59601154	      0.67382147	     -0.99385729	     -3.47802106	     -6.27533664	      4.79427490	     -8.42987074	     -2.16647073	     -4.75748965
      0.42332332	      3.79373574	      1.59626157	      0.67257845	     -0.98066053	     -3.56475118	     -6.31153540	      4.91418164	     -8.58502109	     -2.20941351	     -4.78841490
      0.42405953	      3.81699681	      1.59644450	      0.67087501	     -0.96469933	     -3.64729698	     -6.34412679	      5.03420696	     -8.74457074	     -2.25405516	     -4.81467477
      0.42479575	      3.83622278	      1.59656539	      0.66870235	     -0.94591435	     -3.72551761	     -6.37300863	      5.15434035	     -8.90853015	     -2.30034926	     -4.83611063
      0.42553196	      3.85123068	      1.59662644	      0.66604654	     -0.92415405	     -3.79920238	     -6.39815244	      5.27455821	     -9.07690096	     -2.34826108	     -4.85250278
      0.42626818	      3.86206146	      1.59663780	      0.66291303	     -0.89956708	     -3.86841280	     -6.41940111	      5.39487865	     -9.24976606	     -2.39771598	     -4.86388694
      0.42700439	      3.86859596	      1.59659717	      0.65929070	     -0.87193166	     -3.93299516	     -6.43707147	      5.51526664	     -9.42723208	     -2.44867165	     -4.87013223
      0.42774061	      3.87119826	      1.59653760	      0.65521730	     -0.84210545	     -3.99343858	     -6.45011500	      5.63584020	     -9.60971985	     -2.50099161	     -4.87161549
      0.42847682	      3.87036638	      1.59650592	      0.65074408	     -0.81134077	     -4.05041937	     -6.45685672	      5.75676382	     -9.79798705	     -2.55449133	     -4.86884545
      0.42921304	      3.86688910	      1.59657232	      0.64595749	     -0.78157139	     -4.10501590	     -6.45480921	      5.87832816	     -9.99147258	     -2.60898173	     -4.86262918
      0.42994925	      3.86149062	      1.59680230	      0.64093732	     -0.75458601	     -4.15822066	     -6.44168870	      6.00080291	    -10.18947690	     -2.66428492	     -4.85370571
      0.43068546	      3.85460419	      1.59723419	      0.63573908	     -0.73138012	     -4.21063476	     -6.41640040	      6.12438722	    -10.39026666	     -2.72036651	     -4.84251926
      0.43142168	      3.84661747	      1.59790274	      0.63041288	     -0.71284269	     -4.26279663	     -6.37798586	      6.24926098	    -10.59220378	     -2.77719439	     -4.82946700
      0.43215789	      3.83756070	      1.59880908	      0.62497381	     -0.69890144	     -4.31475449	     -6.32681234	      6.37548995	    -10.79373182	     -2.83485731	     -4.81458674
      0.43289411	      3.82754904	      1.59996232	      0.61944538	     -0.68971523	     -4.36667322	     -6.26290041	      6.50316742	    -10.99342574	     -2.89341553	     -4.79800178
      0.43363032	      3.81650949	      1.60135271	      0.61383042	     -0.68491826	     -4.41845415	     -6.18699339	      6.63231565	    -11.19012941	     -2.95297615	     -4.77964929
      0.43436654	      3.80441477	      1.60297507	      0.60813681	     -0.68427184	     -4.47006262	     -6.09965389	      6.76297410	    -11.38261456	     -3.01363450	     -4.75951182
      0.43510275	      3.79114431	      1.60481368	      0.60235941	     -0.68725452	     -4.52132726	     -6.00188063	      6.89513447	    -11.57012420	     -3.07549130	     -4.73748261
      0.43583897	      3.77660518	      1.60685548	      0.59649771	     -0.69341569	     -4.57211702	     -5.89454195	      7.02880417	    -11.75236886	     -3.13864952	     -4.71348266
      0.43657518	      3.76065724	      1.60908160	      0.59054021	     -0.70215807	     -4.62222536	     -5.77882527	      7.16395027	    -11.92857602	     -3.20318954	     -4.68738884
      0.43731139	      3.74318099	      1.61147342	      0.58448406	     -0.71288631	     -4.67147830	     -5.65577357	      7.30056637	    -12.10113848	     -3.26922331	     -4.65910315
      0.43804761	      3.72401208	      1.61401101	      0.57830470	     -0.72498661	     -4.71962587	     -5.52682104	      7.43857669	    -12.26562874	     -3.33677757	     -4.62847504
      0.43878382	      3.70302180	      1.61666658	      0.57201270	     -0.73761437	     -4.76647985	     -5.39297937	      7.57800477	    -12.43547494	     -3.40605144	     -4.59541867
      0.43952004	      3.67992292	      1.61942671	      0.56550891	     -0.75026930	     -4.81158194	     -5.25771095	      7.71853969	    -12.56413178	     -3.47674077	     -4.55961271
      0.44025625	      3.65416802	      1.62225707	      0.55856614	     -0.76179850	     -4.85393805	     -5.13026302	      7.85927035	    -12.54728654	     -3.54791083	     -4.52045118
      0.44099247	      3.62584278	      1.62521809	      0.55109149	     -0.77440350	     -4.89370281	     -5.00583769	      8.00011113	    -12.35428052	     -3.61905690	     -4.47789621
      0.44172868	      3.59625754	      1.62829745	      0.54332036	     -0.78922735	     -4.93235783	     -4.87768227	      8.14122524	    -12.06807225	     -3.69015892	     -4.43356061
