Coordinates
version=1
nRows=601
nColumns=11
inDegrees=no

Units are S.I. units (second, meters, Newtons, ...)
If the header above contains a line with 'inDegrees', this indicates whether rotational values are in degrees (yes) or radians (no).

endheader
time	pelvis_tilt	pelvis_tx	pelvis_ty	hip_flexion_l	hip_flexion_r	knee_angle_l	knee_angle_r	ankle_angle_l	ankle_angle_r	lumbar
      0.00000000	     -0.13554798	      0.00000000	      1.01705675	     -0.10852030	      0.60306775	     -0.34721603	     -0.55635837	     -0.23057308	      0.01888793	      0.00953889
      0.00158834	     -0.13656084	      0.00303404	      1.01661497	     -0.11125567	      0.60213745	     -0.34459419	     -0.54707434	     -0.23647346	      0.01868375	      0.01198095
      0.00317668	     -0.13751756	      0.00608348	      1.01617440	     -0.11405091	      0.60107587	     -0.34197114	     -0.53779288	     -0.24249654	      0.01832313	      0.01438891
      0.00476502	     -0.13841902	      0.00914824	      1.01573477	     -0.11690152	      0.59988283	     -0.33935187	     -0.52851628	     -0.24864989	      0.01787298	      0.01676371
      0.00635336	     -0.13927374	      0.01222806	      1.01529522	     -0.11979308	      0.59856623	     -0.33674504	     -0.51924409	     -0.25493537	      0.01738018	      0.01911509
      0.00794170	     -0.14008841	      0.01532269	      1.01485507	     -0.12271344	      0.59713195	     -0.33415926	     -0.50997498	     -0.26135271	      0.01686148	      0.02145065
      0.00953004	     -0.14086720	      0.01843193	      1.01441383	     -0.12565366	      0.59558298	     -0.33160239	     -0.50070823	     -0.26790169	      0.01632696	      0.02377504
      0.01111838	     -0.14161383	      0.02155557	      1.01397105	     -0.12860546	      0.59392169	     -0.32908197	     -0.49144389	     -0.27458246	      0.01579210	      0.02609236
      0.01270672	     -0.14233055	      0.02469343	      1.01352637	     -0.13156237	      0.59214911	     -0.32660493	     -0.48218495	     -0.28139504	      0.01527017	      0.02840498
      0.01429506	     -0.14301912	      0.02784531	      1.01307951	     -0.13451859	      0.59026602	     -0.32417798	     -0.47293681	     -0.28833936	      0.01477147	      0.03071462
      0.01588340	     -0.14368112	      0.03101099	      1.01263017	     -0.13746866	      0.58827419	     -0.32180750	     -0.46371307	     -0.29541521	      0.01430063	      0.03302278
      0.01747174	     -0.14431756	      0.03419021	      1.01217813	     -0.14040788	      0.58617563	     -0.31949962	     -0.45453308	     -0.30262242	      0.01385906	      0.03533020
      0.01906008	     -0.14492750	      0.03738270	      1.01172335	     -0.14333383	      0.58397239	     -0.31725972	     -0.44543064	     -0.30996107	      0.01344247	      0.03763513
      0.02064842	     -0.14550999	      0.04058809	      1.01126580	     -0.14624417	      0.58166788	     -0.31509307	     -0.43644849	     -0.31743123	      0.01304452	      0.03993566
      0.02223676	     -0.14606508	      0.04380599	      1.01080547	     -0.14913547	      0.57926875	     -0.31300475	     -0.42764486	     -0.32503296	      0.01266185	      0.04223101
      0.02382510	     -0.14659213	      0.04703596	      1.01034242	     -0.15200531	      0.57678120	     -0.31099934	     -0.41908269	     -0.33276664	      0.01229663	      0.04451950
      0.02541344	     -0.14708859	      0.05027746	      1.00987700	     -0.15485348	      0.57421166	     -0.30908045	     -0.41084243	     -0.34063356	      0.01194320	      0.04679688
      0.02700178	     -0.14755294	      0.05352981	      1.00940959	     -0.15767841	      0.57157042	     -0.30725194	     -0.40302168	     -0.34863518	      0.01157508	      0.04905978
      0.02859012	     -0.14799204	      0.05679164	      1.00894036	     -0.16046735	      0.56889053	     -0.30552067	     -0.39579498	     -0.35677296	      0.01111577	      0.05131353
      0.03017846	     -0.14841797	      0.06006108	      1.00846937	     -0.16320038	      0.56622105	     -0.30389557	     -0.38939628	     -0.36504856	      0.01047742	      0.05356858
      0.03176680	     -0.14885059	      0.06333551	      1.00799688	     -0.16584709	      0.56362862	     -0.30238767	     -0.38412232	     -0.37346616	      0.00969022	      0.05584308
      0.03335514	     -0.14931412	      0.06661209	      1.00752327	     -0.16837166	      0.56118213	     -0.30100843	     -0.38026635	     -0.38203205	      0.00890639	      0.05815996
      0.03494348	     -0.14983934	      0.06988781	      1.00704935	     -0.17073090	      0.55893753	     -0.29976822	     -0.37801589	     -0.39075820	      0.00848082	      0.06054977
      0.03653182	     -0.15046015	      0.07315951	      1.00657622	     -0.17287790	      0.55694497	     -0.29867704	     -0.37751068	     -0.39965956	      0.00879061	      0.06304654
      0.03812016	     -0.15119141	      0.07642522	      1.00610679	     -0.17479194	      0.55517263	     -0.29773311	     -0.37846663	     -0.40876102	      0.01045682	      0.06566401
      0.03970850	     -0.15202480	      0.07968443	      1.00564559	     -0.17648343	      0.55350494	     -0.29692299	     -0.38015663	     -0.41809452	      0.01411983	      0.06839114
      0.04129684	     -0.15294853	      0.08293560	      1.00519692	     -0.17796446	      0.55185995	     -0.29623620	     -0.38195890	     -0.42768666	      0.01921526	      0.07121050
      0.04288518	     -0.15396053	      0.08617582	      1.00476380	     -0.17923251	      0.55023642	     -0.29567009	     -0.38368478	     -0.43755500	      0.02484157	      0.07411332
      0.04447352	     -0.15505197	      0.08940253	      1.00434881	     -0.18029452	      0.54865378	     -0.29521970	     -0.38535661	     -0.44771080	      0.03070488	      0.07708335
      0.04606186	     -0.15621120	      0.09261348	      1.00395449	     -0.18116178	      0.54712336	     -0.29487847	     -0.38697820	     -0.45816343	      0.03663597	      0.08010171
      0.04765020	     -0.15742529	      0.09580682	      1.00358304	     -0.18184825	      0.54565490	     -0.29463979	     -0.38857863	     -0.46891298	      0.04252996	      0.08314884
      0.04923854	     -0.15867953	      0.09898095	      1.00323655	     -0.18237062	      0.54425251	     -0.29449747	     -0.39017935	     -0.47994675	      0.04832980	      0.08620364
      0.05082688	     -0.15995924	      0.10213450	      1.00291640	     -0.18274480	      0.54291637	     -0.29445943	     -0.39180203	     -0.49115653	      0.05399464	      0.08924542
      0.05241522	     -0.16125156	      0.10526603	      1.00262337	     -0.18298343	      0.54164634	     -0.29454656	     -0.39346410	     -0.50236707	      0.05950214	      0.09225559
      0.05400356	     -0.16255005	      0.10837390	      1.00235674	     -0.18309009	      0.54044656	     -0.29480192	     -0.39518084	     -0.51313652	      0.06483805	      0.09522274
      0.05559190	     -0.16385110	      0.11145628	      1.00211504	     -0.18306611	      0.53932296	     -0.29526817	     -0.39696515	     -0.52273646	      0.06999640	      0.09813847
      0.05718024	     -0.16514241	      0.11451245	      1.00189807	     -0.18292361	      0.53826425	     -0.29596585	     -0.39881813	     -0.53053861	      0.07497203	      0.10098630
      0.05876858	     -0.16640278	      0.11754279	      1.00170728	     -0.18268348	      0.53724347	     -0.29690431	     -0.40073105	     -0.53643506	      0.07976035	      0.10374153
      0.06035692	     -0.16760947	      0.12054855	      1.00154478	     -0.18237054	      0.53622680	     -0.29806951	     -0.40268785	     -0.54082759	      0.08435782	      0.10637956
      0.06194526	     -0.16874423	      0.12353090	      1.00141204	     -0.18200648	      0.53518528	     -0.29944019	     -0.40467259	     -0.54406951	      0.08876334	      0.10888104
      0.06353359	     -0.16979528	      0.12649094	      1.00130977	     -0.18160612	      0.53409677	     -0.30099891	     -0.40666949	     -0.54642829	      0.09297761	      0.11123425
      0.06512193	     -0.17075387	      0.12942970	      1.00123833	     -0.18118081	      0.53294249	     -0.30273201	     -0.40866314	     -0.54811830	      0.09700255	      0.11343097
      0.06671027	     -0.17161641	      0.13234807	      1.00119744	     -0.18073572	      0.53170991	     -0.30463217	     -0.41063936	     -0.54926807	      0.10084122	      0.11546893
      0.06829861	     -0.17238143	      0.13524689	      1.00118664	     -0.18027348	      0.53038910	     -0.30669468	     -0.41258473	     -0.54997347	      0.10449730	      0.11734825
      0.06988695	     -0.17305056	      0.13812688	      1.00120509	     -0.17979305	      0.52897436	     -0.30891784	     -0.41448737	     -0.55029209	      0.10797511	      0.11907258
      0.07147529	     -0.17362652	      0.14098870	      1.00125186	     -0.17929210	      0.52746161	     -0.31130059	     -0.41633628	     -0.55027258	      0.11127928	      0.12064675
      0.07306363	     -0.17411352	      0.14383296	      1.00132587	     -0.17876667	      0.52584931	     -0.31384248	     -0.41812212	     -0.54995150	      0.11441471	      0.12207724
      0.07465197	     -0.17451622	      0.14666020	      1.00142601	     -0.17821229	      0.52413692	     -0.31654310	     -0.41983641	     -0.54936265	      0.11738643	      0.12337098
      0.07624031	     -0.17483994	      0.14947094	      1.00155109	     -0.17762392	      0.52232551	     -0.31940183	     -0.42147236	     -0.54853537	      0.12019944	      0.12453553
      0.07782865	     -0.17509005	      0.15226564	      1.00169995	     -0.17699652	      0.52041672	     -0.32241788	     -0.42302396	     -0.54749757	      0.12285877	      0.12557850
      0.07941699	     -0.17527185	      0.15504472	      1.00187141	     -0.17632525	      0.51841297	     -0.32559001	     -0.42448672	     -0.54627418	      0.12536928	      0.12650729
      0.08100533	     -0.17539055	      0.15780859	      1.00206435	     -0.17560555	      0.51631696	     -0.32891672	     -0.42585685	     -0.54488874	      0.12773576	      0.12732912
      0.08259367	     -0.17545099	      0.16055762	      1.00227765	     -0.17483337	      0.51413182	     -0.33239603	     -0.42713185	     -0.54336205	      0.12996278	      0.12805069
      0.08418201	     -0.17545781	      0.16329216	      1.00251026	     -0.17400501	      0.51186078	     -0.33602570	     -0.42830981	     -0.54171360	      0.13205478	      0.12867845
      0.08577035	     -0.17541521	      0.16601253	      1.00276114	     -0.17311745	      0.50950721	     -0.33980300	     -0.42938990	     -0.53996047	      0.13401593	      0.12921818
      0.08735869	     -0.17532711	      0.16871904	      1.00302931	     -0.17216803	      0.50707451	     -0.34372491	     -0.43037171	     -0.53811859	      0.13585033	      0.12967538
      0.08894703	     -0.17519701	      0.17141200	      1.00331385	     -0.17115478	      0.50456608	     -0.34778797	     -0.43125571	     -0.53620184	      0.13756179	      0.13005488
      0.09053537	     -0.17502814	      0.17409167	      1.00361385	     -0.17007606	      0.50198530	     -0.35198845	     -0.43204270	     -0.53422316	      0.13915402	      0.13036125
      0.09212371	     -0.17482342	      0.17675831	      1.00392846	     -0.16893075	      0.49933557	     -0.35632220	     -0.43273415	     -0.53219374	      0.14063053	      0.13059859
      0.09371205	     -0.17458560	      0.17941219	      1.00425685	     -0.16771801	      0.49662030	     -0.36078484	     -0.43333177	     -0.53012395	      0.14199469	      0.13077080
      0.09530039	     -0.17431715	      0.18205354	      1.00459823	     -0.16643744	      0.49384286	     -0.36537154	     -0.43383775	     -0.52802276	      0.14324969	      0.13088137
      0.09688873	     -0.17402041	      0.18468259	      1.00495184	     -0.16508888	      0.49100661	     -0.37007728	     -0.43425450	     -0.52589844	      0.14439864	      0.13093366
      0.09847707	     -0.17369746	      0.18729958	      1.00531695	     -0.16367252	      0.48811489	     -0.37489671	     -0.43458475	     -0.52375805	      0.14544446	      0.13093067
      0.10006541	     -0.17335031	      0.18990471	      1.00569286	     -0.16218872	      0.48517100	     -0.37982431	     -0.43483136	     -0.52160811	      0.14639003	      0.13087532
      0.10165375	     -0.17298082	      0.19249820	      1.00607888	     -0.16063806	      0.48217825	     -0.38485437	     -0.43499748	     -0.51945414	      0.14723805	      0.13077026
      0.10324209	     -0.17259078	      0.19508025	      1.00647435	     -0.15902123	      0.47913994	     -0.38998107	     -0.43508631	     -0.51730121	      0.14799117	      0.13061811
      0.10483043	     -0.17218185	      0.19765105	      1.00687864	     -0.15733907	      0.47605936	     -0.39519846	     -0.43510126	     -0.51515356	      0.14865194	      0.13042129
      0.10641877	     -0.17175566	      0.20021078	      1.00729113	     -0.15559247	      0.47293980	     -0.40050058	     -0.43504578	     -0.51301506	      0.14922282	      0.13018216
      0.10800711	     -0.17131378	      0.20275963	      1.00771121	     -0.15378242	      0.46978455	     -0.40588143	     -0.43492347	     -0.51088890	      0.14970621	      0.12990298
      0.10959545	     -0.17085769	      0.20529776	      1.00813830	     -0.15190992	      0.46659688	     -0.41133504	     -0.43473795	     -0.50877797	      0.15010442	      0.12958591
      0.11118379	     -0.17038886	      0.20782534	      1.00857184	     -0.14997602	      0.46338005	     -0.41685549	     -0.43449292	     -0.50668461	      0.15041971	      0.12923304
      0.11277213	     -0.16990868	      0.21034252	      1.00901127	     -0.14798174	      0.46013730	     -0.42243694	     -0.43419211	     -0.50461091	      0.15065429	      0.12884640
      0.11436047	     -0.16941853	      0.21284945	      1.00945606	     -0.14592811	      0.45687187	     -0.42807369	     -0.43383932	     -0.50255849	      0.15081029	      0.12842794
      0.11594881	     -0.16891976	      0.21534628	      1.00990569	     -0.14381613	      0.45358701	     -0.43376014	     -0.43343832	     -0.50052876	      0.15088983	      0.12797958
      0.11753715	     -0.16841367	      0.21783314	      1.01035964	     -0.14164674	      0.45028590	     -0.43949092	     -0.43299294	     -0.49852278	      0.15089496	      0.12750315
      0.11912549	     -0.16790153	      0.22031015	      1.01081743	     -0.13942088	      0.44697172	     -0.44526075	     -0.43250697	     -0.49654140	      0.15082770	      0.12700046
      0.12071383	     -0.16738455	      0.22277744	      1.01127857	     -0.13713943	      0.44364758	     -0.45106462	     -0.43198423	     -0.49458522	      0.15069004	      0.12647318
      0.12230217	     -0.16686390	      0.22523512	      1.01174262	     -0.13480329	      0.44031656	     -0.45689766	     -0.43142848	     -0.49265469	      0.15048395	      0.12592297
      0.12389051	     -0.16634067	      0.22768329	      1.01220911	     -0.13241329	      0.43698160	     -0.46275528	     -0.43084349	     -0.49075006	      0.15021136	      0.12535133
      0.12547885	     -0.16581590	      0.23012207	      1.01267762	     -0.12997029	      0.43364561	     -0.46863302	     -0.43023295	     -0.48887148	      0.14987420	      0.12475973
      0.12706719	     -0.16529052	      0.23255155	      1.01314775	     -0.12747509	      0.43031136	     -0.47452672	     -0.42960053	     -0.48701897	      0.14947437	      0.12414949
      0.12865553	     -0.16476543	      0.23497183	      1.01361909	     -0.12492854	      0.42698154	     -0.48043240	     -0.42894980	     -0.48519249	      0.14901376	      0.12352184
      0.13024387	     -0.16424138	      0.23738299	      1.01409127	     -0.12233147	      0.42365864	     -0.48634632	     -0.42828429	     -0.48339189	      0.14849423	      0.12287787
      0.13183221	     -0.16371907	      0.23978512	      1.01456393	     -0.11968473	      0.42034507	     -0.49226493	     -0.42760743	     -0.48161701	      0.14791766	      0.12221858
      0.13342055	     -0.16319907	      0.24217831	      1.01503674	     -0.11698918	      0.41704305	     -0.49818496	     -0.42692254	     -0.47986757	      0.14728588	      0.12154480
      0.13500889	     -0.16268187	      0.24456263	      1.01550937	     -0.11424572	      0.41375466	     -0.50410329	     -0.42623284	     -0.47814327	      0.14660076	      0.12085727
      0.13659723	     -0.16216787	      0.24693816	      1.01598153	     -0.11145524	      0.41048181	     -0.51001706	     -0.42554144	     -0.47644374	      0.14586411	      0.12015661
      0.13818557	     -0.16165738	      0.24930499	      1.01645293	     -0.10861865	      0.40722626	     -0.51592359	     -0.42485131	     -0.47476856	      0.14507776	      0.11944333
      0.13977391	     -0.16115063	      0.25166318	      1.01692331	     -0.10573686	      0.40398960	     -0.52182044	     -0.42416526	     -0.47311727	      0.14424351	      0.11871782
      0.14136225	     -0.16064777	      0.25401281	      1.01739241	     -0.10281079	      0.40077328	     -0.52770533	     -0.42348602	     -0.47148940	      0.14336315	      0.11798041
      0.14295059	     -0.16014886	      0.25635395	      1.01786002	     -0.09984138	      0.39757854	     -0.53357620	     -0.42281605	     -0.46988443	      0.14243847	      0.11723130
      0.14453893	     -0.15965393	      0.25868668	      1.01832591	     -0.09682958	      0.39440651	     -0.53943108	     -0.42215774	     -0.46830188	      0.14147122	      0.11647063
      0.14612727	     -0.15916288	      0.26101107	      1.01878989	     -0.09377640	      0.39125808	     -0.54526812	     -0.42151321	     -0.46674124	      0.14046315	      0.11569844
      0.14771561	     -0.15867559	      0.26332720	      1.01925179	     -0.09068287	      0.38813401	     -0.55108557	     -0.42088446	     -0.46520200	      0.13941598	      0.11491471
      0.14930395	     -0.15819186	      0.26563516	      1.01971143	     -0.08755003	      0.38503485	     -0.55688177	     -0.42027321	     -0.46368360	      0.13833139	      0.11411936
      0.15089229	     -0.15771147	      0.26793501	      1.02016868	     -0.08437894	      0.38196106	     -0.56265514	     -0.41968105	     -0.46218547	      0.13721106	      0.11331226
      0.15248063	     -0.15723414	      0.27022686	      1.02062341	     -0.08117069	      0.37891286	     -0.56840420	     -0.41910929	     -0.46070702	      0.13605663	      0.11249323
      0.15406897	     -0.15675956	      0.27251079	      1.02107548	     -0.07792634	      0.37589040	     -0.57412755	     -0.41855907	     -0.45924766	      0.13486969	      0.11166209
      0.15565731	     -0.15628742	      0.27478689	      1.02152479	     -0.07464695	      0.37289361	     -0.57982388	     -0.41803126	     -0.45780678	      0.13365182	      0.11081861
      0.15724565	     -0.15581737	      0.27705526	      1.02197126	     -0.07133359	      0.36992235	     -0.58549193	     -0.41752657	     -0.45638376	      0.13240454	      0.10996256
      0.15883399	     -0.15534907	      0.27931599	      1.02241479	     -0.06798728	      0.36697628	     -0.59113054	     -0.41704540	     -0.45497798	      0.13112934	      0.10909371
      0.16042233	     -0.15488214	      0.28156919	      1.02285531	     -0.06460906	      0.36405498	     -0.59673859	     -0.41658801	     -0.45358882	      0.12982767	      0.10821183
      0.16201067	     -0.15441624	      0.28381497	      1.02329277	     -0.06119992	      0.36115787	     -0.60231507	     -0.41615435	     -0.45221564	      0.12850093	      0.10731669
      0.16359901	     -0.15395100	      0.28605343	      1.02372711	     -0.05776086	      0.35828428	     -0.60785897	     -0.41574423	     -0.45085781	      0.12715047	      0.10640806
      0.16518735	     -0.15348605	      0.28828469	      1.02415828	     -0.05429284	      0.35543339	     -0.61336937	     -0.41535719	     -0.44951467	      0.12577760	      0.10548575
      0.16677569	     -0.15302104	      0.29050887	      1.02458625	     -0.05079682	      0.35260431	     -0.61884539	     -0.41499265	     -0.44818558	      0.12438358	      0.10454954
      0.16836403	     -0.15255562	      0.29272608	      1.02501100	     -0.04727370	      0.34979604	     -0.62428621	     -0.41464976	     -0.44686987	      0.12296961	      0.10359928
      0.16995237	     -0.15208945	      0.29493646	      1.02543251	     -0.04372438	      0.34700754	     -0.62969103	     -0.41432762	     -0.44556687	      0.12153685	      0.10263479
      0.17154071	     -0.15162222	      0.29714013	      1.02585075	     -0.04014972	      0.34423767	     -0.63505912	     -0.41402511	     -0.44427588	      0.12008637	      0.10165596
      0.17312905	     -0.15115362	      0.29933720	      1.02626573	     -0.03655055	      0.34148529	     -0.64038978	     -0.41374106	     -0.44299622	      0.11861924	      0.10066268
      0.17471739	     -0.15068338	      0.30152783	      1.02667745	     -0.03292765	      0.33874921	     -0.64568235	     -0.41347421	     -0.44172717	      0.11713640	      0.09965489
      0.17630573	     -0.15021126	      0.30371213	      1.02708589	     -0.02928177	      0.33602827	     -0.65093621	     -0.41322322	     -0.44046798	      0.11563880	      0.09863255
      0.17789407	     -0.14973703	      0.30589023	      1.02749108	     -0.02561358	      0.33332132	     -0.65615079	     -0.41298675	     -0.43921790	      0.11412728	      0.09759569
      0.17948241	     -0.14926053	      0.30806227	      1.02789301	     -0.02192373	      0.33062720	     -0.66132555	     -0.41276339	     -0.43797615	      0.11260264	      0.09654433
      0.18107075	     -0.14878161	      0.31022838	      1.02829169	     -0.01821281	      0.32794482	     -0.66645999	     -0.41255175	     -0.43674198	      0.11106564	      0.09547858
      0.18265909	     -0.14830013	      0.31238867	      1.02868713	     -0.01448139	      0.32527309	     -0.67155365	     -0.41235041	     -0.43551467	      0.10951698	      0.09439855
      0.18424743	     -0.14781599	      0.31454330	      1.02907935	     -0.01072999	      0.32261093	     -0.67660609	     -0.41215791	     -0.43429376	      0.10795733	      0.09330437
      0.18583577	     -0.14732910	      0.31669238	      1.02946834	     -0.00695912	      0.31995729	     -0.68161687	     -0.41197283	     -0.43307892	      0.10638730	      0.09219620
      0.18742411	     -0.14683936	      0.31883604	      1.02985413	     -0.00316929	      0.31731111	     -0.68658561	     -0.41179372	     -0.43187014	      0.10480752	      0.09107418
      0.18901244	     -0.14634665	      0.32097441	      1.03023672	      0.00063900	      0.31467134	     -0.69151191	     -0.41161916	     -0.43066743	      0.10321855	      0.08993843
      0.19060078	     -0.14585088	      0.32310762	      1.03061611	      0.00446527	      0.31203694	     -0.69639550	     -0.41144778	     -0.42946991	      0.10162096	      0.08878910
      0.19218912	     -0.14535196	      0.32523580	      1.03099232	      0.00830901	      0.30940695	     -0.70123616	     -0.41127826	     -0.42827589	      0.10001531	      0.08762633
      0.19377746	     -0.14484982	      0.32735906	      1.03136534	      0.01216982	      0.30678045	     -0.70603383	     -0.41110939	     -0.42708203	      0.09840213	      0.08645029
      0.19536580	     -0.14434444	      0.32947753	      1.03173517	      0.01604729	      0.30415663	     -0.71078852	     -0.41094000	     -0.42588439	      0.09678196	      0.08526118
      0.19695414	     -0.14383579	      0.33159132	      1.03210181	      0.01994108	      0.30153474	     -0.71550024	     -0.41076907	     -0.42468074	      0.09515530	      0.08405921
      0.19854248	     -0.14332387	      0.33370054	      1.03246525	      0.02385088	      0.29891408	     -0.72016888	     -0.41059562	     -0.42347076	      0.09352260	      0.08284460
      0.20013082	     -0.14280867	      0.33580532	      1.03282549	      0.02777640	      0.29629402	     -0.72479417	     -0.41041879	     -0.42225854	      0.09188429	      0.08161755
      0.20171916	     -0.14229019	      0.33790575	      1.03318253	      0.03171739	      0.29367394	     -0.72937575	     -0.41023778	     -0.42105013	      0.09024075	      0.08037829
      0.20330750	     -0.14176847	      0.34000194	      1.03353635	      0.03567364	      0.29105342	     -0.73391344	     -0.41005194	     -0.41984880	      0.08859238	      0.07912706
      0.20489584	     -0.14124362	      0.34209400	      1.03388695	      0.03964499	      0.28843210	     -0.73840728	     -0.40986074	     -0.41865464	      0.08693957	      0.07786419
      0.20648418	     -0.14071574	      0.34418202	      1.03423430	      0.04363131	      0.28580972	     -0.74285751	     -0.40966375	     -0.41746456	      0.08528271	      0.07659000
      0.20807252	     -0.14018495	      0.34626610	      1.03457837	      0.04763243	      0.28318606	     -0.74726440	     -0.40946062	     -0.41627491	      0.08362222	      0.07530478
      0.20966086	     -0.13965129	      0.34834633	      1.03491915	      0.05164814	      0.28056088	     -0.75162821	     -0.40925109	     -0.41508288	      0.08195843	      0.07400879
      0.21124920	     -0.13911478	      0.35042280	      1.03525661	      0.05567820	      0.27793395	     -0.75594908	     -0.40903492	     -0.41388685	      0.08029172	      0.07270224
      0.21283754	     -0.13857543	      0.35249562	      1.03559073	      0.05972233	      0.27530503	     -0.76022712	     -0.40881197	     -0.41268689	      0.07862239	      0.07138530
      0.21442588	     -0.13803326	      0.35456488	      1.03592151	      0.06378030	      0.27267396	     -0.76446238	     -0.40858214	     -0.41148377	      0.07695074	      0.07005816
      0.21601422	     -0.13748828	      0.35663066	      1.03624892	      0.06785186	      0.27004063	     -0.76865486	     -0.40834543	     -0.41027893	      0.07527707	      0.06872102
      0.21760256	     -0.13694054	      0.35869306	      1.03657294	      0.07193679	      0.26740495	     -0.77280460	     -0.40810187	     -0.40907371	      0.07360164	      0.06737410
      0.21919090	     -0.13639007	      0.36075216	      1.03689354	      0.07603484	      0.26476690	     -0.77691172	     -0.40785158	     -0.40786730	      0.07192473	      0.06601759
      0.22077924	     -0.13583690	      0.36280805	      1.03721071	      0.08014577	      0.26212648	     -0.78097642	     -0.40759471	     -0.40665786	      0.07024663	      0.06465171
      0.22236758	     -0.13528110	      0.36486083	      1.03752441	      0.08426937	      0.25948373	     -0.78499866	     -0.40733148	     -0.40544851	      0.06856756	      0.06327667
      0.22395592	     -0.13472258	      0.36691058	      1.03783464	      0.08840504	      0.25683852	     -0.78897825	     -0.40706205	     -0.40423467	      0.06688778	      0.06189257
      0.22554426	     -0.13416116	      0.36895743	      1.03814137	      0.09255183	      0.25419060	     -0.79291486	     -0.40678661	     -0.40300463	      0.06520757	      0.06049941
      0.22713260	     -0.13359693	      0.37100145	      1.03844458	      0.09670951	      0.25154010	     -0.79680818	     -0.40650544	     -0.40176351	      0.06352714	      0.05909744
      0.22872094	     -0.13303004	      0.37304272	      1.03874425	      0.10087821	      0.24888730	     -0.80065853	     -0.40621897	     -0.40051793	      0.06184673	      0.05768699
      0.23030928	     -0.13246055	      0.37508132	      1.03904032	      0.10505776	      0.24623234	     -0.80446645	     -0.40592754	     -0.39926517	      0.06016660	      0.05626824
      0.23189762	     -0.13188842	      0.37711734	      1.03933279	      0.10924788	      0.24357523	     -0.80823231	     -0.40563153	     -0.39800478	      0.05848697	      0.05484130
      0.23348596	     -0.13131359	      0.37915084	      1.03962161	      0.11344829	      0.24091602	     -0.81195637	     -0.40533129	     -0.39673797	      0.05680807	      0.05340625
      0.23507430	     -0.13073602	      0.38118193	      1.03990677	      0.11765867	      0.23825472	     -0.81563887	     -0.40502721	     -0.39546540	      0.05513010	      0.05196318
      0.23666264	     -0.13015565	      0.38321067	      1.04018824	      0.12187869	      0.23559139	     -0.81928011	     -0.40471967	     -0.39418651	      0.05345331	      0.05051218
      0.23825098	     -0.12957246	      0.38523716	      1.04046599	      0.12610802	      0.23292611	     -0.82288035	     -0.40440909	     -0.39290024	      0.05177789	      0.04905337
      0.23983932	     -0.12898646	      0.38726148	      1.04073999	      0.13034636	      0.23025899	     -0.82643983	     -0.40409589	     -0.39160575	      0.05010407	      0.04758691
      0.24142766	     -0.12839767	      0.38928371	      1.04101021	      0.13459339	      0.22759016	     -0.82995877	     -0.40378051	     -0.39030236	      0.04843204	      0.04611296
      0.24301600	     -0.12780611	      0.39130394	      1.04127660	      0.13884883	      0.22491979	     -0.83343734	     -0.40346340	     -0.38898950	      0.04676201	      0.04463174
      0.24460434	     -0.12721186	      0.39332225	      1.04153915	      0.14311239	      0.22224807	     -0.83687568	     -0.40314500	     -0.38766672	      0.04509416	      0.04314345
      0.24619268	     -0.12661499	      0.39533874	      1.04179780	      0.14738379	      0.21957521	     -0.84027392	     -0.40282578	     -0.38633360	      0.04342869	      0.04164835
      0.24778102	     -0.12601559	      0.39735348	      1.04205251	      0.15166276	      0.21690144	     -0.84363214	     -0.40250621	     -0.38498974	      0.04176577	      0.04014670
      0.24936936	     -0.12541375	      0.39936656	      1.04230326	      0.15594901	      0.21422701	     -0.84695040	     -0.40218673	     -0.38363477	      0.04010558	      0.03863877
      0.25095770	     -0.12480961	      0.40137808	      1.04255000	      0.16024228	      0.21155216	     -0.85022874	     -0.40186784	     -0.38226829	      0.03844830	      0.03712487
      0.25254604	     -0.12420328	      0.40338811	      1.04279268	      0.16454228	      0.20887717	     -0.85346717	     -0.40154999	     -0.38088992	      0.03679409	      0.03560531
      0.25413438	     -0.12359491	      0.40539675	      1.04303126	      0.16884875	      0.20620233	     -0.85666567	     -0.40123364	     -0.37949927	      0.03514311	      0.03408041
      0.25572272	     -0.12298465	      0.40740408	      1.04326570	      0.17316141	      0.20352794	     -0.85982419	     -0.40091928	     -0.37809596	      0.03349552	      0.03255054
      0.25731106	     -0.12237268	      0.40941021	      1.04349595	      0.17747997	      0.20085428	     -0.86294266	     -0.40060735	     -0.37667957	      0.03185147	      0.03101603
      0.25889940	     -0.12175916	      0.41141521	      1.04372198	      0.18180416	      0.19818169	     -0.86602098	     -0.40029832	     -0.37524972	      0.03021110	      0.02947728
      0.26048774	     -0.12114427	      0.41341917	      1.04394373	      0.18613371	      0.19551049	     -0.86905903	     -0.39999264	     -0.37380600	      0.02857457	      0.02793467
      0.26207608	     -0.12052822	      0.41542220	      1.04416115	      0.19046831	      0.19284100	     -0.87205665	     -0.39969077	     -0.37234801	      0.02694199	      0.02638860
      0.26366442	     -0.11991121	      0.41742438	      1.04437421	      0.19480770	      0.19017356	     -0.87501368	     -0.39939314	     -0.37087533	      0.02531350	      0.02483949
      0.26525276	     -0.11929345	      0.41942581	      1.04458284	      0.19915157	      0.18750851	     -0.87792991	     -0.39910021	     -0.36938755	      0.02368923	      0.02328776
      0.26684110	     -0.11867517	      0.42142658	      1.04478701	      0.20349964	      0.18484620	     -0.88080510	     -0.39881239	     -0.36788425	      0.02206929	      0.02173386
      0.26842944	     -0.11805658	      0.42342679	      1.04498667	      0.20785160	      0.18218699	     -0.88363902	     -0.39853013	     -0.36636501	      0.02045378	      0.02017822
      0.27001778	     -0.11743793	      0.42542653	      1.04518176	      0.21220714	      0.17953122	     -0.88643138	     -0.39825383	     -0.36482940	      0.01884282	      0.01862130
      0.27160612	     -0.11681945	      0.42742590	      1.04537225	      0.21656597	      0.17687925	     -0.88918188	     -0.39798391	     -0.36327700	      0.01723650	      0.01706358
      0.27319446	     -0.11620140	      0.42942499	      1.04555807	      0.22092776	      0.17423144	     -0.89189020	     -0.39772077	     -0.36170736	      0.01563490	      0.01550551
      0.27478280	     -0.11558401	      0.43142391	      1.04573919	      0.22529219	      0.17158814	     -0.89455599	     -0.39746481	     -0.36012005	      0.01403812	      0.01394759
      0.27637114	     -0.11496754	      0.43342275	      1.04591556	      0.22965892	      0.16894971	     -0.89717886	     -0.39721640	     -0.35851462	      0.01244622	      0.01239029
      0.27795948	     -0.11435224	      0.43542161	      1.04608712	      0.23402762	      0.16631648	     -0.89975844	     -0.39697593	     -0.35689064	      0.01085928	      0.01083410
      0.27954782	     -0.11373836	      0.43742059	      1.04625382	      0.23839793	      0.16368882	     -0.90229429	     -0.39674375	     -0.35524764	      0.00927735	      0.00927951
      0.28113616	     -0.11312618	      0.43941980	      1.04641564	      0.24276949	      0.16106706	     -0.90478598	     -0.39652023	     -0.35358518	      0.00770049	      0.00772702
      0.28272450	     -0.11251593	      0.44141932	      1.04657250	      0.24714194	      0.15845153	     -0.90723304	     -0.39630568	     -0.35190279	      0.00612873	      0.00617711
      0.28431284	     -0.11190788	      0.44341927	      1.04672438	      0.25151488	      0.15584257	     -0.90963498	     -0.39610045	     -0.35020001	      0.00456211	      0.00463030
      0.28590118	     -0.11130229	      0.44541975	      1.04687121	      0.25588793	      0.15324049	     -0.91199130	     -0.39590485	     -0.34847637	      0.00300065	      0.00308707
      0.28748952	     -0.11069941	      0.44742086	      1.04701297	      0.26026068	      0.15064560	     -0.91430147	     -0.39571917	     -0.34673140	      0.00144437	      0.00154793
      0.28907786	     -0.11009948	      0.44942271	      1.04714960	      0.26463272	      0.14805821	     -0.91656493	     -0.39554370	     -0.34496463	     -0.00010672	      0.00001337
      0.29066620	     -0.10950276	      0.45142539	      1.04728106	      0.26900360	      0.14547860	     -0.91878113	     -0.39537871	     -0.34317556	     -0.00165263	     -0.00151612
      0.29225454	     -0.10890948	      0.45342902	      1.04740731	      0.27337288	      0.14290705	     -0.92094945	     -0.39522446	     -0.34136371	     -0.00319337	     -0.00304005
      0.29384288	     -0.10831989	      0.45543370	      1.04752830	      0.27774011	      0.14034382	     -0.92306931	     -0.39508118	     -0.33952860	     -0.00472896	     -0.00455794
      0.29543122	     -0.10773422	      0.45743953	      1.04764400	      0.28210480	      0.13778917	     -0.92514007	     -0.39494911	     -0.33766973	     -0.00625945	     -0.00606931
      0.29701956	     -0.10715270	      0.45944664	      1.04775437	      0.28646646	      0.13524332	     -0.92716107	     -0.39482844	     -0.33578659	     -0.00778488	     -0.00757368
      0.29860790	     -0.10657555	      0.46145511	      1.04785937	      0.29082460	      0.13270652	     -0.92913165	     -0.39471936	     -0.33387869	     -0.00930530	     -0.00907058
      0.30019624	     -0.10600301	      0.46346506	      1.04795896	      0.29517871	      0.13017897	     -0.93105114	     -0.39462205	     -0.33194551	     -0.01082079	     -0.01055952
      0.30178458	     -0.10543530	      0.46547660	      1.04805310	      0.29952828	      0.12766089	     -0.93291881	     -0.39453667	     -0.32998655	     -0.01233141	     -0.01204003
      0.30337292	     -0.10487264	      0.46748984	      1.04814175	      0.30387277	      0.12515248	     -0.93473397	     -0.39446334	     -0.32800128	     -0.01383727	     -0.01351163
      0.30496126	     -0.10431528	      0.46950489	      1.04822489	      0.30821166	      0.12265393	     -0.93649587	     -0.39440219	     -0.32598919	     -0.01533846	     -0.01497383
      0.30654960	     -0.10376344	      0.47152186	      1.04830247	      0.31254443	      0.12016543	     -0.93820376	     -0.39435331	     -0.32394974	     -0.01683510	     -0.01642614
      0.30813794	     -0.10321734	      0.47354085	      1.04837446	      0.31687051	      0.11768716	     -0.93985686	     -0.39431680	     -0.32188240	     -0.01832731	     -0.01786809
      0.30972628	     -0.10267721	      0.47556199	      1.04844083	      0.32118935	      0.11521928	     -0.94145441	     -0.39429272	     -0.31978665	     -0.01981524	     -0.01929919
      0.31131462	     -0.10214328	      0.47758537	      1.04850155	      0.32550040	      0.11276193	     -0.94299558	     -0.39428110	     -0.31766194	     -0.02129903	     -0.02071897
      0.31290296	     -0.10161575	      0.47961112	      1.04855657	      0.32980306	      0.11031526	     -0.94447957	     -0.39428199	     -0.31550774	     -0.02277886	     -0.02212695
      0.31449130	     -0.10109483	      0.48163934	      1.04860588	      0.33409673	      0.10787938	     -0.94590553	     -0.39429537	     -0.31332350	     -0.02425489	     -0.02352268
      0.31607963	     -0.10058072	      0.48367014	      1.04864945	      0.33838080	      0.10545437	     -0.94727260	     -0.39432125	     -0.31110868	     -0.02572733	     -0.02490572
      0.31766797	     -0.10007359	      0.48570364	      1.04868724	      0.34265463	      0.10304031	     -0.94857991	     -0.39435958	     -0.30886273	     -0.02719638	     -0.02627563
      0.31925631	     -0.09957363	      0.48773995	      1.04871925	      0.34691757	      0.10063726	     -0.94982656	     -0.39441030	     -0.30658510	     -0.02866226	     -0.02763198
      0.32084465	     -0.09908099	      0.48977918	      1.04874543	      0.35116894	      0.09824525	     -0.95101162	     -0.39447331	     -0.30427524	     -0.03012521	     -0.02897436
      0.32243299	     -0.09859586	      0.49182145	      1.04876577	      0.35540807	      0.09586427	     -0.95213416	     -0.39454850	     -0.30193260	     -0.03158548	     -0.03030235
      0.32402133	     -0.09811837	      0.49386687	      1.04878026	      0.35963424	      0.09349433	     -0.95319321	     -0.39463573	     -0.29955662	     -0.03304334	     -0.03161555
      0.32560967	     -0.09764867	      0.49591556	      1.04878887	      0.36384674	      0.09113538	     -0.95418779	     -0.39473481	     -0.29714676	     -0.03449907	     -0.03291356
      0.32719801	     -0.09718691	      0.49796762	      1.04879158	      0.36804482	      0.08878738	     -0.95511686	     -0.39484555	     -0.29470247	     -0.03595298	     -0.03419599
      0.32878635	     -0.09673322	      0.50002319	      1.04878839	      0.37222774	      0.08645025	     -0.95597941	     -0.39496772	     -0.29222318	     -0.03740537	     -0.03546244
      0.33037469	     -0.09628774	      0.50208237	      1.04877927	      0.37639471	      0.08412389	     -0.95677435	     -0.39510104	     -0.28970836	     -0.03885659	     -0.03671253
      0.33196303	     -0.09585059	      0.50414528	      1.04876422	      0.38054496	      0.08180819	     -0.95750059	     -0.39524524	     -0.28715747	     -0.04030697	     -0.03794589
      0.33355137	     -0.09542189	      0.50621205	      1.04874322	      0.38467769	      0.07950303	     -0.95815700	     -0.39539999	     -0.28456996	     -0.04175688	     -0.03916212
      0.33513971	     -0.09500177	      0.50828278	      1.04871626	      0.38879208	      0.07720827	     -0.95874242	     -0.39556495	     -0.28194530	     -0.04320669	     -0.04036085
      0.33672805	     -0.09459035	      0.51035760	      1.04868335	      0.39288732	      0.07492375	     -0.95925566	     -0.39573974	     -0.27928297	     -0.04465682	     -0.04154171
      0.33831639	     -0.09418776	      0.51243663	      1.04864446	      0.39696256	      0.07264931	     -0.95969550	     -0.39592398	     -0.27658246	     -0.04610768	     -0.04270430
      0.33990473	     -0.09379413	      0.51451999	      1.04859959	      0.40101699	      0.07038478	     -0.96006067	     -0.39611723	     -0.27384325	     -0.04755969	     -0.04384823
      0.34149307	     -0.09340960	      0.51660779	      1.04854875	      0.40504974	      0.06812999	     -0.96034986	     -0.39631905	     -0.27106486	     -0.04901331	     -0.04497310
      0.34308141	     -0.09303431	      0.51870015	      1.04849191	      0.40905997	      0.06588476	     -0.96056172	     -0.39652894	     -0.26824681	     -0.05046902	     -0.04607851
      0.34466975	     -0.09266842	      0.52079721	      1.04842909	      0.41304683	      0.06364889	     -0.96069487	     -0.39674641	     -0.26538863	     -0.05192730	     -0.04716402
      0.34625809	     -0.09231209	      0.52289907	      1.04836028	      0.41700945	      0.06142221	     -0.96074787	     -0.39697091	     -0.26248988	     -0.05338866	     -0.04822922
      0.34784643	     -0.09196549	      0.52500585	      1.04828547	      0.42094696	      0.05920451	     -0.96071924	     -0.39720187	     -0.25955014	     -0.05485363	     -0.04927366
      0.34943477	     -0.09162880	      0.52711769	      1.04820466	      0.42485848	      0.05699560	     -0.96060741	     -0.39743868	     -0.25656902	     -0.05632277	     -0.05029687
      0.35102311	     -0.09130220	      0.52923470	      1.04811786	      0.42874313	      0.05479528	     -0.96041082	     -0.39768073	     -0.25354615	     -0.05779663	     -0.05129839
      0.35261145	     -0.09098591	      0.53135701	      1.04802507	      0.43260001	      0.05260332	     -0.96012779	     -0.39792733	     -0.25048118	     -0.05927582	     -0.05227774
      0.35419979	     -0.09068012	      0.53348473	      1.04792629	      0.43642822	      0.05041953	     -0.95975662	     -0.39817779	     -0.24737381	     -0.06076094	     -0.05323443
      0.35578813	     -0.09038506	      0.53561801	      1.04782152	      0.44022683	      0.04824367	     -0.95929552	     -0.39843138	     -0.24422379	     -0.06225263	     -0.05416793
      0.35737647	     -0.09010096	      0.53775695	      1.04771076	      0.44399492	      0.04607554	     -0.95874267	     -0.39868734	     -0.24103088	     -0.06375153	     -0.05507772
      0.35896481	     -0.08982807	      0.53990168	      1.04759403	      0.44773158	      0.04391492	     -0.95809616	     -0.39894486	     -0.23779493	     -0.06525834	     -0.05596325
      0.36055315	     -0.08956665	      0.54205234	      1.04747132	      0.45143585	      0.04176158	     -0.95735404	     -0.39920311	     -0.23451581	     -0.06677374	     -0.05682395
      0.36214149	     -0.08931698	      0.54420905	      1.04734265	      0.45510679	      0.03961531	     -0.95651426	     -0.39946124	     -0.23119347	     -0.06829846	     -0.05765924
      0.36372983	     -0.08907935	      0.54637194	      1.04720802	      0.45874347	      0.03747590	     -0.95557475	     -0.39971836	     -0.22782790	     -0.06983324	     -0.05846850
      0.36531817	     -0.08885407	      0.54854114	      1.04706743	      0.46234491	      0.03534313	     -0.95453335	     -0.39997353	     -0.22441921	     -0.07137884	     -0.05925111
      0.36690651	     -0.08864147	      0.55071678	      1.04692091	      0.46591018	      0.03321679	     -0.95338787	     -0.40022580	     -0.22096754	     -0.07293605	     -0.06000642
      0.36849485	     -0.08844189	      0.55289898	      1.04676845	      0.46943830	      0.03109669	     -0.95213603	     -0.40047419	     -0.21747315	     -0.07450568	     -0.06073374
      0.37008319	     -0.08825568	      0.55508788	      1.04661007	      0.47292831	      0.02898261	     -0.95077554	     -0.40071767	     -0.21393636	     -0.07608855	     -0.06143240
      0.37167153	     -0.08808322	      0.55728362	      1.04644578	      0.47637925	      0.02687436	     -0.94930402	     -0.40095521	     -0.21035765	     -0.07768552	     -0.06210166
      0.37325987	     -0.08792490	      0.55948632	      1.04627558	      0.47979015	      0.02477173	     -0.94771911	     -0.40118573	     -0.20673754	     -0.07929746	     -0.06274080
      0.37484821	     -0.08778111	      0.56169612	      1.04609950	      0.48316004	      0.02267455	     -0.94601837	     -0.40140811	     -0.20307674	     -0.08092527	     -0.06334907
      0.37643655	     -0.08765228	      0.56391316	      1.04591754	      0.48648796	      0.02058259	     -0.94419936	     -0.40162123	     -0.19937602	     -0.08256986	     -0.06392570
      0.37802489	     -0.08753882	      0.56613756	      1.04572972	      0.48977292	      0.01849568	     -0.94225964	     -0.40182392	     -0.19563636	     -0.08423218	     -0.06446989
      0.37961323	     -0.08744116	      0.56836947	      1.04553605	      0.49301396	      0.01641359	     -0.94019675	     -0.40201499	     -0.19185882	     -0.08591317	     -0.06498087
      0.38120157	     -0.08735974	      0.57060902	      1.04533655	      0.49621011	      0.01433613	     -0.93800825	     -0.40219321	     -0.18804466	     -0.08761382	     -0.06545781
      0.38278991	     -0.08729501	      0.57285636	      1.04513123	      0.49936041	      0.01226307	     -0.93569173	     -0.40235735	     -0.18419526	     -0.08933513	     -0.06589992
      0.38437825	     -0.08724740	      0.57511161	      1.04492011	      0.50246388	      0.01019418	     -0.93324481	     -0.40250612	     -0.18031220	     -0.09107811	     -0.06630636
      0.38596659	     -0.08721736	      0.57737493	      1.04470321	      0.50551957	      0.00812922	     -0.93066516	     -0.40263822	     -0.17639719	     -0.09284380	     -0.06667632
      0.38755493	     -0.08720533	      0.57964644	      1.04448055	      0.50852652	      0.00606794	     -0.92795054	     -0.40275233	     -0.17245217	     -0.09463327	     -0.06700896
      0.38914327	     -0.08721175	      0.58192631	      1.04425214	      0.51148379	      0.00401008	     -0.92509876	     -0.40284709	     -0.16847915	     -0.09644759	     -0.06730347
      0.39073161	     -0.08723706	      0.58421466	      1.04401802	      0.51439044	      0.00195535	     -0.92210777	     -0.40292113	     -0.16448042	     -0.09828784	     -0.06755901
      0.39231995	     -0.08728170	      0.58651164	      1.04377819	      0.51724553	     -0.00009655	     -0.91897560	     -0.40297304	     -0.16045832	     -0.10015515	     -0.06777477
      0.39390829	     -0.08734607	      0.58881741	      1.04353269	      0.52004817	     -0.00214594	     -0.91570042	     -0.40300141	     -0.15641543	     -0.10205065	     -0.06794993
      0.39549663	     -0.08743061	      0.59113210	      1.04328153	      0.52279745	     -0.00419314	     -0.91228053	     -0.40300479	     -0.15235442	     -0.10397548	     -0.06808368
      0.39708497	     -0.08753572	      0.59345586	      1.04302475	      0.52549251	     -0.00623851	     -0.90871442	     -0.40298172	     -0.14827813	     -0.10593080	     -0.06817520
      0.39867331	     -0.08766180	      0.59578886	      1.04276236	      0.52813247	     -0.00828241	     -0.90500068	     -0.40293073	     -0.14418950	     -0.10791780	     -0.06822369
      0.40026165	     -0.08780925	      0.59813122	      1.04249439	      0.53071652	     -0.01032523	     -0.90113814	     -0.40285032	     -0.14009162	     -0.10993765	     -0.06822835
      0.40184999	     -0.08797846	      0.60048312	      1.04222087	      0.53324382	     -0.01236736	     -0.89712576	     -0.40273898	     -0.13598764	     -0.11199158	     -0.06818839
      0.40343833	     -0.08816980	      0.60284470	      1.04194182	      0.53571360	     -0.01440922	     -0.89296272	     -0.40259518	     -0.13188088	     -0.11408079	     -0.06810303
      0.40502667	     -0.08838363	      0.60521612	      1.04165727	      0.53812508	     -0.01645123	     -0.88864833	     -0.40241742	     -0.12777470	     -0.11620651	     -0.06797147
      0.40661501	     -0.08862032	      0.60759753	      1.04136725	      0.54047754	     -0.01849384	     -0.88418217	     -0.40220414	     -0.12367256	     -0.11836997	     -0.06779294
      0.40820335	     -0.08888021	      0.60998910	      1.04107180	      0.54277024	     -0.02053750	     -0.87956390	     -0.40195380	     -0.11957802	     -0.12057243	     -0.06756668
      0.40979169	     -0.08916363	      0.61239099	      1.04077092	      0.54500249	     -0.02258268	     -0.87479346	     -0.40166487	     -0.11549471	     -0.12281513	     -0.06729194
      0.41138003	     -0.08947090	      0.61480336	      1.04046467	      0.54717362	     -0.02462988	     -0.86987088	     -0.40133579	     -0.11142634	     -0.12509934	     -0.06696796
      0.41296837	     -0.08980234	      0.61722637	      1.04015307	      0.54928297	     -0.02667960	     -0.86479641	     -0.40096502	     -0.10737668	     -0.12742630	     -0.06659401
      0.41455671	     -0.09015822	      0.61966018	      1.03983615	      0.55132991	     -0.02873234	     -0.85957043	     -0.40055102	     -0.10334957	     -0.12979730	     -0.06616937
      0.41614505	     -0.09053881	      0.62210496	      1.03951395	      0.55331381	     -0.03078867	     -0.85419350	     -0.40009226	     -0.09934892	     -0.13221360	     -0.06569336
      0.41773339	     -0.09094437	      0.62456089	      1.03918651	      0.55523406	     -0.03284913	     -0.84866628	     -0.39958721	     -0.09537869	     -0.13467647	     -0.06516529
      0.41932173	     -0.09137509	      0.62702812	      1.03885385	      0.55709008	     -0.03491430	     -0.84298961	     -0.39903436	     -0.09144286	     -0.13718719	     -0.06458452
      0.42091007	     -0.09183118	      0.62950683	      1.03851602	      0.55888127	     -0.03698479	     -0.83716442	     -0.39843223	     -0.08754545	     -0.13974704	     -0.06395043
      0.42249841	     -0.09231277	      0.63199718	      1.03817306	      0.56060706	     -0.03906122	     -0.83119182	     -0.39777934	     -0.08369042	     -0.14235730	     -0.06326246
      0.42408675	     -0.09282000	      0.63449935	      1.03782500	      0.56226688	     -0.04114425	     -0.82507299	     -0.39707425	     -0.07988164	     -0.14501924	     -0.06252007
      0.42567509	     -0.09335293	      0.63701350	      1.03747190	      0.56386017	     -0.04323455	     -0.81880927	     -0.39631556	     -0.07612297	     -0.14773417	     -0.06172278
      0.42726343	     -0.09391160	      0.63953980	      1.03711380	      0.56538639	     -0.04533282	     -0.81240207	     -0.39550190	     -0.07241828	     -0.15050337	     -0.06087013
      0.42885177	     -0.09449601	      0.64207841	      1.03675073	      0.56684502	     -0.04743977	     -0.80585299	     -0.39463198	     -0.06877151	     -0.15332815	     -0.05996176
      0.43044011	     -0.09510610	      0.64462951	      1.03638275	      0.56823555	     -0.04955610	     -0.79916369	     -0.39370453	     -0.06518660	     -0.15620981	     -0.05899730
      0.43202845	     -0.09574178	      0.64719326	      1.03600990	      0.56955749	     -0.05168257	     -0.79233605	     -0.39271840	     -0.06166623	     -0.15914970	     -0.05797651
      0.43361679	     -0.09640299	      0.64976981	      1.03563221	      0.57081065	     -0.05381977	     -0.78537234	     -0.39167253	     -0.05821702	     -0.16214910	     -0.05689905
      0.43520513	     -0.09708981	      0.65235928	      1.03524970	      0.57199545	     -0.05596804	     -0.77827584	     -0.39056611	     -0.05484943	     -0.16520929	     -0.05576452
      0.43679347	     -0.09780210	      0.65496184	      1.03486240	      0.57311194	     -0.05812797	     -0.77104981	     -0.38939831	     -0.05156686	     -0.16833157	     -0.05457270
      0.43838181	     -0.09853955	      0.65757763	      1.03447035	      0.57415988	     -0.06030027	     -0.76369742	     -0.38816841	     -0.04836870	     -0.17151731	     -0.05332361
      0.43997015	     -0.09930182	      0.66020678	      1.03407357	      0.57513919	     -0.06248558	     -0.75622200	     -0.38687581	     -0.04525623	     -0.17476788	     -0.05201728
      0.44155848	     -0.10008851	      0.66284944	      1.03367210	      0.57604984	     -0.06468451	     -0.74862713	     -0.38552014	     -0.04223137	     -0.17808472	     -0.05065386
      0.44314682	     -0.10089919	      0.66550573	      1.03326598	      0.57689187	     -0.06689759	     -0.74091648	     -0.38410117	     -0.03929731	     -0.18146926	     -0.04923352
      0.44473516	     -0.10173342	      0.66817575	      1.03285523	      0.57766551	     -0.06912518	     -0.73309402	     -0.38261898	     -0.03646006	     -0.18492302	     -0.04775651
      0.44632350	     -0.10259074	      0.67085962	      1.03243989	      0.57837108	     -0.07136760	     -0.72516391	     -0.38107383	     -0.03372673	     -0.18844753	     -0.04622311
      0.44791184	     -0.10347052	      0.67355742	      1.03201999	      0.57900885	     -0.07362511	     -0.71713069	     -0.37946623	     -0.03110226	     -0.19204440	     -0.04463380
      0.44950018	     -0.10437202	      0.67626924	      1.03159555	      0.57957900	     -0.07589806	     -0.70899913	     -0.37779688	     -0.02858919	     -0.19571526	     -0.04298920
      0.45108852	     -0.10529437	      0.67899518	      1.03116663	      0.58008167	     -0.07818672	     -0.70077432	     -0.37606678	     -0.02618765	     -0.19946185	     -0.04129013
      0.45267686	     -0.10623658	      0.68173531	      1.03073326	      0.58051695	     -0.08049140	     -0.69246146	     -0.37427710	     -0.02389728	     -0.20328592	     -0.03953752
      0.45426520	     -0.10719754	      0.68448969	      1.03029548	      0.58088489	     -0.08281228	     -0.68406595	     -0.37242940	     -0.02171799	     -0.20718932	     -0.03773252
      0.45585354	     -0.10817607	      0.68725838	      1.02985335	      0.58118553	     -0.08514952	     -0.67559325	     -0.37052546	     -0.01965028	     -0.21117394	     -0.03587634
      0.45744188	     -0.10917083	      0.69004143	      1.02940692	      0.58141884	     -0.08750319	     -0.66704899	     -0.36856743	     -0.01769499	     -0.21524175	     -0.03397044
      0.45903022	     -0.11018042	      0.69283886	      1.02895625	      0.58158472	     -0.08987331	     -0.65843884	     -0.36655769	     -0.01585291	     -0.21939475	     -0.03201635
      0.46061856	     -0.11120326	      0.69565070	      1.02850141	      0.58168295	     -0.09225984	     -0.64976854	     -0.36449903	     -0.01412452	     -0.22363499	     -0.03001587
      0.46220690	     -0.11223768	      0.69847697	      1.02804246	      0.58171322	     -0.09466269	     -0.64104386	     -0.36239444	     -0.01251011	     -0.22796457	     -0.02797089
      0.46379524	     -0.11328187	      0.70131767	      1.02757949	      0.58167503	     -0.09708170	     -0.63227053	     -0.36024732	     -0.01100957	     -0.23238563	     -0.02588352
      0.46538358	     -0.11433389	      0.70417279	      1.02711258	      0.58156773	     -0.09951673	     -0.62345425	     -0.35806125	     -0.00962259	     -0.23690032	     -0.02375603
      0.46697192	     -0.11539153	      0.70704232	      1.02664183	      0.58139032	     -0.10196771	     -0.61460051	     -0.35584015	     -0.00834855	     -0.24151085	     -0.02159107
      0.46856026	     -0.11645245	      0.70992624	      1.02616735	      0.58114158	     -0.10443462	     -0.60571473	     -0.35358809	     -0.00718666	     -0.24621944	     -0.01939140
      0.47014860	     -0.11751417	      0.71282451	      1.02568926	      0.58081999	     -0.10691740	     -0.59680199	     -0.35130946	     -0.00613577	     -0.25102831	     -0.01716004
      0.47173694	     -0.11857409	      0.71573712	      1.02520769	      0.58042385	     -0.10941602	     -0.58786719	     -0.34900877	     -0.00519453	     -0.25593970	     -0.01490010
      0.47332528	     -0.11962959	      0.71866401	      1.02472277	      0.57995120	     -0.11193034	     -0.57891484	     -0.34669081	     -0.00436118	     -0.26095583	     -0.01261477
      0.47491362	     -0.12067795	      0.72160515	      1.02423461	      0.57939986	     -0.11446019	     -0.56994913	     -0.34436049	     -0.00363366	     -0.26607889	     -0.01030734
      0.47650196	     -0.12171637	      0.72456048	      1.02374337	      0.57876727	     -0.11700542	     -0.56097375	     -0.34202298	     -0.00300928	     -0.27131105	     -0.00798127
      0.47809030	     -0.12274210	      0.72752994	      1.02324915	      0.57805082	     -0.11956567	     -0.55199207	     -0.33968359	     -0.00248497	     -0.27665440	     -0.00563990
      0.47967864	     -0.12375286	      0.73051346	      1.02275206	      0.57724808	     -0.12213994	     -0.54300689	     -0.33734796	     -0.00205659	     -0.28211090	     -0.00328611
      0.48126698	     -0.12474658	      0.73351097	      1.02225215	      0.57635674	     -0.12472687	     -0.53402074	     -0.33502193	     -0.00171935	     -0.28768245	     -0.00092248
      0.48285532	     -0.12572177	      0.73652236	      1.02174944	      0.57537473	     -0.12732435	     -0.52503563	     -0.33271165	     -0.00146670	     -0.29337075	      0.00144901
      0.48444366	     -0.12667721	      0.73954753	      1.02124392	      0.57430019	     -0.12992987	     -0.51605333	     -0.33042341	     -0.00129103	     -0.29917741	      0.00382672
      0.48603200	     -0.12761226	      0.74258636	      1.02073551	      0.57313158	     -0.13254019	     -0.50707537	     -0.32816377	     -0.00118218	     -0.30510386	      0.00620968
      0.48762034	     -0.12852669	      0.74563870	      1.02022412	      0.57186765	     -0.13515154	     -0.49810328	     -0.32593943	     -0.00112854	     -0.31115138	      0.00859734
      0.48920868	     -0.12942098	      0.74870443	      1.01970958	      0.57050779	     -0.13775932	     -0.48913894	     -0.32375726	     -0.00111552	     -0.31732105	      0.01099003
      0.49079702	     -0.13029567	      0.75178337	      1.01919172	      0.56905129	     -0.14035890	     -0.48018452	     -0.32162408	     -0.00112700	     -0.32361388	      0.01338812
      0.49238536	     -0.13115076	      0.75487538	      1.01867040	      0.56749674	     -0.14294634	     -0.47124351	     -0.31954645	     -0.00114466	     -0.33003091	      0.01579130
      0.49397370	     -0.13198632	      0.75798030	      1.01814548	      0.56584288	     -0.14551766	     -0.46232055	     -0.31753083	     -0.00114964	     -0.33657310	      0.01819936
      0.49556204	     -0.13280318	      0.76109796	      1.01761677	      0.56408967	     -0.14806815	     -0.45342463	     -0.31558359	     -0.00112386	     -0.34324123	      0.02061300
      0.49715038	     -0.13360160	      0.76422818	      1.01708411	      0.56223678	     -0.15059385	     -0.44456776	     -0.31371078	     -0.00105043	     -0.35003621	      0.02303223
      0.49873872	     -0.13437952	      0.76737076	      1.01654759	      0.56028258	     -0.15309364	     -0.43577166	     -0.31191755	     -0.00091718	     -0.35695935	      0.02545414
      0.50032706	     -0.13513464	      0.77052546	      1.01600730	      0.55822624	     -0.15556669	     -0.42706510	     -0.31020882	     -0.00071562	     -0.36401199	      0.02787550
      0.50191540	     -0.13586580	      0.77369199	      1.01546333	      0.55607075	     -0.15801097	     -0.41849452	     -0.30858948	     -0.00044229	     -0.37119546	      0.03029427
      0.50350374	     -0.13657142	      0.77686997	      1.01491583	      0.55382009	     -0.16042495	     -0.41011645	     -0.30706405	     -0.00009419	     -0.37851128	      0.03270782
      0.50509208	     -0.13724755	      0.78005897	      1.01436527	      0.55147760	     -0.16281004	     -0.40200397	     -0.30563590	      0.00033768	     -0.38596190	      0.03511044
      0.50668042	     -0.13788991	      0.78325856	      1.01381217	      0.54904647	     -0.16516816	     -0.39423478	     -0.30430792	      0.00086790	     -0.39355006	      0.03749600
      0.50826876	     -0.13849840	      0.78646795	      1.01325700	      0.54653958	     -0.16749598	     -0.38691930	     -0.30308391	      0.00148356	     -0.40127877	      0.03986273
      0.50985710	     -0.13907602	      0.78968606	      1.01270023	      0.54397970	     -0.16978585	     -0.38020451	     -0.30196889	      0.00213178	     -0.40915116	      0.04221185
      0.51144544	     -0.13963500	      0.79291080	      1.01214230	      0.54141701	     -0.17201717	     -0.37433646	     -0.30097167	      0.00274094	     -0.41717135	      0.04455344
      0.51303378	     -0.14019524	      0.79613948	      1.01158358	      0.53891888	     -0.17415913	     -0.36961451	     -0.30010368	      0.00328978	     -0.42534410	      0.04690546
      0.51462212	     -0.14078786	      0.79936892	      1.01102450	      0.53656020	     -0.17616718	     -0.36632138	     -0.29937768	      0.00398928	     -0.43367790	      0.04929837
      0.51621046	     -0.14144541	      0.80259594	      1.01046591	      0.53440341	     -0.17799570	     -0.36466521	     -0.29880480	      0.00519671	     -0.44218478	      0.05176448
      0.51779880	     -0.14219489	      0.80581771	      1.00990976	      0.53247295	     -0.17960724	     -0.36464939	     -0.29839039	      0.00735160	     -0.45088365	      0.05433011
      0.51938714	     -0.14304278	      0.80903300	      1.00935946	      0.53071140	     -0.18099314	     -0.36587389	     -0.29812760	      0.01126718	     -0.45980070	      0.05700048
      0.52097548	     -0.14397080	      0.81224168	      1.00881989	      0.52898758	     -0.18217720	     -0.36750296	     -0.29799869	      0.01712090	     -0.46896608	      0.05975347
      0.52256382	     -0.14497453	      0.81544151	      1.00829474	      0.52725799	     -0.18316159	     -0.36908931	     -0.29799734	      0.02398308	     -0.47840068	      0.06257900
      0.52415216	     -0.14605224	      0.81862929	      1.00778667	      0.52555093	     -0.18394336	     -0.37061978	     -0.29812211	      0.03114079	     -0.48811468	      0.06546790
      0.52574050	     -0.14719695	      0.82180227	      1.00729833	      0.52388571	     -0.18452736	     -0.37208151	     -0.29836865	      0.03833878	     -0.49811532	      0.06840578
      0.52732884	     -0.14840191	      0.82495798	      1.00683190	      0.52228628	     -0.18491915	     -0.37351508	     -0.29873382	      0.04544147	     -0.50839498	      0.07137921
      0.52891718	     -0.14965782	      0.82809427	      1.00638945	      0.52076933	     -0.18512809	     -0.37495064	     -0.29921541	      0.05238792	     -0.51892685	      0.07437237
      0.53050552	     -0.15095413	      0.83120913	      1.00597233	      0.51934635	     -0.18516361	     -0.37642223	     -0.29983125	      0.05913773	     -0.52953990	      0.07736822
      0.53209386	     -0.15228204	      0.83430055	      1.00558117	      0.51802781	     -0.18503193	     -0.37795794	     -0.30061489	      0.06567590	     -0.53997413	      0.08035176
      0.53368220	     -0.15363521	      0.83736674	      1.00521563	      0.51682136	     -0.18473827	     -0.37958004	     -0.30159975	      0.07199330	     -0.54981001	      0.08331142
      0.53527054	     -0.15500534	      0.84040621	      1.00487530	      0.51572868	     -0.18429261	     -0.38130385	     -0.30280550	      0.07808958	     -0.55845951	      0.08623397
      0.53685888	     -0.15637292	      0.84341878	      1.00456131	      0.51472959	     -0.18371745	     -0.38312964	     -0.30423415	      0.08396219	     -0.56553363	      0.08909555
      0.53844722	     -0.15771246	      0.84640514	      1.00427584	      0.51379199	     -0.18304070	     -0.38504860	     -0.30588050	      0.08960977	     -0.57109401	      0.09186697
      0.54003556	     -0.15900042	      0.84936656	      1.00402103	      0.51288114	     -0.18228972	     -0.38704497	     -0.30772597	      0.09503151	     -0.57552306	      0.09452279
      0.54162390	     -0.16021766	      0.85230427	      1.00379834	      0.51196663	     -0.18148804	     -0.38910227	     -0.30975103	      0.10022915	     -0.57910497	      0.09704274
      0.54321224	     -0.16135122	      0.85521944	      1.00360843	      0.51102393	     -0.18065223	     -0.39120314	     -0.31194245	      0.10520569	     -0.58202040	      0.09941383
      0.54480058	     -0.16239125	      0.85811318	      1.00345156	      0.51003184	     -0.17979509	     -0.39333016	     -0.31429101	      0.10996531	     -0.58440458	      0.10162669
      0.54638892	     -0.16333350	      0.86098648	      1.00332736	      0.50897552	     -0.17892269	     -0.39546670	     -0.31679256	      0.11451294	     -0.58633536	      0.10367849
      0.54797726	     -0.16417578	      0.86384029	      1.00323522	      0.50784262	     -0.17803870	     -0.39759665	     -0.31944442	      0.11885412	     -0.58787522	      0.10556875
      0.54956560	     -0.16491884	      0.86667547	      1.00317422	      0.50662475	     -0.17714329	     -0.39970535	     -0.32224564	      0.12299483	     -0.58906682	      0.10730033
      0.55115394	     -0.16556460	      0.86949281	      1.00314333	      0.50531525	     -0.17623533	     -0.40177903	     -0.32519571	      0.12694135	     -0.58994809	      0.10887733
      0.55274228	     -0.16611675	      0.87229302	      1.00314135	      0.50391047	     -0.17531158	     -0.40380581	     -0.32829461	      0.13069999	     -0.59054938	      0.11030585
      0.55433062	     -0.16657962	      0.87507676	      1.00316701	      0.50240802	     -0.17436812	     -0.40577479	     -0.33154242	      0.13427712	     -0.59089860	      0.11159261
      0.55591896	     -0.16695848	      0.87784461	      1.00321901	      0.50080760	     -0.17340001	     -0.40767702	     -0.33493918	      0.13767892	     -0.59101962	      0.11274530
      0.55750730	     -0.16725876	      0.88059711	      1.00329602	      0.49910967	     -0.17240216	     -0.40950449	     -0.33848479	      0.14091146	     -0.59093483	      0.11377173
      0.55909564	     -0.16748596	      0.88333476	      1.00339674	      0.49731578	     -0.17136952	     -0.41125092	     -0.34217879	      0.14398053	     -0.59066395	      0.11467963
      0.56068398	     -0.16764554	      0.88605800	      1.00351987	      0.49542792	     -0.17029716	     -0.41291083	     -0.34602045	      0.14689175	     -0.59022560	      0.11547664
      0.56227232	     -0.16774280	      0.88876725	      1.00366418	      0.49344879	     -0.16918046	     -0.41448029	     -0.35000857	      0.14965032	     -0.58963636	      0.11617009
      0.56386066	     -0.16778288	      0.89146288	      1.00382847	      0.49138136	     -0.16801506	     -0.41595599	     -0.35414167	      0.15226130	     -0.58891190	      0.11676707
      0.56544900	     -0.16777046	      0.89414524	      1.00401160	      0.48922879	     -0.16679729	     -0.41733587	     -0.35841764	      0.15472932	     -0.58806626	      0.11727403
      0.56703733	     -0.16770998	      0.89681467	      1.00421247	      0.48699431	     -0.16552388	     -0.41861837	     -0.36283403	      0.15705886	     -0.58711277	      0.11769707
      0.56862567	     -0.16760534	      0.89947148	      1.00443008	      0.48468119	     -0.16419231	     -0.41980289	     -0.36738777	      0.15925402	     -0.58606333	      0.11804162
      0.57021401	     -0.16746026	      0.90211595	      1.00466342	      0.48229271	     -0.16280038	     -0.42088927	     -0.37207550	      0.16131876	     -0.58492921	      0.11831280
      0.57180235	     -0.16727808	      0.90474836	      1.00491159	      0.47983224	     -0.16134644	     -0.42187806	     -0.37689332	      0.16325671	     -0.58372047	      0.11851527
      0.57339069	     -0.16706196	      0.90736896	      1.00517370	      0.47730314	     -0.15982913	     -0.42277016	     -0.38183711	      0.16507134	     -0.58244661	      0.11865342
      0.57497903	     -0.16681470	      0.90997801	      1.00544891	      0.47470871	     -0.15824761	     -0.42356700	     -0.38690228	      0.16676587	     -0.58111607	      0.11873118
      0.57656737	     -0.16653894	      0.91257573	      1.00573644	      0.47205225	     -0.15660129	     -0.42427027	     -0.39208406	      0.16834342	     -0.57973681	      0.11875225
      0.57815571	     -0.16623700	      0.91516235	      1.00603554	      0.46933700	     -0.15488998	     -0.42488204	     -0.39737734	      0.16980687	     -0.57831586	      0.11871992
      0.57974405	     -0.16591113	      0.91773808	      1.00634549	      0.46656617	     -0.15311367	     -0.42540459	     -0.40277690	      0.17115903	     -0.57685983	      0.11863735
      0.58133239	     -0.16556334	      0.92030310	      1.00666561	      0.46374298	     -0.15127261	     -0.42584051	     -0.40827731	      0.17240253	     -0.57537452	      0.11850743
      0.58292073	     -0.16519560	      0.92285763	      1.00699523	      0.46087064	     -0.14936712	     -0.42619249	     -0.41387306	      0.17353992	     -0.57386536	      0.11833292
      0.58450907	     -0.16480970	      0.92540183	      1.00733374	      0.45795236	     -0.14739775	     -0.42646349	     -0.41955855	      0.17457365	     -0.57233705	      0.11811638
      0.58609741	     -0.16440739	      0.92793587	      1.00768053	      0.45499133	     -0.14536508	     -0.42665652	     -0.42532815	      0.17550611	     -0.57079400	      0.11786026
      0.58768575	     -0.16399026	      0.93045992	      1.00803501	      0.45199071	     -0.14326982	     -0.42677480	     -0.43117624	      0.17633957	     -0.56923996	      0.11756687
      0.58927409	     -0.16355989	      0.93297413	      1.00839663	      0.44895366	     -0.14111272	     -0.42682159	     -0.43709723	      0.17707631	     -0.56767840	      0.11723840
      0.59086243	     -0.16311776	      0.93547864	      1.00876486	      0.44588335	     -0.13889455	     -0.42680029	     -0.44308560	      0.17771851	     -0.56611225	      0.11687694
      0.59245077	     -0.16266531	      0.93797359	      1.00913915	      0.44278293	     -0.13661609	     -0.42671433	     -0.44913592	      0.17826835	     -0.56454422	      0.11648453
      0.59403911	     -0.16220392	      0.94045911	      1.00951902	      0.43965552	     -0.13427816	     -0.42656724	     -0.45524287	      0.17872794	     -0.56297652	      0.11606307
      0.59562745	     -0.16173491	      0.94293531	      1.00990397	      0.43650425	     -0.13188154	     -0.42636258	     -0.46140127	      0.17909941	     -0.56141121	      0.11561441
      0.59721579	     -0.16125955	      0.94540232	      1.01029354	      0.43333218	     -0.12942702	     -0.42610397	     -0.46760611	      0.17938485	     -0.55984996	      0.11514031
      0.59880413	     -0.16077905	      0.94786023	      1.01068725	      0.43014236	     -0.12691539	     -0.42579503	     -0.47385250	      0.17958632	     -0.55829431	      0.11464245
      0.60039247	     -0.16029456	      0.95030914	      1.01108468	      0.42693780	     -0.12434739	     -0.42543943	     -0.48013580	      0.17970590	     -0.55674551	      0.11412239
      0.60198081	     -0.15980719	      0.95274916	      1.01148540	      0.42372145	     -0.12172377	     -0.42504084	     -0.48645148	      0.17974565	     -0.55520469	      0.11358165
      0.60356915	     -0.15931796	      0.95518035	      1.01188898	      0.42049619	     -0.11904526	     -0.42460294	     -0.49279529	      0.17970762	     -0.55367279	      0.11302162
      0.60515749	     -0.15882785	      0.95760280	      1.01229504	      0.41726487	     -0.11631257	     -0.42412941	     -0.49916310	      0.17959387	     -0.55215060	      0.11244365
      0.60674583	     -0.15833775	      0.96001659	      1.01270319	      0.41403024	     -0.11352639	     -0.42362390	     -0.50555109	      0.17940645	     -0.55063873	      0.11184893
      0.60833417	     -0.15784850	      0.96242178	      1.01311306	      0.41079498	     -0.11068741	     -0.42309007	     -0.51195553	      0.17914741	     -0.54913768	      0.11123861
      0.60992251	     -0.15736084	      0.96481844	      1.01352431	      0.40756165	     -0.10779634	     -0.42253152	     -0.51837301	      0.17881880	     -0.54764779	      0.11061368
      0.61151085	     -0.15687546	      0.96720663	      1.01393658	      0.40433273	     -0.10485387	     -0.42195181	     -0.52480021	      0.17842268	     -0.54616938	      0.10997506
      0.61309919	     -0.15639292	      0.96958640	      1.01434956	      0.40111058	     -0.10186072	     -0.42135447	     -0.53123408	      0.17796110	     -0.54470265	      0.10932355
      0.61468753	     -0.15591375	      0.97195780	      1.01476294	      0.39789743	     -0.09881764	     -0.42074296	     -0.53767166	      0.17743612	     -0.54324776	      0.10865984
      0.61627587	     -0.15543833	      0.97432089	      1.01517643	      0.39469539	     -0.09572543	     -0.42012063	     -0.54411014	      0.17684980	     -0.54180483	      0.10798451
      0.61786421	     -0.15496702	      0.97667573	      1.01558975	      0.39150642	     -0.09258493	     -0.41949081	     -0.55054676	      0.17620418	     -0.54037388	      0.10729803
      0.61945255	     -0.15450006	      0.97902235	      1.01600265	      0.38833235	     -0.08939705	     -0.41885668	     -0.55697889	      0.17550132	     -0.53895488	      0.10660080
      0.62104089	     -0.15403763	      0.98136082	      1.01641488	      0.38517491	     -0.08616272	     -0.41822135	     -0.56340394	      0.17474327	     -0.53754776	      0.10589311
      0.62262923	     -0.15357984	      0.98369118	      1.01682621	      0.38203565	     -0.08288292	     -0.41758780	     -0.56981944	      0.17393207	     -0.53615238	      0.10517517
      0.62421757	     -0.15312676	      0.98601349	      1.01723642	      0.37891604	     -0.07955865	     -0.41695892	     -0.57622300	      0.17306975	     -0.53476857	      0.10444715
      0.62580591	     -0.15267834	      0.98832779	      1.01764531	      0.37581735	     -0.07619098	     -0.41633743	     -0.58261232	      0.17215835	     -0.53339611	      0.10370908
      0.62739425	     -0.15223453	      0.99063416	      1.01805270	      0.37274075	     -0.07278097	     -0.41572594	     -0.58898514	      0.17119987	     -0.53203478	      0.10296097
      0.62898259	     -0.15179517	      0.99293263	      1.01845841	      0.36968724	     -0.06932977	     -0.41512688	     -0.59533933	      0.17019633	     -0.53068430	      0.10220274
      0.63057093	     -0.15136008	      0.99522328	      1.01886229	      0.36665769	     -0.06583851	     -0.41454257	     -0.60167280	      0.16914971	     -0.52934438	      0.10143425
      0.63215927	     -0.15092897	      0.99750617	      1.01926419	      0.36365279	     -0.06230839	     -0.41397509	     -0.60798353	      0.16806198	     -0.52801469	      0.10065528
      0.63374761	     -0.15050156	      0.99978135	      1.01966399	      0.36067310	     -0.05874065	     -0.41342640	     -0.61426958	      0.16693510	     -0.52669489	      0.09986559
      0.63533595	     -0.15007748	      1.00204890	      1.02006156	      0.35771899	     -0.05513653	     -0.41289823	     -0.62052907	      0.16577100	     -0.52538460	      0.09906486
      0.63692429	     -0.14965632	      1.00430889	      1.02045681	      0.35479073	     -0.05149732	     -0.41239215	     -0.62676016	      0.16457158	     -0.52408343	      0.09825273
      0.63851263	     -0.14923766	      1.00656140	      1.02084963	      0.35188838	     -0.04782432	     -0.41190947	     -0.63296112	      0.16333871	     -0.52279097	      0.09742882
      0.64010097	     -0.14882102	      1.00880651	      1.02123996	      0.34901191	     -0.04411883	     -0.41145137	     -0.63913023	      0.16207423	     -0.52150679	      0.09659272
      0.64168931	     -0.14840591	      1.01104431	      1.02162772	      0.34616108	     -0.04038219	     -0.41101874	     -0.64526584	      0.16077994	     -0.52023043	      0.09574399
      0.64327765	     -0.14799181	      1.01327489	      1.02201286	      0.34333557	     -0.03661573	     -0.41061231	     -0.65136636	      0.15945760	     -0.51896144	      0.09488218
      0.64486599	     -0.14757820	      1.01549834	      1.02239532	      0.34053488	     -0.03282077	     -0.41023253	     -0.65743026	      0.15810892	     -0.51769934	      0.09400685
      0.64645433	     -0.14716455	      1.01771476	      1.02277507	      0.33775843	     -0.02899863	     -0.40987971	     -0.66345604	      0.15673556	     -0.51644364	      0.09311755
      0.64804267	     -0.14675033	      1.01992427	      1.02315208	      0.33500546	     -0.02515061	     -0.40955386	     -0.66944229	      0.15533913	     -0.51519382	      0.09221385
      0.64963101	     -0.14633500	      1.02212697	      1.02352632	      0.33227518	     -0.02127799	     -0.40925486	     -0.67538763	      0.15392121	     -0.51394938	      0.09129532
      0.65121935	     -0.14591807	      1.02432297	      1.02389778	      0.32956663	     -0.01738200	     -0.40898231	     -0.68129074	      0.15248329	     -0.51270980	      0.09036160
      0.65280769	     -0.14549904	      1.02651239	      1.02426644	      0.32687881	     -0.01346386	     -0.40873570	     -0.68715037	      0.15102684	     -0.51147457	      0.08941231
      0.65439603	     -0.14507744	      1.02869536	      1.02463229	      0.32421061	     -0.00952475	     -0.40851426	     -0.69296531	      0.14955323	     -0.51024319	      0.08844714
      0.65598437	     -0.14465278	      1.03087200	      1.02499534	      0.32156085	     -0.00556583	     -0.40831711	     -0.69873440	      0.14806381	     -0.50901514	      0.08746577
      0.65757271	     -0.14422464	      1.03304245	      1.02535560	      0.31892827	     -0.00158821	     -0.40814317	     -0.70445656	      0.14655986	     -0.50778979	      0.08646792
      0.65916105	     -0.14379256	      1.03520683	      1.02571306	      0.31631158	      0.00240702	     -0.40799127	     -0.71013076	      0.14504259	     -0.50656640	      0.08545335
      0.66074939	     -0.14335617	      1.03736528	      1.02606774	      0.31370944	      0.00641884	     -0.40786010	     -0.71575605	      0.14351314	     -0.50534413	      0.08442186
      0.66233773	     -0.14291509	      1.03951793	      1.02641965	      0.31112052	      0.01044628	     -0.40774831	     -0.72133154	      0.14197260	     -0.50412209	      0.08337329
      0.66392607	     -0.14246905	      1.04166493	      1.02676880	      0.30854355	      0.01448847	     -0.40765447	     -0.72685644	      0.14042197	     -0.50289947	      0.08230757
      0.66551441	     -0.14201781	      1.04380641	      1.02711521	      0.30597731	      0.01854465	     -0.40757714	     -0.73232996	      0.13886218	     -0.50167550	      0.08122472
      0.66710275	     -0.14156125	      1.04594251	      1.02745888	      0.30342066	      0.02261414	     -0.40751492	     -0.73775143	      0.13729407	     -0.50044960	      0.08012485
      0.66869109	     -0.14109927	      1.04807335	      1.02779983	      0.30087257	      0.02669639	     -0.40746639	     -0.74312020	      0.13571845	     -0.49922124	      0.07900811
      0.67027943	     -0.14063185	      1.05019907	      1.02813805	      0.29833206	      0.03079089	     -0.40743020	     -0.74843570	      0.13413601	     -0.49798988	      0.07787476
      0.67186777	     -0.14015900	      1.05231980	      1.02847355	      0.29579821	      0.03489720	     -0.40740499	     -0.75369740	      0.13254743	     -0.49675490	      0.07672507
      0.67345611	     -0.13968076	      1.05443567	      1.02880633	      0.29327018	      0.03901492	     -0.40738945	     -0.75890481	      0.13095332	     -0.49551569	      0.07555934
      0.67504445	     -0.13919719	      1.05654680	      1.02913641	      0.29074713	      0.04314368	     -0.40738229	     -0.76405750	      0.12935425	     -0.49427160	      0.07437791
      0.67663279	     -0.13870836	      1.05865334	      1.02946377	      0.28822830	      0.04728316	     -0.40738225	     -0.76915511	      0.12775075	     -0.49302154	      0.07318113
      0.67822113	     -0.13821440	      1.06075539	      1.02978841	      0.28571297	      0.05143308	     -0.40738811	     -0.77419735	      0.12614332	     -0.49176424	      0.07196939
      0.67980947	     -0.13771547	      1.06285308	      1.03011032	      0.28320055	      0.05559324	     -0.40739870	     -0.77918392	      0.12453245	     -0.49050005	      0.07074316
      0.68139781	     -0.13721185	      1.06494654	      1.03042948	      0.28069055	      0.05976367	     -0.40741296	     -0.78411456	      0.12291859	     -0.48923184	      0.06950297
      0.68298615	     -0.13670370	      1.06703588	      1.03074588	      0.27818242	      0.06394403	     -0.40742982	     -0.78898890	      0.12130218	     -0.48795663	      0.06824928
      0.68457449	     -0.13619105	      1.06912125	      1.03105951	      0.27567544	      0.06813367	     -0.40744824	     -0.79380626	      0.11968368	     -0.48666832	      0.06698242
      0.68616283	     -0.13567420	      1.07120275	      1.03137033	      0.27316930	      0.07233259	     -0.40746739	     -0.79856645	      0.11806351	     -0.48536895	      0.06570295
      0.68775117	     -0.13515348	      1.07328049	      1.03167832	      0.27066382	      0.07654103	     -0.40748652	     -0.80326982	      0.11644211	     -0.48405935	      0.06441147
      0.68933951	     -0.13462905	      1.07535457	      1.03198344	      0.26815864	      0.08075897	     -0.40750497	     -0.80791685	      0.11481991	     -0.48273692	      0.06310839
      0.69092785	     -0.13410103	      1.07742510	      1.03228566	      0.26565337	      0.08498632	     -0.40752209	     -0.81250787	      0.11319732	     -0.48140162	      0.06179401
      0.69251618	     -0.13356943	      1.07949217	      1.03258497	      0.26314756	      0.08922288	     -0.40753731	     -0.81704309	      0.11157470	     -0.48005444	      0.06046856
      0.69410452	     -0.13303423	      1.08155590	      1.03288133	      0.26064077	      0.09346843	     -0.40755010	     -0.82152273	      0.10995244	     -0.47869636	      0.05913224
      0.69569286	     -0.13249543	      1.08361639	      1.03317474	      0.25813261	      0.09772270	     -0.40756007	     -0.82594703	      0.10833089	     -0.47732757	      0.05778521
      0.69728120	     -0.13195301	      1.08567374	      1.03346517	      0.25562271	      0.10198542	     -0.40756685	     -0.83031624	      0.10671041	     -0.47594761	      0.05642767
      0.69886954	     -0.13140697	      1.08772806	      1.03375258	      0.25311080	      0.10625634	     -0.40757021	     -0.83463063	      0.10509132	     -0.47455570	      0.05505979
      0.70045788	     -0.13085733	      1.08977943	      1.03403696	      0.25059664	      0.11053518	     -0.40756994	     -0.83889047	      0.10347397	     -0.47315115	      0.05368178
      0.70204622	     -0.13030411	      1.09182797	      1.03431826	      0.24808006	      0.11482170	     -0.40756596	     -0.84309599	      0.10185865	     -0.47173334	      0.05229387
      0.70363456	     -0.12974736	      1.09387376	      1.03459645	      0.24556092	      0.11911566	     -0.40755819	     -0.84724742	      0.10024566	     -0.47030174	      0.05089626
      0.70522290	     -0.12918711	      1.09591691	      1.03487150	      0.24303915	      0.12341681	     -0.40754669	     -0.85134500	      0.09863530	     -0.46885586	      0.04948920
      0.70681124	     -0.12862342	      1.09795751	      1.03514337	      0.24051469	      0.12772491	     -0.40753149	     -0.85538892	      0.09702785	     -0.46739523	      0.04807293
      0.70839958	     -0.12805636	      1.09999564	      1.03541200	      0.23798756	      0.13203971	     -0.40751274	     -0.85937938	      0.09542357	     -0.46591944	      0.04664770
      0.70998792	     -0.12748599	      1.10203142	      1.03567738	      0.23545775	      0.13636098	     -0.40749059	     -0.86331656	      0.09382273	     -0.46442804	      0.04521376
      0.71157626	     -0.12691239	      1.10406492	      1.03593943	      0.23292534	      0.14068845	     -0.40746525	     -0.86720063	      0.09222557	     -0.46292061	      0.04377136
      0.71316460	     -0.12633564	      1.10609624	      1.03619813	      0.23039040	      0.14502188	     -0.40743695	     -0.87103176	      0.09063235	     -0.46139675	      0.04232078
      0.71475294	     -0.12575583	      1.10812548	      1.03645342	      0.22785304	      0.14936102	     -0.40740597	     -0.87481008	      0.08904331	     -0.45985603	      0.04086230
      0.71634128	     -0.12517305	      1.11015272	      1.03670526	      0.22531338	      0.15370562	     -0.40737259	     -0.87853574	      0.08745866	     -0.45829804	      0.03939618
      0.71792962	     -0.12458742	      1.11217806	      1.03695359	      0.22277158	      0.15805541	     -0.40733715	     -0.88220886	      0.08587865	     -0.45672237	      0.03792274
      0.71951796	     -0.12399903	      1.11420159	      1.03719836	      0.22022781	      0.16241016	     -0.40729997	     -0.88582954	      0.08430348	     -0.45512860	      0.03644226
      0.72110630	     -0.12340803	      1.11622340	      1.03743952	      0.21768227	      0.16676960	     -0.40726141	     -0.88939788	      0.08273337	     -0.45351634	      0.03495507
      0.72269464	     -0.12281453	      1.11824358	      1.03767701	      0.21513516	      0.17113348	     -0.40722185	     -0.89291397	      0.08116851	     -0.45188518	      0.03346149
      0.72428298	     -0.12221868	      1.12026223	      1.03791077	      0.21258671	      0.17550156	     -0.40718166	     -0.89637788	      0.07960912	     -0.45023472	      0.03196186
      0.72587132	     -0.12162064	      1.12227943	      1.03814076	      0.21003717	      0.17987358	     -0.40714123	     -0.89978967	      0.07805538	     -0.44856455	      0.03045653
      0.72745966	     -0.12102056	      1.12429528	      1.03836691	      0.20748680	      0.18424930	     -0.40710096	     -0.90314938	      0.07650747	     -0.44687428	      0.02894585
      0.72904800	     -0.12041862	      1.12630986	      1.03858915	      0.20493587	      0.18862848	     -0.40706126	     -0.90645704	      0.07496557	     -0.44516352	      0.02743020
      0.73063634	     -0.11981500	      1.12832328	      1.03880744	      0.20238466	      0.19301086	     -0.40702254	     -0.90971267	      0.07342986	     -0.44343188	      0.02590997
      0.73222468	     -0.11920988	      1.13033562	      1.03902170	      0.19983349	      0.19739621	     -0.40698521	     -0.91291628	      0.07190050	     -0.44167896	      0.02438556
      0.73381302	     -0.11860349	      1.13234697	      1.03923187	      0.19728265	      0.20178430	     -0.40694968	     -0.91606785	      0.07037764	     -0.43990437	      0.02285737
      0.73540136	     -0.11799603	      1.13435743	      1.03943790	      0.19473249	      0.20617488	     -0.40691636	     -0.91916736	      0.06886145	     -0.43810775	      0.02132584
      0.73698970	     -0.11738772	      1.13636709	      1.03963971	      0.19218332	      0.21056772	     -0.40688567	     -0.92221478	      0.06735206	     -0.43628869	      0.01979140
      0.73857804	     -0.11677880	      1.13837605	      1.03983723	      0.18963551	      0.21496259	     -0.40685801	     -0.92521005	      0.06584961	     -0.43444683	      0.01825451
      0.74016638	     -0.11616951	      1.14038439	      1.04003042	      0.18708939	      0.21935926	     -0.40683379	     -0.92815311	      0.06435423	     -0.43258178	      0.01671562
      0.74175472	     -0.11556011	      1.14239221	      1.04021919	      0.18454532	      0.22375750	     -0.40681341	     -0.93104387	      0.06286603	     -0.43069316	      0.01517521
      0.74334306	     -0.11495085	      1.14439960	      1.04040348	      0.18200368	      0.22815707	     -0.40679726	     -0.93388223	      0.06138514	     -0.42878061	      0.01363376
      0.74493140	     -0.11434200	      1.14640666	      1.04058322	      0.17946483	      0.23255775	     -0.40678572	     -0.93666809	      0.05991166	     -0.42684375	      0.01209177
      0.74651974	     -0.11373382	      1.14841349	      1.04075835	      0.17692913	      0.23695929	     -0.40677919	     -0.93940131	      0.05844568	     -0.42488219	      0.01054972
      0.74810808	     -0.11312660	      1.15042017	      1.04092880	      0.17439697	      0.24136146	     -0.40677803	     -0.94208176	      0.05698728	     -0.42289558	      0.00900814
      0.74969642	     -0.11252063	      1.15242680	      1.04109449	      0.17186871	      0.24576402	     -0.40678261	     -0.94470926	      0.05553655	     -0.42088354	      0.00746753
      0.75128476	     -0.11191617	      1.15443349	      1.04125538	      0.16934473	      0.25016672	     -0.40679328	     -0.94728366	      0.05409355	     -0.41884568	      0.00592841
      0.75287310	     -0.11131354	      1.15644032	      1.04141138	      0.16682540	      0.25456931	     -0.40681038	     -0.94980475	      0.05265834	     -0.41678165	      0.00439131
      0.75446144	     -0.11071301	      1.15844738	      1.04156243	      0.16431109	      0.25897154	     -0.40683424	     -0.95227232	      0.05123097	     -0.41469106	      0.00285676
      0.75604978	     -0.11011489	      1.16045479	      1.04170847	      0.16180217	      0.26337315	     -0.40686519	     -0.95468616	      0.04981146	     -0.41257353	      0.00132530
      0.75763812	     -0.10951948	      1.16246264	      1.04184943	      0.15929901	      0.26777386	     -0.40690352	     -0.95704601	      0.04839985	     -0.41042868	     -0.00020254
      0.75922646	     -0.10892707	      1.16447101	      1.04198525	      0.15680196	      0.27217341	     -0.40694954	     -0.95935163	      0.04699614	     -0.40825613	     -0.00172621
      0.76081480	     -0.10833796	      1.16648002	      1.04211585	      0.15431136	      0.27657151	     -0.40700352	     -0.96160273	      0.04560034	     -0.40605547	     -0.00324518
      0.76240314	     -0.10775246	      1.16848977	      1.04224119	      0.15182757	      0.28096786	     -0.40706573	     -0.96379901	      0.04421244	     -0.40382632	     -0.00475890
      0.76399148	     -0.10717086	      1.17050034	      1.04236120	      0.14935092	      0.28536217	     -0.40713641	     -0.96594018	      0.04283241	     -0.40156828	     -0.00626682
      0.76557982	     -0.10659346	      1.17251184	      1.04247581	      0.14688173	      0.28975413	     -0.40721579	     -0.96802589	      0.04146021	     -0.39928093	     -0.00776841
      0.76716816	     -0.10602055	      1.17452438	      1.04258497	      0.14442031	      0.29414339	     -0.40730409	     -0.97005580	      0.04009580	     -0.39696385	     -0.00926313
      0.76875650	     -0.10545242	      1.17653805	      1.04268862	      0.14196697	      0.29852964	     -0.40740150	     -0.97202955	      0.03873911	     -0.39461661	     -0.01075044
      0.77034484	     -0.10488937	      1.17855295	      1.04278671	      0.13952200	      0.30291253	     -0.40750820	     -0.97394674	      0.03739007	     -0.39223878	     -0.01222979
      0.77193318	     -0.10433166	      1.18056919	      1.04287917	      0.13708565	      0.30729168	     -0.40762435	     -0.97580698	      0.03604857	     -0.38982989	     -0.01370067
      0.77352152	     -0.10377958	      1.18258687	      1.04296596	      0.13465820	      0.31166672	     -0.40775010	     -0.97760983	      0.03471452	     -0.38738950	     -0.01516255
      0.77510986	     -0.10323340	      1.18460610	      1.04304703	      0.13223989	      0.31603725	     -0.40788554	     -0.97935487	      0.03338779	     -0.38491710	     -0.01661492
      0.77669820	     -0.10269339	      1.18662697	      1.04312232	      0.12983093	      0.32040288	     -0.40803079	     -0.98104163	      0.03206824	     -0.38241222	     -0.01805724
      0.77828654	     -0.10215980	      1.18864960	      1.04319179	      0.12743155	      0.32476318	     -0.40818591	     -0.98266963	      0.03075573	     -0.37987434	     -0.01948902
      0.77987488	     -0.10163289	      1.19067408	      1.04325539	      0.12504193	      0.32911770	     -0.40835095	     -0.98423836	      0.02945007	     -0.37730292	     -0.02090975
      0.78146322	     -0.10111290	      1.19270053	      1.04331307	      0.12266224	      0.33346600	     -0.40852596	     -0.98574732	      0.02815109	     -0.37469741	     -0.02231894
      0.78305156	     -0.10060009	      1.19472904	      1.04336481	      0.12029265	      0.33780762	     -0.40871092	     -0.98719595	      0.02685858	     -0.37205725	     -0.02371608
      0.78463990	     -0.10009469	      1.19675974	      1.04341054	      0.11793330	      0.34214206	     -0.40890582	     -0.98858369	      0.02557232	     -0.36938183	     -0.02510069
      0.78622824	     -0.09959694	      1.19879272	      1.04345025	      0.11558430	      0.34646885	     -0.40911062	     -0.98990998	      0.02429208	     -0.36667055	     -0.02647229
      0.78781658	     -0.09910705	      1.20082809	      1.04348388	      0.11324577	      0.35078745	     -0.40932525	     -0.99117419	      0.02301760	     -0.36392274	     -0.02783039
      0.78940492	     -0.09862525	      1.20286597	      1.04351141	      0.11091779	      0.35509735	     -0.40954961	     -0.99237572	      0.02174862	     -0.36113776	     -0.02917452
      0.79099326	     -0.09815176	      1.20490646	      1.04353281	      0.10860043	      0.35939801	     -0.40978359	     -0.99351390	      0.02048483	     -0.35831488	     -0.03050422
      0.79258160	     -0.09768677	      1.20694967	      1.04354804	      0.10629374	      0.36368884	     -0.41002704	     -0.99458808	      0.01922594	     -0.35545341	     -0.03181903
      0.79416994	     -0.09723049	      1.20899572	      1.04355709	      0.10399772	      0.36796929	     -0.41027979	     -0.99559755	      0.01797162	     -0.35255258	     -0.03311850
      0.79575828	     -0.09678310	      1.21104472	      1.04355991	      0.10171241	      0.37223874	     -0.41054164	     -0.99654161	      0.01672151	     -0.34961161	     -0.03440219
      0.79734662	     -0.09634480	      1.21309677	      1.04355651	      0.09943777	      0.37649659	     -0.41081236	     -0.99741949	      0.01547526	     -0.34662968	     -0.03566966
      0.79893496	     -0.09591575	      1.21515199	      1.04354684	      0.09717376	      0.38074219	     -0.41109170	     -0.99823044	      0.01423248	     -0.34360597	     -0.03692049
      0.80052330	     -0.09549612	      1.21721051	      1.04353090	      0.09492034	      0.38497489	     -0.41137937	     -0.99897364	      0.01299276	     -0.34053959	     -0.03815424
      0.80211164	     -0.09508609	      1.21927242	      1.04350868	      0.09267744	      0.38919404	     -0.41167506	     -0.99964827	      0.01175569	     -0.33742964	     -0.03937050
      0.80369998	     -0.09468582	      1.22133784	      1.04348015	      0.09044494	      0.39339893	     -0.41197843	     -1.00025346	      0.01052080	     -0.33427519	     -0.04056885
      0.80528832	     -0.09429547	      1.22340690	      1.04344531	      0.08822276	      0.39758887	     -0.41228910	     -1.00078831	      0.00928765	     -0.33107528	     -0.04174887
      0.80687666	     -0.09391518	      1.22547971	      1.04340416	      0.08601074	      0.40176314	     -0.41260667	     -1.00125188	      0.00805573	     -0.32782891	     -0.04291015
      0.80846500	     -0.09354513	      1.22755638	      1.04335668	      0.08380876	      0.40592100	     -0.41293070	     -1.00164320	      0.00682455	     -0.32453509	     -0.04405227
      0.81005334	     -0.09318545	      1.22963704	      1.04330288	      0.08161664	      0.41006169	     -0.41326072	     -1.00196125	      0.00559357	     -0.32119276	     -0.04517481
      0.81164168	     -0.09283632	      1.23172181	      1.04324276	      0.07943422	      0.41418446	     -0.41359624	     -1.00220495	      0.00436224	     -0.31780087	     -0.04627735
      0.81323002	     -0.09249787	      1.23381080	      1.04317631	      0.07726131	      0.41828852	     -0.41393672	     -1.00237319	      0.00312998	     -0.31435833	     -0.04735947
      0.81481836	     -0.09217029	      1.23590415	      1.04310354	      0.07509771	      0.42237305	     -0.41428162	     -1.00246481	      0.00189620	     -0.31086405	     -0.04842074
      0.81640670	     -0.09185372	      1.23800196	      1.04302446	      0.07294321	      0.42643726	     -0.41463033	     -1.00247856	      0.00066027	     -0.30731693	     -0.04946072
      0.81799504	     -0.09154834	      1.24010437	      1.04293908	      0.07079760	      0.43048031	     -0.41498223	     -1.00241315	     -0.00057845	     -0.30371584	     -0.05047895
      0.81958337	     -0.09125433	      1.24221151	      1.04284741	      0.06866066	      0.43450134	     -0.41533667	     -1.00226722	     -0.00182062	     -0.30005969	     -0.05147499
      0.82117171	     -0.09097187	      1.24432349	      1.04274945	      0.06653215	      0.43849951	     -0.41569297	     -1.00203934	     -0.00306695	     -0.29634734	     -0.05244834
      0.82276005	     -0.09070118	      1.24644044	      1.04264524	      0.06441186	      0.44247393	     -0.41605039	     -1.00172799	     -0.00431816	     -0.29257772	     -0.05339853
      0.82434839	     -0.09044246	      1.24856249	      1.04253477	      0.06229955	      0.44642372	     -0.41640820	     -1.00133157	     -0.00557498	     -0.28874973	     -0.05432504
      0.82593673	     -0.09019595	      1.25068978	      1.04241808	      0.06019500	      0.45034798	     -0.41676560	     -1.00084839	     -0.00683820	     -0.28486232	     -0.05522733
      0.82752507	     -0.08996188	      1.25282243	      1.04229519	      0.05809798	      0.45424579	     -0.41712177	     -1.00027668	     -0.00810861	     -0.28091447	     -0.05610486
      0.82911341	     -0.08974052	      1.25496057	      1.04216611	      0.05600826	      0.45811621	     -0.41747587	     -0.99961455	     -0.00938703	     -0.27690522	     -0.05695705
      0.83070175	     -0.08953215	      1.25710434	      1.04203088	      0.05392562	      0.46195829	     -0.41782702	     -0.99886003	     -0.01067433	     -0.27283362	     -0.05778330
      0.83229009	     -0.08933707	      1.25925388	      1.04188951	      0.05184985	      0.46577108	     -0.41817427	     -0.99801102	     -0.01197138	     -0.26869886	     -0.05858297
      0.83387843	     -0.08915560	      1.26140931	      1.04174204	      0.04978075	      0.46955360	     -0.41851670	     -0.99706536	     -0.01327908	     -0.26450012	     -0.05935541
      0.83546677	     -0.08898809	      1.26357078	      1.04158850	      0.04771811	      0.47330486	     -0.41885331	     -0.99602072	     -0.01459839	     -0.26023675	     -0.06009994
      0.83705511	     -0.08883489	      1.26573843	      1.04142892	      0.04566174	      0.47702385	     -0.41918308	     -0.99487472	     -0.01593025	     -0.25590815	     -0.06081584
      0.83864345	     -0.08869638	      1.26791240	      1.04126334	      0.04361145	      0.48070954	     -0.41950496	     -0.99362486	     -0.01727567	     -0.25151389	     -0.06150238
      0.84023179	     -0.08857298	      1.27009282	      1.04109179	      0.04156708	      0.48436091	     -0.41981789	     -0.99226855	     -0.01863565	     -0.24705360	     -0.06215877
      0.84182013	     -0.08846510	      1.27227985	      1.04091431	      0.03952844	      0.48797691	     -0.42012073	     -0.99080308	     -0.02001123	     -0.24252715	     -0.06278424
      0.84340847	     -0.08837319	      1.27447363	      1.04073093	      0.03749537	      0.49155648	     -0.42041236	     -0.98922572	     -0.02140348	     -0.23793451	     -0.06337795
      0.84499681	     -0.08829770	      1.27667430	      1.04054171	      0.03546773	      0.49509855	     -0.42069160	     -0.98753361	     -0.02281349	     -0.23327591	     -0.06393906
      0.84658515	     -0.08823911	      1.27888200	      1.04034667	      0.03344536	      0.49860205	     -0.42095728	     -0.98572389	     -0.02424235	     -0.22855171	     -0.06446671
      0.84817349	     -0.08819791	      1.28109690	      1.04014588	      0.03142810	      0.50206589	     -0.42120817	     -0.98379361	     -0.02569120	     -0.22376263	     -0.06496001
      0.84976183	     -0.08817459	      1.28331913	      1.03993936	      0.02941582	      0.50548899	     -0.42144304	     -0.98173983	     -0.02716118	     -0.21890955	     -0.06541806
      0.85135017	     -0.08816966	      1.28554886	      1.03972717	      0.02740836	      0.50887025	     -0.42166062	     -0.97955961	     -0.02865344	     -0.21399376	     -0.06583995
      0.85293851	     -0.08818362	      1.28778622	      1.03950937	      0.02540556	      0.51220857	     -0.42185964	     -0.97725001	     -0.03016916	     -0.20901681	     -0.06622477
      0.85452685	     -0.08821698	      1.29003137	      1.03928598	      0.02340725	      0.51550286	     -0.42203879	     -0.97480815	     -0.03170953	     -0.20398071	     -0.06657160
      0.85611519	     -0.08827023	      1.29228447	      1.03905708	      0.02141325	      0.51875202	     -0.42219675	     -0.97223119	     -0.03327574	     -0.19888777	     -0.06687952
      0.85770353	     -0.08834387	      1.29454567	      1.03882272	      0.01942336	      0.52195495	     -0.42233219	     -0.96951639	     -0.03486900	     -0.19374085	     -0.06714764
      0.85929187	     -0.08843838	      1.29681512	      1.03858295	      0.01743736	      0.52511057	     -0.42244377	     -0.96666112	     -0.03649053	     -0.18854312	     -0.06737506
      0.86088021	     -0.08855421	      1.29909298	      1.03833782	      0.01545502	      0.52821780	     -0.42253011	     -0.96366287	     -0.03814157	     -0.18329834	     -0.06756089
      0.86246855	     -0.08869181	      1.30137941	      1.03808740	      0.01347606	      0.53127557	     -0.42258984	     -0.96051930	     -0.03982334	     -0.17801054	     -0.06770428
      0.86405689	     -0.08885162	      1.30367457	      1.03783175	      0.01150021	      0.53428285	     -0.42262156	     -0.95722825	     -0.04153711	     -0.17268430	     -0.06780438
      0.86564523	     -0.08903405	      1.30597860	      1.03757092	      0.00952716	      0.53723860	     -0.42262389	     -0.95378772	     -0.04328413	     -0.16732443	     -0.06786036
      0.86723357	     -0.08923950	      1.30829167	      1.03730498	      0.00755656	      0.54014184	     -0.42259540	     -0.95019598	     -0.04506568	     -0.16193617	     -0.06787142
      0.86882191	     -0.08946833	      1.31061395	      1.03703400	      0.00558809	      0.54299158	     -0.42253469	     -0.94645145	     -0.04688305	     -0.15652489	     -0.06783675
      0.87041025	     -0.08972093	      1.31294558	      1.03675802	      0.00362135	      0.54578690	     -0.42244033	     -0.94255287	     -0.04873752	     -0.15109624	     -0.06775558
      0.87199859	     -0.08999763	      1.31528674	      1.03647712	      0.00165598	      0.54852690	     -0.42231089	     -0.93849912	     -0.05063041	     -0.14565597	     -0.06762714
      0.87358693	     -0.09029877	      1.31763758	      1.03619136	     -0.00030842	      0.55121072	     -0.42214495	     -0.93428939	     -0.05256303	     -0.14020996	     -0.06745068
      0.87517527	     -0.09062469	      1.31999826	      1.03590080	     -0.00227225	      0.55383754	     -0.42194109	     -0.92992302	     -0.05453672	     -0.13476416	     -0.06722545
      0.87676361	     -0.09097570	      1.32236896	      1.03560550	     -0.00423594	      0.55640657	     -0.42169788	     -0.92539966	     -0.05655281	     -0.12932457	     -0.06695070
      0.87835195	     -0.09135211	      1.32474984	      1.03530553	     -0.00619990	      0.55891706	     -0.42141390	     -0.92071904	     -0.05861265	     -0.12389729	     -0.06662572
      0.87994029	     -0.09175422	      1.32714106	      1.03500094	     -0.00816454	      0.56136832	     -0.42108776	     -0.91588117	     -0.06071760	     -0.11848848	     -0.06624976
      0.88152863	     -0.09218232	      1.32954278	      1.03469180	     -0.01013030	      0.56375967	     -0.42071805	     -0.91088615	     -0.06286901	     -0.11310438	     -0.06582211
      0.88311697	     -0.09263671	      1.33195519	      1.03437817	     -0.01209759	      0.56609047	     -0.42030340	     -0.90573427	     -0.06506825	     -0.10775136	     -0.06534204
      0.88470531	     -0.09311765	      1.33437844	      1.03406012	     -0.01406683	      0.56836012	     -0.41984245	     -0.90042590	     -0.06731669	     -0.10243589	     -0.06480885
      0.88629365	     -0.09362543	      1.33681271	      1.03373770	     -0.01603843	      0.57056805	     -0.41933386	     -0.89496156	     -0.06961567	     -0.09716458	     -0.06422182
      0.88788199	     -0.09416031	      1.33925815	      1.03341097	     -0.01801280	      0.57271373	     -0.41877630	     -0.88934184	     -0.07196656	     -0.09194410	     -0.06358025
      0.88947033	     -0.09472255	      1.34171496	      1.03308000	     -0.01999035	      0.57479666	     -0.41816850	     -0.88356744	     -0.07437070	     -0.08678126	     -0.06288344
      0.89105867	     -0.09531240	      1.34418328	      1.03274484	     -0.02197146	      0.57681638	     -0.41750919	     -0.87763913	     -0.07682944	     -0.08168291	     -0.06213070
      0.89264701	     -0.09593009	      1.34666330	      1.03240556	     -0.02395657	      0.57877243	     -0.41679714	     -0.87155782	     -0.07934410	     -0.07665592	     -0.06132137
      0.89423535	     -0.09657580	      1.34915518	      1.03206222	     -0.02594610	      0.58066438	     -0.41603114	     -0.86532446	     -0.08191602	     -0.07170715	     -0.06045483
      0.89582369	     -0.09724972	      1.35165909	      1.03171487	     -0.02794047	      0.58249186	     -0.41521004	     -0.85894016	     -0.08454650	     -0.06684336	     -0.05953047
      0.89741203	     -0.09795199	      1.35417520	      1.03136357	     -0.02994011	      0.58425451	     -0.41433271	     -0.85240614	     -0.08723685	     -0.06207121	     -0.05854770
      0.89900037	     -0.09868278	      1.35670368	      1.03100838	     -0.03194542	      0.58595205	     -0.41339809	     -0.84572379	     -0.08998837	     -0.05739711	     -0.05750594
      0.90058871	     -0.09944219	      1.35924468	      1.03064933	     -0.03395684	      0.58758421	     -0.41240515	     -0.83889462	     -0.09280234	     -0.05282729	     -0.05640466
      0.90217705	     -0.10023017	      1.36179839	      1.03028651	     -0.03597494	      0.58915065	     -0.41135291	     -0.83192036	     -0.09568006	     -0.04836752	     -0.05524354
      0.90376539	     -0.10104662	      1.36436495	      1.02991996	     -0.03800029	      0.59065104	     -0.41024044	     -0.82480288	     -0.09862283	     -0.04402329	     -0.05402227
      0.90535373	     -0.10189142	      1.36694453	      1.02954973	     -0.04003350	      0.59208511	     -0.40906689	     -0.81754433	     -0.10163197	     -0.03979954	     -0.05274063
      0.90694207	     -0.10276442	      1.36953730	      1.02917588	     -0.04207510	      0.59345267	     -0.40783150	     -0.81014700	     -0.10470877	     -0.03570095	     -0.05139838
      0.90853041	     -0.10366557	      1.37214340	      1.02879845	     -0.04412549	      0.59475374	     -0.40653363	     -0.80261352	     -0.10785455	     -0.03173200	     -0.04999521
      0.91011875	     -0.10459466	      1.37476300	      1.02841747	     -0.04618518	      0.59598827	     -0.40517271	     -0.79494669	     -0.11107066	     -0.02789696	     -0.04853095
      0.91170709	     -0.10555101	      1.37739624	      1.02803302	     -0.04825517	      0.59715575	     -0.40374818	     -0.78714957	     -0.11435852	     -0.02419768	     -0.04700606
      0.91329543	     -0.10653399	      1.38004326	      1.02764515	     -0.05033629	      0.59825605	     -0.40225967	     -0.77922593	     -0.11771951	     -0.02063919	     -0.04542091
      0.91488377	     -0.10754328	      1.38270418	      1.02725389	     -0.05242882	      0.59929003	     -0.40070718	     -0.77118092	     -0.12115495	     -0.01723100	     -0.04377558
      0.91647211	     -0.10857848	      1.38537912	      1.02685924	     -0.05453316	      0.60025826	     -0.39909075	     -0.76301960	     -0.12466622	     -0.01397674	     -0.04207023
      0.91806045	     -0.10963907	      1.38806821	      1.02646124	     -0.05664967	      0.60116115	     -0.39741057	     -0.75474690	     -0.12825481	     -0.01087667	     -0.04030512
      0.91964879	     -0.11072435	      1.39077157	      1.02605990	     -0.05877887	      0.60199902	     -0.39566698	     -0.74636802	     -0.13192223	     -0.00793269	     -0.03848074
      0.92123713	     -0.11183275	      1.39348930	      1.02565534	     -0.06092214	      0.60277134	     -0.39386035	     -0.73788842	     -0.13567016	     -0.00514519	     -0.03659869
      0.92282547	     -0.11296267	      1.39622153	      1.02524763	     -0.06308077	      0.60347763	     -0.39199125	     -0.72931373	     -0.13950031	     -0.00251442	     -0.03466058
      0.92441381	     -0.11411321	      1.39896834	      1.02483681	     -0.06525503	      0.60411835	     -0.39006078	     -0.72064995	     -0.14341434	     -0.00004088	     -0.03266719
      0.92600215	     -0.11528323	      1.40172984	      1.02442293	     -0.06744541	      0.60469373	     -0.38807009	     -0.71190318	     -0.14741403	      0.00227480	     -0.03061962
      0.92759049	     -0.11647022	      1.40450609	      1.02400612	     -0.06965376	      0.60520255	     -0.38602038	     -0.70307957	     -0.15150137	      0.00443261	     -0.02852061
      0.92917883	     -0.11767164	      1.40729720	      1.02358653	     -0.07188185	      0.60564359	     -0.38391306	     -0.69418538	     -0.15567838	      0.00643294	     -0.02637299
      0.93076717	     -0.11888588	      1.41010322	      1.02316424	     -0.07413015	      0.60601677	     -0.38175014	     -0.68522712	     -0.15994700	      0.00827630	     -0.02417845
      0.93235551	     -0.12011113	      1.41292423	      1.02273930	     -0.07639923	      0.60632176	     -0.37953378	     -0.67621128	     -0.16430925	      0.00996326	     -0.02193894
      0.93394385	     -0.12134412	      1.41576027	      1.02231192	     -0.07869117	      0.60655659	     -0.37726615	     -0.66714417	     -0.16876739	      0.01149478	     -0.01965820
      0.93553219	     -0.12258148	      1.41861140	      1.02188229	     -0.08100801	      0.60671918	     -0.37494965	     -0.65803206	     -0.17332369	      0.01287193	     -0.01734012
      0.93712053	     -0.12382072	      1.42147766	      1.02145053	     -0.08335055	      0.60680840	     -0.37258725	     -0.64888120	     -0.17798033	      0.01409611	     -0.01498750
      0.93870887	     -0.12505924	      1.42435909	      1.02101676	     -0.08571962	      0.60682289	     -0.37018209	     -0.63969768	     -0.18273953	      0.01516905	     -0.01260334
      0.94029721	     -0.12629327	      1.42725571	      1.02058119	     -0.08811716	      0.60675991	     -0.36773739	     -0.63048715	     -0.18760365	      0.01609354	     -0.01019202
      0.94188555	     -0.12751892	      1.43016756	      1.02014405	     -0.09054520	      0.60661643	     -0.36525653	     -0.62125503	     -0.19257508	      0.01687293	     -0.00775810
      0.94347389	     -0.12873265	      1.43309465	      1.01970553	     -0.09300513	      0.60638958	     -0.36274330	     -0.61200623	     -0.19765617	      0.01751281	     -0.00530577
      0.94506222	     -0.12993088	      1.43603699	      1.01926580	     -0.09549828	      0.60607635	     -0.36020166	     -0.60274528	     -0.20284925	      0.01802000	     -0.00283922
      0.94665056	     -0.13110952	      1.43899461	      1.01882510	     -0.09802649	      0.60567277	     -0.35763565	     -0.59347582	     -0.20815651	      0.01840207	     -0.00036327
      0.94823890	     -0.13226404	      1.44196752	      1.01838367	     -0.10059206	      0.60517422	     -0.35504927	     -0.58420104	     -0.21358028	      0.01866741	      0.00211671
      0.94982724	     -0.13339067	      1.44495573	      1.01794172	     -0.10319613	      0.60457637	     -0.35244708	     -0.57492276	     -0.21912366	      0.01883370	      0.00459620
      0.95141558	     -0.13448730	      1.44795918	      1.01749929	     -0.10583760	      0.60387644	     -0.34983446	     -0.56564174	     -0.22478896	      0.01891870	      0.00707264
      0.95300392	     -0.13554798	      1.45097789	      1.01705675	     -0.10852030	      0.60306775	     -0.34721603	     -0.55635837	     -0.23057308	      0.01888793	      0.00953889
