inDegrees=no
num_controls=19
num_derivatives=0
num_input_controls=0
num_iterations=480
num_multipliers=0
num_parameters=0
num_slacks=0
num_states=38
objective=0.474577
objective_effort=0.420995
objective_final_time=0.053582
solver_duration=6828.663830
status=Solve_Succeeded
success=true
DataType=double
version=3
OpenSimVersion=4.5.2-2025-04-14-fb5fac1
endheader
time	/jointset/groundPelvis/pelvis_tilt/value	/jointset/groundPelvis/pelvis_tx/value	/jointset/groundPelvis/pelvis_ty/value	/jointset/hip_l/hip_flexion_l/value	/jointset/hip_r/hip_flexion_r/value	/jointset/lumbar/lumbar/value	/jointset/knee_l/knee_angle_l/value	/jointset/knee_r/knee_angle_r/value	/jointset/ankle_l/ankle_angle_l/value	/jointset/ankle_r/ankle_angle_r/value	/jointset/groundPelvis/pelvis_tilt/speed	/jointset/groundPelvis/pelvis_tx/speed	/jointset/groundPelvis/pelvis_ty/speed	/jointset/hip_l/hip_flexion_l/speed	/jointset/hip_r/hip_flexion_r/speed	/jointset/lumbar/lumbar/speed	/jointset/knee_l/knee_angle_l/speed	/jointset/knee_r/knee_angle_r/speed	/jointset/ankle_l/ankle_angle_l/speed	/jointset/ankle_r/ankle_angle_r/speed	/hamstrings_r/activation	/bifemsh_r/activation	/glut_max_r/activation	/iliopsoas_r/activation	/rect_fem_r/activation	/vasti_r/activation	/gastroc_r/activation	/soleus_r/activation	/tib_ant_r/activation	/hamstrings_l/activation	/bifemsh_l/activation	/glut_max_l/activation	/iliopsoas_l/activation	/rect_fem_l/activation	/vasti_l/activation	/gastroc_l/activation	/soleus_l/activation	/tib_ant_l/activation	/lumbarAct	/hamstrings_r	/bifemsh_r	/glut_max_r	/iliopsoas_r	/rect_fem_r	/vasti_r	/gastroc_r	/soleus_r	/tib_ant_r	/hamstrings_l	/bifemsh_l	/glut_max_l	/iliopsoas_l	/rect_fem_l	/vasti_l	/gastroc_l	/soleus_l	/tib_ant_l
0	-0.2781188132247182	0	1.029920225341109	0.2458793965556814	0.5000171536455418	0.1339531373627905	-0.2432937072361321	-0.9436775971151234	0.02654622696818279	-0.224475278816273	2.143492804377689	0.5637633093146608	0.4392785247144526	-1.485455523905298	-1.712151071962524	-2.629872152981017	-2.101299950928364	4.71306224964063	-2.445957136595938	-2.037855550896037	0.01012826977633812	0.0104107401957666	0.04005842162630773	0.01412015586232976	0.05032293819676352	0.224292154066519	0.09010129945173531	0.125245955279069	0.01000730090047792	0.1523949711615429	0.07407954119390062	0.01037040038138289	0.07934798098301332	0.01014530511462724	0.01004427189009492	0.4911633199299197	0.6511245539879786	0.01002638135361156	-0.001292492407017917	0.01019283656425829	0.01030973003079493	0.07712170699189803	0.0101886130913738	0.04881410010363559	0.3194975971617418	0.07491899052210679	0.08686720192080054	0.0100111887392503	0.1559662865093789	0.0878476754367999	0.01040022459289149	0.1091282440664183	0.0101711675310475	0.01004924546137806	0.5040198694638658	0.6628563074384506	0.01003266920981874
0.001240708185138649	-0.2754246101488146	0.0007012182427405406	1.030469962677126	0.2440195922704234	0.4978084882736325	0.1306508921968319	-0.2459366495784712	-0.9377075060896317	0.02349331006572485	-0.2270258075822056	2.199515705688894	0.5665813044291255	0.4468759467517278	-1.512304405723869	-1.848412246808083	-2.693293457515718	-2.159436042527698	4.911120322951866	-2.475403695132091	-2.073711322936352	0.01013192566930922	0.01039942331231661	0.04310610014342634	0.01379489486296143	0.05021006247208172	0.230077104526841	0.08893270295376927	0.1225387681299745	0.0100075241422397	0.1526091183233118	0.07512644458288915	0.01036893483790829	0.08162769293595308	0.01014582701152416	0.0100442095502959	0.4917550986945098	0.6516202131587308	0.01002659340948992	-0.001327804674486936	0.01015233739993626	0.01023990197415103	0.08149598338617069	0.01014303425118797	0.04885945608938687	0.3277042160284962	0.07211007468421812	0.0820236382899901	0.01000882239482593	0.1555527434530703	0.08917526528251389	0.01030654550300064	0.113023679754565	0.01013255066012458	0.0100379531487913	0.5031633375187872	0.6612981299227495	0.01002530288985314
0.002481416370277298	-0.2726608975931691	0.001405906839434348	1.031029079605632	0.2421272649150087	0.4954298914740908	0.1272699438859206	-0.2486530579606308	-0.9314898190220825	0.020403442195711	-0.2296214173695507	2.255540903023233	0.5693574609848259	0.4543982670745708	-1.537882181384988	-1.986077610873377	-2.756740283457943	-2.219725918865439	5.112182768810571	-2.50552145587692	-2.110525330457864	0.01013191374406314	0.01038324886119144	0.04623662522530771	0.01349241996787477	0.05010918963295672	0.2359652265048892	0.08764592626168137	0.1196776176628313	0.0100075322144297	0.1527832190897942	0.07619161006329746	0.01035981369953689	0.08401348660293642	0.01014309790702955	0.01004321418861918	0.4922777298840873	0.6520228061671036	0.01002617580360797	-0.001363116941955956	0.01011183823561423	0.01017007391750713	0.08587025978044334	0.01009745541100215	0.04890481207513815	0.3359108348952506	0.06930115884632947	0.07718007465917964	0.01000645605040157	0.1551392003967617	0.09050285512822789	0.01021286641310978	0.1169191154427117	0.01009393378920166	0.01002666083620454	0.5023068055737085	0.6597399524070484	0.01001793656988754
0.003722124555415947	-0.2698277202879282	0.002114011556832649	1.031597476293797	0.240204055194554	0.4928796707494893	0.1238103155665661	-0.2514456234064297	-0.9250207957152859	0.01727577891552233	-0.2322633521103087	2.311452121657565	0.5720861978009372	0.4618291958756423	-1.562034287327571	-2.125025415298976	-2.820078586384517	-2.282213662070282	5.316279906473957	-2.536340197674594	-2.148449889450074	0.01013061492217674	0.01036582054497347	0.04943267655077663	0.01321277374333752	0.05002752190793153	0.2419734564277032	0.08623897955474585	0.1166624185872551	0.01000746277121693	0.1529195189674771	0.07727371995604046	0.01034768972188858	0.0865037499255273	0.01013915097384831	0.01004186601718593	0.4927313778757163	0.6523272370835348	0.01002551605199135	-0.001397850668904889	0.01012057824156085	0.01017622480374492	0.09000361719421776	0.01009722963087962	0.04916112830707891	0.3449588210298767	0.06622275045787129	0.07209054609626382	0.01000692934909733	0.1547143486451339	0.09183386284442821	0.01021450280679218	0.1210194539534668	0.01009712940659112	0.01002728672763329	0.5013165165407361	0.6577707672518193	0.01001851682178313
0.004962832740554595	-0.2669253193830389	0.00282546905387849	1.032175025293494	0.2382518618192133	0.4901563402845067	0.1202722572048316	-0.2543171052680442	-0.9182966466770497	0.01410942140109209	-0.234953171306209	2.367128167693133	0.5747620848436158	0.4691516364523962	-1.584603362917055	-2.265127533175849	-2.883168177165989	-2.34693779787414	5.523441013304211	-2.567895889407142	-2.187714204972949	0.01013014998354955	0.01035034907198078	0.05267914408461311	0.01295598762345745	0.04997154287114364	0.2481171155683972	0.08470995494343204	0.1134929551400888	0.01000743842461298	0.1530200632660073	0.07837159399062095	0.01033670784146624	0.08909703649070384	0.01013579729735683	0.0100406818537478	0.4931161867604218	0.6525287088697301	0.01002495932728336	-0.001432584395853822	0.01012931824750747	0.01018237568998271	0.0941369746079922	0.0100970038507571	0.04941744453901966	0.3540068071645029	0.06314434206941311	0.06700101753334799	0.0100074026477931	0.154289496893506	0.09316487056062854	0.01021613920047458	0.1251197924642219	0.01010032502398059	0.01002791261906203	0.5003262275077637	0.6558015820965901	0.01001909707367871
0.006203540925693244	-0.2639540371619029	0.003540211541372088	1.03276158485564	0.2362727140630049	0.4872585210461088	0.1166561358642133	-0.2572702935893722	-0.9113135568955706	0.0109034420205769	-0.2376926225524306	2.422445043480018	0.5773797736521018	0.4763480474162272	-1.605430336475354	-2.406251985591783	-2.945865377749824	-2.413934135085712	5.73369284188944	-2.600221477210777	-2.228612764270299	0.0101301484416163	0.01033623959181643	0.05597354381173221	0.01271999893264921	0.04994863509514701	0.2544073648280961	0.08305227549043739	0.1101650901655286	0.01000743742908452	0.1530768855450872	0.07948246082400261	0.01032627369671335	0.09179115951486214	0.0101327532001925	0.01003958296454645	0.4934256275463282	0.6526215358365017	0.01002445057544588	-0.001467883823615732	0.01013092239206482	0.01017829257762522	0.09833004725178141	0.01009209910006166	0.04991662034986629	0.3637878203484124	0.05966690047805901	0.06155490051734622	0.01000744957252646	0.1535446893439999	0.09445385739192046	0.01020592743220099	0.1294039529878648	0.0100979659589426	0.01002699601776305	0.4989241665896061	0.6533760653451032	0.01001857550208688
0.007444249110831893	-0.260914427267481	0.004258162431121788	1.033356983350812	0.2342689090872449	0.4841850639257091	0.1129625637872432	-0.2603080334625986	-0.9040676867463797	0.007656855975980295	-0.2404842321175976	2.477271216203983	0.5799339748403447	0.4833998452656706	-1.624350407974728	-2.548252776535143	-3.008017448482682	-2.483233417564024	5.947038396651729	-2.633353127205871	-2.271792486618928	0.01013028027828452	0.01032296209519277	0.05931373513941424	0.01250295858344934	0.04996543597175124	0.2608543555872568	0.0812598106080888	0.106674820810117	0.01000744041530243	0.1530826820723998	0.08060383547196803	0.01031585775955287	0.09458417187669263	0.0101297659840484	0.01003849921772664	0.4936535768293113	0.6526003644378908	0.01002394075784043	-0.001503183251377641	0.01013252653662216	0.01017420946526774	0.1025231198955706	0.01008719434936623	0.05041579616071293	0.3735688335323219	0.0561894588867049	0.05610878350134446	0.01000749649725983	0.1527998817944938	0.09574284422321236	0.0101957156639274	0.1336881135115076	0.01009560689390461	0.01002607941646407	0.4975221056714485	0.6509505485936162	0.01001805393049506
0.008684957295970542	-0.2578071531355574	0.004979240829798089	1.033961033598501	0.2322428807500319	0.4809349409035532	0.1091922808724367	-0.26343319401951	-0.8965551907439385	0.004368646988058636	-0.2433310420440006	2.531469909181599	0.5824193137496994	0.4902878199234215	-1.641194019725414	-2.690971799784075	-3.069465592809149	-2.554864051923926	6.163455511947676	-2.66733130900516	-2.318237855699758	0.01013059206716281	0.01031052804618714	0.0626910351334572	0.01230337926924458	0.05002921485208604	0.2674703773120465	0.07933023924129357	0.1030224771658146	0.01000744922106713	0.153031524490247	0.08173186411445034	0.01030556500530365	0.09747393986120662	0.01012687884591301	0.01003744260882584	0.4937951911818006	0.6524598527672437	0.01002343718174125	-0.001543302653652762	0.0101355041219313	0.01017206087803853	0.1065994622919995	0.01008390477770608	0.05118321768167175	0.3841839896481824	0.05241514825726709	0.05043389033300803	0.01000759504247752	0.1517683159646867	0.09694823468192337	0.01018803579178248	0.1381494436518495	0.01009438800644466	0.01002547807282961	0.4957535073660203	0.648062198440677	0.01001770381902679
0.009925665481109191	-0.2546331200768163	0.00570335616020519	1.034573515143891	0.2301973608115903	0.4775074345364263	0.105346306695595	-0.2666486905807127	-0.8887723900002373	0.00103772746088729	-0.2462392858919099	2.584885475513768	0.5848294573737041	0.4969909532729206	-1.655770569625109	-2.834191678730798	-3.1300304811019	-2.628853473263805	6.382764939441487	-2.702201774299265	-2.370822892065939	0.01013112529367526	0.01029894764870508	0.0660978635073497	0.01211992846803592	0.0501464946335069	0.274266620582707	0.07726131582724748	0.09920820176508413	0.01000746548335478	0.1529179643928399	0.08286308876222222	0.01029548895575181	0.1004585731585018	0.01012413026480066	0.0100364238227798	0.4938459210747579	0.6521949677432339	0.01002294635599135	-0.001583422055927882	0.01013848170724044	0.01016991229080932	0.1106758046884285	0.01008061520604593	0.05195063920263058	0.3947991457640429	0.04864083762782929	0.04475899716467161	0.01000769358769522	0.1507367501348796	0.09815362514063439	0.01018035591963757	0.1426107737921913	0.01009316911898471	0.01002487672919514	0.4939849090605921	0.6451738482877379	0.01001735370755853
0.01116637366624784	-0.25139336310862	0.006430412696216148	1.035194189956057	0.2281352389449238	0.4739020068135245	0.1014258104752838	-0.2699574596784504	-0.880715746054716	-0.002337028062441176	-0.2492175354234977	2.637347893082012	0.5871570669658357	0.503487020645742	-1.667871956089298	-2.977642146713029	-3.18951769497373	-2.705231308332324	6.604636305810551	-2.738010606954252	-2.434240143788123	0.01013184676431551	0.01028814289642693	0.06952788743310781	0.01195129705913741	0.05032616660794458	0.281256587441581	0.0750511470033854	0.09524025425494285	0.01000748618363889	0.1527361295928753	0.08399393437670517	0.01028562082569322	0.1035350206615098	0.01012150987029241	0.01003544006531873	0.4938002348633774	0.6517988113673396	0.01002246551044822	-0.001624022090876665	0.01014111343488472	0.01016761491215661	0.1146540685212732	0.01007779485257749	0.0530569274389843	0.4063596984979875	0.04458054083008869	0.03909281807953755	0.0100077353406888	0.1493983516810991	0.09926679644687515	0.01017290023960604	0.1472146760751915	0.01009198086008266	0.01002428464184229	0.4918028681762989	0.6417343555630964	0.01001696328835469
0.01240708185138649	-0.2480892539591554	0.007160297736463614	1.035822779280669	0.226059822315923	0.4701187937785417	0.0974323394575692	-0.2733625051505555	-0.8723829595967488	-0.005756826597202492	-0.2522900168709841	2.688620104525067	0.5893889584055476	0.5097490126124521	-1.677201536518263	-3.120778546701634	-3.247664621945361	-2.784049302343651	6.827901867914857	-2.774810326081487	-2.522723118655282	0.01013272691154225	0.0102780442849658	0.07297556874450689	0.0117963132980492	0.05057619415485077	0.2884525875685991	0.07269786894479494	0.09112619570348908	0.01000750863323923	0.1524806122449264	0.0851211905121869	0.01027595278751353	0.106700584751702	0.01011900842437063	0.01003448884744591	0.4936529341347305	0.6512648845661192	0.01002199217764799	-0.001664622125825447	0.01014374516252899	0.01016531753350391	0.1186323323541179	0.01007497449910904	0.05416321567533801	0.4179202512319322	0.04052024403234809	0.0334266389944035	0.01000777709368239	0.1480599532273186	0.1003799677531159	0.01016544455957452	0.1518185783581916	0.01009079260118062	0.01002369255448943	0.4896208272920056	0.6382948628384547	0.01001657286915085
0.01364779003652514	-0.2447223653293509	0.007892887346420172	1.036458981564435	0.2239746692176232	0.4661583994966011	0.09336766329290265	-0.2768668740708078	-0.8637727404196162	-0.009222918954835704	-0.2554934677031305	2.738402268540296	0.5915061305785956	0.5157457326893831	-1.68337759642316	-3.262795092806641	-3.30414537136029	-2.865383723990481	7.050594423824972	-2.812658229126084	-2.659630325083695	0.01013374213586421	0.01026860087677201	0.07643539688178536	0.01165387160996813	0.0509065876649248	0.2958696404454213	0.07020693920959911	0.08687471371785377	0.01000753031084193	0.1521452085273596	0.08624038495288815	0.01026649371021209	0.1099499291769078	0.0101166261460859	0.01003357004391802	0.4933976325722881	0.6505852481090476	0.01002152564033667	-0.001704017763247074	0.01014613348955018	0.01016322036116905	0.1225023016131878	0.01007269323097852	0.05567308946588304	0.4305562116428162	0.03637515011867933	0.02780979355806215	0.01000776245159251	0.1463834295846607	0.1013607748337676	0.01015859954272007	0.1564856454892436	0.01008984739168956	0.01002316256552367	0.4869691155799088	0.6342327179833732	0.01001618043581255
0.01488849822166379	-0.2412949899630117	0.008628004702284559	1.03710242950317	0.2218842780016361	0.4620237118254158	0.08923431500884965	-0.2804738356289168	-0.8548900445392911	-0.01273666902069752	-0.2589354438615751	2.786123703627619	0.5934636421322318	0.5214288853638184	-1.68564533110196	-3.401736494803429	-3.358362920514443	-2.949426840311172	7.267129572394314	-2.851633723478072	-2.907221879326773	0.01013487141588239	0.01025976728641546	0.07990253774002511	0.01152298316567255	0.05132628935614447	0.3035214551717613	0.06758327019767305	0.08249380782221197	0.0100075489706484	0.1517241936534838	0.08734749722976444	0.01025725149406136	0.1132783310128198	0.01011436323035011	0.01003268354315755	0.4930283255092524	0.6497524194328843	0.01002106525963037	-0.001743413400668701	0.01014852181657137	0.0101611231888342	0.1263722708722577	0.010070411962848	0.05718296325642808	0.4431921720537002	0.03223005620501058	0.02219294812172081	0.01000774780950264	0.1447069059420029	0.1023415819144193	0.01015175452586561	0.1611527126202956	0.0100889021821985	0.01002263257655792	0.484317403867812	0.6301705731282916	0.01001578800247425
0.01612920640680244	-0.2378099703082068	0.009365428364409709	1.037752710801225	0.2197938788202361	0.4577195578787026	0.0850353994579657	-0.2841868529160257	-0.8457454293834851	-0.01629951069324001	-0.2627867421987163	2.830970706220614	0.5951930683610309	0.5267352020246753	-1.682913180211047	-3.534617732578222	-3.409477408736438	-3.036478189550952	7.468665089131363	-2.891836909970698	-3.362032613505511	0.01013608490462423	0.01025149898444751	0.0833724691000759	0.01140270888897505	0.05184528893729821	0.3114225422368058	0.06484780211334115	0.07804168291957532	0.01000756292560366	0.1512099587016244	0.08843751229200528	0.01024823177158713	0.1166786455512751	0.01011221957262133	0.01003182899264181	0.4925380580617579	0.6487573687598085	0.01002061031867799	-0.001782408284708084	0.01015042904616775	0.01015918625741986	0.1301327822518574	0.01006857610597452	0.05913722244861532	0.4569689211061231	0.028439219716736	0.0180249521518349	0.01000768705617197	0.1426271492163946	0.1031559122558487	0.0101454767616754	0.1658047229489834	0.01008819316549953	0.01002215881342588	0.481148828391854	0.6254084367981644	0.01001539085246146
0.01736991459194108	-0.2342719016069421	0.01010478409249256	1.038409285171511	0.2177110705610109	0.4532574848611574	0.08077581452705943	-0.2880100564413073	-0.836369991784521	-0.01991309556159714	-0.2674294864937515	2.871637875225442	0.5965780999795588	0.531573211319654	-1.673408934278082	-3.656299324481748	-3.456160942069438	-3.127045133333992	7.639211326358594	-2.933430872996823	-4.183019183199451	0.01013735601591319	0.01024375629652804	0.08684120936262613	0.01129220940206349	0.05247247628379046	0.3195861868402114	0.06201978532498856	0.07357285333351697	0.01000757067300588	0.1505954722842573	0.0895059155067322	0.01023943955963258	0.1201445441485251	0.01011019507956927	0.01003100607834754	0.4919202857205303	0.6475915819742131	0.01002016017895511	-0.001821403168747467	0.01015233627576413	0.01015724932600553	0.1338932936314572	0.01006674024910104	0.06109148164080256	0.4707456701585461	0.02464838322846143	0.01385695618194898	0.01000762630284131	0.1405473924907863	0.1039702425972782	0.01013919899748518	0.1704567332776712	0.01008748414880056	0.01002168505029385	0.477980252915896	0.6206463004680371	0.01001499370244868
0.01861062277707973	-0.2306862837197541	0.01084561822528596	1.039071547410509	0.2156446720327571	0.4486526257036324	0.07646137988826539	-0.2919479071876827	-0.8268061945233611	-0.02357920480885973	-0.2733570203281034	2.906957242660386	0.5975153995775413	0.5358619932143184	-1.655556418122762	-3.762094563275687	-3.497227252748343	-3.221550800389605	7.763726007213258	-2.976599809405202	-5.504987238110163	0.0101386561172164	0.0102365054516163	0.09030353875684034	0.01119068966687882	0.05321545329446917	0.328021928229713	0.05915396688468336	0.06920166282731269	0.0100075729108637	0.1498687103830121	0.09054722233786064	0.01023087951037449	0.1236678985635583	0.01010829121189022	0.01003021464739797	0.4911674136018256	0.6462445316823041	0.01001971441640476	-0.001860980934512983	0.01015367838540943	0.01015556021301375	0.1375016433919992	0.01006531511693741	0.0634708352647347	0.4855599924723569	0.02217357341504889	0.01278954286538934	0.01000756971595462	0.1379018631875484	0.1045838038712704	0.01013348647871624	0.1750293950007814	0.01008704812548504	0.01002127092326848	0.4742429800876459	0.6150852677124102	0.01001459608071251
0.01985133096221838	-0.2270619016862757	0.01158717519971601	1.039738684087655	0.2136079914171391	0.4439334731786112	0.07210122526560707	-0.2960061727984786	-0.8171390396560434	-0.02730008867437064	-0.2814194953811378	2.934125038105415	0.5977433091854778	0.539430723975817	-1.625504213910993	-3.840538281696832	-3.529860799321843	-3.321151797451407	7.805821976735985	-3.021726605295491	-7.62450747718538	0.010139959704177	0.0102297163612509	0.0937548425486335	0.01109743943215148	0.0540809373405344	0.3367386007236782	0.05630091506635385	0.06503521620369332	0.01000757026091277	0.1490185559822769	0.09155648732838603	0.01022255576721699	0.1272415016263046	0.0101065092705258	0.01002945456360364	0.4902722885024807	0.6447062869652181	0.01001927265330451	-0.001900558700278499	0.01015502049505473	0.01015387110002197	0.1411099931525411	0.01006388998477378	0.06585018888866682	0.5003743147861677	0.01969876360163635	0.01172212954882971	0.01000751312906793	0.1352563338843104	0.1051973651452625	0.01012777395994731	0.1796020567238916	0.01008661210216952	0.01002085679624312	0.4705057072593958	0.6095242349567832	0.01001419845897634
0.02109203914735703	-0.2234117123250377	0.012328305423373	1.040409630165301	0.2116201090110066	0.4391453175986795	0.06770866775368561	-0.3001924609970105	-0.8075050992515191	-0.03107844513926466	-0.2930064674502008	2.945687796243616	0.596552086113882	0.5418350888734128	-1.572911735382578	-3.861319774922939	-3.546595076270295	-3.429177219480933	7.670864860983083	-3.069587496305764	-11.35815214181382	0.010141255873168	0.01022336910253865	0.09718530295997778	0.0110117869001759	0.05507292129245683	0.3457328463520857	0.05353742175195634	0.06109969476900124	0.01000756637767142	0.1480293635319767	0.09252796667584781	0.01021447112749088	0.1308586954112301	0.01010485200155453	0.01002872576347187	0.4892271533916696	0.6429646805864969	0.01001883471036758	-0.001942789737416189	0.01015611046053692	0.01015263141521625	0.1444096568087147	0.01006286464705285	0.06859529406699026	0.5157935392546403	0.01926586054331842	0.0116303640136539	0.01000753357930916	0.1318931327551492	0.1055799780322638	0.01012260019260281	0.1840983667484336	0.01008648514171294	0.01002050385095544	0.4661660646445864	0.6030540996198092	0.01001380457672917
0.02233274733249568	-0.2197629179854019	0.01306649254189989	1.041082488860561	0.2097198713532072	0.4343930357583591	0.06331124350581001	-0.3045206139913448	-0.7982360838544575	-0.03491867372052863	-0.3103597930511778	2.931876322047938	0.5929990757570263	0.5425138334928725	-1.484222440986814	-3.782710471514349	-3.537705933137242	-3.549835381804788	7.217569169691905	-3.121463381510323	-16.91976923395844	0.01014253491171679	0.01021744592463661	0.1005862127614542	0.01093313218794274	0.05619487412138777	0.3550018783786062	0.05093430509066849	0.05741911637046102	0.0100075645163121	0.1468866343480687	0.09345647063563954	0.01020662808215266	0.1345135741881205	0.01010332185088963	0.01002802819043162	0.4880246925134384	0.6410082275465577	0.01001840042789664	-0.001985020774553878	0.01015720042601911	0.01015139173041053	0.1477093204648884	0.01006183930933192	0.07134039924531368	0.5312127637231131	0.0188329574850005	0.0115385984784781	0.01000755402955039	0.1285299316259879	0.105962590919265	0.01011742642525831	0.1885946767729757	0.01008635818125635	0.01002015090566777	0.461826422029777	0.5965839642828352	0.01001341069448201
0.02357345551763432	-0.2161498116051913	0.01379852814482349	1.041754971190928	0.207955950021156	0.4298132378700812	0.05894350116339721	-0.3090073619388015	-0.7897778533843628	-0.03882636607071225	-0.3352842376432039	2.892845114992686	0.5870831853338726	0.5415014967312325	-1.359746224780662	-3.600250585214122	-3.503461936356541	-3.682495132544885	6.404494094829615	-3.17809384732736	-22.20644243902329	0.0101438124438692	0.0102119347721266	0.103933589462767	0.01086090674914489	0.05744012945701832	0.3644943352504035	0.04854267778663816	0.0539966935916474	0.01000757034885992	0.1455724039269493	0.09433654914027513	0.01019903020220171	0.1382030317138947	0.01010192214511539	0.01002736193775688	0.4866585579417592	0.6388235714092375	0.01001796989977729	-0.002026920356011505	0.0101586273977353	0.01015071324065139	0.1502456965695596	0.01006117461281403	0.07419233086117966	0.5453837869972648	0.01998105090453874	0.011887141403312	0.01000771326236397	0.1243278614658257	0.1060989301529334	0.01011282038191288	0.1930879777632667	0.0100865644645637	0.01001986262648067	0.456916433963316	0.5891089573267081	0.01001302636321235
0.02481416370277298	-0.2125834320267108	0.01452342337016314	1.042426143514348	0.2063443909623327	0.4254583054956464	0.05461659690252715	-0.3136578497907804	-0.7823747745882155	-0.04280590255528716	-0.3628538676858993	2.856553572326762	0.5814889127768629	0.5404021285854003	-1.238617151824841	-3.420231241616609	-3.471875703346967	-3.81378126145	5.516683076524724	-3.237274877062994	-21.1837614311208	0.01014510238673405	0.01020682490338288	0.107206107187468	0.01079460309438427	0.05880264960672914	0.3741639816820926	0.04640918076940217	0.05083481065528523	0.01000758892753305	0.1440699614217081	0.09516326456209967	0.0101916806677807	0.1419243209887434	0.01010065584722458	0.01002672708851495	0.4851227450582596	0.6363980926638643	0.01001754320963598	-0.002068819937469132	0.0101600543694515	0.01015003475089225	0.1527820726742309	0.01006050991629613	0.07704426247704561	0.5595548102714164	0.02112914432407698	0.0122356843281459	0.01000787249517754	0.1201257913056634	0.1062352693866017	0.01010821433856745	0.1975812787535577	0.01008677074787104	0.01001957434729357	0.4520064458968551	0.5816339503705809	0.01001264203194269
0.02605487188791163	-0.209063738710456	0.01524127268367468	1.043095872538909	0.2048856172480932	0.4213348031884057	0.05033059921292827	-0.3184717326463856	-0.7761158546379018	-0.04686195700967788	-0.3872038149134293	2.816581919985492	0.5756343412322403	0.539208481728239	-1.112136930138909	-3.224857579549206	-3.43651700233103	-3.94614013929524	4.570593386276737	-3.302066935248404	-18.22755712233175	0.01014637596644791	0.01020208860637905	0.1103758165022219	0.01073373856775715	0.06027045002512298	0.3839233834848477	0.04451283780434269	0.04792187649905427	0.01000761980480948	0.1423616878980649	0.09593089206637213	0.01018458194533614	0.14567325184811	0.01009952760028486	0.01002612380114492	0.4834102085107316	0.6337169508855689	0.0100171206531303	-0.00210689254192759	0.01016082245942389	0.01014949985794805	0.1543204499012377	0.01006013087196934	0.07983836265175487	0.5707786613998621	0.02215699830952478	0.01266516371793543	0.01000804659048286	0.1150424918468195	0.1060956064090692	0.01010416328219552	0.2020224927782664	0.0100873541369567	0.0100193526353528	0.4464765349484958	0.5730421563990713	0.01001227239989583
0.02729558007305027	-0.2055956826983716	0.01595171914032477	1.04376419149689	0.2035866129085137	0.4174608680081714	0.04609056074775667	-0.3234499316167379	-0.7710381727949588	-0.05100231720401598	-0.4084801312940502	2.773315174745766	0.569555637840899	0.5381291289456938	-0.9810717376983374	-3.017933452637561	-3.397790275873467	-4.078655987615974	3.612547920818661	-3.373174263244858	-16.22912218091839	0.01014760755289528	0.01019770119277714	0.1134177254314917	0.01067788248803032	0.06183279650831035	0.3936934249692967	0.04283387341555388	0.04524657214471242	0.01000766258207343	0.1404310869309421	0.09663423227512158	0.010177736230991	0.1494461015089277	0.01009854153993513	0.01002555221675964	0.4815142766296667	0.6307661086689262	0.01001670249361155	-0.002144965146386047	0.01016159054939628	0.01014896496500385	0.1558588271282447	0.01005975182764254	0.08263246282646411	0.582002512528308	0.02318485229497257	0.01309464310772496	0.01000822068578818	0.1099591923879756	0.1059559434315368	0.01010011222582359	0.2064637068029753	0.01008793752604236	0.01001913092341202	0.4409466240001366	0.5644503624275617	0.01001190276784897
0.02853628825818892	-0.2021751718770274	0.01665526457710065	1.044431703975262	0.202441600654059	0.4138195665873371	0.04189246773604443	-0.3285886857357981	-0.7670684003650181	-0.05523424517505617	-0.4270276274128685	2.742061342241783	0.5647183242653869	0.5380197678232619	-0.8669077296751178	-2.858476821989377	-3.371003980681937	-4.20392669277535	2.810945612846758	-3.449441951661567	-13.81845078265939	0.01014871779130208	0.01019361971834334	0.1163061684529823	0.01062662566373857	0.06347640630161212	0.4033747011448223	0.04134635590563211	0.04278661998192442	0.01000771475533618	0.138253152697752	0.09726718250398218	0.01017114297599582	0.1532364714966684	0.01009770487460229	0.01002501249247317	0.4794266815404902	0.6275298234754095	0.01001628919417458	-0.002179942936986896	0.01016038893650774	0.0101481069628608	0.1563302016888518	0.01005960326381776	0.08528504089671558	0.5892978261588518	0.02391993876450867	0.01331811381806547	0.01000835909904213	0.1037234501743256	0.1055070250324664	0.01009655384057616	0.2107631175829394	0.0100889765362699	0.01001897634666906	0.4347238205625333	0.5546514835486043	0.01001155293051741
0.02977699644332757	-0.1987875859415353	0.01735344461655485	1.045099565995634	0.2014298981746486	0.4103511822863088	0.03772187313776495	-0.333879144330023	-0.7640027716006856	-0.05956385830294032	-0.4431400176847531	2.720240861397603	0.5609067119488426	0.5386925869755709	-0.7661787239979769	-2.739194137380944	-3.35346334472584	-4.323200979329111	2.155084203829493	-3.530641035060857	-12.30377415555711	0.01014963599618016	0.01018980592650013	0.1190180044058619	0.01057960306844385	0.06518943199414924	0.4128767318033607	0.04002625917086491	0.04052104039349808	0.01000777409423112	0.1358044045835886	0.0978241859472035	0.0101648016904472	0.1570386518784779	0.01009702402500359	0.01002450476821838	0.4771395870472046	0.623993180085752	0.01001588116731203	-0.002214920727587744	0.01015918732361919	0.01014724896071774	0.1568015762494589	0.01005945469999299	0.08793761896696703	0.5965931397893957	0.02465502523404475	0.01354158452840599	0.01000849751229608	0.09748770796067566	0.105058106633396	0.01009299545532874	0.2150625283629036	0.01009001554649745	0.01001882176992611	0.4285010171249299	0.5448526046696468	0.01001120309318585
0.03101770462846622	-0.1954186816701244	0.01804778709132295	1.045768825686915	0.2005312452876777	0.4069957743919886	0.03356481777216739	-0.3393126900837468	-0.7616368757851081	-0.06399652260908834	-0.4573560349822562	2.711691678411003	0.5585207340003804	0.5402201998940064	-0.6843663250245418	-2.676041800704889	-3.348880606726532	-4.434680137104883	1.681306089694787	-3.615356601090835	-10.71730855925982	0.01015030796071061	0.01018622522266541	0.1215363459216573	0.01053647011490246	0.06695979468103953	0.4221264853484428	0.03885197436873873	0.03842997371824429	0.01000783838335668	0.1330577387564461	0.09829842289534234	0.01015870799110906	0.1608437988317929	0.01009651102346806	0.01002402921258005	0.4746423130832485	0.6201392310428835	0.01001547893300726	-0.00225229846863159	0.01015631347156596	0.01014610398694735	0.1563468336390539	0.01005954178519434	0.09042378909254552	0.6004418449634435	0.02513646956904035	0.0135726575122037	0.01000859762957978	0.08997640003969426	0.104256163151122	0.01008983656546309	0.2191110346146509	0.01009165205763761	0.01001873519529878	0.4214598597875584	0.5337420506553087	0.01001087615308015
0.03225841281360487	-0.1920554822114519	0.01873976274300435	1.046440270177096	0.1997269076058046	0.4036949857535611	0.02940882333563747	-0.3448811990393255	-0.7597746512430749	-0.06853660134907895	-0.4699949448754381	2.711044822105126	0.5570914349749901	0.5422144464249677	-0.6141442624119509	-2.651148902704456	-3.351753167295645	-4.540759339081282	1.343174985765773	-3.703791231685471	-9.761504640459611	0.01015068539925821	0.01018284678898605	0.12384573033323	0.01049691947879859	0.06877674238111223	0.4310568406517366	0.03780364333712163	0.03649489383707995	0.01000790564939644	0.129987487187012	0.09868366874297364	0.01015285797229756	0.1646439933397686	0.0100961765875597	0.01002358597570866	0.4719247332306551	0.6159518877283205	0.01001508295442497	-0.002289676209675436	0.01015343961951272	0.01014495901317697	0.1558920910286488	0.01005962887039569	0.09290995921812399	0.6042905501374913	0.02561791390403595	0.01360373049600141	0.01000869774686348	0.08246509211871286	0.1034542196688479	0.01008667767559745	0.2231595408663981	0.01009328856877776	0.01001864862067146	0.4144187024501869	0.5226314966409705	0.01001054921297445
0.03349912099874352	-0.188688282934404	0.01943056643820591	1.047114412339024	0.1990025788381909	0.4004011353290283	0.0252447971162695	-0.3505779657146206	-0.7582509658485047	-0.07318826575475175	-0.4814948619486533	2.717292893232812	0.5565642510682774	0.5444885252853008	-0.5542710744038148	-2.662202352790385	-3.360942839878946	-4.641752615888759	1.127357702881705	-3.795154506074376	-8.83207909580036	0.01015075644021893	0.01017965126657143	0.1259367967946601	0.01046066219103329	0.07063463603827047	0.4396302371239912	0.03686527255977119	0.0347015727151445	0.01000797438304894	0.1265616950976902	0.09897235568818033	0.01014724517234836	0.1684301307436188	0.01009603989115162	0.01002317535332003	0.468973977437858	0.6114128785690741	0.01001469374316105	-0.002335922154830674	0.01014969457254659	0.0101437583924092	0.1546658927357014	0.01005998251402746	0.09535006270617713	0.6057305478771915	0.02592318307061799	0.01353568331453043	0.01000876796408517	0.07348081057845852	0.1022525828087068	0.01008385234637941	0.2269037685656985	0.01009573777094841	0.01001863370607271	0.4064362802427371	0.5100981530533356	0.01001024693707722
0.03473982918388217	-0.1853115799409326	0.02012105899582554	1.047791366649812	0.1983495223567103	0.3970797194649475	0.02106803790731622	-0.3563978887957692	-0.7569415279424422	-0.07795530866580723	-0.4920497642190867	2.726364660662972	0.5565898868043236	0.5467475825867697	-0.4992545749730406	-2.695583951881776	-3.372278539815357	-4.73928535419452	0.9978118386706668	-3.889779374222725	-8.238157335714302	0.01015051050789454	0.01017662141000952	0.1278007336443703	0.01042744058048615	0.07252846288903117	0.4478115007883254	0.03602224205279365	0.03303679643843559	0.01000804323993913	0.1227498334155272	0.0991575576745132	0.01014186383420984	0.1721940317616872	0.0100961180130201	0.01002279760880469	0.4657778263330021	0.6065048144907664	0.01001431175490892	-0.002382168099985913	0.01014594952558046	0.01014255777164144	0.1534396944427542	0.01006033615765923	0.09779016619423027	0.6071705456168918	0.02622845223720004	0.01346763613305944	0.01000883818130687	0.06449652903820419	0.1010509459485656	0.01008102701716136	0.230647996264999	0.01009818697311906	0.01001861879147397	0.3984538580352874	0.4975648094657008	0.01000994466117999
0.03598053736902082	-0.1819225847679186	0.02081187355783039	1.048471036762971	0.1977626329321266	0.3937052450847109	0.01687663978532424	-0.362336893177392	-0.7557471171795861	-0.08284159659750297	-0.5019274231760793	2.73642687571986	0.5570292197560127	0.5488069700756284	-0.4467236928836956	-2.745519758776809	-3.383833596420316	-4.833923985961392	0.9353956490704327	-3.987361343769958	-7.709378904889983	0.01014996019255421	0.01017374901751142	0.1294320315165217	0.01039701294006094	0.07445949169127235	0.4555873932922684	0.03526363500575919	0.03149065208487838	0.01000811147200329	0.1185523624564561	0.09923095396007117	0.01013670700199499	0.1759275996719781	0.01009644199934276	0.01002245339537554	0.4623217542162861	0.6012073626660214	0.0100139374733401	-0.002438081618276945	0.01014186972018039	0.01014149347957165	0.1515279968165062	0.01006099542239517	0.1003467554270665	0.6070206583764716	0.02643498236271041	0.01337134185776154	0.01000889087445597	0.0549597530843545	0.09940101570615847	0.01007849910288768	0.2340739370275893	0.01010180347019877	0.01001868514811233	0.389424440777801	0.4834648629362264	0.01000966832065497
0.03722124555415947	-0.1785218876915915	0.02150337479268868	1.049153031627284	0.1972412085218155	0.3902631970669703	0.01267220520193829	-0.3683919675532887	-0.7546009719395357	-0.0878509262825015	-0.5112417832114106	2.745227936169567	0.5576967914278474	0.5504950418848188	-0.3937261056054537	-2.804511511200336	-3.393293101639162	-4.926388197799711	0.9200087048274168	-4.088120540731338	-7.330129332140498	0.01014911670829733	0.01017102678258644	0.1308253022787791	0.01036916377635032	0.0764288601272021	0.46294489102075	0.03457950537584755	0.03005395654024748	0.01000817841292084	0.1139687440974137	0.09918490592879058	0.0101317684785435	0.1796235308362663	0.01009703950387629	0.01002214329485744	0.4585919372036146	0.5955011168337523	0.01001357132927463	-0.002493995136567978	0.01013778991478033	0.01014042918750187	0.1496162991902583	0.01006165468713111	0.1029033446599027	0.6068707711360514	0.02664151248822078	0.01327504758246364	0.01000894356760508	0.0454229771305048	0.09775108546375132	0.010075971188614	0.2374998777901796	0.01010541996727848	0.0100187515047507	0.3803950235203146	0.4693649164067522	0.01000939198012996
0.03846195373929812	-0.17511165986693	0.02219579954647009	1.049836835424487	0.1967865963876094	0.3867443139694776	0.008457965942254725	-0.3745605589534383	-0.7534507002268114	-0.0929871858400186	-0.5201310884671415	2.751347645981116	0.5584851470156927	0.5516848377958031	-0.3384734500836015	-2.867957434038098	-3.399176921220186	-5.016994525845796	0.9380572428381928	-4.191978331499406	-7.010166641014591	0.01014800205708847	0.01016845247656674	0.1319776613463698	0.01034369163843389	0.07844024468465698	0.4698836060295283	0.03396254305766278	0.02871929143187641	0.01000824385867685	0.1088944545317351	0.09901034060663774	0.0101270415309798	0.1832732917438926	0.0100979632387744	0.01002186856933964	0.4545713878303628	0.5893654374339051	0.01001321377852497	-0.002550792655597052	0.01013364664345006	0.01013961217456042	0.1470887980361115	0.01006266832351766	0.1056484247604369	0.605627503632663	0.02680427039216186	0.01318570588189224	0.0100089888319543	0.03230356220420267	0.09560289526391443	0.01007371971563425	0.2405530982855029	0.01011083597007224	0.01001891606740067	0.3701777074796191	0.4536294313924115	0.01000914274210308
0.03970266192443676	-0.1716962692040244	0.02288922203805841	1.050521743245188	0.196402873404387	0.3831463774300632	0.004239444913072587	-0.3808405265214944	-0.7522637129734084	-0.09825430428313113	-0.5286639476700039	2.753550353724175	0.5593051272022517	0.5522747093746949	-0.2794540238603442	-2.931944311676788	-3.400195254085035	-5.105924673838612	0.9791935470533961	-4.299062790023018	-6.755544512421715	0.01014663583697631	0.01016602411385626	0.1328860789982435	0.01032041694723082	0.08049692812265093	0.4764023827939193	0.03340610221060858	0.02747980181434758	0.01000830762754949	0.1032295649476895	0.09869889946328876	0.01012252016094542	0.1868691553553987	0.01009926015609641	0.01002163034299186	0.4502438986703415	0.5827805280566208	0.01001286522709588	-0.002607590174626126	0.01012950337211979	0.01013879516161897	0.1445612968819647	0.01006368195990421	0.1083935048609711	0.6043842361292747	0.02696702829610294	0.01309636418132085	0.01000903409630352	0.01918414727790055	0.09345470506407755	0.01007146824265449	0.2436063187808261	0.010116251972866	0.01001908063005064	0.3599603914389236	0.4378939463780708	0.01000889350407619
0.04094337010957541	-0.1682809931249545	0.02358365346963415	1.051206974029152	0.1960952073783497	0.3794700096181643	2.311831479655511e-05	-0.3872298244388089	-0.7510148952819551	-0.1036562726496822	-0.5369075119426945	2.750958131120635	0.5600961764066259	0.5521869264729062	-0.2156394447604555	-2.993635057416818	-3.39542949457983	-5.193229323497107	1.035533700305618	-4.409344658866107	-6.537958444164731	0.0101450417650874	0.01016374214483155	0.1335507515671273	0.01029917298505328	0.08260046810957314	0.482506425159727	0.03290524672844729	0.02632944059851399	0.01000836983226824	0.09730479326274342	0.09824083447585268	0.01011819803699405	0.1904003944366015	0.010101027128515	0.01002143075566206	0.4455923088142482	0.5757258016074276	0.01001252611476913	-0.002655713018014546	0.01012542060700653	0.01013828067492179	0.1415146099754503	0.01006511789842361	0.1112859005298961	0.6023138008206872	0.02712112325213899	0.01302714247573321	0.01000907868475609	0.01490230188194907	0.09075961490349552	0.01006947731600357	0.2461737985548186	0.01012471613272833	0.01001936902341078	0.348505323615323	0.4204763532894562	0.01000867271132354
0.04218407829471406	-0.1648721255454718	0.02427902879412453	1.051891654788005	0.1958699150699023	0.3757195659955847	-0.004183495167097972	-0.3937263877625324	-0.7496900165174872	-0.109197035290226	-0.5448998015535047	2.743219976842714	0.5608266658119966	0.5513880791705036	-0.1466690220609812	-3.051353254092134	-3.384537895163816	-5.278834671712951	1.101802689752736	-4.522796753867142	-6.350494121299482	0.01014324096760541	0.01016160697038584	0.1339714524874371	0.01027981115133906	0.08475226158578016	0.4881998589603662	0.03245549501848493	0.02526263797699016	0.010008430573244	0.09143241111315968	0.09762712808673626	0.01011406951848501	0.1938572691707649	0.01010335044225981	0.01002127171336483	0.4406001606642989	0.5681813757287119	0.01001219683327012	-0.002703835861402966	0.01012133784189326	0.01013776618822461	0.138467923068936	0.01006655383694301	0.114178296198821	0.6002433655120997	0.02727521820817503	0.01295792077014557	0.01000912327320867	0.0106204564859976	0.08806452474291346	0.01006748638935266	0.248741278328811	0.01013318029259067	0.01001965741677092	0.3370502557917225	0.4030587602008416	0.01000845191857089
0.04342478647985271	-0.1614761358128445	0.02497526350577875	1.052574894023119	0.1957334640049628	0.3719005231344	-0.008372718841585617	-0.4003280564084053	-0.7482786432243056	-0.1148804917797886	-0.5526731342538447	2.730196141039783	0.5614779046907354	0.5498612543853316	-0.07245733504316874	-3.103934871212461	-3.367405961131958	-5.362591906734628	1.173812514499677	-4.639340829652173	-6.182281816267863	0.01014125559802332	0.01015962008111928	0.1341504915827797	0.01026219535980696	0.08695112790332303	0.4934899462263546	0.03205346785313209	0.02427416254295499	0.01000849010789855	0.08575518413636984	0.0968469155801384	0.01011012866194073	0.1972278950796269	0.01010642647237323	0.01002115667010937	0.4352492980653536	0.5601189497313986	0.01001187782931176	-0.002742556190523509	0.0101173681134883	0.01013758065740034	0.1349829767813317	0.01006851260053541	0.1171495557934847	0.597489339603005	0.02744289706935885	0.0129113779307291	0.010009171049269	0.01043626697444594	0.08476135261786838	0.01006574130838814	0.250733484154601	0.01014742330443505	0.01002010895185111	0.3242800474767379	0.3835872190833935	0.01000826139873055
0.04466549466499135	-0.1580995088253274	0.02567225529046575	1.053255790502873	0.195692180585817	0.3680197520775653	-0.01253691831543657	-0.4070323457495809	-0.7467760436086174	-0.1207104233419051	-0.5602463195408716	2.712007570712315	0.5620470536411174	0.5476115980171122	0.006739581134246818	-3.150858040273836	-3.344199322447654	-5.444257472449588	1.24885794169533	-4.758912047440716	-6.027859956775108	0.01013910538991795	0.01015778280454549	0.1340895939630048	0.01024620432319978	0.08919602476723242	0.4983828485628922	0.03169609928394525	0.02335921370997654	0.01000854866552418	0.08040832223715008	0.09589010554943402	0.01010637017242899	0.2005014424155802	0.01011043013102094	0.01002108870246909	0.429522210187768	0.5515111455185772	0.01001156950079297	-0.002781276519644051	0.01011339838508333	0.01013739512657607	0.1314980304937274	0.01007047136412781	0.1201208153881483	0.5947353136939103	0.02761057593054267	0.01286483509131263	0.01000921882532934	0.01025207746289428	0.08145818049282329	0.01006399622742362	0.252725689980391	0.01016166631627943	0.0100205604869313	0.3115098391617533	0.3641156779659453	0.01000807087889021
0.04590620285013001	-0.154748577663606	0.02636990264940042	1.053933451583423	0.1957521114696075	0.3640844269877589	-0.01666865171119663	-0.4138365505347657	-0.7451794323665137	-0.1266905477296658	-0.5676341291322257	2.688851529903507	0.5625365606590075	0.5446508186501697	0.09056235962174917	-3.191816259816927	-3.31516364274326	-5.523554800632341	1.324760043743928	-4.881415932826694	-5.88206747413464	0.0101368103750901	0.01015609689152901	0.1337909848812057	0.01023172941498414	0.091484644968921	0.502886513661291	0.03138107988948922	0.02251314357638949	0.01000860654462647	0.07538256484763944	0.09474373917532965	0.01010278868834769	0.2036666980646676	0.01011587755259951	0.01002107337037578	0.4233909351133321	0.5423191699817886	0.01001127233789116	-0.002820708258738851	0.01010957504302922	0.0101375503792193	0.127597344959684	0.01007309302979026	0.1231343621210156	0.5913882313827586	0.02780703819687917	0.01283955599527608	0.01000927173839049	0.01019921963241078	0.07745730210044009	0.01006248836325126	0.2541090704245375	0.01019002898145136	0.01002123825328317	0.2969939984044208	0.3420898680637329	0.0100079133536789
0.04714691103526866	-0.1514292951726115	0.0270681134267422	1.054607009297296	0.1959186282643683	0.3601020136659364	-0.02076093590556023	-0.4207374737608178	-0.7434889898913483	-0.1328244181695682	-0.5748444268349174	2.660990456433481	0.5629552733197853	0.5409970412780507	0.1785542394983456	-3.226763446963714	-3.280607888198359	-5.600165937817672	1.400112260332349	-5.006748046908512	-5.741713864563097	0.01013438839732255	0.01015456390141924	0.133256346842993	0.01021867382779468	0.09381494233846945	0.5070078566370352	0.03110631427379087	0.02173170287899347	0.01000866401109217	0.07066839340133116	0.09339573769885808	0.01009937943318624	0.206713390634767	0.01012322844787668	0.01002111562620166	0.4168285128946998	0.5325053810195016	0.01001098677722005	-0.00286013999783365	0.0101057517009751	0.01013770563186254	0.1236966594256406	0.0100757146954527	0.1261479088538829	0.5880411490716072	0.02800350046321567	0.01281427689923953	0.01000932465145165	0.01014636180192728	0.07345642370805688	0.01006098049907891	0.2554924508686839	0.01021839164662329	0.01002191601963504	0.2824781576470884	0.3200640581615206	0.0100077558284676
0.04838761922040731	-0.1481473849123663	0.02776680400217768	1.055275611893497	0.1961967065402362	0.3560799660674088	-0.0248070551109071	-0.4277316486288671	-0.7417059116772495	-0.1391154941576759	-0.5818827459956654	2.628703843058249	0.5633140315454883	0.5366703594206945	0.2702321990461825	-3.25573855161503	-3.240856465735467	-5.673766272183744	1.473774505766212	-5.134779436098889	-5.604093173569136	0.01013185770276516	0.01015318543854329	0.1324842807468927	0.01020695424330886	0.0961859736175258	0.5107548710237886	0.03087026360844688	0.02101073667687265	0.01000872135029171	0.06625250171792323	0.0918320979915314	0.01009613786696276	0.2096332634455727	0.01013409864223482	0.01002122465284906	0.409797606703428	0.5220255422954663	0.01001071341089511	-0.002912817639341415	0.01010210805296732	0.01013820481289225	0.1192947205116534	0.01007919140721268	0.1292318780474564	0.5841623905186086	0.02824008760150291	0.01280785257066463	0.01000938351826847	0.01012251377878966	0.06869511575103547	0.0100597091167436	0.2563149137304204	0.01028895805301902	0.01002292710942759	0.2657896601478653	0.2951940137686831	0.01000763557301115
0.04962832740554595	-0.1449080954593731	0.02846591083352458	1.055938442883856	0.1965905012510448	0.3520255766905294	-0.0288008394109088	-0.4348150695146955	-0.7398329452991029	-0.1455669912913995	-0.5887509084157092	2.592286448080121	0.5636262696974383	0.5316933120260227	0.3650871427085501	-3.278897826094881	-3.19624492215056	-5.744028982592949	1.545010421186401	-5.265344179092227	-5.467424145433396	0.01012923454467945	0.01015196293171471	0.1314731680099481	0.01019649641164782	0.0985969095687402	0.5141346131546827	0.03067153010853412	0.02034645941649049	0.01000877881641201	0.06212166157975837	0.09003968757442041	0.01009305994513081	0.2124186827705229	0.01014992721879962	0.01002140862975625	0.4022620747505965	0.510836329433586	0.01001045276632891	-0.002965495280849178	0.01009846440495953	0.01013870399392196	0.1148927815976662	0.01008266811897266	0.1323158472410301	0.5802836319656101	0.02847667473979014	0.01280142824208973	0.0100094423850853	0.01009866575565205	0.06393380779401404	0.01005843773440828	0.2571373765921569	0.01035952445941475	0.01002393819922014	0.2491011626486423	0.2703239693758456	0.01000751531755471
0.0508690355906846	-0.1417164294130686	0.02916538195963778	1.05659470485687	0.1971037421203603	0.3479459871042796	-0.03273639768072654	-0.4419834599988893	-0.7378733701270954	-0.1521819844275365	-0.5954494312123234	2.5520273921011	0.5639059555321173	0.5260886189813622	0.4626144311038786	-3.296425897357253	-3.147100035361214	-5.810630128900585	1.613222249150715	-5.398269381557446	-5.330222591989703	0.01012653589200384	0.01015089747953762	0.1302167290201604	0.01018724114896932	0.1010487304928705	0.5171552491316078	0.0305091530970207	0.01973516986539624	0.01000883665562343	0.05826204299545539	0.08801128211071979	0.01009014221457309	0.2150646733478221	0.01019495315974108	0.01002168339163909	0.3941779667103549	0.4989042921765037	0.01001020563862091	-0.003018314143942406	0.01009503908588097	0.01013954115918227	0.1098532535290446	0.01008725937729287	0.1355208896622829	0.5759352337714299	0.02876259056503168	0.0128115964125928	0.01000950735355903	0.01008530429064341	0.05857116704379724	0.01005741150534512	0.2574744204445232	0.01101599874645962	0.01002547535860437	0.2299221821401526	0.2430349138553379	0.01000743939281412
0.05210974377582326	-0.1385769344864016	0.02986518868477481	1.057243637136432	0.1977393503430563	0.3438480160515693	-0.03660834959155066	-0.4492320192301744	-0.7358312800858798	-0.1589632367764196	-0.6019767746712659	2.508187505825476	0.5641672488588911	0.5198779729495232	0.5623412033440366	-3.30852843029206	-3.093712572554933	-5.873259619917171	1.678022960997624	-5.5333511618762	-5.191486018325321	0.01012377686033868	0.0101499900603397	0.1287088402107382	0.01017913571308053	0.1035423243022596	0.5198240767496655	0.03038225710117025	0.01917350608554573	0.01000889508719633	0.05466007708822579	0.08573987983583919	0.01008738159896174	0.2175665565064487	0.01029075438031463	0.01002206304284983	0.3855023800458486	0.4861956433092272	0.0100099727359869	-0.003071133007035634	0.01009161376680242	0.01014037832444259	0.104813725460423	0.01009185063561309	0.1387259320835357	0.5715868355772495	0.0290485063902732	0.01282176458309586	0.01000957232203276	0.01007194282563478	0.05320852629358044	0.01005638527628196	0.2578114642968895	0.01167247303350448	0.0100270125179886	0.210743201631663	0.2157458583348303	0.01000736346807354
0.0533504519609619	-0.1354939555289078	0.0305653138803795	1.057884496219344	0.1984998688028428	0.3397383169775703	-0.04041153966027967	-0.4565556837774535	-0.7337110504880267	-0.1659133482818346	-0.6083306612266058	2.460881539670854	0.5644216810618042	0.5130719995830882	0.6639486996010066	-3.315257976229109	-3.036202444763634	-5.931571070601195	1.739075521638455	-5.670415099221461	-5.050387821087143	0.0101209732447879	0.01014924078895453	0.1269454786786292	0.01017214488919705	0.1060751107743063	0.5221513334244735	0.03029032260317384	0.01865819506800633	0.01000895430497544	0.05130215605883706	0.08322065995538536	0.01008477590399507	0.2199158465973643	0.01120835822646513	0.01002257746694935	0.3761952905819241	0.472662350789322	0.01000975523772729	-0.003093438995709331	0.01008844303680623	0.01014153425802341	0.09919999386685552	0.01009790295742957	0.1419546627431752	0.566907461848605	0.02939158336004539	0.01284676095623684	0.01000964308002928	0.01006355464099107	0.04730700754114138	0.01005562106460563	0.2575266725229574	0.03074539389275152	0.01002946937267539	0.1891950994839302	0.1854695996103027	0.01000734400742393
0.05459116014610055	-0.1324720512287913	0.03126575211636223	1.058516524874936	0.1993877467096416	0.3356239070398508	-0.0441405409795099	-0.4639487572960536	-0.731517584391046	-0.173034659206504	-0.6145076954513288	2.409736215078855	0.56467186401086	0.5056434768705312	0.7676424299371291	-3.316122259952951	-2.974121592623995	-5.985145683396679	1.796078928703913	-5.809321665051171	-4.90640312365961	0.01011813911533966	0.01014864976740095	0.1249225550248792	0.01016623729226194	0.1086447992923141	0.5241463173610471	0.03023287190396812	0.01818627168638701	0.01000901448162324	0.04817507560704154	0.08044876642454735	0.01008232317471238	0.2221046481210905	0.01362578499266452	0.01002325328185827	0.3662168398732695	0.4582556473969841	0.01000955419427589	-0.003115744984383029	0.01008527230681004	0.01014269019160423	0.09358626227328806	0.01010395527924604	0.1451833934028147	0.5622280881199604	0.02973466032981757	0.01287175732937783	0.0100097138380258	0.01005516645634736	0.0414054887887023	0.01005485685292929	0.2572418807490253	0.04981831475199856	0.01003192622736219	0.1676469973361974	0.1551933408857752	0.01000732454677433
0.0558318683312392	-0.1295161839566152	0.03196649841192625	1.059138936006618	0.2004057076268089	0.3315123163033674	-0.0477894456986313	-0.4714051972944936	-0.7292560258833435	-0.1803293690346288	-0.6205041056807561	2.354282225100477	0.5649188436137494	0.4975580217290655	0.8737420072658773	-3.310528979587789	-2.906910585033599	-6.033611216314917	1.848764742314726	-5.949816013471641	-4.759109817130793	0.01011528844840839	0.01014821553499795	0.1226452924772222	0.01016140380842493	0.1112420325403522	0.525822512472953	0.03020972275107268	0.01775486776663933	0.01000907574857895	0.04526577851773692	0.07743629720813686	0.01008002230639674	0.224116649188739	0.01754298371964835	0.01002415066506589	0.3555324373574679	0.4429057066011106	0.01000937151782579	-0.003135252877667837	0.01008237266307751	0.01014412789649518	0.08768017017736709	0.01011195627098186	0.1482274214696797	0.5574114832606557	0.03014173705991538	0.01291039995434807	0.01000978963609314	0.01004950978766324	0.03543886399716855	0.01005437225898086	0.2560366424812516	0.07235093358292335	0.01003613545540132	0.1439666236316032	0.1211072227554455	0.0100073834196554
0.05707257651637784	-0.1266320544061517	0.03266755064646999	1.059750889436136	0.2015569800679131	0.3274119904457837	-0.05135146491837517	-0.4789184375619949	-0.7269318891059265	-0.1877991059360518	-0.6263155482841855	2.294096255586091	0.5651650319057385	0.4887858423533623	0.9825382951509247	-3.297963475307895	-2.834063679188044	-6.076706742187321	1.896954013446819	-6.091462281154458	-4.608238510582656	0.01011243369391502	0.01014793679036326	0.1201181374981189	0.01015763630629355	0.1138584609105731	0.5271923131274666	0.03022070098341795	0.01736139081515852	0.01000913822291875	0.04256172226754564	0.0741940474902314	0.01007787231468756	0.225936762070963	0.02294113384532848	0.01002532321769099	0.344106491114107	0.4265410195914237	0.01000920891161782	-0.003154760770952645	0.01007947301934498	0.01014556560138612	0.08177407808144613	0.01011995726271767	0.1512714495365446	0.5525948784013509	0.03054881379001319	0.01294904257931832	0.01000986543416047	0.01004385311897912	0.02947223920563481	0.01005388766503242	0.2548314042134779	0.09488355241384815	0.01004034468344044	0.1202862499270089	0.08702110462511575	0.01000744229253648
0.0583132847015165	-0.1238257017640235	0.03336890902983552	1.060351521461077	0.2028450244605259	0.3233317824241255	-0.05481940500271706	-0.4864817166289552	-0.7245508181284923	-0.1954450965628738	-0.6319374865425597	2.228804459590431	0.5654140093582408	0.4793014755985806	1.094275168402006	-3.277978991003548	-2.755132530532797	-6.114209626540831	1.940507389407701	-6.233726390088569	-4.453572450631329	0.010109586270077	0.01014780971344049	0.1173501717077252	0.01015495834849932	0.1164867922809787	0.5282697345227779	0.0302658897965675	0.01700335368791663	0.01000920196190647	0.04005060340810207	0.07069881534204769	0.01007587277179289	0.2275517453061549	0.02967001943796282	0.01002694629286275	0.331840567034918	0.409081640099298	0.01000906972414142	-0.003215530022617879	0.01007683651155624	0.01014722349605797	0.07572540082837197	0.01013064936341886	0.1541466167700179	0.5477304122310176	0.03102618734412949	0.01300073862276746	0.01000994500726522	0.01003985643086356	0.02252997077748562	0.01005369460288395	0.252745076741607	0.1178897404196809	0.01004927000112517	0.09209222498269766	0.04888326520310991	0.0100076208492422
0.05955399288665515	-0.1211036751338816	0.03407058200787814	1.060939935432368	0.2042735947935196	0.3192811427006331	-0.05818545627544998	-0.4940879589845693	-0.7221186272166559	-0.2032675373548074	-0.6373650877581667	2.158164199897718	0.5656721527200468	0.4690905524494753	1.209063664782992	-3.250299905439276	-2.669820697748994	-6.145962830056446	1.979358457953015	-6.375896906148313	-4.294970556155543	0.01010675634799402	0.01014783090123071	0.1143494655438321	0.01015339091235035	0.1191205127223325	0.5290677273149171	0.03034535347662056	0.01667851260748953	0.01000926701654828	0.03772071288483644	0.06692861971728578	0.01007402329635395	0.2289492454686699	0.03759026312505204	0.01002917607931558	0.3186359144238513	0.3904430916216333	0.01000895693798408	-0.003276299274283114	0.01007420000376749	0.01014888139072981	0.06967672357529782	0.01014134146412004	0.1570217840034912	0.5428659460606842	0.03150356089824578	0.01305243466621661	0.01001002458036996	0.010035859742748	0.01558770234933644	0.01005350154073548	0.2506587492697362	0.1408959284255136	0.01005819531880989	0.06389820003838641	0.01074542578110408	0.01000779940594791
0.06079470107179379	-0.1184726959401132	0.03477258391609885	1.061515225355562	0.2058465064019775	0.315269712796554	-0.06144159669651447	-0.5017299566306527	-0.7196411703219583	-0.2112663024871628	-0.6425934180329248	2.081999547899049	0.565946471127216	0.458146193035658	1.326954727072027	-3.2147364846346	-2.577910755378324	-6.171774035969158	2.013477294317864	-6.518177947720727	-4.132331429671886	0.01010395239059173	0.01014799308211984	0.1111253391768209	0.01015300528294337	0.1217586943861897	0.5296000738269712	0.03045937030039712	0.01638473776167485	0.01000933335531229	0.03556063158127856	0.06307069242739802	0.01007232366466828	0.2301264327322599	0.04649684330622857	0.0100324528449543	0.304550299808147	0.3715709779719185	0.01000887716700979	-0.003320267488875439	0.01007179957661211	0.01015066301722408	0.06353689612528163	0.0101559481768772	0.1598808361461095	0.5380095594780081	0.03205678294745851	0.01311717812128144	0.01001010603567264	0.01003294756154349	0.0132950541371594	0.01005360324958314	0.2479999589007843	0.162525874605282	0.01007879344934991	0.03726376242830724	0.0104334184367736	0.0100081878781054
0.06203540925693244	-0.1159396743813859	0.035474940168881	1.062076487492281	0.2075675941595522	0.3113073177186256	-0.06457956895964279	-0.509400141726663	-0.7171242918144195	-0.2194423567352995	-0.6476174456701823	2.000258204170871	0.5662433496484933	0.4464780046153756	1.44792103637707	-3.171256628223245	-2.479335692282936	-6.191400514437057	2.042905406723655	-6.661683918535617	-3.965638231300546	0.01010118193642587	0.01014828977864182	0.1076861494150059	0.01015386494586997	0.1244005086618599	0.5298795557204572	0.03060817948624756	0.01612011080910775	0.01000940095011185	0.03355958376414649	0.05929928617655184	0.01007077367718905	0.2310804569700152	0.05621482957497886	0.010037168731788	0.2896342659092579	0.3533874681700323	0.01000883630235851	-0.003364235703467764	0.01006939914945674	0.01015244464371835	0.05739706867526545	0.01017055488963435	0.1627398882887278	0.5331531728953319	0.03261000499667124	0.01318192157634627	0.01001018749097532	0.01003003538033899	0.01100240592498236	0.01005370495843079	0.2453411685318324	0.1841558207850502	0.01009939157988992	0.01062932481822806	0.01012141109244313	0.01000857635026288
0.06327611744207108	-0.1135115389991106	0.03617768128688103	1.062622829276217	0.2094406567991309	0.3074037774700347	-0.06759109071613312	-0.5170907525597516	-0.7145737878336984	-0.2277974217122812	-0.6524321410727474	1.91294292667999	0.566568743705112	0.4341018908721406	1.571907402499716	-3.11989704687564	-2.374095282448015	-6.204657853081429	2.067711554015562	-6.806860957045572	-3.79490317728911	0.01009845060627342	0.01014870894389472	0.1040401738849989	0.0101561225461511	0.1270462921182215	0.5299234960108001	0.03079217653628547	0.01588283694997497	0.01000946966974937	0.03170710993082819	0.05568634834903562	0.01006937299640073	0.2318155216127487	0.06653684101269969	0.01008764531695562	0.2746036858836076	0.3358783620432034	0.01000884833892894	-0.003318191555000231	0.01006719926490152	0.010154209034299	0.05117752212915703	0.01019127959874627	0.1656160170494479	0.528516837221165	0.03324344976567531	0.01326030500204217	0.01001026834164232	0.01002787168513181	0.01073790593691486	0.01005409789580894	0.2423506188466491	0.2031093148026528	0.01117572908886356	0.01038322228511319	0.01009174617559825	0.0100093750855705
0.06451682562720974	-0.111195128676356	0.0368808471055816	1.063153393115547	0.2114693531543286	0.3035687457069279	-0.07046798154563114	-0.5247938184041457	-0.7119953027045858	-0.2363338184429086	-0.657032532700893	1.820159351084553	0.5669279592925416	0.4210442316310231	1.698799882698636	-3.060822138553365	-2.262312979562668	-6.211477773604253	2.088010518786363	-6.953987602816545	-3.62018424212953	0.01009576340694065	0.01014923984684825	0.1001948547953511	0.01015991403521799	0.1296963472386927	0.5297480359009362	0.03101170562721224	0.01567130168352285	0.0100095393973633	0.02999341502062541	0.05229863283823856	0.01006812132139211	0.2323352507135768	0.07729125176315096	0.0102233348081041	0.260159817165531	0.3190315882620642	0.01000892574232694	-0.003272147406532696	0.0100649993803463	0.01015597342487966	0.04495797558304861	0.01021200430785819	0.1684921458101679	0.5238805015469982	0.03387689453467938	0.01333868842773806	0.01001034919230932	0.01002570798992463	0.01047340594884735	0.01005449083318708	0.2393600691614658	0.2220628088202553	0.01225206659783721	0.01013711975199832	0.01006208125875337	0.01001017382087812
0.06575753381234839	-0.1089971238879357	0.03758448552734773	1.063667349797845	0.2136571114812051	0.2998116457324641	-0.07320224022846281	-0.5325011044308096	-0.7093943540023423	-0.2450544054889252	-0.661413706893256	1.722619412945931	0.5673707848833801	0.4073984679627018	1.827066785872913	-2.995028548071489	-2.144741586722081	-6.209761850420866	2.104205791866141	-7.103808782066458	-3.441604765455212	0.01009312404357622	0.01014986405882052	0.09616015550244841	0.01016554672014522	0.1323514445882807	0.5293747517647419	0.03126720687965499	0.01548402526662193	0.01000960990410293	0.02840902918151596	0.0491306505761427	0.01006701884229419	0.2326516102420959	0.08828772361110454	0.01409241193899537	0.2462944571695054	0.3028293003700854	0.0100091166990031	-0.003185608107862318	0.01006297577024686	0.01015752337655818	0.03874284474585767	0.01024310037235063	0.1714000060516457	0.5197178898009865	0.03459360415743116	0.01343192936088428	0.01001042662246975	0.01002408310390127	0.01038974127821192	0.01005518626442225	0.2363331075622128	0.2372831413214862	0.0999157308056584	0.01010427323312458	0.01005058941797108	0.0100122479673433
0.06699824199748704	-0.106921504551699	0.03828884402994411	1.064164202753371	0.2160011775268821	0.2961381479435288	-0.07578867874008133	-0.5401959446338443	-0.7067750530047511	-0.2539622210049723	-0.6655711287339257	1.622876113360201	0.5680887159859079	0.3934733193144676	1.950765233166811	-2.926056843431713	-2.024029415441345	-6.191415328896985	2.117594077536318	-7.255796693655983	-3.259499307046434	0.01009053581656697	0.01015056516425068	0.09194514615010262	0.01017329429890572	0.1350122784052768	0.5288238150383902	0.03155906437193992	0.01531967792451493	0.01000968098612463	0.0269451444147477	0.04617684919065825	0.01006606572820479	0.2327754234179335	0.09936899612691238	0.0247764832017993	0.2330001866896541	0.2872553553773033	0.01000946412975403	-0.003099068809191938	0.01006095216014741	0.01015907332823671	0.03252771390866672	0.01027419643684306	0.1743078662931235	0.515555278054975	0.03531031378018292	0.01352517029403051	0.01001050405263018	0.0100224582178779	0.0103060766075765	0.01005588169565741	0.2333061459629598	0.2525034738227171	0.1875793950134796	0.01007142671425084	0.0100390975771888	0.01001432211380847
0.0682389501826257	-0.1049698370541003	0.03899435183533607	1.064643748559542	0.2184931657540539	0.2925505760595711	-0.0782246095770263	-0.5478541263572566	-0.7041402908244586	-0.2630587061780842	-0.66950058064289	1.523413080315102	0.5692667182051223	0.3795791271169642	2.064181878136197	-2.85735502801698	-1.902753385037219	-6.149166129758044	2.129449318029467	-7.406631542742816	-3.074228811154795	0.01008800092797157	0.01015131698606392	0.08756229540779978	0.01018376206375754	0.137682259391425	0.5281173203610684	0.03188768147147319	0.015177080413973	0.01000975232805973	0.025593274833019	0.04342652946199068	0.01006526175779012	0.232727044250271	0.1103750819964901	0.04022507206029492	0.2202645258698762	0.2722940159364204	0.0100101362057725	-0.003069350016935877	0.0100590831175614	0.01016015502640537	0.02642439769839604	0.01032390930026754	0.1773309012836847	0.5119757903400823	0.03611150327743431	0.01363520800488353	0.01001057514172859	0.01002124942820113	0.01026861685650076	0.01005687056818772	0.2305888314580656	0.2633674248481626	0.247204454775322	0.01005835047386865	0.01003329861513575	0.01002070415026929
0.06947965836776433	-0.1031407006407617	0.03970165294995873	1.065106178269544	0.2211180755137228	0.2890470970140616	-0.08051045982020036	-0.5554439783037356	-0.7014913685071303	-0.2723388033734295	-0.6731983792686135	1.425358100875417	0.5709794976647905	0.3658824661083825	2.16503248060742	-2.790500599784703	-1.782102068746511	-6.081268926333844	2.140419942708091	-7.551776131756411	-2.88607821104862	0.01008552133924749	0.01015209620685662	0.08302307978177775	0.01019748908419866	0.1403644567172617	0.5272759637837265	0.03225340947049565	0.01505517368782689	0.01000982364900115	0.02434557511364354	0.04086939946416575	0.01006460673363463	0.2325251177552986	0.1211715227465008	0.05860128532160147	0.2080754885047338	0.2579307836886241	0.01001128272006547	-0.003039631224679817	0.01005721407497539	0.01016123672457404	0.02032108148812537	0.01037362216369203	0.1803539362742458	0.5083963026251898	0.03691269277468569	0.01374524571573656	0.010010646230827	0.01002004063852436	0.01023115710542502	0.01005785944071804	0.2278715169531714	0.2742313758736079	0.3068295145371643	0.01004527423348645	0.01002749965308271	0.01002708618673012
0.07072036655290298	-0.1014320439790131	0.04041142903409489	1.065551784419747	0.2238598270520868	0.2856249919554079	-0.08264732874999153	-0.5629341553765211	-0.6988291973450916	-0.2817856758122295	-0.6766610363912697	1.329349440987527	0.5732782342552027	0.3524373354450072	2.252088202565468	-2.726371523851881	-1.662714850120089	-5.989965038260342	2.150754317276719	-7.654132848837619	-2.694900892907136	0.010083097347596	0.0101528698114701	0.07841466385734558	0.01021605218735694	0.1430620054410546	0.5263194765089992	0.03265647335675198	0.01495306571760551	0.01000989457973208	0.0231945098134024	0.03849433272221288	0.01006409382335547	0.2322009175790444	0.1315828116544316	0.07865126614758064	0.1964208865821998	0.2441515875884922	0.01706186348648436	-0.003031849691457695	0.01005546266848076	0.01016158867903599	0.0164407163042065	0.01046733546768769	0.1834998367737824	0.5053868204658598	0.0377959216658252	0.01387474971813487	0.01001070850727656	0.01001918376990155	0.01021246685136997	0.01005898385847363	0.2259258327370643	0.2790560813843243	0.346713667600573	0.01003895861788442	0.01002422886684756	0.1764783844164416
0.07196107473804163	-0.09984108288686434	0.04112447048287932	1.065980747875827	0.2267001537753427	0.2822805990603401	-0.08463689530178518	-0.5703006230761922	-0.696154946089201	-0.2912765923638145	-0.6798836549564892	1.235634844131417	0.5762432075806581	0.3390547275960061	2.323934008593943	-2.665229881440039	-1.544653144779697	-5.881851559231449	2.159892813407348	-7.622774221251225	-2.49914020621567	0.01008072921768522	0.01015360839146723	0.07381879600894348	0.01024085557562952	0.1457777332566	0.5252663641799659	0.03309706537750395	0.01486995554597361	0.01000996479138215	0.02213314911791435	0.03629075695904721	0.01006371694080205	0.2317832859306393	0.1414575986042579	0.09940564078325638	0.1852887281649185	0.2309431857304604	0.03687903557234895	-0.003024068158235573	0.01005371126198613	0.01016194063349795	0.01256035112028763	0.01056104877168335	0.186645737273319	0.50237733830653	0.03867915055696469	0.01400425372053319	0.01001077078372612	0.01001832690127873	0.01019377659731492	0.01006010827622922	0.2239801485209572	0.2838807868950406	0.3865978206639816	0.01003264300228239	0.01002095808061241	0.342929682646153
0.07320178292318028	-0.09836481232877041	0.04184164654339089	1.066393061990011	0.2296192145273758	0.2790100282688446	-0.08648087327660248	-0.5775237891018199	-0.6934703458355271	-0.3006272564736493	-0.682859829750366	1.144693957610603	0.5799649329790547	0.3256025781007981	2.378080491325314	-2.607677758273539	-1.428240414218341	-5.756269689497052	2.167480996476524	-7.429701182607834	-2.297490224240261	0.01007841739919925	0.01015426405808074	0.06934699093641483	0.01027429709459606	0.1484978581888864	0.5241476375281487	0.03357513974746141	0.01480523280485967	0.01001003369432215	0.02115484627298545	0.0342478549633805	0.01006348248641942	0.2312580526345578	0.1508554783433985	0.1207640734071278	0.1746670134561248	0.2182926583630258	0.05985244241066424	-0.002954655193393734	0.01005208224180939	0.01016108453689633	0.01174267330819334	0.01072425952417003	0.1894095611208484	0.500491164318547	0.0396389734498008	0.01415678535615864	0.01001081761547876	0.01001759555566173	0.01018020557060548	0.01006165680840485	0.2213636392152109	0.2885894207856723	0.4265072970128271	0.01003160503591721	0.01002022484361856	0.3200969337327537
0.07444249110831894	-0.09699911706536365	0.04256393453531435	1.066788738464473	0.2325925745074987	0.2758078697223044	-0.08818202794028077	-0.5845706838855204	-0.6907769078130798	-0.3096615772563289	-0.6855824231932979	1.057389363994782	0.5844835539932106	0.3122351380360291	2.411463381181998	-2.554950496926637	-1.314424412750097	-5.597705217384671	2.174139123833938	-7.112833717459035	-2.090371458441361	0.01007616229264248	0.01015479415399279	0.0651037754167151	0.01031851152964189	0.1512099807823269	0.5229924183983456	0.03409064763134151	0.01475834906333551	0.01001010076335493	0.02025351702539254	0.0323554455977939	0.01006339616118601	0.230612057653784	0.1598241564590842	0.1426556105764904	0.1645436978287015	0.2061875594416034	0.07836863686696785	-0.002885242228551893	0.01005045322163265	0.0101602284402947	0.01092499549609906	0.0108874702766567	0.1921733849683778	0.498604990330564	0.04059879634263692	0.01430931699178408	0.0100108644472314	0.01001686421004473	0.01016663454389604	0.01006320534058049	0.2187471299094645	0.293298054676304	0.4664167733616725	0.01003056706955203	0.01001949160662471	0.2972641848193544
0.07568319929345758	-0.09573911704679784	0.04329233382421951	1.067167967521691	0.2355931643224803	0.2726676030090674	-0.0897440043747231	-0.5913926994052197	-0.6880754623472397	-0.3182101963524729	-0.688044945652635	0.9740614873112202	0.5897645793013105	0.2991367294213075	2.423131899937401	-2.507589032086349	-1.203711572753281	-5.393379369623796	2.18052587968863	-6.66229260300944	-1.878778990848164	0.0100739432609655	0.01015516844062233	0.0611003266552056	0.01041462799116381	0.1539310196545281	0.5218272244712374	0.03464378529789316	0.01472898260167796	0.01001016511749133	0.01942335701381352	0.03060405617156056	0.01006332293566112	0.229975174371434	0.1680676951900812	0.163147667249104	0.1549065161022214	0.1946155296459681	0.08894781355296044	-0.002877151387415218	0.01004844728861211	0.01015840261599006	0.01070963642503642	0.0120500377563005	0.195440634231344	0.4977689772948646	0.04164155663799454	0.01448963006457735	0.01001088668313475	0.01001652123257138	0.01016777015348819	0.01006184205722753	0.2203620495630381	0.2872907649419166	0.4495072126171967	0.01002995560350855	0.01001887887376702	0.1538545696339899
0.07692390747859623	-0.09458119058777208	0.04402758738926304	1.067531173143094	0.2385996588709612	0.2695842965753485	-0.09116957454974038	-0.5979392990205121	-0.6853661597161655	-0.3261808481290323	-0.6902434815760092	0.8928485532341397	0.5955325320912438	0.2864056416884114	2.420981613952212	-2.463131515346098	-1.094539876684983	-5.153739293633455	2.186804747222096	-6.18116120957485	-1.664829770490158	0.01007174192139193	0.0101553599824328	0.05734660828023477	0.0105992417721502	0.1566762069037135	0.5206769701111327	0.03523472061475895	0.01471684326222845	0.0100102259720114	0.01865907422223105	0.02898482567541867	0.01006314253344309	0.2294677186831267	0.1753243491799321	0.1806733678534403	0.145742987052859	0.1835643867397454	0.08838086157364781	-0.002869060546278542	0.01004644135559157	0.01015657679168543	0.01049427735397378	0.01321260523594429	0.1987078834943102	0.4969329642591653	0.04268431693335217	0.01466994313737062	0.0100109089190381	0.01001617825509802	0.01016890576308033	0.01006047877387457	0.2219769692166116	0.2812834752075291	0.4325976518727209	0.01002934413746507	0.01001826614090933	0.01044495444862549
0.07816461566373488	-0.09352362969586474	0.04477017106467397	1.067878834931737	0.2415987981109	0.2665555675461569	-0.09245986197889366	-0.6041730142983843	-0.6826491126710438	-0.3336093996723137	-0.6921760022756714	0.8117154772420699	0.6015221960887216	0.2740346795672845	2.413187981695958	-2.418851741578607	-0.985099999068388	-4.893158202620849	2.192861436866965	-5.795277092835114	-1.450153400434049	0.0100695619227481	0.0101553614056655	0.05383464403105911	0.01112065571949454	0.1594292613834522	0.5195528302709057	0.03586179780488945	0.01472167145691683	0.01001028373300425	0.01795561279804073	0.02748895843466972	0.01006282500970743	0.2291193945910097	0.1815035506243852	0.194875368640904	0.1370404262612037	0.1730219457869452	0.0859262000455087	-0.002691939289725781	0.01004455749191036	0.01015421024258315	0.01041446546276172	0.02046000593793517	0.2015230159379	0.496598079465741	0.04376462428962552	0.01487841839878507	0.01001093380247839	0.01001604952484592	0.0101786697379105	0.01005818970322812	0.22486094480016	0.2693349232242784	0.3901829144456816	0.01002722283411256	0.01001693089285505	0.0953976380129169
0.07940532384887353	-0.09256749793406294	0.04552027085880415	1.068211205852112	0.2445868151566135	0.2635828022009658	-0.09361331952833171	-0.6100769394848236	-0.6799251700606316	-0.3405656628236571	-0.6938414036330647	0.7293465597415492	0.6076483905733812	0.261757033153413	2.403052681006165	-2.372919041966928	-0.8739724784392008	-4.622122954529334	2.197920297182098	-5.419841259774442	-1.234238063686867	0.01006740651525633	0.01015516614170552	0.05055647296358792	0.0121984324311902	0.1621755189355701	0.5184653040031066	0.03652353438202192	0.01474323289798125	0.01001033876218431	0.01730837916509243	0.02610828472044999	0.010062343691175	0.2289575996596508	0.1865173745782548	0.2053742846971324	0.1287858313709311	0.1629759641361083	0.08964452141456442	-0.002514818033173019	0.01004267362822915	0.01015184369348087	0.01033465357154966	0.02770740663992605	0.2043381483814897	0.4962631946723168	0.04484493164589887	0.01508689366019952	0.01001095868591868	0.01001592079459382	0.01018843371274067	0.01005590063258167	0.2277449203837084	0.2573863712410277	0.3477681770186423	0.01002510153076004	0.01001559564480078	0.1803503215772083
0.08064603203401217	-0.09171489659849241	0.04627802556012699	1.068528275582649	0.2475621553731414	0.2606688449654173	-0.09462722460797277	-0.6156431647257714	-0.6771959511890213	-0.3470122549428128	-0.6952378612314877	0.6445311576538647	0.6138382077008537	0.2493163130588234	2.393574895662348	-2.323649005225996	-0.7598366568026924	-4.350984573934979	2.201228701852257	-4.960572095465475	-1.016599726540391	0.01006529427584776	0.01015478419894518	0.04750079221907128	0.01369459534397051	0.1648887375386317	0.5174041976599449	0.03721623340862037	0.01478126498437814	0.01001039283892769	0.01671298644529784	0.02483447077381801	0.0100617565475709	0.2289256498835641	0.1905842474921916	0.2131626847175149	0.1209660978241824	0.1534141557910002	0.09608378570100062	-0.002498716551011217	0.01004128029841992	0.01014932160625458	0.01030073685352501	0.03285297261293649	0.2063094172344051	0.4955693898745878	0.04590495536320129	0.01532257000150351	0.01001102037530595	0.01001572862606799	0.01019513088086181	0.01005466125552104	0.2290514784174686	0.2493103652267111	0.3246698183741377	0.01002367099489481	0.0100146571309175	0.1815704349002606
0.08188674021915082	-0.09096939129979983	0.047043456987776	1.068829770189302	0.2505273426880666	0.2578185505722834	-0.09549733023924295	-0.6208746642040265	-0.6744637601575634	-0.3528466567016603	-0.6963634462407041	0.5567095750350229	0.6200231399989897	0.2366502029420151	2.386686400503513	-2.270295602959381	-0.6421702258652234	-4.082550822042387	2.202711360727452	-4.433001087116522	-0.7975961791288547	0.01006324175208876	0.0101542244921881	0.04465665234223616	0.01548589300273163	0.1675452223417903	0.5163599331122359	0.03793659575789322	0.01483553112263557	0.01001044754817209	0.01616546082459109	0.0236598290048358	0.01006111521506027	0.2289710349206914	0.1938930147116167	0.2190494130949584	0.1135677667064687	0.1443240079446256	0.1020860686147889	-0.002482615068849416	0.0100398869686107	0.01014679951902829	0.01026682013550035	0.03799853858594693	0.2082806860873205	0.4948755850768587	0.04696497908050371	0.0155582463428075	0.01001108206469322	0.01001553645754216	0.01020182804898294	0.01005342187846041	0.2303580364512288	0.2412343592123946	0.3015714597296332	0.01002224045902959	0.01001371861703421	0.182790548223313
0.08312744840428947	-0.0903348736750401	0.04781653317644605	1.069115398302728	0.2534862433712134	0.2550371961353164	-0.09621911945176488	-0.6257753293720347	-0.6717308403572015	-0.357996691801538	-0.6972166508304067	0.4655474576135881	0.6261466718359344	0.2237305217389317	2.383811424398246	-2.212422621734079	-0.5206962070920271	-3.818170361327509	2.202417589079809	-3.862393051593025	-0.577614989303168	0.01006126451071396	0.01015354116478204	0.04201211268536	0.0175156525043436	0.1701255799099706	0.5152836241581769	0.03867946046854502	0.01490573945030487	0.01001050609201208	0.01566202700859926	0.02257717932795112	0.01006043276335531	0.2290815101263995	0.1965388877804677	0.2233229533799291	0.1065771817589541	0.1356928517409311	0.1086104624187988	-0.002412314876388496	0.01003898288513533	0.01014520854749068	0.0102476388074108	0.04245321659502978	0.2095011512738003	0.4921534393719424	0.0479528675800071	0.01581950990848353	0.01001122108552959	0.01001539168736525	0.01021022400694873	0.01005238463985788	0.2313991300516423	0.2343915333402101	0.2827020254740336	0.01002083649770974	0.01001282344532789	0.2101399916534538
0.08436815658942812	-0.08981559990357876	0.04859714893444623	1.069384822526901	0.256444561737584	0.2523305367409619	-0.09678779282253949	-0.6303514568986844	-0.6689993649748802	-0.3624150462255949	-0.6977964027173572	0.3709384481924855	0.6321767901608371	0.2105298078153688	2.385747869005904	-2.149888434640749	-0.3953501138784311	-3.559402265041148	2.200382958492071	-3.253542306812081	-0.3567951676078455	0.01005937641783173	0.01015278244576724	0.03955575984874331	0.01973377045017115	0.1726122134594132	0.5141293511880705	0.03944022665688528	0.01499162764731174	0.01001057132263745	0.01519927387543466	0.02157992904854851	0.01005972083422908	0.2292457442153801	0.1986049932843307	0.2262245571195413	0.09998036308334265	0.1275076934633198	0.1164880677948682	-0.002342014683927577	0.01003807880165996	0.01014361757595308	0.01022845747932125	0.04690789460411262	0.21072161646028	0.489431293667026	0.04894075607951049	0.01608077347415955	0.01001136010636596	0.01001524691718833	0.01021861996491452	0.01005134740125537	0.2324402236520557	0.2275487074680256	0.2638325912184339	0.01001943253638989	0.01001192827362157	0.2374894350835947
0.08560886477456676	-0.08941587104091651	0.04938517699220029	1.06963768381565	0.2594085441412798	0.2497043896308722	-0.09719853842785545	-0.6346106275321419	-0.6662714820567057	-0.3660552391437504	-0.6981016980529609	0.2728518310220096	0.6380872462560938	0.1970275755412632	2.393096609655784	-2.082640158174402	-0.2661444073791096	-3.307539344663343	2.196621711668484	-2.610326263357858	-0.1351838330171037	0.01005760366976883	0.01015209157956606	0.03727612071444438	0.02213017401182877	0.1749230937517969	0.5127698888691419	0.04020381648214447	0.01509153761292334	0.01001065280483901	0.0147739607735233	0.02066182806375619	0.01005898764670243	0.2294354138628621	0.2001468315556916	0.2279657173478321	0.09376318737239035	0.1197553637984137	0.1259466828185418	-0.002170055543719764	0.0100379753551029	0.01014527979009579	0.01021520505202115	0.05156456129740763	0.2091029736177211	0.4811963804839197	0.04958354167096914	0.01633374735638457	0.01001173971435434	0.01001515515474215	0.0102301700027815	0.01005044646449494	0.2326182417820488	0.221199748982982	0.248822340404026	0.01001809985420416	0.01001109169220086	0.2755780656888852
0.08684957295970543	-0.08913994494699323	0.05018045077852423	1.069873604372064	0.2623852047883024	0.2471645622866845	-0.09744666851999804	-0.6385618989056355	-0.6635493638449967	-0.3688822880745905	-0.6981314736052234	0.1713705482851582	0.6438567752251201	0.1832216427966234	2.406185051518555	-2.010742482727588	-0.1332167547026018	-3.063074196361502	2.191090357664371	-1.942769238923236	0.08733792353641398	0.01005596960087943	0.0101515961638624	0.03516233318409788	0.02469591204104673	0.1769837622213863	0.5110857089175131	0.04095678866859772	0.01520399005425016	0.01001075905822365	0.01438316603411242	0.01981716196551241	0.0100582405217724	0.2296243706194515	0.2012134151033306	0.2287325594179991	0.08791129166364225	0.1124223395971847	0.137173732981875	-0.001998096403511951	0.01003787190854584	0.0101469420042385	0.01020195262472104	0.05622122799070264	0.2074843307751622	0.4729614673008133	0.0502263272624278	0.01658672123860959	0.01001211932234271	0.01001506339229597	0.01024172004064848	0.01004954552773452	0.2327962599120419	0.2148507904979385	0.2338120895896181	0.01001676717201842	0.01001025511078015	0.3136666962941758
0.08809028114484407	-0.08899198880621784	0.05098278656864739	1.070092209379307	0.265381780197983	0.2447167854763154	-0.09752763497487901	-0.6422145162942562	-0.6608352250616127	-0.3708718559249207	-0.6978845461190905	0.06663270276746722	0.6494655424889239	0.1691195704639224	2.425227875229819	-1.934324213001936	0.003232038529428537	-2.82609185799991	2.183748888549781	-1.264849408528922	0.3109086539823087	0.01005448626447458	0.0101514019793036	0.03320372869972697	0.02740040608225683	0.1787382489624948	0.5090038584835165	0.04168323376954475	0.01532715702814202	0.01001090242096317	0.01402411492501042	0.0190403502553817	0.01005749406644661	0.2297750118466918	0.2018226369301371	0.2286314176942986	0.08241022469454627	0.1054949255426941	0.1500607810516982	-0.001815559340621097	0.0100383321398472	0.01015150878755212	0.01019150692428549	0.06053417976927877	0.2034926046801143	0.4610249725682612	0.05044090616960481	0.01682104197876549	0.01001284156895004	0.01001498548750559	0.01025345270729805	0.01004896374999359	0.2316824946495146	0.2080574326892562	0.2202960259288695	0.01001559149979802	0.01000952104344222	0.3544811922068737
0.08933098932998271	-0.0889758413424572	0.05179197319263915	1.070293145632457	0.2684056508856488	0.2423664530901735	-0.09743732836163423	-0.645577613603549	-0.6581313307480143	-0.3720220701633834	-0.6973594742163942	-0.04110271855583289	0.6549002018785077	0.1547399239215198	2.45018450068935	-1.853663804862709	0.1428724216106338	-2.596372695822151	2.174576466293888	-0.5897470001916735	0.535701881769918	0.0100531643968027	0.01015160325091446	0.03139028886824521	0.03021697076429479	0.1801351732150767	0.5064555636623751	0.0423689516848092	0.01545940896839038	0.01001109388297378	0.01369431049456048	0.01832631152013958	0.01005676129185373	0.2298526278320961	0.2019897059493577	0.2277557258299832	0.07724541906622868	0.09895910715208817	0.1645087392123832	-0.001633022277730243	0.01003879237114856	0.01015607557086574	0.01018106122384995	0.0648471315478549	0.1995008785850664	0.4490884778357091	0.05065548507678182	0.0170553627189214	0.01001356381555737	0.01001490758271521	0.01026518537394764	0.01004838197225266	0.2305687293869873	0.201264074880574	0.2067799622681209	0.01001441582757761	0.01000878697610429	0.3952956881195717
0.09057169751512137	-0.08909509801816098	0.05260779058731241	1.070476076512661	0.2714640983249984	0.2401186915037694	-0.09717194117263163	-0.6486601440750451	-0.6554399576364349	-0.3723404582356563	-0.6965546633757902	-0.151496453033522	0.6601544657270312	0.1401047022740345	2.480824258674092	-1.769154267054144	0.2852961189839507	-2.37373273158516	2.163600023341193	0.07417530704910977	0.7618670883973897	0.01005199176594309	0.01015217568477538	0.02971231901212614	0.03309005486790716	0.1811932322429278	0.5034774960502263	0.04302020942370109	0.0156028809164156	0.01001133195895861	0.01339138296670103	0.01766992666141269	0.01005606198733258	0.2298196404738275	0.2017615564846987	0.2263218312820076	0.07240228821228177	0.09280072996434706	0.1798675754514022	-0.001553026257689313	0.01003928490071104	0.01016085596422391	0.01017328306454769	0.06804928865720476	0.1953204545340161	0.4378095106807711	0.05094404758044309	0.0173594371199273	0.01001434697831438	0.01001480039116531	0.01027046063023207	0.01004829771384093	0.2280175877060462	0.1951202346161005	0.1991798627951032	0.01001347667173469	0.01000820230444216	0.421491315271726
0.09181240570026002	-0.08935265975952986	0.05343001984592171	1.070640712425928	0.2745637059961058	0.2379777716160011	-0.09672847360981728	-0.6514706142336324	-0.6527632083217381	-0.3718437989587076	-0.6954683993426725	-0.2640480848255825	0.6652360186330679	0.125248757910145	2.516533985513481	-1.681436840468213	0.4299349013462269	-2.157815926942408	2.151003153756476	0.7240952274431144	0.9893995462616172	0.01005095747605662	0.0101530976395128	0.02816077919881613	0.03597116741083149	0.1819287766478849	0.5001038200288243	0.04364258522308908	0.01575947425194806	0.01001161532590709	0.01311320318661293	0.01706655239883079	0.0100554137801557	0.2296413037947188	0.2011805434357769	0.2245285635725399	0.06786627587745482	0.08700540803645559	0.1955895969971137	-0.001473030237648384	0.01003977743027351	0.01016563635758207	0.01016550490524544	0.07125144576655461	0.1911400304829658	0.4265305435258331	0.05123261008410436	0.01766351152093319	0.01001513014107139	0.01001469319961541	0.01027573588651651	0.0100482134554292	0.2254664460251051	0.1889763943516269	0.1915797633220854	0.01001253751589177	0.01000761763278003	0.4476869424238802
0.09305311388539866	-0.0897509820317046	0.05425845114725292	1.070786795462041	0.2777104741161722	0.2359473852479917	-0.0961044272560343	-0.654017186072188	-0.6501030026517528	-0.3705503527336231	-0.694099002751712	-0.3782158364257025	0.6701567917579673	0.1102122322327636	2.556580563228996	-1.591220513640406	0.5761806633332186	-1.948105621362391	2.137021265752158	1.3576352186948	1.218233047986678	0.0100500525053326	0.01015435568169955	0.0267269213944957	0.03883620820079506	0.1823656486153639	0.4963517598418244	0.04424007750467544	0.01593122729996635	0.0100119429768755	0.01285775322647024	0.01651168578881257	0.01005483005532857	0.229302803919593	0.2003080413201718	0.2225879345827646	0.06362288007108163	0.08155866885721141	0.2112808081392044	-0.001429641300193412	0.01004033227972757	0.01017079661685947	0.01015955117987105	0.07386449608965792	0.187045571147927	0.41524532304606	0.05156282400673176	0.0180432602793645	0.01001597996747484	0.01001455186057775	0.01027255284580359	0.01004854938757356	0.2221170043738682	0.1841800222546811	0.1905793768877587	0.01001183295808643	0.01000717925701501	0.4621849871070355
0.09429382207053733	-0.09029160630506429	0.05509289818441605	1.070914139397158	0.2809090855120373	0.2340300113664003	-0.09529832286373605	-0.6563068932555635	-0.647460817160623	-0.3684830798147074	-0.6924449868695011	-0.4934364714676465	0.6749332818512058	0.09504165194058896	2.600104414224043	-1.499262630753728	0.7234093389320254	-1.743754388590185	2.121954915526186	1.971490637418532	1.448200907467365	0.01004926881743003	0.01015593784446187	0.02540263992252309	0.04166413473553061	0.1825251519489341	0.4922372691838795	0.04481624960886162	0.0161199542750532	0.01001231401493862	0.01262322249047686	0.01600125478061985	0.01005432273543284	0.2287903389344448	0.1992003124646384	0.220697433405013	0.05965778193918424	0.07644593459458582	0.2266074933495391	-0.00138625236273844	0.01004088712918163	0.01017595687613687	0.01015359745449666	0.07647754641276125	0.1829511118128882	0.4039601025662869	0.05189303792935917	0.0184230090377958	0.01001682979387829	0.01001441052154009	0.01026936980509067	0.01004888531971792	0.2187675627226312	0.1793836501577352	0.189578990453432	0.01001112840028109	0.01000674088124998	0.4766830317901908
0.09553453025567597	-0.09097560586499881	0.05593318912400199	1.071022597537539	0.2841634901447213	0.2322274955208255	-0.09430919837124875	-0.6583460078891029	-0.6448378678694668	-0.3656678214557159	-0.6905050216783549	-0.6091540427366092	0.6795833349523063	0.07978413250735945	2.646219283916588	-1.406318301712336	0.8710083761335938	-1.543828416524908	2.106121612340756	2.562459235736854	1.679102593822628	0.01004859823813464	0.01015783259605172	0.02418012196056115	0.04444072278978076	0.182430531464973	0.4877744487212884	0.04537425694622901	0.0163280302193158	0.01001272759516789	0.01240789650116786	0.015531482905551	0.01005389909312774	0.2280970900133188	0.1979137460053417	0.2190384240021966	0.05595679179646827	0.07165261061787588	0.2412443510745888	-0.001290031508863426	0.01004149032673014	0.01018149142583201	0.01014892029453299	0.07863350938895963	0.1790421400719114	0.3926159235639863	0.05225961513733766	0.0188944878200391	0.01001774632551549	0.01001424254621252	0.01026000900669781	0.0100495468354974	0.2148438266532504	0.1760126546430698	0.194827840002446	0.01001064043601234	0.01000643355989298	0.4784803304381838
0.09677523844081462	-0.09180315918687755	0.05677918326895796	1.071112099991264	0.2874761540030701	0.2305404574430143	-0.09313707214350418	-0.6601391827079284	-0.6422348308843686	-0.3621349639385425	-0.6882781532254558	-0.7248426788652652	0.6841267484516349	0.06448541115515401	2.694017323149216	-1.313114421202412	1.018404998054496	-1.347303735459154	2.089856600347121	3.128248396050583	1.910683979096736	0.01004803348616308	0.01016002966379396	0.02305216860693372	0.04715346242500113	0.1821027654887231	0.4829763426674658	0.04591691548596392	0.01655756786784281	0.01001318296495207	0.01221023868637659	0.01509896286473266	0.01005356560640122	0.2272166041418655	0.1965003763252341	0.2177795666809429	0.05250604744557599	0.06716414480432432	0.2549065420102608	-0.001193810654988412	0.01004209352427866	0.01018702597552716	0.01014424313456932	0.08078947236515803	0.1751331683309345	0.3812717445616856	0.05262619234531615	0.01936596660228241	0.01001866285715268	0.01001407457088495	0.01025064820830496	0.01005020835127689	0.2109200905838696	0.1726416591284043	0.2000766895514601	0.01001015247174358	0.01000612623853597	0.4802776290861769
0.09801594662595325	-0.09277401665166825	0.057630756685656	1.071182614257782	0.2908487889051182	0.2289689224469642	-0.09178242732494049	-0.6616902106893705	-0.6396521021731988	-0.3579165261474904	-0.6857636474736855	-0.839999255475715	0.6885835392856616	0.04918949115769564	2.742602836761938	-1.220351475296656	1.165053745339113	-1.153149129678927	2.073496152870429	3.667024201422903	2.142671158932352	0.01004756740811182	0.01016252042937115	0.02201186508966427	0.04979223769576099	0.1815578066800484	0.4778568267586593	0.04644614997287234	0.01681113417223331	0.01001367936751829	0.01202879512972123	0.01470061946783724	0.01005332475297155	0.2261472917752925	0.1949929253976419	0.2170162979271221	0.04929188324182085	0.06296604468155725	0.2673871049056688	-0.001059358229309451	0.01004273841754364	0.01019296046624356	0.01014051222612898	0.08252543485753328	0.1712797906961625	0.369924358364946	0.05301024592223269	0.0199431289608743	0.01001964499368848	0.01001389428879619	0.01023896710701415	0.0100511090354851	0.2065836166885966	0.1701198381625946	0.2092821128452631	0.01000984676561075	0.01000592834642395	0.4710971834985005
0.0992566548110919	-0.09388714148505861	0.05848781778779702	1.071234177269187	0.2942816733428641	0.2275118131744011	-0.09024659800254195	-0.6630011827417285	-0.6370895261046786	-0.3530474002295953	-0.6829612555314756	-0.9541752340029489	0.6929727983654874	0.03393631295655957	2.791138636441727	-1.128662098182137	1.310471296662003	-0.9603380035689252	2.057370874340934	4.177146724643922	2.374751503275384	0.0100471936320319	0.01016529721544249	0.02105287092658818	0.05234805242249556	0.1808100903167106	0.4724287556755623	0.04696367912311539	0.01709101081176281	0.01001421612878054	0.0118622640376746	0.01433368303123455	0.01005317873974805	0.2248875267969601	0.193421688596814	0.2168359749004328	0.0463010856598796	0.05904401309910592	0.2784949405645092	-0.0009249058036304903	0.01004338331080862	0.01019889495695996	0.01013678131768864	0.08426139734990853	0.1674264130613905	0.3585769721682063	0.05339429949914924	0.0205202913194662	0.01002062713022428	0.01001371400670743	0.01022728600572334	0.01005200971969331	0.2022471427933236	0.1675980171967849	0.218487536139066	0.01000954105947792	0.01000573045431192	0.4619167379108242
0.1004973629962306	-0.09514113787455118	0.05935029055116154	1.071266858044486	0.2977744069772416	0.2261675439939776	-0.08853130446432782	-0.6640733458007337	-0.6345466752395639	-0.3475637673585941	-0.6798709945214084	-1.066959587614978	0.6973123308086859	0.01876208076622415	2.83884599861919	-1.038629766510681	1.454215820901296	-0.7679154665328515	2.041800442169454	4.657362443137031	2.606599475059368	0.01004690604369631	0.01016835428973561	0.02016911328625345	0.0548151417060324	0.179872552297163	0.4667084977591201	0.04747082130579108	0.0173999148456623	0.01001479254034669	0.01170941442854042	0.01399564670242907	0.0100531267134896	0.2234477914133677	0.1917884256999747	0.2171891383502169	0.04352069315425446	0.05538388755683566	0.2882756750692874	-0.0007903617493110072	0.0100440675431525	0.01020526540081052	0.01013379971134885	0.08564418668999345	0.1636021921241902	0.3473926201043497	0.05378795700646615	0.0212169459821853	0.01002167315972254	0.01001353945403571	0.01021618727375121	0.01005307980891003	0.1979133243494856	0.1650198061302212	0.2271513978300927	0.01000937047816306	0.01000561524120926	0.4497000300363531
0.1017380711813692	-0.09653400360210122	0.06021812521380123	1.07128077736433	0.3013254340238953	0.2249336627969342	-0.08663891781413231	-0.6649065671090464	-0.6320226209686165	-0.341502982304023	-0.676493435426138	-1.178030204573867	0.7016160827939513	0.00369317011651499	2.885106712283059	-0.9507185669448571	1.595942319908577	-0.5751683344004191	2.027071087779658	5.107505978503981	2.837871002766618	0.01004669919683857	0.01017168654576868	0.01935504719707682	0.05718829739640953	0.1787569452920064	0.4607112908708358	0.04796875440079285	0.01774025907803254	0.01001540797122693	0.01156914501509112	0.01368425600874741	0.01005316791408869	0.2218376792934331	0.1900947690265209	0.2180288035208301	0.04093829413980689	0.05197184414201258	0.2967583903527391	-0.000655817694991524	0.01004475177549638	0.01021163584466108	0.01013081810500906	0.08702697603007835	0.15977797118699	0.336208268040493	0.05418161451378305	0.0219136006449044	0.01002271918922079	0.01001336490136399	0.01020508854177907	0.01005414989812676	0.1935795059056477	0.1624415950636574	0.2358152595211193	0.01000919989684819	0.0100055000281066	0.437483322161882
0.1029787793665079	-0.09806348849507285	0.06109128271224488	1.071276075857712	0.30493272106443	0.223807358431021	-0.08457207449722379	-0.6655001704671561	-0.6295162046911231	-0.3349023835709879	-0.6728294382102662	-1.287106266105358	0.7058959704076181	-0.0112483506756255	2.92938109466152	-0.8653364828242877	1.735350084411583	-0.3814856487324106	2.01345330993245	5.527600722315309	3.068211596415773	0.01004656830130236	0.01017529069077338	0.01860537555145433	0.05946200666182171	0.177473892376068	0.4544543353499494	0.04845815107708177	0.01811480205342248	0.01001606174442668	0.01144041467759493	0.01339741725607537	0.01005330049715856	0.2200691302703434	0.1883363886459482	0.219278377201753	0.03854177097403645	0.04879426119336635	0.3040052685313955	-0.0005470621877974965	0.01004548368717625	0.01021847855374007	0.01012849935610421	0.08803832764029082	0.1559637109622549	0.3252894670194845	0.05457348019290719	0.02274166723088107	0.0100238271790361	0.01001320841992013	0.01019561934491807	0.01005536262088985	0.1893422165178173	0.1596134818160859	0.2428864245928579	0.01000913180523138	0.01000545008960778	0.4236055602610273
0.1042194875516465	-0.09972694018576586	0.06196974048057824	1.071252924022114	0.3085934648323628	0.2227852306416106	-0.08233384194760734	-0.6658526355714878	-0.6270258459499155	-0.3277989710159357	-0.6688804639735159	-1.393982343274004	0.7101600231653167	-0.02604843928126035	2.971278086055892	-0.7827877469453822	1.872218765550361	-0.1864578422252634	2.001186627953892	5.918032772500768	3.29724898287205	0.01004650909025822	0.0101791637913053	0.01791527931281819	0.06163125618233078	0.1760330752447299	0.447953691419667	0.04893961207454476	0.01852599050712493	0.01001675325692397	0.0113222926280103	0.01313325007080223	0.01005352281974887	0.2181531403643273	0.1865092513300395	0.2208666606964324	0.03631962397760362	0.04583797836479866	0.3100638942682357	-0.0004383066806034688	0.01004621559885611	0.01022532126281905	0.01012618060719937	0.08904967925050331	0.1521494507375198	0.3143706659984761	0.05496534587203133	0.02356973381685775	0.0100249351688514	0.01001305193847627	0.01018615014805707	0.01005657534365294	0.1851049271299868	0.1567853685685144	0.2499575896645964	0.01000906371361456	0.01000540015110896	0.4097277983601725
0.1054601957367852	-0.1015215516345967	0.06285348180477741	1.071211502376008	0.3123045685564418	0.2218636485505774	-0.07992745363078509	-0.6659621420268454	-0.6245497724474046	-0.3202293742165732	-0.6646482855665007	-1.498483394229532	0.7144148092224276	-0.04069603784174146	3.010462912984831	-0.7033340798457796	2.006360455006847	0.01026165694419873	1.990497049333411	6.279214790934804	3.524602551811603	0.01004651793033478	0.01018330494836519	0.01728016261915109	0.06369984250507586	0.1744444248634384	0.441223752034637	0.04941308647017718	0.01897652313996203	0.01001748184259775	0.01121389899517768	0.01288997571050269	0.01005383332246268	0.2160952933481851	0.1846218274829582	0.2227753828616963	0.03426067441784652	0.04309009282824189	0.3149710333354782	-0.0003676258548953339	0.01004700456183917	0.01023268068902263	0.01012445134076368	0.0899146599429661	0.1483669625208104	0.303669475801193	0.05533937108977115	0.02453902226301464	0.01002610281738637	0.01001291895587318	0.01017837847472409	0.01005793049997942	0.1807948301341009	0.1541121885418749	0.2571380224036308	0.01000908260892776	0.01000540852784606	0.3939760698467015
0.1067009039219238	-0.103444267144844	0.06374249910373186	1.071152005970984	0.3160624511570479	0.2210386066195097	-0.07735640990133211	-0.665826361675155	-0.6220858581253722	-0.3122295599369843	-0.6601353171387571	-1.600483841693311	0.7186648019006863	-0.05518463431586001	3.046684831678405	-0.6271667148858683	2.137640400405675	0.2089401476827867	1.981586256373757	6.611535514321676	3.749877592478684	0.01004659158512102	0.01018771336075945	0.0166958575371694	0.06567098810330332	0.1727170302388622	0.4342779498164632	0.0498785272140632	0.01946879018305201	0.01001824690811216	0.0111144476087019	0.0126659985994285	0.01005423061621799	0.2139007039263307	0.1826819695522079	0.2249873515360972	0.03235440015792758	0.0405382585184076	0.3187541035138992	-0.0002969450291871989	0.01004779352482223	0.01024004011522621	0.01012272207432798	0.09077964063542888	0.144584474304101	0.2929682856039099	0.05571339630751097	0.02550831070917152	0.01002727046592134	0.01001278597327009	0.01017060680139111	0.01005928565630591	0.176484733138215	0.1514390085152355	0.2643184551426653	0.01000910150424096	0.01000541690458315	0.3782243413332304
0.1079416121070625	-0.1054919373414485	0.06463678807267528	1.071074634296849	0.319863341388246	0.220305955692406	-0.07462431160342617	-0.6654427622114999	-0.619631815249712	-0.3038351679928865	-0.6553443020126206	-1.699880926213561	0.7229135767348026	-0.06950986934905658	3.079730416280786	-0.5544436050574187	2.265948510127168	0.409806778313034	1.974642457797603	6.915446289214895	3.972675894294893	0.01004672700714791	0.01019239170044695	0.01615839283417182	0.06755410898542273	0.1708610801417744	0.4271273602433913	0.05033516613619488	0.02000538292139558	0.01001904779834025	0.01102319537375464	0.01245979948838615	0.01005471333936465	0.2115735020523975	0.1807037629581615	0.2274921258462036	0.03059061252789356	0.03817042726454164	0.3214838862331711	-0.0002404573151089212	0.01004863972103771	0.01024799774582302	0.01012146988714524	0.09166986123041022	0.1408812225715126	0.2824055576478451	0.05605077031245317	0.02662744401578178	0.01002849551564388	0.01001267807834469	0.01016433338263397	0.01006078205191613	0.1720761762093136	0.1491319333495313	0.2718211694718509	0.01000919937553619	0.01000548144428628	0.3623393175230177
0.1091823202922011	-0.1076612777126953	0.06553634900917041	1.070979590760023	0.323703170010285	0.2196613372291348	-0.07173490392143322	-0.6648084884333733	-0.6171850682783205	-0.2950809476291003	-0.6502786439680621	-1.79661403282093	0.7271631222157546	-0.08367136756999455	3.109452827445943	-0.4852599345924417	2.391220374944258	0.613022774239954	1.9698253989379	7.191572482361068	4.192597183517659	0.01004692148190506	0.01019734234702334	0.0156641767888893	0.06935746295600706	0.168885942381806	0.419782291356686	0.05078231326100214	0.02058859274711817	0.01001988392974006	0.01093947865627945	0.01227001701061904	0.01005528027898117	0.2091174626495676	0.1787002934732616	0.2302798822053455	0.02895979171477993	0.0359751731874834	0.3232207746616943	-0.0001839696010306435	0.01004948591725319	0.01025595537641983	0.0101202176999625	0.09256008182539156	0.1371779708389243	0.2718428296917804	0.05638814431739538	0.02774657732239204	0.01002972056536642	0.01001257018341929	0.01015805996387683	0.01006227844752635	0.1676676192804122	0.1468248581838271	0.2793238838010365	0.01000929724683143	0.01000554598398941	0.3464542937128051
0.1104230284773397	-0.1099489624674653	0.06644118351074603	1.070867078234096	0.3275777606133435	0.2191003271321927	-0.06869197573420395	-0.6639205667033541	-0.6147429154241395	-0.2860010976575203	-0.6449420784221751	-1.890643006336858	0.7314144110684757	-0.09767082083022559	3.135743842843937	-0.4196799639180027	2.513413268096829	0.8187001882937457	1.967280238027528	7.44060914500585	4.409241684277757	0.01004717209833712	0.01020257272608182	0.01520979022741517	0.07108104901647479	0.1668007910233163	0.4122553718310948	0.05121889625100396	0.0212209340087874	0.01002075465344902	0.01086267030572208	0.0120953543332476	0.01005592964128441	0.2065424672724898	0.1766750166159497	0.2332815657726567	0.02745275149346035	0.03394139347562048	0.3240418654568455	-0.0001118205339860617	0.01005038106342284	0.01026463432269573	0.01011931764619242	0.09326651705976793	0.1335594474821563	0.2615264068050754	0.05667791367147126	0.0290247115429408	0.01003100068810934	0.01001248830763634	0.01015308629745745	0.01006390066968926	0.1633718262131125	0.144586120790691	0.2851111314869479	0.01000946724775395	0.01000566551270185	0.3312244698576856
0.1116637366624784	-0.1123516310663749	0.0673512928692357	1.070737293406515	0.3314828262989401	0.2186184438299623	-0.06549935373950803	-0.6627759375273955	-0.6123024394747779	-0.2766285579349552	-0.639338997749915	-1.981965993307244	0.7356661009434783	-0.1115140163604959	3.15857810680105	-0.3577089159262874	2.632524195562482	1.026830768999599	1.967122262560613	7.663383273240385	4.622214918517585	0.01004747626344769	0.01020808945143384	0.01479214790222448	0.07272477651090126	0.1646140850934535	0.4045584083670561	0.05164395177506573	0.02190462646093109	0.010021659391507	0.01079221046596169	0.01193465043898224	0.01005665982845114	0.2038576757913982	0.1746311441881259	0.2364340473548293	0.02606096484402959	0.03205864396115021	0.3240152227490835	-3.967146694147986e-05	0.0100512762095925	0.01027331326897163	0.01011841759242234	0.0939729522941443	0.1299409241253883	0.2512099839183705	0.05696768302554715	0.03030284576348956	0.01003228081085226	0.0100124064318534	0.01014811263103807	0.01006552289185217	0.1590760331458127	0.1423473833975549	0.2908983791728593	0.01000963724867648	0.01000578504141429	0.3159946460025661
0.1129044448476171	-0.1148659293073367	0.0682666767777988	1.0705904273338	0.3354140764954178	0.218211213586198	-0.06216085897583638	-0.661371573396489	-0.6098606339712807	-0.2669955616583529	-0.6334741197405146	-2.070597168875791	0.7399156484345535	-0.1252085385793796	3.177971023498894	-0.2993264822360309	2.748566250505004	1.23734086129967	1.969452739834296	7.860755475356655	4.831126294596384	0.01004783128062181	0.01021390482786779	0.01440831694290044	0.07427977271115348	0.1623330844358824	0.3967069937215448	0.05205637588324245	0.02264208471377319	0.01002259747860609	0.01072757022539175	0.01178680123709322	0.01005746837433173	0.201077381643429	0.1725599636778804	0.2396272130898525	0.02477622860000846	0.03031681463733807	0.3232134695585746	4.201077266065007e-05	0.01005221439081913	0.01028285761955396	0.01011778822568487	0.09425685425841057	0.1263791481113973	0.2413056182824684	0.05720478773288386	0.03174850501042688	0.01003361316267947	0.01001235296326785	0.01014430408569093	0.01006724818404335	0.1550749076128065	0.1397972725029115	0.293242434315562	0.01000986983256911	0.01000595674183173	0.3017391231753747
0.1141451530327557	-0.1174885481877769	0.06918732874052848	1.070426655944779	0.339367311115172	0.2178742323212718	-0.05868026981732577	-0.6597046832723363	-0.607414347128189	-0.25713287883445	-0.6273527980762856	-2.15657700266825	0.7441581143506965	-0.1387650922180534	3.194016584449421	-0.24446875841746	2.861577919195135	1.450018225549693	1.974346101307604	8.033634095313111	5.035597616514189	0.01004823474787184	0.01022002981520984	0.01405565614879705	0.07573801881504277	0.1599644936140565	0.388715790511517	0.05245517598190561	0.02343543684860503	0.0100235683221402	0.01066827759032128	0.01165081902173953	0.01005835308221035	0.1982148962941175	0.1704533756963658	0.2427607019929541	0.02359097226381321	0.028706464457131	0.3217019467214813	0.0001236930122627802	0.01005315257204576	0.0102924019701363	0.01011715885894741	0.09454075622267684	0.1228173720974063	0.2314012526465662	0.05744189244022056	0.03319416425736419	0.01003494551450667	0.01001229949468229	0.01014049554034379	0.01006897347623453	0.1510737820798004	0.1372471616082681	0.2955864894582646	0.01001010241646174	0.01000612844224918	0.2874836003481833
0.1153858612178943	-0.1202162173234045	0.07011323769311573	1.070246145703037	0.3433384235038706	0.2176031574867593	-0.05506132787687387	-0.6577726794795258	-0.6049603711588528	-0.2470705209896554	-0.6209806966819231	-2.239954208409873	0.7483876835659324	-0.1521953447359937	3.206836663870621	-0.1930563751804707	2.97160524414843	1.664598830556472	1.981863972821614	8.18293806304627	5.235259657469805	0.01004868473292707	0.01022648098770217	0.01373165961110272	0.07709450787303021	0.1575145585011404	0.3805989780326978	0.05283897575219428	0.02428676765864692	0.01002457123456767	0.01061388680126869	0.01152576531806307	0.0100593114960309	0.1952817332049702	0.1683033745876379	0.2457544400780811	0.02249793223293805	0.02721848560616496	0.3195579211055243	0.0001897428643696687	0.01005414174888428	0.01030295979216506	0.01011679273145639	0.09447132820191773	0.1193056588894924	0.2219032766670913	0.05761488843797815	0.03481007221476707	0.01003632705166541	0.01001227824954102	0.01013774915381064	0.0100707927518993	0.1473208961965914	0.1343812487406328	0.2950095073277891	0.01001038370157828	0.01000634632367639	0.2747709986259894
0.116626569403033	-0.123045754794959	0.07104438193642698	1.070049042892059	0.3473235403476357	0.2173937956831378	-0.05130769200736118	-0.6555734745665678	-0.6024954163904589	-0.2368369621163001	-0.6143640709777899	-2.320787022994137	0.752597313670066	-0.1655120260764283	3.216591496535705	-0.1449883859658346	3.078702235338425	1.880741928421754	1.992043729542109	8.309607292986733	5.429766532776959	0.01004917951462579	0.01023327310800906	0.01343407442338757	0.07834465780942332	0.1549890574713292	0.3723699154215173	0.05320653716414547	0.02519790996905817	0.01002560560348012	0.0105640001852739	0.01141080112242576	0.01006034142807027	0.1922886329165261	0.1661025144405905	0.2485353342240515	0.0214904390824064	0.02584442803242174	0.3168521398311858	0.0002557927164765574	0.01005513092572281	0.01031351761419383	0.01011642660396538	0.09440190018115863	0.1157939456815785	0.2124053006876163	0.05778788443573573	0.03642598017216994	0.01003770858882415	0.01001225700439974	0.0101350027672775	0.01007261202756407	0.1435680103133826	0.1315153358729975	0.2944325251973136	0.01001066498669482	0.01000656420510361	0.2620583969037953
0.1178672775881716	-0.1259740285284819	0.07198073371090288	1.069835483087558	0.3513189280825801	0.2172420411232001	-0.04742297505127671	-0.653105277412017	-0.6000161673026013	-0.2264598982915201	-0.6075094575156584	-2.399134346256597	0.7567797281363509	-0.1787278086797091	3.223447815265731	-0.1001584134996146	3.18292281075257	2.09809242772551	2.004910921440977	8.41456859536512	5.618786721209291	0.01004971849441898	0.01024042685452743	0.01316076698604365	0.07949151965632159	0.1523940207946309	0.3640384621195641	0.05355598426145537	0.02617021887825738	0.01002667076198389	0.01051824225979984	0.01130512883946475	0.01006144160924595	0.1892413822442937	0.1638506834044706	0.2510823834026572	0.0205621085294105	0.02457616446254652	0.3136568995823769	0.0003061280798305235	0.01005619547716472	0.01032524921289177	0.01011637179076994	0.09418140555786282	0.1123466035972053	0.2031868486142776	0.05787833349507668	0.03820387568768793	0.01003913720202497	0.01001227208306163	0.01013321583418121	0.01007454419897348	0.1399104466717183	0.1285599480370239	0.2926218539543622	0.01001097674645521	0.01000681831788854	0.2510513016286207
0.1191079857733103	-0.1289980005674183	0.07292225331354464	1.069605581639183	0.355321124473823	0.2171439669052076	-0.04341070504630979	-0.6503668792816586	-0.5975192847634374	-0.2159655221674215	-0.600423914150673	-2.475051061852217	0.7609277639282603	-0.191854472990494	3.227566921969942	-0.05845656900387045	3.284315576216708	2.316301308389386	2.020468545863636	8.498712773834331	5.802021495419796	0.01005030113913602	0.01024796064544777	0.01290982184493882	0.08053772646037193	0.1497350383932683	0.355613890728443	0.05388562901960068	0.0272048788198416	0.01002776611606341	0.01047627813056288	0.01120803580671305	0.0100626109091104	0.1861453802302385	0.1615477702557875	0.2533761263891779	0.01970710442607934	0.02340619770850906	0.3100391256310314	0.0003564634431844898	0.01005726002860663	0.01033698081158971	0.01011631697757451	0.09396091093456703	0.108899261512832	0.1939683965409389	0.05796878255441763	0.0399817712032059	0.01004056581522579	0.01001228716172353	0.01013142890108493	0.01007647637038289	0.1362528830300539	0.1256045602010503	0.2908111827114108	0.0100112885062156	0.01000707243067347	0.240044206353446
0.120348693958449	-0.1321146773292316	0.07386889515008424	1.06935944436033	0.3593267991900957	0.2170957375072795	-0.0392743711297673	-0.6473573583600251	-0.5950014318107132	-0.2053792977270336	-0.5931147389892545	-2.548587025650489	0.7650345134510309	-0.2049030237044626	3.229100824434947	-0.01977531628759081	3.38292330098106	2.535030996006277	2.038709167453275	8.562917981326203	5.979189871950839	0.01005092838911508	0.01025590041473629	0.01267942702765307	0.08148584098983308	0.1470165996820064	0.3471036494116371	0.05419330386288153	0.02830210437493796	0.01002889110133904	0.0104377916209684	0.01111884371376632	0.01006385013600758	0.1830019654691193	0.159196042320146	0.2554194616546199	0.01891985136337353	0.02232733599390445	0.3060695005692825	0.0004026368892639834	0.0100584342524049	0.01035008940745235	0.01011663508873662	0.0935918548252042	0.1054880534898955	0.1849660418274038	0.0579617518557282	0.04190030470784327	0.01004204141796656	0.01001234189784516	0.01013049070080544	0.01007856599545258	0.1325633037331172	0.1226352769364725	0.2885211253979811	0.01001161099218504	0.0100073500056236	0.230965073215252
0.1215894021435876	-0.1353211359429897	0.07482060286977914	1.069097160500558	0.3633328502485261	0.2170936865477812	-0.03501740494757952	-0.6440763225085165	-0.5924592997669718	-0.1947252426602965	-0.585589663837731	-2.619777867980726	0.7690938799127793	-0.2178824813316658	3.228173582569858	0.01598229280803156	3.478772718357638	2.75397868992578	2.059606026182867	8.60805460996356	6.150048498451222	0.01005160108192473	0.01026426926160531	0.01246795778646596	0.08233806867996558	0.144242868787564	0.3385147305650315	0.05447705670834545	0.02946207004672344	0.01003004521510727	0.01040250079070159	0.01103694676665513	0.01006516000991845	0.1798123801651086	0.156797599569217	0.2572146784935692	0.01819527212686567	0.02133297836237095	0.3018140366675309	0.0004488103353434767	0.01005960847620316	0.01036319800331498	0.01011695319989872	0.09322279871584135	0.102076845466959	0.1759636871138687	0.05795472115703879	0.04381883821248064	0.01004351702070733	0.01001239663396679	0.01012955250052594	0.01008065562052225	0.1288737244361804	0.1196659936718947	0.2862310680845514	0.01001193347815447	0.01000762758057372	0.221885940077058
0.1228301103287262	-0.1386144800701638	0.07577731524551817	1.068818812257994	0.3673362725182288	0.2171342256637759	-0.03064321935069198	-0.640523622928722	-0.5898896061301493	-0.18402665599859	-0.5778566140183228	-2.688653329235103	0.7731001242456397	-0.2308010155569815	3.224897498701613	0.04890927480854698	3.571883910082751	2.972856164340872	2.083122391185724	8.635000860987832	6.314373174608124	0.01005232153473182	0.01027310088774035	0.01227387774673784	0.08309839177971125	0.1414185734781435	0.3298539766747364	0.0547344098213974	0.03068333066313967	0.01003122807879168	0.01037013946191539	0.01096176779040447	0.01006654365977326	0.1765787427609814	0.1543545167175893	0.2587590687047504	0.01752852493980082	0.02041680744834984	0.2973414920922471	0.000468873991196513	0.01006092863996281	0.0103779664447423	0.01011769051183088	0.0927583154955615	0.09872349902035517	0.1671772664969853	0.05783371972487633	0.04583888144299111	0.01004504189274599	0.01001249334343591	0.01012935223112536	0.01008296089199759	0.1251822417285469	0.1166845900920972	0.2832933748371435	0.0100122513154841	0.01000791711503734	0.2149031135393157
0.1240708185138649	-0.1419918548394416	0.0767389620776763	1.068524469492725	0.3713342307501105	0.2172139159825832	-0.02615520269015173	-0.6366995675993314	-0.5872891458052603	-0.1733053543583848	-0.5699238534225389	-2.75523380068354	0.7770481379768306	-0.2436653730554819	3.219365651770536	0.07909334312192408	3.662266412689332	3.191399411565166	2.109201408527383	8.644670761415306	6.471978777218919	0.01005309181149117	0.01028242531085303	0.0120958106916471	0.0837703069611198	0.138548105236085	0.3211278203629213	0.05496312965258458	0.03196459420163486	0.01003243935518788	0.01034047032074157	0.01089279152164349	0.01006800387256781	0.1733030266391107	0.1518687160399507	0.2600498180301478	0.01691521522241403	0.01957305018815428	0.2927164989318655	0.0004889376470495493	0.01006224880372245	0.01039273488616961	0.01011842782376304	0.09229383227528164	0.09537015257375132	0.1583908458801019	0.05771271829271388	0.04785892467350159	0.01004656676478464	0.01001259005290503	0.01012915196172477	0.01008526616347293	0.1214907590209134	0.1137031865122997	0.2803556815897355	0.01001256915281373	0.01000820664950095	0.2079202870015735
0.1253115266990035	-0.1454504205314743	0.07770546906660117	1.068214196761395	0.3753239629851123	0.2173293903479224	-0.02155673736057047	-0.6326046777651424	-0.5846547648920127	-0.1625823927585211	-0.5617997912402981	-2.819539173376706	0.7809329971103283	-0.2564819369391105	3.211667402041772	0.1066242421426223	3.749929238353199	3.409354610684268	2.137776312881955	8.637977303411688	6.622697200513862	0.01005391539885858	0.0102922873558254	0.01193245552538327	0.08436499721214313	0.13564030675197	0.312346281714961	0.05516174940387061	0.0333028748588037	0.01003367891337812	0.01031326933711493	0.01082952694979388	0.01006954596365751	0.1699922159331957	0.1493444513413221	0.2610804952883978	0.01635115889353533	0.01879619291639651	0.2879884183828719	0.0005136456960560639	0.0100637514564546	0.01040955522172577	0.01011961539184065	0.09195318578125605	0.09221470268765404	0.1499607222934554	0.05749479329425288	0.04993690337926555	0.01004814535801784	0.01001273064931722	0.0101295912100203	0.01008785086448421	0.117960370102709	0.1107845046196664	0.2766415054813598	0.01001287812248314	0.01000850416971697	0.2025255419567371
0.1265522348841422	-0.148987374657984	0.07867675389549496	1.067888048225227	0.3793028564881057	0.217477439073102	-0.0168511858550375	-0.6282398816873185	-0.5819834360202113	-0.1518773342962668	-0.5534930887320022	-2.881594571296548	0.7847499330111976	-0.2692568922609355	3.201893800501071	0.1316026104977563	3.834887439335784	3.626483509953482	2.168760894214728	8.615811223720328	6.766391801380763	0.01005479540248901	0.01030272694740087	0.01178264779401139	0.08489247853983138	0.1327034068204214	0.3035188638993575	0.05532894157837667	0.0346955224162039	0.01003494663675278	0.01028833680402697	0.01077153588326968	0.01007117466754766	0.1666528406752841	0.1467856737945901	0.2618448747627996	0.01583256909284658	0.01808121607689755	0.2832038187492689	0.0005383537450625782	0.01006525410918674	0.01042637555728193	0.01012080295991825	0.09161253928723047	0.08905925280155676	0.141530598706809	0.05727686829579188	0.05201488208502952	0.01004972395125105	0.01001287124572942	0.01013003045831582	0.0100904355654955	0.1144299811845047	0.107865822727033	0.2729273293729841	0.01001318709215256	0.01000880168993299	0.1971307969119007
0.1277929430692809	-0.1525999362727427	0.07965273034371746	1.067546073003544	0.3832683737523213	0.2176549375319584	-0.01204189732646462	-0.6236063011504843	-0.5792722069740966	-0.1412090116418665	-0.5450125137779668	-2.941420670587232	0.7884944799540365	-0.2819956951959465	3.190128066884102	0.1541249887807478	3.917151086453092	3.842558294980356	2.202062494509479	8.579030922751958	6.902941766338077	0.01005573645276122	0.0103138042093031	0.01164528714001762	0.08534754086350518	0.1297397309999709	0.2946555248011025	0.05546346138755845	0.03613740459586742	0.01003624270382713	0.01026548424424547	0.01071840118535521	0.0100728972947967	0.1632847892886785	0.1441936742997178	0.2623408856458067	0.01535584557081445	0.01742333445457594	0.2783874280116921	0.000586803951381709	0.01006697961151073	0.01044578126188933	0.01012246945300453	0.09098695126808667	0.08593027853068645	0.133477534036828	0.05696242975336165	0.05408482642893951	0.01005136312190202	0.0100130582534564	0.01013103428405349	0.01009336720730203	0.1108548745677749	0.1049316485578848	0.2685786839865423	0.01001349672877739	0.01000911502740709	0.1925613762256824
0.1290336512544195	-0.1562853421324312	0.0806333056103542	1.067188313175065	0.3872180910741409	0.2178589016751913	-0.00713222290178831	-0.618705415765135	-0.5765182854521741	-0.1305949121926441	-0.5363670069416112	-2.999018202746214	0.7921631481224777	-0.2947014019512522	3.176424571915048	0.1742647984941302	3.996707728246008	4.057374177961637	2.23758043584276	8.528404423282096	7.03225913594916	0.01005674267407898	0.01032557269218133	0.01151938948826386	0.08572544560594454	0.1267514442239985	0.2857657426815206	0.0555641792810924	0.03762397789166591	0.01003756727361057	0.01024454366450764	0.01066975069943026	0.01007472035708899	0.1598879536031654	0.1415696511703585	0.2625663117618307	0.01491773778189994	0.0168182058644473	0.2735626129778778	0.0006352541577008397	0.01006870511383473	0.01046518696649672	0.01012413594609081	0.09036136324894288	0.08280130425981616	0.1254244693668471	0.05664799121093142	0.05615477077284951	0.01005300229255299	0.01001324526118338	0.01013203810979116	0.01009629884910855	0.1072797679510451	0.1019974743887365	0.2642300386001004	0.01001380636540223	0.0100094283648812	0.1879919555394641
0.1302743594395581	-0.160040825387166	0.08161838421055272	1.066814808795151	0.3911496236599366	0.2180864033139363	-0.002125528769304275	-0.6135388697992791	-0.5737189641389006	-0.1200519070307786	-0.5275655747067985	-3.054377553971879	0.7957529510379933	-0.3073758622425272	3.160823178213783	0.1920832969042681	4.073533208472305	4.270736637862236	2.275209956612863	8.464652747176478	7.154273348660209	0.01005781988623407	0.01033811388725065	0.01140402541940674	0.08601848403070794	0.1237390825224363	0.276858038705529	0.05562950661782634	0.03914760671372714	0.01003892091839246	0.01022535660765931	0.01062523111375106	0.01007665276447978	0.1564613856864429	0.1389144769565924	0.2625214554804131	0.01451515920898369	0.01626169747174602	0.2687396785988928	0.0006722103287174159	0.01007069923781107	0.01048791379666829	0.01012630983406093	0.08936155295926514	0.07965207026912176	0.1177155492058832	0.05622354186077466	0.0581315385607962	0.01005471207111127	0.01001348272223574	0.01013356471310621	0.0100996430888817	0.1036338886530235	0.09903928163791206	0.2593376034847805	0.01001413498729949	0.01000977503747663	0.1837916783744784
0.1315150676246968	-0.1638635862370419	0.08260786657068538	1.066425598800666	0.3950606292853072	0.2183345951644579	0.002974759648121154	-0.6081086141621427	-0.5708717154755376	-0.1095957531441881	-0.5186173102132515	-3.107468503843614	0.7992619319020665	-0.3200185787058446	3.14333548938202	0.2076170422328381	4.147580071883913	4.482469475240509	2.314838495016373	8.388401790487027	7.268950197774849	0.01005897327307202	0.01035150037572853	0.01129836424729472	0.08621963402174095	0.1207031444416563	0.2679405440177577	0.05565800257803636	0.04070153695833091	0.01004030414792693	0.01020778185266191	0.01058452729126574	0.01007870245335518	0.1530041941335175	0.1362289611225982	0.2622062988904625	0.01414532891247862	0.01575006956981611	0.2639283653893038	0.0007091664997339919	0.01007269336178742	0.01051064062683987	0.01012848372203104	0.08836174266958739	0.07650283627842736	0.1100066290449192	0.0557990925106179	0.06010830634874288	0.01005642184966955	0.0100137201832881	0.01013509131642125	0.01010298732865484	0.09998800935500199	0.09608108888708762	0.2544451683694607	0.01001446360919677	0.01001012171007206	0.1795914012094926
0.1327557758098354	-0.1677507957079392	0.08360165170944082	1.066020723016555	0.3989487696013371	0.2186006551984019	0.008165172951490451	-0.6024167419087511	-0.5679741067272075	-0.09924170870902635	-0.5095313272871396	-3.158252583219152	0.8026885937039639	-0.3326281027871962	3.123961829944939	0.220892757048457	4.218791554256414	4.692403499392569	2.356348750490722	8.300241964504483	7.376274430617864	0.01006020995730343	0.01036584376880178	0.01120162186295893	0.08632439443041397	0.1176442189758479	0.2590199771795575	0.05564817274689946	0.04227575414600281	0.01004171802084036	0.01019168631991861	0.01054734124473057	0.0100808795056993	0.1495166941322676	0.1335145312510234	0.2616225213547265	0.0138056089621105	0.01527976760602939	0.2591346469995045	0.0007347077236424803	0.01007500907432135	0.01053771347790644	0.01013119426277814	0.08704891769917486	0.07333675117936639	0.1025915748903614	0.05526142011633671	0.06189796352380027	0.01005821595521376	0.01001401431747102	0.01013713289631042	0.01010680571488581	0.0963088464300529	0.09311875757269571	0.2490740705477637	0.01001483128821874	0.0100105238337502	0.1756316805960202
0.1339964839949741	-0.171699550273531	0.08459963685488139	1.065600224938684	0.4028116918890173	0.2188817924911247	0.01344213555974546	-0.5964656164218828	-0.5650239075845223	-0.08900410010270267	-0.5003167330535863	-3.206678127557886	0.8060322686759299	-0.3452014448147184	3.102684499804485	0.2319213212102017	4.287096045992791	4.900381081879797	2.399613295013504	8.200709379382729	7.476269399404712	0.01006153628330833	0.01038124347278467	0.01111309782076847	0.08632861973414409	0.1145628535051895	0.2501027629120059	0.05559865902060725	0.04386139739768728	0.01004316348008062	0.01017695141592715	0.01051340723815104	0.01008319290173423	0.1459991762356095	0.1307725130986867	0.2607713909526591	0.01349362678732582	0.01484758285387084	0.2543641710299573	0.0007602489475509687	0.01007732478685529	0.01056478632897302	0.01013390480352524	0.08573609272876231	0.07017066608030542	0.09517652073580365	0.05472374772205552	0.06368762069885765	0.01006001006075798	0.01001430845165394	0.0101391744761996	0.01011062410111677	0.09262968350510381	0.09015642625830382	0.2437029727260668	0.01001519896724072	0.01001092595742835	0.1716719599825479
0.1352371921801127	-0.1757069010167347	0.08560171885317203	1.065164150846919	0.4066470251552942	0.2191752219345246	0.0188020096726247	-0.5902577291794321	-0.5620189952779868	-0.07889682061881177	-0.4909826072495439	-3.252688807738771	0.8092926560901403	-0.3577350469892193	3.079479266331813	0.240707889291502	4.352416741395922	5.106249387469782	2.444499449904482	8.090323299662792	7.568977967035439	0.01006296108582415	0.01039785321974408	0.01103213188389391	0.08623192340346231	0.1114600709497872	0.241194800818663	0.05550786532318187	0.04544604436239624	0.01004464215677958	0.01016346554270181	0.01048247494045842	0.01008565406345422	0.1424530813775693	0.1280051370259009	0.2596568352375368	0.01320713375086071	0.01445046906896922	0.2496208177256523	0.0007732792617385323	0.01008002970229506	0.01059762973834919	0.01013719516521301	0.08421048524181418	0.06700243423711857	0.08803623617595957	0.05406497896967824	0.06518411536162197	0.01006190609894434	0.01001466814408904	0.01014174634663276	0.01011498660936913	0.08895342322222112	0.08721868759344467	0.2379546516408632	0.01001562560323344	0.01001140922253334	0.1678933697510992
0.1364779003652514	-0.179769800754237	0.08660779458938968	1.064712553571193	0.410452350880017	0.2194781603741673	0.02424102487641168	-0.5837958173630027	-0.5589574751656283	-0.0689329223264725	-0.4815379267976303	-3.296222148000565	0.8124701037985622	-0.3702245479523427	3.054312899366818	0.2472496657370586	4.414670115634546	5.309864200429159	2.490864091533219	7.969581484836398	7.654481571393366	0.01006449223415589	0.01041580992774895	0.01095813452150624	0.08603388099178616	0.1083368227192301	0.2323017486493578	0.05537433973501389	0.04701868954710954	0.01004615550383091	0.01015112925733403	0.01045432115210594	0.01008827316460986	0.1388797541047814	0.1252144759778442	0.2582822271306451	0.01294411044805879	0.01408568200221536	0.2449082548304728	0.000786309575926096	0.01008273461773484	0.01063047314772537	0.01014048552690079	0.08268487775486603	0.06383420239393174	0.08089595161611547	0.05340621021730096	0.06668061002438627	0.0100638021371307	0.01001502783652414	0.01014431821706592	0.01011934911762149	0.0852771629393384	0.08428094892858554	0.2322063305556597	0.01001605223922616	0.01001189248763833	0.1641147795196504
0.13771860855039	-0.1838851494140775	0.0876177613703869	1.064245489709344	0.4142252212654995	0.2197878207507733	0.02975534035016522	-0.577082735662018	-0.5558375730943244	-0.05912504960754425	-0.4719915932786387	-3.337214075130985	0.8155652586646128	-0.382665327067341	3.02714949649929	0.2515411354695163	4.473771023549352	5.511085461357758	2.538559991037938	7.838972666070914	7.732879842507323	0.01006614117933839	0.01043532647041965	0.01089055184168215	0.08573776318715073	0.1051953784229936	0.2234318762768537	0.05519648384985065	0.04856512158488219	0.01004770583631708	0.01013984918165785	0.01042873616575182	0.01009106410512805	0.1352816800337924	0.1224036024046086	0.2566540750942267	0.01270264447691866	0.01375061925556962	0.2402262790258735	0.0007927835994042413	0.01008592431075563	0.01067107632660457	0.01014443216055465	0.08105005579252696	0.0607030901398615	0.07411974748159358	0.05262082216063027	0.06778264635946971	0.01006582252645052	0.01001546518827437	0.01014744600434257	0.01012435783179285	0.0816399720844887	0.0813996377662837	0.226201662468637	0.0100165598315843	0.01001248987434668	0.1603833045534682
0.1389593167355287	-0.1880497402693876	0.08863151802616435	1.063763023741133	0.4179631271818993	0.2201014040595507	0.03534097407590792	-0.5701215638126544	-0.552657763846046	-0.04948505377047702	-0.4623523152139932	-3.375599716421886	0.8185793153346468	-0.3950524757070243	2.997950808618419	0.2535733697298893	4.52963390316577	5.70978115089554	2.587433418295266	7.698966928485333	7.804306557035954	0.01006791812104341	0.01045659243290958	0.01082888945183718	0.08534647232054614	0.1020378502178312	0.2145931460319696	0.05497284136789065	0.05007272115663488	0.01004929521634289	0.01012954211322807	0.01040553302942473	0.01009403926583985	0.1316611817575302	0.1195753729821094	0.2547781829279948	0.01248102057658512	0.01344294050549533	0.2355746965440259	0.0007992576228823868	0.01008911400377641	0.01071167950548378	0.01014837879420851	0.07941523383018789	0.05757197788579126	0.06734354334707171	0.05183543410395958	0.06888468269455313	0.01006784291577034	0.01001590254002459	0.01015057379161923	0.01012936654596422	0.07800278122963901	0.07851832660398185	0.2201969943816143	0.01001706742394244	0.01001308726105503	0.156651829587286
0.1402000249206673	-0.1922603127619696	0.08964896448929292	1.063265224266638	0.4216635273651635	0.2204161031717011	0.04099387317228182	-0.5629154890539244	-0.5494166506389607	-0.04002440106074073	-0.4526286834020353	-3.411313480229438	0.8215137696286287	-0.4073809262574258	2.966677036727905	0.253334738940433	4.582172674598936	5.905823561661771	2.637328998309035	7.550022676287238	7.86891178005003	0.01006983867659239	0.01047990487572566	0.01077268568318257	0.08486226201812599	0.09886749616092838	0.2057959349700826	0.05470227505367943	0.05152710599281849	0.0100509268627391	0.01012013018329907	0.01038453645166447	0.01009721723253706	0.1280198175873351	0.1167328594814731	0.2526633908738809	0.01227761561065106	0.0131604288628386	0.230948732742763	0.0008078906316639183	0.01009293077304858	0.01076285204114138	0.01015311143034772	0.07765788556221809	0.05451261409600963	0.06101093345144059	0.05093017929116603	0.0695252187301386	0.01007001788341834	0.01001643378724717	0.01015428723057895	0.01013518538980407	0.07438349057888963	0.07570229804912691	0.2140555130860443	0.01001768177912289	0.01001384369599162	0.1528078060448165
0.141440733105806	-0.1965134961699485	0.09067000370087813	1.062752168551664	0.4253238116204268	0.2207290858728568	0.04670984103630049	-0.5554679025317703	-0.5461130943045714	-0.03075382337581326	-0.4428290148276425	-3.444287771732759	0.8243707630083197	-0.4196452695884778	2.933284643637349	0.2508065443599756	4.631299660140177	6.099093879191746	2.688090655373135	7.39256932405247	7.926876483170183	0.01007191675661485	0.01050552834916661	0.01072152858497128	0.0842871233932433	0.09568734777627326	0.1970502611948336	0.05438374296694091	0.05291546030968095	0.01005260364259912	0.01011154401228561	0.01036559018066334	0.0101006145597525	0.1243590430131787	0.1138789179108144	0.2503177166862129	0.01209097533363289	0.01290109363708183	0.2263438758133832	0.0008165236404454497	0.01009674754232075	0.01081402457679898	0.01015784406648694	0.07590053729424828	0.05145325030622801	0.05467832355580947	0.05002492447837248	0.07016575476572408	0.01007219285106633	0.01001696503446975	0.01015800066953868	0.01014100423364392	0.07076419992814023	0.07288626949427197	0.2079140317904743	0.01001829613430334	0.0100146001309282	0.148963782502347
0.1426814412909446	-0.2008058634119298	0.09169454050716933	1.062223938409224	0.4289413329314205	0.2210375029942874	0.05248460817262376	-0.5477822918357365	-0.5427460850282029	-0.02168370322166645	-0.4329614702134452	-3.474452973906309	0.827152771195066	-0.4318398762739057	2.89772712168478	0.2459655504597685	4.676925183476551	6.289477623706156	2.739561323623893	7.227022973206113	7.97839886331032	0.01007417455554998	0.01053387881744496	0.01067503774868887	0.08361885817071243	0.09250089051919233	0.1883605162264909	0.05401757300635472	0.0542252901486272	0.01005433004757583	0.01010371901904417	0.01034854810103801	0.01010425808869438	0.1206779162840423	0.1110159082137962	0.2477513526773101	0.01191972457098565	0.01266305133026757	0.2217540486171763	0.0008283166810597708	0.0101014067285777	0.01087972208414279	0.01016357120335827	0.07390770661666293	0.04848075775087593	0.04859808514450012	0.04903464304194825	0.07033193752702467	0.01007456481105535	0.01001761201548638	0.01016233370747225	0.01014789968080114	0.06709257790024727	0.07012336085744332	0.2017261574822448	0.01001904608362337	0.01001557602396478	0.1449502838452003
0.1439221494760833	-0.2051338674841832	0.09272248441909045	1.061680625391692	0.432513360901655	0.2213384579729942	0.05831375176486436	-0.5398623268945112	-0.5393148746233616	-0.01282375643081233	-0.4230338524408309	-3.501733719966409	0.8298629579747636	-0.4439586010433383	2.859950174073207	0.2387776945041983	4.718953558607474	6.476868828425035	2.791581763870262	7.05377351983354	8.023713349064527	0.01007663184232384	0.01056532669889511	0.01063287381627181	0.08285541024797863	0.08931136592035838	0.1797309613430303	0.05360404600848263	0.05544540362210008	0.01005611007849248	0.01009659766542339	0.01033327998110394	0.01010817172700047	0.116975554652499	0.1081460240335576	0.2449736249550751	0.01176263236118913	0.01244461274379775	0.2171735117637856	0.0008401097216740918	0.01010606591483465	0.0109454195914866	0.0101692983402296	0.07191487593907757	0.04550826519552385	0.04251784673319078	0.04804436160552403	0.07049812028832526	0.01007693677104436	0.010018258996503	0.01016666674540582	0.01015479512795835	0.0634209558723543	0.06736045222061465	0.1955382831740154	0.0100197960329434	0.01001655191700136	0.1409367851880535
0.1451628576612219	-0.2094938977328745	0.09375374771242201	1.061122326251109	0.4360371184237847	0.221629023647604	0.06419276847350258	-0.5317117634272213	-0.535818846947883	-0.004183381273016432	-0.4130537629085126	-3.526050168680186	0.8325048973390453	-0.4559949387374745	2.819893711825761	0.2292010813658422	4.757284300578706	6.661165579565417	2.843993638437301	6.873205732321557	8.063070635863598	0.01007932111748336	0.01060044736738094	0.01059472999799727	0.08199106457502722	0.0861207553391391	0.1711665491315529	0.05314493768997097	0.05656659806353074	0.01005794993603723	0.01009012687651103	0.01031966458136371	0.01011239635214049	0.113248556705775	0.1052707092235947	0.2419945091158372	0.01161853535769983	0.01224418168665317	0.2125999286710133	0.0008471564036577563	0.01011189634237548	0.01103101437373966	0.01017634745590107	0.06958386922897689	0.04258952232634481	0.03670871747213145	0.04700879248671827	0.07022418901854287	0.01007956331521051	0.01001905129098117	0.01017166046741712	0.01016320225617706	0.0596226233763088	0.06463067952116516	0.1893409719544919	0.01002071080319756	0.01001782566460357	0.1368657625092885
0.1464035658463606	-0.2138822023524291	0.09478824931804575	1.060549149185093	0.4395097177748022	0.2219061880669204	0.07011697889763559	-0.5233345201634877	-0.5322576439541951	0.00422866135630897	-0.4030283651332996	-3.547311510907728	0.8350830611951008	-0.4679415569907096	2.77748409147625	0.2171750971109102	4.79180503864876	6.842272712994454	2.896643250608622	6.685705415062875	8.096749423507561	0.01008227132964284	0.0106397531508223	0.01056033266186541	0.08102054938074714	0.08293090013213388	0.1626720878085077	0.0526418391674292	0.05758056128644896	0.0100598551433038	0.01008425936717974	0.01030759385082978	0.01011696837379604	0.1094937390722538	0.1023913053363189	0.2388231723169687	0.01148639301497203	0.01206032814450461	0.2080310925830934	0.0008542030856414208	0.01011772676991631	0.01111660915599271	0.01018339657157253	0.06725286251887622	0.03967077945716578	0.03089958821107213	0.04597322336791251	0.06995025774876044	0.01008218985937665	0.01001984358545933	0.01017665418942843	0.01017160938439576	0.0558242908802633	0.06190090682171566	0.1831436607349684	0.01002162557345172	0.01001909941220578	0.1327947398305234
0.1476442740314992	-0.2182949526621772	0.09582591201722639	1.059961208572509	0.4429282086595304	0.2221668858764528	0.07608160877156785	-0.5147345947885519	-0.528631033731625	0.01240393102063231	-0.3929645862601557	-3.565422896808716	0.8376023059960355	-0.4797908849546302	2.732644643106092	0.202630477211566	4.822399076197192	7.020091960261669	2.949382519088198	6.491672148266231	8.125038283355986	0.01008553133178194	0.0106840100417625	0.01052944458256969	0.07993918172819772	0.07974168329302921	0.1542635787788774	0.05209563213768452	0.05847870241071301	0.01006183413596482	0.01007895219063644	0.0102969679687539	0.01012195226776822	0.10570704959376	0.09950869717930091	0.2354679316398065	0.01136522234547368	0.01189170280717957	0.2034716374784662	0.0008502028359852758	0.01012523991880604	0.01122882508495145	0.01019227243372355	0.06459544540122675	0.03675268486891107	0.02571236560339029	0.04487614173067846	0.0692162919147716	0.01008514753950514	0.01002082141297873	0.01018236088394334	0.01018224360838219	0.05187256306878091	0.05919221214759433	0.1769203870885398	0.01002273124990016	0.01002076871310296	0.1288946443396644
0.1488849822166379	-0.2227281547411722	0.09686666742825779	1.059358631858747	0.4462895059971989	0.2224079191717818	0.08208168198861751	-0.5059161503055103	-0.5249390148450895	0.02033468399125533	-0.3828688670289497	-3.58027940191318	0.8400684591575643	-0.4915346961530638	2.685289081445112	0.1854762342143404	4.848939085570469	7.194521722847162	3.002080882541368	6.291548660448448	8.148236702290205	0.01008914463755277	0.01073390001073779	0.01050185419983984	0.07874261275843503	0.07655299555622001	0.145956496650951	0.05150710251567844	0.05925321098782311	0.01006389442785087	0.01007416708605471	0.01028769797896557	0.01012740546245574	0.1018846949509135	0.09662370641352548	0.2319364354270302	0.01125414469630902	0.01173709791852881	0.1989259346455767	0.0008462025863291308	0.01013275306769577	0.01134104101391019	0.01020114829587457	0.06193802828357728	0.03383459028065636	0.02052514299570844	0.04377906009344441	0.06848232608078277	0.01008810521963363	0.01002179924049813	0.01018806757845824	0.01019287783236861	0.04792083525729851	0.056483517473473	0.1706971134421112	0.0100238369263486	0.01002243801400014	0.1249945488488054
0.1501256904017765	-0.2271777254109641	0.09791045221533404	1.058741553469732	0.4495904504137012	0.2226260098286243	0.08811211451214897	-0.4968834330805144	-0.5211816900656593	0.02801355173900706	-0.3727473981522753	-3.591767848830433	0.842488147436028	-0.5031641046478337	2.635319786269617	0.1656039917718631	4.871289193316723	7.365465978530961	3.054624692639677	6.085807292290486	8.166641823797889	0.01009318688161816	0.01079036061688754	0.0104773937169531	0.07742836122060549	0.07336574203645488	0.1377953624741625	0.05087513888902333	0.05989475348027425	0.0100660476396437	0.01006987023323584	0.01027970279349517	0.01013343253635965	0.09802285636526477	0.0937368172984273	0.2282353984234932	0.01115233012975188	0.01159537569230525	0.1944055732164529	0.0008358684712292343	0.01014277010134405	0.01148687992183695	0.01021261216288474	0.05900273119903515	0.03094482580814249	0.01685090618284231	0.04257237262914509	0.06723712166113004	0.01009150161403826	0.01002301723436452	0.01019455619849972	0.01020693607844649	0.04381347660319534	0.05378694275348308	0.1644265384686503	0.0100251523616671	0.01002461737609473	0.1215074442242048
0.1513663985869152	-0.2316393783973828	0.09895721564614146	1.058110123846096	0.4528276989837663	0.2228176646310188	0.09416758137114209	-0.4876408380172769	-0.5173593100138768	0.03543400876167846	-0.3626058959865727	-3.599755873707196	0.8448699815912922	-0.5146686347155959	2.582612465380695	0.1428620814754463	4.889293985052386	7.532841169545065	3.106948850842302	5.874994916036657	8.180529993589062	0.01009772543163352	0.01085422641330145	0.01045591349336486	0.07599407468535939	0.07018076221295681	0.1298231292945879	0.05019872514949606	0.06039480778914273	0.01006830412211109	0.01006603150271483	0.01027291015386523	0.01014012663618966	0.09411795573446775	0.09084847922872517	0.2243709903012204	0.01105903720565547	0.01146551847164162	0.1899214827007117	0.0008255343561293381	0.01015278713499232	0.01163271882976371	0.01022407602989492	0.05606743411449302	0.02805506133562861	0.01317666936997618	0.04136568516484577	0.06599191724147731	0.01009489800844288	0.01002423522823091	0.0102010448185412	0.01022099432452436	0.03970611794909218	0.05109036803349316	0.1581559634951894	0.01002646779698559	0.01002679673818932	0.1180203395996042
0.1526071067720538	-0.2361087137688513	0.1000069145392035	1.057464502444528	0.4559978001710841	0.2229792554132245	0.1002426247949035	-0.4781928264649583	-0.5134721680499412	0.04258999770969267	-0.3524498539549107	-3.604099049958106	0.847223890975028	-0.5260367545149476	2.527025954206665	0.1170695134228501	4.902785967684111	7.696571043720787	3.159026048321469	5.659702493696227	8.190153086637837	0.01010288195076032	0.0109264507160466	0.01043731990878673	0.07443721313533307	0.06700326434382925	0.122122895096262	0.04947575386579332	0.06074659435376773	0.01007068044454911	0.0100626255747813	0.01026725586807398	0.01014766335723506	0.09016873180010569	0.08795896138034437	0.2203494251470694	0.01097356535070351	0.01134656868060686	0.1854906076526613	0.0008201299753157014	0.01016668790421589	0.0118161379356933	0.01023926224227577	0.05284891113835349	0.02531233214652926	0.01221040432286887	0.04002022645495923	0.06427070139038236	0.01009889464724336	0.01002576759440173	0.01020841115404002	0.01024055997828227	0.03550763975789812	0.04840117841240998	0.1518487111621762	0.01002799900255021	0.01002960150263263	0.1151493320516384
0.1538478149571925	-0.2405810702865509	0.1010595247141065	1.056804869798291	0.459097037464175	0.2231067977769914	0.1063314878112619	-0.4685439727793776	-0.5095205263765145	0.04947651982870067	-0.342284401825962	-3.604625888322929	0.8495629182425826	-0.5372545147021781	2.468381067442567	0.0879765983840935	4.911570905013693	7.856595228370135	3.210921263082931	5.44061890097781	8.195698881198098	0.01010876480269029	0.0110078818269104	0.01042152944857655	0.07275536098430065	0.06383807725456797	0.1147744674214593	0.04870430558933305	0.06094383648894759	0.01007319136553038	0.01005962989303131	0.01026268273591067	0.01015619909713745	0.08617399331437173	0.08506851334082002	0.216176421319653	0.01089528898563221	0.01123767038830471	0.1811289130417514	0.000814725594502065	0.01018058867343946	0.01199955704162289	0.01025444845465662	0.04963038816221398	0.02256960295742992	0.01124413927576156	0.0386747677450727	0.06254948553928742	0.01010289128604383	0.01002729996057253	0.01021577748953885	0.01026012563204017	0.03130916156670406	0.0457119887913268	0.145541458829163	0.01002953020811483	0.01003240626707595	0.1122783245036725
0.1550885231423311	-0.2450516395181505	0.1021150334081225	1.056131418454105	0.4621215386085832	0.2231960872447429	0.1124282475234304	-0.4586988980699659	-0.5055045759892488	0.05608916669883533	-0.3321145264574278	-3.601155902387332	0.8519011590875886	-0.5483073051067671	2.406486282198985	0.05531277572126934	4.915445595938489	8.012858514646073	3.262720788560708	5.21848674305425	8.197346913370509	0.01011558083886999	0.01109909120711218	0.01040853545618518	0.07093979347928354	0.06069163378771955	0.1077908613255382	0.0478829484336795	0.06098314212363107	0.01007586103340847	0.01005702745488147	0.01025914263409164	0.0101660472881053	0.0821331412333851	0.08217666222957989	0.2118586121569588	0.01082361623140853	0.01113801698750347	0.176857844290841	0.0008262519106096622	0.01020085778750471	0.01221512066617102	0.01027507429219123	0.04595709755691459	0.02001972325826165	0.01100538263522452	0.03720133139918291	0.06042213085723734	0.01010773091769141	0.01002924864805246	0.01022416132162684	0.01028913900123176	0.02703651345528073	0.04301025949509998	0.1392367855120993	0.01003126071642289	0.01003589900049434	0.1102093085413556
0.1563292313274698	-0.2495153050769906	0.1031734521995658	1.055444365511734	0.4650671024881416	0.2232424542758629	0.1185266352030817	-0.448662310012295	-0.5014243579568844	0.06242485277140271	-0.3219448987347939	-3.593497268316714	0.8542539457113273	-0.5591800518254023	2.341135535343028	0.01878635427725187	4.914195138587016	8.165311451915134	3.314519589600239	4.994162761061165	8.195299655047455	0.01012351429522979	0.01120058692912731	0.01039833191517993	0.06898240533840132	0.05756988874478355	0.1011839052799114	0.0470103722090917	0.06086125395166719	0.01007871095749965	0.01005480311322298	0.01025659268142756	0.01017748708719962	0.07804560313821599	0.07928296972975393	0.2074021291097555	0.01075801877586749	0.01104688787861504	0.1726975660370491	0.0008377782267172595	0.01022112690156996	0.01243068429071914	0.01029570012972585	0.0422838069516152	0.01746984355909338	0.01076662599468748	0.03572789505329312	0.05829477617518725	0.01011257054933899	0.01003119733553238	0.01023254515371483	0.01031815237042336	0.02276386534385741	0.04030853019887315	0.1329321121950355	0.01003299122473095	0.01003939173391272	0.1081402925790386
0.1575699395126084	-0.2539667896865851	0.1042348056022021	1.054743940621139	0.4679293546895075	0.2232409838434219	0.1246202020854364	-0.4384389560495276	-0.4972798330482951	0.06848122523008277	-0.311780016551358	-3.581455779489627	0.8566370313988547	-0.5698577704463592	2.272119952459888	-0.02189974794268862	4.907602384318256	8.313905752767063	3.366414675851033	4.768565750349381	8.189773246362837	0.01013295028039823	0.01131195076832068	0.01039102963247216	0.06687102203690634	0.05449693133962268	0.09494512212774642	0.04608594514061266	0.06057769655052041	0.01008177644523175	0.01005294867467382	0.0102550010417318	0.0101911385047572	0.07391892864471816	0.07638762914283238	0.2028139249198232	0.01069799522825334	0.01096359716744439	0.1686741513126382	0.0008686564341039391	0.01025278315514605	0.0126570290431414	0.01032453594644957	0.03804148236771322	0.01559474155760403	0.0106734285388962	0.03414296013077275	0.05583340284610785	0.0101186096561745	0.01003370740401048	0.01024215205609144	0.01036508635527013	0.01864102974262822	0.03761133646423929	0.1266654593467328	0.01003486840216025	0.01004345871842779	0.1070732940158923
0.1588106476977471	-0.2584004953287655	0.1052991445776935	1.054030397652984	0.470703576758172	0.2231862678776959	0.1307021413231582	-0.4280336639650458	-0.493070801614343	0.07425755815699349	-0.3016240002185288	-3.564837871716624	0.8590666379423827	-0.5803261630293054	2.19923246930417	-0.06704452905294311	4.895451566543735	8.458592572216444	3.418502980139103	4.542743826334561	8.181008040315003	0.01014423178713239	0.01143280981142835	0.01038672724112014	0.06459431448031995	0.05149503141122005	0.08906560329939205	0.04510908062817086	0.06013183691579609	0.01008508894533997	0.01005145683939874	0.01025433934558787	0.01020755372425357	0.06976016812995728	0.07349081971518055	0.198100451225388	0.01064309819662007	0.01088753238330448	0.1648120310891276	0.0008995346414906184	0.01028443940872215	0.01288337379556366	0.0103533717631733	0.03379915778381124	0.01371963955611467	0.01058023108310492	0.03255802520825238	0.05337202951702846	0.01012464876301002	0.01003621747248859	0.01025175895846806	0.0104120203401169	0.01451819414139903	0.03491414272960544	0.1203988064984301	0.01003674557958954	0.01004752570294285	0.1060062954527459
0.1600513558828857	-0.2628106643856075	0.106366533600869	1.053304002119447	0.4733848798144783	0.2230726510416846	0.1367654683091663	-0.4174513021521731	-0.4887969838020683	0.07975401946328944	-0.2914807663183015	-3.543470630321647	0.8615583727217697	-0.5905729170594655	2.122293770797482	-0.1169227961834946	4.877550721669462	8.599313726400077	3.470877376820551	4.317807070121763	8.169251896482182	0.0101581878723263	0.01156134870979956	0.0103857250800039	0.06215127612727585	0.04859709280248707	0.08353292409753295	0.04408032576511117	0.05952424667646518	0.01008870050451295	0.01005032990067032	0.01025459331897684	0.0102282288567192	0.06566410405370307	0.0705943951654773	0.1932736723251482	0.01059290101675057	0.01081809568776824	0.161140131742184	0.0009259568123224984	0.0103394909094404	0.01308562765639998	0.01039534539213596	0.02925867748657746	0.01281040962230113	0.010536321869294	0.03089061148247986	0.05061079202747239	0.01013241863872767	0.01003950712594486	0.01026288630009963	0.01050004663333561	0.01292104026264011	0.03226718702455746	0.1143605395447738	0.01003867410640237	0.01005171358753048	0.1060979201375668
0.1612920640680243	-0.2671913180003586	0.1074370605564694	1.052565034243631	0.4759681648761019	0.2228941014738226	0.1428029550942967	-0.4066968649416411	-0.4844579598248762	0.08497271024551346	-0.2813538159379197	-3.517259494248639	0.8641249306621395	-0.6005925596756738	2.041229159769419	-0.1717149567269426	4.853797614886822	8.735975142097395	3.523614169999309	4.094982604369249	8.154759283984184	0.01017555688580229	0.01169595145473363	0.01038829060437273	0.0595407989330668	0.04583340612749101	0.07833446498985634	0.04300016281432289	0.05875524750409113	0.01009265748104039	0.01004956989982125	0.01025575023862039	0.01025449622968407	0.06171929728869199	0.06770007107847868	0.1883447947681389	0.0105470230848705	0.01075475346821631	0.1576854066134354	0.0009523789831543785	0.01039454241015866	0.01328788151723631	0.01043731902109863	0.02471819718934368	0.0119011796884876	0.01049241265548308	0.02922319775670735	0.04784955453791633	0.01014018851444532	0.01004279677940113	0.01027401364173121	0.01058807292655433	0.0113238863838812	0.02962023131950947	0.1083222725911175	0.0100406026332152	0.01005590147211811	0.1061895448223877
0.162532772253163	-0.2715364148516741	0.1085108232361554	1.051813777401937	0.4784482922416514	0.2226444570304566	0.1488073072040551	-0.3957754317635823	-0.4800532499512343	0.08991677149191714	-0.2712464385884732	-3.486135952193461	0.8667779555382404	-0.6103819141418536	1.955999090884545	-0.2315701305669141	4.824119843807529	8.86847057262241	3.576785488513985	3.875550944881177	8.13778432042206	0.01019864911014192	0.01183361461986112	0.01039508796819537	0.05676793331199983	0.04321727699328883	0.07345661314179727	0.04187104852819074	0.05782750339163259	0.01009703733737203	0.01004919349436825	0.01025781572060389	0.01029105048185713	0.05796575729145626	0.0648115780047771	0.1833240895855762	0.01050510014818772	0.01069696936621275	0.1544756381326037	0.0009357815321038333	0.01051133238649426	0.01343076408061609	0.01050221993699767	0.02004691740313222	0.01154153676052864	0.0104713071315659	0.0275249122062255	0.04485405225561026	0.01015048996213156	0.01004721598854192	0.01028708048963776	0.01079889468319945	0.01100002656628372	0.02707894096800421	0.1024905503328004	0.01004246984656551	0.01005944451811999	0.107483930929333
0.1637734804383016	-0.2758398252859207	0.1095879375546928	1.051050517958928	0.4808200911150734	0.2223173389774544	0.154771139028219	-0.3846922694750121	-0.4755822573002376	0.09459153684147026	-0.261161507858472	-3.450061720424342	0.8695277142752805	-0.6199405443415283	1.866605513161465	-0.2966010560671042	4.788479626130452	8.996679669632957	3.630460836547383	3.660882459773726	8.118575733731008	0.0102295218305873	0.01197166525849036	0.01040670863665514	0.05383715996752065	0.04076074018648018	0.06888573827025306	0.040695199475652	0.05674324930516318	0.01010190906910961	0.01004921552042492	0.01026079476017007	0.01034207147486635	0.05444047737175276	0.06193236487645532	0.1782211962911148	0.01046680735656349	0.01064426483200629	0.1515364777157705	0.000919184081053288	0.01062812236282985	0.01357364664399588	0.0105671208528967	0.01537563761692075	0.01118189383256967	0.01045020160764871	0.02582662665574365	0.04185854997330419	0.0101607914098178	0.01005163519768271	0.01030014733754431	0.01100971643984456	0.01067616674868624	0.02453765061649895	0.09665882807448332	0.01004433705991582	0.01006298756412187	0.1087783170362783
0.1650141886234403	-0.2800953941562613	0.1106685276394994	1.05027554207282	0.4830784007863397	0.221906282843597	0.1606870407676388	-0.3734527472669286	-0.4710443282508772	0.09900349150720074	-0.2511016928758605	-3.409023243202845	0.8723832163305995	-0.6292700774617801	1.773081169461501	-0.3668856742976818	4.746867140237672	9.120476960484933	3.684695801959849	3.452365403192593	8.097379157550725	0.01027831813014104	0.0121066734102002	0.01042467238885994	0.05086168692409732	0.03846159567014974	0.06460791021736775	0.03947692928731276	0.05550642865843085	0.01010738878402978	0.01004967556592906	0.01026471574022441	0.01043864588906316	0.05113897722338987	0.05906312935335997	0.1730425415232354	0.01043183539073739	0.01059616278155701	0.1488885542889869	0.0008502217975415241	0.01100158837502487	0.01363544928913584	0.01067781320394743	0.01342835669072642	0.01101897381179738	0.01044262816866635	0.02415382335999648	0.03867972053288761	0.01017483578875738	0.0100577917635463	0.01031571636183827	0.01198863039388383	0.01055890570199693	0.02203122035625701	0.09093656835453415	0.0100460834874374	0.01006529096245307	0.1111406331839346
0.1662548968085789	-0.2842970013328247	0.111752729458719	1.049489128652535	0.4852181831353525	0.2214047803470802	0.1665476510310117	-0.3620624482094469	-0.4664387594448242	0.1031614060862844	-0.2410692609434715	-3.363076409427176	0.8753497676035756	-0.6383776504492432	1.675541523959973	-0.4423990129237838	4.699350730023269	9.239729342688408	3.739494929060646	3.251374502982015	8.074434759871796	0.01035406748440291	0.012235586202249	0.01045033257121397	0.04794603655858651	0.03631756079980009	0.06060934452689831	0.03822014491030622	0.05412046513247971	0.01011357989753097	0.01005060889149729	0.0102696039357282	0.01060843016961107	0.04805662453668948	0.05620451350320387	0.1677941520683729	0.01039990844814943	0.01055223768924982	0.1465505831419192	0.0007812595140297602	0.01137505438721988	0.0136972519342758	0.01078850555499816	0.01148107576453208	0.01085605379102509	0.01043505472968399	0.02248102006424931	0.03550089109247103	0.01018888016769696	0.01006394832940988	0.01033128538613224	0.0129675443479231	0.01044164465530763	0.01952479009601507	0.08521430863458494	0.01004782991495898	0.01006759436078426	0.1135029493315909
0.1674956049937176	-0.2884385827837235	0.1128406827247141	1.048691549961714	0.4872345068961653	0.2208063597569898	0.1723456759749871	-0.3505270652577158	-0.4617648538566922	0.1070751855934444	-0.2310662804545386	-3.312214216078919	0.8784344502430317	-0.6472655263672815	1.57402037362713	-0.5231818419241058	4.645925779539279	9.354334761914046	3.794850664436866	3.05925308730155	8.049999929190928	0.01056738378680656	0.01235541960486295	0.01048775523907756	0.04514693300317857	0.03432155542091907	0.0568762423330248	0.03692891959375418	0.05259917514090398	0.01012066006266586	0.01005209936724379	0.01027551295347666	0.01098995892986533	0.04518314536842789	0.05336997848102597	0.1624806847501984	0.01037076961204183	0.01051209492894084	0.1445307073386132	0.0006688047371434258	0.01443229878297587	0.01367545840460384	0.01101131261912562	0.0110928020969877	0.01076768605820788	0.010437485435663	0.02084263087148653	0.03241794474295409	0.01020856931776457	0.01007304405515904	0.01035006382966699	0.01738998300239855	0.01038373973988021	0.01739061743919526	0.07956228394670359	0.01004954003152068	0.0100688319710972	0.1166275955546211
0.1687363131788562	-0.2925138332967004	0.1139325468349288	1.047883092024095	0.4891222041482322	0.2201042223540171	0.1780735492452716	-0.3388523654597368	-0.4570219284688757	0.1107568637016501	-0.2210943436150643	-3.256152081996016	0.8816539810923389	-0.655914806331333	1.468197809070487	-0.6095887161550615	4.586267442188799	9.464305695816611	3.850753625834174	2.877231318050317	8.024392980227216	0.01101651593539781	0.01246351635503929	0.01054056041003202	0.04251658239968033	0.03246686297542666	0.05339509857528028	0.03560694900282965	0.05095502367709404	0.01012878750886409	0.01005422169589734	0.01028249053535875	0.01170597539419192	0.04250861062684047	0.0505719444775416	0.1571065034035254	0.01034418984121106	0.01047538260241621	0.1428358438831816	0.0005563499602570913	0.01748954317873187	0.01365366487493187	0.01123411968325308	0.01070452842944333	0.01067931832539067	0.01043991614164202	0.01920424167872375	0.02933499839343716	0.01022825846783217	0.01008213978090819	0.01036884227320174	0.02181242165687401	0.01032583482445279	0.01525644478237545	0.07391025925882223	0.01005125014808238	0.01007006958141014	0.1197522417776513
0.1699770213639949	-0.2965161560737579	0.1150284969428568	1.047064060761585	0.4908757713049123	0.2192912128420832	0.1837233708842741	-0.3270440833170341	-0.4522093089612488	0.1142194646928381	-0.211154766134143	-3.194476785301232	0.8850295070861697	-0.6642970310355345	1.357595265171308	-0.7021190368525504	4.519901892670746	9.56969883594741	3.907190191071038	2.706425500486742	7.997963877901561	0.01184690535510752	0.01255804720538859	0.01062307353683448	0.04005489066469359	0.03074537638434159	0.05015255205656918	0.03426188557473944	0.04920422860575868	0.01013824493075915	0.01005715762061326	0.01029062040155596	0.01278573748314801	0.04002192645377667	0.04783839753689127	0.1516747218200905	0.0103199643514446	0.01044180577202368	0.1414572261523146	0.0004044394871560268	0.02449589970886919	0.01356445653421428	0.01182855265364957	0.01057644778476325	0.01062540916714881	0.01045123818352463	0.01770408802059934	0.02646091456640294	0.01025676098461348	0.01009681721944839	0.01039174914527104	0.02763515983460919	0.01029190077557718	0.01390777469791662	0.06829250523950932	0.01005319752706951	0.01007113121075081	0.1231716089439747
0.1712177295491336	-0.3004380650974648	0.1161287503805174	1.046234824181742	0.4924886640577325	0.218359117478313	0.1892862185903224	-0.3151077963327938	-0.447326351589797	0.1174776046017597	-0.201248235311369	-3.126526495536351	0.8885908744681578	-0.6723655991890606	1.241433091182232	-0.8015530483525883	4.446066958285517	9.67064729888263	3.964137016218689	2.547643710352423	7.971122391302032	0.01318621488976591	0.01263738136043936	0.01074804150270678	0.03776147570683352	0.02914950508693859	0.04713566116418302	0.03290067731736814	0.04736152543552873	0.01014928410677164	0.01006106901770653	0.01029997711431482	0.01425398979468806	0.03771251886399629	0.04519509897458489	0.146188250268454	0.01029791059910409	0.01041110147019635	0.1403860906847231	0.0002525290140549623	0.03150225623900651	0.01347524819349669	0.01242298562404606	0.01044836714008317	0.01057150000890695	0.01046256022540725	0.01620393436247494	0.02358683073936873	0.01028526350139479	0.01011149465798858	0.01041465601734034	0.03345789801234436	0.01025796672670156	0.01255910461345778	0.0626747512201964	0.01005514490605664	0.01007219284009148	0.1265909761102982
0.1724584377342722	-0.3042714807241583	0.1172335508783382	1.045395792140401	0.4939536368365523	0.2172990247151862	0.1947524860898746	-0.3030489550910522	-0.4423724320292173	0.1205464999049431	-0.1913750922608972	-3.051648921224232	0.8923678298359503	-0.6800748342274621	1.118944364825205	-0.90866132291496	4.364011304404403	9.767284901766041	4.021581842876074	2.401476650840629	7.944234694990552	0.01493247725924836	0.01270114856677398	0.01095688261432609	0.03562833588689079	0.02767128825106928	0.04433172218887227	0.03154305622979964	0.04543994500693135	0.01016238442077111	0.01006643676902051	0.01031068864393035	0.01604471011691687	0.03556962847718288	0.04266595696132455	0.1406452491475394	0.01027787277255178	0.0103830615630077	0.1396005663681549	0.0001258121941789639	0.0371836665613475	0.01334656820003075	0.0140887611518154	0.01038828893721943	0.01053619572855703	0.01048265847535871	0.01516921087542065	0.02089362953446233	0.01032832406824394	0.01013954849819286	0.01044306053856345	0.0385599461029263	0.01023614125719214	0.01196666445035482	0.05694700432007212	0.01005772320794059	0.01007403456696374	0.1299025096665721
0.1736991459194109	-0.3080074397572247	0.1183431845508546	1.044547435582068	0.4952624194837018	0.2161009674290134	0.2001115499276861	-0.2908728577739468	-0.4373469167197657	0.123441913795919	-0.1815352250808803	-2.969428151752817	0.896381868334834	-0.6873965574389191	0.9896572983027526	-1.023949463913672	4.273256508398953	9.859662077165389	4.079548093994428	2.267994585425953	7.917482302172095	0.01699455698377775	0.01274901647752693	0.01128638326820778	0.03364786278481365	0.02630333117356788	0.0417285493672632	0.0302069296952018	0.04345136735735067	0.01017797280944706	0.01007368917962823	0.01032286896212957	0.01809903608442795	0.03358309733276148	0.04027283418317774	0.13504393924888	0.01025971199268609	0.01035750049064038	0.1390799649651461	-9.046256970344168e-07	0.04286507688368849	0.01321788820656479	0.01575453667958474	0.0103282107343557	0.01050089144820712	0.01050275672531018	0.01413448738836636	0.01820042832955594	0.01037138463509308	0.01016760233839714	0.01047146505978656	0.04366199419350823	0.01021431578768272	0.01137422428725187	0.05121925741994785	0.01006030150982453	0.01007587629383601	0.133214043222846
0.1749398541045495	-0.3116366833192827	0.119457953614413	1.043690245172988	0.4964064113494698	0.2147546144851047	0.2053524467830935	-0.2785847746407338	-0.4322491457672316	0.1261795657938197	-0.1717284098569287	-2.879553616942281	0.900650554837374	-0.6943101120285534	0.8532321234784884	-1.147803880915449	4.173445725180235	9.947781431465433	4.138070007599101	2.147002425533306	7.890962782200523	0.01929279538839216	0.0127818367814856	0.01176369588212553	0.03181101625390289	0.02503821444748875	0.03931426164263724	0.02890271347291957	0.04142433427246756	0.01019699864723929	0.01008432005722438	0.01033671092094644	0.02036775222775664	0.03174287242982642	0.03802100965895972	0.1294019300108868	0.01024331501335833	0.01033427181102694	0.1388010836954079	-3.906706974126089e-05	0.04735706621307843	0.01307762133131177	0.01831452290281	0.01029449713289776	0.0104765992973207	0.01053216130128084	0.01339735209008678	0.01612673357174178	0.01044198934689918	0.01023491876232469	0.01050739478264768	0.04818623088758824	0.01019940396879545	0.01113317079053942	0.04597120526884509	0.01006393592611801	0.0100791825469073	0.136322774725059
0.1761805622896881	-0.3151495961247527	0.1205781829354017	1.042824735079647	0.4973766526821221	0.2132491754964222	0.2104638041414138	-0.2661900884973842	-0.42707839302572	0.1287743585770444	-0.1619543867525942	-2.781904995919388	0.9051837080136228	-0.7008077434572597	0.7095744613939707	-1.280393392557006	4.064441091717788	10.03150428825067	4.197193443786958	2.037707729751515	7.864621993706056	0.02175715552843656	0.01280036600143872	0.01241274474060312	0.03010931401493512	0.02386908913775826	0.03707756392204835	0.02763983902551831	0.03938494730837488	0.01022030737994732	0.01009965979817861	0.01035238627319547	0.02280752026408546	0.03003953808795741	0.03591511316931278	0.1237358843227242	0.01022858089897122	0.01031324496926857	0.138742242016034	-7.722951378548736e-05	0.05184905554246839	0.01293735445605875	0.02087450912603527	0.01026078353143982	0.01045230714643428	0.01056156587725149	0.0126602167918072	0.01405303881392761	0.01051259405870528	0.01030223518625223	0.0105433245055088	0.05271046758166824	0.01018449214990819	0.01089211729382697	0.04072315311774233	0.01006757034241149	0.0100824887999786	0.139431506227272
0.1774212704748268	-0.3185365013026067	0.1217042039715277	1.041951423268116	0.4981641536015475	0.2115737638168697	0.2154341791860217	-0.2536943188716467	-0.4218338922939098	0.1312404306199507	-0.1522129711054094	-2.676443603527558	0.9099872050790278	-0.7068868959514129	0.5587049344400583	-1.421790039092316	3.946197782449905	10.11057847721428	4.256960727066967	1.938997132515428	7.838339803280394	0.02433740051115913	0.01280616548266858	0.01321609089392142	0.02853400890793611	0.02278921593087652	0.03500751028192357	0.02642872483258003	0.03737482434879705	0.01025042524495277	0.01014490399972768	0.01037018518546259	0.02536676444683772	0.02846389404515191	0.03395037865931478	0.1180549340415953	0.01021543114750511	0.01029431326868318	0.138889217128749	-6.883897801466198e-05	0.05551209424872385	0.01280577879778001	0.02337840972957963	0.01023965895245143	0.01043486008361091	0.0106012574290196	0.01225459185714988	0.01301621655951216	0.0106518222532488	0.01097762433502928	0.01058982438113045	0.0563811239718961	0.01017384637384848	0.01077009729962886	0.03573497766579648	0.01007266021067866	0.01008765385347053	0.1425414148522162
0.1786619786599654	-0.3217877819425054	0.1228363506962224	1.041070824976775	0.4987601583019435	0.2097175267721714	0.2202521940440939	-0.2411037186672473	-0.416514826426144	0.1335893925116672	-0.1425042776682791	-2.56328061609263	0.9150582103210333	-0.7125534230300986	0.4008859128490605	-1.571880709557161	3.818839138574821	10.184369524243	4.317391124383428	1.848927858791646	7.811874357013059	0.02698966661046764	0.01280062517464353	0.01415809540960392	0.02707695939780752	0.02179240619326588	0.03309377888801765	0.02527877276986044	0.03543200564609759	0.01028960163837718	0.0102424819910257	0.01039036606908479	0.02800042272628072	0.02700738286318063	0.03212222877600689	0.1123677279217319	0.01020379579001787	0.01027738158926209	0.1392287302632793	-6.044844224383658e-05	0.0591751329549793	0.01267420313950127	0.025882310333124	0.01021853437346304	0.01041741302078754	0.01064094898078771	0.01184896692249257	0.01197939430509672	0.01079105044779232	0.01165301348380632	0.0106363242567521	0.06005178036212395	0.01016320059778877	0.01064807730543076	0.03074680221385063	0.01007775007894583	0.01009281890696246	0.1456513234771604
0.1799026868451041	-0.3248939135161187	0.1239749539002881	1.040183451176869	0.4991561424672872	0.2076697065010993	0.224906572374649	-0.2284251392699423	-0.4111203599949349	0.1358311181250443	-0.1328286409752934	-2.44203279039862	0.9204103386470038	-0.7177748376680176	0.2358712441766487	-1.731149589456226	3.681914317116605	10.25191197044757	4.378639605599903	1.765262481622863	7.784959647415761	0.02967267878981548	0.01278549952956034	0.01520813615198155	0.02573009545477014	0.02087263881105676	0.03132641960631897	0.02419277305773806	0.03357783807468032	0.010347273494801	0.01123929604607644	0.01041337649000596	0.03067745596342163	0.02566170635028978	0.0304234680865044	0.1067288102665571	0.01019361546017453	0.01026234865891074	0.1397631389570831	-7.079906927027181e-05	0.06199173798780733	0.01256190413358838	0.0279497684187211	0.01020428597070464	0.01040440396928311	0.0106921609344618	0.0116220951590339	0.01159255519834643	0.01117277807616786	0.03254645025088316	0.0106982377040813	0.06313316668425195	0.01015535506746343	0.01057614543473499	0.02736342742895314	0.01008445457710433	0.01009957051363156	0.1492241753091132
0.1811433950302427	-0.3278432222771687	0.1251204208144304	1.039289981880726	0.4993415762973373	0.205416911110037	0.2293835353262395	-0.2156678510229461	-0.4056489900630041	0.1379711570864548	-0.1231868583564165	-2.310484983835615	0.9261223903899312	-0.7223792577833735	0.0614824649526792	-1.902297015185109	3.53284864782305	10.31124678871998	4.441358212497273	1.685010509931429	7.757302173360022	0.03235044064692366	0.01276235172673882	0.01633907731816767	0.02448595384865414	0.0200244093345638	0.02969611786974604	0.02317319799717702	0.03183171972739502	0.01043184068319125	0.0138792333638213	0.01043961501179903	0.03337078825440582	0.0244191928213649	0.02884734965375857	0.1011898587225933	0.0101848372448451	0.01024912420619569	0.1404943780239586	-8.114969629670705e-05	0.06480834302063539	0.0124496051276755	0.03001722650431821	0.01019003756794624	0.01039139491777868	0.0107433728881359	0.01139522339557522	0.01120571609159613	0.01155450570454341	0.05343988701796	0.01076015115141051	0.06621455300637993	0.01014750953713808	0.01050421356403922	0.02398005264405565	0.01009115907526283	0.01010632212030065	0.152797027141066
0.1823841032153814	-0.3306218565568057	0.126273236457228	1.038391265354235	0.4993037652267684	0.2029430969824857	0.2336667736038504	-0.2028429420537557	-0.4000985804496103	0.140012360494966	-0.1135799709227078	-2.166313351501324	0.9322753425346995	-0.7261841262473122	-0.1244883315718063	-2.088148921579212	3.368935693665946	10.35983651460235	4.506227780372201	1.604172567185697	7.728684128087353	0.03498261390185501	0.01273275521789955	0.01752670283879563	0.02333725557489008	0.01924240104407711	0.02819394417196115	0.02221871436590779	0.03019475754424421	0.01061503565188864	0.01792164443557565	0.01046979055561022	0.03605304296811782	0.02327244115769496	0.0273863409477103	0.09571513180474109	0.01017738550283545	0.01023754750454398	0.1414450004115961	-0.0001036053317216034	0.06660048209914071	0.01235891522949728	0.03167738844032036	0.0101798814978305	0.01038137896990609	0.01080766704220875	0.01125665192562298	0.01103010726723986	0.01369602695767608	0.07239781024895649	0.01084539261092015	0.06864740455995709	0.01014159141524797	0.01045694704762734	0.01970090979265643	0.01009886788334372	0.01011286600233456	0.1574682024044087
0.18362481140052	-0.3332130111030372	0.1274339800499784	1.037488393812379	0.4990275695457795	0.2002286424224395	0.2377365147809857	-0.189966854621196	-0.3944661135939683	0.1419488022163264	-0.1040091442975135	-2.008270895630115	0.9389021079829141	-0.729077069010108	-0.3227893866872398	-2.290205224254372	3.188695011945049	10.39374554153469	4.573633050435416	1.516136486285312	7.699172788003812	0.03753388645325612	0.01269811258141418	0.01874963256336273	0.02227730548071689	0.01852177204887773	0.02681159331237658	0.02132806607088125	0.02866782305747268	0.01096060115740682	0.02314058098920671	0.01050453437298405	0.03870027864594278	0.0222146452200195	0.02603344449178259	0.09027077380056193	0.01017119282910451	0.01022747532927256	0.1426352837620683	-0.0001260609671464997	0.06839262117764604	0.01226822533131906	0.03333755037632251	0.01016972542771477	0.01037136302203351	0.01087196119628159	0.01111808045567073	0.01085449844288359	0.01583754821080875	0.09135573347995299	0.0109306340704298	0.07108025611353426	0.01013567329335786	0.01040968053121547	0.01542176694125721	0.0101065766914246	0.01011940988436847	0.1621393776677514
0.1848655195856587	-0.3355990820589041	0.1286032474040419	1.036582537480791	0.4984975528469113	0.1972529722331862	0.2415720265522495	-0.1770596277840527	-0.3887483180984017	0.1437683928331747	-0.09447542779676267	-1.83566611681322	0.9460094755672551	-0.7309800767871705	-0.5334054586845249	-2.509280011918974	2.991277622172252	10.40820831466009	4.643800496011665	1.413041455019726	7.669048976818738	0.03998633052984703	0.01265961911484925	0.01999054003266924	0.02129963352024892	0.01785787782344045	0.02554116828264658	0.02049840906356262	0.02724646533910762	0.01159171122535795	0.02926544870844804	0.01054498785083134	0.04129830604425642	0.02123926577432138	0.02478149288380021	0.08494256748825685	0.01016611788509947	0.01021863969079422	0.1441014134811098	-0.0001428575215892824	0.0695323785233498	0.01219604854996061	0.03465506698926284	0.01016225735484146	0.01036366194857232	0.01095171581857928	0.01102776805499064	0.01075929602305177	0.02124423098823292	0.1069636089102832	0.01105218407112109	0.07306575520115254	0.01013118075594205	0.01037625421396902	0.01360410531677382	0.01011344335932767	0.01012259063132057	0.1684314164466319
0.1861062277707973	-0.3377621874979175	0.1297816044426498	1.035674943395579	0.4976994596316761	0.1939952332207308	0.2451521581735041	-0.1641503544869573	-0.3829418012738866	0.1454452994408904	-0.08497894912714454	-1.648854338671643	0.9535545218570034	-0.7318782964693308	-0.7549240783862535	-2.744895283227704	2.777026625557583	10.39704436101673	4.716650283089972	1.286132575789517	7.639146079163866	0.04232407009640755	0.01261834057487173	0.02123414186427709	0.02039831634629111	0.01724650245198071	0.02437536536553171	0.01972713390064532	0.02592651225031981	0.01261696617887891	0.03606082263245645	0.01059216719452814	0.04383463257275839	0.02034031695899008	0.02362387105719985	0.07981154974912595	0.01016203474908551	0.01021080182592584	0.1458758632444462	-0.0001596540760320652	0.07067213586905356	0.01212387176860215	0.03597258360220319	0.01015478928196815	0.01035596087511114	0.01103147044087696	0.01093745565431054	0.01066409360321995	0.02665091376565708	0.1225714843406134	0.01117373407181238	0.07505125428877084	0.01012668821852623	0.01034282789672257	0.01178644369229042	0.01012031002723073	0.01012577137827266	0.1747234552255124
0.187346935955936	-0.33968496898714	0.1309695700966768	1.034766857756215	0.4966205263023079	0.1904352523343775	0.2484563029548328	-0.1512736535820748	-0.3770433029967629	0.1469461041758655	-0.07551905693472008	-1.448630999370651	0.9614735294672102	-0.7317828102071547	-0.9853761349519691	-2.996031574650287	2.5467883299997	10.35362751851393	4.791986841451182	1.127612134123325	7.610283849420343	0.04454234871164221	0.01257503732491662	0.02246701313144451	0.01956766224618204	0.01668362748784291	0.02330741302459015	0.01901107333649944	0.02470231631939938	0.01397992046192894	0.04330721299045201	0.01064787691496352	0.04630278175525182	0.01951206578368373	0.02255402050919096	0.07491911716880439	0.01015873205114362	0.01020367692320169	0.1479919918249194	-0.0001864478003286537	0.07141390672474972	0.0120643170752027	0.03696825310769199	0.01014927085464692	0.01035046120589147	0.01113255639624893	0.01087894948596413	0.01060902131607979	0.03155489185171289	0.1346827210833187	0.01135171392806014	0.07671945625727956	0.01012332836413143	0.01031798194735303	0.01135336748132184	0.01012413661608304	0.01012417733014947	0.1827245863127542
0.1885876441410747	-0.3413518692505264	0.1321675398834428	1.033859475359342	0.4952516553623479	0.1865551250410356	0.2514658230465988	-0.1384744399768048	-0.3710499907051286	0.1482296646312378	-0.06609404964815804	-1.236378235575617	0.9696810104306323	-0.7307446810924535	-1.222298471659718	-3.260965742167171	2.302096729440238	10.27213615556333	4.869488826038217	0.9359389276474571	7.582912215979473	0.04663677512989003	0.01253038739348054	0.02367729824853695	0.0188024813592767	0.01616561543475993	0.02233107655481809	0.01834733924105922	0.02356865305510851	0.0156297951626158	0.05081930470337813	0.01071372327767405	0.04869697245048636	0.01874928533501991	0.02156591993499678	0.07030389200896499	0.01015602149552581	0.01019701125200346	0.1504794410186057	-0.0002132415246252423	0.07215567758044587	0.01200476238180326	0.03796392261318078	0.01014375242732569	0.01034496153667181	0.0112336423516209	0.01082044331761772	0.01055394902893963	0.03645886993776868	0.1467939578260241	0.01152969378430789	0.0783876582257883	0.01011996850973663	0.01029313599798349	0.01092029127035325	0.01012796320493535	0.01012258328202628	0.1907257173999961
0.1898283523262133	-0.3427485647182421	0.133375836578041	1.032953941111839	0.4935858139853274	0.1823384765528073	0.254163459061987	-0.1258020449684308	-0.3649593133478451	0.1492557857745554	-0.05670191558502423	-1.013602179031962	0.9780924931032557	-0.7288296628621465	-1.463347270132839	-3.537843325923021	2.044646438732985	10.14821008432272	4.948824921794165	0.7151593403844594	7.557356056923466	0.04859813190169204	0.01248484954215722	0.02485259776301811	0.01809780815779976	0.01568901867933923	0.02144078973775998	0.01773283562815524	0.02251985384896991	0.01750026330496535	0.05842697929930944	0.01079226670160264	0.05101106482443944	0.01804698289234225	0.02065369449535843	0.06596326252877614	0.01015372474810885	0.01019067973426776	0.1533477550359434	-0.0002555214895609262	0.0723668189499363	0.01195348664596978	0.03860521309695347	0.01013983771606804	0.01034193002879174	0.01136595282119376	0.01078540733701706	0.0105228632140081	0.04041415692812055	0.1552927812574744	0.01178898159657742	0.07971782863730033	0.01011758954855627	0.01027410492491244	0.01076840415088437	0.01012873595476507	0.01011893458710665	0.1998790877493516
0.1910690605113519	-0.3438633950062021	0.1345946448258495	1.032051270698731	0.4916196420992484	0.1777721806512511	0.2565349781159317	-0.1133107033568913	-0.3587692792707465	0.1499968512005159	-0.04734032884733304	-0.7820164558747722	0.986625452052206	-0.7261282293088726	-1.706426035862827	-3.824591306193835	1.776401845355015	9.980281223562796	5.029650139379886	0.4764343330170484	7.533670367449396	0.05041805726830387	0.01243883287208565	0.02598193110021608	0.01744913056161007	0.01525072377100284	0.02063144415943293	0.01716475005646888	0.02155070896463662	0.01953275649560793	0.06598705532815856	0.01088578548970391	0.05323954010446773	0.01740062212799124	0.01981197442142556	0.06189415935855278	0.01015168294879403	0.01018457094435256	0.1566049095937309	-0.00029780145449661	0.07257796031942672	0.01190221091013631	0.03924650358072614	0.0101359230048104	0.01033889852091168	0.01149826329076661	0.01075037135641639	0.01049177739907657	0.04436944391847241	0.1637916046889246	0.01204826940884695	0.08104799904881237	0.0101152105873759	0.0102550738518414	0.01061651703141549	0.01012950870459479	0.01011528589218702	0.2090324580987071
0.1923097686964906	-0.344686076536595	0.1358240878243155	1.031152400533019	0.4893512721344485	0.1728447592326587	0.2585677385617142	-0.1010547534387752	-0.3524781537890903	0.1504368194793302	-0.03800694407815837	-0.5435936552650958	0.9951841677921627	-0.7227424946943591	-1.949159523093059	-4.118815549640955	1.499622538660412	9.766826469038568	5.111556381461357	0.2276339491917094	7.511690383682566	0.05208490473036003	0.01239270053359594	0.02705564556027283	0.01685214794258518	0.01484779687600724	0.01989845892404112	0.01664017950519503	0.02065590233609549	0.02165804022557746	0.07337211715439589	0.01099672660820168	0.05537662790293262	0.01680588084135934	0.01903556996097283	0.0580858811611711	0.01014987347111919	0.01017876046739802	0.1602102973014046	-0.0003456901004745579	0.07215868386782343	0.01185865795827936	0.03954853911092474	0.01013354515654113	0.01033889711126511	0.01166916456849856	0.01073332946911143	0.0104765886943337	0.04701925573199191	0.1686808849330517	0.01239598696836997	0.08202300942254868	0.01011377930153142	0.01024035763597284	0.01054353148805641	0.01013025356650311	0.01011387867796004	0.2178543962358761
0.1935504768816292	-0.3452109421581435	0.1370640338846812	1.030258074643841	0.4867854162418441	0.1675504704288766	0.2602543052260323	-0.08909814308415971	-0.3460853245008517	0.1505489186089621	-0.02870043057563076	-0.3019423877581238	1.0035562057094	-0.7188029344017149	-2.185968181912095	-4.415975155086559	1.218343488061845	9.497751081567436	5.193594918562835	-0.05208497440892633	7.490354175191974	0.05358809379449923	0.01234677636856241	0.02806515337414487	0.016302963947526	0.01447759376304976	0.01923764145137411	0.01615649474076672	0.01983057201245635	0.02381545988945999	0.08047327170575305	0.0111272657087636	0.05741710385264105	0.0162588435352254	0.01831975544006955	0.05452783371603906	0.01014827615912008	0.01017331563525332	0.1641269534771179	-0.0003935787464525058	0.07173940741622015	0.01181510500642241	0.03985057464112333	0.01013116730827186	0.01033889570161854	0.01184006584623051	0.01071628758180646	0.01046139998959083	0.04966906754551141	0.1735701651771788	0.01274370452789298	0.08299801979628499	0.01011234801568695	0.01022564142010429	0.01047054594469733	0.01013099842841143	0.01011247146373306	0.2266763343730452
0.1947911850667679	-0.345435855180511	0.1383141345734826	1.029368921129798	0.4839325544926902	0.1618880492515808	0.2615911673053061	-0.07751654278816426	-0.3395911475553826	0.1502783295348354	-0.01942061050307157	-0.06201063896367559	1.011429752974564	-0.7144541267508483	-2.408480399265132	-4.709752103177965	0.9380426058050839	9.154769943216916	5.274344220547376	-0.4060322983080696	7.467962360801894	0.0549180250653545	0.01230142947618662	0.02900233290713653	0.01579787558177182	0.01413763709617751	0.01864471958316399	0.01571104338004326	0.019069895180574	0.02594541541851407	0.08719795606878676	0.01127707936656009	0.05935661535194699	0.01575578675896914	0.01765999015720288	0.05120775955236153	0.01014706709447481	0.010168455466596	0.1682305268839068	-0.0004396625831964569	0.07069860950613793	0.01178078408928361	0.03981141016851932	0.0101304073109751	0.01034268989125297	0.01204299827498837	0.01071354823815166	0.01045773326211489	0.05093032874467966	0.1749847934058347	0.01312333407668518	0.08363129219769065	0.01011188843628994	0.01021438259260473	0.01042948990730651	0.0101363517779379	0.01011700001749937	0.2323539892076734
0.1960318932519065	-0.3453682837604466	0.1395734285484243	1.028485322872299	0.4808196811751199	0.1558685704505073	0.2625854234114401	-0.06642307699377135	-0.3329988716034271	0.1494869593152718	-0.01017077246179187	0.1695374439023953	1.018375623716482	-0.7098479577765928	-2.60510231814921	-4.991545833226994	0.6660686222671187	8.710886841592341	5.351728820214891	-0.8915751785887868	7.442023460196226	0.05606585812109	0.01225698898687798	0.02985991761842391	0.0153335364150414	0.01382569778034293	0.01811580011947771	0.01530142913670878	0.01836947847051288	0.02799568340882526	0.09346483653142093	0.01144587690063596	0.06119116798832162	0.01529334596182858	0.01705215282130929	0.04811373938666082	0.0101464031249025	0.01016437506299894	0.1724094358932585	-0.000485746419940408	0.06965781159605572	0.01174646317214481	0.03977224569591529	0.01012964731367834	0.01034648408088739	0.01224593070374624	0.01071080889449686	0.01045406653463895	0.05219158994384792	0.1763994216344907	0.01350296362547739	0.08426456459909633	0.01011142885689294	0.01020312376510518	0.0103884338699157	0.01014170512746436	0.01012152857126567	0.2380316440423015
0.1972726014370452	-0.3450215152685927	0.1408405792622882	1.027607536746476	0.4774839420261841	0.1495106326737829	0.2632505872727295	-0.0559547432455316	-0.3263135872250291	0.1479897475326006	-0.0009563958037917496	0.38609798345079	1.023980517752722	-0.705126746258033	-2.764784530317303	-5.25283463296065	0.4097305519507908	8.141790295632438	5.4236497884179	-1.550358451785104	7.410087723671729	0.0570253295901386	0.01221379033767721	0.03063110489396393	0.01490676999946879	0.01353969415662126	0.01764632066347384	0.01492527492889468	0.01772503541926166	0.02992453740283798	0.09922148575912598	0.01162888502069628	0.06291784670879896	0.01486832354601194	0.01649230026096338	0.04523344709978615	0.01014670888169281	0.01016132896546982	0.1764552858262039	-0.0005239277508770248	0.06805095084595467	0.01172195929529361	0.03939243898179189	0.01013058024457115	0.01035484044598055	0.01246025808932348	0.01071993025063286	0.01045954484582844	0.05222973468771469	0.1749380888922729	0.0138073059407676	0.08457778652333892	0.0101119189680738	0.01019484409342869	0.01036328063866106	0.01015823905670324	0.01013366493668185	0.2372527955606675
0.1985133096221838	-0.3444185255140669	0.1421136835984774	1.026735612805155	0.4739771317202723	0.1428452786322788	0.2636109862186605	-0.04627473181300502	-0.3195434738924814	0.1455692674538046	0.008213509995723371	0.5825616623754751	1.027972760265832	-0.7003982188356571	-2.880866069477512	-5.48709550622522	0.1747928818248141	7.440125115234354	5.488471623476083	-2.379867731130624	7.370337037201869	0.05779051562348293	0.01217213260939211	0.03130976694166203	0.0145147119511263	0.01327775577157218	0.01723214626576926	0.01458043763221857	0.01713267416899368	0.03169514337111709	0.1044195908502821	0.01182185611348581	0.06453391777350562	0.01447783639403553	0.01597686343260609	0.04255503577159982	0.01014836260332263	0.01015954390875018	0.1801810545070747	-0.0005621090818136416	0.06644409009585361	0.01169745541844241	0.0390126322676685	0.01013151317546396	0.0103631968110737	0.01267458547490072	0.01072905160676886	0.01046502315701793	0.05226787943158146	0.173476756150055	0.01411164825605782	0.08489100844758149	0.01011240907925467	0.01018656442175221	0.01033812740740642	0.01017477298594212	0.01014580130209802	0.2364739470790334
0.1997540178073224	-0.3435861173163886	0.1433906512402448	1.025869519862481	0.4703553923551225	0.1359084103839345	0.2636953024979336	-0.03754785950476102	-0.3126979330808953	0.142020356371079	0.01732859935771803	0.754917048893153	1.030177910087249	-0.6957490010533722	-2.94967719379416	-5.689274008196594	-0.03413045457046448	6.609929722035449	5.544926607366426	-3.356102097536791	7.321415904368712	0.05836088534118519	0.01213224433012262	0.03189207067949288	0.01415464380881932	0.01303813733597442	0.01686860497380175	0.01426480419971022	0.01658863031707144	0.03328964351055883	0.1090589825180035	0.01201801806087526	0.06603844041863711	0.01411914364996061	0.01550244577349906	0.04006667871140118	0.01015210837895682	0.01015903307994962	0.1833790246110378	-0.0005867372114481852	0.06440725675242386	0.0116814787390985	0.03834072446361286	0.01013414891280195	0.01037676455912906	0.01288245158360737	0.01074812184095605	0.01047820887085238	0.0514930974205462	0.170416012992599	0.01427465063034856	0.08492769265601607	0.01011374582731962	0.01018118728883284	0.01032254091615281	0.01021168491773334	0.01016077261005626	0.2281884839226929
0.2009947259924611	-0.3425560537260017	0.1446692420426723	1.025009118926925	0.4666767072712459	0.1287420680504036	0.2635380717705279	-0.02991619860412951	-0.3057879095433432	0.1372036966659169	0.02637699553624697	0.9011787197430209	1.030589268009291	-0.6912228031078402	-2.972661603582206	-5.857003744005877	-0.2145766923592624	5.674663516270446	5.592416655283294	-4.423456577237057	7.262828661830137	0.05873562565163686	0.01209432921853878	0.03237450619912059	0.01382411871579725	0.01281927249153798	0.0165514805053915	0.01397647294731693	0.016089495624451	0.03469194118122312	0.1131364868576191	0.01221134731645437	0.06743043421852529	0.01378977861192868	0.01506598021359273	0.03775711894652434	0.01015860896309736	0.01015980820997508	0.1858606536335157	-0.0006113653410827289	0.06237042340899409	0.01166550205975459	0.03766881665955722	0.01013678465013995	0.01039033230718441	0.01309031769231402	0.01076719207514325	0.01049139458468682	0.05071831540951095	0.167355269835143	0.0144376530046393	0.08496437686445064	0.01011508257538456	0.01017581015591346	0.0103069544248992	0.01024859684952456	0.0101757439180145	0.2199030207663524
0.2022354341775998	-0.3413613278739126	0.1459472451497302	1.024154242375511	0.4629968131203883	0.1213897004546285	0.2631754304138447	-0.02349832313341263	-0.2988247072062419	0.1310327463332926	0.03534660748469901	1.020307627750374	1.029269625806357	-0.6868380928363741	-2.953367451002272	-5.989154339514502	-0.365108093141704	4.665566453168354	5.630641117295699	-5.51573172481273	7.194487563154279	0.05892190918642973	0.01205848015680223	0.03275849378727771	0.01352081408809499	0.01261969943135652	0.01627637877591431	0.01371355196193713	0.01563197603009879	0.0359031325415874	0.1167026795289601	0.01239617170392225	0.06871195744275084	0.01348739467093655	0.01466456803513908	0.03561532243412752	0.01016780231980912	0.01016138510859776	0.1874969139541454	-0.0006169905120273662	0.06011703261589019	0.01165567578295562	0.03682375047798214	0.01014107563300201	0.01040962845890283	0.01328230436207369	0.01079407959729291	0.01051099634662536	0.04953802094264097	0.1642736794272935	0.01445941328529288	0.08480501730916779	0.01011709175817965	0.01017367861208756	0.01029891191593456	0.01028954679091518	0.0101817810527713	0.205708174068977
0.2034761423627384	-0.3400351419504609	0.1472226436009476	1.023304750863998	0.4593628050726026	0.113894702617854	0.2626442131934301	-0.01835207390885497	-0.2918196736036419	0.1235374080551007	0.04422569437588861	1.113090068554742	1.026390608797124	-0.682542213894852	-2.898694018544618	-6.086921212542196	-0.4863180515107289	3.624824218485273	5.659847922674034	-6.55834686224852	7.116903762391617	0.05892588091662759	0.01202477989771396	0.03304520349615716	0.01324264270143435	0.0124381075337647	0.016039346243409	0.01347434130826282	0.01521309641891247	0.0369237953972607	0.1197999431581507	0.0125674443988269	0.06988471672597023	0.01320988329888861	0.01429559689096805	0.03363087529949053	0.0101796331301306	0.01016333247208194	0.1881670222850565	-0.0006226156829720036	0.0578636418227863	0.01164584950615664	0.03597868429640706	0.01014536661586406	0.01042892461062126	0.01347429103183337	0.01082096711944258	0.0105305981085639	0.048357726475771	0.1611920890194439	0.01448117356594646	0.0846456577538849	0.01011910094097474	0.01017154706826166	0.01029086940696992	0.01033049673230579	0.0101878181875281	0.1915133273716017
0.2047168505478771	-0.3386148900712443	0.1484931771167922	1.022460500646871	0.4558283089166595	0.1063060651747252	0.2619859088386274	-0.0145507985493932	-0.2847859808922785	0.1146559282724278	0.05300153823705395	1.177276784993777	1.021862171210229	-0.6782939536923224	-2.807060497439922	-6.147305331318446	-0.5756226435430036	2.558001485581761	5.67894207692401	-7.586821301556408	7.029646342470053	0.05876859994591981	0.01199311129769765	0.03324612333835525	0.01298760504318604	0.01227322535115534	0.01583741879183617	0.01325711121641977	0.01482996548667548	0.03776653126304075	0.1225060582548934	0.01271936585138223	0.0709609384432819	0.01295522591722391	0.01395661131476073	0.03179380609572739	0.01019194510870696	0.01016494136022777	0.1879979486469367	-0.0006047467988926018	0.05580010579362568	0.01163751204224127	0.03522146061119234	0.01015080038982212	0.01045321332253228	0.0136693189749053	0.01085281978335611	0.010555036524361	0.0470792274231025	0.1592342118240314	0.01433677556875037	0.08457785658827273	0.01012129536867726	0.01017322218044673	0.01029343826336344	0.01032548237936482	0.01017774916372929	0.1793641933530958
0.2059575587330157	-0.3371114823273032	0.1497587429400175	1.02162182076586	0.4523769522884151	0.09863701869386819	0.2612139546480813	-0.01186754646566858	-0.2777263644864291	0.1051372135596125	0.06166928624383788	1.247135860862942	1.018382774024241	-0.6735629311922934	-2.764674515909912	-6.216539162213069	-0.6695195925742667	1.82259005023792	5.701636453596408	-7.585558714253231	6.942655080478169	0.05846883756582832	0.0119633698629707	0.03337144927860881	0.01275390671917706	0.01212391405795008	0.01566793171981139	0.0130603097708389	0.01447997750305558	0.03844221416533086	0.1248890529691103	0.01284677101366527	0.07195146523124521	0.01272161125673004	0.01364540209627732	0.03009477068648972	0.01020281770861098	0.01016558028256228	0.1871019322529874	-0.0005868779148132	0.05373656976446505	0.0116291745783259	0.03446423692597762	0.01015623416378019	0.01047750203444331	0.01386434691797724	0.01088467244726965	0.0105794749401581	0.045800728370434	0.157276334628619	0.01419237757155428	0.08451005542266056	0.01012348979637978	0.0101748972926318	0.01029600711975695	0.01032046802642384	0.01016768013993048	0.1672150593345899
0.2071982669181544	-0.33550948860297	0.1510212844982377	1.020789522344071	0.4489258307194144	0.09086530377148455	0.260313680290334	-0.009799576039296336	-0.2706328838896526	0.09645013111211681	0.07023057293363495	1.331620110805412	1.016615580580182	-0.667963228701499	-2.796163113634194	-6.306531787407919	-0.7776198691467069	1.524613701755857	5.731667807188622	-6.436392761817642	6.855650910347517	0.05804697430193953	0.01193539956773073	0.03343227947299336	0.01253983598320039	0.01198907806837403	0.01552870462823468	0.01288236403359914	0.01416060376211902	0.03897041179633727	0.1270013058514722	0.01294854258650427	0.07286832811789136	0.0125073210293517	0.01335982085494162	0.02852467425976328	0.0102120450020679	0.010165389941011	0.1856204347523401	-0.0005784091831024976	0.05193219067873824	0.01162095783618739	0.03383204446997819	0.0101625187123558	0.01050635317456924	0.01407072752269336	0.01091901679344859	0.01060740037090649	0.04466315711694589	0.1561092711761065	0.01397163647394798	0.08458327118535397	0.01012580182119032	0.01017909286063859	0.01030746771421762	0.01030767786092774	0.01015901466658506	0.1582664502406491
0.208438975103293	-0.3338161863871212	0.1522809013960544	1.019964634502587	0.445444240838609	0.08299979408798096	0.2592944981877241	-0.008050421834064453	-0.2635068430481029	0.0891198774044102	0.07867521327547228	1.394323551639193	1.013668271778286	-0.6616172068273718	-2.813788874702482	-6.367734671420307	-0.8611967987258421	1.308663717729375	5.754122984501192	-5.398374463073301	6.754623202354103	0.05752131229955153	0.01190906127486145	0.03343851016757202	0.01234385848743801	0.01186773688724756	0.01541777903329322	0.01272186460812966	0.01386956954228398	0.03936835875467942	0.1288891882888881	0.01302367878167872	0.07372225674432187	0.01231081518591499	0.01309793773186914	0.02707505248730956	0.01021944354324953	0.01016449566058675	0.1836821317152488	-0.0005699404513917952	0.05012781159301141	0.01161274109404889	0.03319985201397877	0.01016880326093142	0.01053520431469517	0.01427710812740948	0.01095336113962753	0.01063532580165489	0.04352558586345778	0.1549422077235939	0.01375089537634169	0.08465648694804739	0.01012811384600087	0.01018328842864537	0.01031892830867828	0.01029488769543164	0.01015034919323965	0.1493178411467082
0.2096796832884317	-0.3320612692850853	0.1535359150145471	1.019148120207433	0.4419558904934932	0.07507994218370075	0.2581896658388161	-0.006545093083900794	-0.256358930070824	0.08291254407296526	0.08698477493152561	1.430586693494204	1.009159987115615	-0.6544301543209918	-2.805837270154382	-6.393545441149038	-0.915327976161136	1.125217777842803	5.766584282926335	-4.642958889413222	6.637832945377147	0.05690301132126244	0.01188430584240203	0.03339573181922933	0.01216454114533467	0.01175901747827814	0.01533250372476674	0.01257741518099961	0.01360468377280627	0.03965423879901315	0.1305831655407987	0.01307523168385444	0.07451941349578528	0.01213065032439667	0.0128578778305687	0.02573758546415908	0.01022590554958295	0.01016327420611381	0.1812190265289831	-0.0005580435402829282	0.0484183451092561	0.01160660785631175	0.03259834354000577	0.01017640162114728	0.01056991546601459	0.01447569372691517	0.0109887053029026	0.01066591342300497	0.04257947092458941	0.1541729982434837	0.01354952336580807	0.08476275731026628	0.01013088803609261	0.01018889603980278	0.01033508665336893	0.01029964299086173	0.01014922936754463	0.1373390060368474
0.2109203914735703	-0.3302761954183399	0.1547844721052532	1.018341116447692	0.4384905599957601	0.06714810417346657	0.2570342204377847	-0.005240130276170422	-0.2492015254542489	0.07751137048598285	0.09514046078240708	1.442935738026651	1.003260461386298	-0.6462863907971518	-2.776681274019001	-6.387056070990562	-0.9427841658474383	0.9856772304767365	5.769423326930756	-4.098858668984625	6.506578126812375	0.05620211238708254	0.01186108942755366	0.03330893330885303	0.01200060058838609	0.01166213891498476	0.01527050401696195	0.01244776591612965	0.01336397852944677	0.03984419228750188	0.1321103735181111	0.01310591427213139	0.075265297761508	0.01196553398126033	0.01263795924879538	0.02450457930511471	0.01023222571706695	0.01016206118839101	0.178166597511245	-0.0005461466291740613	0.0467088786255008	0.01160047461857461	0.03199683506603278	0.01018399998136314	0.01060462661733401	0.01467427932642085	0.01102404946617766	0.01069650104435506	0.04163335598572104	0.1534037887633734	0.01334815135527445	0.08486902767248518	0.01013366222618436	0.0101945036509602	0.01035124499805957	0.01030439828629182	0.01014810954184961	0.1253601709269865
0.212161099658709	-0.32849061924666	0.1560248337249089	1.017544845221592	0.4350754148412587	0.05924447596550544	0.2558612029612675	-0.004087791361607045	-0.2420468428085021	0.07265103621271979	0.103124556151871	1.431782061068065	0.9959657810773195	-0.6371072982932893	-2.724964583007285	-6.348482296650021	-0.9441002194759034	0.8759286362023436	5.762128271188103	-3.758840523866033	6.36161825158544	0.05542706885271035	0.01183935758583965	0.03318264217987475	0.01185083545621583	0.01157639467722441	0.01522951778384863	0.01233167053325064	0.01314555152059037	0.03995279112000997	0.1334914544349763	0.01311870255353164	0.07596363483377827	0.0118142479037053	0.01243658711336274	0.023368649031083	0.01023883480899366	0.01016099088590278	0.1745768688752225	-0.0005486789675907191	0.04506562179538294	0.01159611368812646	0.03142127601146059	0.01019322235002654	0.01064595948251588	0.01486471116634948	0.01105886678075951	0.0107288462103246	0.0408621862341973	0.1528833802917904	0.01317612609636713	0.08496816876510685	0.01013701022615312	0.01020147121593964	0.01037215873049917	0.0103191081279546	0.01015019758537738	0.1140898022926262
0.2134018078438476	-0.3267322813048016	0.157255344060781	1.016760638700699	0.4317374953922213	0.05140721594023714	0.2547014392132743	-0.003056523178541668	-0.2349074343450209	0.06812723633453566	0.1109212626068241	1.399028193938705	0.9873803632548996	-0.6268382966386411	-2.652194781714878	-6.280071722861239	-0.9214193965448468	0.7905132744780514	5.744801595849613	-3.556370845281697	6.204510523715141	0.05458550724526164	0.01181906175356969	0.03302090648391579	0.01171417075135247	0.01150115306786284	0.01520752132521906	0.01222801449626146	0.01294769649897799	0.0399930314658423	0.1347448886404014	0.01311624561571387	0.07661774997588151	0.01167570211297177	0.01225233227074492	0.02232300114184686	0.01024611651798855	0.01016018291062608	0.1704968356613949	-0.0005512113060073768	0.04342236496526509	0.0115917527576783	0.0308457169568884	0.01020244471868994	0.01068729234769775	0.0150551430062781	0.01109368409534136	0.01076119137629414	0.04009101648267357	0.1523629718202074	0.01300410083745982	0.08506730985772852	0.01014035822612188	0.01020843878091909	0.01039307246293876	0.01033381796961736	0.01015228562890515	0.1028194336582659
0.2146425160289862	-0.3250273979438729	0.1584744283486186	1.015989866879747	0.4285028508134017	0.04367268819509666	0.2535840318167102	-0.002120951275843019	-0.2277957858762833	0.06378863716307451	0.1185161082483306	1.346206854134433	0.9775783233196607	-0.6154415552842825	-2.558832536915645	-6.183585131825273	-0.8764926595704027	0.7187627670341514	5.717420306261841	-3.442642035996674	6.036763020102142	0.05368060888439844	0.01180014551903169	0.03282718918523733	0.01158961025473441	0.01143586225676797	0.01520249442211366	0.0121357110448736	0.01276877912139316	0.03997557753441419	0.1358843240782759	0.01310191063785441	0.0772290419286973	0.01154887526896827	0.01208382515987117	0.02136099493010452	0.01025400254982808	0.01015952927077111	0.1660144781823099	-0.0005560782457436097	0.0417384180325851	0.01158891257913705	0.03028689537297393	0.0102137823789803	0.01073632891562734	0.0152348659478375	0.01112719188472211	0.01079484646573793	0.03945357529374434	0.1519755552702487	0.01288216424931741	0.08511151105250246	0.01014450945920491	0.01021636337218167	0.01041547245368992	0.01034825062459646	0.01015233202966348	0.09363355176853252
0.2158832242141249	-0.3233992443392328	0.1596806663326249	1.015233945613978	0.4253958168797161	0.0360737556600436	0.2525347576378459	-0.001270118753762277	-0.2207241813324456	0.05957153875165513	0.1258973051500209	1.275341165335078	0.9666723444725045	-0.6028994601307323	-2.44648864397092	-6.061494604719675	-0.81158984026153	0.6539148496948812	5.680251469832451	-3.360513587203705	5.860112549377814	0.05271523648480673	0.01178255857207707	0.03260459075194561	0.01147626310981918	0.01138002898928293	0.01521263171508932	0.0120537890024374	0.01260733512226385	0.0399099694883471	0.1369220187589736	0.01307869821301498	0.07779874898530105	0.01143285418370212	0.0119298396958946	0.02047655151245743	0.01026243207456243	0.0101589337701606	0.1612114344736928	-0.0005609451854798426	0.04005447109990512	0.0115860724005958	0.02972807378905946	0.01022512003927066	0.01078536548355693	0.0154145888893969	0.01116069967410285	0.01082850155518173	0.03881613410481511	0.1515881387202899	0.01276022766117501	0.08515571224727642	0.01014866069228796	0.01022428796344426	0.01043787244444108	0.01036268327957556	0.0101523784304218	0.08444766987879915
0.2171239323992635	-0.3218693664284132	0.1608727331132472	1.014494296486911	0.4224394208648461	0.0286411528061789	0.2515774523068264	-0.0004993805505151439	-0.2137046448370332	0.05546745311902823	0.1330545529380828	1.187851914760033	0.9547292497625409	-0.5892106663881372	-2.315312799432551	-5.915475071699474	-0.7283342491905463	0.5827554690580637	5.633349076932808	-3.205627597943268	5.676134420889419	0.05168941772828569	0.01176623169102192	0.03235520999000176	0.01137331535198724	0.01133324526192391	0.01523647255336258	0.01198132877714838	0.01246198424514859	0.03980235208440788	0.1378689081563582	0.01305000349870599	0.07832750595675629	0.01132678920040141	0.01178918292127855	0.01966354910698635	0.01027043874396353	0.01015808934850647	0.1562136268125742	-0.0005646098943748338	0.03825975074322951	0.01158423499133139	0.02916504232080994	0.01023925044995119	0.01084349427881853	0.01558951896380599	0.01119286288087159	0.01086359928960226	0.03823900592548463	0.1513130840412573	0.01270180634967	0.08513032015869296	0.01015394452551235	0.01023238304912342	0.01045416653108206	0.01035523365329958	0.01014524413968595	0.07880711445524358
0.2183646405844022	-0.3204589936472583	0.1620492772937682	1.013772343485612	0.4196601343558442	0.02140556198462026	0.2507354860568215	0.0001616817631980439	-0.206749887484269	0.05174005039787855	0.1399794043485026	1.082700951086845	0.9416501806876707	-0.5743736130588779	-2.160991156328643	-5.743914600915457	-0.6256652232513801	0.4771190634266784	5.575828594748312	-2.753305955155718	5.485493706061827	0.05060315841941542	0.01175110315342889	0.03208092666226652	0.01128003947816484	0.01129514639534052	0.01527271234193783	0.01191750904465863	0.01233149099478961	0.03965823011448207	0.1387348507330299	0.01301885369770584	0.07881586554596742	0.01122992105345447	0.01166078775870077	0.01891641006427753	0.01027716180448708	0.01015672248417497	0.1511395308514689	-0.0005682746032698248	0.03646503038655392	0.01158239758206698	0.02860201085256042	0.01025338086063171	0.01090162307408015	0.01576444903821509	0.01122502608764033	0.01089869702402278	0.03766187774615416	0.1510380293622247	0.01264338503816499	0.08510492807010948	0.01015922835873674	0.01024047813480258	0.01047046061772305	0.01034778402702361	0.01013810984895009	0.07316655903168801
0.2196053487695409	-0.3191911085483271	0.1632088093806457	1.013069522308006	0.4170893540342712	0.0144001967305015	0.2500340910479627	0.0006567265884074426	-0.19987369835688	0.04885033559920365	0.1466635845284485	0.9581650003164742	0.9273121804971033	-0.5583477819757279	-1.979527759851487	-5.544321871884749	-0.5017219966026785	0.3157958778379436	5.506620734874688	-1.863712192783171	5.288307954114033	0.04946505838333024	0.01173704059112229	0.03178296751944874	0.01119576535804044	0.01126541839165328	0.01532125796386903	0.01186157039029743	0.01221471740997303	0.03947876873609953	0.1395258540403233	0.01298720991867307	0.07926073218044505	0.01114153164473112	0.01154364360273071	0.01822975466857267	0.01028207344507343	0.0101547850725933	0.1461227407193878	-0.0005705235980001765	0.03478356831021151	0.01157979581495043	0.0280209530850843	0.01027072375427329	0.01096957598667872	0.01596200518058451	0.01125624663219333	0.0109359743225471	0.0370421342823359	0.150773336952948	0.01262697878508255	0.08491040966006339	0.01016563643182914	0.01024871001003232	0.01047920956464963	0.01032521923591127	0.01012878753360793	0.07159594874086031
0.2208460569546795	-0.3180886897273802	0.1643498703205905	1.012387381392331	0.4147568716776251	0.007658436960869168	0.2494985679651541	0.0009326775700483744	-0.1930902521450999	0.04721750328943364	0.1530994702642903	0.8159721330259149	0.9118750088863741	-0.5410373893753978	-1.776858907159662	-5.318987069232864	-0.3582825030534331	0.1239434410097834	5.426328597478322	-0.7272320295977037	5.085247438415101	0.04828291669144853	0.0117239260065677	0.0314624310957256	0.01111989430957788	0.01124378060492736	0.01538202507956425	0.01181283484894597	0.01211064560320217	0.03926500570751423	0.1402473333564775	0.0129568209759697	0.07965929734928999	0.01106097958590198	0.01143684709040456	0.01759869913194497	0.01028470348567961	0.01015223426001884	0.1412894503584185	-0.0005727725927305281	0.03310210623386912	0.01157719404783388	0.02743989531760818	0.01028806664791485	0.01103752889927729	0.01615956132295392	0.01128746717674633	0.01097325162107142	0.03642239081851765	0.1505086445436713	0.01261057253200011	0.0847158912500173	0.01017204450492154	0.01025694188526206	0.01048795851157622	0.01030265444479893	0.01011946521826576	0.07002533845003261
0.2220867651398181	-0.3171721076578671	0.1654712218069417	1.011727556481801	0.4126847037521782	0.001210152974856234	0.2491514852915675	0.0009693433749277842	-0.1864126890130023	0.04702369550280498	0.159280282422049	0.6602404043485601	0.8956553966014743	-0.5223777912699425	-1.563145015587103	-5.073454203162795	-0.1997353948967113	-0.05924852033338866	5.33659301931695	0.3810457266920455	4.877878587212035	0.04705416876400548	0.01171155765889312	0.0311215889154872	0.01105185112572348	0.01122995559215654	0.01545632590175292	0.01177067464793683	0.01201834876971743	0.0390161822005686	0.1408986769495026	0.0129276396594984	0.08001108796818962	0.01098763783197398	0.0113395865371465	0.01701896590469229	0.01028564010061358	0.01014933607003242	0.1366622032930287	-0.000564489701150198	0.03127485578740216	0.01157167403472355	0.02687157601045737	0.01030839906118687	0.01111501637381565	0.01641325340470516	0.01131805190432988	0.01101356369583838	0.03571590963885916	0.1500787015992304	0.01259554337364907	0.08441268277680508	0.01017907996462759	0.01026632155781514	0.01049819039218787	0.0102895066158605	0.01011523796247295	0.06939444314423937
0.2233274733249568	-0.3164535884822686	0.1665721938571716	1.011091668316378	0.4108787889428206	-0.004925754061615733	0.2490065969495482	0.0007995315003408052	-0.1798509034720532	0.04807921557403037	0.1652029379455947	0.4966981552130545	0.8790237095611867	-0.5024517709366939	-1.347663492394708	-4.815440810429795	-0.0323487161211412	-0.2088948811288162	5.239697116902422	1.286662033366305	4.669103486824167	0.04577647527357045	0.01169975573257548	0.03076247991401517	0.01099112215296507	0.01122369546256289	0.01554532886447983	0.01173452954976898	0.01193699836900937	0.03873160692150805	0.1414792904758113	0.01289962386001611	0.08031565787875532	0.01092094657879881	0.01125113673508647	0.01648668051486217	0.01028540719623896	0.01014632747188723	0.1322620420754774	-0.0005562068095698678	0.02944760534093521	0.01156615402161321	0.02630325670330655	0.01032873147445889	0.01119250384835401	0.0166669454864564	0.01134863663191343	0.01105387577060533	0.03500942845920067	0.1496487586547895	0.01258051421529803	0.08410947430359288	0.01018611542433365	0.01027570123036822	0.01050842227279952	0.01027635878692207	0.01011101070668015	0.06876354783844614
0.2245681815100954	-0.3159404787895214	0.1676524155255257	1.01048122753853	0.4093383312226968	-0.01073695120621442	0.2490722794368096	0.0004699331297844035	-0.173412862707683	0.05009494667711602	0.1708670498280627	0.3307277551819621	0.8622968918387073	-0.4814194175030868	-1.13683286026218	-4.552197367284689	0.1379163843602444	-0.3166172683628603	5.137769976509949	1.925323879382085	4.462104202144152	0.04445750380144001	0.01168832385076263	0.03038740868079243	0.01093720605604673	0.01122479186644647	0.0156508849150687	0.01170386363643084	0.01186581768673491	0.0384100437866943	0.1419879503453037	0.01287233777643289	0.08057374925626586	0.01086036367874263	0.0111708237956628	0.01599831120672461	0.01028453438396357	0.01014339822160071	0.1280843176491409	-0.0005389473243709241	0.02773014749056387	0.01155708190367885	0.02575693109621464	0.01035167372367734	0.01128014449013486	0.01699480766303567	0.01137842769260234	0.01109738093901847	0.03420169722979615	0.1490337001359787	0.01255739059019437	0.08372987624806139	0.01019346461342902	0.01028650529587202	0.01052383559641177	0.01027346112676649	0.01011107189970827	0.06830544541522256
0.2258088896952341	-0.3156321653384059	0.1687119662520938	1.009897435240269	0.4080545937292941	-0.01622187432796938	0.2493480517796051	2.825268713215258e-05	-0.1671033011452058	0.0527640826035663	0.1762771612094365	0.1665701633045467	0.8457025097795799	-0.4594948844196692	-0.9338349550450999	-4.28949274683664	0.3063124903138064	-0.3895691078460681	5.0325908753303	2.33993836363208	4.259659152010344	0.04310421952039917	0.01167708698782501	0.02999844546770746	0.010889655326964	0.01123305862044135	0.0157746417422073	0.01167819880067372	0.01180411272578503	0.0380503710563164	0.1424235050839427	0.01284539280982646	0.08078601455217864	0.0108054053061136	0.0110980458910216	0.01555066593591261	0.01028349343607835	0.0101407173515062	0.1241243351302182	-0.0005216878391719804	0.02601268964019253	0.0115480097857445	0.02521060548912273	0.01037461597289579	0.0113677851319157	0.01732266983961493	0.01140821875329124	0.01114088610743162	0.03339396600039163	0.1484186416171678	0.01253426696509072	0.08335027819252989	0.01020081380252439	0.01029730936137581	0.01053924892002403	0.01027056346661091	0.01011113309273639	0.06784734299199896
0.2270495978803727	-0.3155248267158584	0.1697510937452905	1.009341309522574	0.4070167729457	-0.02138334315403401	0.2498298331080276	-0.0004858446702660607	-0.1609255697690462	0.05582993250418128	0.1814399604598302	0.007748531792863452	0.8294277595068735	-0.4368899032440337	-0.7410514652685436	-4.032170055699629	0.468891703105811	-0.4360284990154011	4.925735495025616	2.58187049229839	4.064075477387982	0.04171280009107652	0.01166589635946441	0.02959615391076036	0.01084803292449553	0.01124842140363677	0.01591821523965681	0.01165705987551594	0.01175119969714693	0.03765084886543318	0.1427845964922006	0.01281870361072517	0.0809512834447683	0.01075561072951253	0.01103221649482488	0.01514068778150698	0.01028250391105226	0.01013834805613163	0.1203844673067902	-0.0005029508122502364	0.02413674214601924	0.01153577866569529	0.02465142890669969	0.01039982936646326	0.01146800191600608	0.01772622093034483	0.01143665498514635	0.01118692116212091	0.03246814310291916	0.1476108003154089	0.01250978193309591	0.08284496926853177	0.01020839037080858	0.010309114625329	0.01055926156392544	0.01027254859657052	0.01011319261977579	0.06777132201675241
0.2282903060655114	-0.3156097346997529	0.170770307580662	1.008813528369971	0.4062109285164681	-0.02623100325667736	0.2505080457707911	-0.001045976835877619	-0.1548806697327514	0.05912042815212929	0.186365282733116	-0.1433280241845766	0.8136020388072827	-0.4138039386022316	-0.5598931002681412	-3.783638543811428	0.6229563852619868	-0.4637763737401059	4.818469068335663	2.702062908555076	3.876850458496888	0.04027976608962888	0.01165461936001676	0.02918104024840227	0.01081194886646199	0.01127081354049585	0.0160830423505166	0.01164002307727821	0.01170646795618409	0.03720990030503405	0.1430699475378339	0.01279219407495982	0.0810684802352141	0.01071056890829483	0.01097281202610096	0.014765619874011	0.01028176139186411	0.01013634662703401	0.1168666091961127	-0.0004842137853284924	0.02226079465184596	0.01152354754564608	0.02409225232427666	0.01042504276003072	0.01156821870009646	0.01812977202107473	0.01146509121700145	0.01123295621681021	0.0315423202054467	0.14680295901365	0.01248529690110111	0.08233966034453363	0.01021596693909278	0.01032091988928219	0.01057927420782686	0.01027453372653012	0.01011525214681519	0.06769530104150584
0.2295310142506501	-0.3158763736394173	0.171770215411653	1.008314609836175	0.405622054723403	-0.03077705916897742	0.2513711149720408	-0.001631730235735657	-0.1489686057153394	0.06250332427121799	0.1910640210543626	-0.2846488524647086	0.7983391196072018	-0.3904216603296655	-0.391667026388124	-3.546799212933343	0.7662669955787906	-0.4790052391293562	4.711956504219734	2.742261182854625	3.699099458752262	0.03881460544573812	0.01164315556317687	0.02875344405054658	0.01078099986491059	0.01130032361763608	0.0162703907524623	0.01162663829552485	0.01166926239499899	0.03672789913971308	0.143275295320686	0.01276594241296109	0.08113572331622033	0.01066988422484469	0.01091931608166435	0.01442277085272608	0.01028132852470593	0.01013471823921146	0.1135621992067813	-0.0004698184334365556	0.02055308538661598	0.01150874874150025	0.02351676485831732	0.01045169716870605	0.01168462843252205	0.01860696060295542	0.01149098401982875	0.01127965991072585	0.03054603910901834	0.1457094351728616	0.01246303848007643	0.08168507766976212	0.01022359640186492	0.01033321006408503	0.01060209327524424	0.01027850197694371	0.01011817025848296	0.06769536571196609
0.2307717224357887	-0.3163114995631866	0.1727515852108689	1.00784478514125	0.4052333172640553	-0.03503773460482573	0.2524044374686689	-0.00223100790190037	-0.1431876436429493	0.06590316568842111	0.1955484248094296	-0.414926101286814	0.7837190537471105	-0.3669051766325881	-0.2372768127531667	-3.323610197757904	0.8974017227208728	-0.4855772500550051	4.60713502333636	2.729378204831378	3.531346937751044	0.0373259467954062	0.01163141546394094	0.0283136702905752	0.01075482618349519	0.01133703011860612	0.0164813860470371	0.01161650420333278	0.01163899831211699	0.03620517131710125	0.1433967064953948	0.01274001835430916	0.08115129042219928	0.01063320382472079	0.01087126785427108	0.01410971835931418	0.01028126111370292	0.01013346750097004	0.1104629043253381	-0.0004554230815446189	0.018845376121386	0.01149394993735441	0.02294127739235797	0.01047835157738138	0.01180103816494764	0.0190841491848361	0.01151687682265605	0.0113263636046415	0.02954975801258999	0.1446159113320733	0.01244078005905176	0.08103049499499061	0.01023122586463706	0.01034550023888786	0.01062491234266163	0.0102824702273573	0.01012108837015073	0.06769543038242636
0.2320124306209273	-0.3169009482723515	0.1737152444066017	1.007404156138097	0.4050272151351461	-0.03903068337803942	0.2535923979662721	-0.002834419240782721	-0.1375353206976502	0.06926357684447143	0.1998310582326026	-0.5331665251436527	0.7698076766101724	-0.3434051887597075	-0.09744303405942771	-3.115639024734802	1.015270576780913	-0.4864189436250057	4.504836581244548	2.684064245985354	3.373888982172789	0.0358247850533962	0.01161935238154622	0.02786270914743632	0.01073304501788663	0.01138123432336614	0.01671684676966454	0.01160915108989892	0.01161495429959141	0.03564703890251787	0.1434298490926265	0.01271454006532461	0.08111367779205757	0.0106001858289148	0.01082821171349275	0.01382412609731324	0.01028155216435908	0.01013257345433884	0.107557502390547	-0.0004431181130694125	0.01737454884434248	0.01147748588233289	0.02236688698577339	0.01050542336854265	0.01193906278215079	0.01962920053520393	0.01153806340484967	0.01136970621010902	0.02860973824835577	0.1432196004313297	0.01242199827711785	0.08023060485486706	0.01023870366282589	0.01035779223879497	0.01064960123546271	0.01028700312994174	0.01012426369074323	0.06768293725346521
0.233253138806066	-0.3176293250005297	0.1746621084763769	1.006992594029097	0.4049853491755643	-0.04277559659030377	0.254918040377611	-0.003436297231233704	-0.1320079626406694	0.07255480335215465	0.203924682643287	-0.638875628365122	0.7566456032172123	-0.320049848779833	0.02746902120958267	-2.92378122264295	1.119342545550706	-0.4831055282065771	4.405693813688621	2.617853655761247	3.22666777847982	0.03432112087126674	0.01160692471196722	0.02740145067675535	0.01071531501367634	0.01143320413718147	0.01697749772141081	0.01160416025292526	0.01159648686068717	0.03505829121295558	0.1433707160292661	0.01268961289284824	0.08102150164553916	0.01057052538351649	0.01078974121515448	0.01356389476310549	0.01028219544480966	0.01013201742932705	0.1048352549812119	-0.0004308131445942061	0.01590372156729897	0.01146102182731138	0.0217924965791888	0.01053249515970392	0.01207708739935395	0.02017425188557176	0.01155924998704328	0.01141304881557654	0.02766971848412154	0.141823289530586	0.01240321649518395	0.07943071471474349	0.01024618146101473	0.01037008423870208	0.0106742901282638	0.01029153603252617	0.01012743901133574	0.06767044412450404
0.2344938469912046	-0.3184809267641327	0.1755931212997003	1.00660986868418	0.4050890949741572	-0.04629276968102011	0.2563640821098996	-0.004032034291516422	-0.1266014133147217	0.07575495817181337	0.2078419412710694	-0.7317632681834474	0.7442623796166183	-0.2969562811848642	0.137268554730612	-2.748650940366913	1.209313933790526	-0.4768229806034974	4.310246015145859	2.539527498833584	3.089503927822984	0.03282473943508181	0.01159413512461181	0.02693106835888049	0.01070128568422577	0.01149352272289047	0.01726339109103806	0.01160103258073909	0.01158275684943434	0.03444989088737313	0.1432188553958446	0.01266534474437492	0.08087547416752258	0.01054392840860237	0.01075545675630684	0.01332699949553361	0.01028315743293299	0.01013176837166609	0.1022873091970461	-0.0004183330868197653	0.01467467506705602	0.01144389306233989	0.02122734875073011	0.01055931564260517	0.01224461006250929	0.02077202907071288	0.01157325680164431	0.01144751456350073	0.02694727427396757	0.1402285590640524	0.0123881120080612	0.07854191503191603	0.01025336092802378	0.01038200493929283	0.01070000013320439	0.01029597659775239	0.01013055242131208	0.06769268469895115
0.2357345551763433	-0.3194398528630302	0.176509259688439	1.006255574015972	0.4053197685245721	-0.0496031183710921	0.2579130509028887	-0.004618527071996305	-0.1213107672321598	0.07885341641571174	0.2115950477367116	-0.8118805509820259	0.7326682745336279	-0.2742200915259648	0.2320743149714129	-2.590383940573942	1.285259131612415	-0.4682039188730494	4.218859820917143	2.45392049219613	2.962057435976914	0.03134453526482781	0.01158098599861925	0.02645261723983665	0.01069064457268249	0.01156270892042613	0.01757456922733729	0.01159932323853977	0.01157301609394859	0.03383172020816109	0.1429738026322973	0.01264183181144092	0.08067621992150449	0.01052013272343335	0.01072500196939402	0.01311162341279643	0.01028440826675382	0.01013179861846204	0.09990520638546763	-0.0004058530290453244	0.01344562856681306	0.01142676429736841	0.02066220092227142	0.01058613612550642	0.01241213272566464	0.02136980625585401	0.01158726361624533	0.01148198031142492	0.0262248300638136	0.1386338285975187	0.01237300752093846	0.07765311534908856	0.01026054039503282	0.01039392563988359	0.01072571013814498	0.01030041716297861	0.01013366583128841	0.06771492527339826
0.2369752633614819	-0.3204903138885865	0.1774115049810621	1.005929229339773	0.4056588495637504	-0.05272757344059236	0.25954761233532	-0.005193102230891572	-0.1161308514799675	0.08184286515273557	0.2151959032792214	-0.8794140146407414	0.7218653373456871	-0.251926476314107	0.3121416635805324	-2.448920512694399	1.347401458890086	-0.4577433314535228	4.131821733806301	2.36479483567163	2.843947486121187	0.02990088556366823	0.01156751694203902	0.02596674176287033	0.01068310511855244	0.01164172389437394	0.01790991350329121	0.01159855766757514	0.01156638077946914	0.03321782200494489	0.1426363228574841	0.01261916581902478	0.08042421533851452	0.01049888997538599	0.01069803169432984	0.01291600514358473	0.01028590806313325	0.01013207481136642	0.09768087133407745	-0.0003949416527041033	0.01275341400412731	0.01140986174303958	0.02009748685772427	0.01061290752660099	0.01262041044295069	0.02199240428245452	0.01159279033204711	0.01150334283099227	0.02583622762337298	0.1368785916749531	0.01236160114776363	0.07667246152450889	0.01026740342226662	0.01040527095601476	0.01075146853920669	0.01030448743406537	0.01013654517976144	0.06777673978549206
0.2382159715466206	-0.3216170071945996	0.1783008305039636	1.005630229416902	0.4060884241115875	-0.05568670236193344	0.2612509964138337	-0.005753738257549378	-0.1110561404612319	0.08472089874066668	0.2186557605484893	-0.9347656129756986	0.7118418320955278	-0.230140823287745	0.3779482296689257	-2.323881130371241	1.396199984322824	-0.4457342850799088	4.049271641045697	2.274321173556394	2.734770756329492	0.0285122803194768	0.01155376325563	0.02547402150232067	0.01067841189650429	0.01173142284135009	0.01826842510764683	0.01159831295601045	0.01156206313302164	0.03262085605911746	0.1422070680061242	0.01259742852512414	0.08011987368401483	0.01047997878519261	0.01067423818416577	0.0127385661714553	0.01028762129436149	0.01013256723562114	0.09560662651060306	-0.0003840302763628822	0.01206119944144156	0.01139295918871074	0.01953277279317711	0.01063967892769555	0.01282868816023673	0.02261500230905503	0.01159831704784889	0.01152470535055963	0.02544762518293238	0.1351233547523875	0.01235019477458881	0.07569180769992924	0.01027426644950041	0.01041661627214593	0.0107772269402684	0.01030855770515212	0.01013942452823446	0.06783855429758584
0.2394566797317592	-0.3228050062970077	0.1791781970476483	1.005357919020525	0.4065910195763084	-0.05850069353643419	0.2630068606089117	-0.006298622962952574	-0.1060810231767371	0.08748662876074891	0.221985535132728	-0.9784250765192662	0.7025801694451305	-0.2089197474121778	0.4300686232307204	-2.214753436968573	1.432209576952779	-0.4324232309119551	3.971284422617952	2.184221095630265	2.634130114128911	0.02718883596743381	0.01153978216148316	0.02497468564946712	0.01067637157980797	0.01183323337787748	0.01864802687157516	0.01159823501307458	0.01155932573867328	0.03205284768375959	0.1416858285468039	0.01257669709921426	0.07976221961934683	0.01046319456742414	0.01065332942385333	0.01257776319722072	0.01028951077267262	0.01013324413000185	0.09367460241320549	-0.0003725452218623377	0.01171674413343091	0.0113768524671487	0.01896059661619395	0.01066753995094448	0.01309254821906318	0.02323500058887876	0.01159644203317854	0.01153311857006213	0.02539208002234607	0.1331829408508781	0.01234248567841817	0.07458188664782656	0.01028091910831068	0.01042735334115447	0.01080185928014645	0.01031217092396044	0.01014198163702424	0.06792844306295236
0.2406973879168978	-0.3240403139226903	0.1800445281656438	1.005111561904508	0.4071502480518032	-0.06118870498725489	0.2647999102445576	-0.006826295290468784	-0.1011998586754511	0.09014143823474587	0.2251955151967713	-1.011026080465816	0.6940529196404067	-0.1883045850982987	0.4692396072780342	-2.120804073202475	1.45614221106857	-0.4179882325238968	3.897821409754092	2.095519152370009	2.541664142682605	0.02593967560778213	0.01152562465911532	0.02446894055576691	0.01067681185607375	0.01194842551552527	0.01904686881170465	0.01159800829624018	0.01155751141105796	0.03152462284982918	0.1410723657204448	0.01255704032077296	0.07935034949582842	0.01044835497845542	0.01063504509671849	0.01243221461541908	0.0102915433717559	0.01013407720279034	0.09187736588666462	-0.0003610601673617933	0.01137228882542026	0.01136074574558666	0.01838842043921079	0.01069540097419342	0.01335640827788962	0.0238549988687025	0.01159456701850819	0.01154153178956464	0.02533653486175977	0.1312425269493687	0.01233477658224753	0.07347196559572387	0.01028757176712095	0.01043809041016301	0.01082649162002449	0.01031578414276876	0.01014453874581402	0.06801833182831887
0.2419380961020365	-0.3253094859383696	0.1809007227215526	1.00489039077547	0.4077503641961225	-0.0637692434183002	0.2666154711771041	-0.007335430542446696	-0.09640706126619807	0.09268743136816136	0.2282956977736121	-1.033257555796261	0.6862287120471527	-0.1683301065984709	0.4962627033463332	-2.041212994147498	1.468770117103612	-0.4025924362904479	3.82879686335447	2.009021430305786	2.457026432852282	0.02476585606534546	0.01151134593498544	0.0239568567570367	0.01067964848158863	0.01207895110341335	0.01946269235723712	0.01159746800170019	0.0115561996318192	0.03104119951719345	0.1403665909047774	0.01253851771637518	0.07888345143497509	0.01043529548814929	0.01061914337101461	0.01230056142313248	0.01029368754902994	0.01013503803828983	0.09020687734363249	-0.0003482218304568262	0.01118627490767621	0.01134560245667215	0.0178057192839736	0.01072621840126203	0.01369387443256685	0.02445994774571265	0.01158846478819725	0.01154176444773145	0.02548213604500662	0.1291221868856015	0.01233063531486213	0.07223455716907363	0.01029419585404565	0.0104483141522901	0.01084875994526368	0.01031893385002284	0.01014673300886703	0.06811284923797108
0.2431788042871752	-0.3266002877458871	0.1817476225192122	1.004693590033134	0.4083770317069211	-0.06625934719057565	0.2684402230008577	-0.00782495538327964	-0.09169725054501947	0.09512775660843421	0.2312955235620998	-1.045892885220205	0.679069932721954	-0.149019944159414	0.5120399022755293	-1.975025035473414	1.470957717900827	-0.3863765895599918	3.764048332638407	1.925184315975378	2.379890792080099	0.02366826499375545	0.01149699517432235	0.02343849799092483	0.01068480635071424	0.01222654592936558	0.01989348773045444	0.01159646726704597	0.01155501565833303	0.0306070731603595	0.1395683772240272	0.01252118233576953	0.07836076948653801	0.01042386946705348	0.01060540869572502	0.01218158812084102	0.01029591520700926	0.01013610132506555	0.0886555979515992	-0.0003353834935518591	0.01100026098993215	0.01133045916775764	0.01722301812873641	0.01075703582833064	0.01403134058724408	0.02506489662272281	0.0115823625578863	0.01154199710589826	0.02562773722825346	0.1270018468218343	0.01232649404747674	0.0709971487424234	0.01030081994097035	0.01045853789441719	0.01087102827050287	0.01032208355727692	0.01014892727192005	0.06820736664762325
0.2444195124723139	-0.3279011411099593	0.1825860369993023	1.004520326812524	0.4090166804040772	-0.06867523773441038	0.2702615784904306	-0.008293909501913934	-0.08706519601169069	0.0974658749560683	0.2342041675210044	-1.049732296093993	0.6725367584485499	-0.1303929665297637	0.517506365557178	-1.921239539728439	1.463598643908681	-0.3694767551428942	3.70338454797452	1.844347488546993	2.30992802654338	0.02264430888976366	0.01148261302617504	0.02291437157990142	0.01069230790262687	0.01239377521882828	0.02033735687647725	0.01159502014875765	0.01155387336943588	0.03021856760720602	0.1386787235936318	0.01250507003508231	0.07778276465393752	0.01041394611724757	0.01059364340549404	0.01207410393263459	0.01029819925307446	0.01013724219552636	0.08721629759688285	-0.0003222639627220358	0.01088840228112999	0.01131614116104422	0.01664076617479022	0.01079303121802971	0.01446463283678361	0.02565471482580754	0.01157567480450804	0.01154043206128866	0.02577652897781681	0.1247368100743703	0.01232558043676636	0.06966519667168035	0.0103075973262522	0.0104683879565644	0.01088994885792103	0.01032475622526048	0.01015073553911391	0.06830820150131749
0.2456602206574525	-0.3292018169144168	0.1834167072601506	1.004369743748204	0.409657319561933	-0.07103143385990657	0.2720684561572453	-0.008741550790363779	-0.08250601810239373	0.09970565349567774	0.2370302342908929	-1.045606629309091	0.6665863873892179	-0.1124599257543266	0.5136364725834782	-1.878798717672427	1.447619681791131	-0.3520206749595968	3.646572501179713	1.766662217399084	2.246777823562156	0.02169157818192636	0.01146823571914914	0.02238493370792639	0.01070217307944426	0.01258291913757469	0.02079261158528944	0.01159313917182733	0.01155269602047772	0.02987235348191654	0.1376985044281123	0.01249021276083697	0.07714983798885612	0.01040540887991124	0.01058367133529432	0.01197704463901585	0.01030051555372645	0.01013843849883603	0.08588222664228423	-0.0003091444318922124	0.01077654357232782	0.01130182315433081	0.01605851422084404	0.01082902660772878	0.01489792508632313	0.02624453302889226	0.01156898705112979	0.01153886701667906	0.02592532072738017	0.1224717733269064	0.01232466682605598	0.06833324460093732	0.01031437471153405	0.01047823801871161	0.01090886944533918	0.01032742889324404	0.01015254380630777	0.06840903635501171
0.2469009288425911	-0.3304927788474321	0.1842403384202978	1.004240976237937	0.4102877717146234	-0.07334156864644632	0.2738505471240829	-0.009167241547337297	-0.07801503826031088	0.1018510493294214	0.2397820238834084	-1.034349437363789	0.6611752793400905	-0.09522811458145782	0.5014095463114523	-1.846634336177925	1.423950302568856	-0.3341337751735598	3.593366230177932	1.692216947268213	2.190054966526425	0.02080632893251144	0.01145388632920418	0.02185211765183749	0.01071450881417365	0.01279702366316873	0.02125774021575788	0.01159094182973132	0.01155161125902782	0.0295589007959183	0.13663016063697	0.01247661504729957	0.07646376883253707	0.01039815189358804	0.01057533013127632	0.01188938846521277	0.01030283909523331	0.0101396687056365	0.08464778868048536	-0.0002952524055434302	0.01070375007398675	0.01128806503055659	0.01551340173031913	0.01087229719712525	0.01544854640953961	0.02682115528981023	0.01156423334695724	0.011540275254293	0.02591903422741012	0.1201118008795838	0.01232636845287399	0.06694549065776323	0.01032140499096133	0.01048780914099514	0.01092406982968948	0.01032957145888784	0.01015395135386932	0.06854173896436844
0.2481416370277298	-0.3317658591474722	0.1850575632779368	1.004133152521157	0.4108984697592007	-0.07561751254835025	0.2755990681803699	-0.009570547046137506	-0.07358799598469827	0.1039060830035174	0.2424671437158117	-1.016781727074425	0.6562595401467574	-0.07869889458628727	0.4817931713591747	-1.823683637850258	1.39350554612695	-0.3159360230970787	3.543506272743888	1.620999935645248	2.139307336099771	0.01998512857029874	0.0114395854229147	0.02131766052074132	0.01072941031401547	0.01303879427841932	0.0217313985888449	0.01158853282544813	0.01155073283551189	0.02926963417657666	0.1354758980505056	0.01246428091800894	0.07572615957613632	0.01039208082715715	0.01056847511217092	0.01181022279069058	0.01030514759587969	0.01014091363865626	0.08350776673685231	-0.000281360379194648	0.01063095657564568	0.01127430690678236	0.01496828923979421	0.01091556778652172	0.01599916773275609	0.02739777755072821	0.0115594796427847	0.01154168349190695	0.02591274772744007	0.1177518284322611	0.01232807007969199	0.06555773671458914	0.0103284352703886	0.01049738026327867	0.01093927021403978	0.01033171402453165	0.01015535890143088	0.06867444157372517
0.2493823452128684	-0.3330135659034482	0.185868978285768	1.004045400917902	0.4114806437584449	-0.07787025898839592	0.2773059892846093	-0.009951130777591979	-0.06922084787182797	0.105874746781885	0.2450928135871078	-0.9937089170850364	0.6517956528413591	-0.06287110118101945	0.4557379254189258	-1.808899918535593	1.357182892478618	-0.2975446382378228	3.49673189890153	1.552967193410508	2.094051307832267	0.01922403423796759	0.01142534249048609	0.02078507509495137	0.01074703396472243	0.01331099450324023	0.02221219446589722	0.0115860480139655	0.01155025198591473	0.02899411632324798	0.1342399622350292	0.01245317690308514	0.07493995732341747	0.01038710554873813	0.01056297003888322	0.01173870128260213	0.01030741775775295	0.01014215565707269	0.08245811552676449	-0.0002654027602520739	0.01058105433190779	0.01126087195163702	0.01450573768699763	0.01096769733601271	0.01667235811472871	0.02795813446062739	0.01155754203413903	0.0115480637138005	0.02569433816125522	0.1153623386203382	0.0123314965297103	0.06415332021824068	0.01033569298313318	0.01050668111572977	0.01095113855772161	0.01033327265812902	0.01015637670580141	0.06886624987091378
0.2506230533980071	-0.3342297035308231	0.1866751091739074	1.003976855283916	0.4120270556087322	-0.08010911135818929	0.2789647246124654	-0.01030884463734458	-0.06490997731379237	0.1077609191563243	0.247665402888162	-0.965892829797292	0.6477416317404755	-0.04773920630411326	0.424145196595753	-1.801286657848592	1.31583090034756	-0.2790701798769724	3.452787848403105	1.48802516145626	2.053742375554239	0.0185194511729316	0.01141116599020913	0.02025751637525907	0.01076751901272244	0.0136160754690141	0.02269888989468893	0.01158360846186624	0.01155033912331739	0.02872297277517135	0.1329262290459496	0.01244327314871197	0.07410783161571327	0.01038314574845052	0.01055869351176405	0.01167406837460578	0.01030962882745044	0.01014337904730795	0.08149506129735339	-0.0002494451413094998	0.0105311520881699	0.01124743699649168	0.01404318613420106	0.01101982688550371	0.01734554849670133	0.02851849137052657	0.01155560442549335	0.01155444393569406	0.02547592859507037	0.1129728488084153	0.01233492297972861	0.06274890372189221	0.01034295069587775	0.01051598196818087	0.01096300690140344	0.01033483129172639	0.01015739451017195	0.06905805816810238
0.2518637615831458	-0.3354086970653435	0.1874764472879578	1.003926654933128	0.4125312020151546	-0.0823425598493458	0.2805693795452415	-0.01064363054305352	-0.06065197748483539	0.1095683919797532	0.2501908185641638	-0.934067589498353	0.6440566132257212	-0.03329583244441243	0.3878845401434009	-1.799880764524896	1.270267068461123	-0.2606191495439001	3.411424631838101	1.42606468710437	2.01781582566782	0.01786760575336855	0.011397058476516	0.01973842837094076	0.01079103421467582	0.01395559716867409	0.02319006120665847	0.01158131586601347	0.01155115052613225	0.02844839288978479	0.1315408150168899	0.01243449605548083	0.07323398229010515	0.01038011993223242	0.01055552871449688	0.01161565242477908	0.0103117627208807	0.01014457195769364	0.08061525149055285	-0.0002324589873664518	0.01049573511381212	0.01123419568510544	0.0136740364516287	0.01108170480840724	0.01812354340403589	0.0290562777727352	0.01155618210929456	0.01156568595675621	0.02507228482066867	0.11062676919788	0.01233898941216809	0.06137307651441473	0.01035030096151706	0.01052496025298322	0.01097255343138988	0.01033584181178856	0.01015809341850183	0.06931673763969422
0.2531044697682844	-0.3365461343919823	0.1882734186048033	1.003893954026194	0.4129879582810012	-0.08457756505342014	0.2821153539720069	-0.01095559906838939	-0.05644384149636873	0.1113007579558975	0.2526740126533049	-0.8989049405568773	0.6407024310198002	-0.01953040756455553	0.3477531070147561	-1.803796064446822	1.221238940069282	-0.2422889486994949	3.372408220134123	1.36695415643512	1.985681903413221	0.01726507072198091	0.01138302222605132	0.01923090183407461	0.01081772981927825	0.01433093822531675	0.0236844422597072	0.01157926085254251	0.01155282545097381	0.02816336588323036	0.1300893315086006	0.01242678000073628	0.07232222514295755	0.01037795549114746	0.01055337156166308	0.01156285402981973	0.01031380332888926	0.01014572383129919	0.07981556217493446	-0.0002154728334234037	0.01046031813945434	0.01122095437371919	0.01330488676905634	0.01114358273131077	0.01890153831137045	0.02959406417494382	0.01155675979309576	0.01157692797781837	0.02466864104626698	0.1082806895873448	0.01234305584460757	0.05999724930693726	0.01035765122715637	0.01053393853778557	0.01098209996137632	0.01033685233185074	0.01015879232683171	0.06957541711128605
0.254345177953423	-0.3376381457752872	0.1890664181096118	1.003877916115597	0.413392843662687	-0.08682037095532526	0.2835986512506294	-0.01124493934710622	-0.05228275268736479	0.1129614964566771	0.2551194447965637	-0.8610424488627229	0.6376424646998429	-0.006431013822471297	0.3045079842993874	-1.812189093566199	1.169455716688847	-0.2241714550874255	3.335513738466917	1.310554012141066	1.956749260160845	0.01670838352130137	0.01136905827686896	0.018737591584517	0.01084775124017335	0.01474200051310563	0.02418068288775925	0.01157749660304056	0.0115554510928762	0.027863503135343	0.1285791849101947	0.01242001489953764	0.07137792071806623	0.01037657543945271	0.01055212125136796	0.01151516360062739	0.01031574429703492	0.01014683141257926	0.07909208034669588	-0.0001991713259176951	0.01043455115723531	0.01120788016395216	0.01302228736613028	0.01121529626630752	0.01975105396014501	0.03010540510638209	0.01155908055178787	0.01159197604870086	0.02413585981805899	0.1060388325376225	0.01234661275472299	0.05869669587723502	0.0103648934506829	0.01054253397578967	0.01099067758963017	0.0103375251801127	0.01015933178407411	0.06987595332634326
0.2555858861385616	-0.3386818574854232	0.1898557829359915	1.003877726385754	0.4137425606208207	-0.08907590008373674	0.2850163820656513	-0.0115119827361105	-0.04816625010348409	0.114553846866852	0.2575306070920992	-0.8210467057238429	0.6348433929265861	0.006016583692036268	0.2588225627433581	-1.82430569329172	1.115546939607518	-0.2063467372780911	3.300536017005388	1.256713673161825	1.930439499746121	0.01619440893933619	0.01135516755388769	0.0182608767617946	0.01088122791759648	0.01518868878369363	0.0246775818990802	0.01157607050864514	0.01155910514304843	0.02754486457204337	0.127017188435852	0.01241410261153591	0.07040594764383842	0.01037591118883661	0.01055168797232082	0.01147212646738802	0.01031757996465974	0.01014789180157345	0.07844118669510335	-0.0001828698184119865	0.01040878417501628	0.01119480595418513	0.01273968796320422	0.01128700980130426	0.02060056960891957	0.03061674603782035	0.01156140131047998	0.01160702411958335	0.023603078589851	0.1037969754879001	0.0123501696648384	0.05739614244753278	0.01037213567420942	0.01055112941379377	0.01099925521788401	0.01033819802837467	0.01015987124131652	0.07017648954140049
0.2568265943237003	-0.3396748495641668	0.1906418233506266	1.00389258226336	0.4140343510355627	-0.0913484699219473	0.2863661611222936	-0.01175712424375622	-0.04409203832896262	0.11608092142879	0.2599105163774398	-0.7794482325708365	0.632273614631525	0.01782757382015446	0.2113273768942828	-1.839437355743838	1.060101658935352	-0.1888880954223349	3.267280141233366	1.205276777392266	1.906188618950756	0.01572004238771711	0.01134135298227705	0.01780262678456778	0.01091824795795688	0.01566938570366891	0.02517394683627951	0.01157499134384053	0.01156380304376894	0.02720591736359608	0.1254111289744115	0.0124089065713928	0.06941217356962195	0.01037588889052632	0.01055198578474743	0.01143337142822262	0.01031932162838137	0.01014891244518929	0.07785719597985313	-0.0001674751841077658	0.01038968396607458	0.01118194771629408	0.01253417350517557	0.01136775009626088	0.02148509775900877	0.03110012571018872	0.01156460747729263	0.01162449769813955	0.02299581332680193	0.1016962217518475	0.01235216858868958	0.05620338988596978	0.01037905355834885	0.01055931463877996	0.01100825427367179	0.01033892878671664	0.01016049325817782	0.07045811152974656
0.258067302508839	-0.3406155206641874	0.1914248002080389	1.003921707629982	0.4142664293917003	-0.0936413008008498	0.2876465113017695	-0.01198086858456097	-0.04005812748434359	0.1175455661880894	0.2622612895720119	-0.7367061973868344	0.629904992236142	0.02901875133880168	0.1625677581086936	-1.856966146378333	1.003628796928165	-0.1718548631995422	3.235571636204648	1.156077861494522	1.883472633194489	0.01528247982595191	0.01132761716856999	0.01736451333464712	0.01095888974893628	0.01618264853348062	0.02566871628185264	0.01157426692650444	0.01156955854602491	0.02684528329023207	0.1237681813669386	0.01240430504105006	0.06840194312938087	0.01037644275407213	0.01055293812237325	0.01139856733804472	0.01032097935090352	0.01014989997670308	0.0773348936607669	-0.0001520805498035451	0.01037058375713288	0.01116908947840303	0.01232865904714692	0.01144849039121749	0.02236962590909797	0.03158350538255709	0.01156781364410528	0.01164197127669574	0.02238854806375287	0.09959546801579482	0.01235416751254075	0.05501063732440679	0.01038597144248828	0.01056749986376615	0.01101725332945956	0.0103396595450586	0.01016111527503913	0.0707397335180926
0.2593080106939776	-0.3415026344054186	0.1922049518110139	1.003964340580354	0.414437443516333	-0.09595712077136383	0.2888563597839207	-0.01218376656526454	-0.03606266774610583	0.1189504881643936	0.2645846188927903	-0.693245482153892	0.6277110842752491	0.03960751805296252	0.1130478688907129	-1.87631774771862	0.9465987740420259	-0.1552990216882629	3.205245742561396	1.108946043007841	1.861794508077248	0.01487897791441849	0.01131396730201312	0.01694741486895788	0.01100316132654811	0.01672590423071874	0.02616069698234166	0.01157386475344706	0.01157630861852439	0.02646431850903767	0.1220955503831342	0.01240015294362804	0.06738070270369687	0.01037750317944369	0.01055447335941902	0.0113674476708619	0.01032258287744319	0.01015087197238972	0.07686633180256025	-0.00013755018047942	0.01035622191282269	0.01115655986835159	0.01218309610437602	0.01153668980321701	0.02326005750480583	0.03203413871415537	0.01157095423950327	0.01166005808908018	0.02177271525356282	0.09764447555127469	0.01235388906259118	0.05393455040964575	0.0103923868737577	0.0105752905189477	0.01102777670207016	0.01034092952201686	0.01016208872313037	0.07092137078374045
0.2605487188791162	-0.3423356034532675	0.1929824754216565	1.004019748760794	0.4145468103578799	-0.09829777632671857	0.2899953515004308	-0.0123664429827112	-0.03210406686969614	0.1202981035405233	0.2668814269431771	-0.6494258919208054	0.6256687145807949	0.04961219966323259	0.06319340397144613	-1.897000686004383	0.8894089218709645	-0.1392580433089999	3.176155809985033	1.063700588535733	1.840720825625619	0.01450706411147345	0.01130040978912069	0.01655211262833267	0.01105106976468562	0.01729686462393374	0.02664882613344607	0.01157375585901975	0.01158399708800175	0.0260642386672781	0.1203998804054619	0.01239632095987326	0.06635341439117617	0.01037900816350855	0.01055652768448052	0.01133977468394217	0.01032415870467907	0.01015184408833639	0.0764442600681664	-0.0001230198111552951	0.01034186006851251	0.01114403025830015	0.01203753316160513	0.01162488921521654	0.02415048910051369	0.03248477204575365	0.01157409483490126	0.01167814490146462	0.02115688244337277	0.09569348308675454	0.01235361061264161	0.0528584634948847	0.01039880230502712	0.01058308117412925	0.01103830007468076	0.01034219949897512	0.01016306217122162	0.07110300804938828
0.2617894270642549	-0.3431141246230857	0.1937575498090935	1.004087215157145	0.4145942827396327	-0.1006647245840684	0.2910634449160824	-0.01252955059679674	-0.0281808501682978	0.1215906773477132	0.2691522913999528	-0.6055770104665407	0.6237562460365086	0.05905141195294337	0.01339351104855252	-1.918561957522799	0.8324226277819736	-0.1237624406486762	3.14816328094481	1.0201577337994	1.819856851681185	0.01416433872141913	0.01128695706344242	0.01617863934871104	0.01110253700118673	0.01789261574322937	0.02713184892710088	0.01157386736054013	0.01159246976308458	0.02564959336921433	0.1186873766105108	0.01239267994969587	0.06532462747737827	0.01038089478035229	0.01055904194385727	0.0113153453568558	0.01032574795921477	0.01015283968587236	0.07605935014340463	-0.0001094652614073331	0.01033095224795791	0.01113198138704485	0.01193482656853392	0.01171853254750244	0.02502855048377805	0.0328963740672463	0.01157608416368396	0.01169443303100207	0.02061629832398079	0.09388619656822123	0.01235088718780624	0.0518935346685404	0.01040461081998965	0.01059050312435545	0.01105086095001795	0.01034439177333539	0.01016459099867884	0.07111892235799019
0.2630301352493936	-0.3438383938088722	0.1945303203260516	1.004166053821756	0.4145802012931735	-0.1030587319407685	0.2920611478025937	-0.01267378186944178	-0.02429176035278497	0.1228301657189761	0.2713972089869016	-0.5619726332322167	0.6219549157787905	0.06794409816498381	-0.03603030531932877	-1.940619495130045	0.7759406089129635	-0.1088297005719876	3.121143881937121	0.9781277896170134	1.798894955148346	0.0138486427832059	0.01127362020491022	0.01582701785274572	0.01115749344210655	0.01851056970808789	0.02760864692644967	0.01157413430998446	0.01160158924604385	0.02522446783384283	0.116963763469324	0.01238911480299056	0.06429848555283534	0.0103831069738756	0.01056196343885165	0.01129397861014819	0.0103273872763219	0.01015387957418911	0.07570311868272754	-9.591071165937117e-05	0.01032004442740331	0.01111993251578954	0.01183211997546272	0.01181217587978833	0.02590661186704241	0.03330797608873896	0.01157807349246666	0.01171072116053952	0.02007571420458881	0.09207891004968792	0.01234816376297086	0.05092860584219611	0.01041041933495218	0.01059792507458164	0.01106342182535515	0.01034658404769566	0.01016611982613606	0.07113483666659208
0.2642708434345322	-0.3445088218573954	0.1953009174001846	1.004255594535973	0.414505158623351	-0.1054802634175343	0.2929892037320235	-0.0127998410653152	-0.02043563997916572	0.1240183679479002	0.2736159402435592	-0.5188610873529852	0.6202472895740044	0.07630923681704581	-0.08478737357076144	-1.962823595734935	0.7202349674841035	-0.09447174761662475	3.094979581665637	0.937424228618022	1.777574955751821	0.01355789264188646	0.01126041568728681	0.01549672860056967	0.01121577963461297	0.01914785093701455	0.02807793863141891	0.01157445421207481	0.01161112061784113	0.0247957692323067	0.1152343481626819	0.01238553674388564	0.06327850671858937	0.01038559083935968	0.01056524171927242	0.01127549145109443	0.01032911490530715	0.01015498511730766	0.07536698221003012	-8.422693995318824e-05	0.01031171329764145	0.01110850759374249	0.01175923823765502	0.01190903205605615	0.02676167341494929	0.033674885668679	0.0115779298349715	0.01172270210514253	0.01968493302681448	0.09040887511152869	0.01234347148383653	0.05006270853283835	0.01041559746069068	0.01060496165192576	0.01107773506821722	0.0103497857727239	0.01016824492800441	0.07097169817361718
0.2655115516196709	-0.3451261921227487	0.1960694446359532	1.004355198381953	0.4143701818691486	-0.1079292541136141	0.2938487633747267	-0.01290844428844435	-0.01661151796254763	0.1251567798440505	0.2758078981889746	-0.4764444021336371	0.6186183727676731	0.08416569166861543	-0.1326430191791433	-1.984883294325816	0.6655257777403318	-0.08069097085327934	3.069563105647504	0.8978666686218604	1.755736884597255	0.01329021651021025	0.01124735819065582	0.0151873003462839	0.01127725352286009	0.01980190749812654	0.02853858085690292	0.01157473573110136	0.0116208545533459	0.02436970108735164	0.1135040259727659	0.01238186664272899	0.06226789273614914	0.01038829835782834	0.01056883184108321	0.01125972069171034	0.0103309649183652	0.01015617534531475	0.07504314771598319	-7.254316824700534e-05	0.0103033821678796	0.01109708267169543	0.01168635649984732	0.01200588823232397	0.02761673496285617	0.03404179524861903	0.01157778617747633	0.01173468304974553	0.01929415184904016	0.08873884017336947	0.0123387792047022	0.04919681122348058	0.01042077558642918	0.01061199822926987	0.01109204831107929	0.01035298749775214	0.01017037002987276	0.07080855968064229
0.2667522598048095	-0.3456914455422322	0.1968359937381962	1.004464242014442	0.4141764807720342	-0.1104054105475266	0.2946411487317819	-0.0130003077157073	-0.01281850973272139	0.126246751070399	0.2779723842521431	-0.4349040891141929	0.6170542702302221	0.09153215636108675	-0.1793871747534513	-2.006533681886561	0.612010065023525	-0.06748646591534083	3.044791809563468	0.8592863612823375	1.733269680892266	0.01304381469576211	0.01123446572956085	0.01489790297557479	0.01134169605406161	0.02047012014027872	0.02898908208282654	0.01157487333170158	0.01163052889863793	0.02395369407052043	0.1117768453259694	0.01237807178830361	0.06126868872210077	0.01039118667607697	0.01057268819448251	0.01124646534442006	0.01033295538425537	0.01015746019355327	0.0747261177090886	-6.269362160436818e-05	0.0102970028210357	0.01108638060940501	0.01163408313395873	0.01210393397677897	0.02844349500868539	0.03435371280842293	0.011575049388698	0.01174081801697171	0.01909097260204887	0.08718615028549284	0.01233312178406781	0.04840266621083355	0.01042538221225251	0.01061857375362209	0.01110699726887228	0.01035686359151404	0.01017290062859015	0.07051922020685035
0.2679929679899481	-0.3462057933283614	0.1976006350567801	1.004582132597791	0.4139255768980865	-0.1129080390963807	0.2953679740546563	-0.01307614247078063	-0.009055894034452505	0.1272893712809887	0.2801085950364752	-0.3943853965320255	0.6155430591871606	0.09842682292999599	-0.2248529151262002	-2.027555900993771	0.5598441315580778	-0.05485302775151412	3.020570891897916	0.8215377046737328	1.710157670883606	0.01281707258074924	0.01122175435667526	0.0146277883989093	0.01140891212569674	0.02115016516843499	0.02942811079071502	0.01157477296900127	0.01163991006183966	0.0235544185213454	0.1100565380969799	0.01237412302471112	0.06028275282657962	0.01039421762034531	0.01057677014816381	0.01123554621937582	0.01033510239839163	0.01015884851196111	0.07441090481821976	-5.284407496173099e-05	0.0102906234741918	0.01107567854711459	0.01158180976807014	0.01220197972123397	0.02927025505451461	0.03466563036822683	0.01157231259991967	0.01174695298419789	0.01888779335505758	0.08563346039761623	0.01232746436343342	0.0476085211981865	0.01042998883807584	0.01062514927797431	0.01112194622666528	0.01036073968527593	0.01017543122730755	0.0702298807330584
0.2692336761750868	-0.346670559360752	0.1983634294871238	1.004708292237021	0.4136191210049344	-0.1154362746070149	0.2960309744863555	-0.01313665454956786	-0.005323026399389616	0.1282856159628097	0.2822157336763387	-0.3550170763478631	0.6140737248004671	0.1048676044351414	-0.2688926987667155	-2.047752060800579	0.5091657548682158	-0.0427845104829916	2.996809147332933	0.78449385275351	1.686426725482452	0.01260844102044008	0.01120924205795227	0.01437596027480603	0.01147870733687337	0.02183953442914594	0.02985348273412931	0.01157435823376633	0.0116487850697162	0.02317792065501442	0.1083470511811947	0.01237004440169718	0.0593116203938828	0.01039736218282787	0.01058103648048409	0.01122672200531224	0.01033739115161483	0.01016033144370092	0.07409628171969351	-4.323145416426722e-05	0.01028571522548218	0.01106576669154098	0.01154324270073802	0.01230097050498012	0.03006084009794805	0.0348994365718434	0.01156727802865574	0.01174742234328154	0.01886515469636865	0.08420802458913253	0.01232207401127796	0.04687958980963557	0.01043419107062957	0.0106311955942214	0.01113581338813555	0.01036457687422718	0.01017795833759499	0.069910591187465
0.2704743843602255	-0.3470872557193598	0.1991244210798466	1.004842172186047	0.413258979133238	-0.1179889560637522	0.2966320852502413	-0.01318253969151193	-0.001619407868544096	0.1292362818518497	0.2842931064990638	-0.3168979095910397	0.6126369167166646	0.1108718283724609	-0.3113937914086262	-2.066962356690102	0.4600790533929356	-0.03127465984313252	2.973421861806685	0.7480655400061814	1.662175731686396	0.0124165317025372	0.01119694486006289	0.0141415231716674	0.01155090856352711	0.0225360027253251	0.03026324706981035	0.01157356103520151	0.01165696414811003	0.02282962038764745	0.1066520193166763	0.01236585735732642	0.05835668365647906	0.01040059452343749	0.01058545046966608	0.0112197776115387	0.01033980845199827	0.01016190109955661	0.07378113505731365	-3.361883336680348e-05	0.01028080697677256	0.01105585483596738	0.0115046756334059	0.01239996128872626	0.0308514251413815	0.03513324277545997	0.01156224345739181	0.01174789170236519	0.01884251603767971	0.0827825887806488	0.01231668365912249	0.04615065842108465	0.0104383933031833	0.0106372419104685	0.01114968054960583	0.01036841406317842	0.01018048544788244	0.06959130164187159
0.2717150925453641	-0.3474574826747989	0.199883645270282	1.004983237256145	0.4128471208313308	-0.1205647620546887	0.2971733337292842	-0.01321449449440378	0.002055331073255184	0.1301420989933241	0.2863401537423971	-0.2801400277195906	0.611221508173231	0.1164551139954346	-0.3522221669318486	-2.084969102126434	0.4127006435711752	-0.02033035634990886	2.950202610773338	0.7121829533188417	1.637606785758822	0.01224001372011131	0.01118488038462589	0.01392339016908597	0.01162551174503976	0.02323725642888581	0.03065816113144749	0.01157235600526001	0.01166434234423972	0.02251248039253586	0.1049755692528094	0.01236162633588658	0.05741939710075062	0.01040390297547201	0.0105899800466551	0.01121443642987361	0.01034230843054096	0.01016353018812568	0.07346805431390924	-2.572026970377572e-05	0.0102769681861824	0.0110467924605477	0.01147408684045579	0.01250369616254867	0.03160040600909671	0.03535357885134223	0.01155583914395475	0.01174446532910571	0.01894704506547908	0.08150215006827946	0.01231261614992713	0.04549008720241059	0.01044249373719646	0.01064282078681151	0.01116071486419397	0.01037141792295209	0.01018253749880862	0.06934154076618833
0.2729558007305027	-0.3477829934893015	0.2006411216365765	1.005130978160443	0.4123856969267489	-0.1231620767820719	0.2976569054123501	-0.01323322205527823	0.005701296129989795	0.131003720249706	0.2883566349003206	-0.2448162651497844	0.6098194547646165	0.1216331569822952	-0.3912926862001462	-2.101634073829759	0.3671050580961995	-0.009952576553622782	2.927038874348647	0.6768225888281975	1.612903767870262	0.0120776954562994	0.01117306433329348	0.01372058621356804	0.01170251326173629	0.02394124225520322	0.03103889700586945	0.01157072053636276	0.01167082613057157	0.02222914669116968	0.1033214963813482	0.01235740878094666	0.05650107748634851	0.01040727714630597	0.0105945966432742	0.01121045194716746	0.01034485022770842	0.01016519439963631	0.07315938712928098	-1.782170604074792e-05	0.01027312939559223	0.01103773008512802	0.01144349804750568	0.01260743103637109	0.03234938687681194	0.03557391492722449	0.0115494348305177	0.01174103895584623	0.01905157409327846	0.08022171135591014	0.01230854864073176	0.04482951598373654	0.01044659417120962	0.01064839966315452	0.01117174917878211	0.01037442178272577	0.01018458954973481	0.06909177989050506
0.2741965089156413	-0.3480655830339583	0.2013968647171755	1.005284899171135	0.4118769042325192	-0.1257792154231791	0.2980850278749507	-0.01323942040618185	0.009318566743322125	0.1318217875920796	0.2903424282358312	-0.2109635840947674	0.6084257165807225	0.1264226731284788	-0.4285666169066006	-2.11690277590758	0.3233289217866788	-0.000132337613122793	2.903936599802914	0.641977198141391	1.588187953673293	0.01192843488583094	0.01116151563522773	0.01353197351526387	0.01178234144684645	0.02464669572671492	0.03140479569301557	0.01156868072262024	0.01167642505094766	0.02197932783063014	0.1016916900002261	0.01235328288012559	0.05560147171258464	0.01041072612271799	0.01059928595796884	0.01120754603203855	0.01034737898425616	0.01016685997019348	0.07285941157466434	-1.288961755855264e-05	0.0102700121030918	0.0110296149299779	0.0114157430805692	0.01272621013122181	0.03307308785452655	0.03574851871608654	0.01154279189301536	0.01173605032797693	0.01921485668946708	0.07903510843631203	0.01230637578175048	0.04419740302970252	0.01045104214366562	0.01065381243056406	0.01117886984200729	0.01037620506541408	0.01018590949800061	0.06896704965502004
0.2754372171007801	-0.3483071052151512	0.2021508802902387	1.005444531039057	0.4113230051471021	-0.128414383314099	0.2984599855444772	-0.0132337818682045	0.01290716736589266	0.1325969547055117	0.2922976570384198	-0.1786163958250254	0.6070347424381835	0.1308389589311198	-0.4640033988860608	-2.130696906896611	0.2814043436839206	0.009128282595628022	2.880823358455284	0.6076681887771457	1.563634301813937	0.01179121032075045	0.0111502511569829	0.01335653282507733	0.01186537770250549	0.02535249415386942	0.03175526560746208	0.0115662598159497	0.01168114760104042	0.0217627501119099	0.1000878807386595	0.01234931832622779	0.05472034413281091	0.01041425799922891	0.01060403525047331	0.01120547083795445	0.01034984583225769	0.0101684968246193	0.07257200513303216	-7.957529076357356e-06	0.01026689481059136	0.01102149977482779	0.01138798811363272	0.01284498922607254	0.03379678883224115	0.03592312250494859	0.01153614895551301	0.01173106170010763	0.0193781392856557	0.07784850551671393	0.01230420292276921	0.04356529007566851	0.01045549011612161	0.01065922519797359	0.01118599050523247	0.01037798834810239	0.01018722944626641	0.068842319419535
0.2766779252859187	-0.3485094399518429	0.2029031696757718	1.005609416959863	0.4107262931592592	-0.1310657230229001	0.2987840866217023	-0.01321700137783897	0.01646705965495945	0.133329898348798	0.2942225917842792	-0.1478019005135491	0.6056416079797811	0.1348969003088615	-0.4975708838700512	-2.142951928404875	0.2413557867455016	0.01782720974612994	2.857640847214535	0.5739253264345976	1.539403926118508	0.01166504434135868	0.0111392921177062	0.01319313842829213	0.01195262633896368	0.02605768711093864	0.03208919769846474	0.01156351984773377	0.01168508506819241	0.02157649508971172	0.09851003997374212	0.01234557668695176	0.05385626511635939	0.01041790086932501	0.0106088531983506	0.01120399871178004	0.01035222009763373	0.01017008386287846	0.07230028939670832	-4.0133919402879e-06	0.01026423447323007	0.01101445792089709	0.01135920813900949	0.01299419500248976	0.03449778347636102	0.03603822053348391	0.01153022296901945	0.01172649671422778	0.01953531420730088	0.07670703442939666	0.01230382321105565	0.04292999066666969	0.01046077194893801	0.01066496440220208	0.0111893489816517	0.01037891851831627	0.01018799052027977	0.06882699233850932
0.2779186334710573	-0.3486745057933669	0.2036537266309545	1.005779123882414	0.4100891082893994	-0.133731280213588	0.2990596730246458	-0.01318977926847535	0.01999811381954393	0.1340213529504889	0.2961177482996639	-0.1185396015435561	0.6042420942125284	0.1386103286609504	-0.5292449641788566	-2.153615223196852	0.2031995516698666	0.02595999372575574	2.834336809570372	0.5407885670379016	1.515632338143858	0.0115490631112994	0.01112865742421359	0.01304078296228259	0.01204498157159398	0.02676143009613165	0.03240559775150029	0.01156051609574752	0.01168831879223955	0.02141793908869425	0.09695813210251725	0.01234211283956041	0.05300793195404995	0.01042167975862529	0.01061374753192365	0.01120292679977356	0.01035447445606786	0.01017160228999287	0.07204709108226856	-6.925480421841705e-08	0.01026157413586879	0.01100741606696639	0.01133042816438625	0.01314340077890698	0.03519877812048089	0.03615331856201923	0.01152429698252588	0.01172193172834793	0.01969248912894605	0.07556556334207939	0.01230344349934209	0.04229469125767088	0.0104660537817544	0.01067070360643056	0.01119270745807093	0.01037984868853014	0.01018875159429314	0.06881166525748364
0.279159341656196	-0.3488042358923396	0.2044025415666471	1.00595322997791	0.409413808887678	-0.1364090594144225	0.2992890985391758	-0.01315281992982576	0.02350015808079785	0.134672086304391	0.2979837490286625	-0.09084621247685029	0.6028322870937058	0.1419925533324624	-0.5590046224466448	-2.16263882122192	0.166949071213096	0.03352224556782858	2.810861800607916	0.5082927032555735	1.492438782967911	0.01144243442809028	0.0111183685511055	0.01289845158458271	0.01214396650640469	0.02746276792176547	0.03270340141651021	0.01155732338726452	0.01169097195152471	0.02128286120878721	0.09543133360600861	0.01233894890278654	0.05217377338752331	0.01042563250291065	0.01061874590635492	0.01120211920330262	0.01035662557319967	0.01017305764060289	0.07181202085054157	5.325741914931028e-06	0.01025922865647145	0.01100153379473695	0.01129914252310438	0.01333926406470992	0.03587306827238892	0.03620575539677794	0.01151962761392444	0.01171889657875574	0.0198012546116791	0.07444665346442508	0.01230414740270886	0.04164764523878565	0.01047250742012281	0.0106772535611571	0.01119362886468693	0.01038093520600579	0.01018950693655887	0.06882203374273206
0.2804000498413347	-0.3489005876850678	0.2051495988641073	1.00613133458054	0.4087027840851432	-0.1390969919434846	0.299474735855184	-0.01310683377174219	0.0269729432828066	0.1352829125707947	0.2998213824354734	-0.06473437778756234	0.6014088109845082	0.1450558507909068	-0.5868336631136972	-2.16998218321743	0.1326137666201682	0.04051107586811679	2.787171717719294	0.476459002031328	1.469904731661875	0.01134441470470934	0.01110844463239686	0.01276523681790843	0.01225093707860832	0.02816085110422751	0.0329816533114458	0.01155400840381261	0.01169315430888504	0.02116747784496286	0.09392887884081265	0.01233610459036509	0.05135236023574926	0.01042979280607521	0.01062387295789649	0.01120145483101717	0.01035868829439792	0.01017445484454658	0.07159472257492074	1.072073863408042e-05	0.01025688317707412	0.0109956515225075	0.01126785688182252	0.01353512735051285	0.03654735842429693	0.03625819223153664	0.011514958245323	0.01171586142916354	0.01991002009441215	0.07332774358677076	0.01230485130607563	0.04100059921990043	0.01047896105849121	0.01068380351588364	0.01119455027130293	0.01038202172348143	0.0101902622788246	0.06883240222798045
0.2816407580264733	-0.3489655281122885	0.2058948802312487	1.006313046974439	0.4079584352490514	-0.141792977353316	0.2996189645022548	-0.01305253317148172	0.030416185180512	0.1358546595209897	0.3016314963730746	-0.04021444018512167	0.5999685599967552	0.147812059479848	-0.6127189657055726	-2.175608655702328	0.1002007279319449	0.04692556981735418	2.763224861306912	0.4452952624722831	1.448093382435302	0.01125430106843097	0.01109890314547242	0.01264033547237031	0.01236761210482466	0.02885427784503361	0.0332396560234875	0.01155063886593299	0.01169498005288385	0.02106771574249347	0.09245083960178327	0.01233355601929564	0.05054342556015438	0.01043419106248014	0.01062915936827323	0.01120089688240712	0.0103607238391818	0.01017582528686722	0.07139072227343714	1.660942710794827e-05	0.01025485343190255	0.0109909147918447	0.01123538144027025	0.0137881655080377	0.03717997847429584	0.03625310037797179	0.01151165899286643	0.01171460787914692	0.01995841836970364	0.07225418240295746	0.01230562369626349	0.04037039367302559	0.01048655270916673	0.01069134087592341	0.01119488143790535	0.01038438690223471	0.01019164714590971	0.06875631629285534
0.2828814662116119	-0.3490010378818893	0.2066383626253987	1.006497995359196	0.4071831805720845	-0.1444948594300674	0.2997241723365762	-0.01299062762493208	0.03382953179467329	0.1363881438981505	0.3034150155356822	-0.01729269988954106	0.5985088966801146	0.1502722095774592	-0.6366533105144206	-2.179487473102907	0.06971293028183646	0.0527701252836953	2.738981041873574	0.41478035847463	1.427034436217867	0.01117146578572561	0.01108975966194318	0.01252302964791427	0.01249552130559349	0.02954180060631848	0.03347678121453795	0.01154727512238128	0.01169655093894484	0.0209799285305954	0.09099727331125752	0.01233128190026914	0.04974672423640496	0.01043885434700067	0.01063463246987217	0.01120041256708901	0.01036278674151042	0.0101771969238439	0.07119596606094795	2.249811558181615e-05	0.01025282368673099	0.0109861780611819	0.01120290599871799	0.01404120366556254	0.03781259852429475	0.03624800852440693	0.01150835974040986	0.01171335432913029	0.02000681664499514	0.07118062121914415	0.01230639608645134	0.03974018812615075	0.01049414435984226	0.01069887823596317	0.01119521260450776	0.01038675208098799	0.01019303201299482	0.06868023035773022
0.2841221743967506	-0.3490091023209494	0.2073800209052423	1.006685816877472	0.4063794432967867	-0.1472004573237534	0.2997927490955814	-0.01292182189024846	0.03721259785687124	0.1368841592061451	0.3051728826013436	0.004023241324396432	0.5970272701211817	0.1524467442478772	-0.6586284309205848	-2.181586708759959	0.04115508977720456	0.05805121958641799	2.714399820604328	0.3848796141227845	1.406744730829988	0.01109531489733867	0.01108102622988123	0.01241268659161819	0.01263681205316361	0.03022294946249112	0.0336923185231707	0.01154396931976915	0.01169795396679509	0.02090116020034654	0.0895632302553189	0.01232924092542858	0.048959221368362	0.01044380919048883	0.01064032252182854	0.01120000880424599	0.01036495643817624	0.01017861177461529	0.07100372570973169	2.010759704981028e-05	0.01025109320049114	0.01098252363856593	0.0111703406975548	0.01436827010141832	0.03842100093108588	0.03618247168270584	0.01150631534476584	0.01171366597991722	0.02000691355873808	0.07001144918114717	0.0123067305818099	0.03905408726980748	0.01050289716968345	0.01070750905704155	0.01119585579418809	0.01039106061088747	0.0101954178298423	0.06843996528673563
0.2853628825818892	-0.3489917250366226	0.2081198257198977	1.006876164780023	0.4055496663055492	-0.1499075318991754	0.299827099319083	-0.01284680753397273	0.04056493199809309	0.1373434189238238	0.3069060505061834	0.0237188854193244	0.5955211419429101	0.1543446948323401	-0.6786288496564317	-2.181867824028945	0.01454038554503928	0.06277832300428587	2.689441721912437	0.3555309616518889	1.387219829538969	0.01102531815155516	0.01107271358252364	0.01230874094109324	0.01279339477038272	0.03089730478105856	0.03388562735380354	0.01154076792812796	0.01169926666484315	0.02082876641913578	0.08814416301482395	0.01232739627517554	0.04817816470469453	0.01044907922597411	0.01064625647996565	0.0111996917588604	0.01036730369115284	0.01018010726794142	0.07080790949893022	1.771707851780445e-05	0.01024936271425129	0.01097886921594996	0.01113777539639161	0.01469533653727409	0.03902940333787702	0.03611693484100476	0.01150427094912182	0.01171397763070415	0.02000701047248102	0.06884227714315017	0.01230706507716846	0.03836798641346421	0.01051164997952465	0.01071613987811992	0.01119649898386841	0.01039536914078696	0.01019780364668979	0.06819970021574105
0.2866035907670279	-0.348950923038606	0.2088577456229842	1.007068699494671	0.4046963067690402	-0.1526138108080569	0.2998296401833892	-0.01276626776587739	0.0438860504258349	0.1377665814424163	0.3086154642177053	0.04177705117342406	0.5939880007224261	0.1559744559853533	-0.6966362234575474	-2.180289890363566	-0.01011466930652814	0.06696141074280006	2.664067946617563	0.3266698436001891	1.368447088189868	0.01096097228775072	0.01106482701865999	0.01221068577578637	0.01296743647959694	0.03156449250115812	0.03405613380683417	0.0115377073398371	0.01170054986869669	0.02076070485395167	0.08673681756990688	0.01232572552551258	0.04740100718086105	0.01045469578731267	0.01065246158820201	0.011199445086261	0.01036988598123688	0.01018171319722399	0.07060291178245882	3.565029238227207e-05	0.01024787879792876	0.01097618194100892	0.01110577776444201	0.01510521359502143	0.0396140778274034	0.03599176765086137	0.01150330297519951	0.01171555960532413	0.01997000452369687	0.06760889210024125	0.01230725676589478	0.03762808317450254	0.01052177858542954	0.01072590694884482	0.01119692603719972	0.01040139949041414	0.01020105880339777	0.06780054197768415
0.2878442989521665	-0.3488887450522907	0.2095937450804942	1.007263094407107	0.4038218557527486	-0.1553169513126551	0.2998028203249375	-0.01268086933118515	0.04717540637158612	0.1381541974382753	0.3103020374259909	0.05817657455779045	0.5924254159349488	0.1573432988523009	-0.7126279152235397	-2.176808734708851	-0.03278855140862732	0.0706104118683944	2.638241156448204	0.2982305937193843	1.350401337184467	0.01090182817754589	0.01105737125724741	0.01211806830177938	0.01316086381767367	0.0322241779051748	0.03420331875711333	0.01153481998536996	0.01170185779158026	0.02069514927725277	0.08533820748544622	0.01232420868990622	0.04662544120474425	0.0104606867856912	0.01065896211614497	0.01119925422185457	0.01037275451174541	0.01018345610105079	0.07038365759915061	5.358350624673967e-05	0.01024639488160623	0.01097349466606788	0.01107378013249241	0.01551509065276878	0.04019875231692979	0.03586660046071798	0.0115023350012772	0.01171714157994411	0.01993299857491271	0.06637550705733235	0.0123074484546211	0.03688817993554087	0.01053190719133444	0.01073567401956972	0.01119735309053102	0.01040742984004132	0.01020431396010574	0.06740138373962723
0.2890850071373052	-0.3488072576020215	0.2103277865877056	1.007459028712217	0.4029288233218724	-0.1580145741400209	0.2997491066105074	-0.01259127089984064	0.05043242268127494	0.138506766469562	0.3119666603916044	0.07290544726270623	0.5908314412294727	0.158458685437095	-0.7265924816108269	-2.171392230497592	-0.05347007984096406	0.0737359843628468	2.611928015168573	0.2701668650148373	1.333050122541035	0.01084747137842434	0.01105033612816347	0.01203064522803004	0.01337328131489405	0.03287299597282611	0.03432779289639703	0.01153212491232097	0.01170323261768167	0.02063063221866495	0.08396237098676806	0.01232282601827143	0.04585889333793973	0.01046702523111266	0.01066572607399236	0.01119910510179407	0.01037589503709786	0.01018532920108574	0.07014965694158112	8.490304887061288e-05	0.01024539285457196	0.01097142623086749	0.01104675918213127	0.01595490948891579	0.04068339921668385	0.03570950628822112	0.01150216754356262	0.01171977921276901	0.01986522646198642	0.06554886391743822	0.01230747654116434	0.03634281621758571	0.01054214321783607	0.01074527116619089	0.01119755645382339	0.01041369411189004	0.01020768202839018	0.06696091001808357
0.2903257153224438	-0.3487085177263345	0.2110598307718515	1.007656195292119	0.4020197027746399	-0.1607042840347641	0.2996709509016292	-0.01249811003383157	0.05365647751727065	0.1388247488508308	0.3136101561093247	0.08598714676956142	0.5892057645498106	0.1593297014810906	-0.7385616380332678	-2.164053182900574	-0.07218857778094458	0.07635298948443804	2.585107837432266	0.2424775581014953	1.316344575455757	0.01079753212387419	0.01104371256671793	0.01194819913057791	0.01360433476732519	0.03350794722970212	0.03443009764521628	0.01152963909430649	0.01170471193943888	0.02056584177883113	0.08262216327479009	0.01232155990809611	0.04510808538857732	0.01047368708058166	0.01067272496401064	0.01119898519324525	0.01037929486699256	0.01018732645944553	0.06990046493560721	0.0001162225914944861	0.01024439082753769	0.0109693577956671	0.01101973823177013	0.01639472832506281	0.04116804611643789	0.03555241211572428	0.01150200008584803	0.01172241684559392	0.01979745434906012	0.06472222077754408	0.01230750462770758	0.03579745249963057	0.0105523792443377	0.01075486831281207	0.01119775981711575	0.01041995838373876	0.01021105009667463	0.06652043629653991
0.2915664235075825	-0.3485945556899231	0.2117898383393075	1.007854294880194	0.4010969522414631	-0.1633837056477578	0.299570772404991	-0.0124020111002721	0.05684693456057722	0.1391086154982916	0.3152333038947388	0.09746088066490684	0.5875487886541333	0.1599661403865345	-0.7485858569579802	-2.154824443003088	-0.08899134975438353	0.07847686335445413	2.557765817453062	0.2151946681068192	1.300231073288659	0.0107516734908489	0.01103747740704289	0.01187067972000218	0.01385027610592469	0.03412611202923058	0.03451146360646559	0.01152735845659025	0.01170630165595831	0.02050056161559381	0.08132686642415761	0.01232038599856047	0.04437959953780929	0.01048055821683772	0.0106798497317892	0.01119889816669572	0.01038284316780914	0.01018939223457955	0.06964221736625041	0.0001175053208819054	0.01024416535789266	0.01096756033810994	0.01100139762167176	0.01678272301763993	0.04155020462000832	0.03538148268203044	0.01150215389814572	0.01172540426407328	0.01972387044264448	0.06421662299657864	0.0123071841572098	0.0354508362141256	0.01056054856192574	0.01076234086937995	0.01119810888686435	0.01042410621652857	0.01021334420584122	0.0662160677129025
0.2928071316927211	-0.3484673143558987	0.2125177716808136	1.008053045405324	0.40016292009864	-0.1660505469255338	0.2994508863008524	-0.01230357477764172	0.06000314188579185	0.1393589451032585	0.3168367911113052	0.1073931132223424	0.5858621473344663	0.1603789981957543	-0.7567473627882222	-2.143773868478884	-0.1039568630087468	0.08012081088909646	2.529897894103089	0.1884164940249888	1.284652070886303	0.01070959493893343	0.01103161000506741	0.01179804180382049	0.01410776994619089	0.03472488376247551	0.03457298867887502	0.01152527936750791	0.01170800702439549	0.02043459835553487	0.08008495773177714	0.01231928257714351	0.04367938493398089	0.010487536985947	0.01068700322819725	0.01119884729172192	0.01038644121001262	0.01019147696364176	0.06938046964727566	0.0001187880502693247	0.01024393988824763	0.01096576288055279	0.01098305701157338	0.01717071771021706	0.04193236312357874	0.03521055324833661	0.01150230771044341	0.01172839168255265	0.01965028653622884	0.0637110252156132	0.01230686368671202	0.03510421992862062	0.01056871787951378	0.01076981342594784	0.01119845795661295	0.01042825404931838	0.01021563831500781	0.0659116991292651
0.2940478398778598	-0.3483286761686805	0.2132435947852643	1.008252174129909	0.39921988038549	-0.1687025789466105	0.2993135366460771	-0.01220339134892207	0.06312444637746355	0.1395764113074712	0.3184212568985521	0.115860404301774	0.5841479349131479	0.1605796696254373	-0.7631397761307799	-2.1309825538147	-0.1171751154962364	0.08129578839866164	2.501504513838969	0.162272624135999	1.269552151848775	0.01067102077796275	0.01102608276696202	0.01173030620726128	0.01436974289949866	0.03530257813515178	0.03461622569225915	0.01152337227880481	0.01170977893195633	0.02036917838267458	0.07889842114278652	0.01231820768121711	0.04301226113624462	0.01049444263726271	0.01069403007281053	0.01119887767444854	0.01038991676134236	0.01019349512199632	0.06912589027327966	0.0001209930051766264	0.01024468584092048	0.01096404345849239	0.01097491254119236	0.01741260898048524	0.04223135229843288	0.03503873894294816	0.01150216005317808	0.0117304389982542	0.01960520218821071	0.06335629096844313	0.01230568187196491	0.03493435998910537	0.01057280390239453	0.01077364635808758	0.01119995386776087	0.01042840629956298	0.0102159378187719	0.06588866889543088
0.2952885480629984	-0.3481803845413395	0.2139672756730824	1.008451427572737	0.3982699389302699	-0.1713377236358929	0.2991608044723457	-0.01210203805254932	0.06621020210325007	0.1397619513697998	0.3199872575225518	0.1229542835485654	0.5824089312267959	0.1605800408632712	-0.7678728445761969	-2.116551778681093	-0.1287532073739905	0.08200661213081403	2.47259391487878	0.1369521736803287	1.254886541386053	0.01063570513201592	0.01102087110392683	0.01166749118287877	0.01462990332037362	0.03585768626834961	0.03464256289029613	0.01152161085865293	0.01171157361207477	0.02030539796002315	0.07776903724552731	0.01231712390869871	0.04238257279359961	0.01050111416059684	0.01070079184689487	0.01119902950559569	0.01039311639874946	0.01019537052822015	0.06888813905214869	0.0001231979600839281	0.01024543179359333	0.010962324036432	0.01096676807081133	0.01765450025075343	0.04253034147328701	0.0348669246375597	0.01150201239591276	0.01173248631395575	0.01956011784019258	0.06300155672127307	0.01230450005721779	0.03476450004959012	0.01057688992527529	0.01077747929022731	0.01120144977890878	0.01042855854980758	0.01021623732253599	0.06586563866159664
0.2965292562481371	-0.348024104127012	0.214688784803205	1.008650562188053	0.3973151075024834	-0.1739539907991912	0.2989946787373802	-0.01200008948607403	0.069259771519501	0.1399166679992655	0.3215353145610461	0.1287742480746197	0.5806482629609929	0.1603923227841018	-0.771065186696368	-2.100593300960582	-0.1388073707676003	0.08225645615374295	2.443177932383948	0.1126541195384349	1.240618849331521	0.01060341879365266	0.01101595075888367	0.01160961542535546	0.0148809136809559	0.03638871968844082	0.03465318501892525	0.01151994878147709	0.01171329623422161	0.02024587734251024	0.07670154717608509	0.01231594826492598	0.04179481425680611	0.01050735311410651	0.01070714015629619	0.01119943131060412	0.0103958980401396	0.01019703635557825	0.06867611222787467	0.0001375453846561088	0.01024722096558735	0.01096065786280729	0.01096885476353904	0.01771640805626499	0.04274444894892147	0.03469099883023492	0.01150105155977131	0.01173231724201633	0.01958206855075751	0.06288093989444345	0.01230131795858582	0.03478038440489332	0.01057578782529691	0.0107772507641543	0.01120625046478652	0.0104247805277922	0.01021466309033075	0.0661156863795405
0.2977699644332757	-0.3478613206561973	0.2154080984079996	1.008849355279659	0.3963571852115078	-0.1765495936183712	0.2988169396554341	-0.01189811477048746	0.07227254241173203	0.1400420027525351	0.3230659071551462	0.133437114398153	0.5788697833713625	0.1600295112770049	-0.7728552856318699	-2.083241239880046	-0.1474737399468835	0.08204876811380342	2.413275353262861	0.08958914247608522	1.226734161808336	0.01057395737526754	0.01101130011693109	0.01155669529281622	0.01511624509003807	0.0368943418034074	0.03464915178212418	0.01151834476510544	0.01171486229058853	0.02019295836975115	0.07570024171448145	0.0123146067745584	0.04125302572732364	0.01051298272497088	0.01071294280293137	0.01120019760877426	0.01039813511746442	0.01019843307719551	0.06849785752687612	0.0001518928092282896	0.01024901013758137	0.01095899168918258	0.01097094145626675	0.01777831586177653	0.04295855642455593	0.03451507302291012	0.01150009072362986	0.01173214817007692	0.01960401926132244	0.06276032306761382	0.01229813585995385	0.03479626876019652	0.01057468572531853	0.0107770222380813	0.01121105115066426	0.01042100250577681	0.01021308885812551	0.06636573409748436
0.2990106726184144	-0.3476934197260013	0.2161251960530156	1.009047595065835	0.3953978525679444	-0.1791228607253982	0.298629250802604	-0.01179667998043757	0.07524791948296845	0.1401395692459404	0.3245795065593692	0.1370673942621981	0.5770776617211023	0.1595049864882944	-0.7733910223164605	-2.064639431051032	-0.1548973022507315	0.0813900396227404	2.382907583192705	0.06794532554013163	1.213228538920648	0.01054712431546121	0.0110069039850225	0.01150869189206263	0.01533135295859918	0.03737326463736261	0.03463107708685119	0.01151675545227845	0.01171617222636611	0.02014948814244577	0.07477116647509865	0.01231296999121034	0.04076089587100584	0.010517853477469	0.01071811228275878	0.01120155735529861	0.01039979679104312	0.01019955347881965	0.06835489791695271	0.0001611181112458498	0.01025175843478692	0.0109575029461445	0.01098196438724928	0.01769889542579213	0.04308706706839695	0.03432526538801331	0.01149821232204011	0.01172929130421326	0.0197083881211749	0.06292663424360538	0.01229153000006648	0.03499384866699456	0.01056880824567962	0.0107736196240493	0.0112220352661132	0.01041540183632513	0.01021080488047056	0.06672333694667451
0.300251380803553	-0.3475215692386041	0.2168400646798511	1.009245092500169	0.3944385303407622	-0.1816723732346627	0.2984330224292974	-0.01169633171111059	0.07818534624005541	0.1402112447845432	0.3260765959859581	0.1398037636031855	0.5752766461870555	0.1588328547953281	-0.7728385369073412	-2.044949283563504	-0.1612393347456096	0.08029732909778754	2.35210012900479	0.04785338075583184	1.200120377343158	0.01052274436410665	0.0110027488250413	0.01146557024837676	0.01552218783555884	0.03782432863614469	0.03459950964452905	0.01151514220631441	0.01171713732293475	0.02011801022112278	0.07391978662524473	0.0123109225351144	0.04032172746815991	0.01052183217590609	0.01072257063778315	0.01120371455125664	0.01040085558523242	0.0102003911333935	0.06824860076177663	0.00017034341326341	0.01025450673199247	0.01095601420310641	0.01099298731823182	0.01761947498980772	0.04321557771223795	0.0341354577531165	0.01149633392045036	0.0117264344383496	0.01981275698102735	0.06309294541959694	0.01228492414017911	0.03519142857379258	0.01056293076604072	0.0107702170100173	0.01123301938156215	0.01040980116687345	0.0102085209028156	0.06708093979586466
0.3014920889886917	-0.3473468196693001	0.2175526952684782	1.009441670347191	0.3934804983021277	-0.1841968491358214	0.2982295282562412	-0.01159760001072225	0.08108428805562842	0.1402589995297596	0.3275576783282485	0.1417875892855534	0.5734716051612128	0.1580273334430746	-0.7713684343611341	-2.024335543859467	-0.1666641804892804	0.0787950171811741	2.320879201397472	0.02939483162768512	1.187435994497402	0.01050064157719834	0.01099883061000571	0.01142718426996597	0.01568726866046314	0.03824718561709017	0.0345547945124726	0.01151348566257532	0.01171770393436121	0.02009997271573137	0.07314607039899056	0.01230831700341589	0.03993654034767963	0.01052486632701007	0.01072631630593535	0.01120697084583983	0.01040139981098986	0.01020100028270414	0.06817155364810737	0.0001698054326156563	0.01025796569453176	0.01095491136557052	0.01101025273918474	0.01745500697197473	0.04327737240329595	0.03392739844927366	0.01149394600583243	0.01172160822615422	0.01997626622983632	0.06340283668172969	0.01227397610910853	0.03551678570571368	0.01055401997982559	0.01076535438796018	0.01125278487249315	0.01040509440472767	0.01020696048219337	0.06731134763156268
0.3027327971738303	-0.3471699887853077	0.2182630868417604	1.009637174714809	0.3925247527152883	-0.1866952776047283	0.2980197715546885	-0.01150096112402018	0.08394425324141171	0.1402848503889031	0.3290233089846103	0.1431588428469932	0.5716673938971175	0.1571024268487226	-0.7691528650238986	-2.002961322855081	-0.1713344632861652	0.0769237698849298	2.289270501716283	0.01254467228333187	1.175212549850349	0.01048065911026843	0.0109951457511953	0.01139340345105558	0.01582526926830611	0.03864151448630535	0.03449723973243738	0.01151176856484682	0.01171782425232747	0.02009666779752405	0.07244993284330882	0.01230502200876206	0.03960622434230788	0.01052690915928114	0.01072934788997949	0.0112115950009905	0.01040150813439685	0.01020142924293519	0.0681170464642939	0.0001692674519679025	0.01026142465707104	0.01095380852803462	0.01102751816013766	0.01729053895414174	0.04333916709435395	0.03371933914543083	0.01149155809121449	0.01171678201395884	0.02013977547864529	0.06371272794386243	0.01226302807803795	0.03584214283763478	0.01054510919361047	0.01076049176590307	0.01127255036342416	0.01040038764258189	0.01020540006157115	0.06754175546726074
0.3039735053589689	-0.34699177911548	0.2189712424222266	1.0098314632374	0.3915721474193841	-0.1891667819524714	0.2978046217184203	-0.01140685419837417	0.08676477081790991	0.1402907710321858	0.3304740763393679	0.1440535677552045	0.5698687396151975	0.1560718277241702	-0.7663610850443698	-1.980984900591698	-0.1754082064480707	0.07473246145115831	2.257298439965038	-0.002776163032527439	1.163487123134902	0.01046263245989881	0.01099169997614964	0.01136392924265591	0.01593782505855094	0.03900783456523448	0.03442712914895443	0.01151000637466908	0.01171752035759329	0.02010714019124651	0.07182706203805936	0.01230092665744444	0.03932940358989822	0.01052801022692488	0.01073173831443085	0.01121789245155109	0.01040133680382348	0.01020176629571797	0.06807148122071485	0.0001647851130516479	0.01026520435699436	0.01095330865768902	0.0110468496835535	0.01711060682992401	0.04335512123489239	0.03349284738180255	0.01148941770411719	0.01171158980863653	0.02030948574525679	0.06405154158990481	0.01224805269216819	0.03623899459019678	0.01053539397348623	0.01075593588783311	0.01130232904863845	0.01039852423588815	0.01020557734555239	0.06745059115451418
0.3052142135441076	-0.3468126779738758	0.2196771725489505	1.010024415451347	0.3906232647948769	-0.1916107362480346	0.2975846982769316	-0.01131562458379639	0.08954540989415515	0.1402785177720194	0.3319106208276856	0.1445959098475681	0.5680800023975331	0.1549483224162885	-0.7631520249683518	-1.958551156929823	-0.1790294663599039	0.07228561599228618	2.224987071961055	-0.01675138690590628	1.152285561834334	0.0104464150017842	0.01098849838756133	0.01133849530722516	0.01602638614644894	0.03934660085572921	0.03434471618094589	0.01150821287021271	0.01171681192564917	0.02013053483413543	0.07127348742878853	0.01229593210034951	0.03910481106797127	0.01052821366582498	0.010733552541978	0.0112261353128319	0.01040102500834996	0.01020209007964013	0.06802256661550418	0.0001603027741353934	0.01026898405691768	0.01095280878734342	0.01106618120696935	0.01693067470570628	0.04337107537543083	0.03326635561817426	0.0114872773170199	0.01170639760331421	0.02047919601186829	0.0643903552359472	0.01223307730629843	0.03663584634275877	0.01052567875336199	0.01075138000976316	0.01133210773385273	0.0103966608291944	0.01020575462953363	0.06735942684176766
0.3064549217292462	-0.3466330721656803	0.2203808913153887	1.010215921291433	0.3896785575296861	-0.194026632385995	0.2973605041946554	-0.0112275609044373	0.09228576062554784	0.1402496760098157	0.3333336008697608	0.1449029435785041	0.5663053518000232	0.1537441344019667	-0.7596778719701711	-1.935798140094693	-0.1823339412878608	0.06965367357385929	2.192363403167844	-0.02959761519918692	1.141620644885947	0.0104318479057139	0.01098555325445661	0.01131662182736814	0.01609531622266556	0.03965919475288519	0.03425010312841388	0.01150643507614052	0.01171579280672121	0.02016356766755389	0.07078251101799866	0.01229001693578693	0.03892854241083744	0.01052764373718408	0.01073490716077807	0.01123653139982701	0.01040073506837706	0.01020249069661545	0.06795625876841058	0.0001524069211241176	0.01027259982787785	0.01095308931353951	0.01108213976172129	0.01680750699641239	0.04336538568454541	0.03301799034803902	0.01148619539902598	0.01170263482416304	0.0205948874591405	0.06467964622818233	0.01221579312423525	0.03703583560118823	0.01051712369975567	0.01074844591195539	0.01137073073790374	0.01039837605098659	0.01020804674333303	0.06688321988559247
0.3076956299143849	-0.3464531706345919	0.2210824191950033	1.010405889723605	0.3887382432708469	-0.1964141730367625	0.2971323364322353	-0.01114282957694008	0.09498545811968366	0.1402054290063848	0.334743670659593	0.1450726250860849	0.5645483315482436	0.1524700485175131	-0.7560705980920771	-1.912842625148412	-0.1854349869822945	0.06691394019194531	2.159454774351395	-0.04158441052196177	1.131474482189677	0.0104187896229778	0.01098287550791036	0.01129788099687629	0.01614850109615614	0.03994684440104272	0.03414338071510482	0.01150471489722566	0.01171454663570439	0.02020330503675559	0.07034801376363334	0.01228316208099468	0.0387970630222648	0.01052641113405421	0.01073590603623938	0.01124926582894562	0.0104006115834972	0.01020304840687578	0.06785986357143786	0.0001445110681128419	0.01027621559883801	0.0109533698397356	0.01109809831647324	0.0166843392871185	0.04335969599365998	0.03276962507790376	0.01148511348103207	0.01169887204501187	0.02071057890641271	0.06496893722041747	0.01219850894217207	0.03743582485961768	0.01050856864614934	0.01074551181414763	0.01140935374195475	0.01040009127277879	0.01021033885713244	0.06640701292941728
0.3089363380995236	-0.346273105509809	0.2217817794444878	1.010594238318359	0.3878024350607579	-0.1987731524873294	0.2969004030848297	-0.01106153191709196	0.09764415936625921	0.1401467304315694	0.3361414636830752	0.1451908448441114	0.5628120342563075	0.1511359471615388	-0.7524481799682883	-1.8897866625602	-0.1884319901983833	0.06414290914881435	2.126285127057885	-0.05297876003798962	1.121813926105854	0.01040708537755828	0.01098048029577104	0.01128163136627825	0.01619177488565714	0.0402117357333697	0.03402448328951903	0.0115031171681754	0.01171320926569091	0.02024511412617655	0.06996124331990063	0.01227545791877001	0.03870382010159686	0.01052467835839468	0.01073667849636352	0.01126433227171789	0.01040077519599176	0.01020382862324181	0.06772457837271587	0.000133045813874047	0.01027916508759135	0.01095454571432311	0.01110502638167906	0.01667015832833569	0.04335846385187747	0.03249560229438281	0.01148569246011801	0.01169789554573765	0.0207269816458571	0.06513012727488007	0.01218150529115899	0.03775799566962244	0.01050255339205902	0.01074494371884116	0.01145250732838382	0.01040500795087608	0.01021449978398809	0.0656339277555663
0.3101770462846623	-0.3460928888935803	0.2224789996098848	1.010780899347044	0.386871077360226	-0.2011035073158712	0.2966647733646433	-0.01098364897023622	0.1002615558522614	0.140074109998865	0.3375275300337305	0.1453168232063305	0.5610985530736489	0.1497497210562555	-0.7488964535839762	-1.866700229851666	-0.1913934716358125	0.06140949197435091	2.092872226518589	-0.0640262317456643	1.112571302663562	0.01039659724942422	0.01097838111393272	0.0112673011842401	0.01623033918200988	0.04045582000541864	0.03389335094868233	0.01150169966447484	0.011711901764623	0.02028485810261833	0.06961423863693494	0.01226698500838781	0.03864291081700435	0.01052259017580994	0.01073733975914585	0.011281725046711	0.01040133337646562	0.01020488961311689	0.06754243467571852	0.0001215805596352521	0.01028211457634469	0.01095572158891062	0.01111195444688489	0.01665597736955288	0.04335723171009496	0.03222157951086186	0.01148627143920395	0.01169691904646342	0.02074338438530147	0.06529131732934267	0.0121645016401459	0.0380801664796272	0.0104965381379687	0.01074437562353469	0.01149566091481289	0.01040992462897338	0.01021866071084374	0.0648608425817153
0.3114177544698009	-0.3459124894190742	0.2231741087615146	1.010965811190878	0.3859440503302746	-0.2034052253568974	0.2964254661883413	-0.01090910661125628	0.1028373524919445	0.1399879026662831	0.3389023567422381	0.1454958538423928	0.5594094474299455	0.1483181959648845	-0.7454836377331967	-1.843636578153117	-0.1943718659900268	0.05877503707881929	2.059230638823959	-0.07493674810363463	1.103663233021126	0.01038717786932496	0.01097659220725939	0.01125418792785982	0.0162705121825065	0.04068185192901131	0.03374998921195207	0.01150052637641315	0.01171076065509367	0.02031801294004804	0.06929742871536418	0.01225792633778725	0.03860608844037742	0.01052031594858716	0.01073800920337185	0.01130113847707795	0.01040233325888896	0.01020625117253903	0.06731282823869487	0.0001080512502456932	0.01028398996641454	0.01095782860694578	0.01110597742234032	0.01678468323318523	0.04338364123555069	0.03192348826745174	0.01148873637909496	0.01169925861706638	0.02064552810321883	0.06527105181109474	0.01215033203233262	0.03825744672716844	0.01049384035579044	0.01074642593343078	0.01153619019522651	0.01041675119115253	0.0102238537134396	0.06397896033962937
0.3126584626549395	-0.3457318248158363	0.2238671376131573	1.011148921686615	0.385021152566368	-0.2056783536632073	0.2961824414412041	-0.01083774588991908	0.1053712727383425	0.1398881648622249	0.3402662690888227	0.1457441859323655	0.5577451448605725	0.1468459778052344	-0.7422401265716527	-1.820614051739107	-0.1973861079267266	0.05628074867271732	2.025368211281054	-0.08583712510204418	1.094977541621019	0.01037869592890737	0.01097512626684598	0.01124166550211282	0.01631792924615864	0.04089229546056161	0.03359440210750995	0.011499654326392	0.01170990760168451	0.02034053844497445	0.06900212992338237	0.01224844501608667	0.03858594149874422	0.01051800655716281	0.01073879318426313	0.01132230020770568	0.01040381682944583	0.01020793093442526	0.06703519664505028	9.452194085613424e-05	0.01028586535648438	0.01095993562498094	0.01110000039779575	0.01691338909681758	0.04341005076100642	0.03162539702404162	0.01149120131898596	0.01170159818766933	0.02054767182113619	0.06525078629284682	0.01213616242451934	0.03843472697470968	0.01049114257361219	0.01074847624332688	0.01157671947564013	0.01042357775333167	0.01022904671603547	0.06309707809754345
0.3138991708400781	-0.3455508053528736	0.2245581169985948	1.011330182020831	0.3841021653566085	-0.2079229472749805	0.2959356502424079	-0.01076937817774626	0.1078630451496019	0.1397748673851646	0.3416194938170799	0.1460641672847284	0.5561055198344745	0.145336587851991	-0.7391775807839918	-1.79763425461312	-0.2004391280308941	0.05395559976875341	1.991289464975388	-0.09680106587714254	1.086392264049951	0.01037101929049896	0.01097399274117492	0.01122913591418751	0.01637878064240736	0.04109008455811384	0.03342688133504768	0.0114991284509283	0.01170943978931934	0.02034938668604159	0.0687195842666417	0.0122387672627015	0.03857415816778834	0.0105158151085184	0.0107397862911135	0.01134462615820283	0.01040574267507085	0.01020989037426692	0.06671671139902094	8.02867490136729e-05	0.01028647246927738	0.0109629134719955	0.01108095639841875	0.01720592058115863	0.043479490287287	0.03131048356677251	0.01149533999617633	0.01170683190006008	0.02035431234790537	0.06503610051925186	0.01212655080616177	0.03843451216534952	0.01049201597576828	0.01075300655479296	0.01160683297965219	0.01043038709700514	0.01023396062403728	0.06231394427715325
0.3151398790252168	-0.3453693596008821	0.2252470766466251	1.011509547459426	0.3831868813117248	-0.2101390371059453	0.2956850643664051	-0.0107037888219218	0.1103124002847462	0.1396479494639759	0.3429620457142643	0.1464313254180971	0.5544893620441577	0.1437914368042808	-0.7362706530714349	-1.774666416409857	-0.2035030258669349	0.05180208116256192	1.956992298254311	-0.1077930361949654	1.07777311337289	0.01036403022481188	0.01097320004761846	0.0112160662588811	0.01645858589521363	0.04127784665744039	0.03324768793769146	0.0114989887924807	0.01170944382459368	0.02034183377828434	0.06844185684753529	0.01222909472469791	0.03856327643393735	0.01051387800184195	0.01074107279363932	0.01136759598139624	0.01040807390276924	0.01021209517530513	0.06636385275722395	6.605155717121156e-05	0.01028707958207037	0.01096589131901007	0.01106191239904175	0.01749845206549969	0.04354892981356757	0.03099557010950341	0.0114994786733667	0.01171206561245083	0.02016095287467455	0.06482141474565693	0.01211693918780419	0.03843429735598937	0.01049288937792437	0.01075753686625905	0.01163694648366425	0.01043719644067862	0.01023887453203909	0.06153081045676306
0.3163805872103555	-0.3451874418627612	0.2259340450624285	1.011686974002526	0.3822751216108142	-0.2123266219883474	0.2954306849750687	-0.01064076671054684	0.1127190655987012	0.1395074021834533	0.3442938262127284	0.1468096396562686	0.552894985448343	0.1422110037062396	-0.7334776160388036	-1.751665778335679	-0.2065366495097051	0.04980959863603775	1.922471602630599	-0.1187267172003843	1.068985356351985	0.01035762123889414	0.01097274888954736	0.01120211143709245	0.01656251756165738	0.04145827567143246	0.03305754922707806	0.01149924879093708	0.01170995124575155	0.02031707002148105	0.06816237431288372	0.01221963790955034	0.0385466496058225	0.01051231419687203	0.01074271224297973	0.01139051732112008	0.01041069084698166	0.01021445435610427	0.0659886401205774	5.271177302693622e-05	0.01028650530322655	0.01096956753231153	0.01103356807957519	0.01795390132881478	0.04366670886258467	0.03067588287648734	0.0115047101886073	0.01171899527481155	0.01991508281437067	0.0644389222242754	0.01211236501141037	0.03826734736248519	0.01049710068036173	0.01076407115269642	0.01165184976760612	0.01044197131595726	0.01024211692806577	0.06100356728273632
0.3176212953954941	-0.3450050825097294	0.2266190472706168	1.011862417074967	0.3813668004567706	-0.2144856066819144	0.2951726001827364	-0.01058013864918288	0.1150827555934202	0.1393534380985234	0.3456145204300933	0.1471431671685162	0.5513198682079442	0.1405941141408948	-0.7307277351803071	-1.728563369243861	-0.2094760289108962	0.04794290568415212	1.887716827054758	-0.1294206757985371	1.059902206440612	0.01035169656501753	0.01097263989252544	0.01118696390959347	0.0166951828824116	0.04163378583594503	0.03285711757662324	0.01149992042123849	0.01171099015610967	0.02027436942557437	0.06787518463891921	0.01221058445678035	0.03851831161552351	0.01051122967001958	0.01074475769225984	0.01141277337999934	0.01041348690812934	0.01021688687404459	0.06560195581525248	3.937198888266087e-05	0.01028593102438273	0.01097324374561298	0.01100522376010864	0.01840935059212987	0.04378448791160177	0.03035619564347127	0.0115099417038479	0.01172592493717227	0.01966921275406678	0.06405642970289385	0.01210779083501654	0.03810039736898101	0.01050131198279909	0.01077060543913379	0.01166675305154798	0.01044674619123589	0.01024535932409246	0.06047632410870957
0.3188620035806328	-0.3448223622128815	0.2273021060407864	1.012035830796429	0.3804618964359986	-0.2166158339999499	0.2949109556283331	-0.01052176567643723	0.1174031749346819	0.1391864376058337	0.3469237104755875	0.1473690053954388	0.5497611906988612	0.1389389787809331	-0.7279397242193325	-1.705281746459451	-0.2122492413579622	0.04615676176649101	1.852715427902311	-0.1396617350190231	1.050405310847741	0.01034617995458707	0.01097286147730873	0.01117057704631283	0.01685931994671572	0.04180645586486526	0.03264761477197745	0.01150098323281759	0.01171252402841437	0.02021506575847291	0.06757688594110951	0.01220207838585806	0.03847464667117782	0.01051069264396201	0.01074722616468344	0.01143381700493029	0.0104163052745967	0.01021928085784332	0.06521667841972924	2.907006111762362e-05	0.01028451207996652	0.01097732856933491	0.01097338647837138	0.01898894790989923	0.0439453518078427	0.03004685581984353	0.01151550897586784	0.01173304638901996	0.01942003820213234	0.06356724874721771	0.01210746172523954	0.03781839501766075	0.01050810430831762	0.01077835695014867	0.0116672818699626	0.01044815069967964	0.01024608958358965	0.06027217316926909
0.3201027117657714	-0.3446394729959409	0.2279832391540482	1.012207165593895	0.3795605345096552	-0.2187170097602315	0.2946460242264131	-0.01046559649788778	0.1196800053134932	0.1390071752949369	0.3482208022448945	0.1474154348665934	0.5482157416019202	0.137242922659966	-0.7250179066177871	-1.681732729055876	-0.214774337120239	0.04439042015055956	1.81745217300668	-0.1491865001384147	1.040399984202211	0.01034100347794003	0.01097340332608479	0.01115290928424256	0.01705736104323493	0.04197814946214153	0.03243013750697409	0.0115024190008014	0.0117145203091673	0.02014034859210709	0.06726439785579397	0.01219424806565913	0.03841240712593642	0.01051076389281656	0.0107501328246551	0.01145316072589854	0.01041900625786438	0.01022153665724199	0.06484447287310986	1.876813335258633e-05	0.0102830931355503	0.01098141339305683	0.01094154919663413	0.0195685452276686	0.04410621570408363	0.0297375159962158	0.01152107624788779	0.01174016784086765	0.01917086365019789	0.06307806779154156	0.01210713261546254	0.03753639266634051	0.01051489663383614	0.01078610846116355	0.01166781068837722	0.01044955520812338	0.01024681984308684	0.06006802222982861
0.32134341995091	-0.3444566679112256	0.2286624616595484	1.012376369509251	0.3786629215793988	-0.2207887647644664	0.2943781486160524	-0.01041163312854109	0.1219129152986684	0.1388166511518555	0.3495051282946445	0.1472098920064834	0.5466802639203772	0.1355030846949807	-0.721864349186185	-1.657827167520232	-0.2169684388262342	0.04257905013315973	1.781911565933082	-0.1577279106113485	1.029804894598916	0.01033612273093759	0.01097423942306583	0.01113414755334317	0.01728841208213537	0.04215008463678284	0.03220634787071104	0.01150418209251681	0.01171689832812715	0.02005283150368531	0.06693786143910732	0.01218713950990697	0.03833155285355177	0.01051144495098769	0.01075344851715164	0.01147059454385184	0.01042145360354396	0.01022356583214684	0.06449541413152006	1.394692912093333e-05	0.01028129848287912	0.01098551933255309	0.01091160679136708	0.02019542291966965	0.04429622267443024	0.02945409360943035	0.01152630160889261	0.01174629003659012	0.01895463084314275	0.06256498788482702	0.01210925260645411	0.03721639203263304	0.01052294197224615	0.01079404272885771	0.01165992812083801	0.01044748497903493	0.01024517169850384	0.06015896038497558
0.3225841281360487	-0.3442743164901046	0.2293397833491695	1.012543385882826	0.3777694235108143	-0.2228305868677867	0.2941078043828889	-0.01035998666498576	0.1241015489085311	0.1386163003687339	0.3507759105567216	0.1466841199306383	0.5451516587331691	0.1337166419303213	-0.7183848013338328	-1.633481392264392	-0.2187536945664116	0.04065560486995141	1.746079422243215	-0.1650268699052993	1.018567630730832	0.01033149815454775	0.01097534658826678	0.01111445843597951	0.01755166831467913	0.04232335370121555	0.03197773823918698	0.0115062318440213	0.01171958619522562	0.01995484943653866	0.06659740375865116	0.01218079372555204	0.03823204515778163	0.01051273718185917	0.01075714726695804	0.0114859313235945	0.01042352593452831	0.01022528960299137	0.06417862016264449	9.125724889280307e-06	0.01027950383020794	0.01098962527204934	0.01088166438610003	0.0208223006116707	0.04448622964477685	0.02917067122264491	0.01153152696989744	0.01175241223231259	0.0187383980360876	0.06205190797811249	0.01211137259744569	0.03689639139892557	0.01053098731065616	0.01080197699655187	0.0116520455532988	0.01044541474994648	0.01024352355392084	0.06024989854012257
0.3238248363211874	-0.3440928437196705	0.2300152114896189	1.012708155737988	0.3768804831888236	-0.2248418959919022	0.293835530341427	-0.01031082390079857	0.1262455387407657	0.1384077678742975	0.3520323335244639	0.145775216331475	0.5436270456670322	0.1318810257542366	-0.7144914418315675	-1.608618482808923	-0.2200584226173406	0.03855575897411961	1.709943331899888	-0.1708484279476679	1.006648519719482	0.01032711184376504	0.01097668468753806	0.01109414992696557	0.01784254209588213	0.04249825058118141	0.03174626439290104	0.01150851328203131	0.01172249861020257	0.01984906856171867	0.06624631880718267	0.01217515208791838	0.03811703872944256	0.01051456534548426	0.01076115685026392	0.01149933667635552	0.01042515171819819	0.01022667275763369	0.06389896058427511	1.189059839472695e-05	0.01027779564391615	0.01099331779520332	0.0108572061386056	0.02140401277067042	0.04468646576918164	0.02892667002372686	0.01153601514369796	0.01175711957902251	0.01856624331905702	0.06160022037865404	0.0121136172111419	0.0366193044491726	0.01053846560518111	0.01080895883594181	0.01164391119031197	0.01044089339672754	0.01024042759606869	0.06053383428228223
0.325065544506326	-0.3439127653870502	0.2306887491318849	1.0128706165776	0.3759966719765762	-0.2268220014861794	0.2935619686434032	-0.01026440895271567	0.1283445013231971	0.1381930373732797	0.3532735348259203	0.1444363076647984	0.5421042083543107	0.1299945485493119	-0.7101167636885799	-1.583181679408819	-0.2208293715707484	0.03622617559057435	1.673496276926472	-0.1750179592134779	0.9940305743062758	0.01032294784707069	0.01097821796241371	0.01107349650640704	0.01815694378167544	0.04267503900302946	0.03151368253545172	0.01151097741999726	0.01172555955827001	0.01973787216028134	0.06588758918452793	0.01217016233615324	0.03798936531039502	0.01051686241227782	0.0107654129233737	0.0115109581129769	0.01042626723024417	0.01022768392903007	0.06366082985941113	1.465547190017359e-05	0.01027608745762436	0.0109970103183573	0.01083274789111117	0.02198572492967013	0.04488670189358642	0.02868266882480881	0.01154050331749848	0.01176182692573243	0.01839408860202643	0.06114853277919559	0.0121158618248381	0.03634221749941962	0.01054594389970606	0.01081594067533175	0.01163577682732514	0.01043637204350859	0.01023733163821655	0.06081777002444189
0.3263062526914647	-0.3437346326426288	0.2313603976355693	1.013030704698731	0.3751186127211791	-0.2287701700391114	0.2932878015703217	-0.01022104755173511	0.1303980485320444	0.1379742223254246	0.3544986425669727	0.1426308077122861	0.5405813630212869	0.12805613474539	-0.7052067585448638	-1.557127166444582	-0.2210250973133832	0.0336219431617435	1.636734783919421	-0.1774040463273686	0.9807044808495636	0.01031900604546647	0.01097989561230062	0.0110528296817289	0.01848770196592192	0.04285315349687909	0.03128203746822768	0.01151357507407686	0.01172871306885213	0.01962303590968122	0.06552703778403017	0.01216568037070816	0.03785445236258457	0.01051948270966638	0.01076981237483418	0.01152124912394179	0.01042687632214642	0.01022834240824727	0.0634631960026477	2.306283430429105e-05	0.01027482090445572	0.01099988366421274	0.01081549599065902	0.02244201733580134	0.04507631258448714	0.0284875447657295	0.01154418438743636	0.01176549634168645	0.01825436640047083	0.06083822127907195	0.01211596874680471	0.03617750695042733	0.01055089548640926	0.01082096179366473	0.01163488235158379	0.01043092161506653	0.01023395013676564	0.06115545990630079
0.3275469608766033	-0.3435590371256912	0.2320301562551192	1.01318835585213	0.3742469909779771	-0.230685621061684	0.2930137569842041	-0.01018110278158977	0.1324057934585224	0.1377535782118964	0.3557067773748133	0.1403463511888842	0.5390577483008203	0.1260661993536769	-0.6997396201245603	-1.530441600577877	-0.2206319366055547	0.03071863416299197	1.599663795226835	-0.177966403650105	0.9666705099492771	0.01031528633222603	0.01098167237578941	0.01103244488644806	0.01882843270181354	0.04303208703215215	0.03105316507697953	0.0115162624171217	0.0117319092645469	0.01950614744953356	0.06516993779631619	0.01216157774932341	0.03771717546056136	0.01052229646654214	0.01077426334455354	0.01153061374866437	0.01042698242233116	0.01022866537795494	0.06330511092523436	3.14701967084085e-05	0.01027355435128708	0.01100275701006819	0.01079824409020688	0.02289830974193255	0.04526592327538786	0.02829242070665019	0.01154786545737424	0.01176916575764047	0.01811464419891523	0.06052790977894831	0.01211607566877132	0.03601279640143504	0.01055584707311246	0.01082598291199771	0.01163398787584244	0.01042547118662446	0.01023056863531473	0.06149314978815969
0.3287876690617419	-0.3433865756234248	0.2326980238298792	1.013343506445082	0.3733825035658203	-0.2325675693194675	0.2927405682221083	-0.01014495351086733	0.1343673550494948	0.1375333740196367	0.3568970619263421	0.1375838705269841	0.5375331647989373	0.1240259965425727	-0.6937114131926341	-1.503128338735353	-0.2196514737371205	0.02750347957243437	1.562292837681766	-0.1767131672593584	0.9519303248837239	0.01031179715150144	0.0109834931267802	0.01101263726971503	0.0191710061752349	0.04321042452479311	0.03082900255530962	0.01151900340982494	0.01173513174295164	0.01938791136083904	0.06482390012779413	0.01215766515305425	0.03758433539803491	0.01052511919998161	0.01077865246804591	0.01153966325464807	0.01042664679670468	0.01022870836818043	0.06318057865573901	3.770356313752729e-05	0.01027293256504884	0.01100451603385879	0.01078858353027216	0.02317788471944808	0.04542095582033806	0.02815104799549717	0.01155086675546117	0.01177252937013415	0.01798797600868584	0.06042822093552566	0.01211242059865708	0.03601553739966427	0.01055679786749885	0.01082840917865387	0.01164581266393477	0.01042047158097154	0.01022783590230712	0.06174875715670777
0.3300283772468806	-0.3432178199830029	0.2333639998573445	1.0134960964632	0.372525822228934	-0.2344152644662799	0.2924689391777351	-0.01011297957368191	0.1362823760002077	0.1373157882138034	0.3580686195845143	0.1343725837534061	0.5360086075389724	0.121938598184525	-0.687156385717489	-1.475226201455203	-0.2181177190977625	0.02398808031046538	1.524641095744803	-0.1737456390418446	0.9364830905178803	0.01030854602492844	0.01098530875023913	0.01099366985271479	0.01950818723891715	0.04338689666841745	0.03061128855003566	0.01152176593818268	0.01173836588755283	0.0192689576576966	0.06449581488277399	0.01215377383973695	0.03746204175858463	0.01052778656667433	0.01078287875091736	0.01154894229461202	0.01042592402099541	0.01022852084313268	0.06308417034930121	4.39369295666461e-05	0.01027231077881061	0.01100627505764939	0.01077892297033744	0.02345745969696362	0.04557598836528826	0.02800967528434414	0.01155386805354811	0.01177589298262782	0.01786130781845644	0.06032853209210301	0.01210876552854285	0.0360182783978935	0.01055774866188524	0.01083083544531004	0.0116576374520271	0.01041547197531862	0.01022510316929951	0.06200436452525583
0.3312690854320193	-0.343053312026575	0.2340280849053874	1.013646068808503	0.371677582466135	-0.2362279956104506	0.2921995388981571	-0.01008554607176026	0.1381505168740808	0.1371028966081545	0.359220572441343	0.1307553540983624	0.5344856463883501	0.11980796027928	-0.680127314661729	-1.446791076570003	-0.2160803264437845	0.02019589137928336	1.486732326759115	-0.1692048321326901	0.9203254140242917	0.01030554196471364	0.01098706765768334	0.01097577218500529	0.01983248970818996	0.04355993332329211	0.03040170205895744	0.01152452524428257	0.01174161951626022	0.01914942116096987	0.06419306212734574	0.01214971976869831	0.03735755920401013	0.01053012708794298	0.01078684293726088	0.01155910434580924	0.01042490381185264	0.01022817247913224	0.06300704453839522	4.322940823530175e-05	0.01027237920140072	0.0110067954690869	0.01077640561590218	0.02354402080290802	0.04568698970887205	0.02792279125861707	0.01155632221424848	0.01177946652673128	0.01773649243176659	0.06046123492458581	0.01210075883306181	0.03622564442169806	0.01055431009947502	0.01083057371340098	0.01168550221954933	0.01041183145873103	0.01022356544787989	0.06207982466298087
0.3325097936171579	-0.3428935009803971	0.2346902830501825	1.013793374352184	0.3708383029125662	-0.2380051713682143	0.2919329294254339	-0.01006296101934039	0.1399714846550967	0.1368964841712668	0.3603520310922566	0.1268012639720451	0.5329669529085566	0.1176397613519093	-0.6727127076779954	-1.41791155786258	-0.2136190078543837	0.01617247499114153	1.448598894941547	-0.1633013596245157	0.9034467886660305	0.01030279299842295	0.01098872388587666	0.01095914881214716	0.02013724710388852	0.04372812562253488	0.03020174907897865	0.01152725926686476	0.01174489959634788	0.01902942242555181	0.06392231588944992	0.01214533890408384	0.03727740990396022	0.01053198800340378	0.01079045660056569	0.0115707316711151	0.01042366609152177	0.0102277253424624	0.06294121198299663	4.252188690395741e-05	0.01027244762399084	0.01100731588052441	0.01077388826146692	0.02363058190885242	0.04579799105245585	0.02783590723288999	0.01155877637494886	0.01178304007083474	0.01761167704507674	0.06059393775706859	0.01209275213758077	0.03643301044550262	0.01055087153706481	0.01083031198149192	0.01171336698707155	0.01040819094214345	0.01022202772646027	0.0621552848007059
0.3337505018022965	-0.3427387735877612	0.2353506008020532	1.013937969011834	0.3700084217123264	-0.2397462803001659	0.2916696007443548	-0.01004549020300312	0.1417450148513013	0.136698148770249	0.3614620960113656	0.1225901121084667	0.5314556472295942	0.1154403845824712	-0.6650157701709896	-1.38868959089748	-0.2108257616129927	0.01197241440436525	1.410276667052848	-0.1562671666386236	0.8858340900022442	0.01030030261934318	0.01099023654839667	0.01094395014428905	0.02041701529083189	0.04389164118070082	0.0300127119262537	0.01152994838612733	0.01174821268768857	0.01890915788325105	0.06368881773219534	0.01214049859195144	0.03722751154023107	0.01053326007931529	0.01079365500592165	0.01158442666437843	0.01042230247866513	0.01022724578967979	0.06287755497689614	3.897105154285319e-05	0.01027310915074049	0.01100665736370528	0.01077749666729567	0.02354451478659935	0.04590347013427999	0.02779987543472166	0.01156071222987782	0.0117868231150588	0.01749071345974391	0.06092924965748518	0.01208092499077536	0.03683829668185271	0.01054387549878829	0.01082780833212656	0.01175852844601307	0.01040629401164158	0.01022186960006962	0.06201000255980145
0.3349912099874352	-0.3425893701728586	0.2360090504332798	1.01407982022538	0.3691881863533698	-0.2414509975267729	0.2914098741255913	-0.01003329730943497	0.1434709069779963	0.1365090795786307	0.3625498428610236	0.1182191175811939	0.5299555753149751	0.1132173746600769	-0.6571637962973872	-1.359248777411132	-0.2078125614779921	0.007664563312784298	1.371807160088995	-0.1483644119639766	0.8674704461534939	0.0102980739385599	0.01099156921681666	0.01093031018846824	0.02066693822519403	0.04405063011122862	0.02983573968622038	0.01153257511922741	0.01175156463646087	0.01878880315332153	0.06349729701218042	0.01213508059633637	0.03721316883693289	0.01053384600205209	0.01079638047954409	0.01160072603438803	0.01042089459096024	0.01022679293026002	0.06280784068169359	3.542021618174897e-05	0.01027377067749014	0.01100599884688615	0.01078110507312443	0.02345844766434627	0.04600894921610413	0.02776384363655332	0.01156264808480678	0.01179060615928285	0.01736974987441108	0.06126456155790175	0.01206909784396995	0.0372435829182028	0.01053687946051176	0.0108253046827612	0.01180368990495459	0.01040439708113972	0.01022171147367897	0.06186472031889699
0.3362319181725738	-0.342445447193661	0.2366656475409153	1.014218901900157	0.3683777342635272	-0.2431191046955321	0.2911539742633981	-0.01002648627978157	0.1451489960065756	0.1363302447296336	0.3636143326674606	0.113790587889744	0.5284707895657673	0.1109786156106626	-0.6492911817876957	-1.329718997332932	-0.2046972234219231	0.003321672461061773	1.333233449644992	-0.1398547039025698	0.8483391176604168	0.01029610104620445	0.01099269601572097	0.01091829213884593	0.0208845955830383	0.04420645889912752	0.0296716085956502	0.01153512175976603	0.01175494633641242	0.01866885743492214	0.06335025919076277	0.01212903216749993	0.03723608215028661	0.0105337212639533	0.01079861254504816	0.01162009090319393	0.01041951638139913	0.01022641781170482	0.06272495594404744	4.224011025320247e-05	0.01027481500995538	0.01100436417761985	0.0107893314216504	0.02325236614068222	0.04614032612636326	0.02777087304489377	0.01156403700053982	0.01179424975196491	0.01726071508022434	0.06174927695633349	0.01205485657418375	0.0377627848309159	0.01052792811683912	0.01082136761498704	0.01186506278556318	0.0104041700988049	0.01022282000434114	0.0615177041405059
0.3374726263577125	-0.3423069882366484	0.2373204145602572	1.014355201238266	0.3675769752805446	-0.2447506026687683	0.2909019267656037	-0.01002503835878268	0.1467791890716232	0.1361621899996566	0.3646546015443842	0.1094112143954776	0.5270055049126355	0.1087322965653225	-0.641538683735513	-1.30023539804621	-0.2016026237607807	-0.0009806707449898106	1.294599704544339	-0.1309870576018002	0.8284267263343034	0.01029437867687583	0.01099359389058629	0.01090795227562996	0.02106781890070974	0.04436035386444146	0.02952101298868402	0.01153757252970311	0.01175834967276216	0.01854976699465392	0.06324995216038531	0.01212230628684254	0.03729776525477724	0.01053286402743994	0.01080033295742115	0.01164293204834768	0.01041823373049411	0.01022616590634201	0.06262247705668832	4.906000432465596e-05	0.01027585934242062	0.01100272950835355	0.01079755777017637	0.02304628461701816	0.04627170303662237	0.02777790245323423	0.01156542591627286	0.01179789334464697	0.01715168028603761	0.06223399235476523	0.01204061530439755	0.038281986743629	0.01051897677316648	0.01081743054721287	0.01192643566617177	0.01040394311647008	0.01022392853500332	0.06117068796211482
0.3387133345428511	-0.3421738878452296	0.2379733774408613	1.014488712270019	0.3667857016729535	-0.2463456050393165	0.2906536546835204	-0.01002887186612022	0.1483614300189977	0.1360052598819224	0.3656696752931645	0.1051863946956009	0.5255638669295288	0.1064865251999437	-0.6340454337278583	-1.270931364551148	-0.1986501836368754	-0.005168614001991689	1.255949343442426	-0.1219905185824792	0.8077228418073599	0.01029289016054245	0.01099425239554379	0.01089926198449957	0.0212173220890756	0.04451298358254472	0.02938425552814181	0.0115399151980958	0.01176175839266133	0.01843203064381897	0.06319542445645195	0.01211493460257844	0.03739574373956086	0.01053132466776312	0.01080156268692069	0.01166946727453947	0.01041709025449477	0.01022606478643726	0.06249689785087344	5.459767794894781e-05	0.01027700837503915	0.01100038821965489	0.01080845602959393	0.02278756330672045	0.04641631299790325	0.02781916217162698	0.01156633141982144	0.01180119245998656	0.01705642932818966	0.06278583138130304	0.01202577558766006	0.03881643240207974	0.01050975868326262	0.01081296910996039	0.01199996840731171	0.01040494434901914	0.01022593880970242	0.06069131088188964
0.3399540427279898	-0.342045873214791	0.2386245686718261	1.014619441983774	0.3660034848099237	-0.2479044370244259	0.2904088881971872	-0.01003778957336428	0.1498957315223494	0.1358594589567091	0.3666585689624071	0.1012130523185274	0.5241496362493784	0.104248859915119	-0.62693936405988	-1.241929362558538	-0.1959516602375518	-0.009176313613980039	1.217322159764853	-0.1130469920263723	0.7862248954637734	0.0102916206466737	0.01099466222305238	0.01089219573841522	0.02133372986342273	0.04466494817992642	0.02926160545049288	0.0115421388657879	0.01176515801232325	0.01831609422165335	0.0631857991721633	0.01210694532113655	0.03752778805282966	0.01052914805839391	0.01080232041376822	0.01169989052721253	0.01041612480834901	0.01022613901270584	0.06234504819699823	6.013535157323967e-05	0.01027815740765768	0.01099804693095622	0.01081935428901149	0.02252884199642274	0.04656092295918415	0.02786042189001972	0.01156723692337002	0.01180449157532616	0.01696117837034173	0.06333767040784087	0.01201093587092257	0.03935087806053047	0.01050054059335876	0.01080850767270792	0.01207350114845165	0.01040594558156819	0.01022794908440152	0.06021193380166447
0.3411947509131285	-0.3419225931563071	0.2392740237709776	1.014747403503263	0.3652297926275173	-0.2494275228369917	0.2901672670804745	-0.01005154160493886	0.1513821384076203	0.1357246526916057	0.3676202970583554	0.09758225096740364	0.5227663145281031	0.1020264724652459	-0.6203404858373721	-1.213344406988326	-0.1936121183720908	-0.01294386214915891	1.178755697052683	-0.1043060980889863	0.7639331831562953	0.01029054402999503	0.01099482557350508	0.01088663626584598	0.02142002156942331	0.04481764143409709	0.02915303144689183	0.01154424480490025	0.01176855043556159	0.01820181008857255	0.06321785485155437	0.01209843736248437	0.03769083738766486	0.01052643074874728	0.01080265687602193	0.01173407955866924	0.01041534501831404	0.01022638810611246	0.06216763748435378	4.461587139808637e-05	0.01027912384281778	0.0109952606511253	0.01083070676624084	0.02227587796662961	0.04673997269307707	0.02792880360455188	0.01156793466760072	0.01180781778118992	0.01686591424197796	0.06389310611794248	0.01199722345044777	0.03987668113410593	0.01049234461093602	0.01080430973536929	0.01215191375893523	0.0104074841794782	0.01023029866739247	0.05969950383018451
0.3424354590982671	-0.3418035579528808	0.2399217835283792	1.01487262101465	0.3644639109217632	-0.2509154616788805	0.2899282711742546	-0.01006979072799027	0.1528207532640198	0.1356005140673119	0.3685538778965801	0.09437040534960704	0.5214167741786084	0.09982556543241766	-0.6143489928854365	-1.185273042445917	-0.1917198501605628	-0.01642555321010243	1.140282247158196	-0.09585093156581789	0.7408520144937677	0.01028963705525624	0.01099474440676381	0.01088247905188766	0.0214788470093481	0.04497231457374257	0.02905850330289889	0.01154623414863546	0.01177193735845636	0.01808904619974633	0.06328866988863603	0.0120894988955704	0.03788214123601986	0.01052325875013479	0.01080261727555664	0.01177192535823054	0.01041475767778282	0.01022681163966465	0.0619653021543684	2.909639122293307e-05	0.01028009027797788	0.01099247437129437	0.01084205924347019	0.02202291393683649	0.04691902242696998	0.02799718531908403	0.01156863241183143	0.01181114398705368	0.0167706501136142	0.0644485418280441	0.01198351102997298	0.0404024842076814	0.01048414862851328	0.01080011179803067	0.0122303263694188	0.0104090227773882	0.01023264825038342	0.05918707385870455
0.3436761672834057	-0.3416882177641433	0.2405678909777897	1.01499512363087	0.3637050467941237	-0.2523689287242346	0.2896913108191471	-0.01009216496357625	0.154211704291845	0.1354866616893325	0.3694583340860125	0.09164571387208914	0.5201035417458167	0.09765179675880226	-0.6090539140927715	-1.157801536311618	-0.1903537254293808	-0.01958362569678061	1.101931330455474	-0.08773010057073317	0.7169851473883916	0.01028886786398058	0.01099442947586793	0.01087953525805776	0.02151404748445083	0.04512962368570821	0.02897773050955955	0.01154812731853971	0.01177536048488221	0.01797648730003954	0.06339303260789803	0.01208026594995868	0.03809847032491046	0.01051974424533402	0.01080226749878137	0.01181293439546562	0.01041433758288177	0.01022738236713814	0.06174226359348173	-2.37230463806305e-06	0.01028063866046054	0.01098945508625989	0.01085171985720972	0.02180844422050018	0.04711891672996867	0.02808619591242803	0.0115695837757856	0.01181545391412836	0.01664655014022932	0.06494271039977415	0.01197218568357483	0.04090390334158124	0.01047771168631384	0.01079672983868674	0.01230430212154138	0.0104103469507722	0.01023469915092363	0.05873794300125144
0.3449168754685444	-0.3415759245775935	0.2412123927251618	1.015114948849897	0.3629522799655897	-0.2537887236411214	0.2894556826973515	-0.010118243424786	0.1555551638004404	0.1353826880364834	0.3703326901200145	0.08945866836412268	0.5188284094809565	0.09550964599634909	-0.6045202237010668	-1.130994134595837	-0.1895722875129408	-0.02239671100088271	1.063726754634928	-0.07992658467391252	0.6923311009578981	0.01028820807623356	0.01099389036096415	0.01087763661666751	0.02152904795620769	0.04529015767637742	0.02891045077082611	0.01154994251186457	0.01177885697844255	0.01786295786598653	0.06352623362742345	0.01207085977309636	0.03833692739261686	0.01051598717550016	0.0108016662448543	0.01185666695299061	0.01041406228082828	0.01022807601800833	0.06150233408896898	-3.384100049905916e-05	0.0102811870429432	0.01098643580122542	0.01086138047094925	0.02159397450416388	0.04731881103296737	0.02817520650577202	0.01157053513973977	0.01181976384120304	0.01652245016684445	0.0654368789715042	0.01196086033717668	0.04140532247548109	0.0104712747441144	0.01079334787934282	0.01237827787366395	0.01041167112415619	0.01023675005146385	0.05828881214379833
0.346157583653683	-0.3414659924109305	0.2418553367022392	1.015232137624207	0.3622046415520704	-0.2551756945212896	0.2892206394255113	-0.01014759099505253	0.1568513225696229	0.1352882127235662	0.371175968130156	0.08784880155175165	0.5175927255272729	0.09340286686806315	-0.6007982772868324	-1.10490154522251	-0.1894214741637273	-0.02485182945496527	1.025688919227486	-0.07239686572648985	0.6668842742841714	0.01028762545348152	0.01099314277721993	0.01087655763399788	0.02152778335659487	0.04545240927420956	0.02885600041942801	0.01155171575547686	0.01178250499149403	0.01774622180092731	0.0636787426391926	0.01206142016661251	0.03859214314240432	0.01051209180648592	0.01080088068465879	0.01190235511074097	0.01041388619241558	0.0102288479040038	0.06125157681063678	-6.378120590251367e-05	0.01028118787875902	0.0109833423432979	0.01086776327078118	0.02143507764842789	0.04748645687557789	0.02827455329976029	0.01157218945879833	0.01182608482265364	0.01634231350849358	0.06573479421759017	0.0119525260996909	0.04181577442032618	0.0104668326610855	0.0107910616569327	0.01243939778756082	0.01041220108830431	0.01023798468162448	0.05796779730756606
0.3473982918388217	-0.3413576904456528	0.2424967722470653	1.015346735744937	0.3614611065410514	-0.2565307480572334	0.2889853812925177	-0.01017976484290663	0.1581003988945957	0.135202964851389	0.3719871721208197	0.086830788835493	0.5163968420176572	0.09133355564265394	-0.5979055801356997	-1.079543910070113	-0.1899186131904819	-0.02695263251020997	0.9878306912632616	-0.06505209577514948	0.6406283508862413	0.01028709127745924	0.01099220072608028	0.01087609739641775	0.02151376694268042	0.04561502423187438	0.02881378325354963	0.01155347915271526	0.01178637416856418	0.01762428069757507	0.06384196491087141	0.01205207174004448	0.03885930822782613	0.0105081510274839	0.01079997066262527	0.01194931478794353	0.01041376871412383	0.01022965821784035	0.06099547192823129	-9.372141130596817e-05	0.01028118871457484	0.01098024888537039	0.0108741460706131	0.0212761807926919	0.04765410271818842	0.02837390009374856	0.01157384377785689	0.01183240580410424	0.01616217685014272	0.06603270946367611	0.01194419186220513	0.04222622636517127	0.01046239057805659	0.01078877543452258	0.01250051770145769	0.01041273105245242	0.01023921931178511	0.0576467824713338
0.3486390000239603	-0.341250280926036	0.2431367487815959	1.015458790391688	0.3607206423148785	-0.2578548012050691	0.2887491002463909	-0.01021432869802721	0.1593026201347554	0.135126755154681	0.3727652904435633	0.08640813435402456	0.5152406586166344	0.08930306318375621	-0.5958446897592375	-1.054927553198828	-0.191068180475477	-0.0287105233443835	0.9501613855777322	-0.0577897921408929	0.6135425698055842	0.01028657878920184	0.01099108285536007	0.01087604059467821	0.02149212595178425	0.0457773197603597	0.02878258699884729	0.01155526920516433	0.01179054151196157	0.01749531204593269	0.0640117480597525	0.01204292969925281	0.03913062379699846	0.01050424595459816	0.01079899288118191	0.01199671774939576	0.01041366162551213	0.01023046021091649	0.06073995006803724	-7.208978911469002e-05	0.01028065035413197	0.01097721052111156	0.01087664109226594	0.02121692754553833	0.04780496216132923	0.02846752922952585	0.01157634868326756	0.01184100623949984	0.015927656598681	0.06624135912471325	0.01193878981068818	0.04246316407057422	0.01045978691178821	0.0107875898114235	0.01254442434597393	0.01041223164645176	0.01023941969781027	0.05747286952261819
0.349879708209099	-0.3411430362148048	0.2437753148995171	1.015568349904781	0.3599822336660723	-0.259148761548779	0.2885109990891543	-0.0102508762338775	0.1604582237026004	0.1350595813582608	0.3735092707994907	0.08656510201536634	0.5141232743408842	0.08731144199752447	-0.5945920014405676	-1.031034821153091	-0.192852579068308	-0.03015029988324173	0.9126838417095599	-0.05048636951118209	0.5855985447561786	0.01028606415176164	0.01098980577958993	0.01087619539729467	0.02146744176148272	0.04593868238660725	0.02876132466180851	0.01155711843938573	0.01179507564125601	0.0173576868099165	0.06418434913225551	0.01203409672901097	0.03939910706942856	0.01050044885312005	0.0107979978584176	0.01204382620836505	0.01041352197033888	0.01023121224072502	0.06049037231252168	-5.045816692341188e-05	0.01028011199368909	0.01097417215685274	0.01087913611391878	0.02115767429838475	0.04795582160447004	0.02856115836530313	0.01157885358867823	0.01184960667489544	0.01569313634721927	0.06645000878575039	0.01193338775917123	0.04270010177597718	0.01045718324551982	0.01078640418832442	0.01258833099049017	0.01041173224045109	0.01023962008383542	0.05729895657390258
0.3511204163942376	-0.3410352456628635	0.2444125182833712	1.015675462401768	0.359244890291163	-0.2604135171128902	0.288270299732558	-0.01028902427425055	0.1615674480098999	0.135001545982033	0.3742180360472943	0.0872761080005328	0.5130433794131503	0.08535808058152286	-0.5941108831256409	-1.00783577203462	-0.1952429154870914	-0.03130167540125781	0.8753975911820717	-0.04302099944872666	0.5567694007075235	0.0102855306343506	0.01098839082317042	0.01087639780697624	0.02144491537937772	0.0461019379692032	0.02874843427979724	0.01155904176786037	0.01179999061373519	0.01721174633042039	0.06435530901954319	0.01202564582391896	0.0396565851712728	0.0104968096872722	0.01079702324042453	0.01208998214796392	0.0104133144307003	0.01023188012359375	0.06025036581973379	-1.148940031910409e-06	0.01027917162921497	0.01097132314037488	0.01087815063862754	0.02121926434445718	0.04817757088301065	0.02863586111330103	0.01158183245760638	0.01185927651683856	0.01544975382472799	0.06654513507369633	0.01193034563991598	0.04272354883180241	0.0104559837371022	0.01078608004052895	0.0126159384289626	0.01041032791144113	0.01023890806664617	0.05723296210069109
0.3523611245793763	-0.3409262576649769	0.2450484037613477	1.015780173847134	0.3585077041941306	-0.2616498855574129	0.2880262910853364	-0.01032844502720816	0.1626305251882848	0.1349529391809119	0.3748904741863888	0.08849535248130097	0.5119988327119699	0.08344098738689659	-0.5943384576141434	-0.9852752773784205	-0.198187084302463	-0.03220189583120399	0.8382955094921744	-0.03528766296070138	0.5270398687681288	0.0102849633331538	0.01098685698556896	0.01087650171132735	0.0214291946749308	0.04626962445946873	0.02874251642169423	0.01156105247922253	0.01180529895627008	0.01705779533187567	0.06452060847054335	0.01201764204266844	0.03989573767790953	0.01049337296898733	0.01079610256733328	0.01213459937451546	0.0104130075442898	0.0102324334094326	0.06002320781874278	4.816028685959107e-05	0.01027823126474085	0.01096847412389702	0.01087716516333629	0.02128085439052961	0.04839932016155124	0.02871056386129893	0.01158481132653453	0.01186894635878168	0.0152063713022367	0.06664026136164228	0.01192730352066074	0.04274699588762765	0.01045478422868459	0.01078575589273348	0.01264354586743502	0.01040892358243117	0.01023819604945691	0.0571669676274796
0.3536018327645149	-0.3408154623520179	0.2456830142303901	1.015882528292825	0.3577698243841122	-0.2628586341275421	0.2877783095710479	-0.0103688428134434	0.163647680172639	0.1349141352696361	0.3755254631893709	0.09017218997948008	0.5109872868597178	0.08155781650258913	-0.5952057468168839	-0.9632919004658789	-0.2016274446833068	-0.03288871148432487	0.8013681580767585	-0.02719187089442031	0.496406142046632	0.01028435710203802	0.01098522918451742	0.0108764113644058	0.021422394386576	0.04644221580306895	0.02874189504171966	0.01156312636264564	0.01181089663836156	0.01689909779478281	0.06467785316938615	0.01201011247925324	0.04011835712751926	0.01049015653331829	0.01079525089756805	0.01217731874049656	0.01041258603177497	0.01023285742101327	0.05981096150819042	5.766094299607428e-05	0.01027710100792815	0.01096598065728635	0.01087370362813473	0.02140765225551903	0.0486422268222652	0.02875762234668906	0.01158738777815716	0.01187692176861628	0.01502601649985403	0.06665985203873903	0.01192580166106617	0.04277865744243491	0.01045441364960676	0.01078589800161511	0.01265948825519112	0.01040695725331989	0.01023690597874567	0.05718089474579163
0.3548425409496536	-0.3407023355569126	0.2463163886164403	1.015982565718533	0.3570305158874761	-0.2640404252673641	0.2875257891419153	-0.0104099818586701	0.1646191195555727	0.1348856427434334	0.3761219014242415	0.09225365188059467	0.5100062882786076	0.07970599044937472	-0.5966414636168746	-0.9418203729775283	-0.2055037249563868	-0.03339679695978654	0.7646027992940914	-0.01866589057337764	0.4648966877073068	0.01028370735680941	0.010983529621235	0.01087604146179451	0.02142640383883035	0.04662013788809218	0.02874506920818315	0.01156524184403567	0.01181669095571796	0.0167385711895245	0.06482488394305212	0.01200308127936016	0.04032604623382108	0.01048717626846909	0.01079448164706932	0.01221782023832089	0.01041203628172998	0.01023313908399518	0.05961548881316642	6.716159913255752e-05	0.01027597075111546	0.01096348719067567	0.01087024209293317	0.02153445012050845	0.04888513348297916	0.02880468083207919	0.01158996422977978	0.01188489717845088	0.01484566169747136	0.06667944271583578	0.01192429980147159	0.04281031899724217	0.01045404307052894	0.01078604011049675	0.01267543064294721	0.0104049909242086	0.01023561590803442	0.05719482186410364
0.3560832491347922	-0.340586397334904	0.2469485637969124	1.016080323928272	0.3562891030739058	-0.2651958667224141	0.2872682140665114	-0.01045165435256448	0.1655450387088799	0.1348680202003	0.3766787176772191	0.0946875278643653	0.5090533989388265	0.07788294076827938	-0.5985756793175055	-0.9207956151619658	-0.2097565658257557	-0.03375820922176607	0.7279848370169818	-0.009657064837948174	0.4325611380767427	0.01028301839078805	0.01098178788207479	0.0108753514805036	0.02144141773959407	0.04679785205466268	0.02875004747200895	0.01156733586432121	0.01182245402045746	0.01658173130345042	0.06496002506639537	0.01199653905921733	0.04052287921600228	0.01048442488696552	0.01079379129217156	0.01225602706129333	0.01041136226051353	0.01023328189376317	0.05943745922042159	4.360396700244684e-05	0.01027485552639053	0.01096155466498921	0.01086525691413366	0.02168762480180015	0.04899606724376099	0.02880993427009944	0.01159112037793661	0.01188782944926595	0.01479482936579481	0.06663350819641133	0.01192357005881876	0.04291535436480969	0.010453971393732	0.01078626318069484	0.01268508654381093	0.01040286244464717	0.01023412420740008	0.0572594813682693
0.3573239573199308	-0.3404672502403862	0.2475795727324722	1.016175836665677	0.3555450203726312	-0.2663254617396247	0.2870051622559145	-0.01049370004432449	0.1664256054629618	0.1348618887099888	0.3771949645730879	0.09742628726196838	0.5081263215473102	0.07608632693042575	-0.6009452613993593	-0.9001563684660825	-0.2143321133452862	-0.03399839017310713	0.691495569664641	-0.0001425221593702414	0.3994995829828668	0.01028229402846539	0.01098003032806014	0.01087430531607581	0.02146760919986159	0.04697038492328315	0.0287550469107761	0.01156935223155824	0.01182798275518903	0.01643350803578352	0.06508176415028938	0.0119904774519207	0.04071250519742707	0.01048189589589807	0.01079317669343019	0.01229187070469818	0.01041056750136989	0.01023328896373634	0.05927747436960384	2.004633487233615e-05	0.01027374030166561	0.01095962213930275	0.01086027173533415	0.02184079948309184	0.04910700100454281	0.02881518770811969	0.01159227652609343	0.01189076172008102	0.01474399703411826	0.06658757367698685	0.01192284031616593	0.0430203897323772	0.01045389971693506	0.01078648625089294	0.01269474244467465	0.01040073396508573	0.01023263250676573	0.05732414087243495
0.3585646655050695	-0.3403445352147943	0.2482094465116953	1.016269135783765	0.3547977530819399	-0.2674296636312912	0.286736255077447	-0.01053597842730844	0.167260971300818	0.1348678810758612	0.377669788051725	0.1004257272065415	0.5072228534566096	0.07431399810768254	-0.6036915532338073	-0.8798442205067984	-0.2191804315231013	-0.03413947259553495	0.6551138359685358	0.009881983738844144	0.3658393402524232	0.01028154400276511	0.01097829090197919	0.01087289215682613	0.02150668398702141	0.04712853693919406	0.02875765475690311	0.01157121395520002	0.01183299905577709	0.01630035425389142	0.06519414957012674	0.0119848663542343	0.04089537025052543	0.0104795678494597	0.01079262370360097	0.01232545368974453	0.0104096691604213	0.01023317556491284	0.05913360061657708	6.400794143546028e-06	0.01027278564681205	0.01095846616439285	0.01085431691170475	0.02205800218797226	0.04897018874746842	0.02876064429563852	0.011591441573049	0.01188658999969671	0.0148658060148685	0.06662297418139254	0.01192235280030844	0.04312214873791893	0.01045376269841045	0.01078652412536546	0.012702105226111	0.01039877196276869	0.01023123228235632	0.05737319426844031
0.3598053736902082	-0.3402179588627806	0.248838212784159	1.016360250030994	0.3540468739085414	-0.2685088357789373	0.2864611876986563	-0.01057837958813444	0.1680512481962228	0.1348866083333941	0.3781025922669102	0.1036506657221504	0.5063410396496446	0.07256435183605625	-0.6067675372928415	-0.8598088595449103	-0.2242622341564931	-0.03419631021293539	0.618813030273163	0.0203858905124794	0.3317652710971916	0.01028077698379878	0.01097659984643976	0.01087110236921953	0.02156016446193364	0.04726404658105345	0.02875571096949853	0.01157285242825171	0.0118372550900714	0.0161880338838379	0.06530083146272654	0.01197967893308463	0.04107187396619121	0.01047742164172481	0.01079211971841635	0.01235686728913564	0.01040868252087666	0.01023295530029746	0.05900408936212771	-7.244746585244094e-06	0.01027183099195849	0.01095731018948294	0.01084836208807535	0.02227520489285269	0.04883337649039404	0.02870610088315735	0.01159060662000457	0.01188241827931241	0.01498761499561874	0.06665837468579823	0.01192186528445095	0.04322390774346066	0.01045362567988584	0.01078656199983798	0.01270946800754735	0.01039680996045166	0.0102298320579469	0.05742224766444567
0.3610460818753468	-0.3400872551169336	0.2494658976298574	1.016449206937286	0.3532919921490946	-0.2695633015084897	0.2861796856866807	-0.01062080432977222	0.1687965249638544	0.1349186499603744	0.3784929461114345	0.1070676949897282	0.5054789426567107	0.07083588346768455	-0.6101285937307086	-0.8400006251742692	-0.2295404029819833	-0.03418114395272921	0.5825630520321903	0.03132785606903388	0.2974888342126339	0.01028000484195644	0.01097499326925284	0.01086893742723891	0.02163606344991431	0.04737128921771963	0.02874609776902117	0.01157422028184209	0.0118405595027563	0.01610191772195275	0.065404772267019	0.01197487758047974	0.04124101610872657	0.01047543031923252	0.01079164579570799	0.01238630243357922	0.01040762940746777	0.01023264746642293	0.05888685533657498	-1.856873322742509e-05	0.01027112451844339	0.01095711067078414	0.0108416891878774	0.02271695088840123	0.04850552739773356	0.02856514663193581	0.0115881955593648	0.01187215961734352	0.01528011798038229	0.06676164124216258	0.01192132716649272	0.04328720706948076	0.0104532112717866	0.01078624706241204	0.01271704092670889	0.01039519031958695	0.01022867674108527	0.05744452357447086
0.3622867900604855	-0.3399522140320271	0.2500925238063911	1.016536031464674	0.3525327917647258	-0.2705932983680389	0.28589153680505	-0.01066317159960313	0.1694968337827402	0.1349645028107684	0.3788408092169717	0.110642372924854	0.5046344832409591	0.06912699319302668	-0.6137290753178869	-0.8203654740133451	-0.2349768629316319	-0.03410366916687525	0.546325528069711	0.04264933247703288	0.2632709692474676	0.01027923815141081	0.01097350334196908	0.0108663986432068	0.02174153521645697	0.0474452114359887	0.02872602352975249	0.01157527530405136	0.01184274175685543	0.01604679628686327	0.06550864427422465	0.01197042877563715	0.04140189899966176	0.01047356986978289	0.01079118505931399	0.01241392919545651	0.0104065292624473	0.01023226925228451	0.05878001468774196	-2.989271986960611e-05	0.01027041804492829	0.01095691115208533	0.01083501628767945	0.02315869688394978	0.04817767830507309	0.02842419238071426	0.01158578449872502	0.01186190095537463	0.01557262096514584	0.06686490779852693	0.01192078904853448	0.04335050639550084	0.01045279686368735	0.01078593212498609	0.01272461384587043	0.01039357067872224	0.01022752142422364	0.05746679948449606
0.3635274982456241	-0.3398126542198424	0.2507181123306168	1.016620747238874	0.3517689944883108	-0.2715990185501527	0.2855965603470031	-0.01070540763841167	0.1701521735888788	0.1350246124687746	0.379146366678885	0.1143418906873986	0.5038056488016392	0.06743614411540289	-0.6175254573707362	-0.8008517241061147	-0.2405354215478339	-0.03397152123964383	0.5100628776118763	0.05428685018142781	0.2293818343911605	0.01027848894258424	0.01097216658662608	0.01086348980833222	0.02184664230787644	0.04748328264149557	0.02869191254246345	0.01157604166204664	0.0118438231202354	0.0160233861884714	0.06560186534765848	0.01196629507396533	0.04154764129047448	0.0104718133650702	0.01079071755815283	0.01243997344916752	0.01040540226032893	0.0102318386722379	0.05868185618830245	-3.541648685931362e-05	0.0102700084411245	0.01095781449545351	0.0108276860734603	0.02292894883267232	0.04771704207039593	0.02817369414382136	0.01158332387602319	0.01184990455869056	0.01594401735146353	0.06668444602187841	0.01192006211273614	0.04322134767346169	0.01045200376421331	0.01078516872621678	0.01273395788824724	0.01039233668540034	0.01022665351295488	0.05746441023575238
0.3647682064307627	-0.339668443470522	0.2513426811606817	1.016703375576877	0.3510003877607422	-0.2725805781745925	0.2852946297510062	-0.0107474482035844	0.1707624889625851	0.1350993117412538	0.379410244898983	0.1181396017616387	0.5029907540189335	0.0657620819557499	-0.621481824975508	-0.7814190871503266	-0.2461868111680383	-0.03378857042375612	0.4737469657488171	0.06616753345390856	0.1960848015611993	0.01027776793219203	0.01097101554362043	0.01086021429953894	0.0219246533403628	0.04748322344088955	0.02864056211490942	0.01157654089032778	0.01184382253276646	0.01603231746224694	0.06567488798921393	0.01196244310132073	0.04167206912768963	0.01047013681555454	0.01079022551718938	0.0124646364336895	0.01040426637332067	0.01023137177320949	0.05859083475458509	-4.094025384902115e-05	0.01026959883732071	0.01095871783882169	0.01082035585924115	0.02269920078139487	0.04725640583571877	0.02792319590692845	0.01158086325332136	0.01183790816200648	0.01631541373778122	0.06650398424522987	0.0119193351769378	0.04309218895142253	0.01045121066473927	0.01078440532744747	0.01274330193062405	0.01039110269207844	0.01022578560168611	0.05746202098700871
0.3660089146159015	-0.3395194708565117	0.2519662469072214	1.016783936789781	0.3502267878186371	-0.2735380616837677	0.2849856418274512	-0.0107892319532518	0.1713277028703019	0.1351888704877284	0.379633286241234	0.1220030092376341	0.5021879199310784	0.06410318586427033	-0.6255553655004132	-0.7620201211523976	-0.2518949344910236	-0.03356014292715252	0.4373481368933977	0.07821416593008566	0.163625386765904	0.01027708635825532	0.01097008918058943	0.01085656623420734	0.02201615818580727	0.04745110255017116	0.02857053080122484	0.01157688205899365	0.01184299865295461	0.01606626579888285	0.06573134113900982	0.01195884142632094	0.04178015632410943	0.01046851763700751	0.01078969216622482	0.01248809286280415	0.01040313795340246	0.01023088334001227	0.05850473019478639	-1.158776722810063e-05	0.01026951275846369	0.01096092039126091	0.01081215238971011	0.02340634550574969	0.04687562933385197	0.02760253377760474	0.0115804689815368	0.01182991892407468	0.01657496435421381	0.06638013907201713	0.01191842145408179	0.0430469223538807	0.01045004037299149	0.01078319373033151	0.01275405173966103	0.01039023973897221	0.01022519645868737	0.05741508846028885
0.3672496228010401	-0.3393656995304454	0.2525888223307816	1.016862447275962	0.3494481055323406	-0.2744714476201816	0.2846695766591441	-0.01083071046051592	0.1718476787368448	0.1352934300417822	0.3798166896179722	0.1258750410823132	0.5013943705183715	0.06245634581486374	-0.6296744718281395	-0.7425742278818861	-0.2575952055282418	-0.0332965289829374	0.4008240590211167	0.09034857657738651	0.1321891335731465	0.01027645423159469	0.01096942221654303	0.01085254036987399	0.0221573861384091	0.04739236080052098	0.02848052507569499	0.0115771623620333	0.01184158198687415	0.01611869061997439	0.06577450052364951	0.01195546203511629	0.04187636393157464	0.01046693571002884	0.0107891025641949	0.01251049840348414	0.01040203156751425	0.01023038654277264	0.05842153897372379	1.776471939281989e-05	0.01026942667960666	0.01096312294370012	0.01080394892017906	0.02411349023010452	0.04649485283198516	0.02728187164828103	0.01158007470975224	0.01182192968614288	0.01683451497064639	0.06625629389880441	0.0119175077312258	0.04300165575633887	0.01044887008124371	0.01078198213321553	0.01276480154869801	0.01038937678586598	0.01022460731568863	0.05736815593356899
0.3684903309861787	-0.3392071435481047	0.253210417767794	1.016938920634113	0.3486643152570753	-0.2753806428206849	0.2843464720478293	-0.01087184451787336	0.1723222430196516	0.1354130679166961	0.3799617937057718	0.1297162888042456	0.5006081160231375	0.06081961726092388	-0.6337900725527944	-0.7230236988537343	-0.2632431979559301	-0.03300234992958332	0.3641412454925384	0.1024982920647444	0.1019012549833888	0.01027588133250736	0.01096906421486202	0.0108481013329066	0.02232501761938121	0.04732315756445131	0.02837244347201861	0.01157754512151365	0.01183995976280805	0.01617555875340262	0.0658330962704599	0.01195228492729113	0.04197845382064004	0.01046537871331066	0.01078844977436375	0.01253191332978746	0.01040096080186151	0.01022989309446229	0.0583386336670629	4.233928121233184e-05	0.01026967197053586	0.010967024362909	0.01079414800199296	0.02435111113025837	0.04647854939353211	0.02696841862895272	0.01158345297314085	0.01182199377032545	0.01679290208940084	0.06687618366638969	0.01191656123590109	0.04338638923010706	0.01044748127198796	0.01078049295729377	0.01277488473298968	0.01038888094002909	0.01022427983738894	0.05725755456736512
0.3697310391713173	-0.3390438144267752	0.2538310431479177	1.017013371691313	0.3478753876809764	-0.2762655473387947	0.284016361723805	-0.01091258223598987	0.172751201204272	0.1355477530981574	0.3800700047578459	0.1335692333691889	0.4998306545668819	0.0591964300797559	-0.63795567695233	-0.7034180458887376	-0.268888264396	-0.03265765131791858	0.3273078296062769	0.1146045772750876	0.07271823049654713	0.01027537637324256	0.01096905933452072	0.01084321760452144	0.02249823912485608	0.04725800796200322	0.02824798246315663	0.0115781758770723	0.01183847707814669	0.01622435448550895	0.0659330454759801	0.01194929227744036	0.04210235956880508	0.0104638356703351	0.01078772761660012	0.01255239133299945	0.01039993775949938	0.01022941342885244	0.05825364379183041	6.691384303184378e-05	0.01026991726146505	0.01097092578211787	0.01078434708380688	0.02458873203041222	0.04646224595507906	0.02665496560962442	0.01158683123652947	0.01182205785450803	0.01675128920815529	0.06749607343397497	0.01191561474057638	0.04377112270387525	0.01044609246273221	0.010779003781372	0.01278496791728134	0.0103883850941922	0.01022395235908925	0.05714695320116124
0.370971747356456	-0.3388756731906106	0.2544507102938171	1.017085819130326	0.3470812299384347	-0.2771261223103449	0.283679221009815	-0.01095285019180257	0.173134373417183	0.1356974091799641	0.3801426592553068	0.1374774080935925	0.4990636065829576	0.05759034361438801	-0.6422266426630455	-0.6838093174806573	-0.2745807861075444	-0.03224073713991863	0.2903360660902563	0.1266137047699181	0.04454051825590639	0.01027494679187857	0.01096948246840641	0.01083779872107545	0.02271214167675788	0.04720623006197303	0.02810471791948251	0.01157921058644232	0.0118374602788108	0.01625559121649157	0.06606156815139085	0.01194648137273164	0.04223895162297611	0.01046231308310509	0.01078694759871267	0.01257188489198938	0.01039897582729576	0.01022895683652697	0.05816558622765029	2.229898791528977e-05	0.01027047522841389	0.01097731660611269	0.01077150389899823	0.02569637005846875	0.04669561448188625	0.02624903701304225	0.01159442425613114	0.01183018738634386	0.01646472007922985	0.06785643806784848	0.01191497226848292	0.04396652238319594	0.0104448861757811	0.01077764973811767	0.01279203848297391	0.01038830298823747	0.01022387326104815	0.0570062344957023
0.3722124555415947	-0.3387026605470944	0.2550694317647291	1.017156284241582	0.3462817210656556	-0.2779623509281053	0.2833350016832979	-0.01099255323208601	0.1734715847786925	0.1358618732806638	0.3801808743372894	0.1414218483403967	0.4983062423909681	0.05600095156791534	-0.6465815902257768	-0.664172139238029	-0.2802988548034172	-0.03174702964135619	0.2532197405478509	0.1384748549772509	0.01720247608927073	0.01027459921417308	0.01097040034221157	0.01083176407936443	0.02299803225162553	0.04717622031577826	0.02794047512674787	0.01158078822524371	0.01183720020351437	0.01626080452419989	0.06620713814566383	0.01194384979467829	0.04238004149698085	0.0104608167439254	0.01078611997325073	0.01259035164550952	0.01039808693067999	0.01022853159341045	0.0580735740446994	-2.231586720126421e-05	0.01027103319536273	0.0109837074301075	0.01075866071418958	0.02680400808652528	0.04692898300869345	0.02584310841646008	0.01160201727573282	0.01183831691817969	0.01617815095030441	0.06821680270172199	0.01191432979638947	0.04416192206251663	0.01044367988883	0.01077629569486335	0.01279910904866649	0.01038822088228274	0.01022379416300706	0.05686551579024338
0.3734531637267333	-0.3385247454302107	0.2556872190492819	1.017224787177877	0.3454767731779227	-0.2787741799344898	0.2829836881621226	-0.01103159586082243	0.1737626516963939	0.1360409410538396	0.3801856170618444	0.1453642226695243	0.4975571333604699	0.05442655357642318	-0.650975100594828	-0.644458625710934	-0.2859980912566263	-0.03117767816357045	0.215949712788146	0.1501383221563685	-0.009478131523354791	0.01027434236586021	0.01097192932440582	0.01082498649110897	0.02332265404669551	0.04716069448600672	0.0277551959143556	0.01158300818238371	0.0118378117533018	0.01623916297528275	0.06634544803596867	0.01194140986799616	0.04251055935729002	0.01045936545345834	0.01078526747145585	0.01260761901830915	0.01039728359336316	0.01022814453216119	0.05797695621834616	-3.297492762163382e-05	0.01027196257671073	0.01099385848328107	0.01074155926027767	0.02724367328472927	0.04701745989090333	0.02539433928617778	0.01161306618005143	0.01185070133628917	0.01581942139032353	0.06795899738322522	0.01191434001540843	0.04398079667435024	0.01044297318548323	0.01077538743406917	0.01279999792347817	0.01038858261362051	0.01022394015741248	0.05669975003801086
0.3746938719118719	-0.3383419756052099	0.2563040807540366	1.017291344131937	0.3446663933374566	-0.2795614620735937	0.2826253562319488	-0.01106989003643406	0.1740073790909318	0.1362343274606073	0.3801575479864515	0.1492475495838591	0.4968142234760896	0.05286406186990776	-0.655337794776873	-0.6246030113692274	-0.2916124041791496	-0.03054054693356373	0.1785212348337296	0.1615562541225449	-0.03568961516638813	0.01027418401971418	0.01097417309163236	0.01081735262863755	0.02365631842837261	0.04715311692082617	0.02754882498696264	0.01158595902101136	0.0118393973204496	0.01618991808450431	0.06645456210209416	0.01193917257646369	0.04261698006364517	0.01045797596032895	0.01078441034532442	0.0126235331914642	0.01039657697179052	0.01022780173920091	0.05787514533300593	-4.363398804200343e-05	0.01027289195805874	0.01100400953645464	0.01072445780636575	0.02768333848293326	0.04710593677311321	0.02494557015589548	0.01162411508437003	0.01186308575439864	0.01546069183034266	0.06770119206472844	0.0119143502344274	0.04379967128618385	0.01044226648213645	0.01077447917327498	0.01280088679828985	0.01038894434495828	0.0102240861518179	0.05653398428577835
0.3759345800970106	-0.3381544492256174	0.2569200236765493	1.017355968493615	0.3438506502637824	-0.2803239926639753	0.2822601401373612	-0.01110735598334815	0.174205568889553	0.1364417081053372	0.3800971709178924	0.1530216107132036	0.4960757221727354	0.05131077887181464	-0.6596083158940991	-0.6045482915361666	-0.2970835079158534	-0.02984388145015479	0.1409319852419875	0.1726860322004264	-0.06161632712671521	0.0102741365366495	0.0109773066217639	0.01080872773120358	0.02400113147524057	0.04714029513143324	0.0273280078642391	0.01158965962329528	0.01184178796253132	0.01611564301777408	0.06654938394369736	0.01193716025505346	0.04271237496879645	0.01045667584973415	0.01078357876476065	0.0126378672303052	0.0103959775164343	0.01022750708862091	0.05776757227968324	-2.321450219204332e-05	0.01027431216553455	0.01101975658806878	0.01070243731616076	0.02819374696522842	0.04686884676972936	0.02461960724957155	0.01163707637643509	0.01187338771781517	0.01510896558627561	0.06778473595204706	0.01191529881359563	0.04390457666164851	0.01044233935978215	0.01077427972156881	0.01279363950314806	0.0103897479773696	0.01022441275821717	0.05634289071639528
0.3771752882821493	-0.3379623144950011	0.2575350528795168	1.017418671326094	0.34302967325752	-0.2810615111668332	0.2818882323137752	-0.01114392028823508	0.1743570233621421	0.1366627051597157	0.3800047006648842	0.1566761159090692	0.495341322673419	0.04976658930075541	-0.6637747808109992	-0.5842839428703154	-0.3023993376386739	-0.02908712744221125	0.1031847030486269	0.1835056747332759	-0.08742330995345378	0.01027421092761366	0.01098148580478718	0.01079899171869584	0.02435898041637718	0.04711035143020074	0.02709870141424933	0.01159412681069135	0.01184483311659014	0.01601862945470188	0.06664336363231933	0.01193539280960562	0.04280847595721143	0.01045548969598067	0.01078279960923821	0.01265041884685386	0.01039549453677574	0.01022726403138098	0.05765372345014839	-2.795016342083248e-06	0.01027573237301037	0.01103550363968292	0.01068041682595576	0.02870415544752358	0.0466317567663455	0.02429364434324761	0.01165003766850013	0.0118836896812317	0.01475723934220857	0.06786827983936569	0.01191624739276386	0.04400948203711316	0.01044241223742784	0.01077408026986263	0.01278639220800627	0.01039055160978092	0.01022473936461645	0.05615179714701222
0.3784159964672879	-0.3377657204224111	0.2581491734518861	1.017479464097813	0.3422035918789502	-0.2817737571888251	0.2815098262384284	-0.01117950705517287	0.1744615477054065	0.1368969277811362	0.3798802210287529	0.1602043086133362	0.4946107232922769	0.0482316059625993	-0.6678292549449635	-0.5638002935734527	-0.3075522143352394	-0.02826956925070959	0.06527354376786838	0.1940040111410773	-0.1132266513275396	0.01027442070662653	0.01098699365058753	0.01078800069326881	0.0247396842534953	0.04702689782284496	0.02683989485882746	0.0115992920007424	0.01184801769225553	0.01591313603315988	0.06672763626120054	0.01193391622576331	0.04289894910731244	0.01045447158629407	0.01078212968724869	0.01266073352316607	0.01039514164365029	0.01022707518439628	0.05753448686728063	-2.1349451787732e-05	0.01027771756181695	0.0110600811553212	0.01065275114440129	0.02948267048430717	0.04542101410962462	0.02343198076401245	0.01166289737934065	0.01188301172039003	0.01470396291780477	0.06771207024208911	0.01191878305267246	0.04395353416237878	0.01044399922319023	0.01077533766561158	0.01276471008333651	0.01039191180787124	0.01022523135272425	0.05597170588979477
0.3796567046524266	-0.3375648441580438	0.2587623889862649	1.017538357347308	0.3413725714262341	-0.2824604247579936	0.2811251468887148	-0.01121404759541244	0.174518907926884	0.1371439781397981	0.3797237576984369	0.1635789273149306	0.493882416824046	0.04670459208352244	-0.6717364714933837	-0.5430519165646439	-0.3125117385957887	-0.02740063458193584	0.02715697318469274	0.2041837658714715	-0.1389805225334028	0.01027477791173474	0.01099408228787423	0.01077562642839069	0.02515199568365864	0.04685715235726615	0.02653273885179618	0.01160509407682862	0.01185088265997089	0.01581189567019525	0.06679419881781203	0.01193277148634523	0.04297810718262213	0.01045366970399815	0.01078161961111825	0.01266840610336495	0.01039493096180758	0.01022694287874209	0.05741066363740787	-3.990388723338069e-05	0.01027970275062354	0.01108465867095949	0.01062508546284682	0.03026118552109075	0.04421027145290375	0.02257031718477728	0.01167575709018116	0.01188233375954836	0.01465068649340098	0.06755586064481255	0.01192131871258106	0.04389758628764441	0.01044558620895263	0.01077659506136054	0.01274302795866675	0.01039327200596157	0.01022572334083205	0.05579161463257732
0.3808974128375652	-0.3373598901255018	0.2593747015616791	1.017595360283151	0.3405368126216848	-0.283121162339278	0.2807344496504293	-0.01124748339362602	0.1745288281869538	0.1374034614666316	0.3795354082862694	0.1667548484901853	0.4931540034263063	0.04518313384291583	-0.6754382422016969	-0.5219663664123494	-0.3172273538965688	-0.0264967581154316	-0.01122529229538935	0.2140438115291698	-0.1645463585712642	0.01027529209087159	0.01100305641599693	0.01076190465415012	0.02562598196349903	0.04659335617453475	0.02616537066334859	0.01161141550955291	0.01185287419288259	0.0157335085502543	0.06683572763367075	0.01193199830120778	0.04303644798336028	0.01045312988424725	0.01078131634300251	0.01267307432092767	0.01039487898153413	0.01022687255921319	0.05728098591524453	-2.518398869367906e-05	0.01028220975534217	0.01111965455703063	0.01059550655018177	0.03184503280882484	0.04262900497548465	0.02132137621658073	0.01168708833184418	0.01186780222604947	0.01505380701477349	0.06716719517067143	0.01192546537771795	0.04357557295464467	0.01044869558516756	0.01077928976834092	0.01270739933975195	0.01039530870870755	0.01022645781848388	0.05556899325209936
0.3821381210227038	-0.337151175654564	0.2599861074722708	1.017650475566171	0.3396966608574	-0.2837554435044942	0.2803381169127728	-0.01127979568981656	0.1744909013237534	0.1376749734170855	0.3793156682225377	0.1696406913745343	0.4924208889741865	0.04366172879329194	-0.6788178485322029	-0.50040464129513	-0.3215960688422903	-0.0255895698221393	-0.04997173997539708	0.2235736981729384	-0.1895817602571746	0.01027597174904222	0.01101418746629415	0.01074686719551952	0.02618839998067578	0.04622848258406562	0.02572711752917524	0.01161815156819317	0.01185349873001346	0.01569457998030725	0.06684560929031086	0.01193163205810382	0.04306543678183639	0.01045289295839079	0.01078126172225943	0.01267441518925675	0.01039500039256292	0.01022686907589969	0.05714430960952399	-1.046409015397742e-05	0.01028471676006081	0.01115465044310177	0.01056592763751672	0.03342888009655893	0.04104773849806555	0.02007243524838417	0.0116984195735072	0.01185327069255058	0.015456927536146	0.06677852969653031	0.01192961204285485	0.04325355962164493	0.01045180496138249	0.01078198447532131	0.01267177072083715	0.01039734541145353	0.01022719229613571	0.0553463718716214
0.3833788292078425	-0.336939102181725	0.2605965988043425	1.01770370072725	0.3388525688722002	-0.2843626145166973	0.2799366259006444	-0.01131099472062065	0.1744046314864096	0.1379581013166313	0.3790653558516601	0.1721440988702173	0.4916783913200209	0.04213473358279535	-0.6817571352843121	-0.4782257058075188	-0.3255139011802712	-0.02471182908235887	-0.08918288820315901	0.2327712449795034	-0.2137072752835879	0.01027682130129003	0.01102752612215879	0.0107308398108923	0.0268282429066103	0.04578741621674302	0.02522758007901134	0.0116252282212115	0.01185275511538062	0.01569466100998712	0.06683567265673565	0.01193161829445551	0.043072383015275	0.0104529096313432	0.01078140575150448	0.01267296004965164	0.01039529301015081	0.0102269368138347	0.05700139133955626	-6.984703459832323e-06	0.01028765968587304	0.011195170798501	0.01054147260498292	0.03492597414115207	0.03991045852803801	0.01892312138652085	0.01170881503425918	0.01183597677072547	0.0159277651423238	0.0666442573096908	0.0119332728589165	0.04305984957137675	0.01045434785530266	0.01078398659160192	0.01264218830204605	0.01039967695242819	0.0102281646651686	0.05512986111038603
0.3846195373929812	-0.3367241972285918	0.2612061610559499	1.01775502557079	0.3380051515804111	-0.2849418252472248	0.2795305953082737	-0.01134113854120915	0.1742693760441398	0.1382524460239856	0.3787858907787767	0.174204991430657	0.4909232274453702	0.04059845026031395	-0.6841781876526741	-0.4553331584814814	-0.3289137970055813	-0.02388858961219908	-0.1289356745568813	0.2416549968739827	-0.2365754406440836	0.01027784468024793	0.0110431174981056	0.01071411276018852	0.02753567410660073	0.04529254299057254	0.02467535287573815	0.01163257950025821	0.01185064229877499	0.01573333623255423	0.06681659478986508	0.0119319084711406	0.04306384778458845	0.01045313598837033	0.01078170388655647	0.01266918245770495	0.01039575488781133	0.01022707967907	0.05685291373054221	-3.505316765687249e-06	0.01029060261168527	0.01123569115390022	0.01051701757244912	0.03642306818574522	0.03877317855801046	0.01777380752465752	0.01171921049501116	0.01181868284890035	0.0163986027485016	0.06650998492285129	0.01193693367497816	0.04286613952110857	0.01045689074922284	0.01078598870788254	0.01261260588325494	0.01040200849340285	0.01022913703420148	0.05491335034915066
0.3858602455781198	-0.3365070311800506	0.2618147773070205	1.017804437257852	0.3371550798031706	-0.2854921552685902	0.2791206914810362	-0.01137030421301722	0.1740844336788988	0.1385576255937648	0.378478972190137	0.1757833610255314	0.4901530094010704	0.03905046296297707	-0.6860286374929178	-0.431658133249381	-0.3317515974213217	-0.02313777033713842	-0.1692934716742935	0.2502379474712325	-0.2578860798050497	0.01027905100974243	0.01106095557283829	0.0106969687647171	0.02829424138537135	0.04475010554248688	0.024082389981081	0.01164025209635756	0.01184751404838876	0.01579894819803318	0.06680000439770133	0.01193242750607738	0.04305118260685947	0.01045348917340362	0.01078207367983752	0.01266367761660541	0.01039637110382397	0.01022729723628502	0.05669642282345767	-6.439674109828543e-06	0.0102941100932483	0.01128057923691602	0.0104978925091081	0.03765589070333779	0.03769326200857033	0.01681769337916457	0.01173126922133221	0.01180709194146624	0.01666604971122002	0.06666997517888211	0.01193941059499234	0.04293218365467709	0.01045788267081371	0.01078633686750869	0.01259260814117312	0.01040432377136125	0.01023024931270841	0.05462117896619659
0.3871009537632585	-0.3362882021512579	0.262422428426473	1.017851921480668	0.3363030615078855	-0.286012622733347	0.2787076100204604	-0.01139858219197674	0.1738490230063388	0.1388732634834556	0.3781466755331938	0.1768856928220621	0.4893674521785928	0.03749141193519004	-0.6873159469512203	-0.4071952441235576	-0.3340360940560158	-0.02245764532722365	-0.2102897035653538	0.2585136338755694	-0.2774844823061679	0.01028044841687175	0.01108103494476811	0.01067965974434149	0.0290893045066311	0.04416572804333767	0.02345942762225458	0.01164828761498026	0.01184368563774513	0.01588109318020474	0.06679640465483656	0.01193310848477014	0.04304458610916589	0.0104538953749916	0.01078244167706033	0.01265697608120475	0.01039712836540669	0.01022758909765475	0.0565297038303555	-9.374031453969863e-06	0.01029761757481133	0.01132546731993182	0.01047876744576708	0.03888871322093036	0.0366133454591302	0.0158615792336716	0.01174332794765326	0.01179550103403212	0.01693349667393844	0.06682996543491292	0.01194188751500651	0.04299822778824561	0.01045887459240458	0.01078668502713485	0.0125726103990913	0.01040663904931965	0.01023136159121533	0.05432900758324252
0.3883416619483971	-0.3360682937614962	0.2630290954638858	1.017897465061366	0.3354497867162523	-0.2865022538801747	0.2782920288644309	-0.01142605745388985	0.1735623410602933	0.1391989774815506	0.3777911734496022	0.1775290038737247	0.4885668366694107	0.03592264472298211	-0.6880611999666559	-0.3819553140835527	-0.3357878660671045	-0.02184224447780723	-0.2519463696431719	0.2664868444273088	-0.2953054106989038	0.01028204846510791	0.01110338271311583	0.01066236699752172	0.02991841499113592	0.04354318418907259	0.02281330294450384	0.01165682557884883	0.01183966077286053	0.01596001362032915	0.06680346588603385	0.01193389096109114	0.0430429200243564	0.01045428258825147	0.01078273390226387	0.01264954801169391	0.01039800002925578	0.01022794530152652	0.0563557694854292	-1.973413202131357e-05	0.01030178211983767	0.01137549075237022	0.01046362648138265	0.04013841276616448	0.03555043309904901	0.01501630160315441	0.01175944045163418	0.01179452819556144	0.01675824536890586	0.0669533763496868	0.01194324567455228	0.04304719661268225	0.01045826023761818	0.01078526899782541	0.012561460647157	0.01040860293305027	0.01023238571764307	0.05409598961061019
0.3895823701335357	-0.3358478612473963	0.2636347602133444	1.017941057115621	0.3345959102236048	-0.286960098636704	0.2778745922623378	-0.01145280723611873	0.1732235625255665	0.1395344170354041	0.3774145763543145	0.17773059274135	0.4877517821446975	0.03434558674208259	-0.6882859026463684	-0.3559561617802486	-0.3370270647925009	-0.02128818128168103	-0.294268488755361	0.2741910648245011	-0.3114893346316695	0.01028386145464673	0.01112802298274686	0.01064525207075901	0.03077939227519998	0.04288587647827728	0.02215016450646275	0.01166599031138574	0.01183588836773544	0.01601809425434907	0.0668190836727236	0.01193472106416141	0.04304516131027181	0.01045458666856384	0.010782884448552	0.01264181253272074	0.01039896236092502	0.01022835697423147	0.05617733848176316	-3.009423258865729e-05	0.01030594666486402	0.01142551418480862	0.01044848551699822	0.04138811231139861	0.03448752073896783	0.01417102397263721	0.01177555295561509	0.01179355535709077	0.01658299406387328	0.06707678726446067	0.01194460383409804	0.04309616543711889	0.01045764588283179	0.01078385296851598	0.01255031089522271	0.01041056681678089	0.01023340984407082	0.05386297163797786
0.3908230783186743	-0.3356274454246689	0.2642394050527715	1.017982687959129	0.3337420689084469	-0.2873852231721338	0.2774559278211106	-0.01147890673294427	0.1728318614369668	0.1398792636808219	0.3770188361402328	0.1775104031144183	0.4869231579231287	0.03276186855677794	-0.6880148139987533	-0.3292218717127797	-0.337776550567399	-0.02079298773951939	-0.337252609579678	0.2816659192478235	-0.3262715322194912	0.0102858970401555	0.01115502154498275	0.01062841969835354	0.03166887608857022	0.0421941597560839	0.02147863662976752	0.01167595139540435	0.01183287509450857	0.01603830585403035	0.06684497579601759	0.01193556277325521	0.04305246258577409	0.01045476034880779	0.01078284212191532	0.01263404610128789	0.01039997805603914	0.01022880411253668	0.05599718437992398	-3.120030693694499e-05	0.01031076665011085	0.01148169901990973	0.01043619141338809	0.04262230251346757	0.03336791590906522	0.01350444271899727	0.01179696410116479	0.01180517485803227	0.01595543467284209	0.0672635159490188	0.01194519749948006	0.04318244049388453	0.01045574121790192	0.01078093517184188	0.01254515599578516	0.01041182505453594	0.0102340694837909	0.05369407032132142
0.392063786503813	-0.3354075460254259	0.2648430143327575	1.01802235118065	0.33288884859627	-0.2877767479999173	0.2770366165085363	-0.01150442616516838	0.1723864315983596	0.140233273413678	0.3766053703157954	0.1768981582678439	0.4860824795096197	0.03117381652669492	-0.6872848942313399	-0.301794057642612	-0.3380698462213689	-0.02035311986055963	-0.3808782836997398	0.2889618054856465	-0.3400627829612235	0.01028816382141859	0.01118443696991114	0.01061196320109954	0.03258387977606993	0.04146835026906377	0.02080647738196436	0.01168685993536683	0.01183107250004529	0.01600544882177794	0.06688269271356492	0.01193638398581858	0.04306585904660926	0.01045476152146406	0.01078256131198246	0.01262649516968034	0.01040101388321493	0.01022926889798395	0.05581781027934554	-3.230638128523265e-05	0.01031558663535769	0.01153788385501084	0.01042389730977796	0.04385649271553652	0.03224831107916264	0.01283786146535733	0.01181837524671449	0.01181679435897377	0.0153278752818109	0.06745024463357692	0.01194579116486206	0.04326871555065017	0.01045383655297205	0.01077801737516779	0.01254000109634762	0.01041308329229098	0.01023472912351098	0.05352516900466498
0.3933044946889517	-0.3351886361392485	0.2654455737908062	1.018060042438767	0.3320368019757249	-0.2881338316976567	0.2766172093149756	-0.01152943256548847	0.1718864871924808	0.1405962459556733	0.3761752211351255	0.17592889435062	0.4852315654978517	0.02958412150286362	-0.6861396673167898	-0.2737229922900975	-0.3379463775652732	-0.01996414640666891	-0.4251180125215079	0.2961323479985935	-0.3533396389427206	0.01029066579043601	0.01121639476853028	0.01059592786097661	0.03352097528702327	0.04070551216139864	0.02014331269704041	0.01169887574683721	0.01183091623087547	0.0159098792717837	0.06693495801012017	0.0119371760571139	0.04308727802355477	0.01045457654990985	0.01078202574708528	0.0126192159270748	0.01040203151458969	0.01022972716038995	0.0556420615710314	-3.449986776132377e-05	0.01032096399151697	0.01160190421266834	0.01041343109008805	0.04505978792286672	0.03098966497827709	0.01240458849911722	0.01184549418072671	0.01184122708900311	0.01436186485449645	0.06773388704762597	0.01194613752029052	0.04341654723315236	0.01045126258654869	0.01077423536536736	0.01253662013407304	0.01041347046244397	0.01023484959091389	0.05343261892986942
0.3945452028740903	-0.3349711216736653	0.2660470726436847	1.018095762461013	0.3311863984339875	-0.2884557300232252	0.276198181639444	-0.011553983859837	0.1713312975620521	0.1409680730054709	0.3757285635547692	0.1746487948063297	0.4843728035691659	0.02799622075556993	-0.6846363163888843	-0.245075889137325	-0.3374581047182936	-0.01961948951182777	-0.4699326082739067	0.3032351212011633	-0.3666740966525641	0.01029340650279045	0.01125100670094812	0.01058035402191421	0.03447711903404897	0.03990298417358015	0.01949779689583526	0.0117121412248801	0.01183279450602121	0.01574295412938142	0.06700422925400513	0.01193793128283711	0.04311845046381662	0.0104541932857898	0.01078122092978538	0.01261225846276915	0.01040299680705629	0.01023015736947815	0.05547250575249252	-3.669335423741488e-05	0.01032634134767624	0.01166592457032584	0.01040296487039814	0.04626308313019693	0.02973101887739154	0.01197131553287712	0.01187261311473892	0.01186565981903244	0.013395854427182	0.06801752946167501	0.01194648387571898	0.04356437891565455	0.01044868862012533	0.01077045335556693	0.01253323917179845	0.01041385763259695	0.01023497005831679	0.05334006885507386
0.3957859110592291	-0.3347553682114559	0.2666475021896352	1.018129514959537	0.3303380574635982	-0.2887417575464846	0.275779963509538	-0.01157813211305273	0.1707201666790103	0.1413486942821893	0.3752650824504083	0.1731050942019249	0.4835085893839839	0.02641358411223701	-0.6828330377548893	-0.2159213268857133	-0.3366582718923304	-0.01931276272110657	-0.5152820965913811	0.3103266510068942	-0.3806138034260592	0.01029637898160308	0.0112884854817202	0.01056524102284605	0.03545002768835014	0.03906837010901177	0.01887541238576071	0.01172676449702745	0.01183699767499194	0.01552012115908988	0.06709035470421292	0.01193867012391771	0.04315915909067865	0.0104536374005249	0.01078017366951486	0.01260545289719677	0.01040388198159934	0.01023053839052337	0.05531162478550777	-4.325774634804383e-05	0.0103320304516456	0.01174033675986339	0.01039340466293364	0.04745005609354216	0.02859160253814345	0.01170451790628455	0.01190481287972554	0.01190108840626086	0.01266081226547837	0.06833125164278396	0.0119472448953944	0.04372621001533569	0.01044632855990953	0.01076677092829194	0.01252644052297293	0.01041347960276912	0.01023453209225317	0.05332494253138634
0.3970266192443676	-0.334541667487941	0.2672468573351389	1.018161308979946	0.3294921083949329	-0.2889913350877651	0.2753629013930654	-0.01160192104283236	0.1700524591954131	0.141738139626663	0.3747836940464639	0.1713398371066224	0.4826408895377361	0.02483918972712315	-0.6807806381635547	-0.186319180310519	-0.3355946558670732	-0.01904026133855345	-0.561133091098304	0.3174593673294055	-0.3955404023286734	0.01029957701171424	0.01132902053218352	0.01055058827071035	0.03643767496649434	0.03820854278718482	0.01828107844286212	0.01174284189686038	0.01184378444078481	0.01525515658021659	0.06719319531847497	0.01193941081561272	0.04320920808332624	0.01045293176308178	0.01077890785117227	0.01259864779021242	0.0104046622921018	0.01023085139712609	0.05516165721183718	-4.982213845867279e-05	0.01033771955561496	0.01181474894940094	0.01038384445546913	0.04863702905688741	0.02745218619889538	0.01143772027969198	0.01193701264471217	0.01193651699348928	0.01192577010377475	0.06864497382389292	0.01194800591506982	0.04388804111501684	0.01044396849969373	0.01076308850101695	0.01251964187414741	0.0104131015729413	0.01023409412618955	0.05330981620769884
0.3982673274295062	-0.3343302776298024	0.2678451345202859	1.018191155924145	0.3286488401738192	-0.2892039310585705	0.2749473034784559	-0.01162539183191362	0.1693275659438522	0.1421364808781264	0.3742830335887337	0.169390240642933	0.4817713505616147	0.02327562597897266	-0.678523446789854	-0.1563217436400037	-0.3343097687366257	-0.01879993722756877	-0.6074575658308076	0.324680338772179	-0.4117430430927125	0.01030297957372437	0.01137294480117977	0.01053636540535273	0.03743902741397609	0.03732461006087612	0.01771661650153099	0.01176039701272876	0.01185323270853521	0.01496678679988457	0.06730884072977418	0.01194020069674228	0.04326563743157168	0.01045213616610569	0.01077748822855169	0.01259147814316553	0.01040532567214365	0.01023108214322167	0.05502426889372501	-6.161296427820216e-05	0.01034336022039488	0.01190322893462183	0.01037448142388444	0.04982973079572994	0.02629403507570503	0.01126820246712243	0.0119726873234209	0.01197897408069883	0.01155866071456788	0.06888719186065669	0.01194990047093042	0.04399282207733297	0.01044273084494296	0.01076051009286626	0.0125041195665144	0.01041222689193994	0.01023318152956783	0.05335998141083877
0.3995080356146449	-0.3341214061127006	0.2684423322395958	1.018219070636299	0.3278084828347461	-0.2893790835730869	0.2745334196545257	-0.01164858573804617	0.1685449124134541	0.1425438575613123	0.3737614237679768	0.1672803237948347	0.4809008096914211	0.02172446611053345	-0.6760883571253455	-0.1259609918995327	-0.3328315815133064	-0.01859392929230081	-0.6542416474247639	0.3320243277452855	-0.4293104502938261	0.01030656794394237	0.01142055477487379	0.01052254537247188	0.03845316813564882	0.03641757343950001	0.01718365002971491	0.01177945084923975	0.01186541184528936	0.01467175538293054	0.0674337608880141	0.01194108195653744	0.04332578856653029	0.0104513038755566	0.01077597249288633	0.01258361857827774	0.01040586137257327	0.01023121793862574	0.05490096092318227	-7.340379009773152e-05	0.01034900088517479	0.01199170891984272	0.01036511839229975	0.05102243253457246	0.02513588395251468	0.01109868465455287	0.01200836200212963	0.01202143116790839	0.01119155132536101	0.06912940989742046	0.01195179502679102	0.0440976030396491	0.01044149319019219	0.01075793168471557	0.01248859725888138	0.01041135221093859	0.0102322689329461	0.0534101466139787
0.4007487437997836	-0.3339152433277328	0.2690384495124364	1.018245069049874	0.3269712478289564	-0.2895163529477099	0.27412147974684	-0.01167154662493342	0.1677039326760179	0.1429604351675781	0.3732171542397138	0.1650264858255876	0.4800297019032033	0.02018673125386621	-0.6734924022121611	-0.09525802869086274	-0.3311795215027368	-0.01842647463574614	-0.7014776130722601	0.3395188650510131	-0.4482609653876625	0.01031030957237006	0.01147232579531902	0.01050908888168184	0.03948081007376878	0.0354837994606634	0.01668200707517319	0.01179995347401264	0.01188021115447303	0.01437838489643054	0.06756126930121295	0.01194211667887901	0.0433847087218199	0.01045051214764064	0.01077444433509784	0.01257462862915478	0.01040626973461115	0.01023125121347389	0.05479271258353351	-8.644514430254526e-05	0.01035423950189359	0.01209892027542959	0.01035562557233871	0.05226088479998073	0.02384340522761847	0.01098502638982363	0.01204584811774973	0.012066714573482	0.01101134114338954	0.06921043022896597	0.01195535409369234	0.04408297404484625	0.01044201932713037	0.01075715283038057	0.01246116809036412	0.01041023027237647	0.01023098651342488	0.05351387257449121
0.4019894519849223	-0.3337119664065803	0.2696334854186494	1.018269167817012	0.3261373361875842	-0.2896153155960833	0.2737116971590211	-0.01169432907737634	0.1668040646621343	0.1433864129196247	0.3726485601437032	0.1626283589751038	0.4791576653720021	0.01866226921204929	-0.6707311480651297	-0.06421121301253295	-0.3293540165209172	-0.01830629751811649	-0.749168520206131	0.3471772007954134	-0.4685212569817827	0.01031417546439164	0.0115286811201801	0.01049596092336203	0.04052258877281077	0.03451999763586161	0.01621152029434494	0.01182186038561994	0.01189753194329944	0.0140941198328893	0.06768533253002319	0.01194336019374937	0.04343795021135231	0.01044982980573764	0.01077297831842764	0.012564115631585	0.0104065510620609	0.01023117522456856	0.05470040481547084	-9.948649850735897e-05	0.01035947811861239	0.01220613163101645	0.01034613275237767	0.05349933706538901	0.02255092650272226	0.01087136812509439	0.01208333423336983	0.01211199797905561	0.01083113096141806	0.0692914505605115	0.01195891316059367	0.04406834505004341	0.01044254546406854	0.01075637397604556	0.01243373892184685	0.01040910833381434	0.01022970409390366	0.05361759853500371
0.4032301601700609	-0.3335117562543722	0.2702274385751141	1.01829138322158	0.3253069570469683	-0.2896755418869083	0.2733042888748379	-0.01171699582586753	0.1658447415910206	0.1438219979773427	0.3720540556267621	0.1600773961249575	0.4782839780460645	0.01715035930581817	-0.6677897895313091	-0.03280831722353045	-0.3273461620258571	-0.01824425288624557	-0.7973213195697294	0.35500597161376	-0.4899889731550017	0.01031812962996246	0.01159024473299632	0.01048313101027066	0.04157990471064121	0.03352847873931192	0.01577110640459756	0.01184508340715124	0.01191715942202025	0.01382164408344228	0.06779981018238658	0.01194487059414766	0.04348104164046133	0.01044933173032683	0.01077165405265101	0.01255173134706127	0.01040671198240117	0.01023098778864689	0.05462444477038855	-0.0001103232455789207	0.01036410977306153	0.0123374327829025	0.01033657119023696	0.05480412780574131	0.02126143342580748	0.01079130012562268	0.01212153091511889	0.01215720712219595	0.01073304671960972	0.06920019528794381	0.01196427631609819	0.04392772093132943	0.01044507102850694	0.01075761399111511	0.01239494345511346	0.01040788990490936	0.01022815125680723	0.05376362493678574
0.4044708683551995	-0.3333148210988712	0.2708203058625615	1.018311729442535	0.3244803606119602	-0.2896965656146307	0.2728995017363989	-0.01173963088472173	0.1648253808455734	0.1442673989659201	0.3714322491828589	0.1573491134522962	0.4774072630586612	0.01564917752281124	-0.6646334826007659	-0.001017353143385084	-0.3251287662690158	-0.01825521719267663	-0.8459482065330352	0.3630003124102799	-0.5125315030490807	0.01032214001028083	0.01165757218132474	0.01047057197742023	0.04265400598927221	0.03251133379054263	0.01535978238911168	0.01186954396590212	0.01193890216365793	0.01356335574725458	0.06789916043984044	0.01194669965260716	0.04350996635905788	0.01044908462792417	0.01077054246459577	0.01253716530476558	0.01040675839941312	0.01023068696078368	0.05456519704723994	-0.0001211599926504825	0.01036874142751066	0.01246873393478856	0.01032700962809625	0.05610891854609361	0.0199719403488927	0.01071123212615097	0.01215972759686794	0.01220241626533628	0.01063496247780137	0.06910894001537614	0.01196963947160271	0.04378709681261547	0.01044759659294533	0.01075885400618466	0.01235614798838007	0.01040667147600437	0.01022659841971081	0.05390965133856777
0.4057115765403381	-0.3331213927113484	0.2714120828884584	1.018330218922094	0.3236578300435037	-0.2896778900522066	0.272497608856704	-0.01176233141028573	0.1637453886944298	0.1447228179992244	0.3707818649788047	0.1544112962944297	0.4765258526282503	0.01415635662979668	-0.6612178218920384	0.0312025677526699	-0.3226657071497106	-0.01835585346349401	-0.895061863250565	0.3711498824417534	-0.5360087998669434	0.0103261790398341	0.01173141801084041	0.01045827173653386	0.04374615459477411	0.03148895807312856	0.01497610537156136	0.01189514886937838	0.01196253148115287	0.01331970297893129	0.06797945167777114	0.01194888050473719	0.04352210462684653	0.01044914158731982	0.01076969815098615	0.01252030914407051	0.01040669960730398	0.01023027619404533	0.05452236450035514	-0.000126799536841834	0.01037283023690254	0.01262962492660224	0.01031770177173172	0.05748247259221913	0.01914563186641672	0.01065249693670146	0.01219818141952677	0.01224640734419073	0.0105753358792134	0.06888127360395414	0.01197643083023349	0.04355091466805849	0.01045188654333764	0.01076181864203422	0.01231040488983378	0.01040544503262294	0.01022490087566323	0.05408112420664516
0.4069522847254768	-0.3329317685855136	0.2720027620721723	1.018346859300335	0.3228397370964499	-0.2896189375346865	0.272098957548654	-0.01178522466605769	0.162604152694187	0.1451884323526869	0.3701018606090018	0.1512167021940826	0.4756375601897219	0.01266845816225501	-0.6574801044678672	0.06390840900675943	-0.3199034005637272	-0.01856589768283675	-0.9446722294283156	0.3794349929346638	-0.5602787006143825	0.01033022216411011	0.01181245389398276	0.01044621951609679	0.0448574763461284	0.03047979978303779	0.01461877291474655	0.01192181508079912	0.01198784358675733	0.01309108344892656	0.06803713220714259	0.01195144268006317	0.04351510074115471	0.01044954990126651	0.01076916975292343	0.01250106622276415	0.01040654388549844	0.01022975856427089	0.05449567693499775	-0.0001324390810331855	0.01037691904629442	0.01279051591841592	0.01030839391536719	0.05885602663834465	0.01831932338394075	0.01059376174725195	0.0122366352421856	0.01229039842304518	0.01051570928062543	0.06865360719253213	0.01198322218886427	0.0433147325235015	0.01045617649372995	0.01076478327788377	0.01226466179128749	0.0104042185892415	0.01022320333161566	0.05425259707472255
0.4081929929106155	-0.3327462881651523	0.2725923339260266	1.018361655166329	0.3220265088838408	-0.289519080224916	0.2717039427874067	-0.01180845481101161	0.161401052753297	0.1456644009773667	0.3693913115875141	0.1477165756145795	0.4747401530583559	0.01118191403173889	-0.6533559097229741	0.09715859432155426	-0.3167864939447685	-0.01890481266675228	-0.994788606841605	0.3878312865746315	-0.5852005506312918	0.01033426208931111	0.01190150237407884	0.01043442229453961	0.0459871838083319	0.02947703514095056	0.014286253537908	0.01194946701805837	0.01201466460169811	0.01287708543740509	0.06807285067999511	0.01195437612618155	0.04348985212075988	0.01045032280675864	0.0107689710746543	0.01247963960773805	0.0104063034577731	0.0102291449326357	0.05448392621030657	-0.0001324387814885125	0.01038084264971548	0.01298551202647243	0.0102997475322748	0.06025107526613967	0.01734739982089526	0.01054925334156598	0.01227541340546142	0.01233361375391431	0.01047568242501003	0.06839793154355753	0.01199053643334514	0.04306327495050299	0.01046148394517073	0.01076870821989152	0.01221900553030707	0.01040308894022326	0.01022155021522459	0.0544245875583848
0.4094337010957542	-0.332565365990361	0.2731807854748183	1.018374605547214	0.3212186719491785	-0.2893775999539352	0.2713130446814213	-0.0118321952698841	0.1601354531774518	0.146150835665348	0.3686495202277871	0.1438688816389535	0.4738316475590004	0.009693568015564607	-0.648789448195351	0.1310039094622352	-0.3132674147845194	-0.01938851744073417	-1.045420555837832	0.3963061060026756	-0.6106408084821033	0.01033829231832188	0.01199929546510488	0.01042288628794686	0.04713457929681904	0.02847449473278673	0.01397716840694369	0.01197803733837567	0.01204283958929532	0.01267733817698966	0.06808718871583215	0.0119576718833246	0.0434471624125613	0.01045147209455402	0.01076911441362742	0.01245621030617233	0.01040598921335071	0.01022844497406259	0.05448602188852281	-0.0001324384819438397	0.01038476625313654	0.01318050813452895	0.01029110114918241	0.06164612389393469	0.01637547625784977	0.01050474493588002	0.01231419156873725	0.01237682908478343	0.01043565556939462	0.06814225589458295	0.01199785067782601	0.04281181737750446	0.01046679139661152	0.01077263316189928	0.01217334926932665	0.01040195929120502	0.01021989709883352	0.05459657804204705
0.4106744092808928	-0.3323894499236682	0.2737681021565161	1.01838570694828	0.320416797121531	-0.2891937382026323	0.270926781014699	-0.0118566318730726	0.1588067103517763	0.1466478191374277	0.3678758977552565	0.139636211536605	0.4729102439749972	0.008200554722936175	-0.6437309699745366	0.1654894722297074	-0.3093039154435498	-0.02003043559920343	-1.096576471543234	0.4048212487388531	-0.636471397435066	0.0103423324048441	0.01210662925755353	0.01041163139993992	0.04829746216699225	0.02747433206027774	0.01369002880663544	0.01200748010564022	0.01207228869400739	0.01249112225281755	0.06808364699020411	0.01196126860127721	0.0433900244404368	0.01045295957522968	0.01076956686048959	0.0124312581334778	0.01040561924611614	0.01022767859599461	0.05449949080868972	-0.0001280718117760994	0.01038913532508334	0.01341214325293612	0.01028344995121851	0.06302288264890241	0.01545744383511819	0.0104701098101664	0.01235371517233898	0.01242085440891582	0.01040642181454675	0.06793805689280787	0.01200442555577825	0.04260227000076629	0.01047194352257961	0.0107764589456802	0.01213516017018978	0.01040111224063956	0.01021854449071178	0.05473139882562295
0.4119151174660314	-0.3322190404210915	0.2743542668147138	1.01839495172706	0.319621525294043	-0.2889666736254913	0.2705457288001721	-0.01188196756386001	0.157414170513538	0.1471553621781992	0.3670700556728544	0.134992390218364	0.4719746055009488	0.006700725027238149	-0.6381455197096183	0.2006461197357363	-0.3048666377253437	-0.02083783244972132	-1.148260226826626	0.4133279473237607	-0.6625782621229438	0.01034639976681001	0.01222421196339365	0.01040067536184195	0.04947387600942946	0.02647849111987372	0.01342349680670483	0.01203775439296585	0.0121029407628174	0.0123177926488148	0.06806538479883753	0.0119651116046342	0.04332112661706789	0.01045475122756134	0.01077029909476568	0.01240521085881371	0.01040520967460945	0.01022686353172322	0.05452210414890942	-0.000123705141608359	0.01039350439703014	0.01364377837134329	0.01027579875325461	0.06439964140387014	0.01453941141238661	0.01043547468445278	0.01239323877594071	0.01246487973304821	0.01037718805969888	0.06773385789103278	0.01201100043373048	0.04239272262402813	0.0104770956485477	0.01078028472946112	0.01209697107105291	0.01040026519007409	0.01021719188259003	0.05486621960919884
0.41315582565117	-0.3320546571934861	0.274939261285918	1.018402330616129	0.3188335231185415	-0.2886955624174873	0.2701704865850604	-0.01190840998193103	0.1559571776672545	0.1476734327836347	0.3662316968738984	0.1299184769212434	0.4710236957632374	0.005192398440589615	-0.6320076769354436	0.2364953832151608	-0.2999345172623407	-0.0218141052387016	-1.200472390276131	0.421771254474648	-0.6888554550877647	0.01035054141673627	0.01235285233291476	0.01039004280406201	0.05065980349895773	0.02549435439741194	0.01317618773229686	0.01206884666706258	0.01213482032641175	0.0121565568368458	0.06803875154880641	0.01196909353059828	0.04324562529007093	0.01045675710405488	0.01077123657097076	0.01237872407124708	0.01040478731050991	0.01022602883109402	0.05455001044005861	-0.0001169467510814691	0.01039904573067856	0.01391543350704574	0.01026933032473806	0.0657016389844574	0.01381156821519249	0.01040790995146978	0.01243410710925306	0.01251190464394019	0.01035439607002815	0.06767131982050069	0.01201550566961295	0.04229187012871391	0.01048071721264066	0.01078289604748348	0.01207225929145808	0.01039997644868057	0.01021643235150957	0.05491835392072632
0.4143965338363087	-0.3318968372274911	0.2755230662797983	1.018407832489382	0.3180534807553504	-0.2883795433739171	0.2698016716584953	-0.01193616500118168	0.1544350817837372	0.1482018984761022	0.365360684690571	0.124412527175146	0.4700571888405043	0.003675008395687987	-0.6253144418597089	0.2730367662873581	-0.2945059608084848	-0.02295372158072943	-1.253205180034347	0.4300846461270699	-0.7152149555281987	0.01035479923223878	0.01249326958169017	0.01037975566857459	0.05185166892022133	0.02452858737946575	0.01294685889091025	0.01210074487193295	0.01216794924280438	0.01200670525139014	0.06800948312860232	0.01197311869859118	0.04316815579620217	0.01045889707697998	0.01077231287510744	0.01235238227229188	0.01040437603846525	0.01022520037139407	0.05457974075884501	-0.0001101883605545792	0.01040458706432697	0.0141870886427482	0.01026286189622151	0.06700363656504464	0.01308372501799837	0.01038034521848679	0.01247497544256542	0.01255892955483218	0.01033160408035743	0.06760878174996857	0.01202001090549542	0.04219101763339968	0.01048433877673363	0.01078550736550584	0.01204754751186325	0.01039968770728706	0.01021567282042911	0.0549704882322538
0.4156372420214474	-0.3317461155693484	0.2761056623845704	1.018411445984499	0.3172820861636506	-0.2880177602987421	0.269439898561333	-0.0119654320357393	0.1528472410103646	0.1487405693658442	0.3644569515384384	0.1184816191895325	0.4690751364426455	0.002148586187523485	-0.6180747442607152	0.3102580638900018	-0.2885897091630118	-0.02424638409113383	-1.306446319631879	0.4381963964629691	-0.7415778496438882	0.01035924427324789	0.01264652848175804	0.01036983612180295	0.05304441435429619	0.02358970366197068	0.01273425473313974	0.01213346295019189	0.01220244227215228	0.01186747368879822	0.0679847824142177	0.01197705272491357	0.04309475577381273	0.01046104554779998	0.01077342752217875	0.01232690143257301	0.01040401152385677	0.01022441419391816	0.05460642574960266	-0.0001049011043054493	0.01041205025061821	0.01450802330236985	0.01025761071582944	0.06818659516684678	0.01259880571018211	0.01035796700377384	0.01251779307730406	0.01261120163167533	0.01031303404655553	0.06773504430444695	0.01202139530986674	0.04224085858328659	0.01048524175920358	0.01078600495874945	0.01204022817746971	0.01040026918209848	0.01021578237898684	0.05489856702879799
0.4168779502065861	-0.3316030000382899	0.2766870309259281	1.018413160830812	0.3165199919781333	-0.2876093973575604	0.269085749610646	-0.01199638538441548	0.1511930416620493	0.1492891292232202	0.3635205451958286	0.1121515921121471	0.4680783784690928	0.0006144203304209782	-0.6103223615360752	0.3481226841946464	-0.2822159799625433	-0.02567202594138649	-1.360174031612592	0.4460254878594374	-0.767883578973142	0.01036393983809889	0.01281357577469453	0.01036030390987151	0.0542335334286257	0.02268537665787231	0.01253724973607091	0.01216701332592786	0.0122384016643651	0.01173817853918356	0.06797115743299514	0.0119807758480205	0.04303085312044475	0.01046309063058271	0.01077449098892525	0.01230291986711879	0.010403725538448	0.01022370240382452	0.05462568013992231	-9.961384805631947e-05	0.01041951343690946	0.0148289579619915	0.01025235953543738	0.06936955376864891	0.01211388640236585	0.0103355887890609	0.01256061071204271	0.01266347370851847	0.01029446401275364	0.06786130685892534	0.01202277971423806	0.04229069953317349	0.01048614474167354	0.01078650255199305	0.01203290884307618	0.01040085065690991	0.01021589193754457	0.05482664582534217
0.4181186583917247	-0.3314679731964039	0.2772671540872441	1.018412968083396	0.3157678177523778	-0.2871536740295487	0.2687397776819285	-0.01202918072231155	0.1494718900252857	0.1498471933502783	0.3625515597478611	0.1054575427459355	0.4670681409108082	-0.0009255740552688133	-0.6021032921181279	0.3865820882784325	-0.2754255935235648	-0.0272060072132569	-1.414362116052441	0.4534894606292257	-0.7940802229955757	0.01036897512237803	0.01299565290972099	0.01035117337056354	0.05541367003735276	0.02182065144599014	0.01235472362821791	0.01220142759128923	0.01227600230839743	0.01161812456343741	0.06797537145545385	0.0119841576754573	0.0429823119989287	0.01046490444822391	0.01077540093648899	0.01228110207696647	0.01040355825137774	0.01022310320402644	0.05463255992727963	-9.637378964325724e-05	0.01042959852591421	0.01520754389349675	0.01024822325084639	0.07040403105448319	0.01181609681296882	0.0103170849191043	0.01260585190180803	0.01272286432872176	0.0102789524185066	0.06819189123128308	0.0120206300205694	0.04250954369534304	0.01048379987055507	0.01078446223906607	0.01204445341938178	0.01040254430607608	0.01021705824231024	0.05461015226597344
0.4193593665768633	-0.3313414444737716	0.2778460167057133	1.018410862998866	0.3150260870977517	-0.2866499094155035	0.2684024508562086	-0.01206392595728704	0.1476832425523988	0.150414239825941	0.3615501616749047	0.09845278911636017	0.4660464061784299	-0.002468232534812768	-0.5934875294464562	0.4255643749649713	-0.2682802440008257	-0.02881521806091894	-1.468976123670179	0.4605048733143498	-0.8201321767404283	0.01037442957853458	0.01319386328408791	0.01034245727491242	0.05658004589188855	0.02100005611434146	0.01218567311164507	0.01223673389455138	0.0123154000195578	0.01150669024607349	0.06800353238983535	0.01198708200077741	0.04295440163221641	0.01046637308414584	0.01077606618968206	0.01226204042334897	0.01040354544633773	0.01022265062506129	0.05462261106057097	-9.313373123019501e-05	0.01043968361491897	0.015586129825002	0.0102440869662554	0.07143850834031748	0.0115183072235718	0.01029858104914771	0.01265109309157334	0.01278225494892504	0.01026344082425957	0.06852247560364082	0.01201848032690074	0.0427283878575126	0.01048145499943661	0.01078242192613908	0.01205599799568738	0.01040423795524224	0.01021822454707591	0.0543936587066047
0.4206000747620019	-0.3312237754618007	0.278423605413186	1.018406843707013	0.3142952608172145	-0.286097486879469	0.2680741819032714	-0.01210069990268484	0.1458265858784157	0.1509896785051792	0.3605165435651646	0.09119877695474422	0.4650154912647829	-0.004009828462063292	-0.5845556642541375	0.4649872866097738	-0.2608509411568254	-0.03046337160493751	-1.523978121771322	0.4669938070985457	-0.8460110574530979	0.01038040328188394	0.01340924042786958	0.01033415874063545	0.05772807937422221	0.02022482302101058	0.01202910960018319	0.01227296963951739	0.01235679349933019	0.01140326143700603	0.06806108832738575	0.01198945802221641	0.04295183851277092	0.01046740515516279	0.0107764076376794	0.01224623318612849	0.01040372204855978	0.01022237705556295	0.05459224899353175	-9.050533589789804e-05	0.01045298681807689	0.0160222546570921	0.01024085304770515	0.07232203842007374	0.01133244389489137	0.01028301357149259	0.01269901651746394	0.01284999692292598	0.01025035459322472	0.06904778985330717	0.01201324813795974	0.04310908824278477	0.0104762464734861	0.01077800945454217	0.01208494548107423	0.01040707100057312	0.01022045386846097	0.05404948861361027
0.4218407829471406	-0.3311152140333491	0.2789999111679326	1.018400915350346	0.3135756507909086	-0.2854959411310899	0.2677552522823649	-0.01213951748896601	0.1439014742343101	0.1515728014540648	0.3594509343057727	0.08377154314253665	0.4639783096968871	-0.005545610307813685	-0.5754071495138556	0.5047501081082753	-0.2532254260800957	-0.03210952167424693	-1.579324321217094	0.4728917757081317	-0.871701362232316	0.010386985374728	0.0136427020803992	0.01032628054266073	0.05885367501846459	0.01949603534425065	0.01188414844308484	0.01231016815103843	0.01240035976393849	0.01130728939543999	0.06815295354009356	0.01199120481377974	0.04297885558747273	0.01046791925248758	0.01077635479838102	0.01223412445173842	0.01040411917004511	0.01022231134651489	0.05453824127487918	-8.787694056560104e-05	0.01046629002123481	0.0164583794891822	0.01023761912915489	0.07320556849982998	0.01114658056621095	0.01026744609383747	0.01274693994335454	0.01291773889692692	0.01023726836218986	0.06957310410297354	0.01200801594901873	0.04348978862805693	0.01047103794753559	0.01077359698294527	0.01211389296646106	0.010409904045904	0.01022268318984603	0.05370531852061584
0.4230814911322793	-0.3310159422256963	0.2795749274582215	1.018393087207939	0.3128674828462912	-0.2848448939085216	0.2674458675044038	-0.01218035890669699	0.1419074992541314	0.1521628515376462	0.3583535729919203	0.07625236348082141	0.4629379875256572	-0.007070452248866695	-0.5661480285828145	0.544745502798509	-0.2454974487851965	-0.03371212939219365	-1.634968839656239	0.4781485409242694	-0.8971928098310763	0.01039427867127007	0.01389494056030469	0.01031881319168083	0.0599542691399987	0.01881278306285871	0.01174992439178105	0.01234836176762469	0.01244628765705584	0.01121823948286491	0.06828232455569579	0.01199229993986835	0.04303798729203516	0.0104678858741599	0.0107758686537859	0.01222591522395626	0.01040475160764141	0.01022246846971367	0.05445988797411946	-8.404665175813881e-05	0.01048325525447886	0.01694797061043666	0.01023499970462684	0.07397212374641242	0.01102550950410205	0.01025413533311349	0.0127975667529825	0.01299435211045735	0.01022622726569383	0.07025357112854047	0.01200098959982244	0.04399459532264935	0.01046409181984057	0.01076746736241086	0.01215502874616622	0.01041352997515977	0.01022568406197506	0.05329566561060878
0.4243221993174179	-0.3309260017538587	0.2801486531796827	1.018383377473843	0.3121708003000346	-0.2841441519136829	0.2671460712572603	-0.01222313678590253	0.139844330779797	0.1527590136574782	0.3572247087143532	0.06872960829144019	0.4618979360645645	-0.008578702128368598	-0.5568929091659764	0.5848571906654414	-0.2377688992907399	-0.03523105446491923	-1.690863007822027	0.4827442646155429	-0.9224835964247236	0.01040237475110445	0.01416656961983416	0.01031174823141003	0.061027560677851	0.0181742209857222	0.01162566369354337	0.01238757930001304	0.01249474539317167	0.01113563420725347	0.06845207699517894	0.01199272340134603	0.04313150173865753	0.01046727873581772	0.01077491444019138	0.01222178452267766	0.01040563254224581	0.01022286176127728	0.05435655382309211	-8.021636295067655e-05	0.01050022048772291	0.01743756173169111	0.01023238028009878	0.07473867899299486	0.01090443844199315	0.01024082457238952	0.01284819356261047	0.01307096532398778	0.0102151861691978	0.07093403815410738	0.01199396325062614	0.04449940201724178	0.01045714569214556	0.01076133774187646	0.01219616452587137	0.01041715590441554	0.01022868493410409	0.05288601270060172
0.4255629075025565	-0.330845359875355	0.2807210901041396	1.018371809118746	0.3114855500507452	-0.2833936197480709	0.266855821387494	-0.01226773096622364	0.1377116794512278	0.1533604639936353	0.3560645903615804	0.06129242458457612	0.4608615954739702	-0.01006463427649376	-0.5477568926732899	0.6249678722737337	-0.2301425601837183	-0.03662891342027998	-1.746957713448986	0.4866812890401723	-0.9475748021064957	0.010411370334642	0.01445799316427137	0.01030506431143702	0.0620736951656638	0.01757845992028185	0.01151061401880861	0.01242784116075028	0.01254588668715719	0.01105901054318783	0.06866237623120999	0.01199253282706154	0.04325895283123765	0.01046613151127982	0.0107734966187464	0.01222150127306985	0.01040673923018001	0.01022347446973946	0.05423157334613859	-7.542670191974774e-05	0.01052109215130439	0.01797651170660984	0.01023005758513447	0.07544957969919405	0.01082192635078764	0.01022927759598644	0.0129013619765588	0.0131563297318796	0.01020590981293091	0.07170066994108873	0.01198696900293367	0.04506200111312558	0.01044985288836282	0.01075437823516413	0.01223993470848941	0.01042073807368772	0.01023176001363596	0.05251418896553047
0.4268036156876952	-0.3307738388340988	0.2812922455895038	1.018358414451988	0.3108114928355041	-0.2825933930773608	0.2665749085312152	-0.01231396643031777	0.1355093365925902	0.1539664196271315	0.3548734620340915	0.0540269839030966	0.4598322790620546	-0.01152268412209807	-0.5388499432542495	0.6649638542268477	-0.2227178029742695	-0.03787676890488951	-1.803204523013406	0.4900067219480017	-0.9724711351901231	0.01042135157027795	0.01476956825355366	0.0102987424092736	0.06309278985213834	0.01702377916619006	0.01140410298210122	0.01246916553481886	0.01259984844080889	0.01098795510878181	0.0689133600299856	0.0119917795738026	0.04341993114851043	0.0104644741961427	0.01077161916219137	0.01222485936727595	0.010408051410514	0.01022429167281581	0.05408794927278104	-7.063704088881894e-05	0.01054196381488588	0.01851546168152858	0.01022773489017017	0.07616048040539324	0.01073941425958213	0.01021773061958336	0.01295453039050712	0.01324169413977142	0.01019663345666401	0.07246730172807005	0.01197997475524121	0.0456246002090094	0.01044256008458008	0.01074741872845181	0.01228370489110745	0.0104243202429599	0.01023483509316784	0.05214236523045922
0.4280443238728338	-0.33071119032144	0.2818621297034971	1.01834323034509	0.3101482996508871	-0.2817436607276167	0.2663030419594231	-0.01236164609456647	0.133237133414557	0.1545761468176056	0.3536515632441397	0.04701521119312595	0.4588131241301178	-0.01294755883501859	-0.5302757141853802	0.7047366533554548	-0.2155891288687653	-0.03895167509173052	-1.859556212046324	0.4927936662600853	-0.9971778959521097	0.01043240069246161	0.01510145965194634	0.01029275228793	0.0640874750932915	0.01650793711953874	0.01130548006938141	0.0125115601078778	0.01265673326607423	0.01092206658969795	0.06920196796136543	0.01199059133580375	0.04361088911155588	0.01046238527447576	0.0107693213328797	0.01223112976925217	0.01040949642207272	0.01022525372147243	0.0539332412444396	-6.7257794219002e-05	0.01056676385574629	0.01909973367297818	0.01022541704704068	0.07688288719593887	0.01068086398609293	0.01020759313038672	0.01301001436079259	0.01333517579406977	0.01018886684283841	0.07323419560782747	0.0119749030355338	0.04616417125826361	0.01043611365973007	0.01074047449059056	0.01231734852271624	0.01042658572502801	0.0102369014832788	0.05193173507802073
0.4292850320579725	-0.3306570412253211	0.2824307572626827	1.018326301717158	0.3094954854277674	-0.2808447778062907	0.2660397869134177	-0.01241054677274836	0.1308949760874351	0.1551890740730055	0.3523991253266116	0.04032606707585652	0.457806734658368	-0.01433482183394991	-0.5221192333748533	0.7441937209883983	-0.2088361665494428	-0.03984502042868174	-1.915969379936973	0.4951651765286222	-1.021699670537259	0.01044459094299145	0.01545381180959338	0.01028706700894897	0.06506009363133312	0.01602890287680796	0.01121416417659503	0.0125550317267413	0.01271663253145019	0.01086098681279567	0.06952543104756945	0.01198908191715788	0.04382863714283355	0.01045993466277626	0.01076663810972409	0.01223966263705689	0.01041100953697708	0.01022630748169468	0.05377426560014286	-6.387854754918508e-05	0.0105915638966067	0.01968400566442777	0.01022309920391119	0.07760529398648452	0.01062231371260373	0.01019745564119008	0.01306549833107805	0.01342865744836812	0.01018110022901282	0.07400108948758492	0.0119698313158264	0.04670374230751782	0.01042966723488007	0.01073353025272931	0.01235099215432504	0.01042885120709612	0.01023896787338977	0.05172110492558223
0.4305257402431112	-0.3306109641582514	0.2829981451238129	1.01830767697493	0.3088524987328381	-0.2798971725722446	0.2657846459419979	-0.01246044120313399	0.1284828058628229	0.1558047420224537	0.3511163760102701	0.03402012267817496	0.4568153712579782	-0.0156805983416155	-0.5144536887807831	0.783252809256299	-0.2025289184838656	-0.04055612947069393	-1.972403091906156	0.4972668212707231	-1.046039896221519	0.0104579852403725	0.01582656593554791	0.01028165228246237	0.06601474630664347	0.01558439625791105	0.01112959550261068	0.01259958076047484	0.01277959210217981	0.0108043667046924	0.06987815431235436	0.01198741985170265	0.04406732394628256	0.01045722011273224	0.01076362895569053	0.01224934445719254	0.01041247380178385	0.01022735495313529	0.0536216167731751	-6.411114504334696e-05	0.01062014473078535	0.02030900298743892	0.01022057564118433	0.07838984263152657	0.01057928868723188	0.01018847599964852	0.01312315287480447	0.01352929403997495	0.01017458910845111	0.07468822446252156	0.01196813988456882	0.04714774964350512	0.01042482218026949	0.01072723051964004	0.01236257063834345	0.01042847200583018	0.01023888848045855	0.05177944667988263
0.4317664484282498	-0.3305724478966045	0.2835643132154001	1.018287409824308	0.3082186899144791	-0.2789013892761665	0.2655370245709299	-0.01251111473990771	0.1260006269249274	0.1564229652028678	0.3498035402324911	0.02813816425301641	0.4558404870566754	-0.01698235648397714	-0.5073246377769626	0.8218559327538444	-0.1967146824657557	-0.041100930173902	-2.028822197977509	0.4992841836154404	-1.07019851080773	0.01047263961823783	0.01621966793891709	0.01027647756027826	0.06695509863470828	0.01517235783055765	0.01105127418504471	0.01264520753891095	0.01284565279698197	0.0107518948042103	0.07025509010752985	0.01198575534386615	0.04432169893985424	0.01045432870720413	0.01076034684819402	0.01225918283202109	0.01041378503255976	0.01022830883976584	0.0534848487324931	-6.434374253750885e-05	0.01064872556496401	0.02093400031045007	0.01021805207845747	0.07917439127656861	0.01053626366186003	0.01017949635810696	0.01318080741853089	0.01362993063158178	0.01016807798788939	0.07537535943745821	0.01196644845331124	0.04759175697949241	0.01041997712565891	0.01072093078655077	0.01237414912236186	0.01042809280456424	0.01023880908752733	0.05183778843418303
0.4330071566133885	-0.3305409516107511	0.2841292824995853	1.018265555786399	0.3075933773956024	-0.2778580150647568	0.2652962939439991	-0.01256236934873756	0.1234484713225445	0.1570437186870935	0.3484608437186114	0.0227105507330064	0.4548831129516546	-0.01823827355180039	-0.5007632688163686	0.859957868226715	-0.1914287834886703	-0.0415029212857474	-2.085194549786621	0.5014130829945973	-1.09417350582687	0.01048860150630184	0.01663284447681689	0.01027151006613592	0.06788546833721137	0.01479062017655011	0.01097872038482363	0.01269191482390061	0.01291481700537667	0.01070326629145507	0.07064943340695677	0.01198425701187649	0.04458513482150425	0.01045135484631886	0.01075685742574338	0.0122680104413904	0.0104148150112232	0.01022906310167503	0.05337504939060929	-6.903972758259399e-05	0.01068095762062378	0.02159445583279427	0.01021522920701172	0.08004417788819994	0.01050366228799776	0.01017149660272199	0.01324069192848726	0.01373686125605683	0.01016257023975662	0.07592820704666874	0.01196877669542113	0.04789763968908166	0.01041702331578409	0.0107156473512326	0.01235816166551063	0.01042435871696296	0.01023602219924196	0.05221765321502605
0.4342478647985271	-0.3305159020777459	0.2846930749253728	1.018242172172298	0.3069758523494506	-0.2767676901272471	0.2650617872456461	-0.01261405715626574	0.1208264192449596	0.1576673121893662	0.3470885189600552	0.01774608728407086	0.453943411186691	-0.01944800812294904	-0.4947713391622308	0.8975397100281658	-0.1866817900725075	-0.0417992477225515	-2.141494094306136	0.5038622763657147	-1.117958710088657	0.01050591314004485	0.01706585109681302	0.01026672060089493	0.06880972162686287	0.01443723017225934	0.01091150579097939	0.01273970507919194	0.01298708682432548	0.01065820925702109	0.07105505165453394	0.01198307513537589	0.0448516888773121	0.01044838262788996	0.01075321916856604	0.0122747869426561	0.01041544951805764	0.01022952328089437	0.05330220941306352	-7.373571262767907e-05	0.01071318967628355	0.02225491135513847	0.01021240633556597	0.08091396449983128	0.01047106091413549	0.01016349684733702	0.01330057643844362	0.0138437918805319	0.01015706249162384	0.07648105465587925	0.01197110493753102	0.04820352239867092	0.01041406950590927	0.01071036391591443	0.01234217420865939	0.01042062462936169	0.01023323531095659	0.05259751799586906
0.4354885729836657	-0.3304967232419382	0.2852557123970844	1.018217316271436	0.3063654105507603	-0.2756310648548951	0.2648328340315153	-0.01266606373734589	0.1181345711698739	0.1582942283787671	0.3456868044004812	0.01324354547811989	0.4530211463955722	-0.02061190485163307	-0.4893372182525717	0.934594769772422	-0.1824727310417028	-0.04203169807655097	-2.197697548886539	0.5068313750438956	-1.141546204417851	0.01052462422616922	0.01751821542477851	0.01026208259556969	0.06973148663070108	0.01411020128796837	0.01084922034694349	0.01278859403703949	0.01306246206261302	0.01061645684716128	0.07146527990340173	0.01198233625974627	0.04511552803556991	0.0104454874622537	0.01074949419024808	0.01227870329584645	0.0104155993229367	0.01022962003719039	0.05327460499149873	-8.184655887904927e-05	0.01074930736045466	0.02294506754388321	0.01020930783624792	0.08186843719767183	0.01044567311391457	0.01015634917152311	0.01336301238885759	0.01395696776234078	0.01015231977573713	0.07687655561831637	0.01197708636774496	0.04836585025421285	0.01041291223613034	0.01070626103422854	0.01230275866613794	0.01041397780735101	0.01022821217926211	0.05326723024148097
0.4367292811688044	-0.3304828565060807	0.2858172158265398	1.018191043740153	0.3057613872183834	-0.2744487819926192	0.264608783223348	-0.01271834865630552	0.1153730619708695	0.1589252583149813	0.3442559540300972	0.009183047886556366	0.4521153540641608	-0.02173159339502951	-0.484424850659691	0.9711389788416575	-0.1787791655143466	-0.04224793543714551	-2.253786611786342	0.5104936056976598	-1.164925112895013	0.0105447790266625	0.01798951657304818	0.01025757238116221	0.07065401585815385	0.01380774665353684	0.01079149814008996	0.0128385957191618	0.01314094252528078	0.01057777107035378	0.07187411369627152	0.01198215316524347	0.04537142172686337	0.0104427365296974	0.0107457378307615	0.01227903837034555	0.0104151849352853	0.01022929160254807	0.05329967684854591	-8.995740513041952e-05	0.01078542504462576	0.02363522373262795	0.01020620933692987	0.08282290989551236	0.01042028531369365	0.01014920149570921	0.01342544833927156	0.01407014364414968	0.01014757705985042	0.07727205658075352	0.0119830677979589	0.04852817810975479	0.01041175496635141	0.01070215815254265	0.01226334312361648	0.01040733098534033	0.01022318904756763	0.05393694248709288
0.4379699893539431	-0.3304737635266635	0.286377605179406	1.018163408625931	0.305163152353755	-0.2732214664830112	0.2643890066953319	-0.01277091193252679	0.1125420406397147	0.1595613279619449	0.34279623141432	0.005537050081248211	0.4512247808919124	-0.02280922428148986	-0.4799886163313029	1.007197517648328	-0.1755698006656017	-0.04249558858033512	-2.309744925638944	0.5149921887041804	-1.188083770559293	0.01056646406399387	0.01847910833852072	0.01025317211486018	0.07157968979525407	0.01352808559495257	0.01073798946227379	0.01288974635876475	0.01322258445656535	0.01054191828920692	0.07227617530448448	0.01198257738869399	0.04561539755278129	0.0104401776750507	0.01074200375766975	0.01227559884686973	0.01041419400407355	0.01022853386018823	0.05337990131562473	-9.87977552405793e-05	0.01082649307074444	0.02434911746738407	0.01020294220931553	0.08384341430479413	0.01040003087535626	0.01014281016114404	0.01349098669741633	0.01419091843536754	0.0101433886456549	0.07751870678681942	0.0119913908060588	0.0485720527428025	0.01041202382257608	0.01069926963372616	0.01221214652320264	0.01039926210315375	0.01021721770440379	0.05477677709218416
0.4392106975390817	-0.3304689618240698	0.2869368979762246	1.018134460719428	0.3045701636023629	-0.2719496892962059	0.264172940013677	-0.01282382887684001	0.1096416808330453	0.160203546146903	0.3413079198392845	0.002265558782432814	0.4503477240941512	-0.02384779335436822	-0.4759681761522114	1.042810456576624	-0.1727989276606565	-0.04281805427354967	-2.365559028091511	0.5204049798819518	-1.211010000715957	0.01058975638872355	0.018986415863311	0.01024886590150084	0.07251064439145259	0.01326961880249169	0.01068838233199817	0.01294207824471659	0.01330743793790174	0.01050869017443721	0.07266661828511856	0.01198365485777184	0.04584389100540669	0.01043785352091008	0.0107383397858312	0.01226821228685832	0.01041261552350973	0.01022734314126964	0.0535174836873207	-0.0001076381053507391	0.01086756109686311	0.02506301120214018	0.01019967508170118	0.08486391871407589	0.01037977643701887	0.01013641882657887	0.01355652505556111	0.01431169322658539	0.01013920023145939	0.07776535699288534	0.0119997138141587	0.04861592737585022	0.01041229267880076	0.01069638111490968	0.01216094992278879	0.01039119322096716	0.01021124636123995	0.05561661169727544
0.4404514057242204	-0.3304680045082063	0.2874951102393611	1.018104247164181	0.3039819314423137	-0.2706339852582449	0.2639600594603689	-0.01287720960097007	0.1066721667611184	0.1608530700944074	0.3397913127300623	-0.0006756959711156569	0.4494823431121523	-0.02485057608463785	-0.4722988278596838	1.078022897800718	-0.1704158469531367	-0.0432538956272165	-2.421216274045362	0.5267653049617382	-1.233692141683165	0.01061483071586262	0.01951066080243099	0.01024464462582346	0.07344786596650445	0.01303077377797362	0.01064237883943086	0.01299564967822477	0.01339566321272804	0.01047788279266171	0.07304187488281542	0.01198534803826829	0.04605510107383341	0.01043578186403984	0.01073478938190864	0.01225727867048261	0.01041051775339897	0.01022577601218776	0.05370759111652705	-0.0001148242021002415	0.01091600620999805	0.02579496637942064	0.01019637933038952	0.08592249686808849	0.01036328277089996	0.01013070751446749	0.01362583232421388	0.0144427759751467	0.0101353952239846	0.07789104130817481	0.01200844752601845	0.0485818354644938	0.01041345402842794	0.01069466708715557	0.01211141601352812	0.01038357245172875	0.01020575358528639	0.05644572399869391
0.441692113909359	-0.3304705222977317	0.2880522548365209	1.018072809413721	0.303398076612272	-0.2692748096179023	0.2637499303629726	-0.01293121727551664	0.1036337031062616	0.1615110387787362	0.3382467209873488	-0.003336271431269942	0.4486266645925283	-0.02582117609005036	-0.4689119712038304	1.112885946122206	-0.1683636040129003	-0.04382869620287994	-2.476704557955156	0.5340177710140698	-1.256120727681789	0.01064184263944026	0.02005115136463834	0.01024050016755022	0.07439224059969089	0.01281013994930511	0.01059971327102066	0.01305051261128276	0.0134874030013945	0.01044931432971181	0.073398726512216	0.011987623475464	0.04624740858093613	0.01043397855799689	0.01073139127194649	0.01224315441260699	0.01040796150007785	0.0102238828606182	0.05394585512132573	-0.000122010298849744	0.01096445132313299	0.0265269215567011	0.01019308357907787	0.08698107502210108	0.01034678910478104	0.01012499620235611	0.01369513959286665	0.01457385872370801	0.01013159021650981	0.07801672562346429	0.01201718123787819	0.04854774355313739	0.01041461537805513	0.01069295305940146	0.01206188210426744	0.01037595168249033	0.01020026080933283	0.05727483630011238
0.4429328220944976	-0.3304761879152989	0.2886083429792273	1.018040185878576	0.3028182772707887	-0.26787257421054	0.2635421663604701	-0.01298603336854466	0.1005265044754665	0.1621785259029969	0.3366744628503993	-0.005766407388675493	0.4477787324001133	-0.0267632208583873	-0.4657398583997144	1.14745128223811	-0.1665843588510399	-0.0445599905371044	-2.532011411752369	0.5420607308701139	-1.278288076636944	0.01067112515170777	0.02060704010983445	0.01023643023635282	0.07534343369989709	0.01260634351149144	0.01056013193333053	0.01310674242024997	0.0135829298597833	0.01042280792974315	0.07373569959379826	0.01199036536649705	0.04642113956668491	0.01043243431856886	0.01072817812102908	0.0122266079561629	0.0104050709693475	0.01022175574135328	0.05422082570178866	-0.0001275900830631018	0.01102470282921516	0.02727223288292266	0.01018988696868809	0.08804582654838777	0.01033314386217415	0.0101199001910735	0.01376884684944454	0.01471855723842724	0.01012804590133161	0.07806440647265747	0.01202431565348196	0.04848361570181458	0.01041609256450123	0.01069232081277257	0.01202432593165705	0.01037036746377513	0.0101963039809178	0.05790204458362035
0.4441735302796363	-0.3304847557219981	0.2891633827815987	1.018006409116302	0.3022423186337437	-0.2664276076451031	0.2633364752644979	-0.01304185390101371	0.09735080756028211	0.1628563662373675	0.3350748654777166	-0.008014563270665199	0.4469367579724561	-0.02768015902513673	-0.4627208071527562	1.181767844392394	-0.1650220986184925	-0.04544783778220184	-2.587122603398036	0.5507069636670299	-1.300191087619997	0.0107029747983562	0.02117757425700804	0.01023243279182015	0.07630114597651419	0.0124181534209761	0.01052340859250593	0.0131644062713972	0.01368248654127088	0.01039820594022168	0.07405146102892844	0.01199347050474545	0.04657658297432718	0.01043114087410116	0.01072517903122115	0.01220832425573252	0.01040195680905252	0.0102194766561598	0.05452220138340038	-0.0001331698672764597	0.01108495433529732	0.02801754420914421	0.01018669035829831	0.08911057807467447	0.01031949861956726	0.0101148041797909	0.01384255410602242	0.01486325575314647	0.0101245015861534	0.07811208732185067	0.01203145006908573	0.04841948785049177	0.01041756975094734	0.01069168856614367	0.01198676975904665	0.01036478324505994	0.01019234715250278	0.05852925286712831
0.445414238464775	-0.3304960197406599	0.289717380915095	1.0179715088715	0.3016700356088745	-0.2649401986850452	0.263132610778389	-0.01309887125451344	0.09410686120595206	0.1635452227027637	0.3334482576298132	-0.01012731346441868	0.4460990768252278	-0.02857528094648152	-0.4597974449443293	1.215881966941814	-0.1636228664623616	-0.0464837854922026	-2.642022688466937	0.5597354960708801	-1.321829194704737	0.01073798465765537	0.02176193842772893	0.01022850963175766	0.0772644335051272	0.01224437920971522	0.01048932717924344	0.01322358678416344	0.01378642201921037	0.01037535645516942	0.07434562486850919	0.01199677898869158	0.04671517911869671	0.01043006952328324	0.01072241500277415	0.01218917464660531	0.0103987665184082	0.01021714766490061	0.05483465082660019	-0.0001387831996676364	0.01116446617907027	0.02877366412747961	0.01018368139938538	0.09016344179782462	0.01030809654671981	0.01011026629982474	0.01392112221325898	0.01502444967854358	0.01012114577805263	0.07810571702227859	0.01203549453932994	0.04835543465127174	0.01041886597401285	0.01069198403341544	0.01196655189365862	0.01036225902840934	0.0101905121089999	0.0588084467175275
0.4466549466499136	-0.3305098467013212	0.290270341552848	1.01793550980069	0.3011013493645276	-0.2634105652589506	0.2629304110635194	-0.01315725072010593	0.09079494222211471	0.1642453461482033	0.331794964530881	-0.01214598527804196	0.4452643330123396	-0.02945144766318948	-0.4569228568375798	1.249832953507905	-0.1623385109855597	-0.04764353389164164	-2.696693302670489	0.5688691129826126	-1.34320723930069	0.01077668286747181	0.02235940860670444	0.01022466235755297	0.07823244964589059	0.01208395506555269	0.010457695041986	0.01328435757830613	0.01389504709277835	0.01035412407784683	0.07461783804533487	0.01200014831301769	0.04683821823300954	0.01042919469710542	0.01071990474479849	0.01216993587282541	0.01039563149760503	0.01021485968249636	0.05514439846917771	-0.0001443965320588131	0.01124397802284322	0.029529784045815	0.01018067244047245	0.09121630552097477	0.01029669447387236	0.01010572841985858	0.01399969032049554	0.01518564360394069	0.01011778996995186	0.07809934672270651	0.01203953900957416	0.0482913814520517	0.01042016219707836	0.0106922795006872	0.01194633402827059	0.01035973481175874	0.01018867706549702	0.0590876405679267
0.4478956548350522	-0.3305261362878272	0.2908222678235725	1.017898434286347	0.3005362175272899	-0.2618388946946676	0.2627297527592606	-0.01321713421211616	0.0874153440303454	0.1649567487496856	0.3301153057567637	-0.01410890038198733	0.4444313424415722	-0.03031128957957816	-0.454055570110978	1.283655878535535	-0.1611242178777158	-0.04889655947110881	-2.751113824242735	0.5778192744006295	-1.364333108266303	0.01082008842942543	0.02296925093729651	0.01022089427605138	0.07920404639346346	0.01193585596112469	0.01042832809667385	0.0133467969402569	0.0140087282515875	0.01033437982455885	0.07486808567058877	0.01200342158800602	0.04694732405174879	0.01042847866518534	0.01071765586292269	0.01215137529709337	0.01039269561204766	0.01021270797371839	0.05543602537019796	-0.0001493779598775956	0.01135514202346498	0.0302954807419623	0.01017789379645914	0.09224773728630348	0.0102871376931883	0.01010169759284916	0.0140833307618472	0.01536509512655613	0.01011459566662658	0.0780476737637799	0.01203996039004605	0.04823777559221892	0.01042095424713913	0.01069326336840641	0.01194426107976449	0.01036074179453061	0.01018918815598997	0.05895639390688553
0.4491363630201909	-0.3305448471314867	0.2913731611038436	1.017860300738205	0.2999746584510665	-0.2602253208341728	0.2625305815969017	-0.01327860566969732	0.0839683926733454	0.1656789563801591	0.3284095864381453	-0.01604900414491234	0.443599170879707	-0.03115697930418046	-0.4511636384980476	1.317380331650182	-0.1599412698467054	-0.05020329499935798	-2.805265436392554	0.5862865894144355	-1.385216378663391	0.01086910867819696	0.02359081399372695	0.01021720833290182	0.08017819323761986	0.01179916488910907	0.01040106223272574	0.01341097462850125	0.01412779186332905	0.01031600874015768	0.07509634939217616	0.01200645899266241	0.04704395289176808	0.01042788781545502	0.01071567513239786	0.01213417697396376	0.01039008702405563	0.01021077740007485	0.0556956734524973	-0.0001543593876963781	0.01146630602408673	0.0310611774381096	0.01017511515244583	0.09327916905163219	0.01027758091250424	0.01009766676583973	0.01416697120319886	0.01554454664917157	0.01011140136330131	0.0779960008048533	0.01204038177051795	0.04818416973238614	0.0104217462971999	0.01069424723612561	0.0119421881312584	0.01036174877730248	0.01018969924648293	0.05882514724584436
0.4503770712053295	-0.330565964223393	0.291923022023884	1.017821125855191	0.2994167152968177	-0.2585699533502649	0.2623328742889296	-0.01334171473642311	0.08045442775196457	0.1664112480431347	0.3266781045570639	-0.01799683245633337	0.4427669423797618	-0.03199046975513659	-0.4482189037814343	1.351035081283209	-0.1587538028428205	-0.05152246055232323	-2.859134748540872	0.5939854811342588	-1.405864291556133	0.01092545129403357	0.02422344944666452	0.01021360749740395	0.08115343422015182	0.01167300154484995	0.01037574023763867	0.01347695587882142	0.01425256924612282	0.01029890249240517	0.07530344290147274	0.01200915105711172	0.04712955413726964	0.01042738550041451	0.01071395456072262	0.01211886535364239	0.0103879260247831	0.01020914618054746	0.05591151381346927	-0.0001575633451194623	0.01162939608239869	0.03183563148060861	0.01017257130304108	0.09427587107198467	0.01026955897921748	0.01009408974957405	0.01425567040003419	0.01574282335325067	0.01010837354208211	0.07792174606473197	0.01203771829723596	0.04814281366232573	0.01042191726150443	0.01069557712544894	0.01195535712159016	0.01036627032629669	0.01019251152028781	0.05831752222477694
0.4516177793904682	-0.3305895177717521	0.2924718499534054	1.017780923521412	0.2988624703248001	-0.2568728591382017	0.2621366607364165	-0.01340644216079159	0.07687380762038239	0.1671524608846831	0.3249211462634342	-0.01997651764161093	0.4419340088957596	-0.03281321117922015	-0.4452022518724328	1.384643078040772	-0.1575333750961231	-0.05281204387582445	-2.912712478956409	0.6006673304560342	-1.426283910347777	0.01099063656085272	0.02486658192971009	0.01021009441449443	0.0821284612708701	0.01155657889554784	0.01035222197322945	0.01354479882084389	0.01438335539916295	0.01028296453876525	0.0754900965809473	0.01201140021944233	0.04720542868427275	0.01042693907298546	0.01071248702642378	0.01210590790009483	0.01038631977303006	0.01020788399121548	0.05607289491558186	-0.0001607673025425465	0.01179248614071065	0.03261008552310762	0.01017002745363634	0.09527257309233714	0.01026153704593071	0.01009051273330838	0.01434436959686953	0.01594110005732979	0.01010534572086292	0.07784749132461062	0.01203505482395398	0.04810145759226531	0.01042208822580897	0.01069690701477228	0.01196852611192192	0.01037079187529089	0.01019532379409269	0.05780989720370951
0.4528584875756069	-0.3306155564443091	0.2930196437874846	1.017739706529995	0.2983120195372621	-0.2551340878209089	0.2619419926431694	-0.01347273393308041	0.07322689832496251	0.1679012371276263	0.3231389913238772	-0.02200774106488761	0.4410999050908323	-0.03362635453744047	-0.4421001470472278	1.418221729097546	-0.1562566516665322	-0.05403174283662408	-2.965987951646228	0.6061189882767127	-1.446484352689063	0.01106764052530052	0.02551968989684705	0.01020667063458178	0.08310196918452843	0.01144914170965964	0.01033037280872938	0.01361454995631879	0.01452039714255008	0.01026810463793014	0.07565845086787824	0.01201317311516578	0.04727320111083978	0.0104265207108625	0.01071124811053705	0.01209548622113035	0.01038534656025552	0.01020704209317047	0.05617435211797425	-0.0001626608748336575	0.01204422184055856	0.03339382770892792	0.0101676959036473	0.09623261862170895	0.01025478585521821	0.01008733479900984	0.01443792828415059	0.01615745351293917	0.01010250605676033	0.07779022045840746	0.01203070896516836	0.04808248257252518	0.0104217093803066	0.01069816186443225	0.01199073337233365	0.01037828423891035	0.01020009232449414	0.05704790093674857
0.4540991957607455	-0.3306441534468522	0.2935664019535986	1.017697486307985	0.2977654719253372	-0.2533536696988896	0.2617489510518617	-0.01354047448558979	0.06951408467021455	0.1686559285411303	0.3213319020966658	-0.02410048931150722	0.4402645309076506	-0.03443040056197707	-0.4389104192562283	1.451776989964622	-0.1549114951470997	-0.05514743803699002	-3.018949164660973	0.6102024522303523	-1.466477546812453	0.01115911191218697	0.02618231065072326	0.01020333753862508	0.08407278431303845	0.01135001514431984	0.01031007274736407	0.01368625072244356	0.01466391417572049	0.010254242374449	0.07581043617022191	0.01201444000691374	0.04733433081719462	0.01042610562892173	0.01071021605720462	0.0120877621286487	0.01038507612736963	0.01020666614739164	0.056210937839053	-0.0001645544471247684	0.01229595754040648	0.03417756989474823	0.01016536435365825	0.09719266415108077	0.01024803466450571	0.01008415686471129	0.01453148697143165	0.01637380696854855	0.01009966639265773	0.0777329495922043	0.01202636310638274	0.04806350755278507	0.01042133053480424	0.01069941671409221	0.01201294063274539	0.01038577660252982	0.01020486085489558	0.05628590466978763
0.4553399039458841	-0.3306753881843946	0.2941121228733477	1.017654274004474	0.2972229358939531	-0.2515316325826046	0.2615576246620281	-0.01360952149193797	0.06573576167210819	0.1694147906872737	0.319500130500127	-0.02625890125549473	0.4394279937997159	-0.03522547326613006	-0.4356372970542482	1.48530799682191	-0.15349255248766	-0.05612975315070651	-3.071583575704021	0.6128283938425995	-1.486276541923552	0.01127091246126958	0.02685406974151855	0.01020009471832558	0.08504022717140612	0.0112585528984836	0.0102912064286486	0.0137599279784656	0.01481401674758242	0.01024130278887722	0.07594940214195421	0.01201525041731646	0.04739094045960218	0.0104256796338715	0.01070935287428869	0.01208250846099118	0.01038552314433308	0.01020676592784597	0.05618486462904425	-0.0001666147751668752	0.0127164805593126	0.03497214324347787	0.01016320441610776	0.09812796824771287	0.01024235457066495	0.01008132914274784	0.01462961282461029	0.01660591679302662	0.0100970378157323	0.07773413187424313	0.01202218722668737	0.04808603501750637	0.01042062075264872	0.01070018124083992	0.01203511564360718	0.01039502325662835	0.01021079353255491	0.05545166042131563
0.4565806121310227	-0.3307093360243981	0.2946568055199725	1.017610081258312	0.2966845013219989	-0.2496680182656238	0.2613680983724769	-0.0136796931288409	0.06189234570753654	0.1701760110210681	0.3176439054191024	-0.02847395760557502	0.4385908532010695	-0.03601085659399121	-0.4322989483342953	1.518798709188749	-0.1520097706998644	-0.05696031404829686	-3.123877902155368	0.6140038026410171	-1.50589613569724	0.01140825685558316	0.02753463518640565	0.01019694180981224	0.08600368588875752	0.0111741777330634	0.0102736710404595	0.01383560566045752	0.01497080290365783	0.01022921908712811	0.07607837386382812	0.01201564848019977	0.04744493773230939	0.01042523008183323	0.0107086247137945	0.0120795226797704	0.01038670067462725	0.01020735013880372	0.05609809332351153	-0.000168675103208982	0.01313700357821872	0.03576671659220752	0.01016104447855727	0.09906327234434496	0.01023667447682418	0.01007850142078439	0.01472773867778893	0.01683802661750469	0.01009440923880688	0.07773531415628199	0.012018011346992	0.04810856248222767	0.01041991097049321	0.01070094576758763	0.01205729065446897	0.01040426991072689	0.01021672621021423	0.05461741617284364
0.4578213203161614	-0.3307460621560916	0.2952004494222714	1.017564920473434	0.2961502402079243	-0.2477628849412343	0.2611804456927571	-0.01375079478009927	0.0579842642814974	0.1709378039086154	0.3157634431635288	-0.03073038530298056	0.4377538686289929	-0.03678544489731714	-0.4289197006430779	1.552226059000164	-0.1504804026831738	-0.05762735805369004	-3.175819116876621	0.6137866835836414	-1.525351299626107	0.01158072773695973	0.02822381722724998	0.01019387629570039	0.08696336360312014	0.0110963376738782	0.01025736769829491	0.01391329630660784	0.01513421090995559	0.01021792873255829	0.07619988324703761	0.01201575224335556	0.04749709375200429	0.01042475825422256	0.01070798742566224	0.01207818185836482	0.0103885385738782	0.01020836969605884	0.05596004210311197	-0.0001709407510496667	0.0138375927203547	0.03657519513999732	0.01015900448889131	0.09999559806672828	0.01023191239102478	0.01007598089275479	0.01483019206332598	0.01708219769201764	0.01009200423576763	0.07778557987637709	0.01201582852320252	0.04814578671887754	0.01041918454955078	0.01070092979360765	0.01206912879822149	0.01041330991092158	0.01022246122784014	0.05391012784280684
0.4590620285013001	-0.3307855966724758	0.2957430556587132	1.017518806484228	0.2956201752205615	-0.2458163397118086	0.2609947000577354	-0.01382262410400419	0.05401196508388845	0.1716985590877985	0.3138589359363048	-0.03300102598913151	0.4369181541180184	-0.03754740541021355	-0.4255348659219833	1.585553983195947	-0.148935645924607	-0.05813330774839576	-3.227395843490773	0.612331053594521	-1.544656207426972	0.011796841879115	0.02892144805891482	0.01019089593335381	0.08791944222155303	0.01102453992370806	0.01024220828046595	0.01399301109407742	0.01530418566479396	0.01020737600314051	0.07631621803417345	0.01201566691414046	0.04754810160316756	0.01042426529258312	0.01070740167608531	0.01207793076555581	0.01039097435268826	0.0102097808750467	0.05577918231262446	-0.0001732063988903514	0.01453818186249069	0.03738367368778713	0.01015696449922534	0.1009279237891116	0.01022715030522537	0.01007346036472519	0.01493264544886303	0.0173263687665306	0.01008959923272839	0.07783584559647219	0.01201364569941305	0.04818301095552741	0.01041845812860834	0.01070091381962768	0.01208096694197402	0.01042234991111626	0.01022819624546605	0.05320283951277004
0.4603027366864388	-0.3308279448062449	0.2962846263000046	1.017471755788149	0.295094297634443	-0.2438285221190985	0.2608108662841283	-0.01389498376556493	0.04997590485088201	0.1724568132100514	0.3119305644121064	-0.03525439190170938	0.4360849318348187	-0.03829465058086851	-0.422183082548757	1.618741962426398	-0.1474118262828737	-0.05848799106584689	-3.278598203493527	0.6098323726999199	-1.563823907004367	0.01206700947401505	0.02962732056242909	0.01018799647116113	0.08887256534589544	0.01095831373578778	0.01022810802758624	0.01407475842950932	0.0154804854258172	0.01019750814439123	0.07642807909262578	0.0120155480541323	0.04759636820105388	0.01042376570247251	0.01070682661856182	0.01207790713054152	0.0103938494266174	0.01021147003923614	0.05556977503438982	-0.000177764355544372	0.01557593864483479	0.03820487810915075	0.01015499372849242	0.1018704423182502	0.01022318510670432	0.01007120999888109	0.01503937641807157	0.01757804889221255	0.01008741431009096	0.0778948563679029	0.0120147978694108	0.04817675032720173	0.01041803436661348	0.01070002899695971	0.01207439994130309	0.01042881526403674	0.01023201384945883	0.05278600674499322
0.4615434448715774	-0.3308730547233223	0.2968251655232398	1.017423788603188	0.2945725322118389	-0.2417996433397092	0.2606288831077257	-0.01396770490094978	0.04587655324611988	0.1732114866487567	0.3099784905033408	-0.03745297657102118	0.4352555262563459	-0.03902476980211061	-0.4189061261947445	1.651743908907178	-0.145952510317943	-0.05871600067416343	-3.329420445861719	0.6065590933958903	-1.582864034051388	0.0124004636653935	0.03034125149294685	0.0101851741216651	0.08982331167214785	0.01089723897296702	0.01021499141055545	0.01415854581043236	0.01566289484359748	0.01018827815233779	0.07653609983114773	0.01201553430549783	0.04764046139458161	0.01042327240597955	0.01070622586260984	0.01207734244818009	0.01039702252670555	0.01021333596452271	0.05534468262093313	-0.0001823223121983926	0.0166136954271789	0.03902608253051437	0.01015302295775951	0.1028129608473888	0.01021921990818327	0.01006895963303699	0.01514610738728011	0.01782972901789449	0.01008522938745353	0.07795386713933361	0.01201595003940855	0.04817048969887605	0.01041761060461861	0.01069914417429175	0.01206783294063216	0.01043528061695722	0.01023583145345162	0.05236917397721638
0.4627841530567159	-0.3309208424763212	0.2973646786166129	1.017374927199976	0.2940547686908343	-0.239729953633938	0.2604486519100732	-0.01404064203112339	0.04171438380080262	0.1739617353182938	0.3080028688991945	-0.03955997450239426	0.4344311744860181	-0.03973543280731175	-0.4157429178364461	1.684515399790706	-0.1446005967727208	-0.0588489697238388	-3.379859579155957	0.602802331577443	-1.601783757001961	0.01280266120609643	0.03106291175270257	0.01018242390170591	0.09077354882658026	0.01084091433921843	0.01020278581737488	0.01424438713102109	0.01585100770436176	0.01017964081829025	0.07663746773574662	0.0120157774307444	0.04767652132686173	0.01042280597376523	0.01070556930882425	0.01207542801111787	0.01040028281677815	0.01021522794035304	0.0551198068092771	-0.0001939245342944799	0.01791179267541091	0.03985615212962024	0.01015108794947148	0.1038027306299266	0.01021594795708872	0.01006694848196677	0.0152572809554458	0.01808404053398775	0.01008324475403335	0.07792809251765993	0.01202093486373746	0.04805602890235389	0.0104176885719767	0.0106974917557931	0.01204087840260008	0.01043732908951978	0.01023642074084403	0.05233924036323319
0.4640248612418547	-0.3309711692985033	0.2979031725856212	1.017325197235286	0.2935408430381109	-0.2376197681404603	0.260270009880803	-0.01411371317061314	0.0374898695641195	0.1747072241429635	0.3060038474416167	-0.04154591538637604	0.4336127156146538	-0.04042487606784959	-0.4127195453903638	1.717022420932811	-0.1433907940035873	-0.05893202745603655	-3.429919177640026	0.5988863541494603	-1.620584185436244	0.01327841218745351	0.0317920095580318	0.01017974137219917	0.09172495866631147	0.01078898178396811	0.01019142654707086	0.01433229477956298	0.01604446227810447	0.01017155586298953	0.076729639536783	0.01201641268522971	0.04770107715439561	0.01042238473091258	0.0107048301413774	0.01207144303735023	0.01040344248454875	0.01021701171950444	0.05490950083385154	-0.0002055267563905674	0.01920988992364292	0.04068622172872612	0.01014915294118345	0.1047925004124644	0.01021267600599416	0.01006493733089654	0.01536845452361149	0.018338352050081	0.01008126012061317	0.07790231789598624	0.01202591968806636	0.04794156810583171	0.01041776653933479	0.01069583933729445	0.01201392386456799	0.01043937756208235	0.01023701002823645	0.05230930674924998
0.4652655694269933	-0.3310238735951552	0.2984406550473237	1.017274625707458	0.2930305723067919	-0.2354694279450728	0.2600927672337506	-0.01418687636420672	0.03320347927701874	0.175447890290215	0.3039815742801668	-0.04338471090781807	0.4328008174851851	-0.04109159224326885	-0.4098565667683188	1.749235644584682	-0.1423540043609212	-0.05901451507409382	-3.479605427513252	0.5951325488220476	-1.639264103427206	0.0138277192590501	0.03252802601048209	0.01017712205934354	0.09267841470668511	0.01074109887837368	0.01018085144611668	0.01442229227915266	0.01624292498920425	0.01016398393356071	0.07681109612226078	0.01201754548551822	0.04771285591703951	0.01042202555043173	0.01070399289640437	0.01206493107179215	0.01040631338580163	0.01021855943511393	0.05472722968864054	-0.0002103362685582203	0.02066084095632437	0.04151908809440355	0.01014724696313164	0.1058093112643101	0.01020999762579222	0.01006314000409472	0.01548435607428739	0.01859548368477248	0.01007944425766447	0.07781638511339421	0.01203420498494868	0.0477711277915096	0.01041833609779625	0.01069365374524302	0.0119719330228759	0.01043675112311924	0.01023434388484852	0.0526613735649797
0.466506277612132	-0.3310787554804495	0.2989771344878908	1.017223241729313	0.2925237471271543	-0.2332793160410905	0.2599166885590501	-0.01426017476296955	0.02885566819105011	0.1761841882667881	0.3019362024757727	-0.04505615758847013	0.4319958629336343	-0.04173453240355034	-0.4071653669422218	1.781133734916619	-0.1415144820384449	-0.059149983715887	-3.528928451639899	0.5918449809919625	-1.657818788464124	0.01445054454059413	0.03327050033260198	0.01017456197782085	0.09363470431614261	0.01069696017005852	0.01017100513519951	0.01451440059795208	0.01644609883357028	0.0101568899692149	0.07688046292283375	0.01201926977961417	0.04771071164186228	0.01042174346335336	0.01070304379693571	0.01205548522748121	0.01040872792092223	0.01021975718743636	0.05458513786980736	-0.0002151457807258733	0.02211179198900582	0.04235195446008097	0.01014534098507984	0.1068261221161558	0.01020731924559029	0.0100613426772929	0.0156002576249633	0.01885261531946397	0.01007762839471576	0.0777304523308022	0.01204249028183101	0.04760068747718749	0.01041890565625772	0.01069146815319159	0.01192994218118381	0.01043412468415612	0.0102316777414606	0.05301344038070941
0.4677469857972707	-0.3311355993991628	0.2995126196544305	1.017171075201159	0.2920201503676704	-0.2310498315165178	0.2597415195497954	-0.01433369649705073	0.02444688210015104	0.1769168167858977	0.2998678898068348	-0.04653790300693286	0.4311983124279035	-0.04235252370954677	-0.4046597893186427	1.812692868069817	-0.1408989743422294	-0.05938952578710683	-3.577898146128182	0.5892967185360762	-1.676243945367366	0.01514609154395512	0.03401874783085114	0.01017205771299727	0.09459123519324412	0.01065627373178715	0.01016183437933934	0.01460866452517729	0.01665405520669634	0.01015023944513821	0.07694270188647323	0.01202161523293153	0.04769871757921922	0.01042154633673687	0.01070198519059419	0.01204312985986235	0.01041059279870919	0.01022055207713024	0.05448993476441762	-0.0002199124659363191	0.02369818845793509	0.04318135082749359	0.01014347229583752	0.1077756409804037	0.01020515339650315	0.01005973655975193	0.01572148881593162	0.01912104648745985	0.01007594743127659	0.07775620181355011	0.01205266677375701	0.04750778085600667	0.01041981646341671	0.0106891147255065	0.01188266922714959	0.01042836703990122	0.01022705432531462	0.05362077102440575
0.4689876939824092	-0.3311941422382116	0.3000471205228625	1.017118158635594	0.2915195282024707	-0.2287814269221957	0.2595669495799024	-0.01440760408667517	0.01997755660005317	0.1776468678000185	0.2977767961512222	-0.04779480128189242	0.4304091911758121	-0.04294358068006861	-0.4023703554299168	1.843872230262446	-0.1405488248076987	-0.0597719845577292	-3.626516944080835	0.5876901122353347	-1.694541331302794	0.01591361869315614	0.03477215995612264	0.01016960622307762	0.09554567081427476	0.01061877921372939	0.01015329174766541	0.01470512397627053	0.0168668576853225	0.01014400160292905	0.07700229992085718	0.01202460828040445	0.04768053639536312	0.01042144117874574	0.0107008191688042	0.01202788660642453	0.01041182491160609	0.01022089698144809	0.05444765284330987	-0.0002246791511467648	0.02528458492686436	0.04401074719490623	0.01014160360659521	0.1087251598446517	0.01020298754741602	0.01005813044221095	0.01584272000689994	0.01938947765545572	0.01007426646783743	0.07778195129629804	0.01206284326568301	0.04741487423482584	0.01042072727057571	0.0106867612978214	0.01183539627311537	0.01042260939564631	0.01022243090916865	0.05422810166810209
0.4702284021675479	-0.3312540894673723	0.3005806480274285	1.017064526337735	0.2910215984171675	-0.226474591828283	0.2593926311641815	-0.01448208938114183	0.01544812705871042	0.1783755834127564	0.2956630785876719	-0.04879324084058213	0.4296295050419676	-0.04350581078485619	-0.4003266125159423	1.874632320817298	-0.1405035191862302	-0.06032983994153569	-3.67478599095578	0.5871778466448712	-1.712713545752586	0.01674822323017284	0.0355308685409583	0.01016720499595299	0.09650002076269625	0.01058423104418453	0.01014533151195156	0.014803869700672	0.01708452954867471	0.01013814615306205	0.07705540947522597	0.01202819729129036	0.04765342774546341	0.01042142775411179	0.01069956676106571	0.01201016604206115	0.01041244794701651	0.01022082097185405	0.05445747483401146	-0.0002321259453280735	0.02690594935729253	0.04485440557546812	0.01013978074557486	0.1097271136232386	0.01020134194678446	0.01005669296433562	0.01597055720201071	0.01966833633156915	0.01007269065001213	0.07769691212643393	0.01207308275506238	0.04723870869893253	0.01042181641643613	0.01068469343324839	0.01179215498949711	0.01041614929463062	0.010217598424201	0.05491925202792523
0.4714691103526865	-0.3313151042381266	0.3011132142861178	1.017010214904924	0.2905260445123782	-0.2241298647522085	0.2592181668884774	-0.01455738918035705	0.01085902309984902	0.1791043732691985	0.2935268928715229	-0.04951566870303896	0.4288596793899077	-0.04403833513251503	-0.3985404664244257	1.904953460994626	-0.1407839378203728	-0.06108495560805684	-3.722711085362663	0.5878097918975015	-1.73075958973021	0.01764553764638836	0.03629499176918071	0.01016485179380508	0.09745609700599447	0.01055241025185475	0.01013791293108397	0.01490498256158269	0.01730709157109294	0.01013264611107536	0.07709855007112736	0.01203233624845817	0.04761492595331455	0.01042150585315322	0.01069824670272895	0.01199033409489158	0.01041248300237027	0.01022034994280361	0.05451864187135388	-0.0002395727395093823	0.0285273137877207	0.04569806395603001	0.01013795788455451	0.1107290674018256	0.01019969634615291	0.01005525548646029	0.01609839439712148	0.01994719500768256	0.01007111483218683	0.07761187295656982	0.01208332224444175	0.04706254316303922	0.01042290556229655	0.01068262556867537	0.01174891370587884	0.01040968919361493	0.01021276593923336	0.05561040238774838
0.4727098185378252	-0.3313768384781662	0.3016448316502082	1.016955261454237	0.290032543732187	-0.2217477964179669	0.2590431458869973	-0.01463375603900325	0.006210668586650853	0.1798346655622792	0.2913683963143119	-0.04995130318049921	0.4280999044715419	-0.04454068946206057	-0.3970168921793418	1.93482432309876	-0.14140309218029	-0.06205265066190326	-3.770299926323729	0.5895812027095058	-1.74867719775414	0.01860023732198962	0.03706487783088718	0.01016254464221636	0.09841512009918092	0.0105231137667371	0.01013099637006012	0.01500853341854396	0.01753438929373983	0.01012747528126368	0.07712935301708951	0.01203691650815699	0.04756337692722632	0.01042167077956469	0.01069689347239441	0.01196895921816891	0.0104120378773517	0.01021956355957273	0.05462320182105436	-0.0002405438399912647	0.03015463667809425	0.04656199451090136	0.01013618413385206	0.1117693786794507	0.01019865968442868	0.01005395877958496	0.01623270852442067	0.02023228402163151	0.01006962701900374	0.07744187819013564	0.01209206859313267	0.04682087026000725	0.01042406608426164	0.01068124280735448	0.01171502401680898	0.01040461636759653	0.01020903684602904	0.05619600634779277
0.4739505267229639	-0.3314389356051201	0.3021755124760478	1.01689970331836	0.2895407738832958	-0.2193289448275858	0.2588671466383742	-0.01471145605633504	0.001503472223944053	0.1805677965071454	0.2891877513025267	-0.05010063800594067	0.4273499961421406	-0.04501307739709018	-0.395750233825617	1.964247436496531	-0.1423608525533631	-0.06323398144589493	-3.817563141189447	0.5923856254845629	-1.766462499591564	0.01960759616056721	0.03784083768570122	0.01016028178235208	0.09937819140386214	0.01049616053996012	0.01012454651758173	0.01511458541096652	0.01776628522111626	0.01012261032677887	0.07714567422618407	0.01204184124515504	0.04749729103958561	0.0104219183496584	0.01069553778749062	0.01194654811852828	0.01041120860070616	0.01021853278577069	0.05476397982727129	-0.0002415149404731471	0.0317819595684678	0.0474259250657727	0.01013441038314961	0.1128096899570757	0.01019762302270446	0.01005266207270964	0.01636702265171986	0.02051737303558045	0.01006813920582065	0.07727188342370145	0.0121008149418236	0.04657919735697528	0.01042522660622673	0.01067986004603359	0.01168113432773913	0.01039954354157812	0.01020530775282473	0.05678161030783717
0.4751912349081026	-0.3315010198149967	0.3027052709100449	1.016843578567766	0.2890503893618616	-0.2168739247821382	0.2586897277613491	-0.01479074256174337	-0.003262063371961537	0.1813049954024268	0.2869850601656294	-0.04992944797378698	0.4266131095337377	-0.04545404263524218	-0.3947846290007563	1.993124450327144	-0.1436926206538008	-0.06460496926377921	-3.864338927627137	0.5960797641024231	-1.784217373348439	0.02066386679961001	0.03862275473912177	0.01015806090525052	0.1003452376449873	0.01047137035792791	0.01011853216913502	0.01522318391191782	0.01800278806690296	0.01011802942569889	0.07714718381578334	0.01204699835779882	0.04741797659266145	0.01042224929181705	0.01069421986883205	0.01192358543771641	0.01041012839036128	0.01021734556182495	0.05492991496971911	-0.0002460473270504085	0.03343236626433493	0.0482998024357419	0.0101326703281939	0.1138565160900539	0.01019697554673699	0.01005155677637659	0.01650747553918072	0.02081205048151585	0.01006674435921358	0.07706383560678913	0.012107574422074	0.0463424259321224	0.01042656973718161	0.01067942938834866	0.01165674216867458	0.01039687010604857	0.01020317999094967	0.05715016042811678
0.4764319430932412	-0.3315627101793464	0.303234121517642	1.01678692537216	0.2885610403028628	-0.214383364960451	0.2585104423557497	-0.01487184373684312	-0.008085421468380675	0.1820471993802655	0.2847604142209775	-0.04946576313572098	0.4258865961238575	-0.04586492152438595	-0.3940810914241547	2.02153693730797	-0.1453696667456813	-0.06615918996779305	-3.910772020306349	0.6004536922357	-1.801853254999656	0.0217657283911051	0.03941052602211095	0.0101558799540783	0.1013161933445816	0.01044858257289464	0.0101129255247451	0.01533436936255463	0.01824390568270463	0.01011371313793705	0.0771335816190994	0.01205228794044636	0.04732660975319194	0.01042266425483301	0.01069297554960611	0.0119005031948628	0.0104089159210054	0.01021608022383266	0.05511105000352034	-0.0002505797136276699	0.03508277296020208	0.0491736798057111	0.01013093027323819	0.1149033422230322	0.01019632807076953	0.01005045148004354	0.01664792842664158	0.02110672792745125	0.01006534951260652	0.0768557877898768	0.0121143339023244	0.04610565450726951	0.01042791286813649	0.01067899873066373	0.01163235000961003	0.01039419667051902	0.01020105222907462	0.0575187105483964
0.4776726512783798	-0.3316236738832114	0.3037620743754902	1.016729779614512	0.2880724428198266	-0.211857756077783	0.2583288930214291	-0.01495499145158956	-0.01296632339208021	0.1827951632866082	0.2825140499671276	-0.0487684360847231	0.4251651188658567	-0.04624861262567146	-0.3935597096356337	2.049648498530879	-0.1473310972635017	-0.06789959503080192	-3.957138942791387	0.6052948702482267	-1.819204938222805	0.02290873094888802	0.0402038880790026	0.01015373653903758	0.1022918585768504	0.01042763086902596	0.01010769610922291	0.01544817321103891	0.01848964818078231	0.01010964291381512	0.0771028863205328	0.01205765047843152	0.04722315623712325	0.01042317239509578	0.01069183581504037	0.01187753391112348	0.01040766885452846	0.01021479629136425	0.0552992206311773	-0.0002546931426251414	0.03672401587391601	0.0500533029740951	0.0101292132644333	0.1159814090171924	0.01019572219042262	0.01004943706449781	0.01679436146309109	0.02141107050637994	0.01006404293302862	0.07656320238092656	0.01211993755443866	0.04584406690091745	0.01042964177155002	0.010679452514505	0.01161326785773168	0.01039358093047759	0.01020018283818488	0.05770371260576661
0.4789133594635184	-0.3316836295116293	0.3042891354206183	1.016672174355286	0.2875843795272048	-0.209297461927206	0.2581447366619974	-0.01504039597919873	-0.01790469073648617	0.1835492957762201	0.2802463128792528	-0.04784075626409214	0.4244490100357792	-0.04660562976024092	-0.3932199960381941	2.077448980744955	-0.1495721531463994	-0.06979712360222358	-4.003405292514637	0.6103973017993416	-1.836305877184534	0.02408893854381439	0.04100260699944362	0.01015162853129872	0.1032729561882693	0.01040836700801269	0.01010281677324402	0.0155646234959987	0.01874002469922734	0.01010580222857244	0.0770533025644316	0.01206303293176953	0.04710758424169952	0.01042378186929615	0.01069082827007918	0.01185488485971585	0.01040647419192559	0.01021354678383483	0.05548708263429843	-0.0002588065716226128	0.03836525878762993	0.05093292614247909	0.01012749625562842	0.1170594758113527	0.01019511631007571	0.01004842264895208	0.01694079449954059	0.02171541308530864	0.01006273635345073	0.07627061697197633	0.01212554120655292	0.0455824792945654	0.01043137067496354	0.01067990629834628	0.01159418570585333	0.01039296519043616	0.01019931344729515	0.05788871466313682
0.4801540676486571	-0.3317422967113569	0.3048153111168834	1.016614142279527	0.2870966307331931	-0.2067028622608063	0.257957632627835	-0.01512824246656329	-0.0229004006611493	0.1843098385660437	0.2779575107488521	-0.04669808150487533	0.4237377055450992	-0.04693712033805406	-0.393045100787495	2.104955922194634	-0.1520751282789189	-0.0718309996059751	-4.049575873285197	0.6155785382481176	-1.853163856785734	0.02530170099046556	0.04180650445832242	0.01014955331762859	0.1042602902709329	0.01039065032142545	0.01009826056901481	0.01568372173345131	0.01899503742476825	0.01010217534853671	0.07698298236598279	0.01206847090744811	0.04697809357039214	0.01042451488681219	0.01068996664315436	0.01183244850407114	0.01040534708036982	0.0102123368260278	0.05567378315239386	-0.0002608100231267708	0.03997397820516956	0.05181938916735435	0.01012578794971952	0.1181722378112242	0.0101945354937599	0.01004746779776788	0.01709260939874406	0.02202927182903915	0.01006151485556592	0.07588971218399165	0.01213203460003662	0.04525038303371479	0.01043383036561821	0.01068095109194478	0.01157317698856339	0.01039281441268745	0.0101986346873828	0.05805067065362508
0.4813947758337957	-0.3317994277782588	0.3053406067027065	1.01655571365376	0.286609014736628	-0.2040742994304471	0.2577672778818015	-0.01521869133137367	-0.02795333863732709	0.1850767872545523	0.2756479391977925	-0.0453645265653357	0.423030287932845	-0.04724486092794665	-0.3930059430547613	2.132197001318901	-0.1548122555070124	-0.07399210277753561	-4.095655930075026	0.6207234788291456	-1.869785804928094	0.02654290927044367	0.04261542232621128	0.01014750857017853	0.1052545876997811	0.01037435544244019	0.01009400349017797	0.01580546928832914	0.01925468839835794	0.01009874825772785	0.07689024971243748	0.01207399613807469	0.04683306243228671	0.0104253912322287	0.0106892631648226	0.01181012898563234	0.01040430101352729	0.01021117098299461	0.05585855508791091	-0.0002628134746309288	0.0415826976227092	0.05270585219222961	0.01012407964381062	0.1192849998110957	0.01019395467744408	0.01004651294658369	0.01724442429794752	0.02234313057276966	0.01006029335768111	0.07550880739600696	0.01213852799352032	0.04491828677286416	0.01043629005627288	0.01068199588554328	0.01155216827127345	0.01039266363493874	0.01019795592747046	0.05821262664411334
0.4826354840189344	-0.3318547967758334	0.3058650265830494	1.016496917142828	0.2861213764879711	-0.2014120907838476	0.2575733944439584	-0.01531189818767271	-0.03306339456905604	0.1858500585987414	0.273317888313294	-0.04386885038413538	0.4223256381819638	-0.04753098125967894	-0.3930663430348324	2.159205284161075	-0.1577504648521097	-0.07627995068188234	-4.14165098240233	0.6257635322566639	-1.886178014534479	0.02780791829607466	0.04342923023380996	0.01014549173318873	0.1062567236008928	0.01035936277978004	0.01009002268033097	0.0159298397340624	0.01951899717757713	0.01009550764169959	0.07677329269401159	0.01207973171237204	0.04666950772643587	0.01042644394292774	0.01068871282409118	0.01178757135704466	0.01040325654991231	0.01020999710932036	0.05604862941766853	-0.0002659987850233171	0.04313938689182298	0.05359965383739038	0.01012237152735745	0.1204378776424646	0.01019336993444251	0.01004561305364655	0.01740095611500299	0.02266694280403219	0.0100591549641803	0.07503370269845508	0.01214813442732779	0.0444784619158668	0.01043982201101242	0.01068323772340889	0.01152292454468634	0.01039078600609651	0.01019612606821065	0.0585608100438538
0.4838761922040731	-0.3319082333787037	0.3063885729493801	1.016437777257416	0.2856336336081781	-0.1987164896398625	0.2573757681865085	-0.01540803414650782	-0.03823046800844004	0.1866295345536386	0.2709676390159929	-0.04224952795933035	0.4216221991886526	-0.04779837398766518	-0.393174621654471	2.186025115729047	-0.1608456289606008	-0.07871376236608438	-4.187567175302644	0.6307252171342107	-1.902345274798602	0.02909262469973744	0.04424781273628464	0.01014350053001759	0.1072674893830613	0.010345565759648	0.01008629777825965	0.01605680953866685	0.01978798125547122	0.01009244163970974	0.07663046646779609	0.01208578732708259	0.04648474120310229	0.01042770244917756	0.01068831115638027	0.01176445922434012	0.01040214292020406	0.0102087687544902	0.05625051121707667	-0.0002691840954157053	0.04469607616093675	0.05449345548255115	0.01012066341090428	0.1215907554738335	0.01019278519144094	0.01004471316070942	0.01755748793205846	0.02299075503529473	0.01005801657067949	0.0745585980009032	0.01215774086113525	0.04403863705886944	0.01044335396575197	0.0106844795612745	0.01149368081809923	0.01038890837725428	0.01019429620895085	0.05890899344359426
0.4851169003892117	-0.3319596010484545	0.3069112466161417	1.016378315961577	0.2851457496290839	-0.1959877103601462	0.2571742237137568	-0.01550729042517448	-0.04345446371134891	0.1874151378550527	0.2685974685547097	-0.04054831629083112	0.4209182557722829	-0.04805021135416921	-0.3932732763808586	2.212704556771326	-0.1640499082395342	-0.08132191338620605	-4.233410562399603	0.6356740010796558	-1.918291975697735	0.03039360642760312	0.04507095264577281	0.01014153306377484	0.1082871616721663	0.01033286250288242	0.01008280927588715	0.01618632615722698	0.02006162339628629	0.01008953883882661	0.07646144902330408	0.01209231295616832	0.04627713732155404	0.01042920126453786	0.01068804263555181	0.01174045164778582	0.01040083557660324	0.01020741248109477	0.05647506349143358	-0.000270218235455235	0.04621124761549911	0.0553918354404497	0.01011896147851641	0.1227701066988655	0.01019216667868811	0.0100438614122685	0.01771800827145007	0.02332371177622412	0.01005695614178525	0.07402346294993244	0.01217156827781226	0.04351508333972007	0.01044811824804116	0.01068564930291914	0.01145519675464886	0.01038393099725862	0.01019061206735652	0.05956705163392675
0.4863576085743503	-0.3320088355120185	0.307433045387918	1.016318549647901	0.284657789966999	-0.1932258844055653	0.2569686683309667	-0.01560991809391585	-0.04873529569414978	0.1882069563031144	0.2662076471638415	-0.03881082738971104	0.4202118841854485	-0.04829005702487801	-0.3932966312177257	2.239295773896258	-0.1673111565850965	-0.08414839009703048	-4.279186286112164	0.6407439756957078	-1.934022207523381	0.03170784056313322	0.04589845699421568	0.01013958764473524	0.1093159915397003	0.01032116222607384	0.01007953979504842	0.01631834278826047	0.02033990833123306	0.01008678907230886	0.07626594417661239	0.01209944225580416	0.04604522870896135	0.01043097113398409	0.01068789342911352	0.01171524471568336	0.01039922356704882	0.01020586287188471	0.05673205490529606	-0.0002712523754947648	0.04772641907006147	0.05629021539834823	0.01011725954612853	0.1239494579238974	0.01019154816593527	0.01004300966382758	0.01787852861084169	0.02365666851715351	0.01005589571289101	0.07348832789896166	0.01218539569448928	0.0429915296205707	0.01045288253033034	0.01068681904456378	0.01141671269119848	0.01037895361726296	0.01018692792576219	0.06022510982425924
0.487598316759489	-0.3320559109519991	0.3079539654381166	1.016258491688417	0.2841698759369574	-0.1904310993188819	0.256759053287797	-0.01571620772586303	-0.05407288202756015	0.189005198190154	0.2637984417054126	-0.0370824400274182	0.4195011556265052	-0.04852150194702037	-0.3931782944861777	2.265850352308749	-0.1705775292216601	-0.0872409585986629	-4.324898487748196	0.6460731929543614	-1.949540546017211	0.03303373704156033	0.04673001474316744	0.01013766338946833	0.1103531389704526	0.01031037789414325	0.01007647274724451	0.0164527888163291	0.02062274501737859	0.01008418237363463	0.0760453744066211	0.01210726393143104	0.04578962323493391	0.01043303780772258	0.01068785489428637	0.01168877516632313	0.01039723230300576	0.01020408404505004	0.05702769381219849	-0.0002700863633126302	0.04923110974640704	0.05718986386649968	0.01011558070892997	0.125124031452944	0.0101908644414233	0.01004220170357815	0.01804240248518006	0.02399691561388562	0.01005490447909563	0.07293992698524691	0.0122025493193784	0.0424359319647767	0.01045880131583429	0.01068802175830109	0.01137432543288772	0.01037159346884953	0.01018200440961083	0.06111288996581665
0.4888390249446276	-0.3321008732079465	0.3084739998800343	1.016198149684265	0.2836822352039907	-0.187603361990823	0.2565454116620998	-0.01582652937013854	-0.05946714515988982	0.1898102934272595	0.2613701100271123	-0.03540440779720074	0.4187842992631366	-0.04874793210382227	-0.3928560821365519	2.292414214097811	-0.1738019416433037	-0.09064793753774912	-4.370548318365198	0.6517915293764147	-1.96485331396408	0.03436989196103329	0.04756534904005382	0.01013575951102157	0.1113978460470646	0.01030043195561423	0.01007359335530826	0.01658960134272992	0.02091005247776466	0.01008170986461827	0.0758010249272288	0.01211585703498276	0.04551086504864402	0.01043542422381345	0.01068791933105228	0.01166098659757945	0.01039479533667184	0.01020204403706992	0.05736755304502366	-0.0002689203511304956	0.05073580042275261	0.05808951233465112	0.0101139018717314	0.1262986049819906	0.01019018071691132	0.01004139374332873	0.01820627635951843	0.02433716271061772	0.01005391324530025	0.07239152607153217	0.01221970294426753	0.0418803343089827	0.01046472010133824	0.01068922447203841	0.01133193817457696	0.0103642333204361	0.01017708089345946	0.06200067010737405
0.4900797331297663	-0.3321438014379659	0.3089931403942836	1.016137528480101	0.2831951459892378	-0.1847426424346317	0.2563278145524368	-0.0159412928344277	-0.0649180078936306	0.1906227714553009	0.2589229043628266	-0.03381671934770736	0.4180596149492685	-0.048972640816857	-0.3922700268019038	2.31903141712179	-0.1769387170847084	-0.09441316131741682	-4.416135634447945	0.657987956085166	-1.979967803582099	0.03571469397671704	0.04840416889118827	0.01013387613818511	0.1124493247067924	0.01029125001858479	0.01007088753628971	0.01672870576768411	0.02120166134427807	0.0100793626922853	0.0755325583791244	0.01212517538802757	0.0452095323230303	0.01043814017036886	0.01068810145706682	0.01163216511120748	0.01039195464960175	0.01019977685166779	0.05774585883360343	-0.000267893858509716	0.05222261852274506	0.05898966480871765	0.0101122668423323	0.1274664103178488	0.0101894038696747	0.01004062640543624	0.01837313871478162	0.02468244361349475	0.01005297999289272	0.07178721114095307	0.01223729842299679	0.04129434375121145	0.01047151125250102	0.01069098330743334	0.01129374172026954	0.01035698014065483	0.0101724432562689	0.06282694823466446
0.491320441314905	-0.3321848397900756	0.3095113759570122	1.016076627594806	0.2827089819375875	-0.1818488397754403	0.2561064074263166	-0.01606096772888967	-0.07042539082196833	0.1914432299997684	0.2564570633048721	-0.03235795708797013	0.4173255332110775	-0.04919877349033899	-0.3913647312055764	2.345743605193015	-0.1799436222434181	-0.09856509417393727	-4.461657908145784	0.6646560484712634	-1.994893215722732	0.03706671898960003	0.04924621515248079	0.01013201338566957	0.1135068637031465	0.0102827658003905	0.01006834274511648	0.01687003564671707	0.02149742090052716	0.01007713297046688	0.07523966561566407	0.01213517783518708	0.04488614315037875	0.01044119436595459	0.0106884143841001	0.01160256572929746	0.01038874763947741	0.01019731277880869	0.05815741260578183	-0.0002668673658889364	0.05370943662273751	0.05988981728278418	0.01011063181293321	0.128634215653707	0.01018862702243808	0.01003985906754374	0.01854000107004481	0.02502772451637179	0.01005204674048519	0.07118289621037395	0.01225489390172604	0.0407083531934402	0.0104783024036638	0.01069274214282827	0.01125554526596212	0.01034972696087356	0.01016780561907834	0.06365322636195488
0.4925611495000435	-0.3322241640369295	0.3100286942744	1.016015443979049	0.2822241615041582	-0.178921819187908	0.2558813720456885	-0.01618604365927901	-0.07598921195767311	0.19227223762618	0.2539728174135895	-0.03106589658969701	0.4165805738429937	-0.04942935927356873	-0.3900881219689881	2.372591077505916	-0.1827732185260133	-0.1031209046553443	-4.507111372463045	0.6717214862740603	-2.009639956667672	0.03842485437627844	0.05009118159295082	0.01013017220412101	0.1145694519907386	0.01027491583677173	0.01006594704769475	0.01701352600907707	0.0217971476733169	0.0100750127552676	0.07492130287205236	0.01214566818978944	0.04454189888664793	0.01044457808049086	0.01068889988043727	0.01157269511732116	0.01038532630540692	0.01019474270139823	0.05858299268657917	-0.0002654042529386381	0.0551840083630766	0.06078887674137985	0.01010906060701952	0.1297854325182595	0.01018773596960772	0.01003913017677255	0.01870979973457906	0.02537703877485767	0.01005115960473718	0.07050229371990474	0.01226917473806919	0.04011027258809474	0.0104855626261662	0.01069575640520655	0.01122787838828191	0.01034535536524679	0.01016493419713881	0.06404035761986028
0.4938018576851823	-0.3322620109204063	0.310545080781569	1.015953969811332	0.2817411826046804	-0.1759613816636869	0.2556529605538737	-0.01631701694196189	-0.08160938092754888	0.1931101272174553	0.251470377842707	-0.02997647261348288	0.415823471407019	-0.04966713845202665	-0.3883962068632587	2.39961113043937	-0.1853858551084131	-0.1080715353314606	-4.552489655600505	0.6789736444234266	-2.024221082998207	0.03978811637161947	0.05093879527210263	0.01012835344033621	0.1156361763591552	0.01026764358385632	0.01006368981324517	0.01715911899408537	0.02210067838743982	0.01007299497037612	0.0745765200873101	0.01215647161451348	0.04417788013332061	0.01044828353638488	0.01068959515701771	0.01154300491357778	0.01038182605572076	0.01019214757755559	0.05900533026245433	-0.0002639411399883399	0.0566585801034157	0.06168793619997552	0.01010748940110582	0.1309366493828119	0.01018684491677736	0.01003840128600137	0.01887959839911331	0.02572635303334354	0.01005027246898917	0.06982169122943553	0.01228345557441233	0.03951219198274927	0.01049282284866861	0.01069877066758483	0.01120021151060171	0.01034098376962002	0.01016206277519929	0.06442748887776568
0.4950425658703209	-0.3322986464894542	0.3110605199131897	1.015892195064841	0.2812605777995167	-0.1729672980114185	0.2554214591358322	-0.0164543707714853	-0.08728580153700727	0.1939570298354955	0.2489499443887016	-0.02912417809865342	0.4150530944645054	-0.04991466294666342	-0.3862498781237469	2.426838908227555	-0.1877413614437968	-0.1133946366920141	-4.597784912008034	0.6861433393976122	-2.038651089524581	0.04115591366159997	0.05178870235627905	0.0101265585850202	0.1167058756115432	0.0102608951624907	0.01006156094399437	0.01730676652086583	0.02240787534469241	0.01007107248516405	0.07420459176355511	0.01216730427674216	0.04379589521967869	0.01045228679870404	0.01069055709419427	0.01151403106477322	0.01037846221072833	0.01018964521353635	0.05939747499778054	-0.0002618592648872804	0.05812933059440271	0.06258339708210867	0.01010599844544152	0.132062623865907	0.0101858278408358	0.01003770936059919	0.01905249337332673	0.02608010609206428	0.01004942074340907	0.06906984131078588	0.01229158583485132	0.03892213649174309	0.01050015757806475	0.01070355791675376	0.01118568264992782	0.01034157390076595	0.01016194098815878	0.06409461359383742
0.4962832740554595	-0.332334390890236	0.3115749944831747	1.015830105862895	0.2807829354473294	-0.1699392851734812	0.2551872173301297	-0.01659853074726839	-0.09301836199118399	0.1948125456145529	0.2464116903818626	-0.0285399227158087	0.4142686149954086	-0.05017403524589236	-0.3836207846877344	2.454304389961413	-0.1898033146277899	-0.119042925349978	-4.642986126598072	0.6928578670769572	-2.052947479032389	0.04252772354027583	0.05264058716525787	0.01012478896603564	0.1177775001745039	0.01025462257035873	0.01005955144500844	0.01745642578199181	0.02271861604271879	0.0100692389478117	0.0738048558854873	0.01217791323158487	0.04339757305468368	0.01045656654555235	0.01069183636570238	0.01148625129428228	0.01037542658879295	0.01018734055054881	0.05973520389535814	-0.0002597773897862208	0.05960008108538974	0.0634788579642418	0.01010450748977721	0.133188598349002	0.01018481076489425	0.01003701743519701	0.01922538834754016	0.02643385915078502	0.01004856901782896	0.06831799139213623	0.0122997160952903	0.03833208100073691	0.01050749230746089	0.0107083451659227	0.01117115378925393	0.01034216403191189	0.01016181920111827	0.06376173830990917
0.4975239822405982	-0.33236958904996	0.3120884866843996	1.015767686681709	0.2803088651071134	-0.1668770364220868	0.2549506139742582	-0.0167498782887887	-0.09880694071080842	0.1956759497364857	0.2438557740676602	-0.02825230210131337	0.4134693681811858	-0.05044711648969172	-0.3804860291357376	2.482034319131154	-0.1915377884718229	-0.1249598981372607	-4.688080520215705	0.6987254668444419	-2.06712911723901	0.04390325917852756	0.05349401888948119	0.01012304629193134	0.118849827016078	0.01024878046443186	0.01005765278237476	0.01760806556210037	0.0230328414377538	0.01006748801278627	0.07337755621297151	0.01218803858691379	0.04298490444070053	0.01046109212013398	0.01069348382497892	0.01146007789656008	0.01037295827994971	0.0101853580177594	0.05999302932017588	-0.0002561085416041511	0.06107222786247608	0.06436724452750645	0.01010310759656546	0.134282621862905	0.01018366705625188	0.01003636145909596	0.0194016039698431	0.02679344097714871	0.01004774439950963	0.06751887567114476	0.01230119231255131	0.03776142282403526	0.01051465116715319	0.01071497716074965	0.01116883610702274	0.01034909499792809	0.01016504980652941	0.06264113006410228
0.4987646904257368	-0.3324046288653289	0.312600977890054	1.015704919353341	0.2798390052758405	-0.1637802067520849	0.2547120792916331	-0.01690869077740659	-0.104651391905431	0.1965458540169202	0.2412823203465378	-0.02828467023403803	0.4126550278502307	-0.05073524228295597	-0.3768335232490985	2.510048229154418	-0.1929165841831567	-0.131076277697188	-4.733051601053568	0.7033359024322889	-2.081217452230947	0.04528226738723505	0.05434861279572206	0.01012133208461349	0.1199217498632985	0.01024332844858044	0.01005585735427056	0.0177616580852885	0.02335049910265493	0.01006581402764968	0.07292291002550598	0.01219744872682636	0.04255968387477167	0.0104658362130425	0.01069554477567575	0.01143587833741891	0.0103712702733945	0.01018380845453861	0.06014797734446064	-0.0002524396934220813	0.06254437463956242	0.06525563109077108	0.01010170770335372	0.1353766453768081	0.0101825233476095	0.0100357054829949	0.01957781959214604	0.0271530228035124	0.01004691978119029	0.06671975995015328	0.01230266852981231	0.03719076464733361	0.0105218100268455	0.0107216091555766	0.01116651842479155	0.0103560259639443	0.01016828041194056	0.0615205218182954
0.5000053986108755	-0.3324399164283555	0.3131124492736329	1.015641784711266	0.2793740022373457	-0.1606484365424126	0.2544720655987236	-0.01707518596879857	-0.110551555359941	0.1974205334726921	0.2386914358729512	-0.02865740005109086	0.411825433025275	-0.05103949542392523	-0.3726560161489421	2.538361595908137	-0.19391482434221	-0.1373212623792698	-4.777880886810268	0.7063083575863718	-2.095234891859279	0.04666450194662373	0.05520385482449493	0.01011964798083416	0.1209920330001746	0.01023822887049161	0.01005415795749508	0.01791718498471829	0.02367161184927013	0.01006421142356202	0.0724424143724352	0.01220600872513313	0.04212366899332904	0.0104707714906286	0.01069804240952607	0.01141383999799735	0.01037060542836039	0.01018281485003598	0.06018413377725292	-0.0002471251313437453	0.0640177137258188	0.06613297595081606	0.01010040362627351	0.1364331920727222	0.01018126450644886	0.0100350848108741	0.01975754799245351	0.02752021243004861	0.01004611673438031	0.06590859553724322	0.01229949072004932	0.03664083776511736	0.01052875607020458	0.01072962010765288	0.01117260659421485	0.01037029138445864	0.01017529964786023	0.05976843762702123
0.5012461067960141	-0.3324758863078026	0.3136228820082717	1.015578262219693	0.2789145070180918	-0.157481347632291	0.2542310604892935	-0.0172494674690976	-0.1165072368965636	0.1982976949779339	0.2360831889646071	-0.02938454681384369	0.4109807442363219	-0.05136044854989492	-0.3679550244930026	2.566981358046903	-0.1945147363855272	-0.1436276500189578	-4.822545799519901	0.7073367816515732	-2.109205376814356	0.04804974537965228	0.05605928548548132	0.01011799543853942	0.1220595577860143	0.01023344818645777	0.01005254817563	0.01807462993650843	0.02399620019787044	0.01006267523996861	0.07193742478124394	0.01221359832574506	0.04167844469989215	0.01047587360400157	0.01070099738613282	0.01139412983777072	0.01037118008185004	0.01018248675795372	0.06008705067501357	-0.0002418105692654094	0.06549105281207518	0.06701032081086103	0.01009909954919331	0.1374897387686362	0.01018000566528822	0.01003446413875331	0.01993727639276099	0.02788740205658482	0.01004531368757032	0.06509743112433317	0.01229631291028633	0.03609091088290112	0.01053570211356365	0.01073763105972916	0.01117869476363815	0.01038455680497298	0.0101823188837799	0.05801635343574706
0.5024868149811528	-0.332512983366662	0.3141322574658217	1.015514330972338	0.2784611676221534	-0.1542785579198581	0.2539895647557855	-0.01743158442406255	-0.1225182228047926	0.199174812980355	0.2334576278465582	-0.03047678394274156	0.4101212723541222	-0.05169843890254431	-0.3627357055877869	2.59590990492682	-0.1947024018902654	-0.1499343723376515	-4.867021616812767	0.7061812791066632	-2.123153240332163	0.04943748753447454	0.0569143318170296	0.01011637580235809	0.1231231971324829	0.01022895573165596	0.01005102194115286	0.0182339826839659	0.02432435075593525	0.01006120066769879	0.07141086242973139	0.01222025493344056	0.0412253410044375	0.01048112657509357	0.01070438966653379	0.01137664462743762	0.01037322329131562	0.01018293742049561	0.05985444539267646	-0.0002363171851250393	0.0669576788561652	0.06787294377339459	0.01009789053555052	0.1385068277263274	0.01017865550558579	0.01003387852096919	0.02012064453424986	0.02826385918688985	0.01004452920743186	0.06431851647995605	0.01229208593495337	0.0355572019691297	0.01054260198205671	0.01074608010774758	0.01118697087194793	0.01040674721110437	0.01019336024819263	0.05593787580347055
0.5037275231662914	-0.3325516643605559	0.3146405577683382	1.015449969880692	0.2780146183651934	-0.1510396890798774	0.2537480955998215	-0.01762149921730065	-0.1285842548539987	0.2000490799820917	0.2308147602455911	-0.03193781630393872	0.4092476134728886	-0.05205334957175059	-0.3570094504732798	2.6251402816726	-0.1944719005327456	-0.1561976056025062	-4.911279237042509	0.7027408896458708	-2.137103110830462	0.05082727604044338	0.057768481245034	0.0101147902700173	0.1241819298079557	0.01022472418788382	0.01004957384930261	0.01839523413266678	0.0246561409157807	0.0100597834229062	0.07086537727485942	0.0122260118729091	0.04076555745154791	0.01048651617068061	0.01070820139706071	0.01136129230699109	0.01037693908424658	0.01018426770498808	0.05948411404642701	-0.0002308238009846692	0.06842430490025522	0.06873556673592815	0.01009668152190772	0.1395239166840185	0.01017730534588336	0.01003329290318507	0.02030401267573873	0.0286403163171949	0.0100437447272934	0.06353960183557893	0.01228785895962042	0.03502349305535828	0.01054950185054978	0.010754529155766	0.01119524698025771	0.01042893761723577	0.01020440161260536	0.05385939817119403
0.5049682313514301	-0.3325923876665463	0.3151477655889515	1.0153851580451	0.2775754829027671	-0.1477643704751666	0.2535071734612774	-0.01781914184302722	-0.1347050498338033	0.200917636504568	0.2281545734732792	-0.03376793059641766	0.4083604898417442	-0.05242486612552242	-0.3507899606513151	2.65466093424539	-0.193821267211728	-0.1623847100646663	-4.955287343486411	0.6969959878076406	-2.15107942152691	0.05221799095739698	0.05862113036202324	0.01011323974945964	0.1252348832372103	0.01022072928363706	0.01004819880877799	0.01855837883790278	0.02499170038367574	0.01005841942230711	0.07030503323547156	0.01223107086495212	0.04029987806369387	0.0104920422219437	0.01071236361916349	0.01134765957894763	0.01038249261616536	0.0101865510203526	0.05898707799631805	-0.0002263754690529527	0.06986611679437446	0.0695802895474892	0.01009556227992287	0.1405043824772615	0.01017589994360318	0.01003274259421656	0.02049109890873888	0.0290274450129912	0.01004297787770526	0.06283457234845133	0.0122866489675936	0.03449691776173085	0.0105566710729633	0.01076217650884419	0.01119793329465082	0.01045840079534835	0.01021894691439612	0.05180422838297408
0.5062089395365688	-0.3326356066056032	0.3156538649848276	1.015319875378161	0.2771443593252854	-0.1444522580462234	0.2532673155973926	-0.01802440868509106	-0.1408802690444033	0.2017777223520244	0.225477015175198	-0.0359607277047844	0.4074608524652767	-0.05281232102523271	-0.3440944416127651	2.684451285099501	-0.1927563144438767	-0.1684876932726737	-4.999010167143793	0.6890862409795953	-2.165105694617778	0.05360863687810797	0.0594717388911942	0.01011172504942358	0.1262812658741301	0.01021694939658615	0.01004689228442352	0.01872341199550109	0.02533114499089576	0.01005710502866291	0.06973351950343121	0.01223561168438627	0.03982901007042045	0.01049770457855343	0.01071681489891031	0.01133537807358028	0.01039003097548861	0.01018985274794575	0.05837318525615748	-0.0002219271371212361	0.0713079286884937	0.07042501235905026	0.01009444303793803	0.1414848482705046	0.01017449454132299	0.01003219228524806	0.02067818514173903	0.02941457370878749	0.01004221102811711	0.06212954286132372	0.01228543897556678	0.03397034246810343	0.01056384029537682	0.01076982386192239	0.01120061960904393	0.01048786397346093	0.01023349221618687	0.04974905859475412
0.5074496477217073	-0.332681767841057	0.3161588408460973	1.015254102416896	0.2767218308088939	-0.1411030265980545	0.2530290328694791	-0.01823719475515298	-0.1471095432825599	0.2026267257330323	0.2227820137313873	-0.03850665569765424	0.4065497543424361	-0.05321489321252915	-0.3369413369780234	2.714486463072014	-0.1912865356516658	-0.174511166145384	-5.042409718347268	0.6792246336217037	-2.179204763576334	0.05499763664855803	0.0603196380904057	0.01011024658642301	0.127320079397842	0.01021336613485917	0.01004565003602327	0.01889033236142037	0.02567463219057477	0.01005583683272207	0.06915557936360968	0.01223995824237269	0.03935300432627438	0.01050351938713056	0.01072144338654118	0.01132379785086623	0.01039952918506655	0.01019412901718054	0.0576625300823036	-0.0002163447007564253	0.07270807050814754	0.07124760507707389	0.01009340532429353	0.1424212737289366	0.01017308191159203	0.01003167825663522	0.02086907158526324	0.02981357177135992	0.01004146238487109	0.06153142024886159	0.01229092787524962	0.03343509944212975	0.01057166627103069	0.01077538803510617	0.01119051687902781	0.01052070523919636	0.01024903224232312	0.0480019136269733
0.5086903559068461	-0.3327312971891979	0.316662679960812	1.015187821278586	0.2763084484837756	-0.1377163989989205	0.2527928145260883	-0.01845742286127975	-0.1533924368087189	0.2034624984569457	0.2200694612555738	-0.04139006309403237	0.4056284370104638	-0.05363149326440438	-0.3293509455020064	2.744733232016435	-0.1894285665341687	-0.1804841242320899	-5.085443545442875	0.6677586690716908	-2.193397640281921	0.05638358637445138	0.06116422867942513	0.01010880473144746	0.1283504175263873	0.01020996311416342	0.01004446828655157	0.01905913887733075	0.02602230257681422	0.0100546117976571	0.06857551952246006	0.01224439922408946	0.03887190696347102	0.01050950103110259	0.01072614943872086	0.01131233969108519	0.01041096496398407	0.01019934074243504	0.05687325398016905	-0.0002107622643916144	0.07410821232780136	0.07207019779509753	0.01009236761064904	0.1433576991873687	0.01017166928186107	0.01003116422802238	0.02105995802878745	0.03021256983393236	0.01004071374162507	0.06093329763639946	0.01229641677493245	0.03289985641615605	0.01057949224668457	0.01078095220828995	0.01118041414901168	0.01055354650493179	0.01026457226845937	0.04625476865919247
0.5099310640919847	-0.332784606266419	0.3171653701828221	1.015121015036274	0.2759047463163327	-0.1342921273309291	0.2525591345878953	-0.01868504483908789	-0.1597284778459818	0.2042832081685382	0.2173392328641128	-0.04459238002447109	0.4046982281369412	-0.05406092261023056	-0.3213441143312598	2.77515431261608	-0.1872024692302615	-0.1864476439133228	-5.128067007791185	0.6550994714817164	-2.207704120161853	0.05776550009248054	0.06200465098139592	0.01010739946123754	0.1293700472733041	0.01020672736571304	0.01004334355480551	0.01922983444368051	0.02637433743880008	0.01005342711674225	0.06799749058635925	0.01224932036529545	0.03838527260523479	0.0105156778609573	0.01073079715722194	0.01130031754164326	0.01042393160388659	0.01020521895132746	0.0560339027485783	-0.000200135515766489	0.07547538230246512	0.07286281859950888	0.01009140255142727	0.1442089195591073	0.01017030880248911	0.01003068848105242	0.02125474169825394	0.03062465000295734	0.01003998472971009	0.06044308989351767	0.01231130693402477	0.03234354880851758	0.01058832634113618	0.01078343774700671	0.01115420704166038	0.0105805957467792	0.01027559161868022	0.04511224742398866
0.5111717722771233	-0.3328420712986997	0.3176669016922959	1.015053668891738	0.2755112234262574	-0.1308300318610321	0.2523284283841167	-0.01892010026299058	-0.1661171172272762	0.2050877971963367	0.2145911733985742	-0.04808939005630178	0.4037606125311746	-0.05450180622303794	-0.3129421253197747	2.805704549921207	-0.1846349587864934	-0.1924667228970942	-5.170231182382638	0.6417724897251753	-2.222141009657725	0.05914249823882781	0.06284013407493087	0.01010603075504896	0.1303769414267732	0.01020364733638831	0.01004227273986761	0.0194024216984337	0.02673089865282748	0.01005228028986151	0.06742526010051936	0.01225506545271285	0.03789270003967935	0.01052207513123777	0.01073526547472908	0.01128712001502728	0.01043806682063358	0.01021152405904746	0.05517035781169094	-0.0001895087671413636	0.07684255227712887	0.07365543940392025	0.0100904374922055	0.1450601399308458	0.01016894832311715	0.01003021273408246	0.02144952536772042	0.03103673017198231	0.01003925571779511	0.05995288215063586	0.01232619709311709	0.03178724120087911	0.01059716043558778	0.01078592328572347	0.01112799993430909	0.01060764498862661	0.01028661096890106	0.04396972618878484
0.512412480462262	-0.3329040472197726	0.318167265940593	1.014985769225722	0.275128361104772	-0.1273299721124705	0.2521011076779145	-0.01916268735895118	-0.1725577639574641	0.205875666820335	0.2118251141946735	-0.05185427461089003	0.4028171484272322	-0.05495271551864588	-0.3041660609187949	2.836334989521535	-0.1817558150134302	-0.198618054239604	-5.211884805421259	0.628356538203921	-2.236723395307772	0.06051487156971964	0.06366961154482467	0.01010469829901371	0.1313674163031605	0.01020071515585265	0.01004125306353	0.01957690079998505	0.02709216644636051	0.01005116902299469	0.06686079506347806	0.01226200554114956	0.03739407984327615	0.01052872344101663	0.01073942563986295	0.01127229194633015	0.01045254913891165	0.01021778371040667	0.05431930382146637	-0.0001782956678114159	0.07820628481227762	0.07440902374416412	0.01008953809491241	0.1457732509105479	0.01016771214891921	0.01002977880845757	0.02164815209594536	0.03146258638605727	0.01003854790608983	0.0595266836649739	0.01235159782539375	0.03121678630551026	0.01060716343483366	0.01078498605742162	0.01108859890438531	0.01061749972587576	0.01028725828156773	0.04374543282219345
0.5136531886474006	-0.3329708414129692	0.3186664569853491	1.014917304772389	0.2747566078709761	-0.1237918924230041	0.2518775310771501	-0.01941305059708364	-0.1790497418457807	0.2066472523537079	0.2090408666307398	-0.05585636442267003	0.4018694285501586	-0.05541223382845159	-0.2950344599380796	2.866992046071438	-0.1785995221895105	-0.2050017509404211	-5.25297614014218	0.6155229285776699	-2.251460318906835	0.0618828771552616	0.06449212636673129	0.01010340181352537	0.1323381256216822	0.01019792381285107	0.01004028205107912	0.01975327194346098	0.0274583017799576	0.01005009127272607	0.0663058790857366	0.01227047131979971	0.03688931369246197	0.01053565004772193	0.01074316295052342	0.01125542768498189	0.01046664686142834	0.01022357716799145	0.05351403040733143	-0.0001670825684814683	0.07957001734742636	0.07516260808440797	0.01008863869761932	0.14648636189025	0.01016647597472126	0.01002934488283268	0.02184677882417031	0.03188844260013222	0.01003784009438455	0.05910048517931193	0.01237699855767041	0.03064633141014141	0.01061716643407953	0.01078404882911978	0.01104919787446152	0.0106273544631249	0.01028790559423439	0.04352113945560204
0.5148938968325393	-0.3330427354986307	0.3191644701694373	1.014848265421601	0.2743963979514868	-0.1202157813104603	0.2516580281017683	-0.01967152222801498	-0.1855923335995694	0.2074035522006397	0.2062382367425848	-0.06006465352529984	0.4009189367857782	-0.05587898421469081	-0.2855638817053158	2.897624024132647	-0.1752012310842766	-0.2117229722657436	-5.293459897885386	0.6039160608334465	-2.266354935953039	0.06324646024676005	0.06530674729491469	0.01010214088729925	0.1332864709085607	0.01019526895986361	0.01003935745619858	0.01993152254300964	0.02782940292457533	0.01004904516048952	0.06576201027464321	0.01228073188902346	0.03637890568323458	0.0105428730547448	0.0107463899470675	0.01123646383737618	0.01047952049646825	0.01022850654296847	0.05277692654562605	-0.0001684858908552094	0.08092240286888487	0.07587637681746889	0.01008780146118351	0.1470787803413364	0.01016541808317467	0.01002895491101576	0.02204894073299727	0.03232676427823582	0.01003715467959914	0.05873277885490645	0.01241187992557785	0.03007684950377004	0.01062815695508084	0.01078018433994245	0.01100421957007534	0.01061647479458165	0.01027816326788516	0.04396817485412666
0.5161346050176779	-0.3331199586683755	0.3196613032161929	1.014778643328377	0.2740481385004183	-0.1166017115267693	0.2514428685441035	-0.01993860475082194	-0.1921847544176824	0.2081465556885044	0.2034170327311829	-0.06444676199550081	0.3999670672199343	-0.05635160504481926	-0.2757704979361523	2.928180780767214	-0.1715980010840861	-0.2188823849510013	-5.333299750155513	0.5940895344208882	-2.281401473453689	0.06460557037984245	0.06611263749828321	0.01010091515395531	0.1342100873792884	0.01019274672384222	0.01003847727796457	0.02011164143275252	0.02820555777866103	0.01004802901294014	0.06523054593261843	0.01229302705189171	0.03586331047631661	0.01055040858822976	0.01074902871059215	0.01121534387390099	0.01049042227525551	0.01023221741585104	0.05212824876018648	-0.0001698892132289505	0.08227478839034337	0.07659014555052981	0.01008696422474771	0.1476711987924228	0.01016436019162808	0.01002856493919883	0.02225110264182422	0.03276508595633943	0.01003646926481373	0.05836507253050098	0.0124467612934853	0.02950736759739866	0.01063914747608215	0.01077631985076512	0.01095924126568915	0.01060559512603841	0.01026842094153592	0.04441521025265126
0.5173753132028166	-0.3332027127718457	0.3201569550131271	1.014708431785854	0.273712222929721	-0.1129497977571532	0.2512322908741056	-0.02021488243538296	-0.1988261899957307	0.208878690429598	0.200577068718042	-0.06896867446123811	0.3990152870626837	-0.05682868586850577	-0.2656720857785436	2.958609985850325	-0.1678287558637269	-0.2265753872421255	-5.372458444256988	0.5865442642441899	-2.296592685097762	0.06595772425176391	0.06690935946851491	0.01009972423239502	0.1351100601277039	0.01019035409452978	0.01003763957376943	0.0202935925301364	0.0285866851778528	0.01004704129658351	0.06471509462300787	0.01230744244212584	0.03534351956828428	0.0105582485954539	0.01075105599130857	0.0111923473681445	0.01049900122029376	0.01023462642821146	0.05158583878303992	-0.0001874878868931072	0.08355057113630709	0.07727352712886028	0.01008618831153423	0.1482435782325215	0.01016349593407711	0.01002821764352621	0.02245618082083155	0.03321182067561471	0.01003580734220403	0.05811779234498803	0.01248776125611538	0.0289529612728773	0.01065057191808689	0.01077072532470901	0.01091661875639605	0.01058242053350211	0.01025425944398744	0.04549452972952283
0.5186160213879553	-0.3332911413161936	0.3206514269538581	1.014637626474252	0.2733890131842141	-0.1092602435404015	0.2510264667789636	-0.02050108819060013	-0.2055157643934403	0.2096031202987271	0.1977181739085212	-0.07359387049119089	0.3980651589889837	-0.05730875113924088	-0.2552889125897633	2.98885654600541	-0.163935311771655	-0.2348862811108875	-5.410898715718431	0.5816694581663773	-2.311917581097841	0.06730070295477257	0.06769651846001151	0.01009856778312816	0.1359873679456865	0.01018808839015492	0.01003684261322367	0.02047734371908899	0.02897271299567379	0.01004608064545058	0.06421892557345478	0.01232405434119849	0.03482042676927839	0.01056638590279637	0.01075245107228852	0.01116772345887701	0.01050494464064188	0.01023565931123565	0.05116574886249229	-0.0002050865605572639	0.08482635388227083	0.07795690870719073	0.01008541239832076	0.1488159576726202	0.01016263167652615	0.01002787034785359	0.02266125899983887	0.03365855539488998	0.01003514541959432	0.05787051215947508	0.01252876121874547	0.02839855494835594	0.01066199636009163	0.0107651307986529	0.01087399624710295	0.01055924594096581	0.01024009794643895	0.0465738492063944
0.5198567295730938	-0.3333853571756125	0.3211447217426286	1.014566224308819	0.2730788539688252	-0.1055332984391789	0.2508255328718134	-0.02079802206703667	-0.212252570872845	0.2103232979923369	0.1948401873314649	-0.07828540116412752	0.3971182918944234	-0.05779028043421564	-0.2446430020473138	3.018865019524539	-0.1599599089989913	-0.243887550848778	-5.448583484359966	0.5797443386908989	-2.327363801334285	0.06863028030113001	0.06847399885722519	0.01009744545221503	0.1368454972285427	0.01018594761301036	0.01003608470564188	0.02066283344319404	0.02936341738660359	0.01004514583775182	0.06374551572428631	0.01234271432387226	0.03429555025075317	0.01057478095716314	0.01075325857318529	0.01114192356085967	0.01050846356896656	0.01023549356717498	0.05086477744976158	-0.0002236957573333963	0.08596785864646007	0.07861679422172523	0.01008469701283891	0.1494457374207222	0.01016197374162861	0.01002756436851891	0.02286849499836144	0.0341098475509615	0.01003450859632016	0.05775319266106107	0.01257061472444517	0.0278760232680374	0.01067307497520716	0.01075933352348115	0.01083887883743471	0.01053581616032398	0.01022740265929199	0.04780473964285173
0.5210974377582325	-0.3334854120172819	0.3216368448323892	1.014494224805744	0.2727820494965311	-0.1017693035348123	0.2506295559856941	-0.02110657645252211	-0.2190356417543291	0.2110429466858679	0.1919429702258547	-0.08300621634421156	0.3961764000630775	-0.05827164962785973	-0.2337612855653449	3.048580202513189	-0.1559446712333775	-0.2536183464342852	-5.485476152485141	0.5808166909969049	-2.342916854209157	0.0699426752680412	0.06924169446222357	0.01009635692435822	0.1376876103587255	0.01018392998333036	0.01003536434503858	0.0208500068692687	0.02975859894784911	0.01004423578517113	0.06329801009672444	0.01236329008822449	0.03377025806084591	0.01058339852478898	0.01075351824228095	0.0111153499881081	0.01050974593263596	0.0102342872961255	0.05067990534053412	-0.0002423049541095287	0.08710936341064932	0.07927667973625971	0.01008398162735707	0.1500755171688242	0.01016131580673108	0.01002725838918424	0.023075730996884	0.03456113970703302	0.010033871773046	0.05763587316264705	0.01261246823014486	0.02735349158771887	0.0106841535903227	0.01075353624830939	0.01080376142776646	0.01051238637968215	0.01021470737214502	0.04903563007930906
0.5223381459433711	-0.3335913268973086	0.3221278031161123	1.014421628845012	0.2724988806538573	-0.0979686454559278	0.250438568206005	-0.02142766862625134	-0.2258639791998494	0.2117657761552743	0.1890263962447907	-0.08772009745015995	0.3952412420525253	-0.05875119512441906	-0.2226732565352256	3.077948068858437	-0.151930585522793	-0.264097099739323	-5.52154064400915	0.5848000432510398	-2.358561419459006	0.07123500315466859	0.06999926630032736	0.01009530174996487	0.1385155111038418	0.01018203441275793	0.0100346800446063	0.02103878673428812	0.03015803096019954	0.01004334956636359	0.06287590259900575	0.0123854239444476	0.03324657794949053	0.01059217815357733	0.01075332488822281	0.01108845657204973	0.01050929016133778	0.01023230447195294	0.05058751499887985	-0.0002447823271191363	0.08813466257197372	0.0799065931080815	0.01008332315880654	0.1507261097886571	0.01016087825777618	0.01002699217739723	0.02328450505414645	0.03501604020109981	0.01003326256726277	0.05755494451141913	0.01264961484475929	0.02688104957979161	0.01069423953031224	0.01074889946486438	0.01077790953271428	0.01049633707765772	0.01020620526372431	0.0498796821520348
0.5235788541285098	-0.3337030653495799	0.3226176064529104	1.014348440111509	0.2722295754073616	-0.09413179702121574	0.2502525369176235	-0.02176221016709158	-0.2327365269137328	0.212495140876494	0.1860903654699039	-0.09239371908086175	0.3943146453451595	-0.05922718939290933	-0.2114134015906229	3.10691844158219	-0.1479548873287339	-0.2752984876103032	-5.556742360306219	0.5913513183754893	-2.374280865674282	0.07250467559685653	0.07074640750610267	0.0100942795285347	0.1393308360604686	0.01018025993159046	0.01003403047996704	0.02122910419297889	0.03056151143836689	0.01004248636063484	0.06247872776236754	0.01240879712584833	0.03272633634334806	0.01060106599324906	0.01075276297524715	0.01106164778984009	0.01050754024616653	0.01022978023512141	0.05056623617549645	-0.0002472597001287438	0.0891599617332981	0.08053650647990329	0.01008266469025601	0.15137670240849	0.01016044070882128	0.01002672596561022	0.02349327911140889	0.03547094069516659	0.01003265336147954	0.05747401586019121	0.01268676145937371	0.02640860757186435	0.01070432547030177	0.01074426268141937	0.0107520576376621	0.01048028777563328	0.0101977031553036	0.05072373422476054
0.5248195623136486	-0.3338205639326885	0.3231062662285645	1.014274663729812	0.2719743321220696	-0.09025927177182458	0.2500713994730736	-0.02211108237428992	-0.2396522002856418	0.2132340617804762	0.1831347920392306	-0.09699584988317443	0.39339844390037	-0.05969791644700083	-0.2000177864128672	3.135443856336741	-0.1440521970312082	-0.2871776710156069	-5.591047761228313	0.6000332987095405	-2.390057712421142	0.07375131062780987	0.0714823624736514	0.01009328953713341	0.1401320276186147	0.0101786063509601	0.01003341431991603	0.02142086990190076	0.03096885975787281	0.01004164553398562	0.06210182616998428	0.01243295792756588	0.03221101905479224	0.01061000752117751	0.01075194802998736	0.01103527515857109	0.01050504061713902	0.010226959941845	0.05058436910994506	-0.00023456335223127	0.090124787958711	0.08112380530900068	0.01008205494439125	0.151953178228645	0.01016024081211761	0.01002649759649665	0.02370299846981597	0.03592970731903994	0.01003207511610029	0.05731713997698272	0.01271559936772487	0.02597993947071387	0.0107133309496828	0.0107416380363542	0.01073474595266512	0.01047459886702689	0.0101939499644637	0.05088475727616148
0.5260602704987871	-0.3339437121465293	0.3235937968204473	1.014200307591573	0.2717332887572557	-0.08635165585558059	0.2498950415769718	-0.02247506627905585	-0.2466098615196513	0.2139847109619219	0.1801596205026933	-0.1015008277514931	0.3924944205558039	-0.06016174690438839	-0.1885233751129411	3.163483996851025	-0.140250336024789	-0.2996582671318907	-5.624426086148186	0.6102569778843431	-2.405872672519506	0.07497455568356233	0.07220644964415648	0.01009233113178164	0.1409176664352501	0.01017707350243172	0.01003283037868102	0.02161400423331061	0.03137991502997493	0.01004082652167445	0.06174097471743774	0.0124575038216033	0.03170196338491797	0.01061895416890629	0.01075098297683413	0.01100965195848433	0.01050227628348618	0.01022406215577233	0.05061335880481124	-0.0002218670043337962	0.0910896141841239	0.08171110413809808	0.01008144519852648	0.1525296540488	0.01016004091541394	0.01002626922738309	0.02391271782822304	0.03638847394291328	0.01003149687072104	0.05716026409377424	0.01274443727607602	0.02555127136956339	0.01072233642906384	0.01073901339128902	0.01071743426766813	0.0104689099584205	0.0101901967736238	0.05104578032756242
0.5273009786839257	-0.3340723794052062	0.3240802140690989	1.014125380916399	0.2715065525405275	-0.08240956730143316	0.2497233273105584	-0.02285487342743083	-0.2536083479540475	0.2147487466541895	0.1771648117694285	-0.1058864910936786	0.3916042869048683	-0.0606171526879226	-0.17696600902987	3.191003034886196	-0.1365729442165886	-0.3126530577813873	-5.656848283080865	0.6213971278851725	-2.421705358120375	0.07617454146597008	0.072917877089997	0.010091403181978	0.1416852808944555	0.01017566211388366	0.01003227743974038	0.02180839551270136	0.03179447435337896	0.01004002894031246	0.06139003039494195	0.01248204543637435	0.03119928547703789	0.01062788895738218	0.01074997626311087	0.01098498585818234	0.01049974886853551	0.01022128682745562	0.05062013697154643	-0.0002117502420080791	0.09200651171839866	0.08225174584335196	0.01008087175850428	0.1529977330351501	0.01016009974780536	0.01002607639222901	0.02412249222522668	0.03684984058846313	0.01003095314236543	0.05687106643338501	0.01276474291967395	0.0251374934913479	0.01073094819996872	0.01073866929994653	0.01070656304675698	0.01047462189783088	0.01019104091252112	0.05036828655146578
0.5285416868690643	-0.334206405526861	0.3245655364604276	1.014049895203128	0.2712941756362715	-0.0784336743752911	0.2495560899962414	-0.02325105958357512	-0.2606464521990893	0.2155267607262729	0.1741503623627864	-0.1101392204543225	0.3907295295604287	-0.06106290632586526	-0.1653764171815938	3.217976062984822	-0.1330335686422372	-0.3260609243642791	-5.688289328473412	0.6327897652818555	-2.437533099719796	0.07735137430454872	0.0736159298386654	0.01009050468070317	0.1424326177424139	0.01017437283351007	0.01003175441947815	0.02200394418325254	0.03221235691832849	0.01003925244838852	0.06104343227516034	0.01250623579154526	0.03070308880133785	0.01063679676165846	0.01074902450702629	0.0109614619198419	0.0104979052552651	0.01021881207391579	0.05057494231359429	-0.000201633479682362	0.09292340925267342	0.08279238754860585	0.01008029831848207	0.1534658120215002	0.01016015858019679	0.01002588355707493	0.02433226662223032	0.03731120723401298	0.0100304094140098	0.05658186877299578	0.01278504856327188	0.02472371561313241	0.01073955997087361	0.01073832520860405	0.01069569182584582	0.01048033383724126	0.01019188505141845	0.04969079277536914
0.5297823950542031	-0.3343456208310353	0.3250497836612538	1.013973862899171	0.2710961859366442	-0.07442466368343092	0.2493931538326898	-0.02366409445519945	-0.267722947007088	0.2163187955869773	0.1711162880782024	-0.1142503195892977	0.3898714653232731	-0.06149800989316107	-0.1537807235616486	3.244384506179411	-0.1296400327237746	-0.3397805255578579	-5.718726478365421	0.643801347955734	-2.453331844942287	0.07850321600723456	0.0743002577689645	0.01008963408294859	0.1431596757788216	0.01017320726267666	0.01003126018704787	0.02220050135913823	0.03263325992560486	0.01003849684998469	0.06069666909145503	0.01252986729688047	0.03021205707871664	0.01064571958940631	0.01074821046811528	0.01093914138946957	0.01049721189313103	0.01021679893316143	0.05045359375134569	-0.0002053564460631026	0.09373910505000689	0.08329521723517347	0.01007974706158443	0.153891090026936	0.0101604996565237	0.01002572369159967	0.02454075514644976	0.0377718757738414	0.01002990320685531	0.05618125049112221	0.01279968931774616	0.02428956285216028	0.01074911710055467	0.01074006045479878	0.01068855836504549	0.01049850658137768	0.010197157588705	0.04828049231672363
0.5310231032393418	-0.3344898504720354	0.3255329771586709	1.013897297628492	0.2709125784203526	-0.0703832406694421	0.249234340708333	-0.0240942872013629	-0.2748365716591111	0.2171239162474764	0.168062646791541	-0.1182222403698846	0.389030978057504	-0.06192203891365437	-0.1421925953750055	3.27022416579142	-0.1263873057275307	-0.3537191030352699	-5.74814201061421	0.6538837648668507	-2.469074771130134	0.0796284073120538	0.07497054256494701	0.01008879001247454	0.143866449059125	0.01017216682766305	0.01003079373515076	0.02239793427554775	0.03305691334620778	0.0100377619705787	0.06034565944581949	0.01255275495352173	0.02972500491560513	0.01065469486137231	0.01074760787847455	0.01091807882730285	0.01049808431338436	0.01021539085584114	0.05023427428218667	-0.0002090794124438432	0.09455480084734036	0.0837980469217411	0.01007919580468678	0.1543163680323718	0.01016084073285061	0.0100255638261244	0.0247492436706692	0.03823254431366982	0.01002939699970081	0.05578063220924865	0.01281433007222043	0.02385541009118815	0.01075867423023573	0.01074179570099351	0.01068142490424516	0.0105166793255141	0.01020243012599156	0.04687019185807812
0.5322638114244804	-0.3346389239711922	0.3260151390784992	1.013820213243047	0.2707433394609789	-0.06631011123239827	0.2490794793666601	-0.02454187252792545	-0.2819860518322063	0.2179407565705394	0.16498951916671	-0.1220631589844113	0.3882087056688346	-0.06233489418604321	-0.1306183814757063	3.295498273263676	-0.1232638089444398	-0.367792444240751	-5.776520812844115	0.6625559592623746	-2.484733630979741	0.08072347712466559	0.07562683137517796	0.01008797066366049	0.1445552562611834	0.01017125383065527	0.01003035400214722	0.02259605435245776	0.03348291046388108	0.01003704772422591	0.05998817507149785	0.01257491230898996	0.02923962886367491	0.01066382736657244	0.01074726500102445	0.01089821005367529	0.01050100274318262	0.01021472171099665	0.04990304401412087	-0.0002158416566977691	0.09521667224029742	0.08427254260509506	0.01007865469741803	0.1547701291283659	0.01016148676742248	0.01002543429870745	0.02495489968409732	0.03868871350358172	0.0100289301856867	0.05531263812022433	0.01282780409482411	0.02337162464327814	0.0107708294277532	0.010745102322756	0.01067527473137612	0.01054940480830704	0.01021209425424469	0.04490436192701409
0.533504519609619	-0.3347926938217237	0.3264962921688982	1.01374262319344	0.2705884578454295	-0.06220596359347778	0.2489284284481122	-0.02500696303014482	-0.2891700925534035	0.2187672693833678	0.1618970347841371	-0.1257926725811596	0.3874047626176284	-0.06273716019850746	-0.1190488142403529	3.320224970283236	-0.1202449753604538	-0.3819371329355272	-5.803853032078138	0.6694756285166735	-2.500277532091481	0.08178529647910839	0.07626916316106395	0.01008717442813036	0.1452282053713275	0.01017047032220187	0.01002994004238633	0.02279469339225229	0.03391088839577764	0.01003635403436217	0.05962220046937654	0.01259635142742311	0.02875385642123091	0.01067321045226616	0.01074722483339897	0.01087947785445351	0.01050639495079535	0.01021491074265471	0.0494472387378353	-0.000222603900951695	0.09587854363325449	0.08474703828844903	0.01007811359014929	0.1552238902243599	0.01016213280199435	0.0100253047712905	0.02516055569752544	0.03914488269349362	0.0100284633716726	0.0548446440312	0.01284127811742778	0.02288783919536814	0.01078298462527067	0.0107484089445185	0.01066912455850709	0.01058213029109999	0.01022175838249783	0.04293853199595007
0.5347452277947576	-0.3349510310864182	0.326976459163814	1.013664540303761	0.2704479333028795	-0.05807146788650802	0.2487810695964932	-0.0254896234347897	-0.2963873917913389	0.2196011558992616	0.1587853493355067	-0.1294352613714387	0.3866190195634545	-0.06312973593985792	-0.1074672541542538	3.344428855891429	-0.1173007277601271	-0.3961019864624178	-5.830131290232033	0.6743799858425322	-2.515674287436499	0.08281110281089822	0.07689755409100484	0.01008639952151283	0.1458869181194802	0.01016981896654427	0.01002955085541785	0.02299364115153346	0.03434040784513854	0.01003568084842539	0.0592468216362052	0.01261727863721979	0.02826503522319804	0.01068300088187587	0.01074749839283748	0.01086173020150153	0.01051481442092554	0.01021606572557176	0.04886385748194383	-0.0002163144211069595	0.09639177292598207	0.08519260474587075	0.01007757631046112	0.1556942383312941	0.01016310110887704	0.01002520302146627	0.02536211916116291	0.03959412320147337	0.01002803641905253	0.05433595097805453	0.01285824497842476	0.02233749949504357	0.01079937121915099	0.01075258314245362	0.01066162476775539	0.01063296882885176	0.01023570030381766	0.04065380001842585
0.5359859359798963	-0.335113854044733	0.3274556622148911	1.013585975449589	0.270321804178274	-0.05390724451127341	0.2486373417180482	-0.02598985478740143	-0.3036366391157945	0.2204398083172344	0.1556546737577437	-0.1330235300368339	0.3858509018235096	-0.06351407819405916	-0.09584365391904662	3.36814545955787	-0.1143919131889239	-0.4102611980664748	-5.855352811435941	0.6771582213692366	-2.530889293222055	0.08379839698431418	0.07751201539168232	0.01008564435436453	0.1465328696110194	0.01016930213673061	0.01002918555009677	0.02319271007385689	0.03477107671309838	0.01003502811958713	0.05886121179333882	0.01263787781106902	0.02777077991726929	0.01069333830148609	0.01074809549377201	0.01084483160511176	0.01052675411954442	0.01021828265438095	0.04815006669251073	-0.0002100249412622239	0.09690500221870964	0.08563817120329245	0.01007703903077295	0.1561645864382284	0.01016406941575974	0.01002510127164204	0.02556368262480039	0.04004336370945313	0.01002760946643246	0.05382725792490906	0.01287521183942174	0.02178715979471899	0.01081575781303131	0.01075675734038873	0.01065412497700369	0.01068380736660353	0.0102496422251375	0.03836906804090162
0.537226644165035	-0.3352811095766646	0.3279339229076703	1.013506938187815	0.270210136409594	-0.04971388227872474	0.2484972179240457	-0.0265076421575232	-0.3109165227420111	0.2212805606556455	0.1525052481131149	-0.1365929708475642	0.3850996478823318	-0.06389187373694692	-0.084142290011726	3.391414333900925	-0.1114762170120755	-0.4244023004135578	-5.879516896275111	0.6777798549901178	-2.545886717295596	0.08474639688784107	0.07811228689189278	0.01008490750381975	0.14716525312637	0.01016892232661373	0.01002884318121947	0.02339169548588749	0.03520252114589769	0.01003439576191721	0.05846444897898174	0.0126584795320974	0.02726884286707292	0.01070441016005498	0.01074899153688371	0.01082859553164556	0.01054290001294365	0.01022162570654002	0.04731458072128106	-0.0001900560575178033	0.09731335630772413	0.0860473527084315	0.01007650742115956	0.1565833636723869	0.01016536602553844	0.0100250248290798	0.02576047617763608	0.0404855796468878	0.01002722138394055	0.05327434788884607	0.01289942432308813	0.0211707772310951	0.01083769949440492	0.01076099324536098	0.01064388077272338	0.01075800797184033	0.01026723368691225	0.03606310415715407
0.5384673523501736	-0.3354528064932988	0.328411261307587	1.01342743497252	0.2701130629818397	-0.04549189982685894	0.2483607447312229	-0.02704297215677173	-0.3182257328728692	0.2221208202163692	0.1493373737780393	-0.1401829654864424	0.3843641814620523	-0.06426518706200088	-0.07231782683948391	3.414280764584718	-0.1085072075318403	-0.4385396248326936	-5.902626647172506	0.6763639612964389	-2.560628263906216	0.08565437981890744	0.07869813098036657	0.01008418770245123	0.1477833308323578	0.01016868175745329	0.01002852290685311	0.02359041476229191	0.0356344073427221	0.01003378369886552	0.05805569903765463	0.01267937841888015	0.02675720313145363	0.01071638343559066	0.010750164605587	0.0108128557545855	0.01056386297702464	0.01022615203765089	0.04636517826237173	-0.0001700871737733827	0.09772171039673859	0.08645653421357055	0.01007597581154618	0.1570021409065454	0.01016666263531715	0.01002494838651755	0.02595726973047179	0.04092779558432248	0.01002683330144864	0.05272143785278308	0.01292363680675452	0.02055439466747121	0.01085964117577853	0.01076522915033323	0.01063363656844307	0.01083220857707713	0.010284825148687	0.03375714027340651
0.5397080605353123	-0.3356289869232592	0.3288876965271681	1.013347470478802	0.2700307562835857	-0.04124177722374334	0.2482280078424509	-0.02759584879470649	-0.3255629630463018	0.2229581200037761	0.1461513842775383	-0.1438335183825406	0.3836433290189366	-0.06463617696220239	-0.06032213117216915	3.436791264275183	-0.1054378998501005	-0.452697966549271	-5.924686704413391	0.6730762913984903	-2.57507472060665	0.08652293942058874	0.07926909739578795	0.01008348420085598	0.1483848072901827	0.01016858201046282	0.01002822382651925	0.02378868731076169	0.03606646249460149	0.01003319175970906	0.05763444037713468	0.01270093571937693	0.02623485831840163	0.01072944304892682	0.01075156219580058	0.01079745307959547	0.01059056953465228	0.01023186094008125	0.04531244998043832	-0.0001502312977959399	0.0980607282904767	0.08682311339081239	0.01007546049314698	0.1573202062274802	0.01016827529607603	0.01002489473978321	0.02614909161806607	0.04136405021271245	0.0100264817499769	0.0521315759359743	0.01295708158005692	0.01989470066532633	0.01088778775243951	0.01076876969880526	0.01062059465306305	0.01093809761505514	0.01030476721200999	0.03151339661190535
0.5409487687204509	-0.3358097585046476	0.3293632456567964	1.013267045756918	0.2699634702990003	-0.03696391768897247	0.2480991696780196	-0.02816632953686972	-0.3329269165584117	0.2237903276890496	0.1429476792945926	-0.1475838249130767	0.3829358193666507	-0.06500706700795472	-0.04810468880517717	3.458992228712737	-0.102222528840307	-0.4669171564234099	-5.945704225085099	0.6681556912033019	-2.589185315923461	0.08735259120391095	0.07982477701443615	0.01008279633149759	0.1489675860168058	0.01016862449394401	0.01002794513812501	0.02398635195414218	0.0364984429322653	0.01003261979237019	0.0572002007011836	0.01272347338381271	0.02570090725866712	0.01074375371983371	0.01075313753098019	0.01078224564990457	0.01062384465505356	0.01023875177221298	0.04416592326299514	-0.000130375421818497	0.09839974618421479	0.08718969256805426	0.01007494517474777	0.1576382715484151	0.01016988795683492	0.01002484109304887	0.02634091350566036	0.04180030484110243	0.01002613019850516	0.05154171401916553	0.01299052635335933	0.01923500666318147	0.01091593432910049	0.0107723102472773	0.01060755273768304	0.01104398665303315	0.01032470927533299	0.02926965295040419
0.5421894769055895	-0.3359952610290677	0.3298379247191765	1.013186160010941	0.2699115011494472	-0.03265868621314701	0.2479744301454269	-0.02875450777131811	-0.340316303114148	0.2246155232794085	0.1397266925359432	-0.1514708735963209	0.3822404054126698	-0.06538000079730871	-0.03561607035085905	3.480927789732899	-0.09881801220756811	-0.4812430047307231	-5.965687094392748	0.6618706901685977	-2.602918752164203	0.08814372178936375	0.08036481025982582	0.01008212419596318	0.1495301818660263	0.01016880885497648	0.01002768595417878	0.02418326260148003	0.03693013122279899	0.01003206751231659	0.05675547062125087	0.0127472778819089	0.02515626136653481	0.01075944988351719	0.01075482472034953	0.01076714888029625	0.01066525251146454	0.01024678326975003	0.04294035389147158	-0.0001220134982927373	0.09866656896084082	0.08751441936594703	0.0100744635328766	0.1578714871120707	0.01017177669135606	0.01002480714579348	0.02652791167670269	0.04223091247504927	0.01002581182899101	0.05099248150176167	0.01303278531971684	0.01857561849802095	0.01094978516053891	0.01077463830199946	0.01059288779133005	0.01120025826445052	0.01034603576087714	0.02723430553594551
0.5434301850907282	-0.3361856896404702	0.330311747802661	1.013104809165543	0.2698752222707678	-0.02832638119149249	0.2478540534740706	-0.029360561084057	-0.3477298460426541	0.2254322715140683	0.1364889266569139	-0.1555245957622683	0.3815559956685562	-0.06575679944680964	-0.02281223389909151	3.502634327872509	-0.09518966836891285	-0.4957314932929123	-5.984643898450609	0.6545387827737547	-2.616232969287682	0.08889666234926639	0.08088886942439598	0.01008146788473764	0.1500712361373857	0.01016913477900382	0.01002744548415696	0.02437928882930084	0.03736133308145631	0.01003153466609717	0.05630250324708708	0.01277260451222873	0.02460174038784615	0.01077665128017406	0.01075656506164944	0.01075208739973888	0.01071618562166609	0.0102559186683407	0.04164909977895658	-0.0001136515747669776	0.09893339173746683	0.08783914616383981	0.01007398189100542	0.1581047026757264	0.0101736654258772	0.01002477319853808	0.02671490984774503	0.04266152010899611	0.01002549345947686	0.05044324898435781	0.01307504428607436	0.01791623033286042	0.01098363599197733	0.01077696635672161	0.01057822284497707	0.01135652987586789	0.0103673622464213	0.02519895812148682
0.5446708932758668	-0.3363812629100144	0.3307847281061468	1.013022987698357	0.2698550425902055	-0.02396727209588761	0.2477383309607448	-0.02998471547953997	-0.3551662767166554	0.2262394058047303	0.1332349194866017	-0.1597696633158019	0.3808816867495983	-0.06613898680425589	-0.009654505715602602	3.524141591842729	-0.09130891368276481	-0.5104403775339758	-6.002581261221681	0.6464753622969636	-2.629086688118927	0.08961142364526355	0.08139672681078713	0.01008082831208769	0.1505905352158471	0.01016959944432141	0.01002722284946934	0.02457432739917463	0.03779188605613031	0.0100310208548264	0.05584626917820514	0.01279957393894093	0.02404049360203579	0.01079538422200624	0.01075829682494234	0.01073706270459611	0.01078031963902712	0.01026620718338853	0.04030472083019449	-0.0001121179782041603	0.09911950271102699	0.08812428932964239	0.01007355361832933	0.1582865527448548	0.01017577023736308	0.01002475580638303	0.02689757194483804	0.04308700627909886	0.01002520447958358	0.05000897066496364	0.01312323946369353	0.01731543402069777	0.01102112782611311	0.010777931713347	0.01056366404337462	0.01161939015434776	0.01039206799364928	0.02336673944342857
0.5459116014610055	-0.3365822276274156	0.3312568779782052	1.012940688342054	0.269851420296886	-0.01958159818963208	0.2476275870179672	-0.03062728988315076	-0.3626243240211978	0.2270362663989785	0.1299652721145743	-0.1642155199857153	0.3802173540148159	-0.06652714863742303	0.003877997091956714	3.545456354471965	-0.08716429558661573	-0.5254242418152285	-6.019489551323439	0.6379777933941878	-2.641444706796054	0.09028799919956004	0.08188817343428742	0.01008020629239208	0.1510878799256642	0.01017020033728718	0.01002701726752221	0.02476828610577142	0.03822164491774298	0.01003052572319546	0.05539126517738911	0.0128282936838707	0.02347535292545719	0.0108156721320111	0.01075996501499943	0.01072207612845195	0.01086092619306093	0.01027769264295414	0.03891861635395143	-0.000110584381641343	0.09930561368458715	0.08840943249544497	0.01007312534565324	0.1584684028139833	0.01017787504884895	0.01002473841422797	0.02708023404193105	0.04351249244920161	0.01002491549969031	0.04957469234556948	0.0131714346413127	0.01671463770853512	0.01105861966024888	0.01077889706997239	0.01054910524177216	0.01188225043282762	0.01041677374087725	0.02153452076537031
0.5471523096461441	-0.3367888351023338	0.3317282098471047	1.012857903556889	0.2698648269046348	-0.0151695983443984	0.2475221518619595	-0.03128864738525614	-0.3701027046762919	0.2278224251317775	0.1266806131554259	-0.1688640950682261	0.3795632555241782	-0.06692133381351821	0.0177962659704138	3.566574594586401	-0.08275281752792625	-0.540729989976356	-6.035352593923537	0.629274378516481	-2.653274353815677	0.0909275923854115	0.08236284992121758	0.0100796032972019	0.151562425551434	0.01017093459888084	0.01002682805550575	0.02496111533698288	0.03865056272742314	0.01003004878597796	0.054941953397098	0.01285868541541057	0.02291126235793727	0.01083739150121324	0.01076152033286331	0.01070718456439764	0.010968635121463	0.01029073829246952	0.03748908837123466	-0.000106243237594516	0.0994449991928234	0.08865051577131607	0.01007276713976854	0.1585785812770675	0.01018018438590512	0.01002473890595387	0.02725947956629829	0.04393513840134818	0.01002465235014835	0.04926001054738398	0.0132212658117472	0.01622763093433583	0.01109628709784349	0.01077856207323595	0.01053597642584978	0.01243128924903675	0.01045251010042224	0.01958561780056
0.5483930178312828	-0.3370013287092619	0.3321987370160028	1.01277462657775	0.2698957362549551	-0.01073153111695147	0.24742234787279	-0.03196920850232467	-0.3776001071375233	0.2285977030864503	0.1233816246076683	-0.1737038658089393	0.378920190943875	-0.06732055693933882	0.03209212363726301	3.58747653439911	-0.07808694980552369	-0.5563801454498227	-6.050152392539262	0.6204381507960889	-2.664543760433522	0.09153127449071875	0.08282042831891401	0.01007902063729483	0.1520133963203935	0.01017179968225007	0.01002665460521519	0.02515277073774555	0.03907859745207454	0.01002958961095918	0.05450236907793587	0.01289067931281662	0.02235266612427815	0.01086043230222783	0.01076291885787543	0.01069243870663917	0.01111290309719431	0.01030566765449928	0.03601458728477484	-0.000101902093547689	0.09958438470105967	0.08889159904718714	0.01007240893388384	0.1586887597401517	0.01018249372296129	0.01002473939767977	0.02743872509066551	0.04435778435349474	0.01002438920060641	0.04894532874919848	0.0132710969821817	0.01574062416013654	0.0111339545354381	0.01077822707649951	0.01052284760992739	0.01298032806524589	0.01048824645996722	0.01763671483574968
0.5496337260164214	-0.3372199395121196	0.3326684735600594	1.012690851666666	0.2699446114622838	-0.006267674667956858	0.2473284839167635	-0.03266940711034085	-0.3851152046303503	0.2293619517275687	0.1200690147028419	-0.1787170990245046	0.3782891666470202	-0.06772334601690601	0.04674937384982097	3.608135323956165	-0.07318640306052292	-0.5723875611276515	-6.063870560042685	0.6114842321242647	-2.675221150320155	0.09210129031286475	0.08326042537784976	0.0100784599865134	0.1524389404220865	0.01017279360086221	0.01002649643842145	0.02534324926306264	0.03950577629261744	0.01002914766436016	0.05407674723149124	0.01292407075408639	0.02180446098079721	0.01088452600743664	0.01076411910269781	0.01067790515035991	0.01131910394539316	0.01032351590824399	0.03450181037291157	-9.57462163108974e-05	0.09971167321028766	0.08908383787189111	0.01007213116540469	0.1586927600092063	0.01018501751330753	0.01002476005145601	0.02761550865453685	0.04477928486359595	0.01002414889337515	0.04876044814425384	0.01331924700056564	0.0153838067168998	0.0111678780756634	0.01077659117287939	0.01051159442064548	0.01420767076641976	0.01055236308851359	0.01577791023121155
0.5508744342015601	-0.3374448598013904	0.3331374354666264	1.012606576289498	0.2700118781679525	-0.001778362048491606	0.2472408250968127	-0.03338968835348089	-0.3926466399197612	0.2301149677417569	0.116743544285464	-0.1838746514227121	0.3776714880714678	-0.06812729965211407	0.06173890842922202	3.628511451550829	-0.06808437588083549	-0.5887530071760992	-6.076488657301028	0.6023312777347253	-2.68527469158392	0.09263965538207401	0.08368240103616165	0.01007792283582376	0.1528373612667008	0.01017391458506777	0.01002635312914724	0.02553254812448806	0.03993212348704803	0.0100287224707198	0.05366891451679891	0.01295867738025925	0.02127104512801594	0.01090943342506671	0.01076508410571134	0.01066364323324598	0.01160977807409027	0.01034520498215975	0.03295684299565954	-8.959033907410579e-05	0.09983896171951563	0.08927607669659508	0.01007185339692554	0.158696760278261	0.01018754130365378	0.01002478070523226	0.02779229221840818	0.04520078537369717	0.01002390858614389	0.04857556753930918	0.01336739701894958	0.01502698927366307	0.0112018016158887	0.01077495526925927	0.01050034123136357	0.01543501346759362	0.01061647971705995	0.01391910562667343
0.5521151423866988	-0.3376762553416562	0.333605639864876	1.012521800084738	0.2700979352574159	0.002736038316249195	0.2471596061914897	-0.03413049563869203	-0.4001930405035002	0.2308564758685399	0.1134060006322508	-0.1891417142949547	0.377068548104071	-0.06852964527035922	0.07702755456432341	3.648559256217388	-0.06282090524104182	-0.6054813397146402	-6.087988506030007	0.5929426232880834	-2.694671718101646	0.09314749640130122	0.08408608963967577	0.01007741074426585	0.1532076493104016	0.01017516166813831	0.01002622434223678	0.0257206784263481	0.04035761396847887	0.0100283134749123	0.05328596727340502	0.01299429441279041	0.02075574951386253	0.01093478569639535	0.0107657828869639	0.01064971011771816	0.01201366454647097	0.01037389826278299	0.03141666079038806	-8.448717730335335e-05	0.09993199553680172	0.08942367681808003	0.01007165966755903	0.1586135627964963	0.01019029627509165	0.01002482311162453	0.02796695119698677	0.04561991663171553	0.01002368859586966	0.04861079283041173	0.01341308612464255	0.01477962095805732	0.0112285748864633	0.01077211156897244	0.01049099065984907	0.0175205627368517	0.01076349878803599	0.01293018515122605
0.5533558505718373	-0.3379142254957303	0.3340731062285431	1.012436527783511	0.2702031240463555	0.007275073187463212	0.2470849848826981	-0.03489230291967218	-0.4077530047515566	0.2315862454839578	0.1100572270426626	-0.1944728166540212	0.3764817884425135	-0.06892699848169927	0.09257888316030236	3.668221859350898	-0.05744916394488305	-0.6226046353694469	-6.098353069220719	0.5834089205125116	-2.703377165240878	0.0936258219347692	0.08447124734332284	0.01007692510054263	0.1535488759781496	0.01017653398884234	0.01002610977915332	0.02590765001583336	0.04078222522498111	0.01002792018246321	0.05293431204606032	0.01303073936164171	0.02026156080706751	0.01096025426769603	0.0107661878453681	0.01063615673449765	0.01255618643869656	0.01041241266564969	0.02991487838349437	-7.938401553260091e-05	0.1000250293540878	0.08957127693956497	0.01007146593819253	0.1585303653147316	0.01019305124652953	0.0100248655180168	0.02814161017556535	0.0460390478897339	0.01002346860559542	0.04864601812151428	0.01345877523033553	0.01453225264245158	0.01125534815703791	0.01076926786868561	0.01048164008833458	0.01960611200610979	0.01091051785901202	0.01194126467577868
0.554596558756976	-0.3381588300073111	0.3345398552283398	1.012350767049437	0.2703277552314429	0.01183824020704291	0.2470170723861897	-0.03567561647189108	-0.4153251172172086	0.2323041202672214	0.1066980961667365	-0.1998192927718661	0.3759126597055447	-0.06931565074715294	0.1083543617106498	3.687439272604173	-0.0520262755161071	-0.6401555262596658	-6.107566044506064	0.573733978249878	-2.711356201469926	0.0940748437641703	0.08483769741473036	0.01007646707180362	0.1538610029345502	0.01017803199076023	0.01002600919870572	0.02609349659289005	0.04120599764894997	0.0100275420422634	0.05261865662401837	0.0130679329121562	0.01979023318831142	0.01098547161128318	0.0107662648398252	0.01062300214194024	0.01326665991888388	0.01047682067700565	0.02847098534974022	-7.521512849247659e-05	0.1000627507576393	0.08967575445801061	0.01007135283215534	0.158386405172401	0.01019606726399901	0.01002493064194662	0.02831474501567744	0.04645737939447091	0.01002326692873839	0.04886499466435995	0.01350422731152718	0.01436795848252763	0.01127360390349412	0.01076502397227286	0.01047350148358364	0.02268125690202218	0.01145940914387559	0.01150415183714552
0.5558372669421147	-0.3384100447964666	0.3350059099683662	1.012264532194281	0.2704720700162175	0.01642493480187497	0.2469558813686502	-0.0364809745761868	-0.4229079366594052	0.2330097735248751	0.1033295367101712	-0.2051284659433023	0.3753626532504806	-0.06969127302768692	0.1243085053415501	3.706147906774307	-0.04661426181292925	-0.6581400741669778	-6.115612548962803	0.5637080014375052	-2.718575887985914	0.0944947446552602	0.08518527625246201	0.01007603769767284	0.1541439888541564	0.01017965606891559	0.01002592238605483	0.02627824818759025	0.0416289672767922	0.01002717856341724	0.05234324046926748	0.01310580438311037	0.01934333382220286	0.01101011035340724	0.01076598345236077	0.0106102633182446	0.01417084154033265	0.01058142786896361	0.02710264052055986	-7.104624145235229e-05	0.1001004721611907	0.08978023197645624	0.01007123972611815	0.1582424450300704	0.01019908328146849	0.01002499576587644	0.02848787985578953	0.04687571089920794	0.01002306525188136	0.04908397120720562	0.01354967939271884	0.01420366432260368	0.01129185964995034	0.01076078007586011	0.0104653628788327	0.02575640179793458	0.01200830042873917	0.01106703899851236
0.5570779751272533	-0.3386678014239474	0.3354712948099391	1.012177841272809	0.2706362699625686	0.02103449907636833	0.2469013722691281	-0.0373089122326146	-0.4305000097290073	0.2337025999903581	0.09995250383058951	-0.2103446305449967	0.3748336713439897	-0.07004872433067451	0.1403790550483925	3.724280262178835	-0.04127797830972216	-0.6765052145740458	-6.122476134044243	0.5526925762677599	-2.725008534829982	0.09488590703279985	0.08551370768270473	0.01007563749084432	0.1543978614648889	0.01018140860627396	0.01002584914357369	0.02646195902953442	0.04205127241322654	0.01002682923307841	0.05211045687428776	0.01314468270715839	0.01892107612177662	0.01103397755929878	0.0107652643746744	0.01059787378936642	0.01525579470812546	0.01082380680821237	0.02581517723389438	-7.073408506627342e-05	0.1000888291030177	0.08983822413427639	0.01007119610795575	0.1580398532749948	0.01020240811693326	0.01002508373028441	0.02866012781092473	0.04729590451678779	0.01002288071362256	0.04944396228867521	0.01360436246524078	0.01409148785605286	0.0113043613821869	0.01075393203958732	0.01045647352888541	0.02893612786693219	0.01495908553426802	0.01089485481333242
0.558318683312392	-0.3389319322656769	0.3359360384651931	1.012090722745677	0.2708204085463556	0.0256661533579419	0.2468533922262173	-0.03815972542786557	-0.4380998502434982	0.2343801839311692	0.0965679859065227	-0.215403579607789	0.3743290717668887	-0.07038056511204555	0.1564492367113266	3.741756612462829	-0.03608954767229465	-0.6950150487014984	-6.128133553422063	0.5391372977790434	-2.730641668261347	0.09524866903531519	0.08582273814957582	0.01007526690798666	0.1546226401773527	0.01018329172537849	0.01002578929522744	0.02664467749390421	0.04247303673574691	0.01002649359443417	0.05192244879867174	0.01318486101577497	0.0185236433193216	0.01105690136014259	0.01076403694757183	0.01058577432502476	0.01650983239783166	0.01129058846602106	0.02461335240081906	-7.042192868019455e-05	0.1000771860448446	0.08989621629209653	0.01007115248979334	0.1578372615199191	0.01020573295239804	0.01002517169469237	0.02883237576605993	0.04771609813436765	0.01002269617536376	0.04980395337014479	0.01365904553776271	0.01397931138950204	0.01131686311442345	0.01074708400331452	0.01044758417893813	0.03211585393592978	0.01790987063979688	0.01072267062815248
0.5595593914975306	-0.3392022142850372	0.3364001727406684	1.012003211653561	0.2710244308404435	0.03031904880817676	0.2468117265774846	-0.03903347632826942	-0.4457059513205173	0.2350387636203163	0.09317697919603407	-0.220236110737726	0.3738527560035188	-0.07067883163262037	0.1723856268886629	3.758490521570557	-0.03112607493879831	-0.71340316096456	-6.132559393664319	0.5217593438048407	-2.735464522773	0.09558208268403511	0.08611218969599833	0.0100749258194886	0.1548184057619203	0.01018531005628356	0.01002574267142402	0.0268264780507452	0.04289436160845631	0.01002617115859085	0.05178199977123144	0.01322697101180511	0.01815020788735498	0.01107886952936727	0.01076221364449663	0.01057386773750699	0.01787836226923257	0.01200670899068503	0.02349485598879148	-7.025439360277194e-05	0.09998022274074329	0.0899094795923791	0.01007116503854095	0.1575780204398997	0.01020942902573929	0.01002528241838714	0.02900444685043628	0.04813775624806352	0.01002252740553585	0.05032455431296729	0.01373146024100715	0.0138949792978717	0.01132718330349792	0.01073713639227008	0.01043696246005355	0.03435049718792246	0.02191819481486704	0.01064691754566183
0.5608000996826693	-0.3394783048366702	0.336863736363699	1.011915356435627	0.2712480555274229	0.03499218704884757	0.2467760277709298	-0.03992984375026021	-0.4533167630168766	0.2356730947598051	0.08978049903061346	-0.22476682200658	0.3734091896606119	-0.07093528916637962	0.1880479483367805	3.774387635263095	-0.02647111560921161	-0.7314725069487209	-6.135727008716888	0.5000491560065912	-2.739464803922675	0.09588528162075048	0.08638189748216657	0.0100746141098898	0.1549852264161295	0.01018746772312309	0.01002570912110069	0.02700742716870771	0.04331533769148566	0.01002586149007176	0.05169159977305846	0.01327157564207955	0.01780002045994444	0.01109987116124892	0.0107597164823116	0.01056206743312935	0.01931317950924588	0.01299374246660711	0.0224575150289047	-7.008685852534936e-05	0.09988325943664199	0.08992274289266167	0.01007117758728855	0.1573187793598802	0.01021312509908054	0.01002539314208191	0.02917651793481263	0.0485594143617594	0.01002235863570794	0.05084515525578979	0.01380387494425158	0.01381064720624136	0.01133750349257238	0.01072718878122564	0.01042634074116897	0.03658514043991513	0.0259265189899372	0.01057116446317117
0.562040807867808	-0.339759798029111	0.3373267718341777	1.01182721236957	0.2714908853259367	0.03968449057889428	0.2467458782238383	-0.0408483640284229	-0.4609307133150538	0.2362776929894158	0.08637957139317345	-0.228922029498266	0.3730026255075988	-0.07114211326978627	0.2033082643897253	3.789356339281555	-0.02220659188010522	-0.7490998738733626	-6.137612086683422	0.4739840571603502	-2.74262691333613	0.09615708163503636	0.08663166785213902	0.01007433126741612	0.1551223117974532	0.01018977147909219	0.01002568851640927	0.02718765995120402	0.04373614001249811	0.01002556407501744	0.05165093169062649	0.01331895497518242	0.01747232282690925	0.01111989357565517	0.01075653982943789	0.01055035020185915	0.02080680705181435	0.01420585725500807	0.02149669678371318	-6.991228265740472e-05	0.09969077678454574	0.08989025371678737	0.01007123673340474	0.1569762549460136	0.01021726038592394	0.01002552697548746	0.02935019917394186	0.04898482482527372	0.01002220319263979	0.05145663769463285	0.01388800379249866	0.01375301624157407	0.0113455852295404	0.01071575971821698	0.01041537929434816	0.03878631640379087	0.02942070023040039	0.01052955529161494
0.5632815160529466	-0.3400461736556352	0.3377893278187451	1.01173884632593	0.2717523459482832	0.04439474148345134	0.246720732245139	-0.04178850730573445	-0.4685461969556354	0.2368478355812146	0.08297525640781081	-0.232637212441879	0.3726362662858881	-0.07129311283666805	0.2180805135100855	3.80331849050855	-0.01840546169694901	-0.7663284453723452	-6.138198750488377	0.4445074854124831	-2.7449251734345	0.09639640118866805	0.08686132173838282	0.01007407683619824	0.1552289327433256	0.01019222733949694	0.01002568074346977	0.02736729705218113	0.04415692519306567	0.01002527845571404	0.0516596887982422	0.01336935855916879	0.01716642919864802	0.01113892546287963	0.01075267866471278	0.0105386953639119	0.02235265419547978	0.01560217271696617	0.02060814803224875	-6.973770678946009e-05	0.0994982941324495	0.08985776454091308	0.01007129587952093	0.156633730532147	0.01022139567276735	0.01002566080889302	0.0295238804130711	0.04941023528878804	0.01002204774957165	0.05206812013347592	0.01397213264074573	0.01369538527690679	0.01135366696650843	0.01070433065520832	0.01040441784752735	0.04098749236766661	0.03291488147086357	0.01048794612005872
0.5645222242380852	-0.3403368603582763	0.3382514554102986	1.011650329995476	0.2720318007785825	0.04912166039346273	0.2466999860376049	-0.04274981386663891	-0.4761615972917952	0.2373796902384078	0.07956863701144794	-0.2358523356250025	0.3723129883129814	-0.07138246456394279	0.2322902479387855	3.816202169925421	-0.01513586765592574	-0.7832362809682198	-6.137474032334062	0.4125145166925247	-2.746333086238676	0.09660278359969959	0.08707079144166716	0.01007385015278473	0.1553050656337848	0.01019484373783335	0.01002568571596581	0.02754651750912504	0.04457792061000014	0.0100250040789281	0.0517175993497053	0.01342250081896998	0.01688179893667159	0.01115686584982604	0.01074822522954989	0.01052716601174559	0.02395746154062585	0.01718661724420232	0.01978670519448932	-7.483542204875482e-05	0.09922660652196137	0.08978239843681381	0.01007139608428943	0.1562290102490351	0.01022603565771115	0.01002581825523535	0.02970078112026143	0.04984143637828592	0.01002190275487388	0.05277122524109763	0.01405549744400341	0.01366710951938092	0.01135735936256051	0.01069372810606533	0.01039508172118067	0.04347141629286343	0.0369140692742841	0.01045374549675669
0.5657629324232238	-0.3406311921497345	0.3387132102941852	1.011561744539744	0.2723284922578483	0.05386385524988913	0.2466829284980035	-0.0437319308178992	-0.4837752788668258	0.2378706641738485	0.07616083843947744	-0.238513028799212	0.3720354675184264	-0.0714045416628922	0.2458656951461954	3.827943055884869	-0.01245939843126376	-0.7998744586128065	-6.135428158734729	0.3786085781316788	-2.746826012092437	0.09677580594908354	0.08726001189602373	0.01007365062620144	0.1553506830232303	0.01019762818610684	0.0100257033570112	0.02772548125748667	0.04499932981214997	0.01002474045187463	0.05182439874644754	0.01347812723840231	0.01661794224472939	0.01117362476959199	0.01074326170375648	0.01051581835812651	0.02562715969270819	0.01896241557845235	0.01902766021832755	-7.993313730804956e-05	0.09895491891147325	0.08970703233271453	0.01007149628905794	0.1558242899659232	0.01023067564265496	0.01002597570157768	0.02987768182745176	0.0502726374677838	0.01002175776017611	0.05347433034871933	0.01413886224726109	0.01363883376185504	0.01136105175861259	0.01068312555692235	0.01038574559483399	0.04595534021806027	0.04091325707770464	0.01041954487345467
0.5670036406083626	-0.3409284592815695	0.3391746503367383	1.011473175741536	0.2726416035035326	0.0586198823870013	0.2466687990053432	-0.04473453829529971	-0.4913855987646354	0.2383185793660185	0.07275300580968208	-0.2405698107700539	0.3718062812269685	-0.07135377894810238	0.2587344171445984	3.838482948808204	-0.01043180677043424	-0.816257450162939	-6.132052936578319	0.3431295080146858	-2.746381917047234	0.09691495414873523	0.08742905913154231	0.01007347747961317	0.1553672511841716	0.01020059036958598	0.01002573358876568	0.02790442688496263	0.04542153408951511	0.01002448701182787	0.0519753395982998	0.01353551880476734	0.0163743297594412	0.01118908246803562	0.01073792947417761	0.01050474646926676	0.02738039992728987	0.02096496844848747	0.01832617605878929	-8.477806207301424e-05	0.09860093304292765	0.08959266027490814	0.01007163234990592	0.1554040224949584	0.01023588198509788	0.01002615663585164	0.03005996800339259	0.05071449140834711	0.01002162089642119	0.05415207605379765	0.0142099964313661	0.0136383499638093	0.01135952498878816	0.01067486780424696	0.01037900975221199	0.04904683666695873	0.04621017097845864	0.01038435474719323
0.5682443487935012	-0.3412278813286931	0.3396358374347771	1.011384718486219	0.2729701974798345	0.06338821563339733	0.2466567580431958	-0.04575727071819193	-0.4989909033909129	0.2387213815116923	0.0693463145176834	-0.2419867147889268	0.371627724942476	-0.0712247366543594	0.2708235874434732	3.847780299031451	-0.009092724415148664	-0.8323155142885693	-6.127343648923024	0.3058870632479326	-2.744986229504468	0.09701975291635744	0.0875779983486087	0.0100733300210505	0.1553561081446409	0.01020373891525237	0.01002577634189305	0.0280835675708394	0.04584487492366827	0.01002424325754823	0.05216613662774581	0.01359403479684026	0.01615048269979368	0.01120313223880392	0.01073235450965196	0.01049403415267613	0.02923358659831642	0.023225017299077	0.01767786010626179	-8.962298683797893e-05	0.09824694717438207	0.08947828821710176	0.01007176841075391	0.1549837550239936	0.0102410883275408	0.0100263375701256	0.03024225417933343	0.05115634534891042	0.01002148403266627	0.05482982175887598	0.01428113061547112	0.01363786616576355	0.01135799821896372	0.01066661005157157	0.01037227390958999	0.05213833311585721	0.05150708487921264	0.01034916462093178
0.5694850569786398	-0.3415286509617319	0.340096835331716	1.011296472142064	0.2733132764931152	0.06816729793551669	0.2466459367247445	-0.04679968508418061	-0.5065895359298023	0.2390767314211741	0.0659419503348735	-0.2427361336839181	0.3715019489349565	-0.07101197476293773	0.2820595588504275	3.855803610605343	-0.008471740959384374	-0.8479282463490123	-6.121296965871478	0.2663926568063555	-2.742629736088033	0.09708847029179447	0.08770697084725554	0.01007320727669057	0.1553189981785953	0.01020708434418579	0.01002583149118537	0.02826315751095173	0.04626981279754144	0.01002400866804415	0.05238939490537427	0.01365296879855182	0.01594538247914075	0.01121577721714526	0.01072666494840409	0.01048374693632201	0.03121381908198623	0.02581193344671578	0.01707864563992122	-8.996744236921597e-05	0.09777436659717278	0.08932714916273075	0.01007193271000277	0.1545624729525001	0.01024691754008937	0.01002654057275448	0.03043123444233515	0.05161240738485135	0.01002135416344181	0.05539541892615801	0.01433759933681973	0.01365156752757365	0.01135372655728378	0.01066091625344536	0.01036781494965268	0.05613360474783263	0.05911428976074971	0.01031580351886331
0.5707257651637785	-0.341829931260266	0.3405577110313057	1.011208545105831	0.2736697213415003	0.07295553929489126	0.2466354364936103	-0.04786105979008872	-0.5141798360810739	0.2393810761573663	0.06254110378762799	-0.2428098986876711	0.3714307446494048	-0.07071001792032701	0.2923690764806239	3.862544548692688	-0.008575137829571106	-0.8628792300372982	-6.11391200476171	0.2236674887756599	-2.739315901221213	0.09711952475603974	0.08781610118875914	0.01007310837909921	0.1552575157027045	0.01021063602781717	0.01002589892511472	0.02844342387067233	0.04669676026463036	0.01002378277925048	0.05263846007384063	0.01371169131998973	0.01575811386036668	0.01122702017251434	0.01072097495651677	0.01047394319923398	0.03334487807110889	0.02878572905888337	0.0165248491190617	-9.031189790045301e-05	0.09730178601996352	0.08917601010835975	0.01007209700925164	0.1541411908810066	0.01025274675263795	0.01002674357538337	0.03062021470533686	0.05206846942079228	0.01002122429421735	0.05596101609344005	0.01439406805816834	0.01366526888938375	0.01134945489560385	0.01065522245531916	0.01036335598971537	0.06012887637980804	0.06672149464228677	0.01028244241679484
0.5719664733489171	-0.3421308823110087	0.341018532941928	1.011121050272307	0.2740383524406537	0.07775134734079754	0.2466243580928754	-0.04894047613219969	-0.5217601434452107	0.239630044929445	0.05914496042338791	-0.2422087879262507	0.3714155464736546	-0.07031378344159898	0.3016876328914962	3.868005843669814	-0.009398902599493801	-0.8769530845129054	-6.105190245266061	0.1769881660756885	-2.735050697564433	0.09711063757244957	0.0879054613813972	0.0100730321023995	0.1551725124050266	0.01021440439175423	0.0100259784043717	0.02862458121090635	0.04712611431127651	0.01002356515688895	0.0529073986725696	0.01377001042637729	0.01558669625903239	0.01123707910222915	0.01071535441251057	0.01046462339261016	0.0356393128391675	0.03216432018758705	0.01601315767517414	-8.990931392471379e-05	0.09668877098108432	0.08898683012891476	0.01007227987608386	0.1536978921303249	0.01025923638061461	0.01002696546235316	0.03081588897860845	0.05253893058876178	0.01002110150941822	0.05642422665815916	0.01444551180696422	0.01366633982394934	0.01134756978944029	0.01065119057713411	0.01035987387241775	0.06479245509756071	0.07572989417804472	0.01025550982287641
0.5732071815340558	-0.3424306810586377	0.3414793709837864	1.011034107921108	0.2744179110847528	0.08255315381416849	0.2466118262817938	-0.05003672786885942	-0.5293288048641375	0.2398185757927757	0.05575469403071552	-0.240952404145609	0.371456747782302	-0.069819425854949	0.3099840790668493	3.872213915703862	-0.0109180127118682	-0.8900175639649774	-6.095138962702344	0.1262425080735499	-2.729842368444012	0.09705972817677237	0.08797511345846205	0.01007297735464322	0.1550647658813956	0.01021839872233346	0.01002606971579499	0.02880682131108551	0.04755823074261711	0.010023355414133	0.05319087738325942	0.01382775507157527	0.01542935618665952	0.01124614820980667	0.01070986557503623	0.01045578791494231	0.03810803980492002	0.03596235812516627	0.0155405764720899	-8.950672994897459e-05	0.09607575594220512	0.08879765014946978	0.01007246274291609	0.1532545933796432	0.01026572600859127	0.01002718734932296	0.03101156325188005	0.05300939175673128	0.0100209787246191	0.05688743722287826	0.0144969555557601	0.01366741075851493	0.01134568468327673	0.01064715869894906	0.01035639175512012	0.06945603381531339	0.08473829371380266	0.01022857722895798
0.5744478897191945	-0.342728524387899	0.3419402951932133	1.010947841250255	0.2748071201675107	0.08735941678803205	0.246596990667745	-0.05114852081204216	-0.5368841737401792	0.2399416748649038	0.05237147103088892	-0.2390672796494419	0.3715542878225586	-0.06922380546019122	0.3172453725805643	3.87520302524853	-0.01309987044367244	-0.9020025839064219	-6.083765128445938	0.07173311701975238	-2.72369945642114	0.09696491483039207	0.08802502471963167	0.01007294275787508	0.1549345668051774	0.01022262966240006	0.01002617252996981	0.02899030509072766	0.04799339230843741	0.01002315321235179	0.05348586240337207	0.01388533625523622	0.0152833403485754	0.01125461792445465	0.01070451710357551	0.01044737872660144	0.04074722108305587	0.04015771368085287	0.01510429550552083	-9.187192565049281e-05	0.09532536204188585	0.08856789326516312	0.01007265592866253	0.1527751693694943	0.01027292067247397	0.01002742507516251	0.03121343043446199	0.05349287756713273	0.01002086365426284	0.05730104188575852	0.01455709851836197	0.01362999145708626	0.01135112028723958	0.0106435961410265	0.01035249732695713	0.07443964398571931	0.09427766664241125	0.01020892843123027
0.575688597904333	-0.3430236617650735	0.3424013748165947	1.010862377392169	0.2752047095873079	0.09216866071354984	0.2465790640165074	-0.05227454772650824	-0.5444246144532302	0.2399954398090826	0.04899644523422776	-0.2365904525411181	0.3717072722883296	-0.06852530535487036	0.3234930252814115	3.877019162260338	-0.01590071587029418	-0.9129624585512606	-6.071075043108185	0.01447706913733552	-2.716628664955868	0.09682447470178847	0.08805516246567226	0.01007292708468567	0.1547821789674239	0.0102271066917353	0.01002628655347542	0.02917517641353254	0.04843185255879215	0.01002295824991511	0.05378962804820531	0.01394312025134352	0.01514618695426852	0.01126283609577563	0.01069931671283735	0.01043934411613335	0.04355338684769426	0.04473049480543929	0.01470177946403328	-9.423712135201101e-05	0.09457496814156657	0.08833813638085647	0.01007284911440896	0.1522957453593454	0.01028011533635666	0.01002766280100205	0.03141529761704392	0.05397636337753417	0.01002074858390659	0.05771464654863876	0.01461724148096385	0.01359257215565759	0.01135655589120243	0.01064003358310394	0.01034860289879414	0.07942325415612522	0.1038170395710198	0.01018927963350256
0.5769293060894717	-0.3433153756504514	0.3428626781638238	1.010777844485777	0.2756094347057057	0.09697945096708097	0.2465572977731768	-0.05341357368872809	-0.5519484971374988	0.2399769488826156	0.04563076554006892	-0.2335635379952795	0.3719143687455822	-0.06772311227848374	0.3287643008445426	3.87771444564128	-0.01927209266951308	-0.9230036018340954	-6.057077700074649	-0.04428640903224709	-2.708634293021376	0.09663682811530128	0.08806544174360853	0.01007292901174371	0.1546081125312963	0.01023184392957252	0.0100264115176297	0.02936155575732025	0.04887381874011363	0.01002277026009404	0.05410057827795176	0.01400186604198857	0.01501515287629684	0.01127125841865455	0.01069423861315068	0.01043160396603288	0.04651365334541425	0.04963822505254686	0.01433055720537565	-0.0001013885705210293	0.09368921983957923	0.08806633092652247	0.01007304870622927	0.1517882802630484	0.01028813794621242	0.01002791656283809	0.03162297646627222	0.05447204522940286	0.01002064165559207	0.05810444835568494	0.01469599332318633	0.01350670453214189	0.01137234538184868	0.01063615339335708	0.01034355194148947	0.0844845646484174	0.113287187145588	0.01017536730742961
0.5781700142746103	-0.3436030223145737	0.3433242707757714	1.010694370744112	0.2760201318659469	0.1017904460439643	0.246531028444773	-0.05456459598927067	-0.5594542108164406	0.2398855417041801	0.04227557814157129	-0.2300341561847731	0.3721735619271864	-0.06681794988905904	0.3331198410262409	3.877349335750355	-0.02315961873408324	-0.9323003424139067	-6.041786942693832	-0.1030626025678537	-2.699715313160794	0.09640052436960521	0.08805578257394837	0.01007294736029704	0.1544128329660893	0.01023685395218689	0.01002654718310852	0.02954955085705064	0.04931947681049204	0.01002258900530382	0.05441727948724717	0.01406225004501695	0.01488778720283209	0.01128029090175752	0.01068925982684713	0.01042408689742089	0.04961668113778196	0.05484395328760294	0.01398840340991818	-0.0001085400196900475	0.09280347153759189	0.08779452547218847	0.01007324829804958	0.1512808151667514	0.01029616055606818	0.01002817032467413	0.03183065531550051	0.05496772708127155	0.01002053472727755	0.05849425016273112	0.01477474516540882	0.01342083690862619	0.01138813487249493	0.01063227320361021	0.01033850098418481	0.08954587514070955	0.1227573347201562	0.01016145498135666
0.579410722459749	-0.3438859986403993	0.3437862163901071	1.010612083472178	0.2764356921772798	0.1066003561402893	0.2464996387344564	-0.05572676876802607	-0.5669401569313304	0.2397218200214871	0.0389320311031705	-0.2260516758850323	0.3724826101534977	-0.06581119133860032	0.3366271620365702	3.875986782621888	-0.02750724342342234	-0.9410387540052561	-6.025218436237327	-0.1604116041386845	-2.689868643240532	0.09611426895951769	0.08802607026568593	0.0100729810512621	0.1541971948124367	0.01024215467237511	0.01002669337295184	0.02973926547480633	0.04976903679029594	0.0100224142589853	0.05473872697838884	0.01412513522437283	0.01476207929255021	0.01129038031074872	0.01068434598730131	0.01041672355241329	0.05284665694759264	0.06030002369577791	0.01367313288282733	-0.000118944819761475	0.09178519593286739	0.08747963201703837	0.01007345509489967	0.1507580932205593	0.01030515472197093	0.01002844128548694	0.03204419745472924	0.05547650547308094	0.01002043588665916	0.05886950371539969	0.01487749030741724	0.01329391156728082	0.01141579060034801	0.01062777384133107	0.01033224666177747	0.09455112572369249	0.1318078973264724	0.01015149331097399
0.5806514306448877	-0.3441637841429206	0.3442485748125045	1.010531106758835	0.2768551236697917	0.1114079971946633	0.2464626047754539	-0.056899547788025	-0.5744047651390677	0.2394885913375029	0.03560128061989212	-0.2216666291316425	0.372839001391606	-0.06470535171928014	0.3393601027219109	3.87369167719089	-0.0322580619005666	-0.9493974184270377	-6.00739062755218	-0.215106609077977	-2.679087535503293	0.09577686857057667	0.08797619793268842	0.01007302912344975	0.1539619799669371	0.01024776204538147	0.01002684992953528	0.02993079241789018	0.05022268717890191	0.01002224581933424	0.05506401838985839	0.01419129064672873	0.014636233361748	0.0113019246898614	0.01067946647560653	0.01040945213952168	0.05618973649594017	0.0659654174255204	0.01338278114474661	-0.0001293496198329025	0.09076692032814292	0.08716473856188829	0.01007366189174977	0.1502353712743671	0.01031414888787367	0.01002871224629976	0.03225773959395796	0.05598528386489034	0.01002033704604076	0.05924475726806824	0.01498023544942566	0.01316698622593545	0.0114434463282011	0.01062327447905192	0.01032599233937014	0.09955637630667544	0.1408584599327886	0.01014153164059133
0.5818921388300263	-0.3444359003316408	0.3447114037248617	1.010451562390007	0.2772774963074813	0.1162122391460149	0.2464194499152172	-0.05808253249970913	-0.5818464808654186	0.2391896067088889	0.03228448911665638	-0.2169294328051967	0.3732401801946485	-0.06350338812649457	0.3413918877379416	3.870528875261735	-0.03735539816973048	-0.9575342726192657	-5.988322781624928	-0.2661455487450441	-2.667364317022764	0.09538693330755423	0.08790605349704375	0.01007309087051877	0.1537082818632337	0.01025369764667302	0.01002701677543465	0.03012424426218788	0.05068072581782331	0.01002208347527639	0.05539215925579222	0.01426157216604603	0.01450927813678525	0.01131533427475427	0.01067459017865547	0.01040222780010671	0.05963082476656377	0.07179810100178434	0.01311543173868478	-0.000137714385472276	0.08960933685168126	0.08680651290291172	0.01007388066921314	0.149708154039604	0.01032426947375894	0.01002900210155438	0.0324777669652928	0.05651028294157425	0.01002024580425132	0.05960178829083078	0.01511009281362894	0.01301646477638979	0.01148378990352896	0.01061810346855267	0.01031885512562985	0.1044482377910704	0.1493722134289696	0.01013421609230326
0.583132847015165	-0.3447019511206181	0.345174756582174	1.010373566633638	0.2777019975156113	0.1210120580999554	0.2463697900400135	-0.059275541328111	-0.5892637823278423	0.2388299245889852	0.02898283261546161	-0.2118892965132526	0.3736835917256943	-0.06220901464571044	0.3427913019230904	3.866561875669379	-0.04274404946992222	-0.9655561160450852	-5.968035278182383	-0.312949870697871	-2.65469022190263	0.09494318117807449	0.08781553249647414	0.01007316566329894	0.1534371021668652	0.01025998069380963	0.01002719384168532	0.03031972170630847	0.05114341998522691	0.01002192703880039	0.05572225629329187	0.01433674242608589	0.0143803463018196	0.01133097453800679	0.01066968937652277	0.01039501056976896	0.06315673760941931	0.07776202334979201	0.01286936426062015	-0.0001460791511116495	0.0884517533752196	0.08644828724393515	0.01007409944667651	0.1491809368048409	0.01033439005964421	0.010029291956809	0.03269779433662763	0.05703528201825817	0.01002015456246187	0.05995881931359331	0.01523995017783222	0.01286594332684412	0.01152413347885682	0.01061293245805341	0.01031171791188957	0.1093400992754654	0.1578859669251506	0.01012690054401519
0.5843735552003035	-0.3449615807971931	0.3456386847352858	1.010297232541187	0.2781278703333732	0.1258064822897916	0.2463132863128241	-0.06047846887419861	-0.5966551647736122	0.2384149815919364	0.02569749454493926	-0.206593587562406	0.3741667613701304	-0.06082617011963869	0.3436223901113336	3.861851919474535	-0.04837090653983689	-0.9735401654358544	-5.946548511473933	-0.3551680064438378	-2.641056552043971	0.09444468467906478	0.0877045013025782	0.01007325325466031	0.1531488533352987	0.01026663624367704	0.01002738115597309	0.03051737659017578	0.05161123888225552	0.01002177629604947	0.05605480649232447	0.01441759580980298	0.01424944199568723	0.0113492049206574	0.01066473877933688	0.01038778033195953	0.06675461329780009	0.08382447999672919	0.01264291350599287	-0.0001449767107211665	0.08716367728573733	0.08604582362869898	0.01007433844437398	0.1486322204491859	0.01034580149571835	0.0100296029108009	0.03292572151269149	0.0575821578856777	0.01002007005522908	0.06033293089950268	0.0153987131742505	0.01271161139000314	0.01157750968009618	0.01060711075621125	0.01030411659570448	0.1141025261468649	0.1658696248194766	0.01012138032929084
0.5856142633854422	-0.3452145075483798	0.3461032356350028	1.010222666434063	0.2785544546334234	0.1305946358184631	0.2462496826732615	-0.06169129459836013	-0.604019156773687	0.237950497678772	0.02242967215381646	-0.2010842835377104	0.3746874486002317	-0.05935905231873295	0.343938179289488	3.856453672107087	-0.05418900144857758	-0.9815117985935438	-5.923882375296236	-0.3928089583707446	-2.626455297118243	0.09389058137788547	0.08757283594741673	0.01007335342447326	0.1528439126609373	0.01027368661462757	0.01002757874295811	0.03071734472575302	0.05208460347815824	0.0100216310565338	0.05639025653873498	0.01450484004026936	0.01411656896564642	0.01137034560556567	0.01065971585547822	0.01038051916508299	0.07041322614307061	0.08995739699893976	0.0124345864324	-0.0001438742703306836	0.08587560119625505	0.08564336001346282	0.01007457744207144	0.148083504093531	0.0103572129317925	0.01002991386479279	0.03315364868875535	0.05812903375309724	0.01001998554799628	0.06070704248541204	0.01555747617066877	0.01255727945316216	0.01163088588133555	0.01060128905436909	0.01029651527951939	0.1188649530182644	0.1738532827138027	0.01011586011456648
0.5868549715705809	-0.3454604830641557	0.3465684549327087	1.010149971116994	0.2789811316928663	0.1353756865147533	0.2461787605231833	-0.06291400799669759	-0.6113543032148238	0.2374421108810696	0.01918056915294832	-0.1953990008446751	0.3752435996367541	-0.05781182720172407	0.3437845572922176	3.850416493341907	-0.06015635070473434	-0.9894749984306657	-5.900056072356503	-0.4260192575695749	-2.610879026839979	0.09328123814038398	0.08742032724049609	0.01007346640728858	0.1525212006407225	0.01028116026221319	0.0100277867371748	0.0309198465944682	0.05256419065325893	0.01002149108715645	0.05673161996151971	0.01459916027869868	0.01398239438561334	0.01139468682754342	0.01065460150942492	0.01037322652756034	0.07412208034299009	0.09613722081147343	0.01224294616130024	-0.0001366727007179788	0.08449117012409721	0.0851941669410901	0.01007484716989335	0.1474685194966148	0.01037009087623913	0.010030248560595	0.03339177557594521	0.05870508577098383	0.01001990650956035	0.06116644238858419	0.01574556534584272	0.01241505504922333	0.01169701001975422	0.01059486845054673	0.0102888392651487	0.1234959478024172	0.1813645992192128	0.01011157716687824
0.5880956797557196	-0.3456993121171243	0.3470343852635068	1.01007924275081	0.2794073456101871	0.1401488727841369	0.2461003602343811	-0.06414657912776832	-0.618659179162513	0.236895059407127	0.01595140036474419	-0.189564299760465	0.3758336215967865	-0.05618836122972911	0.3431915872060825	3.843776350223515	-0.06624364336382016	-0.9974022832335558	-5.875086885583666	-0.4551357484964836	-2.594321737626744	0.09261697219249836	0.08724678264955124	0.01007359241203095	0.1521797254403335	0.01028908253178416	0.01002800525845668	0.03112507938787117	0.05305060765988508	0.01002135618028981	0.05708160467754364	0.01470116675341717	0.01384751403704654	0.01142248707544659	0.01064937872838166	0.01036590193695638	0.07787200941154791	0.1023436501512988	0.01206670568741887	-0.0001294711311052741	0.08310673905193935	0.08474497386871736	0.01007511689771527	0.1468535348996986	0.01038296882068576	0.01003058325639721	0.03362990246313508	0.05928113778887041	0.01001982747112442	0.06162584229175635	0.01593365452101667	0.01227283064528451	0.01176313415817289	0.01058844784672436	0.01028116325077801	0.1281269425865701	0.188875915724623	0.01010729421918999
0.5893363879408583	-0.3459308191850152	0.3475010680383355	1.010010574360437	0.2798325621388452	0.1449134600468594	0.2460143438246792	-0.06538894912519946	-0.6259323735991713	0.2363142660683311	0.01274338527687895	-0.1836025085274967	0.3764560889905699	-0.05449241339222743	0.3421835224842772	3.836564187526005	-0.0724264407188452	-1.005256009144578	-5.848991619362323	-0.4805523188876363	-2.576778454700781	0.09189911785642137	0.08705204372512512	0.01007373208251549	0.1518195026254441	0.01029748582175996	0.01002823454496297	0.03133333646451211	0.05354468072203973	0.01002122606701985	0.05744113799625698	0.01481138404336303	0.01371284782033695	0.01145395133924697	0.01064403535633328	0.01035855762348296	0.08165589601451319	0.1085623419238492	0.01190463120199147	-0.000134635258807769	0.08165549605741056	0.08424981125426302	0.01007542796627292	0.1462023578997918	0.01039751475736037	0.01003094466453502	0.03388090317634544	0.05989298616282632	0.01001975216916771	0.06212741149913817	0.01614984865589721	0.01215125867146539	0.01184107858371675	0.0105815212651563	0.01027371414521129	0.1326645317100578	0.196034456501953	0.01010386902919085
0.5905770961259968	-0.3461548606481086	0.3479685424980134	1.009944052858078	0.2802562805352791	0.1496687591016096	0.2459206079249427	-0.06664098674848395	-0.6331725031637292	0.2357039501481336	0.009557749426160566	-0.1775298686492027	0.3771098036645245	-0.05272761491061244	0.3407766143629022	3.828803922341811	-0.07868733478085566	-1.012986321107492	-5.821786905568935	-0.5027256341906264	-2.558246839307406	0.09112887672084012	0.08683596399295854	0.01007388599221546	0.151440545164326	0.01030639898912965	0.01002847480882884	0.03154488018628973	0.05404715108696057	0.01002110050781554	0.05781105323713617	0.01493027913941717	0.01357921709473261	0.01148926213397427	0.01063856056311656	0.01035120448285219	0.08546751912667169	0.1147808562416293	0.01175561854332187	-0.0001397993865102638	0.08020425306288177	0.08375464863980867	0.01007573903483057	0.1455511808998849	0.01041206069403498	0.01003130607267283	0.0341319038895558	0.06050483453678224	0.01001967686721099	0.06262898070652	0.01636604279077775	0.01202968669764628	0.01191902300926061	0.01057459468358824	0.01026626503964457	0.1372021208335455	0.2031929972792831	0.0101004438391917
0.5918178043111354	-0.3463713050719101	0.3484368469379082	1.009879762178441	0.2806780119271856	0.1544140990927976	0.2458190621209438	-0.06790251752649724	-0.6403781982266433	0.2350679442384784	0.006395719734454034	-0.171359113186222	0.3777936934333788	-0.0508974623029019	0.3389830631892156	3.820515440906772	-0.08501298210406943	-1.020541537910575	-5.793489230990653	-0.5221141511863613	-2.538726043544	0.09030863403916731	0.08659854353795866	0.01007405503559422	0.1510429058404258	0.01031586009359259	0.01002872638376919	0.03176008238497378	0.05455889355429575	0.01002097918324486	0.05819392490039235	0.01505823002805715	0.01344745869522043	0.01152854506402294	0.01063294986846777	0.0103438607362398	0.08930330226679062	0.120991934906235	0.01161861222918305	-0.000141476187058299	0.0787213946221136	0.08321748247429592	0.01007609983372056	0.1448651174632941	0.01042853191498204	0.01003169736384078	0.03439887818323529	0.0611570743697676	0.0100196030847418	0.06321989433474484	0.01660884993925296	0.011930205932065	0.01200767765057859	0.01056729879133668	0.01025923148755624	0.1417074333159713	0.2101184839504556	0.0100976140701341
0.5930585124962742	-0.3465800354325979	0.3489060181198304	1.009817780815217	0.2810972801685713	0.1591488344082403	0.2457096303593384	-0.0691732812985298	-0.6475481160117519	0.2344093363865967	0.003258521807751544	-0.1650949314686083	0.3785069764291535	-0.04900503718710032	0.3368060546444374	3.811709376050555	-0.09139936392552749	-1.027869743265226	-5.764114574412615	-0.5391595575199094	-2.518218505898691	0.08944055410489667	0.08633977989433575	0.01007424000938665	0.1506266318138349	0.01032590303427464	0.01002898956703341	0.03197927559709741	0.0550806929971471	0.01002086180877886	0.05859206615078687	0.01519557297897653	0.01331831965727935	0.01157191190613042	0.01062719928078268	0.01033654261648405	0.09316012184716189	0.1271892249652427	0.01149266837601495	-0.0001431529876063342	0.07723853618134542	0.08268031630878314	0.01007646063261055	0.1441790540267033	0.01044500313592909	0.01003208865500874	0.03466585247691476	0.06180931420275296	0.01001952930227262	0.06381080796296969	0.01685165708772817	0.01183072516648373	0.01209633229189657	0.01056000289908512	0.01025219793546791	0.1462127457983972	0.2170439706216281	0.0100947843010765
0.5942992206814128	-0.3467809369957705	0.3493760922155656	1.009758184794976	0.2815136100121444	0.1638723264060142	0.2455922380673966	-0.07045297520985981	-0.6546809268635876	0.2337308548406078	0.0001473785344941287	-0.1587393858112481	0.3792489633437356	-0.04705327037995997	0.3342461048809913	3.802393322082429	-0.09784550961671735	-1.034920946020475	-5.733678536035227	-0.5542834439454287	-2.496728881174298	0.08852386801602243	0.08605997742281833	0.01007444183766558	0.1501907896223293	0.01033657515175546	0.01002926477540493	0.03220290513085904	0.0556133850334902	0.01002074800617588	0.05900760768570668	0.01534258120179263	0.01319237502165583	0.01161946673553828	0.01062131205083567	0.01032926868174791	0.09703757625908367	0.1333712404199862	0.01137688695300337	-0.000133277368759685	0.07564471063264656	0.082109770210059	0.01007687524769891	0.1434278348497486	0.01046376445823259	0.01003251306461543	0.03495208425662736	0.06250444732548258	0.01001945443430198	0.06448956651883522	0.01712003526319646	0.01175018902227982	0.01219566607810947	0.01055250468921558	0.01024565679789684	0.1507564308001756	0.2238649790041798	0.01009237232784039
0.5955399288665515	-0.3469738958086125	0.3498471043494508	1.009701045483594	0.2819265246667266	0.1685839458970782	0.2454668092285143	-0.07174121789808585	-0.6617753260276718	0.2330345664824426	-0.002936499345013311	-0.1522913587337694	0.3800190771360384	-0.04504486578313111	0.331300831079786	3.792571113032581	-0.1043541355392098	-1.04165022240668	-5.702195620808872	-0.5678638043267923	-2.47426720127034	0.08755786250986403	0.08575941021350988	0.01007466134353903	0.1497345209925678	0.01034791861111163	0.01002955238012463	0.03243136922719783	0.0561577194333658	0.01002063743852344	0.05944246310046077	0.01549949755671825	0.01307013792627338	0.01167130214018262	0.0106152910748601	0.01032205546492569	0.1009353316063493	0.139536639948813	0.01127046358813419	-0.0001234017499130358	0.07405088508394771	0.08153922411133482	0.01007728986278726	0.1426766156727938	0.0104825257805361	0.01003293747422213	0.03523831603633996	0.06319958044821219	0.01001937956633135	0.06516832507470074	0.01738841343866476	0.0116696528780759	0.01229499986432238	0.01054500647934603	0.01023911566032578	0.155300115801954	0.2306859873867314	0.01008996035460428
0.5967806370516902	-0.3471587963009472	0.3503190891922307	1.009646432059623	0.28233554476362	0.1732830660453714	0.2453332647731153	-0.07303759212036426	-0.6688300205143964	0.2323222373491927	-0.005991910500169885	-0.1457478918441474	0.3808168070298967	-0.04298237380621267	0.327966206985794	3.782244383506308	-0.1109300931014042	-1.04801619740791	-5.669679626497129	-0.5802471285835373	-2.450846277362959	0.08654159307410818	0.08543836496500784	0.01007489926851618	0.149256616393229	0.01035999596430874	0.01002985286898529	0.03266514757094139	0.05671443424564258	0.01002052967095524	0.05989997087965258	0.01566652902949821	0.01295188872962121	0.01172761418616267	0.01060914611795384	0.01031491816150677	0.1048543982656144	0.1456872515121485	0.01117263305760525	-0.0001160127243798483	0.07233927547154399	0.08093607219958335	0.01007775745111331	0.1418483638129387	0.01050411821727164	0.01003339826534546	0.03554640236164931	0.06393842919021196	0.01001930083741426	0.06597548045373548	0.01768185161016842	0.01160315873600965	0.01240760844972493	0.01053747321705021	0.01023305712088319	0.159920286885654	0.2374948348444798	0.01008785225335358
0.5980213452368287	-0.3473355148330329	0.3507920806921393	1.00959440978459	0.2827401812923152	0.1779690588792054	0.2451915139428479	-0.07434161789991604	-0.6758437387756725	0.2315951061211445	-0.009017679541646322	-0.1391021868760964	0.3816417903244826	-0.04086797962957303	0.3242346012232399	3.771410125112242	-0.1175826632257713	-1.053984401192633	-5.636142677637625	-0.5917244961728096	-2.426484660851418	0.08547418504476036	0.08509710005726173	0.01007515627308768	0.1487559636611406	0.0103728629243047	0.01003016667647787	0.03290466914170365	0.05728419174332645	0.01002042431612162	0.06038312837271107	0.01584385946402169	0.01283787739477176	0.01178857738125452	0.01060288588020494	0.01030787030849953	0.108795688961075	0.1518246431471859	0.01108271182422292	-0.0001086236988466609	0.07062766585914028	0.08033292028783186	0.01007822503943936	0.1410201119530837	0.01052571065400717	0.0100338590564688	0.03585448868695865	0.06467727793221174	0.01001922210849716	0.06678263583277022	0.01797528978167208	0.01153666459394341	0.01252021703512748	0.01052993995475439	0.01022699858144059	0.164540457969354	0.2443036823022283	0.01008574415210287
0.5992620534219674	-0.3475039214415229	0.3512661125237105	1.009545042181342	0.2831399383120024	0.182641293097641	0.2450414574932333	-0.07565278826891661	-0.6828152189835288	0.2308541844490944	-0.0120126476079811	-0.132347544209601	0.3824936508339556	-0.03870381727593696	0.3200990307942245	3.760065518771873	-0.1243210311804058	-1.059524385753586	-5.601596702972955	-0.6025543970966302	-2.401203884422489	0.08435554792839324	0.08473576446344951	0.01007543278223979	0.1482328869497182	0.01038660584706362	0.01003049435686425	0.0331504559320582	0.05786788379308788	0.01002032089465396	0.06089162306588486	0.01603165455378422	0.01272814263594165	0.01185461974476873	0.01059652435320407	0.01030092219920253	0.1127605287937916	0.1579516431395342	0.01100005094767341	-0.0001027314987780193	0.06881964903787145	0.07969452009068709	0.01007874088502477	0.1401579272537477	0.01055093721443241	0.01003435965286485	0.03618736440675988	0.0654669161886442	0.01001913681706056	0.06763474806906745	0.01829362692987369	0.01147948557254107	0.01265238739634422	0.01052250909425503	0.01022136352477226	0.1692513751526178	0.2511426426867275	0.01008387124680545
0.600502761607106	-0.3476638778387741	0.3517412176063914	1.009498389163335	0.2835343124435076	0.1872991362550129	0.2448829841187372	-0.07697055274744022	-0.6897432194819658	0.2301001001629946	-0.01497569660434421	-0.1254805987013418	0.3833718518896892	-0.03649211637004554	0.315557484845934	3.748211998589742	-0.1311505942656404	-1.06461399320298	-5.566054161056066	-0.6129423768343794	-2.37503170168966	0.0831855871832131	0.08435449171794593	0.01007572917452317	0.1476876821875016	0.010401301646062	0.01003083640384124	0.03340297473894356	0.05846631061794184	0.01002021897956325	0.0614251720310991	0.01623006136525138	0.01262271869822814	0.0119261223263867	0.01059007400258275	0.01029408300327573	0.1167501121106734	0.1640707174164019	0.01092407101509241	-9.683929870937771e-05	0.0670116322166026	0.0790561198935423	0.01007925673061018	0.1392957425544118	0.01057616377485764	0.01003486024926091	0.0365202401265611	0.06625655444507665	0.01001905152562397	0.0684868603053647	0.0186119640780753	0.01142230655113875	0.01278455775756097	0.01051507823375568	0.01021572846810394	0.1739622923358816	0.2579816030712269	0.01008199834150802
0.6017434697922447	-0.3478152436680531	0.3522174283822442	1.009454508778443	0.2839227997111103	0.1919419579872919	0.2447159788631673	-0.07829434431042537	-0.69662650899512	0.2293333231603212	-0.01790573269866581	-0.1185001550450733	0.3842757562655602	-0.03423518647185964	0.3106110439612835	3.735853713145713	-0.1380742765501721	-1.069235233579476	-5.529527834994014	-0.6230670245789653	-2.347999102547367	0.08196453631872201	0.08395330074610328	0.01007604555482077	0.1471207182021709	0.01041707220936909	0.0100311934487108	0.03366293868028736	0.05908075494280313	0.01002011806737689	0.06198243792714714	0.01643925446205486	0.01252149131938113	0.01200385791140716	0.01058355013768706	0.01028735831213486	0.1207656893033935	0.170184488008573	0.01085422280567106	-8.891795053292741e-05	0.06511675068655076	0.07837953084758655	0.01007981483539437	0.1384023358215624	0.01060619664999475	0.01003540457717914	0.03688474104665457	0.06711097558631057	0.01001895728639986	0.06935561622482982	0.01895609156421681	0.01137093701918295	0.01294615779664522	0.01050783400163726	0.01021044402269993	0.1787685443531024	0.2648611452650955	0.01008032048195442
0.6029841779773834	-0.3479578808193652	0.3526947760415396	1.009413455081193	0.2843049037360429	0.1965691401311702	0.2445403267419	-0.07962357256011052	-0.7034638783054228	0.2285540642269856	-0.02080171872438129	-0.1114101244484503	0.3852044878054068	-0.03193554589327	0.3052678117092316	3.723001263899731	-0.1450891887673937	-1.073377839358723	-5.492031609706241	-0.633063014206167	-2.320143604983265	0.08069259752743678	0.08353220708814368	0.01007638201655416	0.1465323322349401	0.01043402609554065	0.01003156605379139	0.03393098540283369	0.05971236749010908	0.010020017709636	0.06256221808275189	0.01665938881349192	0.01242435825290125	0.01208851447769656	0.0105769663981658	0.01028075310661489	0.1248083921290447	0.1762952570251809	0.01079001612310891	-8.099660235647714e-05	0.06322186915649892	0.07770294180163079	0.01008037294017856	0.1375089290887131	0.01063622952513187	0.01003594890509736	0.03724924196674805	0.06796539672754448	0.01001886304717575	0.07022437214429494	0.01930021905035832	0.01131956748722715	0.01310775783572948	0.01050058976951884	0.01020515957729593	0.1835747963703233	0.271740687458964	0.01007864262240081
0.604224886162522	-0.3480916555111743	0.3531732909953617	1.009375279996475	0.2846801363553432	0.2011800747243021	0.2443559163965056	-0.08095764025024883	-0.7102541300600321	0.2277624324773439	-0.02366264985780563	-0.1042176362787557	0.3861570132961837	-0.02959586811459121	0.2995402448574448	3.70966940837707	-0.1521887951260925	-1.077035398408751	-5.453580372655258	-0.6430440307628211	-2.291506036949705	0.07936907003243977	0.08309115049415891	0.01007673845269426	0.1459233096070612	0.01045233530202605	0.01003195492478288	0.03420816425851229	0.06036264721744758	0.01001991740605488	0.0631625691480073	0.01689068353941819	0.01233113910602352	0.01218123211310651	0.01057033673673492	0.01027426942406905	0.1288792755003575	0.1824045760415334	0.01073098677870077	-8.518032346760686e-05	0.06121598806268441	0.07698615986541531	0.01008096866602157	0.1365986128555723	0.01067272242217767	0.01003654111937322	0.03765660354504978	0.06889560318208955	0.01001875803207481	0.07108840571834327	0.01967192704854087	0.01127200615049632	0.01331051890219254	0.01049355775127866	0.01020016239390224	0.1884769538665853	0.2786420173122983	0.01007713507692058
0.6054655943476607	-0.3482164518812329	0.3536530016641438	1.009340030713511	0.2850480381216627	0.2057741858497574	0.2441626542637509	-0.08229594551760747	-0.7169960927229501	0.2269583769475978	-0.02648759468408552	-0.09693722552188902	0.3871319592733508	-0.0272192050199539	0.2934506036232422	3.695882131752951	-0.1593581170647054	-1.080208740945875	-5.414190448635718	-0.6530899217044617	-2.262134321068714	0.07799330160870306	0.08263007464504951	0.01007711476790376	0.1452943704413022	0.01047215301311613	0.01003236069027188	0.03449541343472377	0.06103293860886561	0.01001981671101356	0.06378174527284496	0.01713333328007396	0.01224167268393886	0.01228302563822952	0.01056367358433259	0.0102679090791286	0.1329793007872074	0.188513811818431	0.01067672059882946	-8.936404457873657e-05	0.05921010696886987	0.07626937792919984	0.01008156439186457	0.1356882966224315	0.01070921531922347	0.01003713333364908	0.03806396512335152	0.06982580963663462	0.01001865301697387	0.07195243929239158	0.02004363504672342	0.01122444481376548	0.01351327996865561	0.01048652573303847	0.01019516521050855	0.1933791113628472	0.2855433471656326	0.01007562753144035
0.6067063025327992	-0.3483321676249568	0.3541339352641644	1.009307751819304	0.285408170021454	0.2103509193055648	0.2439604609260237	-0.08363788864834185	-0.7236886084565574	0.2261417875253564	-0.02927566293202149	-0.08958718043687719	0.3881277904776217	-0.02480880285793123	0.2870260445858909	3.681667916845218	-0.1665778714733152	-1.082901876426074	-5.373878399946483	-0.6632665191743785	-2.232079905127549	0.07656436134043271	0.08214881608452813	0.01007751081100917	0.1446464822618448	0.01049372160549633	0.0100327841228218	0.03479306592248123	0.06172457424322472	0.01001971515812681	0.06441760710360003	0.01738757945115487	0.01215577571273392	0.01239528729652595	0.01055698770731478	0.01026167192884038	0.1371090981872066	0.1946234977228792	0.01062682556738278	-9.525296681707844e-05	0.05708550629560874	0.07550944950950894	0.01008219628529488	0.1347696466182308	0.01075449434583627	0.01003777769149387	0.03850031827025685	0.07083357252569424	0.01001853613960669	0.07279878867735996	0.02044435488839072	0.01117995263905615	0.013767606007529	0.01047968286415744	0.01019041116704308	0.1983697267319251	0.2924424002243889	0.01007427246808754
0.6079470107179379	-0.3484387369500643	0.3546161162002219	1.009278482197913	0.2857601460984727	0.2149097755103567	0.2437492960366181	-0.08498288136849685	-0.7303305472317462	0.2253124643813918	-0.0320260549288465	-0.08219335699385412	0.3891426430699632	-0.02236831025049668	0.2803035583320959	3.667064318065057	-0.1738201037165041	-1.085124626310856	-5.332661284698921	-0.6736164574023525	-2.201400874290007	0.0750813855858589	0.08164722471188922	0.01007792644735213	0.1439805330069062	0.01051725693695312	0.01003322591057626	0.03510141931553174	0.06243874912563444	0.01001961233197119	0.06506823376245066	0.01765363653577963	0.01207328448895023	0.01251925600096063	0.01055028869774607	0.01025555784550142	0.1412692537886091	0.2007341019516788	0.01058095199880719	-0.0001011418890554203	0.0549609056223476	0.07474952108981807	0.01008282817872519	0.1338509966140302	0.01079977337244908	0.01003842204933865	0.03893667141716217	0.07184133541475383	0.01001841926223951	0.07364513806232834	0.02084507473005803	0.01113546046434682	0.01402193204640239	0.01047283999527642	0.01018565712357762	0.2033603421010031	0.2993414532831452	0.01007291740473474
0.6091877189030767	-0.3485361169076779	0.3550995672722181	1.009252257639388	0.2861036128972174	0.2194502876871288	0.2435291440412014	-0.08633034473269093	-0.7369207932000288	0.2244701769525032	-0.03473802040613671	-0.07478266054323449	0.3901746052692401	-0.01990139022236566	0.2733217422316245	3.652110085950955	-0.1810556585644921	-1.0868889404132	-5.290555812746218	-0.6841732227456547	-2.170157914095158	0.07354523335964197	0.08112499887650486	0.01007836165217295	0.1432958648885631	0.01054310612591761	0.01003368691671773	0.03542035791388091	0.06317630985732353	0.01001950782721891	0.06573581076974042	0.01793170724195109	0.01199404737454157	0.01265676649728912	0.0105435833383376	0.01024956566220587	0.1454596889510458	0.2068455189484855	0.01053876894671114	-0.0001025221912895546	0.05276442868857599	0.07394216107377663	0.01008349867176329	0.1328777183586021	0.01085724954112028	0.01003912362520286	0.03939206816345841	0.07291927016157143	0.01001829020956281	0.07458107606107728	0.02127485566325127	0.01109411006907889	0.01434376875257959	0.01046613220818905	0.01018112134603957	0.2084208868907072	0.3062202183896608	0.0100716995954679
0.6104284270882152	-0.3486243071266449	0.3555843081932866	1.009229108102882	0.2864382790194283	0.2239720506818653	0.2433000353926678	-0.08767972177258075	-0.7434582568424939	0.2236146524892627	-0.03741091269777486	-0.06737966250251061	0.3912218569595963	-0.01741142928134053	0.266117026296492	3.636840972399928	-0.1882580681264332	-1.08820943905905	-5.247577106522145	-0.694954330986749	-2.138415593418848	0.07195667948963316	0.0805818627940267	0.01007881640341588	0.1425918728898947	0.01057157829670109	0.01003416791010653	0.03574977812622792	0.06393801537275534	0.01001940128283263	0.0664223008729514	0.0182219715941269	0.0119179289371534	0.01280945093942597	0.01053687767198097	0.01024369433908256	0.1496803594695703	0.2129576489249382	0.01049998126634279	-0.0001039024935236889	0.05056795175480437	0.0731348010577352	0.01008416916480139	0.1319044401031741	0.01091472570979149	0.01003982520106707	0.03984746490975465	0.07399720490838906	0.0100181611568861	0.07551701405982622	0.02170463659644451	0.01105275967381096	0.01466560545875679	0.01045942442110168	0.01017658556850153	0.2134814316804112	0.3130989834961765	0.01007048178620106
0.6116691352733539	-0.3487033270050753	0.3560703571929469	1.009209060808472	0.2867638826600249	0.2284746882044593	0.2430620217974425	-0.08903046811829407	-0.7499418608033172	0.2227456068176678	-0.04004413933481035	-0.0600064572463798	0.392282677386654	-0.01490158633670188	0.2587231855073455	3.621289655510586	-0.1954037172058843	-1.089101555782664	-5.203739303987289	-0.7059713129731167	-2.106239870299965	0.07031799963296584	0.08001755208705276	0.01007929094272406	0.1418671619696331	0.01060318211416696	0.01003466986871524	0.03609010567578221	0.06472398096044785	0.01001929237271773	0.06713215810849427	0.01852453847214451	0.01184482062947755	0.01297985101795459	0.01053017458810893	0.01023794248387272	0.1539306899361892	0.2190697088174474	0.01046430958910351	-0.0001085422439871148	0.04834182541590266	0.07228008557159764	0.01008488449338238	0.1308516871321576	0.01098956003366996	0.01004058998633196	0.04033512581383034	0.07512938887102366	0.01001802027850681	0.07661246054665591	0.02216204596278492	0.01101501422802888	0.01507896015732605	0.01045278474528141	0.01017225829531281	0.2185959130367037	0.3199341850068794	0.0100693867617073
0.6129098434584925	-0.3487732268056126	0.3565577298835681	1.009192138235773	0.2870802116293375	0.2329578710393388	0.2428151874825577	-0.09038206578772037	-0.7563705493071587	0.2218627451891863	-0.04263721845030965	-0.05267826316538695	0.3933556232905913	-0.01237443349429933	0.2511664267639516	3.605480367220729	-0.2024769063651272	-1.089581759141598	-5.159054357363257	-0.7172254212276643	-2.073698503007001	0.06863126836047323	0.07943182481932674	0.01007978548533733	0.1411204494219289	0.01063837053578703	0.01003519366365058	0.03644172107572775	0.06553430963999962	0.01001918080641257	0.06786938139414546	0.01883950440585385	0.0117746254910033	0.01317022681821981	0.01052347666097057	0.01023230885597533	0.1582101922305148	0.2251809915270704	0.01043150481508142	-0.0001131819944505406	0.04611569907700096	0.07142537008546007	0.01008559982196338	0.129798934161141	0.01106439435754844	0.01004135477159686	0.04082278671790601	0.07626157283365829	0.01001787940012752	0.07770790703348558	0.02261945532912533	0.0109772687822468	0.01549231485589532	0.01044614506946114	0.0101679310221241	0.2237103943929961	0.3267693865175822	0.01006829173721353
0.6141505516436312	-0.3488340681315513	0.3570464407339776	1.009178360847228	0.2873870740369536	0.2374212884818969	0.2425596282242243	-0.0917340104931285	-0.7627432760554618	0.220965773218361	-0.04518972461093002	-0.04541132180617447	0.3944392062760313	-0.009832560469031646	0.2434744250393159	3.589438494731255	-0.209460765989894	-1.089667220575442	-5.113533940966088	-0.7287163556923464	-2.040860534522861	0.0668955279656062	0.07882480628848171	0.0100803007429351	0.140352879672288	0.01067790223039269	0.01003574041989821	0.03680402436326724	0.06636853896599747	0.01001906635172501	0.06863109361421599	0.01916696436077822	0.01170727984441938	0.01338214703704982	0.01051678287611814	0.01022679237892572	0.1625185386785359	0.2312901024320483	0.01040133108411847	-0.0001317622222762776	0.04378083212711492	0.07053322480643905	0.01008637206735102	0.1287394679912233	0.01116446836337952	0.01004218995726305	0.04131854644346234	0.0774331623766652	0.01001772769371679	0.07878371097501918	0.02310463051013766	0.01094379442120771	0.01598380118100957	0.01043949157183208	0.010163814501728	0.2288832875803717	0.3335358837172085	0.0100673050276887
0.6153912598287699	-0.3488859471426661	0.357536501428508	1.009167744364729	0.2876843334088435	0.2418646809357288	0.2422954765375432	-0.09308582895672809	-0.7690590146119768	0.2200543994570417	-0.04770134923651946	-0.03823116796247272	0.3955315484023506	-0.007279108665612697	0.2356865006378159	3.573200437619079	-0.2163277511487457	-1.089378258831834	-5.067190393510887	-0.7404408645168767	-2.00779819536526	0.06510989283900201	0.07819660906396858	0.01008083734943558	0.1395655032953239	0.01072245271350367	0.01003631113951287	0.03717647907936738	0.06722625406852308	0.01001894880183537	0.06941471080428499	0.01950700253345268	0.01164272677182942	0.01361700433861907	0.01051009232973754	0.01022139209346637	0.1668554607539638	0.2373957816576287	0.01037357812408166	-0.0001503424501020146	0.04144596517722889	0.06964107952741802	0.01008714431273866	0.1276800018213056	0.0112645423692106	0.01004302514292925	0.04181430616901867	0.0786047519196721	0.01001757598730606	0.0798595149165528	0.02358980569114999	0.01091032006016861	0.01647528750612383	0.01043283807420302	0.01015969798133191	0.2340561807677472	0.3403023809168348	0.01006631831816387
0.6166319680139085	-0.3489289831348789	0.3580279220146224	1.009160301791915	0.2879718883125622	0.2462878212990748	0.2420228900397693	-0.09443706538456009	-0.7753167488957377	0.219128334910887	-0.05017184418361316	-0.03116889286763803	0.3966305454820548	-0.004717557880950122	0.2278488246243095	3.556809143186375	-0.223043915623665	-1.088736823290833	-5.020036341935763	-0.7523970505004609	-1.974585793602579	0.06327158085127892	0.07754760275983154	0.01008139676132125	0.1387600133860425	0.01077316053791434	0.01003690713848274	0.03755998335822326	0.06810727107042051	0.0100188280275691	0.07021600217964316	0.01985987108944621	0.01158093972140143	0.01387522017845614	0.01050340014655655	0.01021610751137808	0.1712211096298786	0.2434968819714608	0.01034804676709731	-0.0001524577530712761	0.03895142127222127	0.06871881262708751	0.01008799386206685	0.1266347712313499	0.0114017837095286	0.01004393952104846	0.0423536882062714	0.07982150285262764	0.01001741502213899	0.08086747418208966	0.02410698540096513	0.01088176571609683	0.01702364704357637	0.01042607509743628	0.01015580213059891	0.2393006623532745	0.3470010096407939	0.01006542566795863
0.6178726761990471	-0.3489633567840505	0.358520708656605	1.009156039759104	0.2882497258460531	0.2506905651900236	0.2417420939624554	-0.09578730287189596	-0.781515484020862	0.2181872935710787	-0.05260108821018639	-0.02426761564684299	0.3977336068709209	-0.002152133767556353	0.2200222614144305	3.540321674763342	-0.2295614576016856	-1.087767981681377	-4.9720847844593	-0.7645832020314937	-1.941302443584402	0.0613780322090564	0.07687812244159559	0.01008198027593419	0.1379379652319354	0.0108310393191806	0.01003752958899298	0.03795534015930048	0.06901142539160708	0.01001870391386751	0.07103116944391144	0.02022579416244097	0.01152189489683159	0.01415716590709013	0.01049670198310631	0.01021093819744726	0.1756156442903674	0.2495923596217549	0.01032455947644255	-0.0001545730560405377	0.03645687736721365	0.067796545726757	0.01008884341139503	0.1255895406413942	0.0115390250498466	0.01004485389916766	0.04289307024352413	0.08103825378558316	0.01001725405697192	0.08187543344762653	0.02462416511078027	0.01085321137202504	0.01757200658102891	0.01041931212066954	0.01015190627986591	0.2445451439388017	0.353699638364753	0.0100645330177534
0.6191133843841857	-0.3489892853754655	0.3590148654053483	1.009154961337087	0.2885178844498904	0.2550728149479388	0.2414533543180217	-0.09713614553742239	-0.7876542333719354	0.2172309912776326	-0.05498898965265647	-0.01756403178151349	0.3988385389375247	0.0004134008526640604	0.2122597852965507	3.523784289267187	-0.2358396593315168	-1.086496058198286	-4.923342600810154	-0.7769953241249093	-1.90795598330463	0.05943287054354118	0.07618805481151737	0.01008258998789166	0.1370951240508346	0.01089781759494935	0.01003818001958548	0.03836316707535737	0.06993900945574394	0.01001857641859344	0.07187298648961804	0.02060507706644514	0.0114655678442921	0.01446336955290233	0.0104899922566449	0.01020588399818215	0.1800385754156985	0.2556816544483892	0.01030294803467476	-0.0001344627052279811	0.0339654826696512	0.06683238207575697	0.01008979093426775	0.1243843143177255	0.01173181923258878	0.01004585749617078	0.04347256845059781	0.08231242090799953	0.01001708541216298	0.08325907913369726	0.02517568576509022	0.01082952979468954	0.01818160099893881	0.01041240441705182	0.01014823721309487	0.2498412186231625	0.3603447283145736	0.01006372081482882
0.6203540925693245	-0.3490070280227295	0.3595103933594626	1.009157064802348	0.2887764682279231	0.259434529155657	0.2411569825391586	-0.09848323554201921	-0.793732021621862	0.2162591544195111	-0.05733552484419165	-0.01107201778163904	0.3999439659530051	0.00297701240558755	0.204587810663991	3.50721872989035	-0.2418643236460159	-1.084942721964746	-4.873816558829766	-0.7896246584795272	-1.874620782498728	0.05743940806680196	0.07547729579010466	0.01008322776294582	0.1362275974418314	0.01097503389347548	0.01003885979177186	0.03878401617199331	0.07089028620221256	0.01001844550421471	0.07275292260227603	0.02099799121928469	0.01141193664784843	0.01479429706714426	0.01048326599344764	0.01020094477656409	0.1844894878935556	0.2617642470534955	0.01028306251104784	-0.0001143523544154245	0.03147408797208875	0.06586821842475693	0.01009073845714046	0.1231790879940568	0.01192461341533095	0.0100468610931739	0.04405206665767149	0.08358658803041588	0.01001691676735404	0.08464272481976801	0.02572720641940018	0.01080584821735404	0.01879119541684872	0.01040549671343409	0.01014456814632382	0.2551372933075233	0.3669898182643943	0.01006290861190425
0.6215948007544631	-0.3490168513238123	0.3600072925768044	1.009162347069464	0.289025598600431	0.2637756811748556	0.2408532970517249	-0.09982823242605245	-0.7997478804695834	0.2152715177982462	-0.05964077147222224	-0.004798380598455619	0.4010487188197132	0.005537248442163997	0.1970245266107204	3.490640447223666	-0.2476295864440876	-1.083127997413258	-4.823514726162226	-0.8024607405202562	-1.841433258361894	0.05540239506966492	0.07474553245412195	0.01008389496462254	0.1353340934817802	0.01106546340730566	0.01003957057064174	0.03921781828197183	0.0718653937698757	0.01001831122741235	0.07367485691279643	0.02140454694471147	0.01136089871898704	0.01514894982181093	0.01047652648948945	0.01019611975247186	0.1889671748972107	0.2678391350685456	0.01026476079449441	-0.0001445565828550944	0.02902754328472163	0.06485644314892383	0.01009177450463523	0.1218883376946806	0.01220449374244246	0.0100479629337231	0.04465675812805035	0.08491536568684338	0.01001674263106569	0.08621326575851813	0.02630714367306243	0.01078508761113098	0.01942761664385898	0.01039863434064803	0.01014111039506715	0.2604588454435867	0.3735629737439053	0.01006216399036358
0.6228355089396017	-0.3490190228274949	0.3605055617637835	1.009170803441635	0.2892654141583648	0.2680962544864582	0.2405426144830238	-0.1011708255687272	-0.8057008477460132	0.2142678337638329	-0.06190497449470556	0.001262540408534878	0.402152332882889	0.008093613509640463	0.1895724994640547	3.474046220809278	-0.2531434899549351	-1.081067934570465	-4.772436447845917	-0.8154928182723151	-1.808459220985862	0.05332618148077115	0.07399247910586026	0.01008459280745975	0.1344134231938727	0.01117157549693377	0.01004031383933218	0.03966451148979933	0.07286445692600109	0.01001817363867452	0.0746422684797616	0.02182475318798706	0.01131236249329286	0.01552643705343632	0.01046977668118666	0.01019140823068397	0.1934705754722201	0.2739053975050869	0.0102479162347984	-0.0001747608112947644	0.02658099859735453	0.0638446678730907	0.01009281055213	0.1205975873953044	0.01248437406955397	0.01004906477427231	0.04526144959842921	0.08624414334327089	0.01001656849477735	0.08778380669726824	0.02688708092672468	0.01076432700490793	0.02006403787086924	0.01039177196786198	0.01013765264381048	0.2657803975796501	0.3801361292234164	0.01006141936882291
0.6240762171247404	-0.3490138039576307	0.3610051993168467	1.00918242893608	0.2894960538068289	0.2723962279745933	0.240225243185718	-0.1025107169128251	-0.8115899601428642	0.2132478631410308	-0.06412842949012189	0.007107399667748678	0.4032539524879082	0.01064502633125313	0.1822450851945167	3.457444199723462	-0.2584037570795712	-1.078779634041392	-4.720583816723978	-0.8287123093087431	-1.775774010378349	0.0512126352402828	0.07321806975283071	0.01008532106693108	0.1334723058106101	0.0112977126443052	0.01004109137078684	0.04012394556820974	0.073886993821928	0.01001803288503519	0.07563567701947846	0.0222584519152259	0.01126614201958966	0.01592709783998337	0.01046303049912566	0.01018680859581332	0.1979983531392159	0.2799616406583973	0.01023240874976801	-0.0001922218678855068	0.02411888874930804	0.06279105783995807	0.0100939025508106	0.1194594026184448	0.01289933655214013	0.01005027371796574	0.0458890520836293	0.08761140723402966	0.01001639122778977	0.08892040205070452	0.02749142756031214	0.01074411712604171	0.0207557565447843	0.01038522028671439	0.01013438341355144	0.2711165386339437	0.3866182529511468	0.01006073044915475
0.625316925309879	-0.349001492715409	0.3615062009103927	1.009197214642932	0.2897177158077762	0.2766756316600848	0.2399015309175525	-0.1038476425776673	-0.8174142644727885	0.2122113773587966	-0.06631156030979692	0.01269532041383811	0.4043511423256643	0.01318782033199401	0.1751006905145395	3.440888059570041	-0.263365023769294	-1.076287314229381	-4.667966976528116	-0.8421149758988747	-1.74345736657874	0.04906346711591655	0.07242224341419617	0.01008607954303814	0.132516916352775	0.01144773680313975	0.01004190474421021	0.04059598623558019	0.07493257340138557	0.01001788909746285	0.07663759380115727	0.02270550237961133	0.01122207144045968	0.01635123100941902	0.01045630035413474	0.01018231940858924	0.2025493267451063	0.2860065854898567	0.01021813133012829	-0.0002096829244762493	0.02165677890126156	0.06173744780682543	0.0100949945494912	0.1183212178415852	0.01331429903472629	0.01005148266165916	0.04651665456882939	0.08897867112478844	0.01001621396080219	0.0900569974041408	0.0280957741938996	0.01072390724717549	0.02144747521869936	0.01037866860556681	0.01013111418329241	0.2764526796882374	0.3931003766788771	0.0100600415294866
0.6265576334950177	-0.3489824282408767	0.3620085598958098	1.009215148113926	0.2899306556065713	0.2809345488360848	0.2395718713720171	-0.1051813607133117	-0.8231728174649759	0.2111581508908514	-0.06845485762775139	0.01797748261765065	0.4054411395721365	0.01571779602899735	0.1682075410214779	3.424440919429559	-0.2679727893270019	-1.073618652367475	-4.614597145303497	-0.8556956222788809	-1.711589621882937	0.0468797314852104	0.07160457644985259	0.01008686735648883	0.1315461335410352	0.01162675211230488	0.01004275597950181	0.0410802630640301	0.07600014451735267	0.0100177424927401	0.0776501271145263	0.02316558148226664	0.01117996846688207	0.01680054220091112	0.01044960232586393	0.01017793908623541	0.2071213013815021	0.2920397169911235	0.01020498249391057	-0.0001959861784493666	0.01916414537252089	0.06063221240801271	0.01009612609608176	0.1171226753913539	0.0138992946577729	0.01005281128097531	0.04716101617199174	0.09036700448030378	0.01001603577601742	0.09126966666655525	0.02871992487779692	0.01070363719775956	0.02222897368923778	0.01037253136471546	0.01012802814809688	0.2817676486854753	0.3995161262149121	0.01005939766163727
0.6277983416801564	-0.3489570291115045	0.3625122651342247	1.00923621009891	0.2901352402498819	0.2851731650825509	0.2392367469354733	-0.1065116765924767	-0.8288646924030738	0.2100879700681415	-0.07055894367383861	0.0229066632589663	0.4065212782033004	0.01823092921215623	0.1616323407188034	3.408163328800435	-0.2721743210587134	-1.070802942874564	-4.5604831201024	-0.8694451089117335	-1.68024949370864	0.04466239414388479	0.07076468241465175	0.0100876837240719	0.1305589271031057	0.01183929320506281	0.0100436468758362	0.04157644504425773	0.07708876577652388	0.01001759326396254	0.07867517328827547	0.02363840174444696	0.01113967053520329	0.01727654417729112	0.01044295073967421	0.01017366621855578	0.2117123188044377	0.2980605479134439	0.01019287181332414	-0.000182289432422484	0.01667151184378022	0.0595269770092	0.01009725764267231	0.1159241329411225	0.01448429028081951	0.01005413990029146	0.04780537777515408	0.09175533783581913	0.01001585759123264	0.09248233592896972	0.02934407556169424	0.01068336714834364	0.0230104721597762	0.01036639412386411	0.01012494211290136	0.2870826176827131	0.405931875750947	0.01005875379378793
0.6290390498652949	-0.3489257521636089	0.3630173033200106	1.00926037808564	0.2903318910346173	0.2893917149784969	0.2388966826996997	-0.1078384196974903	-0.8344889693166796	0.2090006290050469	-0.07262450527330566	0.0274469080840179	0.4075893458969492	0.02072399773381851	0.1554282425233134	3.392102534934126	-0.2759298762408346	-1.067866770582472	-4.505633345735782	-0.8833546150326309	-1.6495099765053	0.04244138822445631	0.0699025021550564	0.01008852805569384	0.1295533123773489	0.012088875958955	0.01004457987181245	0.04208422274539952	0.07819736966975914	0.01001744166180277	0.07971786588943709	0.02412374435566365	0.01110104638052649	0.01778094426440271	0.01043635824941399	0.010169499716211	0.2163205640380382	0.304068727460489	0.01018171351467924	-0.000184260686765706	0.01489350037399826	0.058378677366795	0.01009843228392487	0.1146354339864919	0.01522141687835461	0.01005560578190076	0.04846662062219827	0.09315998649280392	0.01001568011332676	0.09386310647164869	0.02998935483324095	0.0106635676006372	0.02388877423252372	0.01036065061924707	0.01012204502023205	0.2923773891843899	0.41228501989334	0.01005814551874903
0.6302797580504337	-0.3488890815106924	0.3635236587617882	1.009287626498756	0.2905210784731444	0.2935904737896573	0.2385522323493125	-0.1091614560280218	-0.8400447432807476	0.2078959368229673	-0.07465233385247715	0.03160119583360083	0.4086446707300623	0.02319652062978979	0.149601591545135	3.376260477563405	-0.2792446318009764	-1.064827699080107	-4.450057566671385	-0.8974148178005582	-1.619424536149699	0.04024415442742346	0.06901798095551626	0.01008939982574763	0.1285274648404562	0.01237861609670239	0.01004555713955119	0.04260331981678282	0.07932500039277478	0.01001728790954256	0.08078281510384049	0.02462141477704316	0.01106397894871868	0.01831525568967889	0.01042983612825931	0.01016543860858368	0.2209444150220428	0.3100639162423965	0.0101714311718315	-0.0001862319411089281	0.0131154889042163	0.05723037772438998	0.01009960692517744	0.1133467350318612	0.0159585434758897	0.01005707166351005	0.04912786346924247	0.09456463514978872	0.01001550263542088	0.09524387701432767	0.03063463410478767	0.01064376805293076	0.02476707630527125	0.01035490711463003	0.01011914792756275	0.2976721606860667	0.418638164035733	0.01005753724371014
0.6315204662355723	-0.3488474909097981	0.3640313155244106	1.009317929920744	0.290703268814212	0.2977697092175142	0.238203936180398	-0.1104806641018359	-0.845531117766083	0.2067737106440358	-0.07664326100755832	0.03538901299667339	0.4096872180469574	0.02564917884392871	0.1441387859550398	3.360620245160438	-0.2821428453933526	-1.061698775135865	-4.393767791587377	-0.9116160002521556	-1.590036530408239	0.03810736972434899	0.06811155602238177	0.01009029933976384	0.1274833701797161	0.01271166041350413	0.0100465816937659	0.04313361004274098	0.08047088920444284	0.01001713225026438	0.08186535474465802	0.02513125918365502	0.01102839324243573	0.01887982486401824	0.01042339156659337	0.01016148224186025	0.2255824500806631	0.3160451871963043	0.01016195228590958	-0.0001960994165201108	0.01230994105042953	0.05605237918769684	0.01010084370677351	0.1120801648851353	0.01685309352378108	0.0100586977172799	0.04980947143176988	0.09598940529253119	0.01001532663173578	0.09654394944382408	0.03130181262395294	0.01062528602608346	0.02571626798692609	0.01034947524584217	0.01011644601225642	0.3029503479585055	0.4249061272176754	0.01005695637585672
0.6327611744207109	-0.3488013982280262	0.3645402585008478	1.009351265725047	0.2908788772190763	0.3019296345205199	0.2378522669562159	-0.111795937695684	-0.8509472219921902	0.2056337830677883	-0.07859817290349491	0.03885844676910036	0.4107180238358117	0.02808466591085973	0.138991659175048	3.345132924125943	-0.2846819096458709	-1.058485398853767	-4.336783141034015	-0.9259491674826746	-1.561368573257505	0.03606457840465273	0.06718362459608196	0.0100912268698903	0.1264228535263729	0.01309079189423137	0.01004765621973484	0.04367498093511548	0.08163434844894904	0.01001697490048819	0.08296129668765435	0.02565314094908318	0.01099422238119441	0.01947495563185314	0.01041703097006816	0.01015763003340543	0.2302333969621826	0.3220116758413925	0.01015321226207469	-0.0002059668919312935	0.01150439319664277	0.05487438065100369	0.01010208048836958	0.1108135947384093	0.01774764357167246	0.01006032377104974	0.05049107939429728	0.09741417543527367	0.01001515062805068	0.0978440218733205	0.03196899114311822	0.01060680399923616	0.02666545966858093	0.0103440433770543	0.01011374409695008	0.3082285352309442	0.4311740903996177	0.01005637550800331
0.6340018826058496	-0.3487511758004185	0.3650504736566305	1.009387613919862	0.2910482720778759	0.3060704160564983	0.2374976432993555	-0.1131071737033259	-0.8562922024410146	0.2044759944590044	-0.08051797021837191	0.0420671714394451	0.4117384934296004	0.03050637612693639	0.1341004925430309	3.329738785135428	-0.286930298934931	-1.055190946073051	-4.27912499965004	-0.9404040087058999	-1.533436041885858	0.03412979245598211	0.06623463913503948	0.01009218413038375	0.1253470927618014	0.01351735105387025	0.01004878446928667	0.04422725875610257	0.08281452952660204	0.01001681609969446	0.08406850165888644	0.02618660747345253	0.01096143782880831	0.02009840373107541	0.01041075589823669	0.0101538816528587	0.2348953809482068	0.3279622515143009	0.01014514981794992	-0.0002102720497106329	0.01120756523007456	0.05366877195284262	0.01010341403580432	0.1095519830474257	0.01876930533566475	0.01006213891104007	0.05119136587292972	0.0988536761917637	0.0100149769321165	0.09911376945205197	0.03265014061048307	0.01059046395570547	0.02762428886786673	0.010338816426865	0.01011124257711781	0.3134670324788298	0.4373449928998892	0.01005581493490865
0.6352425907909882	-0.3486970912358611	0.3655619496643508	1.009426960856985	0.2912117116259352	0.3101921106598394	0.2371403598382179	-0.1144142723789582	-0.8615652427686673	0.2033002033954547	-0.08240357150129009	0.04508412480604014	0.4127504942818328	0.03291858449431484	0.1293918295074364	3.31436514562179	-0.2889694456906035	-1.051816103650679	-4.220816925752548	-0.9549688155636662	-1.506245165090671	0.03231568686646154	0.06526501105069915	0.01009317264819276	0.1242571707203803	0.01399251260538414	0.01004996978426396	0.04479028856781746	0.08401067304298432	0.01001665606119434	0.08518504965154029	0.02673125632404945	0.01093001412327727	0.02074817390866249	0.01040456774024327	0.010150236805727	0.2395667157771729	0.3338958614807686	0.01013771035459907	-0.0002145772074899722	0.01091073726350636	0.05246316325468155	0.01010474758323907	0.1082903713564422	0.01979096709965704	0.01006395405103041	0.05189165235156214	0.1002931769482537	0.01001480323618232	0.1003835170307835	0.03333129007784792	0.01057412391217479	0.02858311806715253	0.0103335894766757	0.01010874105728553	0.3187055297267153	0.4435158954001607	0.01005525436181398
0.6364832989761269	-0.3486393528024712	0.3660746768370361	1.009469296606715	0.2913693905134585	0.314294712368758	0.2367806411779731	-0.1157171340218442	-0.8667655465297897	0.2021062782363697	-0.08425589860737752	0.04798232576182939	0.4137560812568309	0.03532591327224464	0.1247871830453291	3.298934377368559	-0.290885432793013	-1.048360616883435	-4.161882385666384	-0.969631881356271	-1.479799259598948	0.03062054745752551	0.06427513218923103	0.01009419586989097	0.1231525921817868	0.01451342457374292	0.01005121681768887	0.04536371293622789	0.08522158466774028	0.01001649503414009	0.08631308520963192	0.02728633587111975	0.01089995165619828	0.02142055289892925	0.01039846348127483	0.01014669529477798	0.2442451527676955	0.3398114935621326	0.01013084207294877	-0.0002152380718829828	0.01077464048634093	0.05123003393015346	0.01010622554065263	0.1069880305345677	0.02084525408878849	0.01006599387773675	0.0526052378409966	0.1017342591720405	0.01001463298339156	0.1017331335564086	0.03401725411151464	0.01056050745807404	0.02950696895023004	0.01032846457512754	0.01010644185140758	0.3238815239228426	0.4495889565149058	0.01005470804916357
0.6377240071612655	-0.3485780437077319	0.3665886491231969	1.009514619303735	0.291521368149262	0.3183780811403744	0.236418564746866	-0.1170156573541235	-0.8718923542916656	0.2008941070816475	-0.08607587644366266	0.05083995128148932	0.4147575947104006	0.03773348988038654	0.1202015360387419	3.283362007253393	-0.2927701114108707	-1.044822833873848	-4.102342660921973	-0.9843810465899959	-1.454098698689619	0.02904265157752917	0.06326535905152229	0.01009525686547252	0.1220329023475525	0.01507754248147166	0.01005252971411567	0.04594721272879615	0.08644619445517079	0.01001633324045806	0.087454537218856	0.02785117761502755	0.0108712507487051	0.02211224376913952	0.01039244043527103	0.01014325694411742	0.2489286614383127	0.3457082000582916	0.01012449882473547	-0.0002158989362759934	0.0106385437091755	0.04999690460562536	0.01010770349806619	0.1056856897126932	0.02189954107791995	0.01006803370444309	0.05331882333043109	0.1031753413958273	0.01001446273060079	0.1030827500820338	0.03470321814518137	0.0105468910039733	0.03043081983330754	0.01032333967357939	0.01010414264552963	0.3290575181189699	0.4556620176296509	0.01005416173651317
0.6389647153464042	-0.3485131814394149	0.3671038624658771	1.009562931427923	0.2916676322764146	0.3224420056558527	0.236054130818332	-0.1183097393916832	-0.8769449237679431	0.1996635879904051	-0.08786442962490215	0.05373697244840013	0.415757487677268	0.04014664120035442	0.1155475396878491	3.267561025345505	-0.2947173096805197	-1.041200402366512	-4.042217803758935	-0.9992046768519514	-1.42914275133243	0.02757631206462339	0.06223608319677149	0.01009636028254487	0.1208974145382334	0.0156799941136642	0.01005391414948387	0.04654034372844277	0.08768316322405355	0.01001617092817476	0.08861196029815663	0.02842493350548474	0.01084391287579156	0.02281960841031791	0.01038649441984231	0.01013992128904015	0.2536149612015156	0.3515849722618292	0.0101186368484983	-0.0002175227743719964	0.01056354324943515	0.04873773643235529	0.01010936743786908	0.1043353235609167	0.02292714904536486	0.01007034011908999	0.0540420668688297	0.1046089102326389	0.01001429683643678	0.1045328238244624	0.03538862218207102	0.0105360259341672	0.03130658516234604	0.01031827766874403	0.01010203865564974	0.3341581775227024	0.4616328641226572	0.01005362505020777
0.6402054235315427	-0.3484446494399487	0.3676203170052043	1.009614244516243	0.291808023780801	0.3264861278418688	0.2356871825843365	-0.1195992725056589	-0.8819225436213944	0.1984146376924865	-0.08962248027570711	0.05675547750730995	0.4167583813554504	0.04257099026672012	0.1107349940093143	3.251441016996906	-0.2968231092025913	-1.037490059030633	-3.98152517893384	-1.014091833945491	-1.404929138064162	0.02621621698185543	0.06118766108498163	0.01009751026090998	0.1197454979943373	0.01631645026048822	0.01005537517947825	0.04714270923639508	0.08893129052454342	0.01001600831821416	0.08978765274030318	0.02900684921130567	0.01081793932446917	0.02353941795402358	0.01038062170880717	0.01013668791539804	0.258301986068997	0.3574408631295372	0.01011321715790751	-0.0002191466124679994	0.01048854278969481	0.0474785682590852	0.01011103137767197	0.1029849574091402	0.02395475701280977	0.01007264653373689	0.0547653104072283	0.1060424790694506	0.01001413094227277	0.1059828975668911	0.03607402621896066	0.0105251608643611	0.03218235049138455	0.01031321566390866	0.01009993466576985	0.339258836926435	0.4676037106156636	0.01005308836390238
0.6414461317166814	-0.3483722628744981	0.3681380150815949	1.009668574814028	0.2919423084205732	0.3305100142078228	0.2353174833653666	-0.1208841461654688	-0.8868245163361307	0.1971471818089317	-0.09135094832695417	0.05997718574506557	0.4177629181258839	0.0450122045111845	0.1056740287010995	3.234911599525033	-0.2991830859716499	-1.033688391019414	-3.920281078965228	-1.029032029658189	-1.381455119996422	0.0249559217079425	0.06012049710064055	0.01009871175074922	0.1185771482295899	0.01698196831491754	0.01005691963819629	0.04775391102802666	0.090189347420504	0.01001584563784283	0.09098239680447077	0.02959611999519471	0.01079331334307812	0.02426880723719842	0.01037482005138127	0.01013355579739898	0.262987536484044	0.3632747269578021	0.01010820281569155	-0.0002230272238045062	0.0104417353543856	0.04619517568629832	0.01011290606657476	0.1016044862905155	0.02493479812660902	0.01007526852005039	0.0554976345113088	0.1074659191513106	0.01001396985150844	0.1074946180615192	0.03675655403221957	0.01051661952624464	0.03301421162890483	0.01030824667789757	0.01009801080567966	0.3442752624403009	0.4734627105819388	0.01005255815395893
0.6426868399018201	-0.3482957042255975	0.3686569633581821	1.009725947875033	0.2920701061784434	0.3345130840928812	0.2349446413743776	-0.1221642445674596	-0.8916501699125445	0.1958611624966114	-0.09305074884456975	0.0634807901286194	0.4187736817453944	0.04747587031228596	0.1002782726000714	3.217885227900807	-0.3018891877595029	-1.0297924358724	-3.858500060069546	-1.044015760728729	-1.358717554279211	0.02378946815138884	0.05903495957269636	0.0100999691613727	0.1173923613982636	0.01767216313661239	0.01005855361290994	0.04837359353937293	0.09145623185098949	0.01001568308949343	0.09219689804608176	0.03019202998720894	0.01077001997718728	0.02500523343421881	0.0103690874422374	0.01013052402109634	0.2676696134455032	0.3690854889298816	0.01010356091589275	-0.0002269078351410129	0.01039492791907638	0.04491178311351145	0.01011478075547756	0.1002240151718909	0.02591483924040828	0.01007789050636388	0.05622995861538931	0.1088893592331706	0.01001380876074411	0.1090063385561473	0.03743908184547848	0.01050807818812817	0.03384607276642511	0.01030327769188649	0.01009608694558948	0.3492916879541667	0.479321710548214	0.01005202794401548
0.6439275480869587	-0.3482145915760677	0.3691771706202049	1.009786393852531	0.2921909664007685	0.338494685090414	0.2345681895946361	-0.1234394495688775	-0.8963988440479184	0.1945565296685447	-0.09472279422517256	0.06734213384408001	0.4197931665773785	0.04996743338008056	0.09446476818845734	3.200277408930323	-0.3050300222693629	-1.025799863641416	-3.796196103007372	-1.059033714346258	-1.336713380873212	0.02271059983044936	0.05793143420312056	0.01010128682333052	0.1161918549894464	0.01838290687467621	0.01006028529250007	0.04900145481851284	0.09273090165433312	0.01001552086481743	0.09342998747441507	0.03079386238878825	0.01074801591419425	0.02574681602597814	0.01036342521110173	0.01012759090269786	0.2723460498265878	0.3748717738655042	0.01009926031816449	-0.0002329087814643739	0.01036303835237405	0.04360517432208913	0.01011687019294327	0.09883478990364325	0.02684721673427296	0.010080886100981	0.05697226844906095	0.1103026729620892	0.01001365248673611	0.1105281407149838	0.03811769237388417	0.0105011658867187	0.03464657233231723	0.01029847834855859	0.01009432370525654	0.3542138326297989	0.4850550202493504	0.01005150240197278
0.6451682562720974	-0.3481284239548819	0.3696986495550789	1.00984995154541	0.2923043089538289	0.3424540321368811	0.234187521891148	-0.1247096407484095	-0.9010699009727325	0.1932332480343948	-0.09636799230120498	0.0716293085980001	0.4208235959522422	0.052491900463248	0.08815993284735937	3.182012254941612	-0.3086851743589689	-1.021710249431623	-3.733382469349707	-1.074077314463303	-1.315440141797032	0.02171356816208745	0.05681027248721145	0.01010266859399503	0.1149762886549812	0.01911054001917711	0.01006212197095786	0.04963722539643783	0.09401242189319191	0.01001535913452417	0.09468061623557431	0.03140097946775122	0.01072726253384835	0.026491885726803	0.01035783454242765	0.01012475494213592	0.2770148698562024	0.3806322939375232	0.01009527328138258	-0.0002389097277877348	0.01033114878567172	0.04229856553066681	0.01011895963040897	0.09744556463539562	0.02777959422813764	0.01008388169559813	0.0577145782827326	0.1117159866910078	0.01001349621272811	0.1120499428738202	0.03879630290228986	0.01049425358530923	0.03544707189820934	0.01029367900523069	0.01009256046492359	0.3591359773054312	0.490788329950487	0.01005097685993009
0.6464089644572361	-0.3480366457368464	0.3702214146302747	1.009916663798651	0.2924094948598148	0.3463902792574371	0.2338019682402524	-0.1259746977427467	-0.9056627137532103	0.1918912892293428	-0.09798724901070567	0.07640528874725315	0.4218670014086892	0.05505396421705749	0.08129642310949509	3.163019695622587	-0.3129283009586908	-1.017524497934793	-3.670072329702225	-1.089138390780207	-1.294895919672882	0.02079261590170948	0.05567182195249402	0.01010411722464013	0.1137470413523461	0.01985206758210445	0.01006407346786761	0.05028067429747982	0.09529987253310743	0.01001519804716145	0.09594573741466576	0.03201276370628645	0.01070768770823197	0.02723987887612861	0.01035232079026739	0.0101220138307121	0.2816739364215289	0.3863655123903669	0.01009157358943425	-0.0002471893308866177	0.01030793188408735	0.04096916079472368	0.01012124267144813	0.09606951270613476	0.02867509724080949	0.01008732061631486	0.05846751317093221	0.1131181594478005	0.01001334445625753	0.1135237540900967	0.03947058947364318	0.01048812176815598	0.03624103770086318	0.01028915000930025	0.01009093663330757	0.3639540305479893	0.4963836396166257	0.01005045532319846
0.6476496726423747	-0.3479386071254684	0.3707454832868407	1.009986580579335	0.2925057859815926	0.3503024760599457	0.233410748333078	-0.1272345043843045	-0.910176677414663	0.1905306377974648	-0.09958146829647124	0.08172095169826694	0.4229249464176093	0.05765754250354171	0.07382170026646089	3.14324356230489	-0.3178190784005691	-1.01324677708564	-3.606279061796832	-1.104209506967145	-1.275080219844507	0.01994247836510939	0.05451639949087272	0.01010563516591041	0.1125053805984091	0.02060483524073429	0.01006614852969856	0.05093159552925101	0.09659242771789242	0.010015037735045	0.09722261271090149	0.03262866559295892	0.01068922714529929	0.02799029526904139	0.01034688872418671	0.01011936551172417	0.286321295062316	0.3920699899695789	0.01008813788832098	-0.0002554689339855006	0.01028471498250299	0.03963975605878055	0.01012352571248728	0.09469346077687389	0.02957060025348135	0.01009075953703159	0.05922044805913183	0.1145203322045932	0.01001319269978695	0.1149975653063732	0.0401448760449965	0.01048198995100274	0.037035003503517	0.01028462101336982	0.01008931280169154	0.3687720837905474	0.5019789492827643	0.01004993378646683
0.6488903808275133	-0.3478336188124465	0.3712708741590731	1.010059754930121	0.2925924038741847	0.3541896286527049	0.2330130354702316	-0.12848894864899	-0.9146111981066569	0.1891512842785323	-0.10115155400054	0.08761985874592959	0.4239987026428879	0.06030606793772406	0.0656922247900814	3.122636179930646	-0.3234087471553971	-1.008883306741785	-3.542016412119631	-1.119283576881614	-1.255993456949678	0.01915799259207778	0.05334436406296853	0.01010722259716343	0.1112533755757127	0.02136714185227196	0.01006835899086387	0.05158975854845752	0.097889169397101	0.01001487830252892	0.09850629226648952	0.03324817538131815	0.01067178212261286	0.02874430305364388	0.01034154728659886	0.0101168071647571	0.2909548084228646	0.3977440461228713	0.01008494414357231	-0.0002660579249964184	0.0102668968667893	0.03828914055624021	0.01012595165376273	0.09335546883833923	0.03044854755027589	0.01009472679807203	0.05998310011999979	0.1159074676357251	0.0100130449727492	0.1163562583880056	0.04081504563870326	0.01047573410004963	0.0378630397155924	0.01028046791174124	0.01008780749480237	0.3734754551789228	0.5074239276245022	0.0100494165410391
0.6501310890126519	-0.3477209330703543	0.3717976074320813	1.010136244646212	0.2926685148926335	0.3580506801969182	0.2326079338985722	-0.1297379327214387	-0.9189657056380072	0.1877532304106371	-0.1026984123677707	0.09412907613127207	0.4250888733133146	0.0630018536383917	0.05688480068882491	3.101169121882688	-0.329729551351169	-1.004445045345558	-3.477299238040998	-1.134354148056462	-1.237638121672628	0.01843445596590901	0.05215604307231674	0.01010887967813987	0.1099929278514562	0.02213748006901755	0.01007071539244574	0.05225495772845953	0.09918927277536703	0.01001471984256434	0.09979232384621972	0.0338708393573471	0.01065526465758893	0.02950294102667361	0.0103363044437428	0.01011433627730612	0.2955725160671272	0.4033861060941682	0.01008197272659701	-0.0002766469160073362	0.01024907875107561	0.03693852505369987	0.01012837759503819	0.09201747689980458	0.03132649484707043	0.01009869405911247	0.06074575218086777	0.117294603066857	0.01001289724571144	0.117714951469638	0.04148521523241001	0.01046947824909652	0.0386910759276678	0.01027631481011266	0.0100863021879132	0.3781788265672982	0.5128689059662399	0.01004889929561136
0.6513717971977906	-0.3475997832537903	0.3723257036490106	1.010216109200436	0.2927332704868437	0.361884554392965	0.2321945251896138	-0.1309813688527741	-0.9232396423493744	0.1863364831417509	-0.1042229521436605	0.1012664778808547	0.4261956840746582	0.06574657717734424	0.04738760295726654	3.078824733645735	-0.3368031602876633	-0.9999456649004782	-3.412143143570713	-1.149415034676895	-1.220017845860343	0.01776730867650986	0.05095194973171947	0.01011060315689517	0.1087266910550988	0.02291540305305456	0.01007323214361435	0.05292689019597016	0.1004917433199498	0.01001456241914089	0.1010742455582911	0.03449623433919965	0.01063955749669142	0.0302690573062174	0.01033117163580013	0.01011194969141327	0.300172237315144	0.4089943727016982	0.01007920515077321	-0.0002889152162278641	0.0102348171356113	0.03557203386855742	0.01013086558598714	0.09074154198874995	0.0322106013665854	0.01010329560214226	0.06151531266245927	0.118660567943874	0.01001275298385469	0.1188940826453269	0.04215138143783579	0.01046228518313927	0.03959974850526747	0.01027263078288107	0.01008489672552473	0.3827555108476621	0.5181516906861946	0.01004838736128725
0.6526125053829294	-0.3474693894465696	0.3728551830515976	1.010299409697395	0.2927858227411073	0.3656901648786011	0.2317718738050094	-0.1322191967894725	-0.927432477841435	0.1849010592641127	-0.1057260900489163	0.1090302335642506	0.4273185448551494	0.06854053373238921	0.03721322432172672	3.05560850490925	-0.3446285895696017	-0.9954047351044033	-3.346565481844837	-1.164460520931523	-1.203138639996449	0.01715241134092868	0.04973255187118107	0.01011239013678723	0.1074571030997255	0.02370051558738298	0.01007592207878327	0.05360528554960688	0.1017956866023343	0.01001440608925596	0.1023462394806446	0.03512398354838939	0.01062455615279958	0.03104518500869831	0.01032615905406756	0.0101096445939242	0.3047519666247701	0.4145671603951726	0.01007662494818416	-0.0003011835164483919	0.01022055552014699	0.03420554268341497	0.0101333535769361	0.0894656070776953	0.03309470788610035	0.01010789714517204	0.06228487314405078	0.120026532820891	0.01001260872199794	0.1200732138210157	0.04281754764326157	0.01045509211718201	0.04050842108286714	0.01026894675564949	0.01008349126313625	0.387332195128026	0.5234344754061491	0.01004787542696314
0.653853213568068	-0.3473289773545682	0.3733860652232763	1.010386207197512	0.2928253392473061	0.3694664346588291	0.2313390497433039	-0.1334513737000881	-0.9315436964367136	0.1834469801857006	-0.1072087482741483	0.1174083159340811	0.4284564413924983	0.07138329422287039	0.02638691237950983	3.031537918145607	-0.3531931364299528	-0.9908449288069451	-3.280584552927405	-1.179485128567372	-1.187007700613113	0.01658577842870728	0.04849872849068276	0.01011423349820686	0.1061872109081056	0.02449335948281873	0.0100788030381465	0.05428975528591339	0.1031000760015326	0.01001425088392376	0.1036010173247092	0.0357537076823649	0.01061013953928227	0.03183533191101762	0.01032127913831912	0.01010741770605519	0.3093094492825484	0.4201026081955885	0.01007421663673532	-0.000313861792455284	0.01020877270882325	0.03283447582063011	0.01013579941989909	0.08827202638208166	0.03400741558376424	0.01011326899984008	0.06305788151398538	0.1213661243269566	0.01001246738396431	0.1210213222815266	0.0434791032458386	0.01044642820311839	0.04153838100738129	0.0102657988072992	0.01008217083791411	0.39176899273287	0.5285448603266462	0.01004737031619863
0.6550939217532066	-0.3471778097480862	0.3739183673534142	1.010476560818532	0.292851050693456	0.3732123358663631	0.2308951637412029	-0.1346778995229694	-0.9355728143631455	0.1819742760983162	-0.1086718628177737	0.1263679412181511	0.4296074935272079	0.07427293900848725	0.01495970269139566	3.006654886393394	-0.3624602510276618	-0.9862952814577866	-3.214220630093318	-1.194483716242098	-1.17163452498416	0.01606380216558297	0.04725128018690893	0.01011612689945148	0.1049198123554327	0.02529441669360897	0.01008189091210906	0.05497995226632825	0.1044039872649195	0.01001409683076957	0.1048320081800465	0.03638506888210077	0.01059619976027673	0.03264306325902566	0.01031654297021421	0.01010526610704879	0.3138426066182382	0.4255989682979767	0.0100719664250925	-0.0003265400684621762	0.01019698989749952	0.03146340895784525	0.01013824526286209	0.08707844568646801	0.03492012328142812	0.01011864085450812	0.06383088988391998	0.1227057158330221	0.01001232604593068	0.1219694307420376	0.04414065884841565	0.01043776428905477	0.04256834093189544	0.01026265085894892	0.01008085041269197	0.3962057903377139	0.5336552452471433	0.01004686520543413
0.6563346299383452	-0.3470151808070431	0.3744521048971031	1.010570527781913	0.2928622353146947	0.3769268803542497	0.2304393616993858	-0.1358987995353124	-0.939519365024498	0.1804829813524558	-0.1101163780110491	0.1358663193219015	0.4307694041272931	0.07720682217045897	0.002995070641150662	2.981013093256381	-0.3723818866379902	-0.981787935355375	-3.147494911221994	-1.209451341368619	-1.157029670084123	0.01558302555650745	0.04599153506501047	0.01011805965587793	0.1036581275634513	0.02610480726956422	0.01008520832734245	0.05567548068299069	0.1057065053169327	0.01001394393768065	0.1060319407998703	0.03701768361090613	0.0105826306727999	0.03347276969665176	0.01031196234962904	0.01010318662755631	0.3183490917873209	0.4310543692388147	0.0100698613686319	-0.000337863563493957	0.01018704591323061	0.03010235026649001	0.01014053732115036	0.08598240291205993	0.03587792428603455	0.0101249642407315	0.06460558143974686	0.1240177262931895	0.01001218719961745	0.1226558611314788	0.04479596104008415	0.01042752793153541	0.04374574075020612	0.01026007079946306	0.01007960523116219	0.4004886148066669	0.5385849951816134	0.0100463686850413
0.6575753381234839	-0.3468404714277012	0.3749872888466269	1.010668159764172	0.292858296168363	0.3806091875120018	0.2299708873040504	-0.137114157147893	-0.9433829183264132	0.1789731382897329	-0.1115432572391602	0.1458414009820436	0.4319390748301912	0.08018088583405958	-0.009419550218073312	2.954688865833476	-0.3828878680754786	-0.977361031058979	-3.080430328791259	-1.224383285308243	-1.143205615113353	0.01514032684437373	0.04472070203002516	0.01012002225028644	0.1024051113289143	0.02692552671162696	0.01008877543751494	0.05637598673568752	0.1070068054051301	0.01001379221168245	0.1071942469832573	0.03765121003536684	0.01056933770066384	0.03432835696376477	0.01030754778803062	0.01010117644432536	0.3228267363790764	0.4364670502233308	0.01006788993648042	-0.0003491870585257378	0.0101771019289617	0.02874129157513478	0.01014282937943864	0.08488636013765184	0.03683572529064098	0.01013128762695487	0.06538027299557374	0.125329736753357	0.01001204835330421	0.12334229152092	0.04545126323175266	0.01041729157401606	0.0449231405685168	0.01025749073997721	0.01007836004963242	0.4047714392756198	0.5435147451160838	0.01004587216464847
0.6588160463086226	-0.346653117776887	0.3755239274673622	1.010769504795672	0.2928387135411603	0.3842584445012369	0.2294890468216302	-0.1383240885543986	-0.9471630634928468	0.1774447930539329	-0.1129534746013141	0.1562225960488353	0.4331130546322823	0.08319043823458735	-0.02218610048543947	2.927768547499158	-0.393898201941261	-0.9730553995877309	-3.013050502813765	-1.239275062976337	-1.13017560142864	0.01473272506744784	0.04344074241405314	0.01012200169304937	0.1011639060185543	0.02775779616561716	0.01009262186272207	0.05708118425190469	0.1083041648607837	0.01001364164878218	0.1083125795830574	0.03828520697723661	0.01055624664332246	0.03521374984405762	0.01030330886478837	0.0100992327085221	0.3272731115970873	0.4418352065946298	0.01006604131983943	-0.0003577943745716135	0.01016861485815762	0.02741093027722035	0.01014487247129926	0.08389638864046699	0.03784576736015403	0.01013881431848377	0.06615792608442932	0.1266157967481717	0.01001191174632692	0.1237630418768666	0.04609729859534624	0.0104058418225859	0.0462545742682378	0.01025547039040632	0.01007718574686966	0.4088862873688739	0.5482588479339102	0.01004538604679088
0.6600567544937612	-0.3464526854063336	0.3760620227994028	1.010874602198057	0.2928031456314671	0.3878739960748741	0.2289932933510453	-0.1395287814739983	-0.9508594297313898	0.1758979990566441	-0.1143480270766239	0.1669240698624782	0.4342872682451867	0.08622964239648656	-0.03518754649306159	2.900356320882582	-0.4053153629064093	-0.9689166833246494	-2.945380152998612	-1.2541223727624	-1.117954049314325	0.014357533892427	0.04215344038628197	0.01012398641383036	0.09993739216773111	0.02860270132466507	0.01009677398556193	0.05779081749803051	0.1095979314681585	0.01001349224542344	0.109381189259953	0.03891928096112318	0.01054329138782645	0.03613243850448696	0.01029925411311482	0.01009735288241903	0.3316859685236095	0.4471571362442738	0.01006430589046714	-0.0003664016906174891	0.01016012778735353	0.02608056897930592	0.01014691556315988	0.08290641714328212	0.03885580942966706	0.01014634101001267	0.06693557917328491	0.1279018567429863	0.01001177513934962	0.1241837922328133	0.04674333395893982	0.01039439207115574	0.04758600796795881	0.01025345004083543	0.01007601144410691	0.413001135462128	0.5530029507517368	0.01004489992893328
0.6612974626788999	-0.3462388139474538	0.3766015733860488	1.01098348623278	0.292751351277139	0.3914552767624853	0.2284831642038836	-0.140728462362921	-0.954471666906913	0.1743328132456063	-0.1157279237994947	0.1778540988246306	0.4354574057876677	0.08929220943131372	-0.04829952720494106	2.872563192817823	-0.4170350407032063	-0.9649924335313673	-2.877444226433548	-1.268920927156423	-1.106555609655053	0.0140121945304686	0.04086039167974143	0.01012596329835081	0.09872834295994279	0.02946105209252254	0.0101012721230226	0.05850475117810729	0.1108874415149781	0.01001334399683521	0.110395465810997	0.03955290126347277	0.01053043873734032	0.03708700368196022	0.01029538949115126	0.01009553460112959	0.3360627924102697	0.4524310664539468	0.01006267463046382	-0.00037140409901268	0.01015286592300839	0.0247780337890597	0.01014865759582725	0.08202250259435373	0.0399129789314116	0.01015543724947695	0.06771901342531174	0.1291605778987126	0.01001164073812599	0.1243629696908434	0.04737604059017474	0.01038242402486907	0.04905415212855708	0.01025193953667004	0.0100749087496313	0.4169336212654194	0.5575554644566514	0.01004442590208812
0.6625381708640385	-0.3460113022012215	0.3771425703560378	1.011096180172927	0.2926833042901013	0.3950019132383568	0.2279583778341765	-0.1419234387599585	-0.9579994661303279	0.1727492996379177	-0.1170941980568553	0.1889119727045189	0.4366188130350137	0.09237114344370269	-0.06138650293333196	2.844510456822851	-0.4289425468561871	-0.961333126671433	-2.809267641963037	-1.283666466918366	-1.095994831785456	0.01369440514499848	0.03956304739978569	0.01012792066522364	0.09753929687303896	0.03033356932667782	0.01010615218518277	0.05922286463304655	0.1121720952137545	0.01001319689876791	0.1113512147664786	0.0401855942245211	0.01051765911370446	0.03807973859646085	0.01029172030608672	0.01009377575802691	0.340401250129267	0.4576553220821741	0.01006113950693113	-0.0003764065074078708	0.01014560405866325	0.02347549859881349	0.01015039962849462	0.08113858804542533	0.04097014843315615	0.01016453348894123	0.06850244767733858	0.1304192990544388	0.01001150633690237	0.1245421471488735	0.04800874722140966	0.0103704559785824	0.05052229628915535	0.01025042903250466	0.0100738060551557	0.4208661070687109	0.5621079781615659	0.01004395187524294
0.6637788790491771	-0.3457700340144813	0.377685000922394	1.011212701366488	0.2925990927603482	0.3985136344909946	0.2274187495755292	-0.1431140605299311	-0.9614425390921822	0.171147525767563	-0.1184478951154665	0.1999950199675881	0.4377667775223045	0.09545927632600093	-0.07431052410498253	2.816321482798877	-0.4409208955526884	-0.9579898991925442	-2.740874838990582	-1.298354744396675	-1.086285580541801	0.01340197697476117	0.03826229949933699	0.01012984796913206	0.09637208350754758	0.03121998937872422	0.01011147163607668	0.05994507559917567	0.1134510123725951	0.01001305095431952	0.1122464455490349	0.04081665408104382	0.01050495882513964	0.03911059981112116	0.01028824777214906	0.01009207456598533	0.3446987174814162	0.4628281932442888	0.01005969299747083	-0.0003778169082021693	0.01013941837847561	0.02218815861743505	0.01015185204292055	0.08034323774665941	0.04205111862225569	0.01017575927787371	0.06929251904265475	0.131641522797222	0.01001137431032486	0.1245375648931699	0.04862151833014011	0.01035878386050905	0.05207185609853007	0.01024933813841138	0.01007277975671925	0.4246007117218721	0.5664645131514299	0.01004349137817444
0.6650195872343158	-0.3455150630481852	0.3782288445530578	1.011333055256958	0.2924990328619046	0.4019903730751369	0.2268642883443547	-0.1443007621350421	-0.9648006365566746	0.1695275661824681	-0.1197900812649492	0.2110006094356862	0.4388966480226197	0.09854938382998014	-0.08693379008663264	2.788119009377345	-0.452853033891881	-0.955013891674537	-2.672288617592019	-1.312981527512716	-1.07743940758603	0.01313294399542524	0.0369589588457962	0.01013173581692963	0.09522837315414646	0.03212007974424058	0.01011728165812394	0.06067131089345237	0.114723397080804	0.01001290616624963	0.1130793232688256	0.04144545055538329	0.01049234349172283	0.04017954667731535	0.01028497297045635	0.01009042943303949	0.3489527555154537	0.4679480607503362	0.01005832840137144	-0.0003792273089964679	0.01013323269828798	0.02090081863605662	0.01015330445734648	0.07954788744789347	0.04313208881135523	0.01018698506680619	0.07008259040797095	0.1328637465400052	0.01001124228374736	0.1245329826374663	0.04923428943887056	0.0103471117424357	0.05362141590790479	0.01024824724431811	0.01007175345828281	0.4283353163750334	0.570821048141294	0.01004303088110593
0.6662602954194544	-0.3452465277202995	0.3787740768870765	1.011457241309245	0.2923835545604455	0.4054321627851217	0.2262950997473041	-0.1454840203015006	-0.9680735277840865	0.1678894989462938	-0.1211218318282787	0.2218287439579436	0.4400039189007322	0.1016344028718655	-0.09912185293468491	2.760022333625103	-0.464624865979248	-0.9524554091598619	-2.603530610647609	-1.327542547873242	-1.069465965344472	0.01288543883361108	0.03565581934758198	0.01013357875888833	0.09410859111134925	0.03303221716300737	0.01012366868424165	0.06140141733492008	0.1159880614986901	0.01001276254934976	0.1138506641494596	0.04207109971498508	0.01047984920415914	0.04128347109543025	0.01028189163422407	0.01008883916320541	0.3531606433380772	0.4730132420548436	0.01005703943999443	-0.0003778565258295133	0.0101280155448065	0.01967966047625806	0.01015454844997338	0.07880755990101088	0.04420182117293525	0.01020124623943048	0.07087708410786746	0.1340366957732747	0.01001111292131307	0.1244194330108607	0.04981971762039741	0.01033646767561149	0.05517464631175897	0.01024745027471314	0.01007081084555682	0.4318566580222877	0.5749761875551769	0.01004258502413351
0.6675010036045931	-0.3449647241913238	0.3793206664956498	1.011585247815639	0.2922533005313942	0.4088392251176538	0.2257114694416981	-0.1466643925044936	-0.9712610155062579	0.166233409169465	-0.1224442340705441	0.2323887125470468	0.4410845508807446	0.1047078890229945	-0.1107519979529955	2.732139087531932	-0.4761328093984977	-0.9503617708769658	-2.534619651774207	-1.342033554455931	-1.062370039303559	0.0126577862793632	0.03435541788665025	0.01013537194067577	0.09301311939099011	0.0339549610836255	0.01013070969819158	0.06213525813179002	0.1172439308573615	0.01001262011679527	0.1145611728100114	0.04269281165871525	0.01046750811735935	0.0424196093338382	0.01027899996196838	0.0100873026910935	0.3573198478081556	0.4780221414864679	0.0100558205205544	-0.0003764857426625588	0.01012279839132503	0.0184585023164595	0.01015579244260028	0.07806723235412828	0.04527155353451527	0.01021550741205477	0.07167157780776394	0.1352096450065442	0.01001098355887879	0.1243058833842551	0.05040514580192426	0.01032582360878728	0.05672787671561316	0.01024665330510817	0.01006986823283082	0.4353779996695419	0.5791313269690599	0.01004213916716109
0.6687417117897317	-0.3446700216080794	0.3798685787111205	1.011717057874483	0.2921090123692811	0.4122118680321715	0.2251137664464798	-0.1478424747030455	-0.9743629174281668	0.1645593854763623	-0.1237583781704592	0.2425969556859945	0.442134849108588	0.1077638932970296	-0.1217105180199478	2.704568040205121	-0.4872814050491432	-0.9487780047451739	-2.465572756454432	-1.356450322899311	-1.056153432175127	0.01244839620732952	0.03306034947047237	0.0101371167542426	0.09194047964539939	0.03488534070558479	0.0101385433428566	0.0628726175159494	0.118489805458267	0.01001247889316305	0.1152145551932224	0.04330953438237152	0.01045537336261628	0.04358182870834402	0.01027628797346892	0.0100858193509149	0.3614275824705945	0.4829730977796047	0.01005466639501432	-0.0003723526022438095	0.0101184608694435	0.01730753184577703	0.01015696997549829	0.07732974653730829	0.04628948769301698	0.01023437177986425	0.07246820391432547	0.1363279072891168	0.01001085714896361	0.1241724556381244	0.05095535165256717	0.01031674913343042	0.05819459819556785	0.0102459983316344	0.01006901738211917	0.4386716195373144	0.5830796415551954	0.01004170869768313
0.6699824199748704	-0.3443629123624352	0.3804177734612073	1.011852645801655	0.2919516009315574	0.4155505444215344	0.2245025006498627	-0.1490189325410251	-0.9773790759123293	0.162867523394972	-0.1250653517518091	0.2523880317493236	0.443151974342567	0.1107977468360611	-0.131906484257205	2.677385644515494	-0.4979958035036053	-0.9477433307051791	-2.396402719679334	-1.370788731196897	-1.050811252275087	0.01225584366694584	0.03177296753578893	0.01013881443941463	0.0908893118210147	0.03582071706542788	0.01014729310229553	0.06361330250200917	0.1197245984448703	0.01001233890034452	0.1158141412382153	0.04392032714072256	0.01044349227639729	0.04476467860366766	0.01027374677769043	0.01008438854956286	0.3654812486222511	0.4878645334809931	0.01005357238862923	-0.0003682194618250601	0.01011412334756198	0.01615656137509455	0.01015814750839631	0.0765922607204883	0.04730742185151868	0.01025323614767372	0.073264830020887	0.1374461695716893	0.01001073073904843	0.1240390278919937	0.05150555750321009	0.01030767465807356	0.05966131967552256	0.01024534335816063	0.01006816653140753	0.4419652394050868	0.5870279561413311	0.01004127822820518
0.671223128160009	-0.344043939125588	0.380968208506606	1.011991982323078	0.2917820474466162	0.4188557656800205	0.2238782394705065	-0.1501944628696588	-0.9803093430266815	0.1611579217736661	-0.1263662369702814	0.2617075659909452	0.4441335908990364	0.1138055676323558	-0.141262823804696	2.650654969896818	-0.5082137828944721	-0.9472934881306967	-2.327120471546487	-1.385044886415431	-1.046334736279843	0.0120787765539784	0.03050892874018966	0.01014047396656562	0.08985599009045764	0.03675700500018041	0.01015720053582668	0.06435713673777543	0.1209474680679428	0.01001220016584525	0.1163665032230509	0.04452399506837614	0.01043192397263878	0.04595942036659428	0.01027136103683881	0.01008301003777177	0.3694780581794542	0.4926948906688889	0.01005253410434529	-0.0003605763739902354	0.01011058547249951	0.0154102874670895	0.01015944392914263	0.07579230458621521	0.0482330700972947	0.01027967427258801	0.07406376021796578	0.1385152300857899	0.01001060744413575	0.1239858754148504	0.05201262461534509	0.010300512704779	0.06094857833648738	0.0102446653115373	0.01006741482264132	0.4450190419373796	0.5907676098948111	0.01004086352205606
0.6724638363451476	-0.3437137137198528	0.3815198386664352	1.01213503323013	0.2916014346797606	0.4221281226855662	0.223241629478631	-0.1513698152079254	-0.9831535862821871	0.1594306857709035	-0.1276620945146217	0.2705263307132671	0.4450784781447079	0.1167852719198806	-0.1497338531812512	2.624409041267093	-0.5179018723009343	-0.9474564121268728	-2.257733752522047	-1.399215052661298	-1.042706694033888	0.01191598432739436	0.02928242025023701	0.01014210332597155	0.08883719321151959	0.03769057248167874	0.01016848078645934	0.06510396249040372	0.1221576497624748	0.01001206271416519	0.1168775838760176	0.04511946884743979	0.01042072111665558	0.04715828490975801	0.01026911708741607	0.01008168359346021	0.3734154058897298	0.4974626865747424	0.01005154762545258	-0.0003529332861554108	0.01010704759743705	0.01466401355908445	0.01016074034988895	0.0749923484519421	0.04915871834307072	0.0103061123975023	0.07486269041504455	0.1395842905998905	0.01001048414922306	0.123932722937707	0.05251969172748009	0.01029335075148443	0.06223583699745221	0.01024398726491397	0.01006666311387511	0.4480728444696723	0.5945072636482912	0.01004044881590693
0.6737045445302864	-0.3433728668555884	0.3820726179853511	1.012281762969043	0.291410876580357	0.4253682273050887	0.2225933388859841	-0.1525457605307366	-0.9859116788919707	0.157685923495765	-0.1289539691056906	0.2788292160006935	0.445986053292139	0.1197358053664978	-0.1572915293156148	2.598663746700847	-0.5270427112900464	-0.9482556101952765	-2.188247713792944	-1.413295944330685	-1.039905944426916	0.01176631853602065	0.02809223780443731	0.01014371890026832	0.08782757474806227	0.03861659018122789	0.01018160338586773	0.06585362383193979	0.1233545888044859	0.0100119265670269	0.1173562563935469	0.04570547766780061	0.01040994149573317	0.04835073812014899	0.01026699530394868	0.01008040923833527	0.377290571979785	0.5021665211766989	0.01005060925416403	-0.0003414949311807876	0.01010423502883981	0.01395519975130015	0.01016236572215325	0.07406939560256623	0.04995616894306003	0.01034645680698707	0.07566375145343662	0.1406091235610985	0.010010363935922	0.1240546419736537	0.05297685121649909	0.01028829306408379	0.0632598829604152	0.01024312624983436	0.01006601604355044	0.4508776642118792	0.5980392613692274	0.01004004986142845
0.6749452527154249	-0.3430220290292769	0.3826265006951786	1.012432136107815	0.2912115019827237	0.4285766867581416	0.2219340358897436	-0.1537231007994061	-0.988583496986525	0.1559237479887201	-0.1302428642453071	0.2866315906332271	0.4468571254229163	0.1226583695372798	-0.1639458999372212	2.573397579231805	-0.5356536782485458	-0.9497050368755735	-2.118660731350405	-1.427284885054356	-1.037903835224923	0.01162875177190389	0.0269372707636591	0.01014533528220639	0.08682224534687148	0.03953075955766484	0.01019698650358153	0.06660598127145885	0.1245377793729368	0.01001179174377913	0.1178105673897326	0.04628088321890805	0.01039963659150443	0.04952740462842543	0.01026497820359678	0.01007918699168841	0.3811010094918046	0.5068050575728841	0.01004971569665623	-0.0003300565762061643	0.01010142246024257	0.01324638594351585	0.01016399109441756	0.07314644275319035	0.05075361954304934	0.01038680121647184	0.07646481249182871	0.1416339565223066	0.01001024372262094	0.1241765610096004	0.0534340107055181	0.01028323537668314	0.06428392892337817	0.01024226523475475	0.01006536897322577	0.4536824839540862	0.6015712590901634	0.01003965090694996
0.6761859609005636	-0.3426618116945285	0.3831814419859603	1.012586118677041	0.2910044234985785	0.4317540827098578	0.2212643670967027	-0.1549026475257483	-0.9911689139529613	0.154144274284697	-0.1315297581767895	0.2939642296372108	0.4476931971906869	0.1255553134225916	-0.169726220324178	2.548570233809662	-0.5437697294891134	-0.9518138603147855	-2.048968058979413	-1.441179765077547	-1.03666794214129	0.01150230934912814	0.02582402092550024	0.01014697533517681	0.08581502244979844	0.04042794737478747	0.01021571607829085	0.06736081085236939	0.1257066103568668	0.01001165825425524	0.1182505438894831	0.04684442371102936	0.01038985885995582	0.05067695068039378	0.01026304381794898	0.0100780169719185	0.3848441556757803	0.5113770616432897	0.01004886382879796	-0.0003164100246609049	0.01009926460200032	0.01276168394690643	0.01016616138202509	0.07205886450082538	0.05139500597777596	0.01045748070657076	0.07726553924104378	0.1426105817304902	0.01001012639063545	0.1245433543538841	0.05383639336348224	0.01028037351534881	0.06497893701251251	0.01024109136771259	0.01006482892156019	0.4562331688028621	0.6048977437063897	0.01003926735178584
0.6774266690857023	-0.3422927498591837	0.3837374006675224	1.01274368250549	0.2907906735830028	0.4349008991470991	0.2205848921244992	-0.1560852195857451	-0.993667790594112	0.1523476202844374	-0.1328155693173576	0.3008887800758527	0.4484971422217642	0.1284312979671797	-0.1747001437194386	2.524103923513909	-0.5514610776216422	-0.9545818154886637	-1.979159228538635	-1.454979229456548	-1.036158360712163	0.01138611988825264	0.02475834645518012	0.01014865942466697	0.08480025699729123	0.04130357751049858	0.01023875919407835	0.06811791195073977	0.1268605242829961	0.01001152610721389	0.1186852928064056	0.047394967674442	0.01038065503108787	0.05178926944927709	0.01026117257721948	0.01007689928444692	0.3885176043459548	0.5158813503862055	0.01004805086775957	-0.0003027634731156455	0.01009710674375808	0.01227698195029702	0.01016833166963262	0.07097128624846041	0.05203639241250257	0.01052816019666968	0.07806626599025883	0.1435872069386739	0.01001000905864995	0.1249101476981678	0.05423877602144638	0.01027751165401449	0.06567394510164686	0.01023991750067043	0.01006428886989461	0.458783853651638	0.608224228322616	0.01003888379662173
0.6786673772708409	-0.3419153211667156	0.3842943382100081	1.012904803755201	0.2905712208042202	0.4380175479708209	0.2198961052371037	-0.1572716336756316	-0.9960799778520799	0.1505339047533711	-0.1341011815488765	0.3074816013809155	0.4492724931177267	0.1312921031007165	-0.1789536089581218	2.499902829002338	-0.5588147198552761	-0.9580041305386282	-1.909220535712623	-1.468682624389805	-1.03633204265051	0.01127935661564705	0.02374416743999875	0.01015041556602103	0.08377174695331478	0.04215276445497642	0.01026933757313879	0.06887708788590813	0.127998843105051	0.0100113952961016	0.1191247381739442	0.04793136681968584	0.01037207069340199	0.05285330258716508	0.01025934278866618	0.01007583395914386	0.3921190871162383	0.5203168253320309	0.01004727416015847	-0.0002896571126757369	0.01009553529050963	0.01197500641110088	0.01017125577298083	0.06969738067407839	0.05250675849780239	0.0106840576066437	0.07886647558263293	0.1445110965577937	0.0100098942559035	0.1255588108673707	0.05458427683323543	0.01027688057668165	0.06599902335396299	0.01023835427923182	0.01006385418203373	0.461081602752304	0.6113468855625702	0.01003851501232154
0.6799080854559796	-0.3415298537180806	0.384852222974274	1.013069469940202	0.2903468627300603	0.4411042538688053	0.2191983303108331	-0.1584626915682084	-0.9984052981758984	0.1487032466428186	-0.1353874031800292	0.3138471288222208	0.4500240480516165	0.1341456732845276	-0.1826074141306189	2.475836431576283	-0.5659496551391829	-0.9620675351747705	-1.839131236941441	-1.482290378961151	-1.037140669607324	0.01118128080262582	0.02278499132097101	0.01015226871379417	0.08272382737396339	0.04297114370773226	0.01031031990384013	0.0696381624082338	0.1291209480449968	0.01001126581508085	0.1195778989995853	0.04845258999417799	0.01036414645679708	0.05385915932567853	0.01025753512819502	0.01007482102257439	0.3956464663518221	0.5246824297807531	0.01004653134249092	-0.0002765507522358283	0.01009396383726118	0.01167303087190474	0.01017417987632904	0.06842347509969636	0.0529771245831022	0.01083995501661771	0.07966668517500704	0.1454349861769134	0.01000977945315705	0.1262074740365735	0.05492977764502448	0.01027624949934881	0.06632410160627913	0.01023679105779322	0.01006341949417286	0.4633793518529699	0.6144695428025245	0.01003814622802135
0.6811487936411182	-0.3411365834390476	0.3854110275539013	1.013237675594505	0.2901182898118191	0.4441611263655097	0.218491786196943	-0.1596591822788563	-1.000643555263343	0.1468557641604047	-0.1366750015623931	0.3201028589645532	0.4507572549802855	0.1370010116738111	-0.1857987002856077	2.451756926102049	-0.5729996289226144	-0.9667545886389604	-1.768863933284605	-1.495804135516849	-1.038535365121719	0.01109119127308831	0.02188128113368708	0.01015425056744114	0.0816509129362053	0.04375458432714349	0.01037922409651843	0.07040111404224388	0.1302262568249641	0.01001113763583203	0.1200534846725337	0.04895768973092397	0.01035692072312284	0.05479715240118874	0.0102557309910147	0.01007386023547898	0.3990979398207771	0.528977219988636	0.0100458201474754	-0.0002669554306335356	0.01009291044438602	0.01148314892541918	0.01017805130462614	0.06695922777763041	0.05327576987251573	0.01143316579230799	0.08047030585478446	0.1463062201756818	0.01000966663782653	0.1271416701502743	0.0552190478093354	0.01027785069694113	0.06626912372971862	0.01023482986482992	0.01006308388967278	0.465433723555458	0.6173915044487917	0.01003779135485567
0.6823895018262568	-0.340735531786415	0.385970734639878	1.013409431848606	0.289885940321594	0.4471880022280142	0.2177764480038539	-0.1608618593911236	-1.002794492392846	0.1449915709974056	-0.1379646649139251	0.3263905847442482	0.4514788735570301	0.13986918000417	-0.1886952068777418	2.427482358300604	-0.5801255768645818	-0.9720398952860794	-1.698372977229257	-1.509227711962072	-1.040469334662317	0.01100846181984134	0.02103341558127177	0.01015638936302895	0.08054790105352662	0.04449938498975829	0.01049164089510922	0.07116592379117627	0.1313142367445486	0.01001101073312996	0.1205594092058738	0.04944581354845603	0.01035042769812686	0.05565857980719826	0.01025391380386532	0.01007295138469634	0.4024717986072958	0.5332002837401264	0.01004513855553204	-0.0002573601090312429	0.01009185705151086	0.01129326697893363	0.01018192273292323	0.06549498045556446	0.05357441516192925	0.01202637656799826	0.08127392653456188	0.1471774541744501	0.01000955382249602	0.128075866263975	0.05550831797364633	0.01027945189453346	0.06621414585315809	0.01023286867186661	0.01006274828517271	0.4674880952579461	0.6203134660950587	0.01003743648168998
0.6836302100113956	-0.3403265976389628	0.3865313328207871	1.013584759441073	0.2896501070538343	0.4501845599658205	0.2170521518427174	-0.162071453611483	-1.004857810167548	0.1431107769009156	-0.1392570437795887	0.3328674711695925	0.4521969468718047	0.1427628133618134	-0.1914852936008571	2.4028012668986	-0.5875046274209454	-0.9778911458029708	-1.627577934607397	-1.522568555284042	-1.042908352720175	0.01093249767171892	0.02023982184363337	0.01015871918312359	0.07941051570140274	0.04520247401071163	0.01077715354503822	0.07193257145502244	0.1323841279280363	0.01001088504964628	0.1211020632646513	0.04991632629785876	0.01034469870672006	0.0564363463197277	0.01025207027974363	0.01007209381171852	0.4057668090969548	0.5373507973666857	0.01004448461376154	-0.0002538973253257067	0.01009125134504109	0.01116838389882231	0.01018691802169912	0.06385777617678724	0.05371193007822751	0.01578884483193747	0.08208090520869912	0.1479883191748243	0.01000944219838019	0.1292619250847446	0.05574575010788228	0.01028326237662669	0.06580818510703622	0.01023056556451896	0.01006250089943527	0.4693150453884655	0.6230371081734928	0.01003709441581602
0.6848709181965342	-0.3399093912858847	0.387092826870748	1.013763703253111	0.2894107315373182	0.4531500644461309	0.2163184117848772	-0.1632886277133606	-1.006832985291021	0.141213471782222	-0.1405527671303012	0.3397252531177071	0.4529229998804538	0.1456984647115079	-0.1944052748892959	2.377425026526485	-0.5953489927506332	-0.9842585197616238	-1.556288548428366	-1.535843199692938	-1.04586056231126	0.01086276786522563	0.01949904587411075	0.01016127038634596	0.07823484739162664	0.04586108707895644	0.01135074376321475	0.07270103917089178	0.1334352359661707	0.01001076053431695	0.121687248573002	0.0503686544140263	0.01033976164861942	0.05712403412341033	0.01025018858252649	0.01007128692994113	0.4089817876457538	0.5414279612600755	0.0100438565826229	-0.0002504345416201707	0.01009064563857132	0.01104350081871099	0.01019191331047502	0.06222057189801002	0.05384944499452576	0.01955131309587668	0.08288788388283637	0.1487991841751985	0.01000933057426436	0.1304479839055142	0.05598318224211821	0.01028707285871992	0.06540222436091433	0.01022826245717131	0.01006225351369782	0.4711419955189849	0.625760750251927	0.01003675234994205
0.6861116263816728	-0.3394833574966376	0.3876552318035562	1.013946322651317	0.2891675502147287	0.4560835261577596	0.2155745593622217	-0.1645139997751012	-1.00871931455658	0.1392997301244212	-0.1418524793832533	0.347167678251784	0.4536699357171	0.148694201298647	-0.1977084210970417	2.351034731762044	-0.6038826893852246	-0.9910858550172499	-1.484266311496695	-1.549071905583674	-1.049353166803122	0.01079876754261479	0.01880861285710738	0.01016407792794464	0.07701844372663776	0.04647351631500114	0.01232341701181777	0.07347108682062628	0.1344663585657075	0.01001063710343199	0.1223180408558429	0.05080258891247837	0.0103356396499077	0.05771823222377112	0.01024826202291785	0.01007052953531772	0.4121160838398342	0.5454309959067937	0.0100432527610391	-0.0002542806825196482	0.01009041273278272	0.01095720744296674	0.01019818212963551	0.06044651966358456	0.05384896687208558	0.02655805400765081	0.08369215938521235	0.1495332247216318	0.01000921929784889	0.1318137044828472	0.0561774196692459	0.01029301627907834	0.06471536466847629	0.01022572401918311	0.01006207889652767	0.4727607963600907	0.6282857605306404	0.01003642168984795
0.6873523345668114	-0.3390475910678784	0.3882185857629529	1.014132708791395	0.2889198617472364	0.4589833891759173	0.2148195435247163	-0.1657480873923919	-1.010515630049045	0.1373695870659637	-0.143156898377772	0.355414110334295	0.4544528149958039	0.1517703884106295	-0.2016707325691028	2.323264502812457	-0.6133442360736983	-0.9983078319140748	-1.411187904950858	-1.562281979623962	-1.05344772931664	0.01074004616327069	0.0181662645010948	0.01016717294359343	0.07575905826795104	0.04703821029989522	0.01379210043004017	0.07424249888413442	0.1354763989013489	0.01001051468242839	0.1229972252836414	0.05121793777464626	0.01033235330528625	0.05821580040180843	0.01024628464206425	0.01006982055531058	0.4151690546482568	0.5493591437981853	0.01004267163378165	-0.0002581268234191257	0.01009017982699412	0.01087091406722249	0.01020445094879601	0.05867246742915911	0.0538484887496454	0.03356479491942493	0.08449643488758835	0.1502672652680651	0.01000910802143343	0.1331794250601802	0.0563716570963736	0.01029895969943675	0.06402850497603821	0.01022318558119491	0.01006190427935752	0.4743795972011964	0.6308107708093541	0.01003609102975385
0.6885930427519501	-0.3386010028558921	0.3887829397282613	1.014322970077293	0.2886667328309698	0.4618477866700052	0.2140521136945389	-0.1669913526726498	-1.012220480674636	0.1354230540102059	-0.1444667991471012	0.3646792027416536	0.4552864733222172	0.1549471590362848	-0.2065618093156167	2.293753028434154	-0.6239667716645934	-1.00586161404908	-1.336727936579656	-1.57550090031335	-1.058206763041919	0.01068617461102939	0.01756924891912613	0.01017058837362642	0.07445593757518199	0.04755518793207947	0.01569966228301349	0.07501505190456723	0.1364642032471508	0.01001039318433646	0.1237241816450827	0.05161496951199796	0.01032991273597941	0.05861734179482354	0.01024425662342264	0.01006915810626327	0.4181406438968522	0.5532117028577754	0.01004211171059492	-0.0002681934598118587	0.0100902373337732	0.01080866123883117	0.01021207766473715	0.05680042515617519	0.05374836738948769	0.04030144388211976	0.08529747500167285	0.1509210323645042	0.01000899669873337	0.1346280739261982	0.05653441218295543	0.01030681451769593	0.06315571267142846	0.01022054987786213	0.01006178173234673	0.4758126769145288	0.6331384229226282	0.0100357703519516
0.6898337509370888	-0.3381421712539435	0.389348367234298	1.014517246124415	0.2884068159351643	0.4646742965373233	0.213270657335313	-0.1682441660934717	-1.013831926033065	0.1334600996957727	-0.1457830415202466	0.3751502448221399	0.4561833443556463	0.1582421143777848	-0.2126128452978955	2.262190304026244	-0.6359547596462292	-1.013699258877101	-1.260620233562183	-1.588752770080568	-1.063670271581149	0.01063677005042943	0.01701506775183206	0.01017435355858975	0.07310838611639499	0.04802444082520356	0.01799430768644917	0.07578854520770521	0.1374287174665561	0.01001027253168965	0.1244983375574001	0.05199392044366245	0.01032832695092023	0.05892331360865011	0.01024217813041831	0.0100685405102829	0.4210307610936891	0.556987988819254	0.01004157166404073	-0.0002782600962045918	0.01009029484055227	0.01074640841043985	0.0102197043806783	0.05492838288319125	0.05364824602932997	0.04703809284481458	0.08609851511575736	0.1515747994609432	0.01000888537603331	0.1360767227922162	0.05669716726953727	0.01031466933595511	0.06228292036681871	0.01021791417452936	0.01006165918533595	0.4772457566278613	0.6354660750359024	0.01003544967414936
0.6910744591222274	-0.3376695254520133	0.3899149516050666	1.014715690581577	0.2881385802858503	0.4674602508751477	0.2124733987891665	-0.1695068614724406	-1.015347817647658	0.1314806732379533	-0.1471065139230117	0.3870001145701904	0.4571547425548989	0.1616715954157845	-0.2200352430228336	2.228290970772256	-0.6494972385344453	-1.021779812671628	-1.182622753713865	-1.60206151208925	-1.069870799226671	0.01059146733377186	0.01650099931389122	0.01017849722042789	0.07171676550827594	0.04844782105299698	0.02064011623719909	0.07656316657718761	0.1383695166821931	0.01001015265416148	0.1253158002482325	0.05235550563621438	0.01032758837930515	0.05913784421088156	0.01024005468498318	0.01006796517894472	0.4238399850678528	0.5606875553021164	0.01004105018146531	-0.0002936266286122037	0.01009055934318096	0.01069986291639869	0.01022871339271618	0.05298688279448046	0.05349670747528662	0.05381994531663863	0.08690664705950497	0.1521657664323805	0.01000877407356759	0.1375089908449872	0.05684125899106374	0.01032405345343648	0.06132272112339925	0.01021530878699567	0.01006156484245072	0.4785198573502218	0.6376055511815043	0.01003513756304915
0.6923151673073661	-0.3371812332764448	0.3904827931536644	1.014918482068471	0.2878601787458127	0.470202548760243	0.2116582764411695	-0.1707797163583662	-1.016765638771106	0.1294846850595066	-0.1484381512564945	0.4003719191203081	0.4582098930481324	0.1652494506179243	-0.2290000788660423	2.191816871478739	-0.6647508880553327	-1.030076201059597	-1.102532304923831	-1.61544998180395	-1.076831989320631	0.01054994077645281	0.01602458078433311	0.01018304494182539	0.07028139939745333	0.04882696498726449	0.02360490518302584	0.07733908503531069	0.1392862077947092	0.01001003348911009	0.1261730298915724	0.0527003627394487	0.01032769026980999	0.05926457275448255	0.01023789120608277	0.01006742980659299	0.4265688172300822	0.5643099578349181	0.01004054609363004	-0.0003089931610198156	0.01009082384580964	0.01065331742235753	0.01023772240475407	0.05104538270576966	0.05334516892124326	0.06060179778846266	0.0877147790032526	0.1527567334038177	0.01000866277110187	0.1389412588977583	0.05698535071259021	0.01033343757091785	0.06036252187997979	0.01021270339946198	0.01006147049956548	0.4797939580725822	0.6397450273271063	0.01003482545194894
0.6935558754925046	-0.3366753504654708	0.3910519993839752	1.015125810133792	0.2875696311765761	0.4728979022265939	0.2108231059101921	-0.1720629888296343	-1.018082712745894	0.1274720267599672	-0.1497789061364437	0.4153921262563194	0.4593568847447863	0.1689881319219199	-0.2396560018337863	2.152555895294117	-0.6818542363536192	-1.038568981549321	-1.020166374515852	-1.628940751846981	-1.084573389786054	0.01051187955698096	0.01558326324742835	0.01018802099491492	0.06880346009256899	0.04916530657610042	0.02684524297485814	0.07811673369724735	0.1401788340429224	0.01000991499315265	0.1270633776377685	0.05302964486403434	0.01032860462856405	0.05931075910911999	0.01023569594550031	0.010066931187039	0.4292184828533118	0.5678550982617068	0.01004005823159163	-0.0003295736021064067	0.01009121920356555	0.01061745207258198	0.01024811667518971	0.04905824973271364	0.05319122995430731	0.06710774954117942	0.08853750364077483	0.1532975633720418	0.01000855186302271	0.1402594022455701	0.05712514095132103	0.01034383707402694	0.05941651704565806	0.01021021408839988	0.01006137989681292	0.4809390639943558	0.6417105504891001	0.01003452035830275
0.6947965836776434	-0.3361497529722529	0.3916226892110813	1.015337882447716	0.2872647510713781	0.4755427180682448	0.2099655058363228	-0.173356918141636	-1.019296096279605	0.1254425537648703	-0.1511297573384265	0.4321516265550014	0.4606014247469902	0.1728970960556452	-0.252103860153409	2.110351121344598	-0.7009069007036028	-1.047254839757402	-0.9353851171089171	-1.642554983473966	-1.093107079304903	0.01047700650452722	0.01517474599160844	0.01019344699843784	0.06728401352771722	0.04946590716606993	0.03032302057697349	0.07889650237144002	0.1410474276738488	0.0100097971276469	0.1279808079654348	0.05334438394886964	0.01033030651227384	0.05928288724120601	0.01023347625396507	0.0100664664643646	0.431790087293465	0.5713228587714002	0.01003958555412198	-0.0003501540431929977	0.01009161456132146	0.01058158672280643	0.01025851094562534	0.04707111675965763	0.05303729098737136	0.07361370129389619	0.08936022827829707	0.1538383933402659	0.01000844095494354	0.1415775455933819	0.05726493119005186	0.01035423657713604	0.05847051221133633	0.01020772477733778	0.01006128929406036	0.4820841699161293	0.6436760736510939	0.01003421526465656
0.6960372918627821	-0.3356022489349185	0.3921949857805959	1.0155549138842	0.286943278388889	0.4781332846656945	0.2090830205231787	-0.1746617441311257	-1.020402739116874	0.1233961042574555	-0.152491692160934	0.4507238076550423	0.461948107188457	0.1769843513411452	-0.2664211056765421	2.065071794268309	-0.7219892239940641	-1.056138283935114	-0.8480667746929174	-1.656313314296018	-1.102442934802744	0.01044505722353996	0.01479671259761323	0.01019934504132847	0.06572472321171451	0.04973302082430919	0.03400666821068554	0.07967851365014289	0.1418916277194836	0.01000967988255143	0.1289171455710362	0.05364615490712983	0.01033274736463004	0.05919046201895796	0.0102312405254972	0.01006603195637284	0.4342853945470929	0.5747133776646428	0.01003912700682745	-0.0003743198319043991	0.01009207840242482	0.01055322156525715	0.01027033048950951	0.04505602245345865	0.05291628394256992	0.07994018355961725	0.09019078634576502	0.1543170871753087	0.01000833106926435	0.1427086545610841	0.05741606794308751	0.01036505697227444	0.05762797486020919	0.01020538612078916	0.01006117899921334	0.4831286716679221	0.6454785457452069	0.01003391548980401
0.6972780000479206	-0.3350305535151757	0.3927690181058902	1.015777130241379	0.2866028628633548	0.4806657152621098	0.2081730928369026	-0.175977726732726	-1.02139941504499	0.1213324830925703	-0.1538657125226207	0.4711476899704775	0.4633994320018215	0.1812550966947452	-0.2826393676339735	2.016636929926423	-0.7451435008294426	-1.065239103692468	-0.7581203755519064	-1.670235400337134	-1.112588754816616	0.01041579598518532	0.01444707645483204	0.01020573479739174	0.06412710607527496	0.04997045316394232	0.03786873023069241	0.08046287816675241	0.1427110990070655	0.01000956324892228	0.1298649736682769	0.05393636980880748	0.0103358839272382	0.05904202160862144	0.0102289962375244	0.01006562438315189	0.4367060149836298	0.5780267598710507	0.01003868165051534	-0.0003984856206158005	0.01009254224352819	0.01052485640770788	0.01028215003339367	0.04304092814725968	0.05279527689776848	0.08626666582533829	0.09102134441323298	0.1547957810103515	0.01000822118358517	0.1438397635287864	0.05756720469612317	0.01037587736741283	0.05678543750908203	0.01020304746424053	0.01006106870436632	0.4841731734197149	0.64728101783932	0.01003361571495147
0.6985187082330593	-0.3344323566701305	0.3933449168377098	1.016004761040754	0.2862411375156158	0.4831360663378428	0.2072331384892427	-0.1773051454611041	-1.022282828885378	0.1192514791702268	-0.1552528263855993	0.4934466713954214	0.4649569598315302	0.1857132526638255	-0.3007693755743771	1.964987856808236	-0.7703946982568413	-1.074584238396137	-0.6654680640844729	-1.684340208695279	-1.123551556187942	0.0103889983221674	0.01412377113858687	0.0102126417144251	0.06249262860640323	0.05018220482642148	0.04188505765844263	0.08124901192024588	0.1435044796845744	0.01000944725449993	0.1308165586081969	0.05421688497438323	0.0103396504311239	0.05884757296626087	0.01022674991095309	0.0100652397320886	0.4390540586868604	0.5812633291603827	0.01003824852391205	-0.0004243560057721152	0.01009303053454397	0.01050190032336843	0.01029555833995631	0.04099851535183453	0.05271760865426542	0.09244665345319865	0.09184074778699776	0.1551803630734807	0.01000811317986865	0.1447632025289863	0.05774329120650449	0.01038652595454717	0.05609682283686161	0.0102008466776522	0.01006091694405865	0.4851398725515587	0.6489301016233903	0.01003331948423892
0.6997594164181979	-0.3338053332025901	0.3939228138118745	1.016238040350846	0.2858557490835999	0.4855403305296314	0.2062605580610196	-0.1786443350019495	-1.023049575280442	0.1171528506777522	-0.156654052270207	0.5176156762785145	0.4666205628076907	0.1903603960523925	-0.3207838172716066	1.910106059321982	-0.7977361433543243	-1.084213449445505	-0.5700544909645888	-1.698645903588994	-1.135337086962114	0.0103644641349423	0.01382493837754822	0.01022008845772962	0.0608226293451588	0.0503718612424989	0.0460347651598725	0.08203638961069878	0.1442705231994433	0.01000933192399386	0.1317648836608857	0.05448936667190322	0.01034398828733424	0.05861613349603464	0.01022450735462337	0.01006487442896214	0.4413314625957204	0.5844233657958501	0.01003782677077178	-0.00045022639092843	0.01009351882555976	0.01047894423902897	0.01030896664651895	0.03895610255640938	0.05263994041076236	0.09862664108105902	0.09266015116076252	0.1555649451366099	0.01000800517615213	0.1456866415291862	0.05791937771688582	0.0103971745416815	0.05540820816464118	0.01019864589106386	0.01006076518375099	0.4861065716834025	0.6505791854074605	0.01003302325352638
0.7010001246033366	-0.3331471679259839	0.3945028404143185	1.016477203067601	0.2854443746706868	0.4878744933462791	0.2052527641125868	-0.1799956655719448	-1.023696207658978	0.1150363410223665	-0.1580704131922425	0.5436375212558111	0.4683893925588642	0.1951970893022941	-0.3426391489189543	1.851990010848738	-0.8271477082181313	-1.094172025011978	-0.4718336913299455	-1.713170067473698	-1.147950294895258	0.0103420034182966	0.01354875763223651	0.01022811299259948	0.05911833451682092	0.05054266022489256	0.05029959988947505	0.08282366948201851	0.1450068242469064	0.01000921732474029	0.1327037486173821	0.05475587967063779	0.01034882071641414	0.05835738252004247	0.01022227211306128	0.01006452427791607	0.443540583068593	0.5875073312107302	0.01003741551125566	-0.0004765681069985882	0.01009400660957345	0.01045998160000895	0.01032435761649241	0.03688513506460176	0.05260153966088518	0.104687449293959	0.09344503096124007	0.1558179740095086	0.01000790009990332	0.1464163753207714	0.05813317749841434	0.0104071408676903	0.05490285432601952	0.01019653688723405	0.01006055243153732	0.4870155369781332	0.6520832000265622	0.01003272886677837
0.7022408327884753	-0.3324555911955329	0.3950851255998523	1.016722483536899	0.2850047863920813	0.4901345617032998	0.2042072215123353	-0.1813595900571978	-1.024219216533241	0.1129016651605349	-0.1595029387261901	0.5714743311829692	0.4702613583054221	0.2002221050147803	-0.3662640474354593	1.790667117229906	-0.8585862820614868	-1.104514622852941	-0.3707755643717329	-1.727929514576509	-1.161394161699175	0.01032144681503109	0.01329359407891075	0.01023674913336568	0.05738086427811397	0.05069750688133797	0.05466382174495102	0.0836096435876944	0.1457111841294936	0.01000910351671773	0.1336275240395876	0.05501827877357452	0.01035407932362378	0.05808005831711027	0.01022004734373051	0.01006418554151236	0.4456835909174979	0.5905156364218134	0.01003701396165595	-0.0005029098230687466	0.01009449439358713	0.01044101896098893	0.01033974858646586	0.03481416757279414	0.05256313891100801	0.110748257506859	0.09422991076171762	0.1560710028824072	0.0100077950236545	0.1471461091123566	0.05834697727994285	0.01041710719369911	0.05439750048739787	0.01019442788340423	0.01006033967932366	0.4879245022728639	0.6535872146456638	0.01003243448003036
0.7034815409736139	-0.3317283688986898	0.3956697963414065	1.016974114727495	0.2845348210215301	0.4923165710581465	0.2031214354569899	-0.1827366084921374	-1.024615070728795	0.1107485244185681	-0.1609526605079607	0.6010799978855917	0.4722338584634034	0.2054334593413906	-0.3915761134484045	1.726176388637649	-0.8919996360459845	-1.115299534818415	-0.2668566459337913	-1.742940371250312	-1.175670414479834	0.01030263402650003	0.01305785815876682	0.01024606036216316	0.05561221342375171	0.05083863095956007	0.05911334230823756	0.0843923850172254	0.1463804577648995	0.01000899060521974	0.1345321969258062	0.05527875702797019	0.01035968337625669	0.05779293029875154	0.01021783348823202	0.01006385401040722	0.4477629726814023	0.5934488304007162	0.0100366213216927	-0.0005277385088412924	0.01009497258004934	0.01042507249848509	0.01035787251253904	0.0327391701231023	0.05255042367833386	0.1167016110809221	0.09495850937877023	0.1561601268138177	0.01000769403117155	0.147722408302269	0.05860994127130256	0.01042600684262161	0.05408745448961628	0.01019235031590662	0.01006004974878016	0.4887919460835181	0.6549528171935692	0.01003214050041322
0.7047222491587526	-0.3309633539225765	0.3962569746104322	1.017232325237957	0.2840324659567475	0.4944166367434182	0.2019930093678268	-0.1841273216067327	-1.02488020965006	0.1085765941366067	-0.1624206104924334	0.6323954486527645	0.4743034479279947	0.2108278526777531	-0.4184756446691223	1.658575382029729	-0.9273212474499704	-1.12659020843316	-0.1600648298202969	-1.758217928145162	-1.19077771164056	0.01028542218890952	0.01284012418594321	0.01025610322039002	0.05381420600110381	0.05096803444082774	0.06363602242851198	0.08517015784205546	0.1470117689029947	0.01000887868403443	0.1354141182670345	0.05553928544163171	0.01036556095963326	0.0575039219111042	0.01021563093993748	0.01006352593515257	0.4497810248728499	0.5963074080475969	0.01003623687852511	-0.0005525671946138383	0.01009545076651156	0.01040912603598124	0.01037599643861222	0.03066417267341046	0.0525377084456597	0.1226549646549852	0.09568710799582285	0.1562492507452282	0.01000759303868859	0.1482987074921813	0.05887290526266224	0.01043490649154411	0.0537774084918347	0.010190272748409	0.01005975981823667	0.4896593898941722	0.6563184197414745	0.01003184652079609
0.7059629573438911	-0.3301584505955348	0.3968467793597482	1.017497340674167	0.2834957945182792	0.4964309253975139	0.2008196045318914	-0.1855323836275566	-1.025011064976599	0.1063855373326026	-0.1639078188767172	0.6653575849822969	0.4764663800051376	0.2164014732888573	-0.4468576592875342	1.587927746563429	-0.9644802221938757	-1.13845120182809	-0.05039263460881752	-1.773776662166233	-1.206712781282282	0.01026967644798116	0.01263901372138617	0.01026698463386887	0.05198844501166932	0.05108680254035952	0.06822108585916367	0.08594070967898183	0.1476016479039488	0.0100087678919674	0.1362717121311156	0.0558020533445085	0.01037163295628558	0.0572202312740879	0.01021343772013275	0.010063197296044	0.4517401758677003	0.5990919661189534	0.01003585991545756	-0.0005745352528370184	0.0100959202842078	0.01039551354701355	0.01039812640403899	0.02858145097577915	0.0525295478221755	0.1285121883627598	0.09634244781308626	0.1561520124140965	0.01000749732419287	0.1487788190876844	0.05919350519544115	0.01044247241439984	0.05365359798513601	0.01018817076404463	0.01005938129780423	0.4904942079512951	0.6575508319739184	0.0100315519079218
0.7072036655290298	-0.329311671033287	0.3974393230008979	1.017769379661127	0.2829230578350125	0.4983557148656895	0.1995990030637427	-0.1869525553840879	-1.025004062400566	0.1041749938569788	-0.1654153067063115	0.6998991919434635	0.4787184930850276	0.2221496931275798	-0.4766121713019708	1.514304280444793	-1.003401375569332	-1.150946838341529	0.06215969742611965	-1.789630105653037	-1.223467830763687	0.01025527662742118	0.01245329169705505	0.0102787998371471	0.05013639670905572	0.05119590969295313	0.0728592410215826	0.08670200982585746	0.148146917916958	0.01000865835265674	0.1371035396371801	0.0560690289142159	0.01037782889105819	0.05694836192660021	0.01021125206617746	0.01006286451255527	0.4536426721088748	0.6018030461345966	0.01003548979410159	-0.0005965033110601984	0.01009638980190405	0.01038190105804587	0.01042025636946577	0.02649872927814785	0.0525213871986913	0.1343694120705344	0.09699778763034968	0.1560547740829648	0.01000740160969715	0.1492589306831876	0.05951410512822005	0.01045003833725558	0.05352978747843733	0.01018606877968027	0.0100590027773718	0.4913290260084179	0.6587832442063625	0.01003125729504751
0.7084443737141685	-0.3284210836855048	0.3980347144228537	1.01804865683017	0.2823125988640796	0.500187342889612	0.1983290500250982	-0.1883886507051017	-1.024855629383092	0.1019445926655922	-0.166944087599329	0.7359530064811779	0.4810555157644338	0.2280675834330554	-0.5076295529866229	1.437776769177361	-1.044009647715197	-1.164139991686025	0.17758884383286	-1.80579105455628	-1.241032517872954	0.01024210941976358	0.01228176912395356	0.01029172587210289	0.04825766177731824	0.05129568660148238	0.07754214307487185	0.08745173390932381	0.1486441561926511	0.01000855023256166	0.1379095026574658	0.05634228473222574	0.01038407353243659	0.05669424584344535	0.0102090708836958	0.01006252400785852	0.4554906958054188	0.6044412683614286	0.01003512587948657	-0.0006158960639087819	0.01009685444497916	0.01037014271217981	0.01044846414143708	0.02436156965830432	0.05250233896719289	0.140136637258873	0.09756862180138119	0.1557590644155074	0.01000731235496098	0.1496813731275119	0.05989782642447564	0.01045606354786577	0.05358540796467173	0.01018390838256369	0.01005853098905396	0.4921319994230375	0.6598867519277468	0.01003096128039547
0.7096850818993071	-0.327484865934474	0.3986330553847728	1.018335378313982	0.2816629380344262	0.5019222644522712	0.1970077117113048	-0.1898415840798263	-1.024562202913684	0.09969394237537986	-0.1684951537467503	0.773454593568443	0.4834730995994279	0.234149798219442	-0.539804871015893	1.358415170372999	-1.086233528636855	-1.178089485291473	0.295886607629768	-1.822271302390958	-1.259391279090773	0.01023007385774957	0.01212338160296211	0.01030592042006038	0.04635187591175691	0.05138642974197927	0.08226258264652382	0.08818778429291199	0.1490902232368472	0.01000844367995195	0.1386895044382404	0.05662368412521489	0.01039029986675319	0.05646323834162797	0.01020689141622552	0.01006217259591712	0.4572862675289082	0.6070071981032714	0.01003476760601997	-0.0006352888167573655	0.01009731908805428	0.01035838436631376	0.01047667191340839	0.0222244100384608	0.05248329073569448	0.1459038624472117	0.09813945597241269	0.1554633547480499	0.01000722310022481	0.1501038155718362	0.06028154772073122	0.01046208875847596	0.05364102845090612	0.01018174798544711	0.01005805920073613	0.4929349728376572	0.6609902596491312	0.01003066526574343
0.7109257900844459	-0.3265012477979259	0.3992344440363029	1.018629745730085	0.2809726814203951	0.5035569919377549	0.1956330127457811	-0.1913123176350172	-1.024120227784101	0.0974226419155612	-0.1700694833202228	0.8123413212329558	0.4859668842454623	0.2403908130267909	-0.5730360477939959	1.276287888485169	-1.130003704074616	-1.19285232322244	0.4170429082975577	-1.839082478346056	-1.278526276130689	0.01021907458984558	0.01197710761677197	0.01032167757548874	0.04441664241693707	0.05146857774639232	0.08701405978240923	0.08890786048206631	0.1494818754252744	0.01000833888289597	0.1394432418827134	0.05691515104645743	0.01039643391209428	0.05626149056198237	0.01020471103541049	0.01006180738722437	0.4590312709386299	0.6095015479142597	0.01003441439347312	-0.000651424431377619	0.01009777828002764	0.010348133513793	0.01051441095250471	0.01998054486366546	0.0524574551138593	0.1515852242954975	0.09861695940298316	0.1549615985498418	0.01000714144800356	0.1504621312544604	0.06073259534538961	0.01046631828074869	0.05390390365195431	0.01017952855277789	0.01005749694879954	0.4937035313294464	0.6619721431497737	0.01003036674878461
0.7121664982695844	-0.3254685598904981	0.3998389713126705	1.018931951367694	0.2802405998230286	0.5050881479491445	0.1942030887818565	-0.1928019065696289	-1.023526167548872	0.09513027181297248	-0.1716680223092664	0.8525542015605228	0.488532507929798	0.2467848745559769	-0.6072260090620105	1.191459771734884	-1.175255255091957	-1.208484024335407	0.5410451426497929	-1.856235201480426	-1.298416438631688	0.01020902665445281	0.01184203336257653	0.01033925926382303	0.04244977034020216	0.05154252429287413	0.09179094226631788	0.08960988391152404	0.1498161310617381	0.01000823600891118	0.1401704318518218	0.05721841497703491	0.01040240976735574	0.05609454861821588	0.01020252739992497	0.01006142580796956	0.4607274511431482	0.6119249711804489	0.01003406572501461	-0.0006675600459978726	0.010098237472001	0.01033788266127224	0.01055214999160103	0.01773667968887012	0.05243161949202411	0.1572665861437833	0.09909446283355364	0.1544598423516337	0.01000705979578231	0.1508204469370846	0.06118364297004802	0.01047054780302142	0.05416677885300249	0.01017730912010868	0.01005693469686296	0.4944720898212356	0.6629540266504163	0.01003006823182579
0.713407206454723	-0.3243851810768299	0.4004467245307655	1.019242182701992	0.2794655436420008	0.5065124082439755	0.1927161285026061	-0.1943114521238982	-1.02277649670967	0.09281640373779736	-0.1732916987748884	0.8940303947135688	0.4911653608382099	0.2533257691416653	-0.642272528022608	1.104000946013591	-1.221918988563035	-1.225042874255883	0.6678785528900293	-1.87374007606486	-1.319042104085606	0.01019984953391884	0.01171728299929522	0.01035918134226825	0.04047165926616239	0.05160900361070654	0.09658878671132065	0.09029138852958821	0.1500896746124802	0.01000813526282954	0.1408705130575826	0.05753529622444257	0.0104081457351675	0.0559693567504427	0.01020033898063117	0.01006102554940533	0.4623765059072191	0.614278393440207	0.01003372104581446	-0.0006781080164314234	0.01009868398374022	0.01032886257446545	0.01060580742421437	0.01596165512298472	0.05240840643488658	0.162883250098335	0.09946465803618468	0.1537376993454989	0.01000698685545412	0.1511057153231016	0.06170685486526481	0.01047251822864236	0.05468091790107509	0.01017504683859866	0.01005628485309948	0.4952068900854352	0.6638271086370048	0.01002976562192424
0.7146479146398617	-0.3232496082369353	0.4010577826440275	1.019560615658569	0.2786465508608674	0.5078265829814387	0.1911704509006863	-0.195842158928561	-1.021867719217083	0.09048059328802255	-0.1749414142418728	0.9366900598561995	0.4938599414104912	0.2600057470210821	-0.6780510429477762	1.014003777303605	-1.269906553176974	-1.242595585690953	0.7975222930216449	-1.891605928853971	-1.3403908531156	0.01019147148795625	0.01160207353127017	0.0103819032196033	0.03850096191935082	0.05166867554295316	0.101403732783036	0.09095014357542308	0.1502994527221218	0.01000803682710026	0.1415429671903422	0.05786743062920364	0.01041356904076049	0.05589216624319143	0.01019814441538531	0.01006060455502801	0.4639800092657467	0.616562669211595	0.01003337986166517	-0.0006886559868649742	0.01009913049547944	0.01031984248765865	0.01065946485682772	0.01418663055709932	0.05238519337774906	0.1684999140528867	0.09983485323881572	0.1530155563393641	0.01000691391512594	0.1513909837091186	0.06223006676048159	0.01047448865426331	0.0551950569491477	0.01017278455708863	0.01005563500933599	0.4959416903496349	0.6647001906235934	0.01002946301202268
0.7158886228250004	-0.3220604078958647	0.4016722198683607	1.019887419457753	0.2777827674003462	0.5090275633863564	0.1895644521125713	-0.1973952888171728	-1.020796357400595	0.0881223894117192	-0.1766180616441137	0.9804446346596162	0.4966103052775925	0.2668162626688158	-0.7144257880059929	0.9215719720277706	-1.319119748525681	-1.261211555316101	0.9299527223390005	-1.909840300322152	-1.362454107582669	0.01018382441190992	0.01149565449069918	0.01040843749114641	0.03656295210010541	0.05172194698261328	0.1062339612307607	0.09158320820159112	0.1504417222251211	0.01000794091980041	0.1421885563316017	0.0582168124627125	0.01041858093573356	0.05586996764678243	0.01019594179737928	0.01006016041636717	0.4655397344958014	0.6187788121180061	0.01003304166859346	-0.0006994200080805282	0.01009955541197814	0.01031181130231081	0.01074280836318954	0.01306519092414302	0.05235890686877575	0.1741018049780649	0.1000744635288342	0.1520476978911143	0.01000685077589583	0.1516415840973837	0.06283724528016726	0.01047348540745217	0.05598821954704668	0.01017046466827101	0.01005488647494352	0.4966532427000555	0.6654726782325827	0.0100291554193545
0.7171293310101391	-0.3208163071443712	0.4022900998798676	1.020222747641971	0.2768735800427412	0.5101124308118625	0.1878967066221054	-0.1989722180931329	-1.019558977885072	0.08574132910023929	-0.1783225249679078	1.025188558233209	0.4994096542632792	0.2737469071283523	-0.7512413287439752	0.8268316881711003	-1.369441153806944	-1.280959779530861	1.065139928558007	-1.928450105465627	-1.385229628374225	0.01017684762805051	0.01139735532480057	0.01043968587800444	0.03468070618034765	0.05176918364082254	0.1110778957227124	0.0921879195862607	0.150513032045093	0.010007847735177	0.142807967284092	0.05858523325143959	0.01042309345491524	0.05590903932455221	0.0101937294280409	0.01005969098809185	0.4670573280281419	0.6209277608094317	0.01003270601769189	-0.0007101840292960823	0.01009998032847684	0.01030378011696297	0.01082615186955137	0.01194375129118673	0.05233262035980245	0.179703695903243	0.1003140738188526	0.1510798394428646	0.01000678763666572	0.1518921844856487	0.06344442379985293	0.01047248216064103	0.05678138214494565	0.01016814477945338	0.01005413794055105	0.497364795050476	0.6662451658415718	0.01002884782668631
0.7183700391952778	-0.3195161236307515	0.402911480566331	1.020566744743984	0.2759185075757517	0.5110783753056496	0.1861658897030989	-0.2005743790263329	-1.01815217339962	0.08333694376333045	-0.1800556873907067	1.070809384650553	0.5022508411064484	0.2807863091277687	-0.7883354615679339	0.7299184044179565	-1.420745565072802	-1.301906112586199	1.203050910602143	-1.947442176683271	-1.408717024567735	0.01017048411740197	0.01130653438506019	0.01047797077688029	0.03287798467043084	0.05181047281799297	0.1159356594717312	0.09276077839287565	0.1505091764662723	0.01000775750294728	0.1434027437927646	0.05897499356956847	0.01042700921573445	0.05601632316955858	0.01019150402969146	0.01005919381188671	0.4685347504991773	0.6230103422141799	0.0100323724817357	-0.0007318483142858927	0.01010038995447353	0.01029655219494408	0.01097417384319213	0.01151338801703539	0.05229649374909669	0.1853368669831874	0.1003956200048569	0.149838559848156	0.01000673539968623	0.1521353526807383	0.06415162044685037	0.01046816412312925	0.05787970683154323	0.01016572749445832	0.01005328042445504	0.4980684441578219	0.6669136060316074	0.01002853516883344
0.7196107473804163	-0.318158871911923	0.4035364074528787	1.020919534959925	0.2749173482706763	0.5119228256938289	0.1843708960721018	-0.2022033109265919	-1.016572595773175	0.080908753194262	-0.1818184344574043	1.117181501123482	0.5051260668327888	0.2879212533135811	-0.8255324995508321	0.6309853205252919	-1.472892884279122	-1.324114109804752	1.343647218909262	-1.966823725776336	-1.432919548992	0.0101646830808626	0.01122261861158631	0.01052535999840036	0.03117639039440683	0.05184589274620897	0.1208073779973221	0.09329861273777258	0.1504262729225491	0.01000767042772645	0.1439742863675961	0.05938815921126478	0.01043024146677201	0.05619803585053108	0.01018926268259878	0.01005866669802031	0.4699738250238511	0.6250273214272974	0.01003204068018029	-0.0007535125992757032	0.01010079958047023	0.01028932427292519	0.01112219581683288	0.01108302474288405	0.05226036713839094	0.1909700380631319	0.1004771661908611	0.1485972802534475	0.01000668316270675	0.1523785208758279	0.06485881709384783	0.01046384608561747	0.0589780315181408	0.01016331020946325	0.01005242290835903	0.4987720932651679	0.667582046221643	0.01002822251098057
0.720851455565555	-0.3167436729371451	0.4041649194889094	1.021281231183424	0.2738700482405781	0.5126433409043412	0.1825107391428674	-0.2038606055843916	-1.014816929730067	0.07845627114447838	-0.1836116550035766	1.16417832594808	0.5080274727095423	0.2951381262538485	-0.8626561446994934	0.5301870948869819	-1.525741945243168	-1.347647892652269	1.486889862172281	-1.986601468040843	-1.457840336614751	0.01015939844628117	0.01114506123572453	0.01058865439592184	0.02957870071256096	0.05187503852521538	0.1256939727599421	0.09379738869943742	0.1502597193824711	0.0100075867530541	0.144523896351251	0.0598268344398371	0.01043273702608942	0.05645982443306847	0.01018700187264162	0.01005810826286641	0.471376260867008	0.626979141164107	0.01003171026404274	-0.0007849375206242469	0.01010123871379502	0.0102827762955323	0.01145025207413756	0.01089450215457587	0.05220190253603087	0.1966584836741264	0.1003717246516234	0.1470556222303401	0.01000664302497577	0.1526132113457732	0.06567007700345033	0.01045689599089281	0.06037556770384613	0.01016077751828482	0.0100514726475656	0.4994658056835191	0.6681335496310616	0.01002790503122103
0.7220921637506936	-0.31526985121394	0.4047970428854518	1.021651923917475	0.2727768382311144	0.5132377281287307	0.1805846591835777	-0.2055479615453462	-1.012881922059348	0.07597900219893551	-0.1854362408741961	1.211680342417559	0.5109475169841022	0.3024234714617405	-0.8995385789822168	0.4276692154592938	-1.579159651100832	-1.372572404970073	1.632742796535406	-2.006779770444693	-1.483479890865012	0.01015458916837673	0.01107337412352466	0.01067390741034442	0.0280873189372813	0.05189754538434772	0.1305962740991268	0.09425344509982123	0.1500052603017392	0.01000750669585728	0.1450527552486321	0.06029290730790159	0.01043444851334974	0.05680672201984516	0.01018471846947353	0.0100575172739641	0.4727436481727961	0.6288662074369646	0.01003138092247146	-0.0008163624419727906	0.01010167784711981	0.01027622831813942	0.01177830833144225	0.01070597956626769	0.05214343793367081	0.2023469292851209	0.1002662831123858	0.1455139642072327	0.01000660288724479	0.1528479018157186	0.06648133691305282	0.01044994589616815	0.06177310388955144	0.0101582448271064	0.01005052238677216	0.5001595181018703	0.6686850530404803	0.0100275875514615
0.7233328719358323	-0.313736828368224	0.4054327976960333	1.022031692601646	0.2716380857917287	0.5137039126277593	0.1785920045696394	-0.2072671313752009	-1.010764348619652	0.07347644798954571	-0.1872930836995201	1.259578547747518	0.5138791408385638	0.3097645453383003	-0.9360244692431329	0.3235634987202752	-1.633024865222819	-1.398951435825058	1.781173876461829	-2.027361853328875	-1.509835192717981	0.01015021951684579	0.01100709219114878	0.01080408529759677	0.02669834006987436	0.05191178074914145	0.1355158397197191	0.09466219247678864	0.1496578592685447	0.01000743051489763	0.1455631157640061	0.06078784810006654	0.01043537901415305	0.05724086923160464	0.01018240971033274	0.01005689384379412	0.4740770140448216	0.6306885589773774	0.0100310523814614	-0.0008443742690336019	0.01010221821250799	0.01027026900053768	0.01269701473098391	0.01060570857180343	0.0520290835507808	0.2081145628993865	0.0999424080598401	0.1436428862925719	0.01000657613128853	0.1531087174992757	0.06738840655444019	0.01044150074891706	0.06340148147140402	0.01015560130083808	0.01004950969412305	0.5008223622401405	0.6691042392467937	0.01002726571138798
0.724573580120971	-0.3121441796259808	0.4060721935123091	1.022420597546803	0.2704543831560222	0.514040003062437	0.176532293684209	-0.2090199676038405	-1.008461029061764	0.07094810528503452	-0.1891830613321809	1.307796243958643	0.5168167548134396	0.3171509651159141	-0.9719975080532577	0.2179598569987747	-1.687253186756229	-1.426842051580535	1.932162303431094	-2.048350375959945	-1.536892604678695	0.01014625766047754	0.01094580036541592	0.01099961169761394	0.02540809644409324	0.0519162746164205	0.140454066529719	0.09501945923952898	0.1492128504875855	0.01000735844066078	0.14605702870783	0.06131297409426063	0.01043553127114894	0.05776413567573387	0.01018007313418263	0.01005623807254367	0.4753773129031451	0.6324462237503398	0.01003072439694652	-0.0008723860960944133	0.01010275857789618	0.01026430968293595	0.01361572113052558	0.01050543757733917	0.05191472916789081	0.2138821965136522	0.0996185330072944	0.1417718083779111	0.01000654937533227	0.1533695331828329	0.06829547619582757	0.01043305560166597	0.06502985905325659	0.01015295777456977	0.01004849700147393	0.5014852063784108	0.6695234254531071	0.01002694387131447
0.7258142883061096	-0.3104915363354916	0.4067152356382872	1.022818691014285	0.2692264098953497	0.5142441729842614	0.1744051064014529	-0.2108083682500519	-1.005968797716431	0.0683934688656032	-0.1911070378418436	1.356284163958439	0.5197560044496122	0.3245744243830741	-1.007375049713753	0.1109126825382126	-1.741791400538345	-1.456293721557317	2.085696468124031	-2.069748134575574	-1.564629216329452	0.01014267661249941	0.01088910332318403	0.01131874682352424	0.02421107414448887	0.05190843530962884	0.1454132944628954	0.09532030561580683	0.1486649587661625	0.01000729074523829	0.1465382088628835	0.06186910003396086	0.01043494454074995	0.05837544487361883	0.01017770722442981	0.01005555122000665	0.4766447866596264	0.634138892681184	0.01003039675367599	-0.0008916041183507508	0.01010347296228546	0.01025886363649372	0.01605432523767528	0.01044452385021011	0.05171327953727415	0.2197611412001594	0.0990486984126385	0.1395474469383628	0.01000653729630531	0.1537106178750644	0.06928706104457362	0.0104239873866306	0.06681497970710239	0.01015022258323627	0.01004744956039384	0.5020891131076169	0.6697956783062635	0.01002661803061076
0.7270549964912483	-0.3087785524065844	0.4073619247911651	1.023226016039355	0.2679549095615001	0.5143146095758608	0.1722100436208497	-0.2126342961749851	-1.003284488517174	0.0658120272082509	-0.1930658199556856	1.405064297587888	0.5226956987875956	0.3320320752982968	-1.042162387648818	0.002384063723617155	-1.796667301673379	-1.48733537015587	2.241788460034911	-2.09155995339346	-1.592998612225902	0.01013945233139653	0.01083664834863138	0.01181315302644433	0.02310217680809926	0.05188592854524569	0.1503956201714678	0.09556023297396769	0.1480092848908503	0.0100072276709891	0.1470100432749762	0.06245695374023311	0.01043365378865251	0.05907377913838074	0.01017531063011496	0.01005483440833456	0.4778796570634641	0.6357662680136972	0.0100300692599183	-0.0009108221406070882	0.01010418734667474	0.01025341759005149	0.01849292934482498	0.01038361012308104	0.05151182990665751	0.2256400858866666	0.0984788638179826	0.1373230854988145	0.01000652521727836	0.1540517025672959	0.07027864589331968	0.01041491917159523	0.06860010036094819	0.01014748739190277	0.01004640211931374	0.5026930198368232	0.6700679311594202	0.01002629218990705
0.7282957046763868	-0.3070048492391821	0.4080122613372302	1.023642614400575	0.2666406036599206	0.514249450097143	0.1699466669695681	-0.2144997340392075	-1.000404920602443	0.06320326442355441	-0.1950601713758153	1.454184557858854	0.525635779958773	0.3395230626264939	-1.076396772537787	-0.1076977325889545	-1.851938136310109	-1.519988446534457	2.400459661445145	-2.113791560418827	-1.62194713309293	0.01013656389475222	0.01078810000287258	0.01252035150107127	0.02207575535446043	0.05184741288056756	0.1554034966490132	0.09573433629047966	0.1472407884793067	0.01000716950136359	0.1474745951317986	0.06307709225716353	0.0104317028301528	0.05985989681462963	0.01017288413530136	0.01005408959257024	0.479081531241745	0.6373278115826225	0.0100297417629915	-0.000927080876504017	0.01010511789195836	0.01024843154351895	0.02219017255407311	0.01034335167732481	0.05124609795177549	0.2316463872874175	0.09764552912120454	0.134736242046974	0.01000652911391978	0.1544370597043896	0.07135144911565736	0.01040548492203968	0.07058857625827779	0.01014470947629292	0.01004534121119863	0.503212875333251	0.6701823810674576	0.01002596302104514
0.7295364128615255	-0.3051699388336953	0.4086662468391711	1.024068528778521	0.2652841149460857	0.5140466734087171	0.1676144091812221	-0.2164066912612697	-0.9973268657535459	0.06056665348750651	-0.1970907606920834	1.503729295299063	0.5285777523083067	0.3470493321999094	-1.110160342387343	-0.2194524771360152	-1.907702490012111	-1.554263851179215	2.561745944492737	-2.136450689189231	-1.65141344844016	0.01013399266376525	0.01074315907056909	0.01347322596026832	0.02112662381803915	0.05179167847686879	0.1604391296108327	0.09583813694260919	0.1463547701805133	0.01000711648883826	0.1479337463863603	0.06373001183383203	0.01042913069396068	0.06073443099076625	0.01017042843843392	0.01005331851415633	0.4802500381333306	0.6388230110176042	0.01002941412689642	-0.0009433396124009457	0.01010604843724198	0.01024344549698642	0.02588741576332125	0.01030309323156859	0.05098036599689346	0.2376526886881684	0.09681219442442647	0.1321493985951334	0.01000653301056121	0.1548224168414832	0.07242425233799502	0.01039605067248414	0.07257705215560739	0.01014193156068307	0.01004428030308351	0.5037327308296786	0.6702968309754952	0.01002563385218324
0.7307771210466641	-0.3032732567561971	0.4093238843849885	1.024503803978673	0.2638859900405171	0.5137041504715689	0.165212613886684	-0.2183571843862475	-0.9940470633007242	0.0579016605488326	-0.1991582046416807	1.553784321345227	0.5315231551555775	0.3546129287531355	-1.143536880185313	-0.3330025093341921	-1.964060534116506	-1.590172273956577	2.725685677588357	-2.159545907313433	-1.681339454300906	0.01013172079664226	0.01070154061942824	0.01466329940025767	0.02024947332711717	0.05171926734965328	0.1655050175070602	0.09586703537024416	0.1453468442859041	0.01000706890370592	0.1483868642742067	0.06441601625641363	0.0104259653758245	0.06170122707724521	0.01016794670721463	0.01005252333986112	0.4813842855376874	0.6402510811705662	0.01002908617784736	-0.0009620529398490532	0.01010718928850696	0.01023886467831387	0.02990908363090332	0.01027498325005909	0.05069446389659128	0.2438008634653347	0.09570620170510317	0.1292056733261725	0.01000655364216701	0.1551770870632302	0.07357407875161913	0.01038604002469106	0.07485634011281998	0.01013917053130213	0.01004321835051279	0.5041464170130293	0.6702408882314673	0.01002530027647924
0.7320178292318028	-0.3013141149702931	0.4099851787686067	1.024948486709122	0.2624466599663337	0.5132195723016583	0.1627404800449531	-0.2203532533415605	-0.9905621910985858	0.05520773660911422	-0.2012630371654197	1.604413259039806	0.534472511648751	0.3622141078414277	-1.176582359623465	-0.44844304179471	-2.021087004504661	-1.627731293657513	2.892314815629342	-2.1830869598721	-1.711683154556626	0.01012973239919874	0.0106629905376916	0.01608263347113336	0.01943945362943899	0.0516306655913344	0.170603414947671	0.09581681786976116	0.1442128977068166	0.01000702698672316	0.1488333706377989	0.06513537453784372	0.01042223181298828	0.06276368099974791	0.01016544176341018	0.01005170599972172	0.4824834356806088	0.6416112780820633	0.01002875776104737	-0.0009807662672971606	0.01010833013977193	0.01023428385964133	0.03393075149848538	0.0102468732685496	0.05040856179628908	0.2499490382425009	0.09460020898577987	0.1262619480572115	0.01000657427377281	0.1555317572849772	0.07472390516524326	0.01037602937689798	0.07713562807003256	0.01013640950192119	0.01004215639794208	0.5045601031963801	0.6701849454874395	0.01002496670077524
0.7332585374169415	-0.2992917774653222	0.4106501350035384	1.02540262351469	0.2609665152706725	0.5125905568467219	0.1601971501293558	-0.2223969540047971	-0.9868688977679698	0.05248432442009637	-0.2034057608364075	1.655667755986095	0.5374258131236832	0.3698521483375387	-1.209337862367916	-0.5658546712746843	-2.078842893330204	-1.66696192572749	3.061668055297032	-2.207084129990323	-1.742411015043614	0.01012801369544568	0.01062727095029103	0.01772091801063947	0.01869175408107851	0.05152774552324735	0.1757376917539547	0.09568319637928378	0.1429490895157591	0.01000699111739315	0.1492709741306696	0.0658880158713565	0.01041795378651774	0.06392609832096646	0.01016292098036743	0.01005086949907399	0.4835460508168919	0.6429023064689605	0.01002842913457455	-0.001004567900967273	0.01010971048431889	0.01023015895455628	0.03821457987897259	0.01022652521001224	0.05013929763386082	0.2562800396440725	0.09321438235316938	0.1229668713293078	0.01000661525673754	0.1558019629013448	0.07594228653139297	0.01036544806474528	0.07973662798022096	0.01013377727793192	0.01004112151619285	0.5048415497674279	0.6699335161585397	0.01002463832056912
0.7344992456020801	-0.297205443556412	0.4113187571940702	1.025866258033368	0.25944590423419	0.5118146140300234	0.1575816895728327	-0.2244903828061969	-0.9829637766420625	0.0497308484824447	-0.2055868371216956	1.707574354591079	0.5403819689863224	0.3775242570302846	-1.241813406044649	-0.6852874007995764	-2.137360348963711	-1.707892182426245	3.233777541716905	-2.231549199782755	-1.773506873110828	0.01012655241324851	0.01059416974689224	0.01956874471969649	0.01800199660245401	0.05141219239742121	0.1809108880740752	0.09546222786591024	0.1415517932841358	0.01000696163374888	0.1496975818424755	0.06667387350531048	0.01041315247988986	0.0651922783865561	0.01016039092619061	0.01005001651490545	0.484570782878553	0.6441229435727179	0.01002810052830801	-0.001028369534637386	0.01011109082886585	0.01022603404947123	0.04249840825945979	0.01020617715147488	0.04987003347143257	0.262611041045644	0.09182855572055891	0.1196717946014041	0.01000665623970227	0.1560721685177124	0.07716066789754271	0.01035486675259259	0.08233762789040938	0.01013114505394266	0.01004008663444363	0.5051229963384755	0.6696820868296398	0.010024309940363
0.7357399537872187	-0.2950542958687911	0.4119910483150661	1.02633943115881	0.2578851733651445	0.5108892188350356	0.1548931432646585	-0.2266356608164463	-0.9788433950089482	0.04694672315197492	-0.2078067177539815	1.760146407812365	0.5433393326367238	0.3852265381934495	-1.274002772708848	-0.8067750781497156	-2.196656362215197	-1.750553606577505	3.408673933354227	-2.256494969859234	-1.804963575081438	0.0101253275954155	0.01056346557044547	0.02161080642875945	0.01736588447982383	0.05128624665631974	0.1861272224071048	0.09514957780386278	0.1400175416043305	0.01000693833506473	0.1501109496851288	0.06749276259742126	0.01040782232397927	0.06656569256119073	0.0101578481526938	0.01004914658842881	0.4855559937754837	0.64527152801784	0.01002777004677693	-0.001058302720697745	0.01011248796672313	0.01022186464565131	0.04689212749399416	0.01019058340780092	0.0496341078575242	0.2691701701358384	0.09014741549626291	0.116028502039474	0.01000670522572938	0.1562502733076212	0.07844458056155978	0.01034310687530353	0.08525926930498647	0.01012841235064143	0.01003900788832982	0.5052582618973641	0.6692143354975973	0.01002393657132461
0.7369806619723575	-0.2928375172274664	0.4126670077017656	1.026822175450125	0.256284706760653	0.5098118176508439	0.1521305536147667	-0.2288349669918355	-0.9745042721208527	0.04413134019412519	-0.2100658577333867	1.813370321525743	0.5462951504261705	0.3929528112256558	-1.30586673627408	-0.9303184262136641	-2.256716940188348	-1.79498463827696	3.586384646400053	-2.28193595102234	-1.836792224453516	0.01012432057329294	0.01053496107657309	0.02383345756467914	0.01677952020477257	0.05115192636330134	0.1913905038803408	0.09474124839458217	0.1383430378967459	0.01000692104254855	0.1505090266420588	0.06834451473003456	0.01040195835550602	0.06804938759102966	0.01015528958828403	0.01004825931098246	0.4865001474990711	0.6463464931526389	0.01002743600162044	-0.001088235906758104	0.01011388510458039	0.01021769524183138	0.05128584672852853	0.01017498966412696	0.04939818224361582	0.2757292992260326	0.08846627527196695	0.1123852094775439	0.01000675421175649	0.15642837809753	0.07972849322557686	0.01033134699801448	0.08818091071956355	0.01012567964734021	0.01003792914221602	0.5053935274562525	0.6687465841655548	0.01002356320228622
0.7382213701574961	-0.2905543073245438	0.4133466321805599	1.027314517877796	0.2546449278431356	0.5085798631830432	0.1492929810722996	-0.2310905134869231	-0.9699429052315569	0.04128407901083574	-0.212364725079025	1.867218929713826	0.549246131185063	0.4006957277275185	-1.337349644601928	-1.055901433926994	-2.317512465762934	-1.84122674000386	3.766935417929109	-2.307887630930178	-1.869013884500219	0.01012357400056709	0.01050857999122767	0.02621767774246748	0.01623921452972774	0.05101140334486597	0.1967059648698617	0.09423493271819099	0.1365269009081496	0.01000691314217992	0.1508886795692374	0.06922773827440278	0.01039574188722347	0.06964546214454269	0.0101527781239675	0.01004737429280267	0.4874009358165269	0.647345883979217	0.01002710898692744	-0.001125286749550717	0.01011673131655481	0.0102160997420563	0.05563914204566286	0.01016463125135303	0.04920225230494359	0.2825721823689591	0.0865336704771467	0.1084512711409605	0.0100068956441753	0.1564779576533513	0.08104496356880192	0.01032283115238507	0.09140461556459503	0.0101244098747194	0.0100372815844618	0.5053483724813739	0.6680434032642798	0.01002343438145534
0.7394620783426347	-0.2882039330036984	0.4140299122887645	1.027816471313524	0.2529663787111595	0.5071908620749676	0.1463795606840451	-0.2334045855278321	-0.9651557518271058	0.03840429162512011	-0.2147038400310109	1.92163821307942	0.5521879626668214	0.4084455908569334	-1.368363671949532	-1.183474902322208	-2.378982368556165	-1.889326791875072	3.950348589302751	-2.334367622828816	-1.901670626626951	0.01012312587095012	0.01048425428597656	0.02874671166571632	0.01574162951321585	0.05086663461030567	0.2020783345226884	0.09362846820419531	0.1345677492700917	0.01000691764993864	0.1512470436139092	0.07014118319915101	0.01038933444603077	0.07135573518364022	0.01015036978215243	0.01004650900159772	0.4882561952527499	0.6482678577734662	0.01002679843921419	-0.001162337592343329	0.01011957752852921	0.01021450424228121	0.05999243736279719	0.0101542728385791	0.04900632236627136	0.2894150655118856	0.08460106568232648	0.1045173328043771	0.01000703707659411	0.1565275372091725	0.08236143391202699	0.01031431530675566	0.0946283204096265	0.0101231401020986	0.01003663402670757	0.5053032175064952	0.6673402223630048	0.01002330556062446
0.7407027865277733	-0.2857857112480239	0.4147168347907544	1.02832804012926	0.2512496806435255	0.50564236839904	0.1433894838913435	-0.235779508238016	-0.9601392515771877	0.03549131577628776	-0.217083761840372	1.976563062409701	0.5551159513116215	0.4161916936077378	-1.398807948524875	-1.312976196285174	-2.441053224472693	-1.939333552589186	4.136645792190488	-2.361392669090994	-1.934813017314541	0.01012267137378986	0.01046130501438326	0.03141009306240131	0.0152831193096403	0.05072164674870526	0.2075139460675164	0.09291601830781378	0.1324621767057461	0.01000691722782822	0.1515784474692179	0.07108394995727939	0.01038199801137476	0.07318082295471778	0.01014776394737187	0.01004557498831485	0.4890615107488988	0.6491092933447383	0.01002644612387204	-0.001199003932442609	0.01011577779889488	0.01020086392348194	0.06443490476908943	0.01013776389426865	0.04890678902771523	0.2966060992494976	0.08231165363680901	0.1002329833386421	0.01000679146023306	0.1563574957411359	0.08371828809092402	0.01028787008186981	0.09812678505247853	0.01011493296216583	0.01003392461117367	0.5049809665467675	0.6663431465932869	0.01002182624210018
0.741943494712912	-0.2832990819866201	0.4154073782293149	1.02884920953301	0.2494956392629314	0.5039320578680596	0.1403220813714922	-0.2382176891295597	-0.9548898082171775	0.03254446034962087	-0.219505145192901	2.031909946249883	0.5580248508569421	0.4239215739742566	-1.428560474127202	-1.444320888487834	-2.503630122528425	-1.991297870348305	4.325848838461409	-2.388980910504837	-1.968505869877574	0.01012193899563512	0.01043912715956839	0.03419863688878303	0.01486039588346611	0.0505800683445441	0.2130185301478468	0.09209219123860783	0.130206918003331	0.01000689643244201	0.1518777036241239	0.07205523110608486	0.01037307508699672	0.07512122601565605	0.01014469283556299	0.01004449346744383	0.4898127468485702	0.649867252165428	0.0100260001693375	-0.001235670272541888	0.01011197806926054	0.01018722360468268	0.06887737217538167	0.01012125494995821	0.04880725568915909	0.3037971329871095	0.08002224159129152	0.0959486338729071	0.01000654584387202	0.1561874542730993	0.08507514226982105	0.01026142485698396	0.1016252496953306	0.01010672582223307	0.01003121519563977	0.5046587155870398	0.6653460708235688	0.01002034692357589
0.7431842028980506	-0.2807435580385016	0.4161015166948641	1.02937995406422	0.247705165436865	0.5020576805210167	0.1371767667376473	-0.2407215780593873	-0.94940380737566	0.02956301637675289	-0.2219687013113802	2.087587683181418	0.5609092114873263	0.431622016293825	-1.457490806671641	-1.577415382289073	-2.56660919881085	-2.045270350969167	4.517979913737296	-2.417158456524204	-2.002822423089262	0.01012314661381651	0.01042123000053814	0.03708838672020302	0.0144729103710184	0.05044594926063649	0.2186068334791811	0.09115468022323714	0.1278016510206144	0.01000698561959954	0.1521486965868658	0.07305405264668578	0.01036768809670307	0.07717695550313976	0.01014325123428582	0.01004387717265693	0.4905125323549014	0.6505396582784015	0.01002585998920558	-0.001264081339779902	0.01016032272106336	0.01025857071579884	0.07302407879226312	0.01016041048025948	0.04881981966221342	0.3116522139442888	0.07745812017042106	0.09140275266580909	0.01000935608926371	0.1560723613004708	0.08646685111991795	0.01035359739959555	0.1053884329636509	0.01014736630317247	0.01004276759434736	0.5043352508917899	0.6640889518634391	0.01002816884440734
0.7444249110831893	-0.2781188132247182	0.4167992150356442	1.029920225341109	0.2458793965556814	0.5000171536455418	0.1339531373627905	-0.2432937072361321	-0.9436775971151234	0.02654622696818279	-0.224475278816273	2.143492804377689	0.5637633093146608	0.4392785247144526	-1.485455523905298	-1.712151071962524	-2.629872152981017	-2.101299950928364	4.71306224964063	-2.445957136595938	-2.037855550896037	0.01012826977633812	0.0104107401957666	0.04005842162630773	0.01412015586232976	0.05032293819676352	0.224292154066519	0.09010129945173531	0.125245955279069	0.01000730090047792	0.1523949711615429	0.07407954119390062	0.01037040038138289	0.07934798098301332	0.01014530511462724	0.01004427189009492	0.4911633199299197	0.6511245539879786	0.01002638135361156	-0.001292492407017917	0.0102086673728662	0.01032991782691501	0.07717078540914454	0.01019956601056075	0.04883238363526775	0.319507294901468	0.07489399874955059	0.08685687145871107	0.01001216633465539	0.1559572683278423	0.08785855997001485	0.01044576994220714	0.1091516162319713	0.01018800678411188	0.01005431999305495	0.5040117861965402	0.6628318329033093	0.01003599076523879
