Coordinates
version=1
nRows=601
nColumns=11
inDegrees=no

Units are S.I. units (second, meters, Newtons, ...)
If the header above contains a line with 'inDegrees', this indicates whether rotational values are in degrees (yes) or radians (no).

endheader
time	pelvis_tilt	pelvis_tx	pelvis_ty	hip_flexion_l	hip_flexion_r	knee_angle_l	knee_angle_r	ankle_angle_l	ankle_angle_r	lumbar
      0.00000000	     -0.34846685	      0.00000000	      1.01969903	      0.08541835	      0.82168553	     -0.21800002	     -0.47425906	     -0.20983141	     -0.32162190	      0.26769184
      0.00166299	     -0.34816673	      0.00306872	      1.01969256	      0.08376167	      0.81639080	     -0.21990881	     -0.46683088	     -0.21636664	     -0.32388096	      0.26879011
      0.00332598	     -0.34787490	      0.00613779	      1.01968491	      0.08218560	      0.81121752	     -0.22192828	     -0.46073172	     -0.22299259	     -0.32565446	      0.26990032
      0.00498896	     -0.34762208	      0.00920449	      1.01967560	      0.08073225	      0.80621197	     -0.22407020	     -0.45605822	     -0.22971956	     -0.32613270	      0.27105466
      0.00665195	     -0.34741902	      0.01226799	      1.01966536	      0.07941637	      0.80135753	     -0.22633614	     -0.45266974	     -0.23656077	     -0.32469988	      0.27226474
      0.00831494	     -0.34725283	      0.01532960	      1.01965602	      0.07822044	      0.79657408	     -0.22871644	     -0.45021019	     -0.24353052	     -0.32067419	      0.27351762
      0.00997793	     -0.34709081	      0.01839227	      1.01964997	      0.07710031	      0.79173759	     -0.23119350	     -0.44817112	     -0.25064099	     -0.31423819	      0.27477950
      0.01164091	     -0.34691300	      0.02145763	      1.01964871	      0.07602951	      0.78676935	     -0.23375693	     -0.44620451	     -0.25790080	     -0.30635723	      0.27602930
      0.01330390	     -0.34670788	      0.02452616	      1.01965293	      0.07499377	      0.78163466	     -0.23640171	     -0.44415664	     -0.26531495	     -0.29772057	      0.27725397
      0.01496689	     -0.34646343	      0.02759830	      1.01966329	      0.07397839	      0.77630395	     -0.23912286	     -0.44190712	     -0.27288793	     -0.28868800	      0.27843962
      0.01662988	     -0.34617456	      0.03067378	      1.01967997	      0.07297790	      0.77076922	     -0.24191848	     -0.43940763	     -0.28062294	     -0.27949354	      0.27957943
      0.01829286	     -0.34583818	      0.03375221	      1.01970299	      0.07198937	      0.76502779	     -0.24478726	     -0.43662499	     -0.28852290	     -0.27027693	      0.28066873
      0.01995585	     -0.34545358	      0.03683290	      1.01973224	      0.07101299	      0.75908468	     -0.24772861	     -0.43355034	     -0.29659060	     -0.26112781	      0.28170520
      0.02161884	     -0.34502090	      0.03991509	      1.01976759	      0.07004996	      0.75294693	     -0.25074202	     -0.43017992	     -0.30482891	     -0.25211238	      0.28268737
      0.02328183	     -0.34454211	      0.04299784	      1.01980883	      0.06910365	      0.74662562	     -0.25382714	     -0.42651827	     -0.31324091	     -0.24328147	      0.28361567
      0.02494482	     -0.34402002	      0.04608015	      1.01985575	      0.06817845	      0.74013346	     -0.25698359	     -0.42257205	     -0.32182984	     -0.23468006	      0.28449142
      0.02660780	     -0.34345876	      0.04916088	      1.01990810	      0.06728010	      0.73348570	     -0.26021065	     -0.41835212	     -0.33059943	     -0.22634431	      0.28531727
      0.02827079	     -0.34286279	      0.05223886	      1.01996568	      0.06641464	      0.72669846	     -0.26350726	     -0.41387099	     -0.33955367	     -0.21830563	      0.28609623
      0.02993378	     -0.34223706	      0.05531286	      1.02002830	      0.06558828	      0.71978909	     -0.26687129	     -0.40914422	     -0.34869731	     -0.21058817	      0.28683175
      0.03159677	     -0.34158660	      0.05838162	      1.02009584	      0.06480704	      0.71277530	     -0.27029992	     -0.40418861	     -0.35803550	     -0.20321264	      0.28752734
      0.03325975	     -0.34091627	      0.06144389	      1.02016825	      0.06407610	      0.70567500	     -0.27378845	     -0.39902308	     -0.36757433	     -0.19619325	      0.28818634
      0.03492274	     -0.34023078	      0.06449842	      1.02024552	      0.06339995	      0.69850591	     -0.27733101	     -0.39366732	     -0.37732043	     -0.18954143	      0.28881190
      0.03658573	     -0.33953436	      0.06754403	      1.02032779	      0.06278159	      0.69128518	     -0.28091921	     -0.38814178	     -0.38728134	     -0.18326525	      0.28940671
      0.03824872	     -0.33883096	      0.07057957	      1.02041523	      0.06222318	      0.68402946	     -0.28454325	     -0.38246698	     -0.39746503	     -0.17737169	      0.28997321
      0.03991170	     -0.33812404	      0.07360396	      1.02050814	      0.06172524	      0.67675440	     -0.28819088	     -0.37666337	     -0.40787978	     -0.17186519	      0.29051339
      0.04157469	     -0.33741676	      0.07661615	      1.02060690	      0.06128757	      0.66947507	     -0.29184877	     -0.37075125	     -0.41853385	     -0.16674879	      0.29102898
      0.04323768	     -0.33671174	      0.07961521	      1.02071199	      0.06090867	      0.66220529	     -0.29550210	     -0.36475062	     -0.42943472	     -0.16202178	      0.29152125
      0.04490067	     -0.33601135	      0.08260023	      1.02082392	      0.06058652	      0.65495822	     -0.29913563	     -0.35868124	     -0.44058919	     -0.15768148	      0.29199124
      0.04656366	     -0.33531744	      0.08557038	      1.02094333	      0.06031847	      0.64774570	     -0.30273434	     -0.35256223	     -0.45200177	     -0.15372166	      0.29243957
      0.04822664	     -0.33463166	      0.08852487	      1.02107084	      0.06010180	      0.64057894	     -0.30628383	     -0.34641225	     -0.46367541	     -0.15013466	      0.29286665
      0.04988963	     -0.33395548	      0.09146295	      1.02120711	      0.05993436	      0.63346815	     -0.30977218	     -0.34024895	     -0.47560839	     -0.14691097	      0.29327278
      0.05155262	     -0.33329036	      0.09438386	      1.02135282	      0.05981463	      0.62642317	     -0.31318938	     -0.33408941	     -0.48779602	     -0.14404058	      0.29365826
      0.05321561	     -0.33263793	      0.09728686	      1.02150857	      0.05974279	      0.61945336	     -0.31652991	     -0.32794956	     -0.50022511	     -0.14151305	      0.29402358
      0.05487859	     -0.33199997	      0.10017116	      1.02167493	      0.05972015	      0.61256797	     -0.31979119	     -0.32184474	     -0.51287394	     -0.13931790	      0.29436935
      0.05654158	     -0.33137887	      0.10303587	      1.02185227	      0.05975107	      0.60577671	     -0.32298435	     -0.31578989	     -0.52560057	     -0.13744372	      0.29469662
      0.05820457	     -0.33077735	      0.10587994	      1.02204070	      0.05984131	      0.59908979	     -0.32612884	     -0.30980011	     -0.53815823	     -0.13587819	      0.29500657
      0.05986756	     -0.33019806	      0.10870235	      1.02224024	      0.05999833	      0.59251679	     -0.32925652	     -0.30388943	     -0.55013268	     -0.13460864	      0.29530022
      0.06153054	     -0.32964340	      0.11150211	      1.02245102	      0.06023104	      0.58606633	     -0.33240841	     -0.29807051	     -0.56106100	     -0.13362319	      0.29557847
      0.06319353	     -0.32911436	      0.11427858	      1.02267348	      0.06054804	      0.57974378	     -0.33562779	     -0.29235289	     -0.57060819	     -0.13291176	      0.29584120
      0.06485652	     -0.32861071	      0.11703128	      1.02290823	      0.06095518	      0.57355230	     -0.33894671	     -0.28674444	     -0.57857653	     -0.13246480	      0.29608719
      0.06651951	     -0.32812991	      0.11976007	      1.02315615	      0.06145261	      0.56749089	     -0.34237525	     -0.28125024	     -0.58495682	     -0.13227325	      0.29631318
      0.06818250	     -0.32766841	      0.12246500	      1.02341819	      0.06203800	      0.56155678	     -0.34591422	     -0.27587413	     -0.58981402	     -0.13232831	      0.29651499
      0.06984548	     -0.32722128	      0.12514631	      1.02369541	      0.06270559	      0.55574456	     -0.34955291	     -0.27061788	     -0.59330392	     -0.13262174	      0.29668726
      0.07150847	     -0.32678320	      0.12780433	      1.02398883	      0.06344870	      0.55004797	     -0.35327803	     -0.26548246	     -0.59559793	     -0.13314561	      0.29682426
      0.07317146	     -0.32634847	      0.13043947	      1.02429942	      0.06425951	      0.54445967	     -0.35707375	     -0.26046753	     -0.59687564	     -0.13389258	      0.29692002
      0.07483445	     -0.32591136	      0.13305218	      1.02462809	      0.06512999	      0.53897204	     -0.36092428	     -0.25557222	     -0.59730897	     -0.13485552	      0.29696860
      0.07649743	     -0.32546644	      0.13564296	      1.02497561	      0.06605232	      0.53357740	     -0.36481501	     -0.25079485	     -0.59704765	     -0.13602772	      0.29696449
      0.07816042	     -0.32500854	      0.13821230	      1.02534266	      0.06701900	      0.52826821	     -0.36873244	     -0.24613345	     -0.59622713	     -0.13740253	      0.29690250
      0.07982341	     -0.32453325	      0.14076068	      1.02572979	      0.06802349	      0.52303756	     -0.37266545	     -0.24158565	     -0.59495644	     -0.13897348	      0.29677834
      0.08148640	     -0.32403655	      0.14328860	      1.02613741	      0.06905983	      0.51787890	     -0.37660416	     -0.23714890	     -0.59333211	     -0.14073415	      0.29658821
      0.08314938	     -0.32351533	      0.14579651	      1.02656581	      0.07012329	      0.51278656	     -0.38054104	     -0.23282046	     -0.59142862	     -0.14267821	      0.29632934
      0.08481237	     -0.32296690	      0.14828488	      1.02701517	      0.07120973	      0.50775534	     -0.38446966	     -0.22859754	     -0.58931069	     -0.14479937	      0.29599947
      0.08647536	     -0.32238933	      0.15075414	      1.02748555	      0.07231611	      0.50278081	     -0.38838557	     -0.22447721	     -0.58702577	     -0.14709147	      0.29559723
      0.08813835	     -0.32178108	      0.15320470	      1.02797691	      0.07343984	      0.49785892	     -0.39228513	     -0.22045654	     -0.58461382	     -0.14954839	      0.29512165
      0.08980134	     -0.32114113	      0.15563700	      1.02848911	      0.07457913	      0.49298623	     -0.39616615	     -0.21653252	     -0.58210182	     -0.15216411	      0.29457243
      0.09146432	     -0.32046871	      0.15805144	      1.02902195	      0.07573245	      0.48815954	     -0.40002704	     -0.21270212	     -0.57951130	     -0.15493269	      0.29394951
      0.09312731	     -0.31976338	      0.16044843	      1.02957515	      0.07689873	      0.48337599	     -0.40386706	     -0.20896230	     -0.57685491	     -0.15784827	      0.29325322
      0.09479030	     -0.31902482	      0.16282836	      1.03014838	      0.07807702	      0.47863286	     -0.40768582	     -0.20530997	     -0.57414187	     -0.16090508	      0.29248406
      0.09645329	     -0.31825287	      0.16519165	      1.03074124	      0.07926656	      0.47392762	     -0.41148334	     -0.20174205	     -0.57137640	     -0.16409746	      0.29164267
      0.09811627	     -0.31744742	      0.16753869	      1.03135332	      0.08046659	      0.46925777	     -0.41525976	     -0.19825544	     -0.56856120	     -0.16741979	      0.29072979
      0.09977926	     -0.31660843	      0.16986991	      1.03198415	      0.08167644	      0.46462093	     -0.41901525	     -0.19484706	     -0.56569736	     -0.17086661	      0.28974622
      0.10144225	     -0.31573589	      0.17218571	      1.03263323	      0.08289537	      0.46001474	     -0.42274997	     -0.19151383	     -0.56278591	     -0.17443255	      0.28869281
      0.10310524	     -0.31482981	      0.17448651	      1.03330006	      0.08412269	      0.45543691	     -0.42646391	     -0.18825271	     -0.55982848	     -0.17811233	      0.28757042
      0.10476822	     -0.31389027	      0.17677271	      1.03398408	      0.08535766	      0.45088522	     -0.43015697	     -0.18506072	     -0.55682737	     -0.18190080	      0.28637997
      0.10643121	     -0.31291737	      0.17904472	      1.03468474	      0.08659961	      0.44635759	     -0.43382886	     -0.18193494	     -0.55378617	     -0.18579292	      0.28512245
      0.10809420	     -0.31191130	      0.18130295	      1.03540144	      0.08784788	      0.44185200	     -0.43747919	     -0.17887253	     -0.55070909	     -0.18978371	      0.28379889
      0.10975719	     -0.31087235	      0.18354780	      1.03613359	      0.08910196	      0.43736670	     -0.44110750	     -0.17587081	     -0.54760116	     -0.19386835	      0.28241047
      0.11142018	     -0.30980092	      0.18577966	      1.03688054	      0.09036139	      0.43290007	     -0.44471327	     -0.17292718	     -0.54446762	     -0.19804207	      0.28095845
      0.11308316	     -0.30869759	      0.18799891	      1.03764166	      0.09162597	      0.42845082	     -0.44829598	     -0.17003929	     -0.54131372	     -0.20230021	      0.27944428
      0.11474615	     -0.30756303	      0.19020591	      1.03841627	      0.09289556	      0.42401782	     -0.45185516	     -0.16720484	     -0.53814447	     -0.20663814	      0.27786952
      0.11640914	     -0.30639811	      0.19240101	      1.03920368	      0.09417030	      0.41960026	     -0.45539037	     -0.16442177	     -0.53496430	     -0.21105136	      0.27623592
      0.11807213	     -0.30520379	      0.19458456	      1.04000319	      0.09545041	      0.41519755	     -0.45890124	     -0.16168817	     -0.53177722	     -0.21553535	      0.27454534
      0.11973511	     -0.30398125	      0.19675688	      1.04081406	      0.09673641	      0.41080944	     -0.46238748	     -0.15900237	     -0.52858647	     -0.22008569	      0.27279984
      0.12139810	     -0.30273176	      0.19891827	      1.04163557	      0.09802889	      0.40643584	     -0.46584885	     -0.15636287	     -0.52539491	     -0.22469795	      0.27100158
      0.12306109	     -0.30145674	      0.20106905	      1.04246696	      0.09932867	      0.40207702	     -0.46928518	     -0.15376842	     -0.52220479	     -0.22936775	      0.26915285
      0.12472408	     -0.30015765	      0.20320948	      1.04330748	      0.10063662	      0.39773335	     -0.47269632	     -0.15121794	     -0.51901811	     -0.23409075	      0.26725599
      0.12638706	     -0.29883605	      0.20533985	      1.04415637	      0.10195372	      0.39340543	     -0.47608214	     -0.14871058	     -0.51583649	     -0.23886263	      0.26531341
      0.12805005	     -0.29749351	      0.20746041	      1.04501288	      0.10328098	      0.38909394	     -0.47944255	     -0.14624558	     -0.51266143	     -0.24367908	      0.26332752
      0.12971304	     -0.29613158	      0.20957142	      1.04587625	      0.10461941	      0.38479966	     -0.48277740	     -0.14382243	     -0.50949424	     -0.24853586	      0.26130070
      0.13137603	     -0.29475182	      0.21167312	      1.04674574	      0.10596999	      0.38052339	     -0.48608655	     -0.14144065	     -0.50633616	     -0.25342874	      0.25923527
      0.13303902	     -0.29335570	      0.21376574	      1.04762061	      0.10733367	      0.37626596	     -0.48936984	     -0.13909994	     -0.50318829	     -0.25835355	      0.25713349
      0.13470200	     -0.29194466	      0.21584952	      1.04850014	      0.10871131	      0.37202819	     -0.49262706	     -0.13680002	     -0.50005166	     -0.26330618	      0.25499755
      0.13636499	     -0.29052008	      0.21792469	      1.04938362	      0.11010371	      0.36781085	     -0.49585799	     -0.13454071	     -0.49692718	     -0.26828259	      0.25282951
      0.13802798	     -0.28908327	      0.21999147	      1.05027036	      0.11151161	      0.36361470	     -0.49906236	     -0.13232186	     -0.49381568	     -0.27327878	      0.25063140
      0.13969097	     -0.28763547	      0.22205007	      1.05115967	      0.11293567	      0.35944043	     -0.50223991	     -0.13014332	     -0.49071783	     -0.27829088	      0.24840511
      0.14135395	     -0.28617790	      0.22410070	      1.05205088	      0.11437652	      0.35528870	     -0.50539031	     -0.12800496	     -0.48763422	     -0.28331509	      0.24615252
      0.14301694	     -0.28471171	      0.22614358	      1.05294336	      0.11583472	      0.35116012	     -0.50851326	     -0.12590666	     -0.48456531	     -0.28834772	      0.24387538
      0.14467993	     -0.28323803	      0.22817889	      1.05383645	      0.11731082	      0.34705529	     -0.51160839	     -0.12384823	     -0.48151145	     -0.29338515	      0.24157546
      0.14634292	     -0.28175798	      0.23020685	      1.05472955	      0.11880533	      0.34297475	     -0.51467538	     -0.12182950	     -0.47847289	     -0.29842394	      0.23925444
      0.14800590	     -0.28027264	      0.23222764	      1.05562204	      0.12031878	      0.33891905	     -0.51771384	     -0.11985024	     -0.47544979	     -0.30346067	      0.23691403
      0.14966889	     -0.27878313	      0.23424145	      1.05651334	      0.12185169	      0.33488871	     -0.52072342	     -0.11791018	     -0.47244220	     -0.30849210	      0.23455588
      0.15133188	     -0.27729052	      0.23624847	      1.05740286	      0.12340459	      0.33088423	     -0.52370374	     -0.11600901	     -0.46945012	     -0.31351506	      0.23218166
      0.15299487	     -0.27579592	      0.23824886	      1.05829005	      0.12497801	      0.32690609	     -0.52665443	     -0.11414637	     -0.46647341	     -0.31852650	      0.22979301
      0.15465786	     -0.27430041	      0.24024280	      1.05917434	      0.12657249	      0.32295477	     -0.52957511	     -0.11232185	     -0.46351189	     -0.32352345	      0.22739157
      0.15632084	     -0.27280507	      0.24223047	      1.06005521	      0.12818856	      0.31903069	     -0.53246537	     -0.11053497	     -0.46056526	     -0.32850308	      0.22497895
      0.15798383	     -0.27131097	      0.24421204	      1.06093214	      0.12982675	      0.31513426	     -0.53532482	     -0.10878524	     -0.45763316	     -0.33346260	      0.22255677
      0.15964682	     -0.26981917	      0.24618765	      1.06180462	      0.13148758	      0.31126584	     -0.53815304	     -0.10707206	     -0.45471510	     -0.33839939	      0.22012659
      0.16130981	     -0.26833071	      0.24815749	      1.06267217	      0.13317153	      0.30742577	     -0.54094958	     -0.10539481	     -0.45181053	     -0.34331085	      0.21768998
      0.16297279	     -0.26684659	      0.25012169	      1.06353430	      0.13487908	      0.30361431	     -0.54371400	     -0.10375279	     -0.44891880	     -0.34819453	      0.21524844
      0.16463578	     -0.26536781	      0.25208043	      1.06439057	      0.13661067	      0.29983167	     -0.54644583	     -0.10214524	     -0.44603917	     -0.35304804	      0.21280346
      0.16629877	     -0.26389531	      0.25403386	      1.06524052	      0.13836669	      0.29607803	     -0.54914456	     -0.10057136	     -0.44317084	     -0.35786914	      0.21035649
      0.16796176	     -0.26243004	      0.25598213	      1.06608373	      0.14014752	      0.29235349	     -0.55180968	     -0.09903026	     -0.44031292	     -0.36265562	      0.20790892
      0.16962474	     -0.26097287	      0.25792539	      1.06691980	      0.14195349	      0.28865808	     -0.55444064	     -0.09752098	     -0.43746450	     -0.36740546	      0.20546213
      0.17128773	     -0.25952469	      0.25986380	      1.06774831	      0.14378491	      0.28499181	     -0.55703689	     -0.09604254	     -0.43462461	     -0.37211666	      0.20301745
      0.17295072	     -0.25808632	      0.26179750	      1.06856888	      0.14564203	      0.28135460	     -0.55959782	     -0.09459383	     -0.43179227	     -0.37678740	      0.20057615
      0.17461371	     -0.25665857	      0.26372665	      1.06938116	      0.14752508	      0.27774631	     -0.56212282	     -0.09317372	     -0.42896651	     -0.38141591	      0.19813951
      0.17627670	     -0.25524222	      0.26565140	      1.07018478	      0.14943426	      0.27416678	     -0.56461123	     -0.09178100	     -0.42614637	     -0.38600059	      0.19570873
      0.17793968	     -0.25383803	      0.26757188	      1.07097941	      0.15136974	      0.27061577	     -0.56706238	     -0.09041440	     -0.42333090	     -0.39053988	      0.19328502
      0.17960267	     -0.25244674	      0.26948826	      1.07176471	      0.15333165	      0.26709301	     -0.56947556	     -0.08907260	     -0.42051923	     -0.39503239	      0.19086953
      0.18126566	     -0.25106906	      0.27140067	      1.07254037	      0.15532013	      0.26359819	     -0.57185006	     -0.08775422	     -0.41771051	     -0.39947677	      0.18846342
      0.18292865	     -0.24970571	      0.27330925	      1.07330609	      0.15733527	      0.26013098	     -0.57418511	     -0.08645784	     -0.41490400	     -0.40387181	      0.18606781
      0.18459163	     -0.24835736	      0.27521416	      1.07406158	      0.15937718	      0.25669100	     -0.57647996	     -0.08518201	     -0.41209898	     -0.40821633	      0.18368380
      0.18625462	     -0.24702471	      0.27711554	      1.07480656	      0.16144591	      0.25327787	     -0.57873379	     -0.08392522	     -0.40929482	     -0.41250929	      0.18131248
      0.18791761	     -0.24570843	      0.27901352	      1.07554075	      0.16354154	      0.24989119	     -0.58094580	     -0.08268599	     -0.40649096	     -0.41674967	      0.17895493
      0.18958060	     -0.24440916	      0.28090824	      1.07626390	      0.16566412	      0.24653052	     -0.58311517	     -0.08146279	     -0.40368690	     -0.42093654	      0.17661220
      0.19124358	     -0.24312755	      0.28279984	      1.07697576	      0.16781369	      0.24319546	     -0.58524103	     -0.08025409	     -0.40088218	     -0.42506900	      0.17428535
      0.19290657	     -0.24186425	      0.28468846	      1.07767610	      0.16999027	      0.23988554	     -0.58732254	     -0.07905837	     -0.39807638	     -0.42914621	      0.17197538
      0.19456956	     -0.24061985	      0.28657424	      1.07836468	      0.17219387	      0.23660032	     -0.58935882	     -0.07787411	     -0.39526912	     -0.43316736	      0.16968331
      0.19623255	     -0.23939497	      0.28845730	      1.07904128	      0.17442447	      0.23333933	     -0.59134897	     -0.07669980	     -0.39245998	     -0.43713168	      0.16741009
      0.19789554	     -0.23819017	      0.29033777	      1.07970569	      0.17668204	      0.23010211	     -0.59329211	     -0.07553396	     -0.38964859	     -0.44103842	      0.16515669
      0.19955852	     -0.23700601	      0.29221580	      1.08035771	      0.17896651	      0.22688816	     -0.59518733	     -0.07437512	     -0.38683449	     -0.44488686	      0.16292402
      0.20122151	     -0.23584302	      0.29409150	      1.08099715	      0.18127781	      0.22369700	     -0.59703370	     -0.07322184	     -0.38401724	     -0.44867629	      0.16071297
      0.20288450	     -0.23470171	      0.29596501	      1.08162383	      0.18361580	      0.22052812	     -0.59883031	     -0.07207269	     -0.38119630	     -0.45240603	      0.15852438
      0.20454749	     -0.23358256	      0.29783645	      1.08223756	      0.18598036	      0.21738101	     -0.60057623	     -0.07092629	     -0.37837113	     -0.45607544	      0.15635910
      0.20621047	     -0.23248604	      0.29970595	      1.08283818	      0.18837131	      0.21425513	     -0.60227051	     -0.06978127	     -0.37554110	     -0.45968386	      0.15421790
      0.20787346	     -0.23141256	      0.30157364	      1.08342552	      0.19078847	      0.21114997	     -0.60391221	     -0.06863628	     -0.37270559	     -0.46323068	      0.15210155
      0.20953645	     -0.23036256	      0.30343962	      1.08399944	      0.19323160	      0.20806498	     -0.60550039	     -0.06749002	     -0.36986390	     -0.46671531	      0.15001079
      0.21119944	     -0.22933643	      0.30530404	      1.08455978	      0.19570047	      0.20499962	     -0.60703407	     -0.06634118	     -0.36701533	     -0.47013719	      0.14794632
      0.21286242	     -0.22833454	      0.30716701	      1.08510642	      0.19819483	      0.20195334	     -0.60851231	     -0.06518850	     -0.36415918	     -0.47349576	      0.14590884
      0.21452541	     -0.22735725	      0.30902864	      1.08563920	      0.20071440	      0.19892561	     -0.60993413	     -0.06403072	     -0.36129475	     -0.47679050	      0.14389900
      0.21618840	     -0.22640493	      0.31088906	      1.08615800	      0.20325890	      0.19591588	     -0.61129858	     -0.06286663	     -0.35842135	     -0.48002092	      0.14191745
      0.21785139	     -0.22547791	      0.31274838	      1.08666271	      0.20582803	      0.19292361	     -0.61260467	     -0.06169502	     -0.35553835	     -0.48318651	      0.13996483
      0.21951438	     -0.22457652	      0.31460672	      1.08715319	      0.20842150	      0.18994827	     -0.61385144	     -0.06051471	     -0.35264517	     -0.48628681	      0.13804176
      0.22117736	     -0.22370109	      0.31646420	      1.08762934	      0.21103899	      0.18698934	     -0.61503792	     -0.05932456	     -0.34974127	     -0.48932135	      0.13614885
      0.22284035	     -0.22285193	      0.31832092	      1.08809104	      0.21368019	      0.18404630	     -0.61616313	     -0.05812343	     -0.34682618	     -0.49228964	      0.13428669
      0.22450334	     -0.22202935	      0.32017699	      1.08853820	      0.21634479	      0.18111863	     -0.61722613	     -0.05691022	     -0.34389951	     -0.49519123	      0.13245586
      0.22616633	     -0.22123365	      0.32203253	      1.08897071	      0.21903246	      0.17820584	     -0.61822595	     -0.05568387	     -0.34096093	     -0.49802560	      0.13065693
      0.22782931	     -0.22046511	      0.32388765	      1.08938846	      0.22174288	      0.17530741	     -0.61916164	     -0.05444332	     -0.33801012	     -0.50079225	      0.12889046
      0.22949230	     -0.21972402	      0.32574246	      1.08979138	      0.22447571	      0.17242286	     -0.62003228	     -0.05318759	     -0.33504685	     -0.50349062	      0.12715698
      0.23115529	     -0.21901063	      0.32759705	      1.09017936	      0.22723060	      0.16955169	     -0.62083693	     -0.05191570	     -0.33207087	     -0.50612014	      0.12545702
      0.23281828	     -0.21832518	      0.32945153	      1.09055233	      0.23000720	      0.16669340	     -0.62157471	     -0.05062672	     -0.32908197	     -0.50868016	      0.12379107
      0.23448126	     -0.21766793	      0.33130602	      1.09091019	      0.23280515	      0.16384751	     -0.62224472	     -0.04931977	     -0.32607992	     -0.51117002	      0.12215960
      0.23614425	     -0.21703906	      0.33316060	      1.09125286	      0.23562407	      0.16101352	     -0.62284611	     -0.04799401	     -0.32306452	     -0.51358897	      0.12056307
      0.23780724	     -0.21643879	      0.33501539	      1.09158028	      0.23846357	      0.15819094	     -0.62337806	     -0.04664864	     -0.32003556	     -0.51593621	      0.11900191
      0.23947023	     -0.21586728	      0.33687048	      1.09189235	      0.24132325	      0.15537928	     -0.62383975	     -0.04528294	     -0.31699287	     -0.51821085	      0.11747651
      0.24113322	     -0.21532469	      0.33872596	      1.09218901	      0.24420271	      0.15257806	     -0.62423041	     -0.04389620	     -0.31393627	     -0.52041197	      0.11598726
      0.24279620	     -0.21481115	      0.34058194	      1.09247019	      0.24710151	      0.14978676	     -0.62454930	     -0.04248781	     -0.31086567	     -0.52253851	      0.11453447
      0.24445919	     -0.21432677	      0.34243851	      1.09273582	      0.25001923	      0.14700492	     -0.62479570	     -0.04105721	     -0.30778097	     -0.52458938	      0.11311848
      0.24612218	     -0.21387162	      0.34429577	      1.09298583	      0.25295541	      0.14423203	     -0.62496895	     -0.03960390	     -0.30468212	     -0.52656335	      0.11173956
      0.24778517	     -0.21344577	      0.34615380	      1.09322015	      0.25590959	      0.14146761	     -0.62506841	     -0.03812744	     -0.30156907	     -0.52845915	      0.11039794
      0.24944815	     -0.21304925	      0.34801269	      1.09343873	      0.25888129	      0.13871116	     -0.62509350	     -0.03662751	     -0.29844173	     -0.53027534	      0.10909384
      0.25111114	     -0.21268206	      0.34987254	      1.09364150	      0.26187001	      0.13596220	     -0.62504366	     -0.03510380	     -0.29530003	     -0.53201043	      0.10782743
      0.25277413	     -0.21234417	      0.35173343	      1.09382839	      0.26487525	      0.13322025	     -0.62491842	     -0.03355615	     -0.29214382	     -0.53366280	      0.10659884
      0.25443712	     -0.21203553	      0.35359544	      1.09399936	      0.26789648	      0.13048482	     -0.62471732	     -0.03198444	     -0.28897296	     -0.53523071	      0.10540815
      0.25610010	     -0.21175605	      0.35545865	      1.09415433	      0.27093316	      0.12775544	     -0.62443998	     -0.03038867	     -0.28578728	     -0.53671232	      0.10425542
      0.25776309	     -0.21150561	      0.35732315	      1.09429325	      0.27398475	      0.12503164	     -0.62408605	     -0.02876890	     -0.28258663	     -0.53810568	      0.10314065
      0.25942608	     -0.21128407	      0.35918900	      1.09441606	      0.27705067	      0.12231297	     -0.62365524	     -0.02712534	     -0.27937087	     -0.53940869	      0.10206382
      0.26108907	     -0.21109126	      0.36105629	      1.09452270	      0.28013036	      0.11959897	     -0.62314731	     -0.02545825	     -0.27613994	     -0.54061920	      0.10102486
      0.26275206	     -0.21092698	      0.36292509	      1.09461311	      0.28322324	      0.11688923	     -0.62256209	     -0.02376804	     -0.27289382	     -0.54173489	      0.10002365
      0.26441504	     -0.21079100	      0.36479546	      1.09468723	      0.28632871	      0.11418333	     -0.62189945	     -0.02205517	     -0.26963254	     -0.54275338	      0.09906006
      0.26607803	     -0.21068308	      0.36666746	      1.09474501	      0.28944621	      0.11148092	     -0.62115932	     -0.02032029	     -0.26635618	     -0.54367220	      0.09813390
      0.26774102	     -0.21060296	      0.36854117	      1.09478638	      0.29257515	      0.10878165	     -0.62034168	     -0.01856409	     -0.26306483	     -0.54448878	      0.09724499
      0.26940401	     -0.21055036	      0.37041663	      1.09481127	      0.29571495	      0.10608522	     -0.61944660	     -0.01678743	     -0.25975861	     -0.54520048	      0.09639307
      0.27106699	     -0.21052499	      0.37229390	      1.09481962	      0.29886508	      0.10339138	     -0.61847418	     -0.01499124	     -0.25643758	     -0.54580465	      0.09557792
      0.27272998	     -0.21052655	      0.37417303	      1.09481136	      0.30202498	      0.10069994	     -0.61742461	     -0.01317660	     -0.25310184	     -0.54629856	      0.09479925
      0.27439297	     -0.21055476	      0.37605406	      1.09478642	      0.30519414	      0.09801074	     -0.61629813	     -0.01134466	     -0.24975144	     -0.54667953	      0.09405678
      0.27605596	     -0.21060930	      0.37793703	      1.09474474	      0.30837207	      0.09532371	     -0.61509504	     -0.00949673	     -0.24638644	     -0.54694492	      0.09335022
      0.27771895	     -0.21068986	      0.37982198	      1.09468622	      0.31155829	      0.09263882	     -0.61381569	     -0.00763413	     -0.24300693	     -0.54709221	      0.09267926
      0.27938193	     -0.21079611	      0.38170895	      1.09461081	      0.31475234	      0.08995607	     -0.61246049	     -0.00575827	     -0.23961304	     -0.54711912	      0.09204355
      0.28104492	     -0.21092773	      0.38359795	      1.09451842	      0.31795374	      0.08727551	     -0.61102989	     -0.00387057	     -0.23620492	     -0.54702363	      0.09144273
      0.28270791	     -0.21108434	      0.38548901	      1.09440899	      0.32116202	      0.08459717	     -0.60952436	     -0.00197239	     -0.23278277	     -0.54680442	      0.09087641
      0.28437090	     -0.21126550	      0.38738217	      1.09428245	      0.32437660	      0.08192095	     -0.60794439	     -0.00006475	     -0.22934678	     -0.54646090	      0.09034408
      0.28603388	     -0.21147097	      0.38927743	      1.09413871	      0.32759725	      0.07924736	     -0.60629057	      0.00185038	     -0.22589717	     -0.54599177	      0.08984547
      0.28769687	     -0.21170078	      0.39117476	      1.09397769	      0.33082403	      0.07657756	     -0.60456364	      0.00377013	     -0.22243420	     -0.54539486	      0.08938055
      0.28935986	     -0.21195481	      0.39307417	      1.09379930	      0.33405690	      0.07391233	     -0.60276429	      0.00569269	     -0.21895803	     -0.54467023	      0.08894915
      0.29102285	     -0.21223288	      0.39497564	      1.09360345	      0.33729565	      0.07125214	     -0.60089321	      0.00761695	     -0.21546878	     -0.54381907	      0.08855103
      0.29268583	     -0.21253488	      0.39687918	      1.09339009	      0.34054021	      0.06859761	     -0.59895109	      0.00954176	     -0.21196655	     -0.54284311	      0.08818605
      0.29434882	     -0.21286074	      0.39878478	      1.09315914	      0.34379058	      0.06594945	     -0.59693867	      0.01146607	     -0.20845140	     -0.54174456	      0.08785410
      0.29601181	     -0.21321052	      0.40069242	      1.09291052	      0.34704687	      0.06330848	     -0.59485669	      0.01338897	     -0.20492330	     -0.54052654	      0.08755522
      0.29767480	     -0.21358432	      0.40260211	      1.09264417	      0.35030927	      0.06067558	     -0.59270592	      0.01530970	     -0.20138222	     -0.53919262	      0.08728949
      0.29933779	     -0.21398234	      0.40451381	      1.09236003	      0.35357808	      0.05805175	     -0.59048710	      0.01722772	     -0.19782811	     -0.53774736	      0.08705713
      0.30100077	     -0.21440485	      0.40642752	      1.09205804	      0.35685366	      0.05543802	     -0.58820100	      0.01914263	     -0.19426089	     -0.53619584	      0.08685840
      0.30266376	     -0.21485220	      0.40834322	      1.09173815	      0.36013646	      0.05283551	     -0.58584832	      0.02105432	     -0.19068051	     -0.53454396	      0.08669370
      0.30432675	     -0.21532476	      0.41026090	      1.09140032	      0.36342696	      0.05024533	     -0.58342979	      0.02296278	     -0.18708693	     -0.53279803	      0.08656344
      0.30598974	     -0.21582294	      0.41218054	      1.09104453	      0.36672563	      0.04766859	     -0.58094604	      0.02486827	     -0.18348014	     -0.53096503	      0.08646809
      0.30765272	     -0.21634714	      0.41410214	      1.09067077	      0.37003292	      0.04510634	     -0.57839768	      0.02677121	     -0.17986018	     -0.52905229	      0.08640809
      0.30931571	     -0.21689768	      0.41602569	      1.09027905	      0.37334917	      0.04255949	     -0.57578521	      0.02867234	     -0.17622712	     -0.52706790	      0.08638386
      0.31097870	     -0.21747485	      0.41795122	      1.08986941	      0.37667461	      0.04002882	     -0.57310906	      0.03057260	     -0.17258105	     -0.52502033	      0.08639572
      0.31264169	     -0.21807876	      0.41987872	      1.08944191	      0.38000927	      0.03751483	     -0.57036955	      0.03247336	     -0.16892211	     -0.52291877	      0.08644386
      0.31430467	     -0.21870947	      0.42180824	      1.08899663	      0.38335303	      0.03501785	     -0.56756689	      0.03437619	     -0.16525041	     -0.52077273	      0.08652841
      0.31596766	     -0.21936691	      0.42373982	      1.08853371	      0.38670559	      0.03253799	     -0.56470118	      0.03628289	     -0.16156607	     -0.51859171	      0.08664936
      0.31763065	     -0.22005096	      0.42567351	      1.08805326	      0.39006657	      0.03007526	     -0.56177246	      0.03819530	     -0.15786918	     -0.51638495	      0.08680665
      0.31929364	     -0.22076148	      0.42760936	      1.08755547	      0.39343551	      0.02762965	     -0.55878071	      0.04011504	     -0.15415976	     -0.51416045	      0.08700023
      0.32095663	     -0.22149835	      0.42954743	      1.08704048	      0.39681197	      0.02520119	     -0.55572587	      0.04204345	     -0.15043783	     -0.51192531	      0.08723007
      0.32261961	     -0.22226149	      0.43148779	      1.08650850	      0.40019553	      0.02279000	     -0.55260784	      0.04398140	     -0.14670342	     -0.50968512	      0.08749619
      0.32428260	     -0.22305083	      0.43343050	      1.08595971	      0.40358576	      0.02039629	     -0.54942651	      0.04592951	     -0.14295656	     -0.50744474	      0.08779863
      0.32594559	     -0.22386629	      0.43537563	      1.08539432	      0.40698219	      0.01802024	     -0.54618174	      0.04788809	     -0.13919731	     -0.50520817	      0.08813743
      0.32760858	     -0.22470777	      0.43732326	      1.08481255	      0.41038435	      0.01566208	     -0.54287335	      0.04985730	     -0.13542575	     -0.50297900	      0.08851262
      0.32927156	     -0.22557516	      0.43927345	      1.08421464	      0.41379168	      0.01332202	     -0.53950117	      0.05183700	     -0.13164192	     -0.50075974	      0.08892422
      0.33093455	     -0.22646830	      0.44122630	      1.08360083	      0.41720360	      0.01100029	     -0.53606498	      0.05382678	     -0.12784590	     -0.49855223	      0.08937219
      0.33259754	     -0.22738702	      0.44318189	      1.08297137	      0.42061945	      0.00869717	     -0.53256458	      0.05582576	     -0.12403778	     -0.49635690	      0.08985648
      0.33426053	     -0.22833105	      0.44514031	      1.08232654	      0.42403853	      0.00641294	     -0.52899975	      0.05783276	     -0.12021774	     -0.49417352	      0.09037694
      0.33592351	     -0.22929997	      0.44710164	      1.08166661	      0.42745987	      0.00414768	     -0.52537022	      0.05984645	     -0.11638599	     -0.49200164	      0.09093325
      0.33758650	     -0.23029321	      0.44906600	      1.08099189	      0.43088235	      0.00190133	     -0.52167570	      0.06186555	     -0.11254271	     -0.48984091	      0.09152491
      0.33924949	     -0.23130998	      0.45103349	      1.08030272	      0.43430457	     -0.00032640	     -0.51791584	      0.06388864	     -0.10868824	     -0.48769048	      0.09215118
      0.34091248	     -0.23234941	      0.45300423	      1.07959941	      0.43772502	     -0.00253587	     -0.51409029	      0.06591417	     -0.10482299	     -0.48554905	      0.09281123
      0.34257547	     -0.23341045	      0.45497835	      1.07888234	      0.44114199	     -0.00472755	     -0.51019865	      0.06794033	     -0.10094758	     -0.48341489	      0.09350404
      0.34423845	     -0.23449199	      0.45695597	      1.07815185	      0.44455371	     -0.00690197	     -0.50624054	      0.06996526	     -0.09706272	     -0.48128612	      0.09422849
      0.34590144	     -0.23559276	      0.45893722	      1.07740833	      0.44795819	     -0.00905981	     -0.50221554	      0.07198697	     -0.09316946	     -0.47916069	      0.09498329
      0.34756443	     -0.23671141	      0.46092224	      1.07665216	      0.45135336	     -0.01120177	     -0.49812321	      0.07400341	     -0.08926906	     -0.47703652	      0.09576708
      0.34922742	     -0.23784640	      0.46291116	      1.07588374	      0.45473692	     -0.01332880	     -0.49396305	      0.07601256	     -0.08536315	     -0.47491181	      0.09657825
      0.35089040	     -0.23899605	      0.46490415	      1.07510348	      0.45810641	     -0.01544196	     -0.48973453	      0.07801245	     -0.08145359	     -0.47278502	      0.09741505
      0.35255339	     -0.24015844	      0.46690136	      1.07431182	      0.46145908	     -0.01754259	     -0.48543704	      0.08000125	     -0.07754270	     -0.47065503	      0.09827547
      0.35421638	     -0.24133156	      0.46890295	      1.07350920	      0.46479203	     -0.01963216	     -0.48106994	      0.08197718	     -0.07363314	     -0.46852091	      0.09915735
      0.35587937	     -0.24251317	      0.47090910	      1.07269608	      0.46810216	     -0.02171236	     -0.47663250	      0.08393853	     -0.06972816	     -0.46638206	      0.10005832
      0.35754235	     -0.24370098	      0.47291998	      1.07187293	      0.47138625	     -0.02378492	     -0.47212396	      0.08588363	     -0.06583138	     -0.46423800	      0.10097593
      0.35920534	     -0.24489262	      0.47493577	      1.07104023	      0.47464102	     -0.02585165	     -0.46754354	      0.08781078	     -0.06194703	     -0.46208845	      0.10190766
      0.36086833	     -0.24608575	      0.47695666	      1.07019845	      0.47786319	     -0.02791430	     -0.46289042	      0.08971824	     -0.05807959	     -0.45993310	      0.10285097
      0.36253132	     -0.24727810	      0.47898283	      1.06934806	      0.48104962	     -0.02997445	     -0.45816386	      0.09160411	     -0.05423394	     -0.45777157	      0.10380347
      0.36419431	     -0.24846751	      0.48101444	      1.06848953	      0.48419729	     -0.03203350	     -0.45336311	      0.09346637	     -0.05041520	     -0.45560338	      0.10476286
      0.36585729	     -0.24965210	      0.48305168	      1.06762330	      0.48730353	     -0.03409246	     -0.44848752	      0.09530274	     -0.04662887	     -0.45342786	      0.10572715
      0.36752028	     -0.25083015	      0.48509470	      1.06674979	      0.49036588	     -0.03615206	     -0.44353650	      0.09711079	     -0.04288075	     -0.45124432	      0.10669456
      0.36918327	     -0.25200034	      0.48714365	      1.06586942	      0.49338236	     -0.03821252	     -0.43850956	      0.09888794	     -0.03917713	     -0.44905236	      0.10766375
      0.37084626	     -0.25316154	      0.48919867	      1.06498257	      0.49635125	     -0.04027375	     -0.43340630	      0.10063155	     -0.03552464	     -0.44685178	      0.10863363
      0.37250924	     -0.25431311	      0.49125990	      1.06408958	      0.49927140	     -0.04233508	     -0.42822644	      0.10233881	     -0.03193038	     -0.44464246	      0.10960363
      0.37417223	     -0.25545462	      0.49332745	      1.06319081	      0.50214195	     -0.04439548	     -0.42296976	      0.10400678	     -0.02840174	     -0.44242424	      0.11057347
      0.37583522	     -0.25658610	      0.49540143	      1.06228655	      0.50496257	     -0.04645340	     -0.41763622	      0.10563247	     -0.02494645	     -0.44019748	      0.11154336
      0.37749821	     -0.25770777	      0.49748195	      1.06137710	      0.50773317	     -0.04850704	     -0.41222579	      0.10721294	     -0.02157243	     -0.43796290	      0.11251378
      0.37916119	     -0.25882021	      0.49956912	      1.06046274	      0.51045408	     -0.05055417	     -0.40673859	      0.10874525	     -0.01828780	     -0.43572146	      0.11348562
      0.38082418	     -0.25992416	      0.50166302	      1.05954373	      0.51312581	     -0.05259240	     -0.40117477	      0.11022643	     -0.01510075	     -0.43347408	      0.11445994
      0.38248717	     -0.26102058	      0.50376376	      1.05862032	      0.51574915	     -0.05461901	     -0.39553460	      0.11165337	     -0.01201941	     -0.43122146	      0.11543811
      0.38415016	     -0.26211052	      0.50587142	      1.05769277	      0.51832497	     -0.05663120	     -0.38981836	      0.11302290	     -0.00905181	     -0.42896412	      0.11642159
      0.38581315	     -0.26319509	      0.50798612	      1.05676133	      0.52085419	     -0.05862608	     -0.38402641	      0.11433170	     -0.00620579	     -0.42670226	      0.11741191
      0.38747613	     -0.26427535	      0.51010795	      1.05582626	      0.52333772	     -0.06060080	     -0.37815912	      0.11557641	     -0.00348903	     -0.42443596	      0.11841057
      0.38913912	     -0.26535222	      0.51223704	      1.05488782	      0.52577621	     -0.06255268	     -0.37221686	      0.11675366	     -0.00090894	     -0.42216516	      0.11941892
      0.39080211	     -0.26642645	      0.51437350	      1.05394630	      0.52817018	     -0.06447924	     -0.36620000	      0.11786011	      0.00152725	     -0.41988982	      0.12043810
      0.39246510	     -0.26749848	      0.51651748	      1.05300201	      0.53051970	     -0.06637841	     -0.36010886	      0.11889256	      0.00381267	     -0.41761006	      0.12146894
      0.39412808	     -0.26856852	      0.51866912	      1.05205527	      0.53282464	     -0.06824837	     -0.35394377	      0.11984789	      0.00594066	     -0.41532616	      0.12251201
      0.39579107	     -0.26963647	      0.52082861	      1.05110645	      0.53508441	     -0.07008778	     -0.34770503	      0.12072320	      0.00790499	     -0.41303862	      0.12356750
      0.39745406	     -0.27070198	      0.52299611	      1.05015592	      0.53729820	     -0.07189551	     -0.34139292	      0.12151565	      0.00969966	     -0.41074807	      0.12463537
      0.39911705	     -0.27176447	      0.52517183	      1.04920405	      0.53946488	     -0.07367084	     -0.33500778	      0.12222257	      0.01131922	     -0.40845532	      0.12571530
      0.40078003	     -0.27282323	      0.52735596	      1.04825126	      0.54158322	     -0.07541316	     -0.32855000	      0.12284132	      0.01275851	     -0.40616118	      0.12680681
      0.40244302	     -0.27387741	      0.52954872	      1.04729795	      0.54365183	     -0.07712204	     -0.32202011	      0.12336936	      0.01401302	     -0.40386659	      0.12790932
      0.40410601	     -0.27492613	      0.53175032	      1.04634453	      0.54566933	     -0.07879711	     -0.31541871	      0.12380413	      0.01507862	     -0.40157250	      0.12902218
      0.40576900	     -0.27596852	      0.53396099	      1.04539142	      0.54763438	     -0.08043801	     -0.30874662	      0.12414316	      0.01595191	     -0.39928004	      0.13014478
      0.40743199	     -0.27700372	      0.53618094	      1.04443900	      0.54954572	     -0.08204436	     -0.30200478	      0.12438402	      0.01662990	     -0.39699042	      0.13127652
      0.40909497	     -0.27803096	      0.53841040	      1.04348768	      0.55140223	     -0.08361571	     -0.29519441	      0.12452431	      0.01711041	     -0.39470494	      0.13241692
      0.41075796	     -0.27904955	      0.54064959	      1.04253785	      0.55320293	     -0.08515153	     -0.28831685	      0.12456162	      0.01739170	     -0.39242489	      0.13356559
      0.41242095	     -0.28005893	      0.54289873	      1.04158989	      0.55494709	     -0.08665113	     -0.28137380	      0.12449354	      0.01747280	     -0.39015153	      0.13472231
      0.41408394	     -0.28105861	      0.54515804	      1.04064414	      0.55663412	     -0.08811376	     -0.27436708	      0.12431763	      0.01735318	     -0.38788606	      0.13588695
      0.41574692	     -0.28204828	      0.54742773	      1.03970098	      0.55826368	     -0.08953847	     -0.26729891	      0.12403143	      0.01703305	     -0.38562961	      0.13705955
      0.41740991	     -0.28302764	      0.54970803	      1.03876073	      0.55983556	     -0.09092428	     -0.26017164	      0.12363243	      0.01651302	     -0.38338328	      0.13824025
      0.41907290	     -0.28399650	      0.55199914	      1.03782373	      0.56134974	     -0.09227012	     -0.25298802	      0.12311817	      0.01579439	     -0.38114816	      0.13942924
      0.42073589	     -0.28495467	      0.55430127	      1.03689031	      0.56280627	     -0.09357491	     -0.24575097	      0.12248616	      0.01487883	     -0.37892529	      0.14062673
      0.42239887	     -0.28590192	      0.55661465	      1.03596077	      0.56420524	     -0.09483766	     -0.23846377	      0.12173396	      0.01376862	     -0.37671579	      0.14183291
      0.42406186	     -0.28683795	      0.55893949	      1.03503546	      0.56554675	     -0.09605744	     -0.23112990	      0.12085918	      0.01246636	     -0.37452084	      0.14304789
      0.42572485	     -0.28776231	      0.56127600	      1.03411467	      0.56683079	     -0.09723357	     -0.22375319	      0.11985959	      0.01097522	     -0.37234184	      0.14427159
      0.42738784	     -0.28867440	      0.56362442	      1.03319876	      0.56805726	     -0.09836554	     -0.21633769	      0.11873304	      0.00929864	     -0.37018031	      0.14550375
      0.42905083	     -0.28957331	      0.56598498	      1.03228806	      0.56922575	     -0.09945331	     -0.20888780	      0.11747766	      0.00744053	     -0.36803821	      0.14674377
      0.43071381	     -0.29045791	      0.56835791	      1.03138292	      0.57033568	     -0.10049712	     -0.20140813	      0.11609175	      0.00540507	     -0.36591778	      0.14799079
      0.43237680	     -0.29132657	      0.57074347	      1.03048372	      0.57138598	     -0.10149787	     -0.19390364	      0.11457402	      0.00319684	     -0.36382181	      0.14924337
      0.43403979	     -0.29217741	      0.57314194	      1.02959088	      0.57237529	     -0.10245687	     -0.18637947	      0.11292341	      0.00082061	     -0.36175345	      0.15049979
      0.43570278	     -0.29300797	      0.57555360	      1.02870480	      0.57330170	     -0.10337619	     -0.17884113	      0.11113932	     -0.00171852	     -0.35971644	      0.15175766
      0.43736576	     -0.29381553	      0.57797874	      1.02782594	      0.57416297	     -0.10425831	     -0.17129430	      0.10922139	     -0.00441529	     -0.35771482	      0.15301427
      0.43902875	     -0.29459689	      0.58041767	      1.02695478	      0.57495641	     -0.10510636	     -0.16374499	      0.10716968	     -0.00726423	     -0.35575313	      0.15426639
      0.44069174	     -0.29534868	      0.58287071	      1.02609178	      0.57567913	     -0.10592375	     -0.15619938	      0.10498445	     -0.01025978	     -0.35383613	      0.15551054
      0.44235473	     -0.29606733	      0.58533818	      1.02523744	      0.57632811	     -0.10671418	     -0.14866395	      0.10266614	     -0.01339631	     -0.35196853	      0.15674307
      0.44401771	     -0.29674931	      0.58782039	      1.02439222	      0.57690036	     -0.10748135	     -0.14114538	      0.10021518	     -0.01666819	     -0.35015497	      0.15796032
      0.44568070	     -0.29739126	      0.59031764	      1.02355658	      0.57739314	     -0.10822876	     -0.13365054	      0.09763203	     -0.02006983	     -0.34840006	      0.15915884
      0.44734369	     -0.29798999	      0.59283023	      1.02273093	      0.57780395	     -0.10895977	     -0.12618645	      0.09491718	     -0.02359575	     -0.34670844	      0.16033536
      0.44900668	     -0.29854275	      0.59535843	      1.02191565	      0.57813078	     -0.10967721	     -0.11876021	      0.09207114	     -0.02724065	     -0.34508490	      0.16148712
      0.45066967	     -0.29904706	      0.59790250	      1.02111110	      0.57837196	     -0.11038367	     -0.11137891	      0.08909449	     -0.03099940	     -0.34353440	      0.16261164
      0.45233265	     -0.29950100	      0.60046268	      1.02031757	      0.57852641	     -0.11108117	     -0.10404952	      0.08598809	     -0.03486715	     -0.34206273	      0.16370713
      0.45399564	     -0.29990294	      0.60303919	      1.01953532	      0.57859336	     -0.11177153	     -0.09677892	      0.08275312	     -0.03883912	     -0.34067637	      0.16477211
      0.45565863	     -0.30025176	      0.60563226	      1.01876457	      0.57857252	     -0.11245618	     -0.08957362	      0.07939154	     -0.04291041	     -0.33938345	      0.16580573
      0.45732162	     -0.30054660	      0.60824211	      1.01800551	      0.57846381	     -0.11313651	     -0.08243993	      0.07590582	     -0.04707587	     -0.33819282	      0.16680745
      0.45898460	     -0.30078713	      0.61086894	      1.01725829	      0.57826769	     -0.11381338	     -0.07538378	      0.07229843	     -0.05132908	     -0.33711222	      0.16777739
      0.46064759	     -0.30097338	      0.61351295	      1.01652303	      0.57798492	     -0.11448732	     -0.06841097	      0.06857152	     -0.05566268	     -0.33614821	      0.16871606
      0.46231058	     -0.30110600	      0.61617432	      1.01579975	      0.57761698	     -0.11515794	     -0.06152703	      0.06472640	     -0.06006751	     -0.33530511	      0.16962470
      0.46397357	     -0.30118599	      0.61885317	      1.01508844	      0.57716575	     -0.11582442	     -0.05473742	      0.06076401	     -0.06453359	     -0.33458673	      0.17050494
      0.46563655	     -0.30121472	      0.62154965	      1.01438906	      0.57663336	     -0.11648573	     -0.04804711	      0.05668632	     -0.06905140	     -0.33400019	      0.17135879
      0.46729954	     -0.30119351	      0.62426389	      1.01370153	      0.57602184	     -0.11714116	     -0.04146072	      0.05249652	     -0.07361266	     -0.33355539	      0.17218829
      0.46896253	     -0.30112333	      0.62699608	      1.01302585	      0.57533249	     -0.11779109	     -0.03498180	      0.04820028	     -0.07821406	     -0.33326691	      0.17299513
      0.47062552	     -0.30100484	      0.62974644	      1.01236205	      0.57456603	     -0.11843670	     -0.02861325	      0.04380442	     -0.08285584	     -0.33315043	      0.17378065
      0.47228851	     -0.30083814	      0.63251521	      1.01171018	      0.57372228	     -0.11907992	     -0.02235691	      0.03931525	     -0.08754435	     -0.33321729	      0.17454565
      0.47395149	     -0.30062315	      0.63530264	      1.01107031	      0.57280076	     -0.11972269	     -0.01621424	      0.03473782	     -0.09228837	     -0.33347491	      0.17529067
      0.47561448	     -0.30035932	      0.63810896	      1.01044252	      0.57180044	     -0.12036695	     -0.01018639	      0.03007465	     -0.09709701	     -0.33392437	      0.17601559
      0.47727747	     -0.30004580	      0.64093436	      1.00982682	      0.57071999	     -0.12101462	     -0.00427459	      0.02532700	     -0.10197741	     -0.33456421	      0.17671990
      0.47894046	     -0.29968077	      0.64377899	      1.00922327	      0.56955717	     -0.12166810	      0.00151948	      0.02049460	     -0.10693003	     -0.33539073	      0.17740179
      0.48060344	     -0.29926176	      0.64664299	      1.00863187	      0.56830913	     -0.12233030	      0.00719372	      0.01557683	     -0.11195069	     -0.33640006	      0.17805864
      0.48226643	     -0.29878482	      0.64952647	      1.00805269	      0.56697145	     -0.12300543	      0.01274569	      0.01057265	     -0.11703010	     -0.33758858	      0.17868592
      0.48392942	     -0.29824517	      0.65242954	      1.00748581	      0.56553883	     -0.12369843	      0.01817291	      0.00548092	     -0.12215820	     -0.33895298	      0.17927809
      0.48559241	     -0.29763667	      0.65535227	      1.00693134	      0.56400437	     -0.12441554	      0.02347314	      0.00030047	     -0.12732849	     -0.34049055	      0.17982786
      0.48725539	     -0.29695264	      0.65829473	      1.00638940	      0.56236053	     -0.12516347	      0.02864435	     -0.00496996	     -0.13253827	     -0.34219875	      0.18032723
      0.48891838	     -0.29618600	      0.66125689	      1.00586010	      0.56059949	     -0.12594885	      0.03368390	     -0.01033266	     -0.13778296	     -0.34407451	      0.18076757
      0.49058137	     -0.29532967	      0.66423870	      1.00534347	      0.55871364	     -0.12677801	      0.03858828	     -0.01579031	     -0.14305227	     -0.34611482	      0.18114016
      0.49224436	     -0.29437676	      0.66724004	      1.00483949	      0.55669638	     -0.12765684	      0.04335014	     -0.02134583	     -0.14830404	     -0.34831715	      0.18143638
      0.49390735	     -0.29332065	      0.67026075	      1.00434804	      0.55454204	     -0.12859084	      0.04795915	     -0.02700227	     -0.15347150	     -0.35067911	      0.18164784
      0.49557033	     -0.29215588	      0.67330054	      1.00386885	      0.55224724	     -0.12958393	      0.05240003	     -0.03276307	     -0.15845943	     -0.35319866	      0.18176731
      0.49723332	     -0.29087787	      0.67635906	      1.00340161	      0.54981002	     -0.13063888	      0.05665557	     -0.03863193	     -0.16316879	     -0.35587402	      0.18178855
      0.49889631	     -0.28948439	      0.67943580	      1.00294584	      0.54723094	     -0.13175543	      0.06070863	     -0.04461318	     -0.16753929	     -0.35870407	      0.18170780
      0.50055930	     -0.28797462	      0.68253014	      1.00250102	      0.54451167	     -0.13293154	      0.06454376	     -0.05071146	     -0.17155005	     -0.36168814	      0.18152284
      0.50222228	     -0.28635038	      0.68564126	      1.00206652	      0.54165646	     -0.13416179	      0.06814585	     -0.05693204	     -0.17523711	     -0.36482645	      0.18123430
      0.50388527	     -0.28461476	      0.68876829	      1.00164166	      0.53867099	     -0.13543917	      0.07149843	     -0.06328039	     -0.17865564	     -0.36811963	      0.18084413
      0.50554826	     -0.28277362	      0.69191011	      1.00122567	      0.53556485	     -0.13675319	      0.07457725	     -0.06976257	     -0.18188012	     -0.37156925	      0.18035723
      0.50721125	     -0.28083432	      0.69506548	      1.00081777	      0.53235009	     -0.13809137	      0.07735165	     -0.07638497	     -0.18498664	     -0.37517738	      0.17978008
      0.50887423	     -0.27880811	      0.69823285	      1.00041714	      0.52904504	     -0.13943619	      0.07977443	     -0.08315498	     -0.18806670	     -0.37894753	      0.17912317
      0.51053722	     -0.27670861	      0.70141043	      1.00002295	      0.52567180	     -0.14076697	      0.08178805	     -0.09008062	     -0.19122561	     -0.38288411	      0.17839943
      0.51220021	     -0.27455509	      0.70459598	      0.99963445	      0.52226086	     -0.14205549	      0.08331404	     -0.09717144	     -0.19461761	     -0.38699415	      0.17762763
      0.51386320	     -0.27237013	      0.70778694	      0.99925095	      0.51884737	     -0.14326910	      0.08426320	     -0.10443790	     -0.19843329	     -0.39128634	      0.17682993
      0.51552619	     -0.27018322	      0.71098017	      0.99887198	      0.51547371	     -0.14436588	      0.08453848	     -0.11189195	     -0.20298124	     -0.39577403	      0.17603562
      0.51718917	     -0.26802724	      0.71417223	      0.99849723	      0.51218452	     -0.14529948	      0.08404639	     -0.11954603	     -0.20865024	     -0.40047354	      0.17527748
      0.51885216	     -0.26594121	      0.71735915	      0.99812667	      0.50903046	     -0.14601552	      0.08269507	     -0.12741282	     -0.21570908	     -0.40540764	      0.17459455
      0.52051515	     -0.26397438	      0.72053606	      0.99776039	      0.50608008	     -0.14644577	      0.08033376	     -0.13550833	     -0.22446169	     -0.41060330	      0.17403645
      0.52217814	     -0.26215489	      0.72369977	      0.99739893	      0.50335560	     -0.14655236	      0.07703432	     -0.14383406	     -0.23333244	     -0.41609387	      0.17363056
      0.52384112	     -0.26049763	      0.72684816	      0.99704317	      0.50084634	     -0.14631631	      0.07302858	     -0.15238341	     -0.23884843	     -0.42191501	      0.17339041
      0.52550411	     -0.25908015	      0.72997405	      0.99669527	      0.49862120	     -0.14563320	      0.06834247	     -0.16117171	     -0.23894390	     -0.42813080	      0.17339513
      0.52716710	     -0.25799430	      0.73306907	      0.99635835	      0.49675282	     -0.14438056	      0.06305743	     -0.17021242	     -0.23399121	     -0.43482685	      0.17373885
      0.52883009	     -0.25728665	      0.73612833	      0.99603620	      0.49524187	     -0.14250413	      0.05751633	     -0.17947874	     -0.22588593	     -0.44210470	      0.17446780
      0.53049307	     -0.25698436	      0.73914825	      0.99573249	      0.49408014	     -0.13997964	      0.05201531	     -0.18892622	     -0.21627635	     -0.45006491	      0.17560751
      0.53215606	     -0.25708935	      0.74212703	      0.99545065	      0.49325326	     -0.13682203	      0.04672107	     -0.19848908	     -0.20617323	     -0.45880009	      0.17715654
      0.53381905	     -0.25759384	      0.74506357	      0.99519392	      0.49274544	     -0.13306075	      0.04173181	     -0.20809560	     -0.19620193	     -0.46839531	      0.17910318
      0.53548204	     -0.25847318	      0.74795809	      0.99496514	      0.49253315	     -0.12874838	      0.03706616	     -0.21767024	     -0.18655803	     -0.47891899	      0.18141803
      0.53714503	     -0.25969592	      0.75081133	      0.99476693	      0.49258748	     -0.12394555	      0.03272562	     -0.22713990	     -0.17733853	     -0.49042915	      0.18406454
      0.53880801	     -0.26122246	      0.75362464	      0.99460121	      0.49287336	     -0.11871716	      0.02869280	     -0.23645071	     -0.16854080	     -0.50297472	      0.18699751
      0.54047100	     -0.26301197	      0.75639937	      0.99446938	      0.49335504	     -0.11312452	      0.02494814	     -0.24556414	     -0.16015250	     -0.51662252	      0.19017024
      0.54213399	     -0.26502543	      0.75913648	      0.99437146	      0.49400073	     -0.10721575	      0.02146718	     -0.25449825	     -0.15214724	     -0.53113374	      0.19353723
      0.54379698	     -0.26722598	      0.76183665	      0.99430674	      0.49478172	     -0.10102876	      0.01822463	     -0.26332296	     -0.14449801	     -0.54580026	      0.19705493
      0.54545996	     -0.26957198	      0.76450126	      0.99427494	      0.49566105	     -0.09460318	      0.01520063	     -0.27213250	     -0.13718002	     -0.55962277	      0.20067547
      0.54712295	     -0.27201620	      0.76713255	      0.99427653	      0.49659256	     -0.08799142	      0.01238079	     -0.28097750	     -0.13017052	     -0.57200458	      0.20434600
      0.54878594	     -0.27450954	      0.76973340	      0.99431232	      0.49752501	     -0.08125481	      0.00975600	     -0.28986030	     -0.12344874	     -0.58283666	      0.20801268
      0.55044893	     -0.27700552	      0.77230664	      0.99438290	      0.49840969	     -0.07445138	      0.00731791	     -0.29878299	     -0.11699438	     -0.59202397	      0.21162477
      0.55211191	     -0.27946269	      0.77485508	      0.99448861	      0.49920247	     -0.06763404	      0.00506012	     -0.30773810	     -0.11078915	     -0.59958935	      0.21513749
      0.55377490	     -0.28184230	      0.77738147	      0.99462970	      0.49986165	     -0.06085322	      0.00297715	     -0.31671098	     -0.10481596	     -0.60563418	      0.21850924
      0.55543789	     -0.28411168	      0.77988842	      0.99480622	      0.50035168	     -0.05415302	      0.00106477	     -0.32567628	     -0.09905970	     -0.61038225	      0.22170558
      0.55710088	     -0.28624151	      0.78237846	      0.99501805	      0.50064034	     -0.04757378	     -0.00068053	     -0.33460513	     -0.09350665	     -0.61410057	      0.22469587
      0.55876387	     -0.28820987	      0.78485377	      0.99526475	      0.50070353	     -0.04114648	     -0.00226208	     -0.34346995	     -0.08814494	     -0.61706458	      0.22745785
      0.56042685	     -0.28999901	      0.78731631	      0.99554560	      0.50052227	     -0.03489638	     -0.00368428	     -0.35224763	     -0.08296241	     -0.61951880	      0.22997385
      0.56208984	     -0.29159883	      0.78976758	      0.99585945	      0.50008677	     -0.02883814	     -0.00495287	     -0.36092478	     -0.07794801	     -0.62163430	      0.23223461
      0.56375283	     -0.29300273	      0.79220887	      0.99620493	      0.49939136	     -0.02298158	     -0.00607388	     -0.36949319	     -0.07309185	     -0.62353986	      0.23423468
      0.56541582	     -0.29421018	      0.79464109	      0.99658035	      0.49843760	     -0.01732815	     -0.00705429	     -0.37795286	     -0.06838497	     -0.62529777	      0.23597529
      0.56707880	     -0.29522321	      0.79706499	      0.99698386	      0.49723010	     -0.01187584	     -0.00790148	     -0.38630687	     -0.06381865	     -0.62694511	      0.23746044
      0.56874179	     -0.29604805	      0.79948105	      0.99741345	      0.49577850	     -0.00661704	     -0.00862345	     -0.39456257	     -0.05938479	     -0.62848520	      0.23869875
      0.57040478	     -0.29669261	      0.80188963	      0.99786702	      0.49409439	     -0.00154198	     -0.00922842	     -0.40272849	     -0.05507549	     -0.62991240	      0.23970064
      0.57206777	     -0.29716733	      0.80429091	      0.99834240	      0.49219234	      0.00336238	     -0.00972488	     -0.41081439	     -0.05088323	     -0.63121311	      0.24047930
      0.57373075	     -0.29748359	      0.80668500	      0.99883742	      0.49008799	      0.00811019	     -0.01012140	     -0.41883001	     -0.04680066	     -0.63237465	      0.24104889
      0.57539374	     -0.29765404	      0.80907191	      0.99934992	      0.48779848	      0.01271722	     -0.01042658	     -0.42678473	     -0.04282061	     -0.63338881	      0.24142497
      0.57705673	     -0.29769177	      0.81145161	      0.99987775	      0.48534138	      0.01719971	     -0.01064900	     -0.43468754	     -0.03893600	     -0.63425096	      0.24162352
      0.57871972	     -0.29761026	      0.81382400	      1.00041882	      0.48273469	      0.02157435	     -0.01079709	     -0.44254660	     -0.03513987	     -0.63496281	      0.24166090
      0.58038271	     -0.29742302	      0.81618896	      1.00097109	      0.47999643	      0.02585784	     -0.01087922	     -0.45036963	     -0.03142532	     -0.63552882	      0.24155343
      0.58204569	     -0.29714330	      0.81854634	      1.00153261	      0.47714420	      0.03006651	     -0.01090344	     -0.45816355	     -0.02778566	     -0.63595741	      0.24131707
      0.58370868	     -0.29678405	      0.82089599	      1.00210148	      0.47419526	      0.03421635	     -0.01087764	     -0.46593493	     -0.02421437	     -0.63625820	      0.24096743
      0.58537167	     -0.29635743	      0.82323775	      1.00267594	      0.47116580	      0.03832227	     -0.01080925	     -0.47368961	     -0.02070539	     -0.63644191	      0.24051909
      0.58703466	     -0.29587505	      0.82557149	      1.00325429	      0.46807130	      0.04239854	     -0.01070538	     -0.48143311	     -0.01725299	     -0.63651923	      0.23998601
      0.58869764	     -0.29534729	      0.82789708	      1.00383499	      0.46492567	      0.04645788	     -0.01057252	     -0.48917029	     -0.01385232	     -0.63650004	      0.23938067
      0.59036063	     -0.29478380	      0.83021440	      1.00441658	      0.46174188	      0.05051208	     -0.01041675	     -0.49690570	     -0.01049903	     -0.63639349	      0.23871467
      0.59202362	     -0.29419273	      0.83252340	      1.00499776	      0.45853092	      0.05457108	     -0.01024331	     -0.50464324	     -0.00719004	     -0.63620731	      0.23799787
      0.59368661	     -0.29358141	      0.83482402	      1.00557734	      0.45530276	      0.05864377	     -0.01005700	     -0.51238649	     -0.00392300	     -0.63594845	      0.23723916
      0.59534959	     -0.29295561	      0.83711626	      1.00615427	      0.45206524	      0.06273709	     -0.00986163	     -0.52013836	     -0.00069724	     -0.63562266	      0.23644557
      0.59701258	     -0.29232027	      0.83940014	      1.00672762	      0.44882519	      0.06685698	     -0.00966053	     -0.52790147	      0.00248698	     -0.63523518	      0.23562323
      0.59867557	     -0.29167888	      0.84167572	      1.00729660	      0.44558745	      0.07100755	     -0.00945600	     -0.53567781	      0.00562737	     -0.63479052	      0.23477652
      0.60033856	     -0.29103424	      0.84394310	      1.00786049	      0.44235591	      0.07519204	     -0.00924984	     -0.54346904	      0.00872058	     -0.63429298	      0.23390904
      0.60200155	     -0.29038793	      0.84620238	      1.00841874	      0.43913279	      0.07941214	     -0.00904290	     -0.55127629	      0.01176126	     -0.63374651	      0.23302295
      0.60366453	     -0.28974097	      0.84845370	      1.00897083	      0.43591959	      0.08366888	     -0.00883558	     -0.55910042	      0.01474310	     -0.63315496	      0.23211980
      0.60532752	     -0.28909350	      0.85069724	      1.00951635	      0.43271655	      0.08796215	     -0.00862756	     -0.56694188	      0.01765842	     -0.63252196	      0.23120009
      0.60699051	     -0.28844530	      0.85293316	      1.01005497	      0.42952341	      0.09229140	     -0.00841824	     -0.57480092	      0.02049910	     -0.63185101	      0.23026389
      0.60865350	     -0.28779560	      0.85516166	      1.01058641	      0.42633915	      0.09665537	     -0.00820665	     -0.58267751	      0.02325699	     -0.63114544	      0.22931063
      0.61031648	     -0.28714342	      0.85738291	      1.01111042	      0.42316252	      0.10105256	     -0.00799175	     -0.59057149	      0.02592431	     -0.63040848	      0.22833951
      0.61197947	     -0.28648757	      0.85959712	      1.01162680	      0.41999194	      0.10548116	     -0.00777259	     -0.59848255	      0.02849500	     -0.62964319	      0.22734943
      0.61364246	     -0.28582677	      0.86180447	      1.01213539	      0.41682582	      0.10993928	     -0.00754837	     -0.60641028	      0.03096435	     -0.62885254	      0.22633924
      0.61530545	     -0.28515981	      0.86400513	      1.01263602	      0.41366268	      0.11442506	     -0.00731882	     -0.61435420	      0.03333120	     -0.62803940	      0.22530779
      0.61696843	     -0.28448550	      0.86619929	      1.01312855	      0.41050120	      0.11893672	     -0.00708405	     -0.62231379	      0.03559657	     -0.62720656	      0.22425400
      0.61863142	     -0.28380288	      0.86838710	      1.01361285	      0.40734042	      0.12347269	     -0.00684498	     -0.63028848	      0.03776617	     -0.62635669	      0.22317700
      0.62029441	     -0.28311115	      0.87056870	      1.01408878	      0.40417968	      0.12803161	     -0.00660304	     -0.63827768	      0.03984818	     -0.62549241	      0.22207610
      0.62195740	     -0.28240980	      0.87274423	      1.01455622	      0.40101885	      0.13261245	     -0.00636047	     -0.64628079	      0.04185476	     -0.62461617	      0.22095094
      0.62362039	     -0.28169849	      0.87491379	      1.01501503	      0.39785805	      0.13721439	     -0.00611988	     -0.65429717	      0.04379957	     -0.62373035	      0.21980136
      0.62528337	     -0.28097722	      0.87707750	      1.01546507	      0.39469789	      0.14183698	     -0.00588432	     -0.66232616	      0.04569737	     -0.62283713	      0.21862754
      0.62694636	     -0.28024611	      0.87923544	      1.01590623	      0.39153914	      0.14647992	     -0.00565685	     -0.67036703	      0.04756253	     -0.62193862	      0.21742983
      0.62860935	     -0.27950553	      0.88138770	      1.01633839	      0.38838282	      0.15114315	     -0.00544029	     -0.67841902	      0.04940670	     -0.62103670	      0.21620885
      0.63027234	     -0.27875592	      0.88353437	      1.01676143	      0.38522997	      0.15582669	     -0.00523711	     -0.68648127	      0.05123926	     -0.62013319	      0.21496531
      0.63193532	     -0.27799782	      0.88567551	      1.01717525	      0.38208160	      0.16053066	     -0.00504890	     -0.69455281	      0.05306410	     -0.61922977	      0.21370004
      0.63359831	     -0.27723182	      0.88781121	      1.01757977	      0.37893862	      0.16525517	     -0.00487668	     -0.70263262	      0.05488200	     -0.61832805	      0.21241391
      0.63526130	     -0.27645850	      0.88994156	      1.01797492	      0.37580174	      0.17000030	     -0.00472047	     -0.71071952	      0.05668866	     -0.61742957	      0.21110783
      0.63692429	     -0.27567843	      0.89206664	      1.01836063	      0.37267158	      0.17476611	     -0.00457984	     -0.71881227	      0.05847778	     -0.61653579	      0.20978267
      0.63858727	     -0.27489217	      0.89418654	      1.01873685	      0.36954856	      0.17955259	     -0.00445375	     -0.72690955	      0.06024082	     -0.61564795	      0.20843931
      0.64025026	     -0.27410026	      0.89630137	      1.01910353	      0.36643308	      0.18435970	     -0.00434103	     -0.73500997	      0.06196912	     -0.61476716	      0.20707861
      0.64191325	     -0.27330326	      0.89841120	      1.01946063	      0.36332549	      0.18918738	     -0.00424068	     -0.74311208	      0.06365661	     -0.61389408	      0.20570146
      0.64357624	     -0.27250171	      0.90051615	      1.01980812	      0.36022623	      0.19403555	     -0.00415205	     -0.75121442	      0.06529980	     -0.61302921	      0.20430871
      0.64523923	     -0.27169618	      0.90261631	      1.02014596	      0.35713588	      0.19890416	     -0.00407538	     -0.75931542	      0.06690129	     -0.61217350	      0.20290128
      0.64690221	     -0.27088727	      0.90471176	      1.02047412	      0.35405514	      0.20379316	     -0.00401149	     -0.76741346	      0.06846715	     -0.61132844	      0.20148009
      0.64856520	     -0.27007559	      0.90680261	      1.02079257	      0.35098488	      0.20870253	     -0.00396226	     -0.77550680	      0.07000969	     -0.61049623	      0.20004606
      0.65022819	     -0.26926177	      0.90888893	      1.02110131	      0.34792612	      0.21363229	     -0.00393013	     -0.78359362	      0.07154386	     -0.60968060	      0.19860016
      0.65189118	     -0.26844636	      0.91097083	      1.02140033	      0.34487986	      0.21858225	     -0.00391800	     -0.79167210	      0.07308668	     -0.60888030	      0.19714326
      0.65355416	     -0.26762987	      0.91304840	      1.02168963	      0.34184704	      0.22355203	     -0.00392881	     -0.79974051	      0.07465469	     -0.60808921	      0.19567618
      0.65521715	     -0.26681289	      0.91512174	      1.02196925	      0.33882865	      0.22854156	     -0.00396508	     -0.80779706	      0.07626035	     -0.60730760	      0.19419986
      0.65688014	     -0.26599603	      0.91719093	      1.02223921	      0.33582564	      0.23355086	     -0.00402881	     -0.81583994	      0.07791278	     -0.60653906	      0.19271523
      0.65854313	     -0.26517979	      0.91925609	      1.02249956	      0.33283859	      0.23857974	     -0.00412087	     -0.82386731	      0.07961451	     -0.60578589	      0.19122307
      0.66020611	     -0.26436455	      0.92131730	      1.02275037	      0.32986788	      0.24362793	     -0.00424151	     -0.83187730	      0.08136472	     -0.60505022	      0.18972411
      0.66186910	     -0.26355063	      0.92337469	      1.02299171	      0.32691358	      0.24869499	     -0.00438990	     -0.83986806	      0.08315719	     -0.60433252	      0.18821895
      0.66353209	     -0.26273830	      0.92542837	      1.02322369	      0.32397561	      0.25378041	     -0.00456480	     -0.84783779	      0.08498356	     -0.60363197	      0.18670817
      0.66519508	     -0.26192779	      0.92747847	      1.02344637	      0.32105377	      0.25888364	     -0.00476437	     -0.85578481	      0.08683311	     -0.60294557	      0.18519232
      0.66685807	     -0.26111937	      0.92952511	      1.02365986	      0.31814783	      0.26400414	     -0.00498664	     -0.86370749	      0.08869484	     -0.60226944	      0.18367198
      0.66852105	     -0.26031336	      0.93156841	      1.02386425	      0.31525768	      0.26914145	     -0.00522989	     -0.87160422	      0.09056009	     -0.60159940	      0.18214781
      0.67018404	     -0.25951018	      0.93360850	      1.02405961	      0.31238334	      0.27429520	     -0.00549278	     -0.87947339	      0.09242261	     -0.60093168	      0.18062055
      0.67184703	     -0.25871035	      0.93564548	      1.02424602	      0.30952519	      0.27946516	     -0.00577498	     -0.88731333	      0.09428238	     -0.60026371	      0.17909106
      0.67351002	     -0.25791443	      0.93767946	      1.02442355	      0.30668377	      0.28465120	     -0.00607686	     -0.89512237	      0.09614300	     -0.59959366	      0.17756028
      0.67517300	     -0.25712309	      0.93971055	      1.02459226	      0.30385995	      0.28985329	     -0.00639993	     -0.90289874	      0.09801385	     -0.59892136	      0.17602922
      0.67683599	     -0.25633702	      0.94173884	      1.02475223	      0.30105473	      0.29507145	     -0.00674617	     -0.91064061	      0.09990643	     -0.59824746	      0.17449891
      0.67849898	     -0.25555689	      0.94376444	      1.02490353	      0.29826923	      0.30030568	     -0.00711814	     -0.91834611	      0.10183383	     -0.59757355	      0.17297037
      0.68016197	     -0.25478333	      0.94578743	      1.02504624	      0.29550457	      0.30555595	     -0.00751843	     -0.92601332	      0.10380869	     -0.59690130	      0.17144458
      0.68182495	     -0.25401689	      0.94780792	      1.02518045	      0.29276177	      0.31082210	     -0.00794943	     -0.93364035	      0.10584112	     -0.59623196	      0.16992240
      0.68348794	     -0.25325806	      0.94982603	      1.02530626	      0.29004175	      0.31610391	     -0.00841326	     -0.94122530	      0.10793919	     -0.59556624	      0.16840465
      0.68515093	     -0.25250722	      0.95184185	      1.02542379	      0.28734525	      0.32140100	     -0.00891148	     -0.94876635	      0.11010685	     -0.59490370	      0.16689200
      0.68681392	     -0.25176470	      0.95385550	      1.02553315	      0.28467295	      0.32671294	     -0.00944530	     -0.95626167	      0.11234587	     -0.59424333	      0.16538508
      0.68847691	     -0.25103076	      0.95586709	      1.02563447	      0.28202535	      0.33203920	     -0.01001540	     -0.96370952	      0.11465439	     -0.59358333	      0.16388446
      0.69013989	     -0.25030567	      0.95787676	      1.02572787	      0.27940295	      0.33737924	     -0.01062219	     -0.97110814	      0.11702899	     -0.59292176	      0.16239068
      0.69180288	     -0.24958966	      0.95988460	      1.02581348	      0.27680620	      0.34273253	     -0.01126573	     -0.97845579	      0.11946384	     -0.59225686	      0.16090428
      0.69346587	     -0.24888303	      0.96189075	      1.02589143	      0.27423558	      0.34809857	     -0.01194596	     -0.98575075	      0.12195216	     -0.59158717	      0.15942584
      0.69512886	     -0.24818609	      0.96389532	      1.02596182	      0.27169160	      0.35347690	     -0.01266262	     -0.99299125	      0.12448593	     -0.59091187	      0.15795598
      0.69679184	     -0.24749918	      0.96589843	      1.02602479	      0.26917480	      0.35886711	     -0.01341540	     -1.00017556	      0.12705672	     -0.59023047	      0.15649534
      0.69845483	     -0.24682271	      0.96790018	      1.02608044	      0.26668581	      0.36426887	     -0.01420398	     -1.00730195	      0.12965593	     -0.58954284	      0.15504463
      0.70011782	     -0.24615708	      0.96990069	      1.02612887	      0.26422528	      0.36968184	     -0.01502809	     -1.01436870	      0.13227514	     -0.58884886	      0.15360457
      0.70178081	     -0.24550273	      0.97190007	      1.02617020	      0.26179390	      0.37510573	     -0.01588756	     -1.02137415	      0.13490659	     -0.58814826	      0.15217590
      0.70344379	     -0.24486008	      0.97389843	      1.02620452	      0.25939240	      0.38054025	     -0.01678233	     -1.02831665	      0.13754303	     -0.58744054	      0.15075935
      0.70510678	     -0.24422955	      0.97589587	      1.02623194	      0.25702152	      0.38598507	     -0.01771250	     -1.03519463	      0.14017813	     -0.58672492	      0.14935563
      0.70676977	     -0.24361152	      0.97789251	      1.02625256	      0.25468197	      0.39143985	     -0.01867823	     -1.04200652	      0.14280602	     -0.58600040	      0.14796541
      0.70843276	     -0.24300632	      0.97988845	      1.02626647	      0.25237443	      0.39690420	     -0.01967981	     -1.04875078	      0.14542146	     -0.58526590	      0.14658932
      0.71009575	     -0.24241426	      0.98188381	      1.02627380	      0.25009954	      0.40237766	     -0.02071752	     -1.05542590	      0.14801939	     -0.58452028	      0.14522793
      0.71175873	     -0.24183555	      0.98387869	      1.02627465	      0.24785785	      0.40785971	     -0.02179165	     -1.06203037	      0.15059489	     -0.58376252	      0.14388171
      0.71342172	     -0.24127036	      0.98587321	      1.02626913	      0.24564982	      0.41334975	     -0.02290245	     -1.06856268	      0.15314294	     -0.58299163	      0.14255109
      0.71508471	     -0.24071876	      0.98786747	      1.02625736	      0.24347577	      0.41884706	     -0.02405006	     -1.07502134	      0.15565824	     -0.58220675	      0.14123636
      0.71674770	     -0.24018077	      0.98986161	      1.02623949	      0.24133595	      0.42435089	     -0.02523453	     -1.08140485	      0.15813533	     -0.58140704	      0.13993778
      0.71841068	     -0.23965634	      0.99185573	      1.02621562	      0.23923051	      0.42986037	     -0.02645588	     -1.08771173	      0.16056870	     -0.58059170	      0.13865548
      0.72007367	     -0.23914537	      0.99384995	      1.02618592	      0.23715952	      0.43537462	     -0.02771407	     -1.09394053	      0.16295299	     -0.57975989	      0.13738959
      0.72173666	     -0.23864773	      0.99584438	      1.02615050	      0.23512303	      0.44089269	     -0.02900911	     -1.10008978	      0.16528316	     -0.57891079	      0.13614016
      0.72339965	     -0.23816330	      0.99783915	      1.02610952	      0.23312108	      0.44641365	     -0.03034101	     -1.10615807	      0.16755443	     -0.57804356	      0.13490725
      0.72506263	     -0.23769197	      0.99983435	      1.02606312	      0.23115378	      0.45193660	     -0.03170993	     -1.11214398	      0.16976264	     -0.57715740	      0.13369092
      0.72672562	     -0.23723366	      1.00183010	      1.02601144	      0.22922126	      0.45746066	     -0.03311606	     -1.11804612	      0.17190406	     -0.57625154	      0.13249129
      0.72838861	     -0.23678838	      1.00382648	      1.02595461	      0.22732381	      0.46298507	     -0.03455982	     -1.12386314	      0.17397599	     -0.57532533	      0.13130852
      0.73005160	     -0.23635616	      1.00582360	      1.02589278	      0.22546180	      0.46850911	     -0.03604177	     -1.12959368	      0.17597627	     -0.57437816	      0.13014282
      0.73171459	     -0.23593714	      1.00782153	      1.02582608	      0.22363572	      0.47403218	     -0.03756256	     -1.13523641	      0.17790315	     -0.57340960	      0.12899452
      0.73337757	     -0.23553150	      1.00982035	      1.02575463	      0.22184617	      0.47955374	     -0.03912291	     -1.14078999	      0.17975474	     -0.57241928	      0.12786396
      0.73504056	     -0.23513952	      1.01182015	      1.02567859	      0.22009374	      0.48507333	     -0.04072325	     -1.14625309	      0.18152747	     -0.57140702	      0.12675159
      0.73670355	     -0.23476146	      1.01382097	      1.02559808	      0.21837902	      0.49059051	     -0.04236376	     -1.15162436	      0.18321625	     -0.57037275	      0.12565786
      0.73836654	     -0.23439762	      1.01582291	      1.02551328	      0.21670244	      0.49610484	     -0.04404380	     -1.15690240	      0.18481237	     -0.56931663	      0.12458325
      0.74002952	     -0.23404831	      1.01782601	      1.02542433	      0.21506425	      0.50161586	     -0.04576224	     -1.16208577	      0.18630509	     -0.56823890	      0.12352822
      0.74169251	     -0.23371375	      1.01983037	      1.02533144	      0.21346437	      0.50712301	     -0.04751697	     -1.16717295	      0.18768142	     -0.56714010	      0.12249320
      0.74335550	     -0.23339416	      1.02183606	      1.02523481	      0.21190250	      0.51262567	     -0.04930546	     -1.17216235	      0.18892818	     -0.56602087	      0.12147856
      0.74501849	     -0.23308967	      1.02384317	      1.02513468	      0.21037795	      0.51812310	     -0.05112475	     -1.17705229	      0.19003452	     -0.56488215	      0.12048462
      0.74668147	     -0.23280038	      1.02585178	      1.02503131	      0.20888989	      0.52361447	     -0.05297187	     -1.18184104	      0.19099214	     -0.56372500	      0.11951164
      0.74834446	     -0.23252635	      1.02786199	      1.02492498	      0.20743722	      0.52909888	     -0.05484418	     -1.18652677	      0.19179957	     -0.56255076	      0.11855985
      0.75000745	     -0.23226761	      1.02987390	      1.02481599	      0.20601881	      0.53457540	     -0.05673940	     -1.19110762	      0.19245946	     -0.56136091	      0.11762947
      0.75167044	     -0.23202423	      1.03188759	      1.02470464	      0.20463349	      0.54004311	     -0.05865611	     -1.19558169	      0.19298251	     -0.56015712	      0.11672073
      0.75333343	     -0.23179634	      1.03390316	      1.02459125	      0.20328016	      0.54550112	     -0.06059337	     -1.19994710	      0.19338292	     -0.55894121	      0.11583393
      0.75499641	     -0.23158413	      1.03592070	      1.02447610	      0.20195783	      0.55094864	     -0.06255085	     -1.20420196	      0.19367864	     -0.55771511	      0.11496945
      0.75665940	     -0.23138785	      1.03794029	      1.02435950	      0.20066558	      0.55638496	     -0.06452831	     -1.20834442	      0.19388787	     -0.55648087	      0.11412773
      0.75832239	     -0.23120787	      1.03996200	      1.02424172	      0.19940256	      0.56180949	     -0.06652529	     -1.21237268	      0.19402640	     -0.55524060	      0.11330933
      0.75998538	     -0.23104458	      1.04198591	      1.02412304	      0.19816792	      0.56722166	     -0.06854101	     -1.21628499	      0.19410765	     -0.55399646	      0.11251483
      0.76164836	     -0.23089843	      1.04401209	      1.02400371	      0.19696079	      0.57262102	     -0.07057403	     -1.22007965	      0.19414045	     -0.55275068	      0.11174490
      0.76331135	     -0.23076990	      1.04604061	      1.02388397	      0.19578028	      0.57800710	     -0.07262250	     -1.22375501	      0.19413140	     -0.55150547	      0.11100022
      0.76497434	     -0.23065947	      1.04807153	      1.02376404	      0.19462543	      0.58337950	     -0.07468413	     -1.22730948	      0.19408418	     -0.55026305	      0.11028148
      0.76663733	     -0.23056763	      1.05010492	      1.02364415	      0.19349529	      0.58873778	     -0.07675644	     -1.23074155	      0.19400155	     -0.54902564	      0.10958936
      0.76830031	     -0.23049485	      1.05214084	      1.02352449	      0.19238890	      0.59408155	     -0.07883681	     -1.23404978	      0.19388526	     -0.54779539	      0.10892453
      0.76996330	     -0.23044161	      1.05417935	      1.02340524	      0.19130528	      0.59941039	     -0.08092262	     -1.23723277	      0.19373685	     -0.54657443	      0.10828764
      0.77162629	     -0.23040835	      1.05622051	      1.02328659	      0.19024348	      0.60472389	     -0.08301126	     -1.24028926	      0.19355747	     -0.54536481	      0.10767932
      0.77328928	     -0.23039549	      1.05826436	      1.02316867	      0.18920254	      0.61002161	     -0.08510013	     -1.24321800	      0.19334803	     -0.54416851	      0.10710015
      0.77495227	     -0.23040341	      1.06031097	      1.02305164	      0.18818151	      0.61530309	     -0.08718668	     -1.24601786	      0.19310898	     -0.54298742	      0.10655068
      0.77661525	     -0.23043249	      1.06236038	      1.02293563	      0.18717945	      0.62056788	     -0.08926837	     -1.24868778	      0.19284047	     -0.54182332	      0.10603140
      0.77827824	     -0.23048303	      1.06441264	      1.02282074	      0.18619541	      0.62581545	     -0.09134271	     -1.25122678	      0.19254222	     -0.54067785	      0.10554278
      0.77994123	     -0.23055531	      1.06646779	      1.02270709	      0.18522846	      0.63104527	     -0.09340724	     -1.25363391	      0.19221380	     -0.53955256	      0.10508521
      0.78160422	     -0.23064958	      1.06852588	      1.02259476	      0.18427766	      0.63625677	     -0.09545963	     -1.25590834	      0.19185465	     -0.53844877	      0.10465902
      0.78326720	     -0.23076603	      1.07058695	      1.02248385	      0.18334209	      0.64144932	     -0.09749761	     -1.25804928	      0.19146423	     -0.53736771	      0.10426452
      0.78493019	     -0.23090478	      1.07265103	      1.02237442	      0.18242086	      0.64662226	     -0.09951913	     -1.26005601	      0.19104213	     -0.53631035	      0.10390192
      0.78659318	     -0.23106595	      1.07471817	      1.02226656	      0.18151308	      0.65177489	     -0.10152221	     -1.26192788	      0.19058801	     -0.53527752	      0.10357139
      0.78825617	     -0.23124957	      1.07678840	      1.02216030	      0.18061791	      0.65690646	     -0.10350510	     -1.26366432	      0.19010166	     -0.53426977	      0.10327301
      0.78991915	     -0.23145563	      1.07886176	      1.02205572	      0.17973450	      0.66201615	     -0.10546615	     -1.26526477	      0.18958290	     -0.53328748	      0.10300683
      0.79158214	     -0.23168406	      1.08093828	      1.02195285	      0.17886203	      0.66710311	     -0.10740390	     -1.26672880	      0.18903155	     -0.53233076	      0.10277279
      0.79324513	     -0.23193474	      1.08301798	      1.02185173	      0.17799969	      0.67216642	     -0.10931699	     -1.26805597	      0.18844739	     -0.53139954	      0.10257079
      0.79490812	     -0.23220749	      1.08510091	      1.02175240	      0.17714667	      0.67720509	     -0.11120417	     -1.26924593	      0.18783013	     -0.53049347	      0.10240065
      0.79657111	     -0.23250208	      1.08718709	      1.02165490	      0.17630216	      0.68221811	     -0.11306432	     -1.27029835	      0.18717945	     -0.52961206	      0.10226212
      0.79823409	     -0.23281822	      1.08927656	      1.02155926	      0.17546535	      0.68720439	     -0.11489640	     -1.27121297	      0.18649495	     -0.52875454	      0.10215491
      0.79989708	     -0.23315560	      1.09136935	      1.02146550	      0.17463545	      0.69216279	     -0.11669946	     -1.27198954	      0.18577621	     -0.52792007	      0.10207867
      0.80156007	     -0.23351384	      1.09346549	      1.02137365	      0.17381166	      0.69709216	     -0.11847265	     -1.27262784	      0.18502279	     -0.52710757	      0.10203299
      0.80322306	     -0.23389257	      1.09556501	      1.02128374	      0.17299319	      0.70199129	     -0.12021518	     -1.27312770	      0.18423428	     -0.52631588	      0.10201747
      0.80488604	     -0.23429138	      1.09766794	      1.02119579	      0.17217930	      0.70685898	     -0.12192637	     -1.27348894	      0.18341028	     -0.52554373	      0.10203166
      0.80654903	     -0.23470987	      1.09977433	      1.02110981	      0.17136925	      0.71169400	     -0.12360558	     -1.27371144	      0.18255043	     -0.52478975	      0.10207512
      0.80821202	     -0.23514763	      1.10188420	      1.02102584	      0.17056236	      0.71649515	     -0.12525228	     -1.27379506	      0.18165442	     -0.52405252	      0.10214741
      0.80987501	     -0.23560426	      1.10399759	      1.02094389	      0.16975798	      0.72126121	     -0.12686600	     -1.27373970	      0.18072199	     -0.52333056	      0.10224811
      0.81153799	     -0.23607942	      1.10611454	      1.02086396	      0.16895553	      0.72599104	     -0.12844634	     -1.27354525	      0.17975289	     -0.52262234	      0.10237683
      0.81320098	     -0.23657275	      1.10823508	      1.02078606	      0.16815449	      0.73068348	     -0.12999296	     -1.27321164	      0.17874695	     -0.52192634	      0.10253322
      0.81486397	     -0.23708396	      1.11035925	      1.02071021	      0.16735441	      0.73533746	     -0.13150560	     -1.27273878	      0.17770400	     -0.52124100	      0.10271700
      0.81652696	     -0.23761278	      1.11248708	      1.02063641	      0.16655490	      0.73995192	     -0.13298403	     -1.27212661	      0.17662392	     -0.52056476	      0.10292789
      0.81818995	     -0.23815898	      1.11461861	      1.02056465	      0.16575559	      0.74452581	     -0.13442811	     -1.27137506	      0.17550661	     -0.51989608	      0.10316566
      0.81985293	     -0.23872228	      1.11675389	      1.02049495	      0.16495616	      0.74905812	     -0.13583770	     -1.27048406	      0.17435196	     -0.51923343	      0.10343009
      0.82151592	     -0.23930238	      1.11889295	      1.02042730	      0.16415618	      0.75354770	     -0.13721269	     -1.26945357	      0.17315993	     -0.51857529	      0.10372086
      0.82317891	     -0.23989887	      1.12103586	      1.02036172	      0.16335516	      0.75799336	     -0.13855300	     -1.26828352	      0.17193042	     -0.51792014	      0.10403759
      0.82484190	     -0.24051119	      1.12318266	      1.02029824	      0.16255240	      0.76239369	     -0.13985850	     -1.26697386	      0.17066339	     -0.51726655	      0.10437971
      0.82650488	     -0.24113863	      1.12533342	      1.02023691	      0.16174707	      0.76674714	     -0.14112907	     -1.26552454	      0.16935873	     -0.51661310	      0.10474648
      0.82816787	     -0.24178035	      1.12748821	      1.02017777	      0.16093814	      0.77105198	     -0.14236459	     -1.26393550	      0.16801638	     -0.51595842	      0.10513701
      0.82983086	     -0.24243542	      1.12964712	      1.02012089	      0.16012454	      0.77530640	     -0.14356495	     -1.26220672	      0.16663624	     -0.51530105	      0.10555035
      0.83149385	     -0.24310289	      1.13181022	      1.02006632	      0.15930518	      0.77950858	     -0.14473008	     -1.26033817	      0.16521823	     -0.51463954	      0.10598549
      0.83315684	     -0.24378125	      1.13397761	      1.02001418	      0.15847829	      0.78365598	     -0.14585982	     -1.25832978	      0.16376221	     -0.51397215	      0.10644079
      0.83481982	     -0.24447122	      1.13614932	      1.01996439	      0.15764486	      0.78774884	     -0.14695468	     -1.25618184	      0.16226823	     -0.51329752	      0.10691721
      0.83648281	     -0.24517569	      1.13832532	      1.01991671	      0.15680850	      0.79179010	     -0.14801577	     -1.25389508	      0.16073647	     -0.51261450	      0.10741819
      0.83814580	     -0.24589525	      1.14050564	      1.01987107	      0.15597002	      0.79577982	     -0.14904354	     -1.25146983	      0.15916680	     -0.51192086	      0.10794453
      0.83980879	     -0.24662895	      1.14269037	      1.01982755	      0.15512840	      0.79971615	     -0.15003808	     -1.24890609	      0.15755898	     -0.51121445	      0.10849527
      0.84147177	     -0.24737639	      1.14487961	      1.01978617	      0.15428334	      0.80359791	     -0.15099976	     -1.24620381	      0.15591283	     -0.51049409	      0.10907012
      0.84313476	     -0.24813750	      1.14707343	      1.01974694	      0.15343494	      0.80742426	     -0.15192908	     -1.24336295	      0.15422815	     -0.50975867	      0.10966913
      0.84479775	     -0.24891254	      1.14927188	      1.01970986	      0.15258380	      0.81119478	     -0.15282675	     -1.24038344	      0.15250475	     -0.50900682	      0.11029278
      0.84646074	     -0.24970187	      1.15147503	      1.01967489	      0.15173061	      0.81490911	     -0.15369356	     -1.23726524	      0.15074242	     -0.50823693	      0.11094164
      0.84812372	     -0.25050584	      1.15368296	      1.01964202	      0.15087612	      0.81856691	     -0.15453037	     -1.23400829	      0.14894087	     -0.50744723	      0.11161630
      0.84978671	     -0.25132473	      1.15589574	      1.01961124	      0.15002101	      0.82216774	     -0.15533805	     -1.23061251	      0.14709983	     -0.50663604	      0.11231727
      0.85144970	     -0.25215870	      1.15811344	      1.01958256	      0.14916579	      0.82571101	     -0.15611748	     -1.22707781	      0.14521894	     -0.50580186	      0.11304490
      0.85311269	     -0.25300778	      1.16033615	      1.01955598	      0.14831092	      0.82919601	     -0.15686956	     -1.22340406	      0.14329781	     -0.50494333	      0.11379946
      0.85477568	     -0.25387192	      1.16256398	      1.01953154	      0.14745672	      0.83262193	     -0.15759519	     -1.21959114	      0.14133602	     -0.50405918	      0.11458107
      0.85643866	     -0.25475105	      1.16479700	      1.01950927	      0.14660349	      0.83598790	     -0.15829526	     -1.21563891	      0.13933309	     -0.50314809	      0.11538987
      0.85810165	     -0.25564503	      1.16703533	      1.01948918	      0.14575152	      0.83929306	     -0.15897066	     -1.21154725	      0.13728855	     -0.50220870	      0.11622591
      0.85976464	     -0.25655375	      1.16927906	      1.01947130	      0.14490106	      0.84253651	     -0.15962226	     -1.20731602	      0.13520188	     -0.50123960	      0.11708929
      0.86142763	     -0.25747706	      1.17152830	      1.01945565	      0.14405238	      0.84571736	     -0.16025093	     -1.20294513	      0.13307256	     -0.50023942	      0.11798005
      0.86309061	     -0.25841482	      1.17378314	      1.01944224	      0.14320571	      0.84883474	     -0.16085750	     -1.19843446	      0.13090006	     -0.49920682	      0.11889827
      0.86475360	     -0.25936687	      1.17604370	      1.01943109	      0.14236130	      0.85188777	     -0.16144282	     -1.19378391	      0.12868385	     -0.49814060	      0.11984399
      0.86641659	     -0.26033307	      1.17831007	      1.01942220	      0.14151938	      0.85487561	     -0.16200773	     -1.18899340	      0.12642342	     -0.49703963	      0.12081728
      0.86807958	     -0.26131331	      1.18058237	      1.01941557	      0.14068027	      0.85779747	     -0.16255310	     -1.18406281	      0.12411829	     -0.49590313	      0.12181825
      0.86974256	     -0.26230754	      1.18286068	      1.01941117	      0.13984432	      0.86065266	     -0.16307980	     -1.17899204	      0.12176800	     -0.49473050	      0.12284708
      0.87140555	     -0.26331585	      1.18514511	      1.01940897	      0.13901207	      0.86344063	     -0.16358873	     -1.17378098	      0.11937211	     -0.49352159	      0.12390410
      0.87306854	     -0.26433839	      1.18743576	      1.01940894	      0.13818414	      0.86616098	     -0.16408081	     -1.16842949	      0.11693024	     -0.49227642	      0.12498973
      0.87473153	     -0.26537543	      1.18973270	      1.01941101	      0.13736128	      0.86881342	     -0.16455696	     -1.16293744	      0.11444199	     -0.49099535	      0.12610453
      0.87639452	     -0.26642728	      1.19203603	      1.01941510	      0.13654428	      0.87139776	     -0.16501811	     -1.15730470	      0.11190698	     -0.48967877	      0.12724908
      0.87805750	     -0.26749425	      1.19434584	      1.01942114	      0.13573392	      0.87391378	     -0.16546517	     -1.15153114	      0.10932486	     -0.48832739	      0.12842400
      0.87972049	     -0.26857660	      1.19666221	      1.01942905	      0.13493094	      0.87636127	     -0.16589905	     -1.14561661	      0.10669529	     -0.48694205	      0.12962981
      0.88138348	     -0.26967448	      1.19898523	      1.01943875	      0.13413594	      0.87873990	     -0.16632063	     -1.13956098	      0.10401798	     -0.48552380	      0.13086694
      0.88304647	     -0.27078798	      1.20131500	      1.01945016	      0.13334943	      0.88104927	     -0.16673076	     -1.13336409	      0.10129264	     -0.48407371	      0.13213573
      0.88470945	     -0.27191705	      1.20365161	      1.01946321	      0.13257176	      0.88328882	     -0.16713025	     -1.12702582	      0.09851893	     -0.48259309	      0.13343636
      0.88637244	     -0.27306157	      1.20599516	      1.01947782	      0.13180320	      0.88545800	     -0.16751990	     -1.12054599	      0.09569652	     -0.48108338	      0.13476894
      0.88803543	     -0.27422135	      1.20834575	      1.01949393	      0.13104394	      0.88755611	     -0.16790048	     -1.11392445	      0.09282512	     -0.47954627	      0.13613349
      0.88969842	     -0.27539614	      1.21070348	      1.01951146	      0.13029411	      0.88958246	     -0.16827278	     -1.10716103	      0.08990448	     -0.47798358	      0.13752998
      0.89136140	     -0.27658563	      1.21306846	      1.01953034	      0.12955375	      0.89153627	     -0.16863757	     -1.10025554	      0.08693435	     -0.47639751	      0.13895825
      0.89302439	     -0.27778943	      1.21544078	      1.01955050	      0.12882282	      0.89341670	     -0.16899561	     -1.09320779	      0.08391450	     -0.47479057	      0.14041813
      0.89468738	     -0.27900709	      1.21782056	      1.01957187	      0.12810122	      0.89522287	     -0.16934765	     -1.08601757	      0.08084469	     -0.47316581	      0.14190933
      0.89635037	     -0.28023812	      1.22020790	      1.01959438	      0.12738880	      0.89695386	     -0.16969444	     -1.07868462	      0.07772465	     -0.47152646	      0.14343152
      0.89801336	     -0.28148193	      1.22260290	      1.01961797	      0.12668530	      0.89860865	     -0.17003669	     -1.07120877	      0.07455417	     -0.46987515	      0.14498427
      0.89967634	     -0.28273789	      1.22500568	      1.01964256	      0.12599040	      0.90018615	     -0.17037513	     -1.06358984	      0.07133301	     -0.46821368	      0.14656709
      0.90133933	     -0.28400522	      1.22741637	      1.01966811	      0.12530358	      0.90168511	     -0.17071043	     -1.05582779	      0.06806095	     -0.46654150	      0.14817931
      0.90300232	     -0.28528304	      1.22983508	      1.01969454	      0.12462427	      0.90310415	     -0.17104326	     -1.04792267	      0.06473779	     -0.46485659	      0.14982020
      0.90466531	     -0.28657040	      1.23226195	      1.01972182	      0.12395174	      0.90444181	     -0.17137426	     -1.03987457	      0.06136330	     -0.46315532	      0.15148891
      0.90632829	     -0.28786631	      1.23469710	      1.01974987	      0.12328525	      0.90569658	     -0.17170405	     -1.03168361	      0.05793731	     -0.46143399	      0.15318456
      0.90799128	     -0.28916983	      1.23714066	      1.01977864	      0.12262413	      0.90686703	     -0.17203333	     -1.02334981	      0.05445966	     -0.45969049	      0.15490631
      0.90965427	     -0.29048004	      1.23959276	      1.01980807	      0.12196775	      0.90795180	     -0.17236281	     -1.01487313	      0.05093019	     -0.45792430	      0.15665337
      0.91131726	     -0.29179609	      1.24205352	      1.01983807	      0.12131558	      0.90894965	     -0.17269324	     -1.00625345	      0.04734880	     -0.45613706	      0.15842500
      0.91298024	     -0.29311717	      1.24452306	      1.01986858	      0.12066715	      0.90985935	     -0.17302543	     -0.99749066	      0.04371542	     -0.45433111	      0.16022052
      0.91464323	     -0.29444248	      1.24700150	      1.01989952	      0.12002200	      0.91067976	     -0.17336020	     -0.98858476	      0.04003000	     -0.45250903	      0.16203926
      0.91630622	     -0.29577120	      1.24948896	      1.01993079	      0.11937968	      0.91140970	     -0.17369837	     -0.97953588	      0.03629251	     -0.45067305	      0.16388054
      0.91796921	     -0.29710255	      1.25198556	      1.01996230	      0.11873974	      0.91204803	     -0.17404082	     -0.97034450	      0.03250295	     -0.44882482	      0.16574369
      0.91963220	     -0.29843570	      1.25449144	      1.01999397	      0.11810176	      0.91259362	     -0.17438840	     -0.96101133	      0.02866136	     -0.44696564	      0.16762805
      0.92129518	     -0.29976980	      1.25700671	      1.02002570	      0.11746520	      0.91304532	     -0.17474197	     -0.95153791	      0.02476780	     -0.44509416	      0.16953291
      0.92295817	     -0.30110392	      1.25953153	      1.02005738	      0.11682947	      0.91340195	     -0.17510237	     -0.94192631	      0.02082235	     -0.44320702	      0.17145749
      0.92462116	     -0.30243711	      1.26206604	      1.02008892	      0.11619393	      0.91366238	     -0.17547042	     -0.93217991	      0.01682512	     -0.44129926	      0.17340098
      0.92628415	     -0.30376840	      1.26461038	      1.02012021	      0.11555791	      0.91382557	     -0.17584697	     -0.92230284	      0.01277626	     -0.43936612	      0.17536259
      0.92794713	     -0.30509686	      1.26716472	      1.02015113	      0.11492082	      0.91389075	     -0.17623288	     -0.91230113	      0.00867597	     -0.43740300	      0.17734156
      0.92961012	     -0.30642159	      1.26972919	      1.02018154	      0.11428208	      0.91385733	     -0.17662904	     -0.90218198	      0.00452450	     -0.43540530	      0.17933718
      0.93127311	     -0.30774178	      1.27230397	      1.02021132	      0.11364120	      0.91372507	     -0.17703637	     -0.89195514	      0.00032213	     -0.43336591	      0.18134884
      0.93293610	     -0.30905665	      1.27488921	      1.02024029	      0.11299775	      0.91349397	     -0.17745583	     -0.88163180	     -0.00393084	     -0.43127587	      0.18337600
      0.93459908	     -0.31036582	      1.27748505	      1.02026828	      0.11235187	      0.91316486	     -0.17788857	     -0.87122521	     -0.00823401	     -0.42913083	      0.18541857
      0.93626207	     -0.31166927	      1.28009160	      1.02029508	      0.11170408	      0.91273912	     -0.17833588	     -0.86074931	     -0.01258693	     -0.42693144	      0.18747683
      0.93792506	     -0.31296729	      1.28270898	      1.02032045	      0.11105537	      0.91221868	     -0.17879921	     -0.85021936	     -0.01698916	     -0.42467345	      0.18955144
      0.93958805	     -0.31426029	      1.28533727	      1.02034416	      0.11040685	      0.91160558	     -0.17928003	     -0.83965108	     -0.02144027	     -0.42234472	      0.19164320
      0.94125104	     -0.31554931	      1.28797656	      1.02036591	      0.10976047	      0.91090247	     -0.17978010	     -0.82905899	     -0.02593982	     -0.41993410	      0.19375360
      0.94291402	     -0.31683590	      1.29062688	      1.02038542	      0.10911885	      0.91011251	     -0.18030138	     -0.81845619	     -0.03048739	     -0.41743685	      0.19588470
      0.94457701	     -0.31812210	      1.29328824	      1.02040236	      0.10848527	      0.90923909	     -0.18084608	     -0.80785348	     -0.03508259	     -0.41484487	      0.19803910
      0.94624000	     -0.31941005	      1.29596063	      1.02041641	      0.10786313	      0.90828541	     -0.18141642	     -0.79726062	     -0.03972509	     -0.41214310	      0.20021952
      0.94790299	     -0.32070217	      1.29864405	      1.02042725	      0.10725626	      0.90725464	     -0.18201483	     -0.78668466	     -0.04441460	     -0.40931989	      0.20242899
      0.94956597	     -0.32200139	      1.30133842	      1.02043454	      0.10666918	      0.90615065	     -0.18264398	     -0.77613084	     -0.04915088	     -0.40638798	      0.20467103
      0.95122896	     -0.32331054	      1.30404365	      1.02043796	      0.10610643	      0.90497737	     -0.18330663	     -0.76560355	     -0.05393375	     -0.40337485	      0.20694900
      0.95289195	     -0.32463145	      1.30675972	      1.02043725	      0.10557118	      0.90373709	     -0.18400511	     -0.75510828	     -0.05876312	     -0.40027483	      0.20926519
      0.95455494	     -0.32596465	      1.30948667	      1.02043224	      0.10506500	      0.90243004	     -0.18474130	     -0.74464966	     -0.06363910	     -0.39706114	      0.21162042
      0.95621792	     -0.32731041	      1.31222454	      1.02042280	      0.10458916	      0.90105603	     -0.18551704	     -0.73423067	     -0.06856184	     -0.39371870	      0.21401517
      0.95788091	     -0.32866794	      1.31497339	      1.02040891	      0.10414367	      0.89961326	     -0.18633384	     -0.72385131	     -0.07353177	     -0.39023958	      0.21644869
      0.95954390	     -0.33003586	      1.31773332	      1.02039057	      0.10372781	      0.89809897	     -0.18719302	     -0.71350987	     -0.07854938	     -0.38661925	      0.21891951
      0.96120689	     -0.33141138	      1.32050443	      1.02036792	      0.10333918	      0.89650824	     -0.18809545	     -0.70320117	     -0.08361543	     -0.38285736	      0.22142455
      0.96286988	     -0.33279096	      1.32328691	      1.02034114	      0.10297439	      0.89483498	     -0.18904173	     -0.69291828	     -0.08873078	     -0.37895485	      0.22395981
      0.96453286	     -0.33416959	      1.32608094	      1.02031054	      0.10262831	      0.89307094	     -0.19003199	     -0.68265085	     -0.09389648	     -0.37491991	      0.22651965
      0.96619585	     -0.33554163	      1.32888677	      1.02027647	      0.10229500	      0.89120687	     -0.19106615	     -0.67238696	     -0.09911368	     -0.37076631	      0.22909761
      0.96785884	     -0.33690011	      1.33170467	      1.02023937	      0.10196694	      0.88923175	     -0.19214374	     -0.66211251	     -0.10438370	     -0.36651808	      0.23168575
      0.96952183	     -0.33823747	      1.33453493	      1.02019974	      0.10163585	      0.88713379	     -0.19326413	     -0.65181291	     -0.10970788	     -0.36220408	      0.23427538
      0.97118481	     -0.33954490	      1.33737789	      1.02015812	      0.10129199	      0.88489986	     -0.19442629	     -0.64147370	     -0.11508765	     -0.35785917	      0.23685640
      0.97284780	     -0.34081303	      1.34023391	      1.02011512	      0.10092491	      0.88251625	     -0.19562908	     -0.63108117	     -0.12052445	     -0.35351968	      0.23941801
      0.97451079	     -0.34203141	      1.34310338	      1.02007138	      0.10052287	      0.87996843	     -0.19687108	     -0.62062387	     -0.12601973	     -0.34922411	      0.24194820
      0.97617378	     -0.34318918	      1.34598671	      1.02002756	      0.10007365	      0.87724165	     -0.19815077	     -0.61009202	     -0.13157492	     -0.34501160	      0.24443442
      0.97783676	     -0.34427481	      1.34888432	      1.01998435	      0.09956430	      0.87432110	     -0.19946658	     -0.59947998	     -0.13719142	     -0.34092273	      0.24686334
      0.97949975	     -0.34527662	      1.35179663	      1.01994244	      0.09898168	      0.87119224	     -0.20081692	     -0.58878465	     -0.14287057	     -0.33699887	      0.24922142
      0.98116274	     -0.34618288	      1.35472403	      1.01990251	      0.09831273	      0.86784154	     -0.20220038	     -0.57800938	     -0.14861367	     -0.33328355	      0.25149501
      0.98282573	     -0.34698202	      1.35766689	      1.01986521	      0.09754464	      0.86425635	     -0.20361567	     -0.56716134	     -0.15442197	     -0.32982180	      0.25367059
      0.98448872	     -0.34766343	      1.36062547	      1.01983112	      0.09666588	      0.86042681	     -0.20506196	     -0.55625771	     -0.16029666	     -0.32666568	      0.25573561
      0.98615170	     -0.34821723	      1.36359999	      1.01980080	      0.09566599	      0.85634499	     -0.20653879	     -0.54532182	     -0.16623891	     -0.32387262	      0.25767831
      0.98781469	     -0.34863630	      1.36659044	      1.01977462	      0.09453812	      0.85200908	     -0.20804681	     -0.53439424	     -0.17224991	     -0.32151591	      0.25948984
      0.98947768	     -0.34891548	      1.36959665	      1.01975287	      0.09327803	      0.84742143	     -0.20958746	     -0.52352665	     -0.17833085	     -0.31967947	      0.26116348
      0.99114067	     -0.34905567	      1.37261800	      1.01973551	      0.09188942	      0.84259688	     -0.21116453	     -0.51280307	     -0.18448286	     -0.31847141	      0.26269896
      0.99280365	     -0.34906182	      1.37565354	      1.01972230	      0.09038141	      0.83755871	     -0.21278346	     -0.50232971	     -0.19070707	     -0.31801281	      0.26410037
      0.99446664	     -0.34894930	      1.37870153	      1.01971254	      0.08877680	      0.83235168	     -0.21445370	     -0.49227093	     -0.19700513	     -0.31839275	      0.26538293
      0.99612963	     -0.34874001	      1.38175970	      1.01970523	      0.08710712	      0.82703420	     -0.21618727	     -0.48282867	     -0.20337893	     -0.31965721	      0.26656880
      0.99779262	     -0.34846685	      1.38482488	      1.01969903	      0.08541835	      0.82168553	     -0.21800002	     -0.47425906	     -0.20983141	     -0.32162190	      0.26769184
