Accelerations
version=1
nRows=601
nColumns=11
inDegrees=no

Units are S.I. units (second, meters, Newtons, ...)
If the header above contains a line with 'inDegrees', this indicates whether rotational values are in degrees (yes) or radians (no).

endheader
time	pelvis_tilt	pelvis_tx	pelvis_ty	hip_flexion_l	hip_flexion_r	knee_angle_l	knee_angle_r	ankle_angle_l	ankle_angle_r	lumbar
      0.00000000	     34.83248798	      1.43545540	     -6.49348962	    -11.15893738	    -52.14361026	   -234.83689596	     18.65601803	   8120.95335254	    231.48897129	    -40.06125893
      0.00136845	     34.87981139	      1.42277867	     -6.54091728	    -11.09371276	    -52.12902197	   -237.13604180	     18.16125395	   8163.50482145	    233.17586438	    -40.13923148
      0.00273691	     34.89694392	      1.40909278	     -6.58678940	    -10.98042530	    -52.08831346	   -239.43556683	     17.68330301	   8203.56547328	    234.82987613	    -40.18164612
      0.00410536	     34.87840480	      1.39408256	     -6.63151707	    -10.81310714	    -52.01535101	   -241.73007155	     17.21936991	   8241.08465836	    236.45616806	    -40.18227302
      0.00547382	     34.82621503	      1.37785657	     -6.67486754	    -10.59333536	    -51.91319563	   -244.01818702	     16.77243129	   8276.10599593	    238.04790913	    -40.14336763
      0.00684227	     34.73987151	      1.36037801	     -6.71681445	    -10.31968640	    -51.78185989	   -246.30073791	     16.34371728	   8308.57064061	    239.60149597	    -40.06433456
      0.00821073	     34.62018588	      1.34168612	     -6.75724272	     -9.99251562	    -51.62292590	   -248.57663936	     15.93522696	   8338.42471452	    241.11180355	    -39.94605978
      0.00957918	     34.46750467	      1.32179050	     -6.79609836	     -9.61177589	    -51.43736829	   -250.84461192	     15.54861865	   8365.64223473	    242.57365343	    -39.78890477
      0.01094764	     34.28285163	      1.30073595	     -6.83331882	     -9.17863986	    -51.22693013	   -253.10152358	     15.18562802	   8390.20133988	    243.98202172	    -39.59399739
      0.01231609	     34.06666644	      1.27852475	     -6.86891825	     -8.69336738	    -50.99254773	   -255.34701752	     14.84771504	   8412.07735912	    245.33103822	    -39.36181828
      0.01368455	     33.82006708	      1.25519315	     -6.90293771	     -8.15793291	    -50.73588436	   -257.57682857	     14.53620825	   8431.24825965	    246.61529964	    -39.09360806
      0.01505300	     33.54332556	      1.23071531	     -6.93553684	     -7.57321050	    -50.45743486	   -259.78966687	     14.25203115	   8447.70135425	    247.82830149	    -38.78966159
      0.01642146	     33.23700569	      1.20507422	     -6.96693629	     -6.94132660	    -50.15793780	   -261.98099692	     13.99589665	   8461.42744882	    248.96351854	    -38.45059176
      0.01778991	     32.90170264	      1.17824467	     -6.99740078	     -6.26466326	    -49.83810028	   -264.14686326	     13.76839720	   8472.42677946	    250.01441618	    -38.07704595
      0.01915837	     32.53827875	      1.15021609	     -7.02717073	     -5.54603630	    -49.49898540	   -266.28272548	     13.57030847	   8480.69073839	    250.97434472	    -37.66996276
      0.02052682	     32.14792494	      1.12100335	     -7.05638630	     -4.78808544	    -49.14220130	   -268.38548847	     13.40286835	   8486.22190937	    251.83694478	    -37.23064783
      0.02189528	     31.73135121	      1.09060226	     -7.08513682	     -3.99239692	    -48.76891252	   -270.45251053	     13.26767357	   8489.01697576	    252.59468818	    -36.75984663
      0.02326373	     31.29044519	      1.05906684	     -7.11351902	     -3.16260371	    -48.38159590	   -272.48005587	     13.16618191	   8489.07283628	    253.24136421	    -36.25964253
      0.02463219	     30.82879344	      1.02653127	     -7.14182170	     -2.30781392	    -47.98433878	   -274.45230709	     13.09887128	   8486.39892435	    253.77218756	    -35.73400300
      0.02600064	     30.35138479	      0.99318893	     -7.17045316	     -1.44006056	    -47.58258245	   -276.35390774	     13.06551535	   8481.00599592	    254.18385111	    -35.18849274
      0.02736910	     29.86233701	      0.95919502	     -7.19976781	     -0.56914214	    -47.18085165	   -278.17463935	     13.06620268	   8472.88664520	    254.47056641	    -34.62768186
      0.02873755	     29.36466674	      0.92467764	     -7.22991822	      0.29839445	    -46.78274944	   -279.90752252	     13.10190593	   8462.06548107	    254.62328850	    -34.05487277
      0.03010601	     28.85993703	      0.88969921	     -7.26091959	      1.16016705	    -46.39038659	   -281.55348774	     13.17415326	   8448.53464878	    254.62679433	    -33.47173361
      0.03147446	     28.34964124	      0.85434011	     -7.29271132	      2.01366291	    -46.00582735	   -283.10835873	     13.28428399	   8432.31226738	    254.46011788	    -32.87982203
      0.03284292	     27.83488272	      0.81865519	     -7.32523348	      2.85738055	    -45.63041113	   -284.57046593	     13.43281943	   8413.39543146	    254.08745263	    -32.28027205
      0.03421137	     27.31685878	      0.78270595	     -7.35844107	      3.68935410	    -45.26509412	   -285.93593372	     13.61814770	   8391.78830024	    253.45441660	    -31.67432581
      0.03557983	     26.79635337	      0.74651535	     -7.39232978	      4.50812584	    -44.90928941	   -287.20098493	     13.83527669	   8367.48353326	    252.45534148	    -31.06280018
      0.03694828	     26.27379365	      0.71006926	     -7.42694667	      5.31277403	    -44.56010071	   -288.36245343	     14.07124177	   8340.47551253	    250.91592918	    -30.44616913
      0.03831673	     25.74816735	      0.67321523	     -7.46243796	      6.10420380	    -44.20913601	   -289.41670423	     14.30047327	   8310.74928576	    248.47638403	    -29.82344132
      0.03968519	     25.21664539	      0.63562186	     -7.49911602	      6.88608558	    -43.83873859	   -290.36224034	     14.46769795	   8278.29020742	    244.51790848	    -29.19182030
      0.04105364	     24.67124284	      0.59645202	     -7.53761797	      7.66912336	    -43.41133033	   -291.19846137	     14.47015646	   8243.07562743	    237.75809113	    -28.54329244
      0.04242210	     24.09655577	      0.55414586	     -7.57918163	      8.47478776	    -42.85452420	   -291.92994144	     14.09796213	   8205.07806105	    225.96384983	    -27.86240529
      0.04379055	     23.45993590	      0.50544309	     -7.62613140	      9.34862485	    -42.02817639	   -292.56766562	     12.97239616	   8164.26669298	    204.70687609	    -27.11630248
      0.04515901	     22.70331866	      0.44463481	     -7.68271970	     10.37245504	    -40.67902199	   -293.13686870	     10.37623289	   8120.58829628	    166.57726387	    -26.24654776
      0.04652746	     21.72374751	      0.36161375	     -7.75606940	     11.69109060	    -38.37544607	   -293.68151620	      5.12644865	   8073.99647394	     98.75502928	    -25.14943965
      0.04789592	     20.37088741	      0.24186514	     -7.85679463	     13.51654464	    -34.48249587	   -294.27057369	     -4.57625786	   8024.37665719	    -15.77698940	    -23.67346988
      0.04926437	     18.48290626	      0.06991808	     -7.99602168	     16.07588861	    -28.33271004	   -294.97184331	    -20.63035193	   7971.64825413	   -193.19820154	    -21.65546464
      0.05063283	     16.00848605	     -0.15813959	     -8.17755389	     19.43877429	    -19.72376561	   -295.79636044	    -43.73800946	   7915.58522607	   -429.41897809	    -19.04322348
      0.05200128	     12.79625954	     -0.45632300	     -8.41101244	     23.81704385	     -8.07280773	   -296.80809585	    -75.52753040	   7856.12449815	   -729.44663407	    -15.68387000
      0.05336974	      6.99409294	     -1.00434119	     -8.81893709	     31.82884688	     14.15982011	   -298.90600642	   -136.54087696	   7792.66180112	  -1269.03709972	     -9.71119272
      0.05473819	     -4.48992581	     -2.10040690	     -9.60967626	     47.83649612	     59.68815800	   -303.52769319	   -262.99760240	   7724.16016859	  -2219.15584957	      1.98877916
      0.05610665	    -20.24133703	     -3.59860694	    -10.69904591	     69.81804885	    122.95307472	   -309.85668325	   -443.63727129	   7649.41707704	  -2959.61025163	     17.99165745
      0.05747510	    -35.32330496	     -5.00834941	    -11.74639040	     90.77643406	    183.01104637	   -315.51950056	   -618.38211334	   7568.07623777	  -2778.55434815	     33.33709603
      0.05884356	    -26.44322014	     -4.09052145	    -11.39387415	     77.84417983	    151.77516619	   -309.17658383	   -587.30552980	   7485.42906592	   2539.88892384	     24.55214487
      0.06021201	    -40.18903614	     -5.32125165	    -12.17841782	     96.66939081	    198.82594440	   -313.40095208	   -683.81729969	   7393.28531717	   1112.56470377	     38.61240008
      0.06158047	    -41.36930741	     -5.33733011	    -12.21939426	     97.67199806	    197.96935398	   -310.94211046	   -667.02121805	   7295.71510470	   1493.70590158	     40.00916352
      0.06294892	    -40.88122966	     -5.19414236	    -12.13379398	     96.28623664	    189.86562383	   -307.47701641	   -624.72805578	   7192.01256310	   1341.66885768	     39.72189732
      0.06431738	    -38.22977044	     -4.85035777	    -11.92195754	     91.82448179	    173.78233620	   -302.73930416	   -563.16047022	   7083.68672736	   1170.75089396	     37.24808938
      0.06568583	    -34.66045488	     -4.42842815	    -11.67069918	     86.06224494	    154.95188809	   -297.40652777	   -498.42087603	   6971.14712051	   1082.54192930	     33.84177295
      0.06705429	    -31.50055480	     -4.05385405	    -11.45424141	     80.86520262	    138.24397480	   -292.09755563	   -441.15356701	   6854.75083968	    910.75930281	     30.84075025
      0.06842274	    -28.61825705	     -3.71299038	    -11.27121687	     76.04527281	    123.33509583	   -286.73499471	   -392.30359954	   6734.77080718	    846.87814498	     28.11402112
      0.06979120	    -26.63062053	     -3.46254353	    -11.15018739	     72.46794409	    112.27312226	   -281.61074260	   -354.74590580	   6611.18889756	    734.47820030	     26.28258948
      0.07115965	    -25.11920679	     -3.26111847	    -11.06904610	     69.53792787	    103.52117137	   -276.49823716	   -325.42470225	   6484.14892585	    693.71202376	     24.92631866
      0.07252810	    -24.29008326	     -3.12703204	    -11.03462472	     67.54470461	     97.67682540	   -271.50232051	   -304.39165227	   6353.58783119	    632.75275833	     24.25138742
      0.07389656	    -23.82155764	     -3.02864497	    -11.02872989	     66.03095992	     93.52917327	   -266.45102045	   -288.90985190	   6219.60824799	    607.23958035	     23.93429361
      0.07526501	    -23.74417448	     -2.96823832	    -11.05054346	     65.04038029	     91.11245791	   -261.36747855	   -278.39911139	   6082.19318387	    578.21174421	     24.00452185
      0.07663347	    -23.87704039	     -2.92807907	    -11.08929865	     64.31595292	     89.73543672	   -256.15600746	   -271.17612618	   5941.44673252	    564.15691300	     24.27974991
      0.07800192	    -24.19927040	     -2.90594952	    -11.14261051	     63.82952192	     89.29071098	   -250.81568821	   -266.71999741	   5797.40260669	    552.05093441	     24.73794799
      0.07937038	    -24.61632239	     -2.89267776	    -11.20454626	     63.44744411	     89.41507922	   -245.30039971	   -264.09960760	   5650.18494508	    546.23818091	     25.28341426
      0.08073883	    -25.10360523	     -2.88592636	    -11.27307329	     63.13646024	     90.00862417	   -239.60680846	   -262.97784989	   5499.86786254	    542.78848471	     25.89058065
      0.08210729	    -25.61015039	     -2.88089138	    -11.34478599	     62.82409979	     90.87895770	   -233.70982067	   -262.85356674	   5346.60480520	    542.19252462	     26.50754966
      0.08347574	    -26.11637688	     -2.87586171	    -11.41803141	     62.48231126	     91.95693952	   -227.60601353	   -263.53136065	   5190.49611332	    543.23303096	     27.11394336
      0.08484420	    -26.59359108	     -2.86832215	    -11.49071572	     62.07435544	     93.13783791	   -221.30508685	   -264.74141466	   5031.73211059	    545.66948889	     27.68011708
      0.08621265	    -27.02954317	     -2.85738312	    -11.56174323	     61.58190503	     94.38033007	   -214.79531031	   -266.37642498	   4870.44981902	    549.07775130	     28.19326039
      0.08758111	    -27.40748492	     -2.84176131	    -11.62975822	     60.97918182	     95.62627429	   -208.05720835	   -268.29253662	   4706.86466308	    553.19487726	     28.63616325
      0.08894956	    -27.72119522	     -2.82118845	    -11.69401820	     60.25269626	     96.85318388	   -201.06307435	   -270.43318908	   4541.12706660	    557.85473395	     29.00271437
      0.09031802	    -27.96265899	     -2.79523795	    -11.75366851	     59.38874276	     98.03043646	   -193.79916003	   -272.72164435	   4373.47117154	    562.89744590	     29.28502241
      0.09168647	    -28.12985457	     -2.76405073	    -11.80819569	     58.38274524	     99.14691701	   -186.25916235	   -275.12719513	   4204.04827665	    568.21842370	     29.48145581
      0.09305493	    -28.21970574	     -2.72766284	    -11.85703911	     57.23130368	    100.18635736	   -178.45261454	   -277.60722819	   4033.12500402	    573.84608163	     29.58931089
      0.09442338	    -28.23417494	     -2.68659522	    -11.89989377	     55.93794350	    101.14810702	   -170.38902240	   -280.13831685	   3860.83072278	    579.78082163	     29.61089008
      0.09579184	    -28.16877776	     -2.64070975	    -11.93622071	     54.49835622	    102.01648361	   -162.08358976	   -282.71489865	   3687.44793166	    585.91732230	     29.54227879
      0.09716029	    -28.02645832	     -2.59058815	    -11.96577752	     52.91847531	    102.79315231	   -153.55161539	   -285.31378060	   3513.09926458	    591.84842788	     29.38678622
      0.09852875	    -27.80767598	     -2.53651181	    -11.98830916	     51.19995193	    103.47195965	   -144.80520174	   -287.91762637	   3338.12635778	    597.87300082	     29.14555664
      0.09989720	    -27.51367209	     -2.47890549	    -12.00352740	     49.35372696	    104.05195012	   -135.89799541	   -290.51962603	   3162.54059301	    603.97592004	     28.81988235
      0.10126566	    -27.14604304	     -2.41823904	    -12.01117410	     47.39546382	    104.53138404	   -126.90782355	   -293.10788790	   2986.65351389	    610.09639654	     28.41131554
      0.10263411	    -26.70329345	     -2.35479528	    -12.01081018	     45.33737065	    104.90566540	   -117.91067250	   -295.67398607	   2810.71184742	    616.26113204	     27.91768915
      0.10400257	    -26.18398900	     -2.28890365	    -12.00202983	     43.19354554	    105.16968027	   -108.99436506	   -298.20656986	   2635.50944406	    622.42586169	     27.33687024
      0.10537102	    -25.58490539	     -2.22073835	    -11.98426836	     40.96344002	    105.31769512	   -100.16604067	   -300.70114840	   2460.22071851	    628.59653268	     26.66512753
      0.10673948	    -24.90062027	     -2.15027353	    -11.95682531	     38.63354507	    105.34083527	    -91.37267152	   -303.15185956	   2283.38266017	    634.74175973	     25.89669019
      0.10810793	    -24.13211162	     -2.07788389	    -11.91977749	     36.20351594	    105.24056568	    -82.62546117	   -305.56272289	   2108.06076453	    640.88032996	     25.03310696
      0.10947638	    -23.28182210	     -2.00408140	    -11.87335562	     33.68300507	    105.02019396	    -73.98868704	   -307.93703721	   1938.24004844	    647.00144954	     24.07728539
      0.11084484	    -22.36235884	     -1.93026435	    -11.81817855	     31.11913242	    104.69604420	    -65.64446124	   -310.27949052	   1776.19955083	    653.12348440	     23.04255749
      0.11221329	    -21.37004044	     -1.85626272	    -11.75442441	     28.49611253	    104.26157512	    -57.56823540	   -312.58625141	   1625.63917437	    659.24145781	     21.92594280
      0.11358175	    -20.34363610	     -1.78584397	    -11.68355567	     25.96444078	    103.76717475	    -50.27087549	   -314.86479530	   1485.82044113	    665.33278398	     20.76682407
      0.11495020	    -19.33967308	     -1.72415412	    -11.60850890	     23.74833409	    103.28824385	    -44.58156969	   -317.13109913	   1364.43668089	    671.35927972	     19.62251583
      0.11631866	    -18.42454145	     -1.67711748	    -11.53123755	     22.08061715	    102.91010854	    -41.13121419	   -319.39259065	   1252.84419677	    677.28438007	     18.56005180
      0.11768711	    -17.69716637	     -1.65282443	    -11.45849260	     21.34332202	    102.76038453	    -41.34495822	   -321.66088642	   1172.85801860	    683.07440334	     17.68017271
      0.11905557	    -17.06094928	     -1.64279333	    -11.37724221	     20.98898687	    102.69747996	    -42.08085175	   -323.87075654	   1024.70117866	    688.57827262	     16.88500120
      0.12042402	    -16.03159195	     -1.60026654	    -11.25249991	     18.55546042	    102.06333200	    -32.83741376	   -325.89479444	    686.83415813	    693.82639626	     15.70039221
      0.12179248	    -14.22580822	     -1.48321416	    -11.07816515	     12.21138521	    100.32940497	     -8.61493893	   -327.62571254	    343.89475825	    699.23085132	     13.76622535
      0.12316093	    -12.08971280	     -1.33169144	    -10.89127530	      4.16706309	     98.07670709	     20.30266322	   -329.10558362	    207.68197183	    704.85539633	     11.52546588
      0.12452939	    -11.04475479	     -1.28715869	    -10.76123165	      1.26703231	     97.19305876	     29.56542217	   -330.53422958	    212.30866770	    709.71491869	     10.34936717
      0.12589784	    -10.64636506	     -1.30798973	    -10.66153355	      1.50592187	     97.02477843	     27.63469284	   -331.60829452	    210.66640771	    713.52716874	      9.79989294
      0.12726630	    -10.22688285	     -1.32793264	    -10.56141398	      1.79450371	     96.65125894	     25.39519777	   -332.10955823	    207.61024351	    716.35342209	      9.23118661
      0.12863475	     -9.74890772	     -1.34367140	    -10.45817653	      1.98183913	     96.01290559	     23.42135991	   -331.99304141	    202.13896645	    718.01085928	      8.60571255
      0.13000321	     -9.22849160	     -1.35715840	    -10.35109862	      2.12844120	     95.13446593	     21.65706659	   -331.27060599	    191.70841717	    718.56336013	      7.93781414
      0.13137166	     -8.64867194	     -1.36706510	    -10.23924605	      2.17679402	     93.99045245	     20.30010860	   -329.92470853	    176.05437164	    718.01330081	      7.21034957
      0.13274012	     -8.00374998	     -1.37296867	    -10.12281196	      2.11372812	     92.57566963	     19.35536739	   -327.95778825	    155.42368671	    716.37046204	      6.41777036
      0.13410857	     -7.29077141	     -1.37497987	    -10.00120653	      1.93106869	     90.89069397	     18.87936891	   -325.37804520	    129.30087704	    713.62040943	      5.55650015
      0.13547703	     -6.51128483	     -1.37338831	     -9.87440407	      1.62958587	     88.94432262	     18.88582422	   -322.20286244	     97.61880014	    709.80590559	      4.62800634
      0.13684548	     -5.65926658	     -1.36748179	     -9.74322035	      1.18934122	     86.73718663	     19.33066407	   -318.45529470	     61.83755983	    704.96846977	      3.62727900
      0.13821394	     -4.73173076	     -1.35636398	     -9.60933006	      0.59514194	     84.27534244	     20.10371986	   -314.16515441	     24.20365761	    699.16436951	      2.55338813
      0.13958239	     -3.72610611	     -1.33934676	     -9.47401238	     -0.16409512	     81.56774163	     21.09672438	   -309.36962391	    -13.39983291	    692.46084283	      1.40530639
      0.14095085	     -2.64539728	     -1.31642201	     -9.33791041	     -1.08600090	     78.62921442	     22.24939002	   -304.09992568	    -50.09553030	    684.91879862	      0.18677823
      0.14231930	     -1.49409478	     -1.28790260	     -9.20137160	     -2.16327882	     75.47845776	     23.52223969	   -298.39338707	    -85.43664788	    676.61261112	     -1.09755886
      0.14368775	     -0.27956205	     -1.25437814	     -9.06464698	     -3.38092987	     72.13603830	     24.88751682	   -292.28010266	   -119.36687705	    667.59120082	     -2.44046084
      0.14505621	      0.98958421	     -1.21658133	     -8.92796653	     -4.72118560	     68.62639958	     26.32321012	   -285.79860443	   -151.97715261	    657.92993057	     -3.83363087
      0.14642466	      2.30539989	     -1.17518258	     -8.79145601	     -6.16803556	     64.97084735	     27.82000165	   -278.97893106	   -183.43758984	    647.68048286	     -5.26954294
      0.14779312	      3.65960644	     -1.13084045	     -8.65535335	     -7.70488440	     61.19305998	     29.36209095	   -271.85905851	   -213.87272569	    636.92348814	     -6.74032780
      0.14916157	      5.04591801	     -1.08405277	     -8.51980507	     -9.31897026	     57.31176177	     30.93807143	   -264.46823250	   -243.37781463	    625.71745862	     -8.24016129
      0.15053003	      6.45750190	     -1.03531821	     -8.38507978	    -10.99629114	     53.34816788	     32.52832904	   -256.84341988	   -272.02053495	    614.14583653	     -9.76263547
      0.15189848	      7.88987362	     -0.98497268	     -8.25130934	    -12.72755248	     49.31817217	     34.12014601	   -249.01338636	   -299.83395111	    602.27756829	    -11.30375780
      0.15326694	      9.33794884	     -0.93336589	     -8.11872266	    -14.50225077	     45.24006394	     35.69512282	   -241.01422702	   -326.84354656	    590.19887126	    -12.85890092
      0.15463539	     10.79889078	     -0.88070690	     -7.98739184	    -16.31453974	     41.12703431	     37.24375709	   -232.87440692	   -353.04867217	    577.99217489	    -14.42575293
      0.15600385	     12.26924849	     -0.82723104	     -7.85746220	    -18.15739786	     36.99453918	     38.75286558	   -224.62929873	   -378.45462893	    565.74722773	    -16.00135923
      0.15737230	     13.74743350	     -0.77306382	     -7.72893843	    -20.02752570	     32.85347006	     40.21693267	   -216.30698186	   -403.05378690	    553.56011453	    -17.58467803
      0.15874076	     15.23125778	     -0.71836578	     -7.60187977	    -21.92052420	     28.71682748	     41.62827002	   -207.94201339	   -426.85057922	    541.52422446	    -19.17404401
      0.16010921	     16.71993040	     -0.66321316	     -7.47624085	    -23.83459219	     24.59364485	     42.98452234	   -199.56175703	   -449.84652668	    529.74529693	    -20.76920986
      0.16147767	     18.21210997	     -0.60772034	     -7.35201746	    -25.76697911	     20.49486217	     44.28228370	   -191.19957790	   -472.05459114	    518.31865966	    -22.36935513
      0.16284612	     19.70741665	     -0.55193266	     -7.22914312	    -27.71659391	     16.42801210	     45.52147015	   -182.88161365	   -493.48934623	    507.35076390	    -23.97460784
      0.16421458	     21.20499745	     -0.49593167	     -7.10758336	    -29.68159368	     12.40227458	     46.70173650	   -174.63941938	   -514.17251688	    496.93438845	    -25.58459928
      0.16558303	     22.70460709	     -0.43973602	     -6.98728098	    -31.66113585	      8.42389208	     47.82475210	   -166.49717090	   -534.12795312	    487.16304169	    -27.19952383
      0.16695149	     24.20561635	     -0.38339537	     -6.86820450	    -33.65381662	      4.50043913	     48.89241508	   -158.48368461	   -553.38226233	    478.11913963	    -28.81916614
      0.16831994	     25.70775024	     -0.32689767	     -6.75033105	    -35.65877885	      0.63689776	     49.90764291	   -150.62006719	   -571.96347054	    469.86681725	    -30.44359674
      0.16968840	     27.21042708	     -0.27025599	     -6.63365985	    -37.67471136	     -3.16076977	     50.87366895	   -142.93102459	   -589.90070651	    462.46740379	    -32.07255075
      0.17105685	     28.71326389	     -0.21342319	     -6.51821931	    -39.70049094	     -6.88896144	     51.79348255	   -135.43310690	   -607.22415951	    455.94036309	    -33.70588075
      0.17242531	     30.21562252	     -0.15637242	     -6.40405856	    -41.73453393	    -10.54345333	     52.67002823	   -128.14516572	   -623.96659185	    450.31416330	    -35.34315201
      0.17379376	     31.71699505	     -0.09902161	     -6.29126475	    -43.77517240	    -14.12219083	     53.50447905	   -121.07766326	   -640.16048880	    445.55440260	    -36.98397737
      0.17516222	     33.21666471	     -0.04130413	     -6.17994449	    -45.82027286	    -17.62285217	     54.29757005	   -114.24192717	   -655.84227470	    441.64707950	    -38.62772524
      0.17653067	     34.71405311	      0.01689410	     -6.07023935	    -47.86756619	    -21.04504206	     55.04737007	   -107.64136038	   -671.04277740	    438.50478732	    -40.27382790
      0.17789913	     36.20845765	      0.07568000	     -5.96230545	    -49.91452152	    -24.38845760	     55.75189742	   -101.27885988	   -685.79392415	    436.06726497	    -41.92155529
      0.17926758	     37.69935712	      0.13519862	     -5.85632290	    -51.95868195	    -27.65433160	     56.40699129	    -95.15090856	   -700.11352198	    434.20590534	    -43.57029800
      0.18063603	     39.18620945	      0.19559732	     -5.75247876	    -53.99767035	    -30.84428776	     57.00947379	    -89.25240001	   -714.01557873	    432.81883032	    -45.21938688
      0.18200449	     40.66861802	      0.25704580	     -5.65097543	    -56.02929525	    -33.96083535	     57.55489120	    -83.57433027	   -727.49577745	    431.75615992	    -46.86825180
      0.18337294	     42.14620004	      0.31971834	     -5.55201829	    -58.05154007	    -37.00698626	     58.04000633	    -78.10544872	   -740.54529292	    430.88762253	    -48.51629843
      0.18474140	     43.61852799	      0.38378605	     -5.45582941	    -60.06227096	    -39.98573778	     58.46038136	    -72.83367428	   -753.14116025	    430.06479028	    -50.16285104
      0.18610985	     45.08514573	      0.44941872	     -5.36263507	    -62.05930987	    -42.90052083	     58.81176067	    -67.74445691	   -765.25816678	    429.14799773	    -51.80716864
      0.18747831	     46.54527234	      0.51675470	     -5.27268475	    -64.03986705	    -45.75383318	     59.08866140	    -62.82528671	   -776.86557257	    428.01034755	    -53.44815143
      0.18884676	     47.99807328	      0.58592656	     -5.18623351	    -66.00095145	    -48.54853253	     59.28479398	    -58.06120809	   -787.92858391	    426.52289060	    -55.08460986
      0.19021522	     49.44223181	      0.65702297	     -5.10355426	    -67.93911687	    -51.28599907	     59.39579200	    -53.44130197	   -798.41215256	    424.59357188	    -56.71483503
      0.19158367	     50.87613216	      0.73011802	     -5.02495329	    -69.85072053	    -53.96769872	     59.41879190	    -48.95211469	   -808.26292092	    422.12004917	    -58.33673765
      0.19295213	     52.29785931	      0.80526624	     -4.95072098	    -71.73335504	    -56.59361688	     59.36202333	    -44.58579203	   -817.42657645	    419.04968222	    -59.94788073
      0.19432058	     53.70624501	      0.88257213	     -4.88107927	    -73.58669336	    -59.16513211	     59.23927051	    -40.33192591	   -825.83502730	    415.31541090	    -61.54658322
      0.19568904	     55.09925840	      0.96206994	     -4.81627311	    -75.40964416	    -61.68133983	     59.06889682	    -36.18629802	   -833.45781661	    410.90237892	    -63.13024902
      0.19705749	     56.47465216	      1.04375352	     -4.75654053	    -77.19940604	    -64.14238284	     58.86104218	    -32.13786837	   -840.29186576	    405.77721787	    -64.69603764
      0.19842595	     57.82810429	      1.12744871	     -4.70223840	    -78.94936851	    -66.54248063	     58.62026459	    -28.19214962	   -846.37657850	    399.95528220	    -66.23895045
      0.19979440	     59.15428354	      1.21291838	     -4.65379940	    -80.65076706	    -68.87422700	     58.34555291	    -24.35660441	   -851.76200890	    393.44979606	    -67.75288693
      0.20116286	     60.44729723	      1.29982460	     -4.61166329	    -82.29400250	    -71.12762919	     58.03460513	    -20.64883832	   -856.50066541	    386.31726168	    -69.23117972
      0.20253131	     61.70145524	      1.38783722	     -4.57624371	    -83.86985286	    -73.29450166	     57.68507504	    -17.07919515	   -860.64361668	    378.60971810	    -70.66732778
      0.20389977	     62.91244379	      1.47657916	     -4.54775899	    -85.37112475	    -75.36882338	     57.29502317	    -13.65617510	   -864.23328005	    370.38795017	    -72.05636429
      0.20526822	     64.07625817	      1.56565244	     -4.52636233	    -86.79122022	    -77.34557859	     56.86311031	    -10.38534320	   -867.31427939	    361.70912256	    -73.39366451
      0.20663668	     65.18972988	      1.65464428	     -4.51208133	    -88.12483995	    -79.22165066	     56.38845558	     -7.26793463	   -869.93070755	    352.62335392	    -74.67553715
      0.20800513	     66.24922572	      1.74309147	     -4.50495087	    -89.36620961	    -80.99304401	     55.87048744	     -4.30624687	   -872.13732286	    343.17719972	    -75.89782108
      0.20937359	     67.25053548	      1.83055859	     -4.50506805	    -90.50896770	    -82.65640544	     55.30847767	     -1.49528947	   -873.99783034	    333.40450235	    -77.05567490
      0.21074204	     68.19147221	      1.91651183	     -4.51217333	    -91.54963442	    -84.21012791	     54.70290627	      1.16551945	   -875.59652805	    323.33801126	    -78.14662070
      0.21211050	     69.06436649	      2.00062875	     -4.52678182	    -92.47727546	    -85.64952799	     54.04958124	      3.69652896	   -877.02400836	    312.97870676	    -79.16180751
      0.21347895	     69.85692446	      2.08255635	     -4.54983535	    -93.27557876	    -86.96519063	     53.34355119	      6.12353743	   -878.42113195	    302.28719044	    -80.08704501
      0.21484740	     70.55263470	      2.16193105	     -4.58273688	    -93.92246703	    -88.14300955	     52.56981334	      8.47469858	   -879.90578029	    291.23131338	    -80.90321136
      0.21621586	     71.13527241	      2.23802184	     -4.62657106	    -94.39319711	    -89.16719985	     51.69848829	     10.76882481	   -881.67729513	    279.76321378	    -81.59183102
      0.21758431	     71.58916935	      2.30961369	     -4.68198087	    -94.65770180	    -90.01976252	     50.66276929	     13.00949012	   -883.92055150	    267.88762770	    -82.13548418
      0.21895277	     71.89166452	      2.37485479	     -4.74975326	    -94.66812175	    -90.67326395	     49.34450707	     15.19748987	   -887.04820217	    255.57980618	    -82.50940933
      0.22032122	     72.01124563	      2.43060041	     -4.83032959	    -94.34646289	    -91.08610171	     47.51910301	     17.31835462	   -891.64815430	    242.85974618	    -82.68009548
      0.22168968	     71.89590506	      2.47202177	     -4.92458707	    -93.56313046	    -91.18961115	     44.81191294	     19.35233632	   -898.91747040	    229.71656398	    -82.59243878
      0.22305813	     71.46057137	      2.49117761	     -5.03340646	    -92.10270960	    -90.87008162	     40.59570156	     21.26324310	   -910.63211168	    216.16182526	    -82.15679199
      0.22442659	     70.57871570	      2.47666489	     -5.15802466	    -89.64890976	    -89.95893287	     33.94149723	     23.00350422	   -929.72006380	    202.17516062	    -81.23968869
      0.22579504	     69.06063357	      2.41230166	     -5.30028804	    -85.74785669	    -88.20399856	     23.55835808	     24.50411041	   -959.84228737	    187.73132536	    -79.63998402
      0.22716350	     66.67873012	      2.27935536	     -5.46195045	    -79.87891992	    -85.30372010	      7.97230008	     25.68599475	  -1005.20941492	    172.78293274	    -77.11508419
      0.22853195	     63.20852951	      2.06063109	     -5.64386636	    -71.58577669	    -80.96268317	    -14.02395235	     26.47258978	  -1068.65865850	    157.29279462	    -73.42282535
      0.22990041	     58.55905829	      1.75098405	     -5.84392607	    -60.79340660	    -75.06469027	    -42.48300441	     26.83086350	  -1148.84450050	    141.29132024	    -68.45951497
      0.23126886	     52.90740025	      1.36695708	     -6.05444731	    -48.10285641	    -67.84963188	    -75.47864773	     26.81208870	  -1238.20268033	    124.92923723	    -62.40489383
      0.23263732	     46.59447291	      0.93793333	     -6.26612604	    -34.49104019	    -59.77384796	   -109.99917121	     26.51770958	  -1326.98386236	    108.44914618	    -55.61381510
      0.23400577	     39.51753330	      0.45580036	     -6.47533789	    -19.78822766	    -50.70208082	   -146.46983304	     25.91365596	  -1417.56895159	     91.86348954	    -47.97435750
      0.23537423	     30.28355606	     -0.18899343	     -6.69205058	     -0.83382664	    -38.78910545	   -193.84254726	     24.57354487	  -1543.11031589	     74.55942311	    -38.00018713
      0.23674268	     16.91045912	     -1.14777254	     -6.92026975	     26.65812357	    -21.41266826	   -264.01211677	     21.89504543	  -1743.20629655	     55.58534880	    -23.56533976
      0.23811114	     -1.06512850	     -2.44423039	     -7.13690460	     63.09824179	      2.03078828	   -356.98843272	     17.73927457	  -2014.90472428	     34.77314197	     -4.14493007
      0.23947959	    -22.02755254	     -3.93772372	     -7.29974884	    104.08981238	     29.39118336	   -458.44651956	     12.60350068	  -2310.79445687	     12.92257928	     18.56831336
      0.24084805	    -43.50708011	     -5.42571673	     -7.37095673	    143.57718280	     57.39160854	   -548.95879806	      7.24386901	  -2565.78021204	     -8.66221919	     41.95561825
      0.24221650	    -63.74402986	     -6.76978741	     -7.33631896	    177.50168702	     83.70611989	   -615.17776946	      2.19525315	  -2743.62764058	    -29.08432094	     64.13496361
      0.24358496	    -81.71705459	     -7.89462562	     -7.19633421	    203.64147128	    106.99311186	   -648.86362347	     -2.23885137	  -2825.60136583	    -47.76821889	     84.00026946
      0.24495341	    -97.19402554	     -8.79056033	     -6.96220082	    221.83906400	    126.96321190	   -649.19448318	     -6.00121011	  -2808.99702592	    -64.56285531	    101.28025417
      0.24632187	   -110.57486320	     -9.50056215	     -6.65139242	    233.69199852	    144.17709635	   -622.63927335	     -9.24985184	  -2679.43290951	    -79.65571361	    116.37227564
      0.24769032	    -96.34536021	     -7.98285974	     -5.89729681	    172.36584540	    124.20494258	   -311.06869526	     -2.58384139	  -1513.81150564	    -82.89961030	    102.15783825
      0.24905878	    -92.37743418	     -7.28042214	     -5.20405280	    135.25923245	    118.02633757	    -81.36037325	      0.51742182	   -508.27260131	    -90.84243987	     98.87572498
      0.25042723	   -122.45941996	     -9.27689286	     -4.86831915	    184.72336627	    157.88565836	   -179.02583042	     -9.07010576	   -272.41367666	   -112.43635557	    131.84265490
      0.25179568	   -154.16350374	    -11.33870420	     -4.39504852	    234.80358978	    199.99775365	   -270.34506370	    -19.47742312	    717.65311630	   -134.04455821	    166.66521281
      0.25316414	   -189.95556725	    -13.62386577	     -3.72592980	    288.84284015	    247.66507123	   -356.93279317	    -31.71448485	   1223.00943618	   -159.86584427	    206.05481054
      0.25453259	   -216.60162018	    -15.10349094	     -2.73194765	    313.91276994	    282.96639501	   -314.99219532	    -40.59188895	   1051.46287191	   -182.02618533	    235.88262632
      0.25590105	   -237.03248951	    -16.11399765	     -1.66545878	    325.34368396	    310.10224859	   -224.68599567	    -47.68459186	    564.71597699	   -199.97576891	    259.03241315
      0.25726950	   -254.77259274	    -16.99779197	     -0.70959763	    336.82672780	    333.98630508	   -153.89044395	    -54.64126901	    139.24578122	   -214.23824346	    279.11202303
      0.25863796	   -270.26387994	    -17.78134689	      0.13542645	    348.66202568	    355.14872454	   -103.58760142	    -61.48148729	   -172.66438757	   -225.28805473	    296.61710047
      0.26000641	   -283.74063047	    -18.48277736	      0.85718517	    361.28084414	    373.86463739	    -76.05957243	    -68.20375779	   -367.02950941	   -233.38763766	    311.80236274
      0.26137487	   -294.67813419	    -19.05491902	      1.46433492	    372.71672733	    389.36030897	    -62.30375520	    -74.46945599	   -466.73502812	   -238.56194126	    324.12647574
      0.26274332	   -302.98574371	    -19.48232053	      1.96700701	    381.94723455	    401.44936572	    -55.98098292	    -80.10137221	   -520.96045001	   -241.08622808	    333.51539466
      0.26411178	   -308.61420214	    -19.75880990	      2.36390023	    388.53191102	    410.02206163	    -54.41381829	    -84.98281429	   -537.99401911	   -241.10146862	    339.92351602
      0.26548023	   -311.66201433	    -19.88484512	      2.66343770	    392.06913040	    415.16298925	    -53.81444905	    -89.03862376	   -545.09161897	   -238.91867319	    343.47323388
      0.26684869	   -312.31264196	    -19.87224821	      2.86525762	    392.76618220	    417.09137287	    -54.01606598	    -92.26918525	   -541.71434598	   -234.75865236	    344.36503767
      0.26821714	   -310.81120247	    -19.73401551	      2.97686769	    390.75199424	    416.10781893	    -53.73025178	    -94.69228595	   -537.82118460	   -228.95011102	    342.87287908
      0.26958560	   -307.40856348	    -19.48593339	      3.00294551	    386.36884822	    412.53273146	    -53.16886624	    -96.35431652	   -531.91418391	   -221.75474206	    339.27064439
      0.27095405	   -302.39989615	    -19.14517272	      2.95257938	    379.94858470	    406.74755866	    -52.08510538	    -97.32039214	   -526.73163238	   -213.49778379	    333.88401309
      0.27232251	   -296.03787559	    -18.72696900	      2.83418899	    371.82373611	    399.08346548	    -50.62638794	    -97.65573571	   -521.52717206	   -204.43736950	    326.99007040
      0.27369096	   -288.60773419	    -18.24801187	      2.65813140	    362.35090672	    389.91766550	    -48.83335333	    -97.44291301	   -516.82371489	   -194.85750985	    318.90330361
      0.27505942	   -280.33395378	    -17.72146428	      2.43401814	    351.81609106	    379.54976642	    -46.78344373	    -96.75242962	   -512.37343283	   -184.96481753	    309.87092525
      0.27642787	   -271.46213988	    -17.16159520	      2.17195191	    340.53185393	    368.30961498	    -44.56171768	    -95.66771506	   -508.19247410	   -174.96743631	    300.16434413
      0.27779633	   -262.17482248	    -16.57894515	      1.88078931	    328.72672889	    356.44456941	    -42.20955155	    -94.25557842	   -504.20536703	   -164.99793892	    289.98538590
      0.27916478	   -252.66611856	    -15.98472899	      1.56912754	    316.64808361	    344.21866375	    -39.80123529	    -92.59076027	   -500.37031323	   -155.18385829	    279.54924660
      0.28053324	   -243.07294950	    -15.38679383	      1.24408926	    304.46565054	    331.82011694	    -37.35876530	    -90.73057389	   -496.66086654	   -145.59465604	    269.00798665
      0.28190169	   -233.53663971	    -14.79329351	      0.91221627	    292.35956651	    319.44355076	    -34.93844398	    -88.73608860	   -493.07208154	   -136.29611267	    258.51887231
      0.28327015	   -224.15118188	    -14.20960133	      0.57866491	    280.44532679	    307.22022445	    -32.54929174	    -86.65240685	   -489.60187906	   -127.31705723	    248.18684949
      0.28463860	   -215.00995931	    -13.64112532	      0.24793671	    268.84220378	    295.28066966	    -30.23100671	    -84.52539352	   -486.29066585	   -118.68379794	    238.11633146
      0.28600705	   -206.17021296	    -13.09114414	     -0.07658931	    257.61965622	    283.70663425	    -27.98330055	    -82.38767800	   -483.14738718	   -110.40220051	    228.37172025
      0.28737551	   -197.68538641	    -12.56278733	     -0.39213379	    246.84630508	    272.57463831	    -25.83187494	    -80.27070404	   -480.23453920	   -102.47600195	    219.01320619
      0.28874396	   -189.58367172	    -12.05768154	     -0.69673521	    236.55550700	    261.92683950	    -23.77077173	    -78.19592939	   -477.54646671	    -94.89961494	    210.07298524
      0.29011242	   -181.88768627	    -11.57719160	     -0.98892338	    226.77680961	    251.79767655	    -21.81488519	    -76.18248174	   -475.12806329	    -87.66552100	    201.57697520
      0.29148087	   -174.60448920	    -11.12173512	     -1.26777172	    217.51762338	    242.20019101	    -19.95632372	    -74.24275684	   -472.93711190	    -80.76416144	    193.53382481
      0.29284933	   -167.73478079	    -10.69140830	     -1.53272792	    208.77976660	    233.13861213	    -18.20264963	    -72.38624200	   -470.96893009	    -74.18400137	    185.94498475
      0.29421778	   -161.27172703	    -10.28582156	     -1.78356209	    200.55387857	    224.60657595	    -16.54678759	    -70.61860002	   -469.15054214	    -67.91590893	    178.80353913
      0.29558624	   -155.20166175	     -9.90421161	     -2.02029091	    192.82359963	    216.58788563	    -14.99174588	    -68.94122384	   -467.42964603	    -61.94901322	    172.09485756
      0.29695469	   -149.50968844	     -9.54570006	     -2.24309817	    185.56994248	    209.06447136	    -13.53188241	    -67.35461559	   -465.73894951	    -56.27671310	    165.80294380
      0.29832315	   -144.17503782	     -9.20909891	     -2.45237321	    178.76756412	    202.01036506	    -12.16763620	    -65.85703907	   -464.01729850	    -50.88933388	    159.90511443
      0.29969160	   -139.17963027	     -8.89332926	     -2.64854200	    172.39367481	    195.40290160	    -10.89376707	    -64.44701590	   -462.24267403	    -45.78209313	    154.38170796
      0.30106006	   -134.49992502	     -8.59701302	     -2.83215840	    166.41919971	    189.21183815	     -9.70821552	    -63.12029310	   -460.39032897	    -40.94747698	    149.20686329
      0.30242851	   -130.11731484	     -8.31901623	     -3.00374515	    160.82053735	    183.41333341	     -8.60449526	    -61.87390671	   -458.49105400	    -36.38193554	    144.36025115
      0.30379697	   -126.00851806	     -8.05794942	     -3.16390939	    155.56856957	    177.97705742	     -7.57790705	    -60.70246878	   -456.56893371	    -32.07934277	    139.81623151
      0.30516542	   -122.15604828	     -7.81272576	     -3.31320463	    150.64090428	    172.88031396	     -6.62062758	    -59.60239444	   -454.67524711	    -28.03579216	    135.55565731
      0.30653388	   -118.53847808	     -7.58204556	     -3.45223795	    146.01042914	    168.09493820	     -5.72589191	    -58.56802729	   -452.85244521	    -24.24474164	    131.55489976
      0.30790233	   -115.14038906	     -7.36493540	     -3.58156892	    141.65737725	    163.60074716	     -4.88624912	    -57.59576084	   -451.13022486	    -20.69983836	    127.79705312
      0.30927079	   -111.94299693	     -7.16024259	     -3.70178800	    137.55785164	    159.37289281	     -4.09451032	    -56.68020324	   -449.52746750	    -17.39116684	    124.26138258
      0.31063924	   -108.93368788	     -6.96716002	     -3.81345059	    133.69588908	    155.39477214	     -3.34560751	    -55.81820458	   -448.03907255	    -14.30758513	    120.93404968
      0.31200770	   -106.09708943	     -6.78473460	     -3.91712745	    130.05199650	    151.64597008	     -2.63374117	    -55.00519299	   -446.64817536	    -11.43578590	    117.79807880
      0.31337615	   -103.42385252	     -6.61235612	     -4.01335209	    126.61463721	    148.11418089	     -1.95693605	    -54.23902080	   -445.33888892	     -8.76790082	    114.84322767
      0.31474461	   -100.90263929	     -6.44930872	     -4.10266474	    123.36957895	    144.78437077	     -1.31174184	    -53.51664326	   -444.08617843	     -6.29992529	    112.05699373
      0.31611306	    -98.52643443	     -6.29512788	     -4.18554574	    120.30836466	    141.64734408	     -0.69821697	    -52.83670550	   -442.89049064	     -4.03025055	    109.43170187
      0.31748152	    -96.28622106	     -6.14924418	     -4.26247464	    117.41987267	    138.69114023	     -0.11529590	    -52.19676672	   -441.74354893	     -1.95060952	    106.95740286
      0.31884997	    -94.17553641	     -6.01123944	     -4.33385574	    114.69622673	    135.90725995	      0.43709796	    -51.59530100	   -440.66296787	     -0.05191476	    104.62699713
      0.32021843	    -92.18670682	     -5.88063338	     -4.40009743	    112.12793140	    133.28552859	      0.95975468	    -51.03015440	   -439.66075561	      1.67782433	    102.43200360
      0.32158688	    -90.31395881	     -5.75705896	     -4.46154417	    109.70776832	    130.81838418	      1.45384836	    -50.49997669	   -438.75448817	      3.24738719	    100.36606051
      0.32295533	    -88.55086887	     -5.64011919	     -4.51854945	    107.42768112	    128.49737712	      1.92070176	    -50.00313767	   -437.95829252	      4.66658213	     98.42205420
      0.32432379	    -86.89223727	     -5.52948932	     -4.57141563	    105.28106931	    126.31573338	      2.36204194	    -49.53849507	   -437.26823452	      5.94223436	     96.59423764
      0.32569224	    -85.33225286	     -5.42481412	     -4.62045001	    103.26053620	    124.26583034	      2.77977273	    -49.10460506	   -436.67780721	      7.08183217	     94.87616297
      0.32706070	    -83.86588405	     -5.32578340	     -4.66591563	    101.35976431	    122.34107845	      3.17492304	    -48.70022573	   -436.15854650	      8.09069144	     93.26225519
      0.32842915	    -82.48768042	     -5.23206724	     -4.70808096	     99.57186926	    120.53430570	      3.54880030	    -48.32390937	   -435.68094857	      8.97468784	     91.74645580
      0.32979761	    -81.19303214	     -5.14338376	     -4.74717648	     97.89120911	    118.83944797	      3.90113648	    -47.97442986	   -435.20593871	      9.73837110	     90.32364899
      0.33116606	    -79.97709157	     -5.05944122	     -4.78343892	     96.31179835	    117.25010722	      4.23196737	    -47.65044311	   -434.69361799	     10.38677123	     88.98844010
      0.33253452	    -78.83591046	     -4.97999764	     -4.81706805	     94.82888893	    115.76107633	      4.54023430	    -47.35086748	   -434.10980984	     10.92386106	     87.73644724
      0.33390297	    -77.76537086	     -4.90480428	     -4.84826937	     93.43748607	    114.36690366	      4.82510194	    -47.07452174	   -433.41827942	     11.35382151	     86.56308841
      0.33527143	    -76.76204399	     -4.83364879	     -4.87720854	     92.13343457	    113.06305132	      5.08558656	    -46.82041321	   -432.59839459	     11.67971073	     85.46456190
      0.33663988	    -75.82237644	     -4.76631427	     -4.90405684	     90.91241714	    111.84479570	      5.32074139	    -46.58745919	   -431.62658996	     11.90457718	     84.43691773
      0.33800834	    -74.94319424	     -4.70260291	     -4.92894534	     89.77047512	    110.70792381	      5.53019606	    -46.37467768	   -430.49742956	     12.03077986	     83.47663770
      0.33937679	    -74.12129565	     -4.64231775	     -4.95201137	     88.70364247	    109.64816740	      5.71339003	    -46.18103661	   -429.20356202	     12.06064217	     82.58016486
      0.34074525	    -73.35359185	     -4.58526708	     -4.97335634	     87.70793284	    108.66142611	      5.87078100	    -46.00555186	   -427.75105601	     11.99664532	     81.74407145
      0.34211370	    -72.63705557	     -4.53126510	     -4.99308821	     86.77948560	    107.74366674	      6.00249588	    -45.84723330	   -426.14643561	     11.84126114	     80.96499195
      0.34348216	    -71.96858053	     -4.48012157	     -5.01128546	     85.91418259	    106.89077120	      6.10979455	    -45.70508839	   -424.40020939	     11.59756142	     80.23947151
      0.34485061	    -71.34517703	     -4.43165498	     -5.02803274	     85.10810409	    106.09876268	      6.19359006	    -45.57814152	   -422.52548923	     11.26851898	     79.56418061
      0.34621907	    -70.76369886	     -4.38567575	     -5.04339136	     84.35703516	    105.36346973	      6.25559838	    -45.46537390	   -420.53092849	     10.85756206	     78.93561146
      0.34758752	    -70.22113330	     -4.34200370	     -5.05742835	     83.65697077	    104.68088412	      6.29727280	    -45.36578846	   -418.42881261	     10.36794452	     78.35040189
      0.34895598	    -69.71437607	     -4.30045496	     -5.07019201	     83.00377948	    104.04688771	      6.32025487	    -45.27836638	   -416.22519307	      9.80321789	     77.80508282
      0.35032443	    -69.24044739	     -4.26085440	     -5.08173603	     82.39351495	    103.45751550	      6.32603563	    -45.20211454	   -413.93026283	      9.16685895	     77.29632132
      0.35169289	    -68.79643742	     -4.22303236	     -5.09209766	     81.82235051	    102.90891262	      6.31592485	    -45.13609405	   -411.55246123	      8.46262208	     76.82085913
      0.35306134	    -68.37954304	     -4.18682683	     -5.10131863	     81.28661394	    102.39735634	      6.29114641	    -45.07939285	   -409.10547069	      7.69427309	     76.37555462
      0.35442980	    -67.98718076	     -4.15208835	     -5.10942593	     80.78289838	    101.91943309	      6.25300137	    -45.03121114	   -406.60452043	      6.86566860	     75.95751253
      0.35579825	    -67.61684936	     -4.11867347	     -5.11644907	     80.30791783	    101.47182862	      6.20271700	    -44.99076134	   -404.07182065	      5.98055740	     75.56392767
      0.35716670	    -67.26634001	     -4.08645421	     -5.12240871	     79.85867344	    101.05162966	      6.14215383	    -44.95739318	   -401.52625258	      5.04272553	     75.19232622
      0.35853516	    -66.93349280	     -4.05530647	     -5.12732627	     79.43224032	    100.65597863	      6.07312291	    -44.93045431	   -398.99474522	      4.05580620	     74.84028751
      0.35990361	    -66.61647486	     -4.02512463	     -5.13122593	     79.02603639	    100.28246638	      5.99811536	    -44.90947117	   -396.48949656	      3.02394871	     74.50575931
      0.36127207	    -66.31346098	     -3.99580459	     -5.13413188	     78.63748577	     99.92868981	      5.91967660	    -44.89396942	   -394.02981370	      1.95137710	     74.18669606
      0.36264052	    -66.02301515	     -3.96726636	     -5.13608153	     78.26456137	     99.59277898	      5.84018372	    -44.88369708	   -391.61182769	      0.84305656	     73.88148576
      0.36400898	    -65.74366269	     -3.93942846	     -5.13711143	     77.90515543	     99.27281019	      5.76224949	    -44.87839065	   -389.23578889	     -0.29588331	     73.58847177
      0.36537743	    -65.47440591	     -3.91223924	     -5.13727262	     77.55797611	     98.96750146	      5.68709675	    -44.87800264	   -386.88126538	     -1.46032732	     73.30652794
      0.36674589	    -65.21416532	     -3.88564224	     -5.13661414	     77.22156835	     98.67545506	      5.61635436	    -44.88244090	   -384.52795083	     -2.64519631	     73.03443670
      0.36811434	    -64.96239562	     -3.85961325	     -5.13519285	     76.89543225	     98.39598695	      5.54957252	    -44.89181297	   -382.14767466	     -3.84613851	     72.77157670
      0.36948280	    -64.71844889	     -3.83412178	     -5.13306393	     76.57886876	     98.12826947	      5.48676324	    -44.90617275	   -379.70867466	     -5.05881711	     72.51721226
      0.37085125	    -64.48218289	     -3.80916671	     -5.13028149	     76.27203391	     97.87216277	      5.42613360	    -44.92578727	   -377.18729097	     -6.27935152	     72.27117409
      0.37221971	    -64.25335919	     -3.78474135	     -5.12689970	     75.97490832	     97.62739721	      5.36624921	    -44.95089101	   -374.55402206	     -7.50364726	     72.03318465
      0.37358816	    -64.03210922	     -3.76085870	     -5.12296291	     75.68800201	     97.39421710	      5.30488021	    -44.98189825	   -371.79909882	     -8.72767588	     71.80338432
      0.37495662	    -63.81850600	     -3.73752873	     -5.11851696	     75.41173087	     97.17279114	      5.23992857	    -45.01921445	   -368.90696861	     -9.94720052	     71.58184651
      0.37632507	    -63.61276350	     -3.71476537	     -5.11359070	     75.14658052	     96.96347891	      5.16973129	    -45.06328142	   -365.88505512	    -11.15831787	     71.36881182
      0.37769353	    -63.41515135	     -3.69258718	     -5.10821670	     74.89313588	     96.76673209	      5.09241791	    -45.11461528	   -362.73747599	    -12.35690139	     71.16457901
      0.37906198	    -63.22570457	     -3.67099176	     -5.10240507	     74.65143350	     96.58263782	      5.00768603	    -45.17347070	   -359.48564303	    -13.53973935	     70.96920118
      0.38043044	    -63.04500957	     -3.65001663	     -5.09618188	     74.42236163	     96.41214465	      4.91415198	    -45.24067477	   -356.15317637	    -14.70218163	     70.78332873
      0.38179889	    -62.87275568	     -3.62963385	     -5.08954209	     74.20526254	     96.25483324	      4.81330175	    -45.31620848	   -352.76744550	    -15.84156057	     70.60663969
      0.38316735	    -62.72613955	     -3.61151671	     -5.08341804	     74.02397254	     96.16322468	      4.69875682	    -45.48662839	   -349.35400197	    -16.89073603	     70.45667029
      0.38453580	    -62.57723147	     -3.59289125	     -5.07641416	     73.83898914	     96.05336414	      4.58484909	    -45.61534209	   -345.94762635	    -17.95367664	     70.30504218
      0.38590426	    -62.43564042	     -3.57475568	     -5.06896016	     73.66409630	     95.95487566	      4.46568111	    -45.75141747	   -342.59292374	    -18.98671687	     70.16143298
      0.38727271	    -62.30110126	     -3.55708965	     -5.06106153	     73.49844210	     95.86744707	      4.34501763	    -45.89498918	   -339.30565072	    -19.98647158	     70.02555987
      0.38864117	    -62.17316307	     -3.53985937	     -5.05271278	     73.34113774	     95.79043975	      4.22504280	    -46.04587772	   -336.11193350	    -20.95043368	     69.89693837
      0.39000962	    -62.05137748	     -3.52303453	     -5.04391476	     73.19140873	     95.72322898	      4.10731519	    -46.20392774	   -333.02546491	    -21.87617981	     69.77507884
      0.39137808	    -61.93523136	     -3.50658021	     -5.03466734	     73.04832773	     95.66508870	      3.99393267	    -46.36892020	   -330.06082275	    -22.76119792	     69.65942155
      0.39274653	    -61.82424792	     -3.49046575	     -5.02497596	     72.91116496	     95.61533303	      3.88602148	    -46.54061661	   -327.22084180	    -23.60337512	     69.54944250
      0.39411498	    -61.71792403	     -3.47465872	     -5.01484564	     72.77911277	     95.57323384	      3.78503377	    -46.71874778	   -324.50851584	    -24.40053129	     69.44458902
      0.39548344	    -61.61587548	     -3.45913487	     -5.00428667	     72.65165577	     95.53821321	      3.69145716	    -46.90305417	   -321.91796191	    -25.15099611	     69.34443875
      0.39685189	    -61.51768815	     -3.44386814	     -4.99330925	     72.52820549	     95.50964768	      3.60602861	    -47.09324763	   -319.44171010	    -25.85303378	     69.24853616
      0.39822035	    -61.42311880	     -3.42884341	     -4.98192807	     72.40851842	     95.48714378	      3.52854984	    -47.28910183	   -317.06809589	    -26.50514933	     69.15661456
      0.39958880	    -61.33205651	     -3.41405670	     -4.97016745	     72.29250242	     95.47067481	      3.45896502	    -47.49096099	   -314.78208623	    -27.10519358	     69.06854546
      0.40095726	    -61.24471597	     -3.39952713	     -4.95806287	     72.18059568	     95.46087164	      3.39633083	    -47.69989110	   -312.56980417	    -27.65059951	     68.98455279
      0.40232571	    -61.16093145	     -3.38524467	     -4.94563270	     72.07270119	     95.45745673	      3.34001847	    -47.91572344	   -310.41302312	    -28.13956230	     68.90445420
      0.40369417	    -61.08059001	     -3.37120219	     -4.93289072	     71.96884866	     95.46021210	      3.28885450	    -48.13825565	   -308.29933556	    -28.57071250	     68.82812642
      0.40506262	    -61.00355647	     -3.35739145	     -4.91985251	     71.86902720	     95.46888646	      3.24175543	    -48.36726874	   -306.21195258	    -28.94254481	     68.75542072
      0.40643108	    -60.92965272	     -3.34380106	     -4.90652500	     71.77317192	     95.48316442	      3.19751766	    -48.60247177	   -304.14222589	    -29.25434727	     68.68614137
      0.40779953	    -60.85868751	     -3.33041929	     -4.89291759	     71.68120236	     95.50270929	      3.15494416	    -48.84356202	   -302.07763454	    -29.50526643	     68.62007697
      0.40916799	    -60.79036869	     -3.31722769	     -4.87902944	     71.59286213	     95.52704021	      3.11308758	    -49.09013456	   -300.01413436	    -29.69529819	     68.55690499
      0.41053644	    -60.72439745	     -3.30420824	     -4.86486290	     71.50790052	     95.55566523	      3.07093268	    -49.34178256	   -297.94462303	    -29.82423267	     68.49629379
      0.41190490	    -60.66040563	     -3.29133776	     -4.85041139	     71.42590131	     95.58799194	      3.02794562	    -49.59801972	   -295.86990019	    -29.89264177	     68.43783690
      0.41327335	    -60.59801295	     -3.27859346	     -4.83567149	     71.34645613	     95.62340948	      2.98347317	    -49.85835621	   -293.78878066	    -29.90091003	     68.38111210
      0.41464181	    -60.53687683	     -3.26595278	     -4.82063380	     71.26910972	     95.66134923	      2.93746687	    -50.12226993	   -291.70718082	    -29.85027669	     68.32574438
      0.41601026	    -60.47662704	     -3.25339271	     -4.80529125	     71.19339887	     95.70120234	      2.88973611	    -50.38922481	   -289.63027926	    -29.74188155	     68.27132547
      0.41737872	    -60.41706278	     -3.24089719	     -4.78963480	     71.11897397	     95.74257822	      2.84073766	    -50.65871260	   -287.56912312	    -29.57777398	     68.21764407
      0.41874717	    -60.35793980	     -3.22844866	     -4.77365654	     71.04545599	     95.78502526	      2.79079038	    -50.93020405	   -285.53532854	    -29.35997539	     68.16443791
      0.42011563	    -60.29927149	     -3.21604137	     -4.75735094	     70.97270147	     95.82843189	      2.74080082	    -51.20325580	   -283.54413558	    -29.09123077	     68.11174087
      0.42148408	    -60.24102175	     -3.20366743	     -4.74071237	     70.90052341	     95.87261931	      2.69156624	    -51.47740514	   -281.61256983	    -28.77429121	     68.05952932
      0.42285254	    -60.18339645	     -3.19133062	     -4.72374058	     70.82898236	     95.91773247	      2.64428473	    -51.75229316	   -279.75772299	    -28.41230339	     68.00805594
      0.42422099	    -60.12656018	     -3.17903262	     -4.70643430	     70.75809527	     95.96386204	      2.60009513	    -52.02754943	   -277.99931099	    -28.00844963	     67.95752569
      0.42558945	    -60.07078393	     -3.16678063	     -4.68879765	     70.68800622	     96.01124086	      2.56022929	    -52.30285548	   -276.35276701	    -27.56611082	     67.90826366
      0.42695790	    -60.01631444	     -3.15458015	     -4.67083319	     70.61882486	     96.06006868	      2.52592505	    -52.57788200	   -274.83629059	    -27.08882938	     67.86056747
      0.42832635	    -59.96330582	     -3.14243312	     -4.65254636	     70.55059632	     96.11042024	      2.49814116	    -52.85226605	   -273.46007312	    -26.58022310	     67.81462618
      0.42969481	    -59.91189349	     -3.13033924	     -4.63394025	     70.48332494	     96.16233328	      2.47792015	    -53.12560032	   -272.23643540	    -26.04445394	     67.77060991
      0.43106326	    -59.86176177	     -3.11827284	     -4.61500927	     70.41653181	     96.21496568	      2.46578219	    -53.39656165	   -271.16805637	    -25.48564815	     67.72818385
      0.43243172	    -59.81228410	     -3.10618222	     -4.59573008	     70.34929749	     96.26659445	      2.46247007	    -53.66243151	   -270.25872593	    -24.90993031	     67.68668759
      0.43380017	    -59.76316883	     -3.09405583	     -4.57611310	     70.28130373	     96.31676808	      2.46778127	    -53.92291079	   -269.50315575	    -24.31853448	     67.64577968
      0.43516863	    -59.71416146	     -3.08188344	     -4.55616953	     70.21225685	     96.36510168	      2.48164808	    -54.17775541	   -268.89544284	    -23.71335027	     67.60516236
      0.43653708	    -59.66484521	     -3.06965608	     -4.53592112	     70.14177227	     96.41111632	      2.50338307	    -54.42707156	   -268.42378926	    -23.09120520	     67.56433005
      0.43790554	    -59.61484675	     -3.05736763	     -4.51539360	     70.06951131	     96.45439525	      2.53236822	    -54.67100340	   -268.07432975	    -22.44857088	     67.52282558
      0.43927399	    -59.56375801	     -3.04501602	     -4.49461787	     69.99515703	     96.49455726	      2.56759318	    -54.90994339	   -267.83259951	    -21.77877837	     67.48013807
      0.44064245	    -59.51119137	     -3.03260086	     -4.47362886	     69.91841531	     96.53124955	      2.60808604	    -55.14429897	   -267.68119542	    -21.07484876	     67.43577914
      0.44201090	    -59.45678928	     -3.02012005	     -4.45245162	     69.83901629	     96.56411376	      2.65285771	    -55.37431066	   -267.60753279	    -20.33218236	     67.38930295
      0.44337936	    -59.40017435	     -3.00757035	     -4.43111284	     69.75666667	     96.59275116	      2.70092193	    -55.60016952	   -267.59627319	    -19.54648253	     67.34024221
      0.44474781	    -59.34107681	     -2.99494632	     -4.40962445	     69.67113489	     96.61680299	      2.75162485	    -55.82174497	   -267.63943952	    -18.71830262	     67.28827124
      0.44611627	    -59.27921057	     -2.98224291	     -4.38800184	     69.58218234	     96.63589774	      2.80425361	    -56.03894052	   -267.72695919	    -17.84762459	     67.23304330
      0.44748472	    -59.21447781	     -2.96945895	     -4.36625305	     69.48972355	     96.64985114	      2.85855001	    -56.25151862	   -267.85511118	    -16.93755304	     67.17443939
      0.44885318	    -59.14675470	     -2.95659318	     -4.34438873	     69.39365588	     96.65845638	      2.91417714	    -56.45928239	   -268.01875151	    -15.99058629	     67.11230816
      0.45022163	    -59.07610955	     -2.94365142	     -4.32241894	     69.29406290	     96.66174543	      2.97111968	    -56.66205800	   -268.21667554	    -15.01029700	     67.04672258
      0.45159009	    -59.00257262	     -2.93063798	     -4.30035419	     69.19099124	     96.65970309	      3.02929555	    -56.85967651	   -268.44679457	    -14.00008483	     66.97771122
      0.45295854	    -58.92630688	     -2.91756324	     -4.27820644	     69.08463588	     96.65249782	      3.08871709	    -57.05204831	   -268.70951432	    -12.96333257	     66.90545445
      0.45432700	    -58.84743648	     -2.90443546	     -4.25598667	     68.97514949	     96.64024497	      3.14934424	    -57.23906888	   -269.00496282	    -11.90352112	     66.83008860
      0.45569545	    -58.76614843	     -2.89126625	     -4.23370682	     68.86275764	     96.62315960	      3.21115870	    -57.42071319	   -269.33539389	    -10.82365986	     66.75182040
      0.45706391	    -58.68259652	     -2.87806518	     -4.21137706	     68.74764839	     96.60140946	      3.27409539	    -57.59693547	   -269.70353139	     -9.72697112	     66.67081943
      0.45843236	    -58.59695971	     -2.86484330	     -4.18900851	     68.63001893	     96.57521307	      3.33824663	    -57.76775935	   -270.11333634	     -8.61603808	     66.58728291
      0.45980082	    -58.50938981	     -2.85160979	     -4.16661009	     68.51003541	     96.54474983	      3.40366031	    -57.93318816	   -270.56994156	     -7.49368782	     66.50137799
      0.46116927	    -58.42007167	     -2.83837554	     -4.14419349	     68.38786656	     96.51025791	      3.47068691	    -58.09329460	   -271.07729162	     -6.36204215	     66.41330898
      0.46253773	    -58.32916688	     -2.82514970	     -4.12176786	     68.26365180	     96.47194256	      3.53964904	    -58.24813357	   -271.64082918	     -5.22345380	     66.32325464
      0.46390618	    -58.23689821	     -2.81194456	     -4.09934771	     68.13758314	     96.43010175	      3.61108886	    -58.39783387	   -272.26177455	     -4.07955990	     66.23146270
      0.46527463	    -58.14346906	     -2.79877073	     -4.07694484	     68.00982100	     96.38500728	      3.68556230	    -58.54251100	   -272.94255406	     -2.93218612	     66.13815999
      0.46664309	    -58.04914062	     -2.78564227	     -4.05457688	     67.88062335	     96.33701580	      3.76349006	    -58.68234091	   -273.67993711	     -1.78252908	     66.04363719
      0.46801154	    -57.95416554	     -2.77257194	     -4.03225902	     67.75022085	     96.28647385	      3.84536079	    -58.81749491	   -274.47116269	     -0.63191112	     65.94817669
      0.46938000	    -57.85877068	     -2.75957242	     -4.01000868	     67.61888876	     96.23369766	      3.93112757	    -58.94814990	   -275.30922097	      0.51873843	     65.85202833
      0.47074845	    -57.76319835	     -2.74665626	     -3.98784174	     67.48689919	     96.17902641	      4.02084717	    -59.07449209	   -276.18685688	      1.66843069	     65.75546106
      0.47211691	    -57.66749288	     -2.73382781	     -3.96576928	     67.35436780	     96.12253355	      4.11390305	    -59.19661297	   -277.09563076	      2.81620569	     65.65851495
      0.47348536	    -57.57174893	     -2.72109324	     -3.94380255	     67.22145334	     96.06436139	      4.20977362	    -59.31462872	   -278.02644053	      3.96108497	     65.56128880
      0.47485382	    -57.47566036	     -2.70844062	     -3.92194083	     67.08787184	     96.00410913	      4.30749010	    -59.42844831	   -278.97131144	      5.10177595	     65.46342227
      0.47622227	    -57.37900421	     -2.69586188	     -3.90018583	     66.95343564	     95.94148579	      4.40612252	    -59.53801556	   -279.92140180	      6.23698258	     65.36465067
      0.47759073	    -57.28103692	     -2.68332489	     -3.87852392	     66.81730902	     95.87549343	      4.50471812	    -59.64300470	   -280.86939351	      7.36495672	     65.26411486
      0.47895918	    -57.18111081	     -2.67080249	     -3.85694607	     66.67878598	     95.80525575	      4.60228391	    -59.74312108	   -281.80691083	      8.48392268	     65.16106502
      0.48032764	    -57.07813425	     -2.65824682	     -3.83543051	     66.53655930	     95.72929420	      4.69819168	    -59.83784579	   -282.72656555	      9.59180869	     65.05424533
      0.48169609	    -56.97109389	     -2.64561458	     -3.81396128	     66.38944445	     95.64622260	      4.79171204	    -59.92667133	   -283.61968034	     10.68645240	     64.94248867
      0.48306455	    -56.85883785	     -2.63285578	     -3.79251784	     66.23600987	     95.55447011	      4.88269263	    -60.00903259	   -284.47892028	     11.76581333	     64.82447108
      0.48443300	    -56.74024989	     -2.61992312	     -3.77108501	     66.07489865	     95.45249765	      4.97086609	    -60.08434814	   -285.29552290	     12.82769383	     64.69890847
      0.48580146	    -56.61450225	     -2.60678235	     -3.74965326	     65.90503592	     95.33916589	      5.05655221	    -60.15220805	   -286.06408497	     13.87053778	     64.56484791
      0.48716991	    -56.48075468	     -2.59339937	     -3.72821636	     65.72535256	     95.21330403	      5.14000804	    -60.21216476	   -286.77799449	     14.89261002	     64.42132176
      0.48853837	    -56.33878138	     -2.57976820	     -3.70678058	     65.53549346	     95.07458750	      5.22184885	    -60.26411385	   -287.43669127	     15.89316072	     64.26806579
      0.48990682	    -56.18830985	     -2.56588091	     -3.68535246	     65.33505141	     94.92262043	      5.30269285	    -60.30790798	   -288.03924684	     16.87130335	     64.10476262
      0.49127528	    -56.02969238	     -2.55175824	     -3.66395048	     65.12439063	     94.75786640	      5.38315578	    -60.34374024	   -288.59155285	     17.82703764	     63.93180963
      0.49264373	    -55.86321772	     -2.53741762	     -3.64259043	     64.90379081	     94.58070245	      5.46388536	    -60.37176646	   -289.10060389	     18.76029407	     63.74953221
      0.49401219	    -55.68948314	     -2.52289052	     -3.62129340	     64.67394079	     94.39192720	      5.54530460	    -60.39229870	   -289.57650430	     19.67134608	     63.55860875
      0.49538064	    -55.50902813	     -2.50820504	     -3.60007627	     64.43544557	     94.19226511	      5.62788168	    -60.40562304	   -290.03197033	     20.56044863	     63.35965246
      0.49674910	    -55.32230517	     -2.49338525	     -3.57895507	     64.18884149	     93.98231277	      5.71181729	    -60.41195340	   -290.47478408	     21.42757652	     63.15317693
      0.49811755	    -55.12973951	     -2.47845342	     -3.55794224	     63.93462548	     93.76263415	      5.79731043	    -60.41149337	   -290.91547868	     22.27271513	     62.93966522
      0.49948600	    -54.93148037	     -2.46341931	     -3.53704877	     63.67298725	     93.53340012	      5.88439342	    -60.40426390	   -291.35180289	     23.09530679	     62.71928425
      0.50085446	    -54.72770218	     -2.44829347	     -3.51628484	     63.40413951	     93.29481727	      5.97314340	    -60.39029866	   -291.78197897	     23.89486853	     62.49223045
      0.50222291	    -54.51837770	     -2.43307799	     -3.49566013	     63.12811646	     93.04680337	      6.06319529	    -60.36949261	   -292.19322796	     24.67048264	     62.25846769
      0.50359137	    -54.30350063	     -2.41777567	     -3.47518487	     62.84496543	     92.78930246	      6.15428349	    -60.34174512	   -292.57081284	     25.42129073	     62.01798462
      0.50495982	    -54.08304953	     -2.40238945	     -3.45486734	     62.55480879	     92.52223372	      6.24543640	    -60.30692740	   -292.90095581	     26.14622201	     61.77075029
      0.50632828	    -53.85701032	     -2.38692251	     -3.43471570	     62.25777591	     92.24552353	      6.33570019	    -60.26490527	   -293.16829393	     26.84420534	     61.51674266
      0.50769673	    -53.62548479	     -2.37138249	     -3.41473627	     61.95411875	     91.95925470	      6.42418705	    -60.21559095	   -293.36693136	     27.51418658	     61.25607417
      0.50906519	    -53.38858081	     -2.35577719	     -3.39493445	     61.64410413	     91.66351546	      6.50995169	    -60.15888812	   -293.49049111	     28.15504652	     60.98886451
      0.51043364	    -53.14653170	     -2.34011796	     -3.37531676	     61.32801318	     91.35856113	      6.59301974	    -60.09475648	   -293.54040922	     28.76592638	     60.71538236
      0.51180210	    -52.89958787	     -2.32441669	     -3.35588908	     61.00615650	     91.04466828	      6.67335157	    -60.02315444	   -293.51786365	     29.34594796	     60.43591617
      0.51317055	    -52.64800153	     -2.30868409	     -3.33665862	     60.67873691	     90.72211479	      6.75170406	    -59.94404460	   -293.42632489	     29.89456833	     60.15075961
      0.51453901	    -52.39204411	     -2.29293132	     -3.31763252	     60.34597799	     90.39120137	      6.82884924	    -59.85738735	   -293.26893124	     30.41125516	     59.86022893
      0.51590746	    -52.13178929	     -2.27716144	     -3.29881327	     60.00789001	     90.05196590	      6.90533107	    -59.76305507	   -293.04891384	     30.89550862	     59.56441155
      0.51727592	    -51.86732548	     -2.26137798	     -3.28020408	     59.66450467	     89.70446021	      6.98167837	    -59.66091086	   -292.76851767	     31.34681946	     59.26341214
      0.51864437	    -51.59845635	     -2.24557342	     -3.26179641	     59.31561143	     89.34836113	      7.05757328	    -59.55068768	   -292.43380170	     31.76434257	     58.95700445
      0.52001283	    -51.32504363	     -2.22974289	     -3.24358369	     58.96107878	     88.98341499	      7.13267169	    -59.43212392	   -292.05158724	     32.14723179	     58.64502923
      0.52138128	    -51.04671207	     -2.21387095	     -3.22554787	     58.60047969	     88.60905151	      7.20660378	    -59.30483856	   -291.63329346	     32.49421451	     58.32705551
      0.52274974	    -50.76314532	     -2.19794519	     -3.20767354	     58.23347221	     88.22476793	      7.27897125	    -59.16844966	   -291.19184272	     32.80398645	     58.00272008
      0.52411819	    -50.47395656	     -2.18194868	     -3.18994112	     57.85952284	     87.82996121	      7.35015363	    -59.02252671	   -290.74085623	     33.07508628	     57.67158300
      0.52548665	    -50.17880455	     -2.16586709	     -3.17233370	     57.47817226	     87.42407651	      7.42048260	    -58.86662848	   -290.29518807	     33.30600042	     57.33325650
      0.52685510	    -49.87748591	     -2.14969108	     -3.15483798	     57.08905307	     87.00673930	      7.49092543	    -58.70037031	   -289.86714192	     33.49549301	     56.98751463
      0.52822356	    -49.56982128	     -2.13341279	     -3.13744200	     56.69184537	     86.57759411	      7.56238574	    -58.52334408	   -289.47037473	     33.64222651	     56.63415899
      0.52959201	    -49.25585713	     -2.11703399	     -3.12013996	     56.28649726	     86.13659139	      7.63591658	    -58.33525833	   -289.11519899	     33.74548206	     56.27325181
      0.53096047	    -48.93562052	     -2.10055562	     -3.10292477	     55.87293908	     85.68364628	      7.71256019	    -58.13578555	   -288.81352152	     33.80445305	     55.90483365
      0.53232892	    -48.60932784	     -2.08398706	     -3.08579405	     55.45137169	     85.21893472	      7.79314368	    -57.92470615	   -288.57419279	     33.81902478	     55.52916240
      0.53369738	    -48.27715919	     -2.06733577	     -3.06874267	     55.02195029	     84.74257637	      7.87850829	    -57.70175942	   -288.40763496	     33.78900650	     55.14645551
      0.53506583	    -47.93942288	     -2.05061490	     -3.05176943	     54.58503797	     84.25486231	      7.96917253	    -57.46674506	   -288.32089622	     33.71470231	     54.75707762
      0.53643428	    -47.59639569	     -2.03383564	     -3.03486979	     54.14095499	     83.75603427	      8.06567270	    -57.21942431	   -288.32249214	     33.59636100	     54.36135885
      0.53780274	    -47.24843613	     -2.01701247	     -3.01804391	     53.69015950	     83.24643160	      8.16831490	    -56.95956999	   -288.41619233	     33.43449141	     53.95972391
      0.53917119	    -46.89587245	     -2.00015779	     -3.00128799	     53.23306469	     82.72634786	      8.27743457	    -56.68692150	   -288.60715051	     33.22960471	     53.55256470
      0.54053965	    -46.53908360	     -1.98328568	     -2.98460436	     52.77017150	     82.19612349	      8.39323608	    -56.40119536	   -288.89357523	     32.98233278	     53.14033273
      0.54190810	    -46.17841792	     -1.96640788	     -2.96799097	     52.30193214	     81.65605364	      8.51596296	    -56.10207670	   -289.27466762	     32.69335247	     52.72344648
      0.54327656	    -45.81425715	     -1.94953708	     -2.95145336	     51.82887456	     81.10645077	      8.64567182	    -55.78920610	   -289.74063470	     32.36337883	     52.30236409
      0.54464501	    -45.44694525	     -1.93268311	     -2.93499256	     51.35146474	     80.54757168	      8.78247711	    -55.46218771	   -290.28154658	     31.99318213	     51.87750272
      0.54601347	    -45.07685943	     -1.91585694	     -2.91861732	     50.87027531	     79.97968857	      8.92606758	    -55.12057552	   -290.87886154	     31.58352420	     51.44931807
      0.54738192	    -44.70432609	     -1.89906594	     -2.90233202	     50.38579574	     79.40299851	      9.07621636	    -54.76387674	   -291.51224965	     31.13520965	     51.01821030
      0.54875038	    -44.32972844	     -1.88231961	     -2.88614694	     49.89867493	     78.81774971	      9.23204744	    -54.39156512	   -292.15722520	     30.64906138	     50.58464461
      0.55011883	    -43.95338705	     -1.86562311	     -2.87006816	     49.40945981	     78.22409704	      9.39278943	    -54.00305719	   -292.78611778	     30.12592933	     50.14901741
      0.55148729	    -43.57571436	     -1.84898455	     -2.85410470	     48.91888308	     77.62230074	      9.55707083	    -53.59776578	   -293.37429283	     29.56679583	     49.71183147
      0.55285574	    -43.19705504	     -1.83240722	     -2.83826150	     48.42756797	     77.01251897	      9.72362415	    -53.17504004	   -293.89337522	     28.97266769	     49.27351516
      0.55422420	    -42.81785552	     -1.81589655	     -2.82254344	     47.93628101	     76.39503402	      9.89091441	    -52.73424215	   -294.32434262	     28.34480953	     48.83461690
      0.55559265	    -42.43849800	     -1.79945298	     -2.80695151	     47.44568625	     75.77002949	     10.05748618	    -52.27466938	   -294.64468837	     27.68453026	     48.39561496
      0.55696111	    -42.05941501	     -1.78307606	     -2.79148365	     46.95647494	     75.13774556	     10.22196741	    -51.79561163	   -294.84406656	     26.99339839	     47.95705047
      0.55832956	    -41.68098654	     -1.76676061	     -2.77613434	     46.46925557	     74.49833825	     10.38302815	    -51.29629701	   -294.90938804	     26.27306546	     47.51940802
      0.55969802	    -41.30352786	     -1.75049591	     -2.76089144	     45.98450243	     73.85186404	     10.53956205	    -50.77588607	   -294.83924156	     25.52523338	     47.08310291
      0.56106647	    -40.92731830	     -1.73426719	     -2.74573989	     45.50263425	     73.19831608	     10.69046784	    -50.23348265	   -294.63055034	     24.75173147	     46.64851301
      0.56243493	    -40.55244119	     -1.71804968	     -2.73065440	     45.02377780	     72.53740755	     10.83485603	    -49.66804605	   -294.28975935	     23.95406752	     46.21579495
      0.56380338	    -40.17895813	     -1.70181553	     -2.71560727	     44.54802955	     71.86880567	     10.97180943	    -49.07848192	   -293.82302277	     23.13391159	     45.78508404
      0.56517184	    -39.80667388	     -1.68552527	     -2.70055969	     44.07511956	     71.19180697	     11.10065426	    -48.46349615	   -293.24304487	     22.29224130	     45.35622382
      0.56654029	    -39.43539852	     -1.66913787	     -2.68547140	     43.60479332	     70.50569456	     11.22062883	    -47.82174426	   -292.56364950	     21.43019778	     44.92906725
      0.56790875	    -39.06471931	     -1.65260200	     -2.67029417	     43.13645146	     69.80941343	     11.33141379	    -47.15166619	   -291.80144166	     20.54804565	     44.50321553
      0.56927720	    -38.69427296	     -1.63586677	     -2.65497998	     42.66957959	     69.10194770	     11.43251793	    -46.45165467	   -290.97516019	     19.64617629	     44.07832979
      0.57064565	    -38.32347887	     -1.61887077	     -2.63947496	     42.20328590	     68.38194519	     11.52423041	    -45.71988093	   -290.10252780	     18.72421611	     43.65382728
      0.57201411	    -37.95178052	     -1.60155218	     -2.62372422	     41.73673330	     67.64805819	     11.60668205	    -44.95445561	   -289.20387992	     17.78196415	     43.22915624
      0.57338256	    -37.57851831	     -1.58385122	     -2.60767206	     41.26887428	     66.89901679	     11.68075769	    -44.15401919	   -288.29667923	     16.81936216	     42.80363369
      0.57475102	    -37.20491849	     -1.56590432	     -2.59133462	     40.80143608	     66.14013309	     11.74610331	    -43.32888445	   -287.40147606	     15.84691577	     42.37845162
      0.57611947	    -36.83108096	     -1.54774079	     -2.57469305	     40.33446119	     65.37298411	     11.80357672	    -42.48291547	   -286.53495276	     14.86874415	     41.95366042
      0.57748793	    -36.45654592	     -1.52932918	     -2.55770706	     39.86720287	     64.59705394	     11.85419662	    -41.61614114	   -285.71700221	     13.88553307	     41.52876119
      0.57885638	    -36.08086125	     -1.51063940	     -2.54033976	     39.39888924	     63.81186410	     11.89934899	    -40.72867447	   -284.96270042	     12.89810572	     41.10326228
      0.58022484	    -35.70362231	     -1.49164534	     -2.52255610	     38.92883808	     63.01703415	     11.94029080	    -39.82074226	   -284.29005237	     11.90739634	     40.67672270
      0.58159329	    -35.32451536	     -1.47232527	     -2.50432740	     38.45648088	     62.21233774	     11.97839340	    -38.89271071	   -283.71111999	     10.91462473	     40.24880375
      0.58296175	    -34.94325902	     -1.45266106	     -2.48562644	     37.98131194	     61.39763268	     12.01494950	    -37.94506870	   -283.24055619	      9.92109435	     39.81919936
      0.58433020	    -34.55970313	     -1.43264075	     -2.46643426	     37.50302310	     60.57298819	     12.05112155	    -36.97847210	   -282.88622008	      8.92835670	     39.38775089
      0.58569866	    -34.17372256	     -1.41225567	     -2.44673294	     37.02134989	     59.73855500	     12.08805021	    -35.99371476	   -282.65820458	      7.93806670	     38.95432349
      0.58706711	    -33.78531800	     -1.39150360	     -2.42651360	     36.53624146	     58.89469076	     12.12658565	    -34.99176105	   -282.55859722	      6.95199172	     38.51892210
      0.58843557	    -33.39451358	     -1.37038554	     -2.40576846	     36.04767891	     58.04183801	     12.16761360	    -33.97372733	   -282.59091123	      5.97201815	     38.08157327
      0.58980402	    -33.00142539	     -1.34890855	     -2.38449838	     35.55583976	     57.18060514	     12.21155300	    -32.94089338	   -282.74962856	      5.00000569	     37.64240241
      0.59117248	    -32.60619239	     -1.32708308	     -2.36270636	     35.06092419	     56.31168537	     12.25891687	    -31.89469275	   -283.02907869	      4.03786821	     37.20155523
      0.59254093	    -32.20869321	     -1.30487423	     -2.34039177	     34.56280452	     55.43432702	     12.30972174	    -30.83353219	   -283.41601204	      3.08483800	     36.75895990
      0.59390939	    -31.80854879	     -1.28220431	     -2.31754797	     34.06090714	     54.54647250	     12.36436304	    -29.75315175	   -283.89528949	      2.13786738	     36.31432459
      0.59527784	    -31.40594310	     -1.25907869	     -2.29418230	     33.55568371	     53.64866104	     12.42187261	    -28.65444381	   -284.44903688	      1.19856618	     35.86786136
      0.59664630	    -31.00102484	     -1.23550618	     -2.27031035	     33.04749634	     52.74139710	     12.48169606	    -27.53830870	   -285.05588504	      0.26750007	     35.41973142
      0.59801475	    -30.59403446	     -1.21149868	     -2.24594122	     32.53696668	     51.82536361	     12.54216969	    -26.40583924	   -285.69766988	     -0.65370186	     34.97020172
      0.59938321	    -30.12848082	     -1.18204499	     -2.21801954	     31.94491644	     50.74321367	     12.63115145	    -25.01361690	   -286.35327440	     -1.75870079	     34.46116452
      0.60075166	    -29.74966596	     -1.16079317	     -2.19410840	     31.47839201	     49.92325960	     12.66906712	    -24.05039203	   -287.00277805	     -2.48772853	     34.04034658
      0.60212012	    -29.36694574	     -1.13904204	     -2.16968246	     31.00781368	     49.09102410	     12.70586372	    -23.06708074	   -287.62132736	     -3.21846172	     33.61602083
      0.60348857	    -28.98020899	     -1.11678121	     -2.14473167	     30.53346712	     48.24624136	     12.73898175	    -22.06330891	   -288.19519612	     -3.95125629	     33.18807508
      0.60485703	    -28.58929426	     -1.09399381	     -2.11924805	     30.05539383	     47.38856706	     12.76723539	    -21.03867572	   -288.70264005	     -4.68609228	     32.75634975
      0.60622548	    -28.19398389	     -1.07066033	     -2.09322239	     29.57352555	     46.51757253	     12.78973624	    -19.99273424	   -289.12175368	     -5.42289747	     32.32062270
      0.60759393	    -27.79408190	     -1.04676236	     -2.06664663	     29.08786601	     45.63284552	     12.80527864	    -18.92501430	   -289.42856089	     -6.16163256	     31.88069634
      0.60896239	    -27.38936227	     -1.02228004	     -2.03951087	     28.59837445	     44.73392556	     12.81268979	    -17.83501184	   -289.60145205	     -6.90217603	     31.43633990
      0.61033084	    -26.97960735	     -0.99719387	     -2.01180685	     28.10504559	     43.82034834	     12.81063694	    -16.72218940	   -289.61562799	     -7.64442841	     30.98733254
      0.61169930	    -26.56460492	     -0.97148436	     -1.98352119	     27.60790376	     42.89165276	     12.79753615	    -15.58599510	   -289.45553812	     -8.38820041	     30.53346069
      0.61306775	    -26.14414024	     -0.94513197	     -1.95464221	     27.10698898	     41.94735773	     12.77169827	    -14.42583508	   -289.10266013	     -9.13333662	     30.07450833
      0.61443621	    -25.71802601	     -0.91811666	     -1.92515074	     26.60235492	     40.98701458	     12.73145119	    -13.24111024	   -288.55319546	     -9.87956634	     29.61029458
      0.61580466	    -25.28606615	     -0.89041847	     -1.89502861	     26.09407247	     40.01014625	     12.67495437	    -12.03117489	   -287.80224725	    -10.62667412	     29.14062848
      0.61717312	    -24.84811428	     -0.86201524	     -1.86425224	     25.58216755	     39.01633181	     12.60103237	    -10.79538368	   -286.85862442	    -11.37422923	     28.66538429
      0.61854157	    -24.40402017	     -0.83288530	     -1.83279827	     25.06670647	     38.00512976	     12.50821229	     -9.53304842	   -285.73245767	    -12.12185971	     28.18443115
      0.61991003	    -23.95369669	     -0.80300291	     -1.80064385	     24.54765004	     36.97616449	     12.39632411	     -8.24348446	   -284.43957454	    -12.86883536	     27.69772269
      0.62127848	    -23.49704580	     -0.77234256	     -1.76776532	     24.02499667	     35.92903294	     12.26484286	     -6.92596627	   -282.99858193	    -13.61449034	     27.20519891
      0.62264694	    -23.03403505	     -0.74087395	     -1.73414471	     23.49863112	     34.86339808	     12.11469121	     -5.57977754	   -281.42518181	    -14.35770634	     26.70688777
      0.62401539	    -22.56459474	     -0.70856615	     -1.69976183	     22.96843515	     33.77886385	     11.94647752	     -4.20415710	   -279.73808968	    -15.09745087	     26.20277307
      0.62538385	    -22.08875521	     -0.67538466	     -1.66460455	     22.43426664	     32.67514920	     11.76191277	     -2.79838051	   -277.95054918	    -15.83218527	     25.69296481
      0.62675230	    -21.60648089	     -0.64129369	     -1.62865676	     21.89594202	     31.55188081	     11.56240153	     -1.36167645	   -276.07896865	    -16.56048361	     25.17749514
      0.62812076	    -21.11792334	     -0.60625420	     -1.59191341	     21.35332947	     30.40891698	     11.35064009	      0.10663714	   -274.13602156	    -17.28029177	     24.65662554
      0.62948921	    -20.62318233	     -0.57022390	     -1.55436602	     20.80619015	     29.24604456	     11.12960451	      1.60726824	   -272.13798720	    -17.98958302	     24.13055933
      0.63085767	    -20.12263760	     -0.53316190	     -1.51601715	     20.25461042	     28.06341745	     10.90235861	      3.14076932	   -270.10176541	    -18.68571413	     23.59983043
      0.63222612	    -19.61661949	     -0.49502341	     -1.47686500	     19.69855595	     26.86112868	     10.67235182	      4.70769530	   -268.04865040	    -19.36603360	     23.06491751
      0.63359458	    -19.10562735	     -0.45576767	     -1.43691528	     19.13836875	     25.63950493	     10.44180061	      6.30847819	   -265.99663272	    -20.02759337	     22.52649074
      0.63496303	    -18.59011058	     -0.41535049	     -1.39616804	     18.57428701	     24.39882232	     10.21317020	      7.94352192	   -263.96810862	    -20.66737015	     21.98516334
      0.63633149	    -18.07047264	     -0.37372954	     -1.35462980	     18.00665983	     23.13930481	      9.98780765	      9.61321344	   -261.97076094	    -21.28248757	     21.44148643
      0.63769994	    -17.54949440	     -0.33112119	     -1.31245845	     17.43923666	     21.86830148	      9.76618503	     11.30639013	   -260.01424723	    -21.86249105	     20.89835071
      0.63906840	    -17.03026191	     -0.28780027	     -1.26985492	     16.87645421	     20.59428803	      9.54723372	     13.00986756	   -258.08847988	    -22.39685564	     20.35889570
      0.64043685	    -16.51364203	     -0.24380078	     -1.22688060	     16.31941626	     19.31914562	      9.33183484	     14.72105930	   -256.18169315	    -22.88218992	     19.82407041
      0.64180530	    -16.00043481	     -0.19916747	     -1.18360288	     15.76943618	     18.04471252	      9.11886870	     16.43730227	   -254.27028612	    -23.31574843	     19.29472231
      0.64317376	    -15.49146818	     -0.15394722	     -1.14009377	     15.22777799	     16.77291785	      8.90784529	     18.15574925	   -252.32411358	    -23.69466941	     18.77172667
      0.64454221	    -14.98758138	     -0.10819985	     -1.09642284	     14.69603333	     15.50575363	      8.69594407	     19.87344837	   -250.32062254	    -24.01676131	     18.25594869
      0.64591067	    -14.48964500	     -0.06198849	     -1.05266579	     14.17577372	     14.24529893	      8.48081268	     21.58728606	   -248.22979558	    -24.27985218	     17.74828407
      0.64727912	    -13.99856107	     -0.01538612	     -1.00888809	     13.66876923	     12.99371010	      8.25874531	     23.29407051	   -246.04718565	    -24.48251502	     17.24965009
      0.64864758	    -13.51528248	      0.03152943	     -0.96516039	     13.17683865	     11.75324853	      8.02618568	     24.99046854	   -243.76635297	    -24.62343304	     16.76101580
      0.65001603	    -13.04068247	      0.07868037	     -0.92154481	     12.70152881	     10.52608188	      7.78071512	     26.67315951	   -241.40101966	    -24.70198430	     16.28325733
      0.65138449	    -12.57570432	      0.12598283	     -0.87810616	     12.24450095	      9.31449861	      7.51975274	     28.33871389	   -238.97107886	    -24.71773491	     15.81732402
      0.65275294	    -12.12103991	      0.17336210	     -0.83491591	     11.80668451	      8.12044550	      7.24397350	     29.98381417	   -236.48003411	    -24.67069078	     15.36388153
      0.65412140	    -11.67744113	      0.22073797	     -0.79204747	     11.38911170	      6.94596560	      6.95387832	     31.60508464	   -233.93791589	    -24.56105411	     14.92365805
      0.65548985	    -11.24539540	      0.26803457	     -0.74959761	     10.99229825	      5.79274229	      6.65182252	     33.19927832	   -231.30173339	    -24.38915632	     14.49707118
      0.65685831	    -10.82539764	      0.31517354	     -0.70766735	     10.61674175	      4.66247293	      6.34038001	     34.76316150	   -228.52306792	    -24.15543380	     14.08454334
      0.65822676	    -10.41793287	      0.36206109	     -0.66637732	     10.26341301	      3.55684300	      6.01891151	     36.29356732	   -225.51404473	    -23.86037265	     13.68645551
      0.65959522	    -10.02343654	      0.40860448	     -0.62585413	      9.93312843	      2.47745988	      5.68742459	     37.78742992	   -222.16992756	    -23.50442917	     13.30313132
      0.66096367	     -9.64258714	      0.45468417	     -0.58621726	      9.62783296	      1.42624177	      5.33967499	     39.24176208	   -218.41014842	    -23.08826812	     12.93513919
      0.66233213	     -9.27600684	      0.50018267	     -0.54758972	      9.34931361	      0.40499802	      4.96996994	     40.65376727	   -214.14195227	    -22.61241911	     12.58298438
      0.66370058	     -8.92443487	      0.54497444	     -0.51006666	      9.09970163	     -0.58436328	      4.57060948	     42.02090797	   -209.33788945	    -22.07759983	     12.24730332
      0.66506904	     -8.58858927	      0.58893413	     -0.47374296	      8.88110362	     -1.54001981	      4.13379836	     43.34091544	   -203.97308618	    -21.48433713	     11.92870868
      0.66643749	     -8.26891024	      0.63196005	     -0.43869661	      8.69450870	     -2.46060527	      3.65711024	     44.61195560	   -198.05102011	    -20.83282048	     11.62752668
      0.66780595	     -7.96444767	      0.67411045	     -0.40489998	      8.53893631	     -3.34881233	      3.13836754	     45.83875217	   -191.58020743	    -20.12612448	     11.34272869
      0.66917440	     -7.67154913	      0.71575205	     -0.37214668	      8.40873331	     -4.21469508	      2.58248424	     47.03716375	   -184.53634237	    -19.37133572	     11.07064172
      0.67054286	     -7.39002710	      0.75684988	     -0.34049703	      8.30342342	     -5.05837066	      1.99177567	     48.20755201	   -176.88862368	    -18.56658510	     10.81096659
      0.67191131	     -7.11987356	      0.79734272	     -0.31004338	      8.22290511	     -5.87940431	      1.36790272	     49.34942890	   -168.56741261	    -17.70874448	     10.56356622
      0.67327977	     -6.86101770	      0.83716984	     -0.28088553	      8.16701760	     -6.67746834	      0.71238908	     50.46244819	   -159.48227560	    -16.79415298	     10.32822833
      0.67464822	     -6.61370695	      0.87624804	     -0.25310894	      8.13672211	     -7.45182852	      0.02107801	     51.54627182	   -149.58241274	    -15.81926528	     10.10508402
      0.67601668	     -6.37821841	      0.91449039	     -0.22680395	      8.13314771	     -8.20172024	     -0.71117029	     52.60057743	   -138.80762343	    -14.78008553	      9.89429306
      0.67738513	     -6.15489953	      0.95181381	     -0.20200721	      8.15740978	     -8.92634434	     -1.48976713	     53.62522273	   -127.21716069	    -13.67352382	      9.69611490
      0.67875358	     -5.94439601	      0.98812719	     -0.17871550	      8.21112411	     -9.62455326	     -2.32160610	     54.62006723	   -114.99616253	    -12.49694849	      9.51115963
      0.68012204	     -5.74497736	      1.02348800	     -0.15698691	      8.28857060	    -10.29834680	     -3.18037124	     55.58557179	   -102.09023402	    -11.24671445	      9.33744274
      0.68149049	     -5.55512114	      1.05795068	     -0.13684364	      8.38427745	    -10.94946023	     -4.04005451	     56.52208652	    -88.54508985	     -9.91987753	      9.17322875
      0.68285895	     -5.37139870	      1.09161790	     -0.11854307	      8.48955891	    -11.58185889	     -4.86459043	     57.42956786	    -73.76091520	     -8.51076711	      9.01453949
      0.68422740	     -5.19044525	      1.12460736	     -0.10228721	      8.59528448	    -12.19941435	     -5.61542762	     58.30783027	    -57.19350605	     -7.01489220	      8.85750660
      0.68559586	     -5.00612066	      1.15708474	     -0.08869858	      8.68834729	    -12.80907458	     -6.24434799	     59.15564900	    -37.16276343	     -5.42236772	      8.69494249
      0.68696431	     -4.80995320	      1.18929960	     -0.07862524	      8.75107370	    -13.42044163	     -6.68970424	     59.97116047	    -11.05624779	     -3.72052436	      8.51696549
      0.68833277	     -4.61045019	      1.22033841	     -0.07248077	      8.82273979	    -14.02073537	     -7.16113799	     60.74824273	     21.92301488	     -1.90982649	      8.33206163
      0.68970122	     -4.41672078	      1.24930902	     -0.07050341	      8.94255498	    -14.59665431	     -7.86680778	     61.48125251	     62.22105824	      0.00568736	      8.14951389
      0.69106968	     -4.23251249	      1.27592339	     -0.07249821	      9.12270182	    -15.14279072	     -8.87440129	     62.16794230	    109.25051660	      2.01905593	      7.97333548
      0.69243813	     -4.06140414	      1.29987082	     -0.07837036	      9.37613860	    -15.65387400	    -10.25673936	     62.80575519	    162.63158721	      4.12322045	      7.80728267
      0.69380659	     -3.90336604	      1.32121280	     -0.08783188	      9.69904342	    -16.12981382	    -11.99962229	     63.39403993	    221.58224400	      6.30998135	      7.65148313
      0.69517504	     -3.75913249	      1.33994408	     -0.10062470	     10.09064631	    -16.56950504	    -14.10261313	     63.93185625	    285.17504689	      8.57008213	      7.50685895
      0.69654350	     -3.62579974	      1.35633818	     -0.11653057	     10.53718440	    -16.97675074	    -16.50163066	     64.41940236	    352.77867570	     10.89587977	      7.37045559
      0.69791195	     -3.49952793	      1.37082689	     -0.13519357	     11.02446128	    -17.35911337	    -19.13889624	     64.86398341	    423.51473971	     13.27585534	      7.23851215
      0.69928041	     -3.37625919	      1.38377045	     -0.15647393	     11.53782380	    -17.72299343	    -21.95069387	     65.26897966	    497.03529857	     15.70217468	      7.10683326
      0.70064886	     -3.25285344	      1.39543367	     -0.18026265	     12.06390400	    -18.07241979	    -24.87344350	     65.63440468	    572.72478392	     18.16774032	      6.97214390
      0.70201732	     -3.12668123	      1.40599045	     -0.20659893	     12.59320998	    -18.41053708	    -27.86403140	     65.95960828	    650.46331254	     20.66698440	      6.83159269
      0.70338577	     -2.99498093	      1.41563699	     -0.23549294	     13.11539396	    -18.74071731	    -30.87483707	     66.24419411	    729.98673921	     23.19415174	      6.68221392
      0.70475423	     -2.85674043	      1.42441478	     -0.26702196	     13.62733180	    -19.06396492	    -33.89355607	     66.48721754	    811.23870040	     25.74385379	      6.52285604
      0.70612268	     -2.71068711	      1.43239623	     -0.30123935	     14.12464326	    -19.38169286	    -36.90182193	     66.68806642	    894.09843018	     28.31094200	      6.35211455
      0.70749114	     -2.55679743	      1.43956404	     -0.33818112	     14.60743723	    -19.69375638	    -39.90254084	     66.84614208	    978.41025089	     30.89024902	      6.16992903
      0.70885959	     -2.39482856	      1.44592608	     -0.37786499	     15.07481987	    -20.00037202	    -42.89380494	     66.96118721	   1063.98133669	     33.47710427	      5.97602469
      0.71022805	     -2.22446005	      1.45150284	     -0.42026917	     15.52563316	    -20.30196659	    -45.87262654	     67.03337349	   1150.58150593	     36.06739625	      5.77006145
      0.71159650	     -2.04534070	      1.45632336	     -0.46536533	     15.95844562	    -20.59906641	    -48.83447240	     67.06310608	   1237.97077918	     38.65766697	      5.55168000
      0.71296495	     -1.85662175	      1.46044864	     -0.51310706	     16.37054890	    -20.89290103	    -51.76988782	     67.05116716	   1325.97541828	     41.24541735	      5.31998024
      0.71433341	     -1.65755221	      1.46393719	     -0.56344952	     16.75944118	    -21.18461350	    -54.67009462	     66.99846412	   1414.44685051	     43.82882354	      5.07417644
      0.71570186	     -1.44724072	      1.46684464	     -0.61634528	     17.12291920	    -21.47554070	    -57.52955716	     66.90606976	   1503.33225822	     46.40683472	      4.81330567
      0.71707032	     -1.22489112	      1.46922444	     -0.67175143	     17.45895341	    -21.76692504	    -60.34323936	     66.77512105	   1592.63447558	     48.97900623	      4.53651677
      0.71843877	     -0.98985102	      1.47110801	     -0.72961569	     17.76674848	    -22.05983313	    -63.11379815	     66.60683387	   1682.38348844	     51.54526725	      4.24308940
      0.71980723	     -0.74152236	      1.47252766	     -0.78989177	     18.04553175	    -22.35528168	    -65.84365059	     66.40244750	   1772.68086065	     54.10603049	      3.93237102
      0.72117568	     -0.47937251	      1.47350651	     -0.85250881	     18.29522945	    -22.65423056	    -68.53994560	     66.16331387	   1863.56721013	     56.66181680	      3.60377082
      0.72254414	     -0.20292127	      1.47406793	     -0.91740318	     18.51581599	    -22.95758351	    -71.20969074	     65.89076759	   1955.15220542	     59.21348014	      3.25676167
      0.72391259	      0.08844492	      1.47424799	     -0.98447979	     18.70695709	    -23.26645329	    -73.85914313	     65.58628403	   2047.44145819	     61.76188919	      2.89067960
      0.72528105	      0.39525674	      1.47407980	     -1.05365099	     18.86851562	    -23.58184978	    -76.49509564	     65.25128628	   2140.49324655	     64.30810075	      2.50495450
      0.72664950	      0.71822738	      1.47361867	     -1.12480406	     18.99953362	    -23.90505097	    -79.12018623	     64.88729367	   2234.27194284	     66.85315192	      2.09883801
      0.72801796	      1.05783447	      1.47289579	     -1.19784654	     19.09956073	    -24.23679179	    -81.73817568	     64.49507926	   2328.77380889	     69.39839847	      1.67181760
      0.72938641	      1.41462286	      1.47195986	     -1.27267365	     19.16746267	    -24.57792959	    -84.34843951	     64.07546143	   2423.93879960	     71.94510835	      1.22333367
      0.73075487	      1.78916896	      1.47087314	     -1.34916972	     19.20220943	    -24.92960615	    -86.95131410	     63.62988529	   2519.72175445	     74.49427596	      0.75281570
      0.73212332	      2.18194175	      1.46970196	     -1.42721968	     19.20256327	    -25.29283561	    -89.54448225	     63.15972064	   2616.05768640	     77.04683909	      0.25983248
      0.73349178	      2.59335033	      1.46850922	     -1.50670864	     19.16750633	    -25.66855713	    -92.12640965	     62.66629820	   2712.88712542	     79.60370644	     -0.25598215
      0.73486023	      3.02361437	      1.46735290	     -1.58752807	     19.09618142	    -26.05746875	    -94.69478690	     62.15084138	   2810.15054280	     82.16575048	     -0.79477296
      0.73622869	      3.47295818	      1.46629065	     -1.66956629	     18.98782098	    -26.46027778	    -97.24774598	     61.61456387	   2907.79037039	     84.73386342	     -1.35669207
      0.73759714	      3.94136583	      1.46537031	     -1.75272062	     18.84200437	    -26.87738336	    -99.78352558	     61.05856380	   3005.75255228	     87.30885133	     -1.94161748
      0.73896560	      4.42888694	      1.46464236	     -1.83688237	     18.65828247	    -27.30927428	   -102.30051968	     60.48395687	   3103.98373277	     89.89167876	     -2.54950312
      0.74033405	      4.93520352	      1.46414180	     -1.92195728	     18.43670441	    -27.75596947	   -104.79714951	     59.89171428	   3202.43225989	     92.48288923	     -3.17988310
      0.74170251	      5.46011980	      1.46390898	     -2.00784259	     18.17719468	    -28.21766056	   -107.27182554	     59.28285837	   3301.04652952	     95.08368802	     -3.83243125
      0.74307096	      6.00286446	      1.46395958	     -2.09445892	     17.88042047	    -28.69379993	   -109.72282821	     58.65820943	   3399.77787205	     97.69408751	     -4.50616385
      0.74443942	      6.56625288	      1.46465092	     -2.18155970	     17.54206552	    -29.19289329	   -112.14676408	     58.02282891	   3498.57846738	    100.46870335	     -5.20377735
      0.74580787	      7.14166474	      1.46525627	     -2.26944311	     17.17386084	    -29.69500807	   -114.54574270	     57.36703107	   3597.40544326	    103.10861910	     -5.91622059
      0.74717633	      7.73180021	      1.46615509	     -2.35783424	     16.77161482	    -30.20899313	   -116.91616313	     56.69781864	   3696.21839115	    105.75656687	     -6.64599804
      0.74854478	      8.33483125	      1.46731265	     -2.44669437	     16.33755958	    -30.73300166	   -119.25711013	     56.01574846	   3794.98252025	    108.41189355	     -7.39092702
      0.74991323	      8.94905821	      1.46869877	     -2.53597300	     15.87378963	    -31.26534857	   -121.56764543	     55.32143445	   3893.66595989	    111.07357700	     -8.14897353
      0.75128169	      9.57223365	      1.47025608	     -2.62564992	     15.38320743	    -31.80366088	   -123.84753486	     54.61534149	   3992.24121635	    113.74000742	     -8.91748408
      0.75265014	     10.20209258	      1.47192608	     -2.71569986	     14.86874251	    -32.34555628	   -126.09635801	     53.89796958	   4090.68479228	    116.40945669	     -9.69378547
      0.75401860	     10.83630617	      1.47364070	     -2.80610979	     14.33364878	    -32.88855672	   -128.31546117	     53.16978430	   4188.97496535	    119.07997235	    -10.47514577
      0.75538705	     11.47247596	      1.47532769	     -2.89686521	     13.78131802	    -33.43010843	   -130.50632683	     52.43127232	   4287.09588770	    121.74948721	    -11.25875565
      0.75675551	     12.10895152	      1.47693988	     -2.98793190	     13.21439983	    -33.96855939	   -132.67210529	     51.68305469	   4385.02811655	    124.41648437	    -12.04267676
      0.75812396	     12.74403686	      1.47842633	     -3.07927528	     12.63568356	    -34.50220576	   -134.81632361	     50.92576207	   4482.75828266	    127.07940370	    -12.82492248
      0.75949242	     13.37713297	      1.47978148	     -3.17082657	     12.04647293	    -35.03067790	   -136.94205037	     50.16021259	   4580.26475361	    129.73762423	    -13.60476527
      0.76086087	     14.00741434	      1.48098909	     -3.26252587	     11.44839872	    -35.55332863	   -139.05239142	     49.38717818	   4677.53058619	    132.39036153	    -14.38122034
      0.76222933	     14.63493050	      1.48207119	     -3.35428500	     10.84180807	    -36.07057356	   -141.14933321	     48.60756118	   4774.53034857	    135.03765241	    -15.15430316
      0.76359778	     15.25950288	      1.48303877	     -3.44602592	     10.22739961	    -36.58254491	   -143.23507496	     47.82220358	   4871.24199334	    137.67941808	    -15.92377106
      0.76496624	     15.88159885	      1.48393115	     -3.53764764	      9.60495329	    -37.09015729	   -145.31114573	     47.03203632	   4967.63538810	    140.31618694	    -16.69012039
      0.76633469	     16.50146989	      1.48477720	     -3.62905936	      8.97459544	    -37.59405608	   -147.37937629	     46.23792952	   5063.68241732	    142.94838501	    -17.45360356
      0.76770315	     17.12000505	      1.48563418	     -3.72014466	      8.33556728	    -38.09565891	   -149.44106507	     45.44084371	   5159.34727016	    145.57697130	    -18.21520222
      0.76907160	     17.73844764	      1.48657502	     -3.81077570	      7.68661040	    -38.59680324	   -151.49707733	     44.64172851	   5254.59275342	    148.20368577	    -18.97630439
      0.77044006	     18.35764512	      1.48765423	     -3.90083440	      7.02718363	    -39.09884878	   -153.54953259	     43.84153318	   5349.37509453	    150.82908818	    -19.73784958
      0.77180851	     18.97829530	      1.48891868	     -3.99020843	      6.35703736	    -39.60296673	   -155.60106366	     43.04116182	   5443.65006896	    153.45367506	    -20.50060991
      0.77317697	     19.59975199	      1.49035717	     -4.07883713	      5.67774443	    -40.10870087	   -157.65467195	     42.24141502	   5537.37651344	    156.07521390	    -21.26381822
      0.77454542	     20.22131825	      1.49195445	     -4.16666185	      4.99102265	    -40.61552387	   -159.71377416	     41.44307156	   5630.51215810	    158.69147490	    -22.02665369
      0.77591388	     20.84166603	      1.49367048	     -4.25365500	      4.29917295	    -41.12213251	   -161.78004020	     40.64682768	   5723.01881088	    161.29882807	    -22.78756579
      0.77728233	     21.45982045	      1.49547943	     -4.33977504	      3.60404061	    -41.62764008	   -163.85505089	     39.85340133	   5814.85494422	    163.89422332	    -23.54541119
      0.77865079	     22.07481739	      1.49735727	     -4.42498663	      2.90724490	    -42.13115150	   -165.93887310	     39.06344618	   5905.97856463	    166.47459659	    -24.29905517
      0.78001924	     22.68573148	      1.49927983	     -4.50925221	      2.21042780	    -42.63180835	   -168.03197658	     38.27761522	   5996.34489887	    169.03690808	    -25.04741154
      0.78138770	     23.29160735	      1.50122143	     -4.59254189	      1.51515097	    -43.12869362	   -170.13399199	     37.49647576	   6085.91026112	    171.57834653	    -25.78935957
      0.78275615	     23.89147579	      1.50315436	     -4.67482592	      0.82304847	    -43.62086492	   -172.24483678	     36.72059529	   6174.62807370	    174.09597773	    -26.52376586
      0.78412460	     24.48430522	      1.50504683	     -4.75608299	      0.13580541	    -44.10728705	   -174.36423387	     35.95045818	   6262.45410980	    176.58727458	    -27.24942786
      0.78549306	     25.06904568	      1.50686513	     -4.83629246	     -0.54483328	    -44.58689509	   -176.49208052	     35.18655147	   6349.34134788	    179.04953630	    -27.96512439
      0.78686151	     25.64467041	      1.50857492	     -4.91543759	     -1.21713369	    -45.05864351	   -178.62843254	     34.42930724	   6435.24514283	    181.48073447	    -28.66966377
      0.78822997	     26.21012617	      1.51013971	     -4.99350290	     -1.87930203	    -45.52144776	   -180.77345823	     33.67915894	   6520.11830687	    183.87863838	    -29.36182584
      0.78959842	     26.76451288	      1.51152866	     -5.07046997	     -2.52972235	    -45.97440893	   -182.92749158	     32.93651959	   6603.91537950	    186.24193045	    -30.04056765
      0.79096688	     27.30689160	      1.51270827	     -5.14632230	     -3.16670724	    -46.41657452	   -185.09095393	     32.20179922	   6686.58853122	    188.56908369	    -30.70480326
      0.79233533	     27.83655564	      1.51365511	     -5.22103575	     -3.78887819	    -46.84727962	   -187.26421344	     31.47541029	   6768.09120517	    190.85957098	    -31.35371243
      0.79370379	     28.35275264	      1.51434290	     -5.29458836	     -4.39477726	    -47.26579818	   -189.44772119	     30.75775791	   6848.37446159	    193.11267697	    -31.98642395
      0.79507224	     28.85494575	      1.51475538	     -5.36695028	     -4.98326483	    -47.67167356	   -191.64163454	     30.04925401	   6927.39084250	    195.32856939	    -32.60231147
      0.79644070	     29.34255644	      1.51487371	     -5.43809362	     -5.55312692	    -48.06439348	   -193.84619648	     29.35029814	   7005.09028889	    197.50728600	    -33.20070214
      0.79780915	     29.81512925	      1.51468533	     -5.50798610	     -6.10336214	    -48.44360231	   -196.06123798	     28.66129321	   7081.42513709	    199.64944992	    -33.78106140
      0.79917761	     30.27218482	      1.51417601	     -5.57659631	     -6.63291753	    -48.80891213	   -198.28667367	     27.98263398	   7156.34496833	    201.75560956	    -34.34282819
      0.80054606	     30.71324552	      1.51333219	     -5.64389384	     -7.14078810	    -49.15994076	   -200.52205212	     27.31470820	   7229.80299233	    203.82654007	    -34.88544129
      0.80191452	     31.13783455	      1.51213998	     -5.70984759	     -7.62594920	    -49.49630632	   -202.76699880	     26.65790964	   7301.74976319	    205.86297098	    -35.40834082
      0.80328297	     31.54536175	      1.51057992	     -5.77443409	     -8.08725895	    -49.81748373	   -205.02091824	     26.01258252	   7372.14014833	    207.86564164	    -35.91083710
      0.80465143	     31.93526743	      1.50863402	     -5.83762681	     -8.52359143	    -50.12298908	   -207.28328834	     25.37911377	   7440.92710395	    209.83518987	    -36.39227461
      0.80601988	     32.30677685	      1.50627190	     -5.89941529	     -8.93356461	    -50.41205677	   -209.55351426	     24.75772913	   7508.06601447	    211.77238720	    -36.85175615
      0.80738834	     32.65923637	      1.50347127	     -5.95977627	     -9.31590783	    -50.68409162	   -211.83108966	     24.14888592	   7573.51442002	    213.67732537	    -37.28851669
      0.80875679	     32.99152468	      1.50017788	     -6.01873004	     -9.66880719	    -50.93786653	   -214.11555916	     23.55237124	   7637.22272989	    215.55181440	    -37.70127709
      0.81012525	     33.30251630	      1.49633688	     -6.07629486	     -9.99040536	    -51.17217704	   -216.40663358	     22.96803658	   7699.13853319	    217.39763811	    -38.08875229
      0.81149370	     33.59054442	      1.49185570	     -6.13254084	    -10.27830693	    -51.38512527	   -218.70351181	     22.39488244	   7759.18800809	    219.21893819	    -38.44906205
      0.81286216	     33.85389874	      1.48663963	     -6.18753572	    -10.53003458	    -51.57483696	   -221.00539784	     21.83201485	   7817.28935670	    221.01986994	    -38.78027304
      0.81423061	     34.09082277	      1.48059174	     -6.24135241	    -10.74321522	    -51.73943351	   -223.31038542	     21.27856022	   7873.36458957	    222.80399318	    -39.08039418
      0.81559907	     34.29987504	      1.47363621	     -6.29402670	    -10.91577178	    -51.87752744	   -225.61662464	     20.73426765	   7927.34071479	    224.57324526	    -39.34777741
      0.81696752	     34.47939974	      1.46568516	     -6.34560625	    -11.04520114	    -51.98749873	   -227.92350294	     20.19905792	   7979.14083325	    226.32807818	    -39.58052926
      0.81833598	     34.62865367	      1.45670337	     -6.39604582	    -11.12990140	    -52.06895420	   -230.23053536	     19.67381519	   8028.67866872	    228.06674510	    -39.77777938
      0.81970443	     34.74485349	      1.44653903	     -6.44550224	    -11.16641330	    -52.11894147	   -232.53531119	     19.15775179	   8075.93142692	    229.79095710	    -39.93634919
      0.82107288	     34.83240509	      1.43545013	     -6.49350238	    -11.15897891	    -52.14349461	   -234.83617996	     18.65585760	   8120.94612563	    231.48889825	    -40.06116562
