Inverse Dynamics Generalized Forces
version=1
nRows=601
nColumns=11
inDegrees=no
endheader
time	pelvis_tilt_moment	pelvis_tx_force	pelvis_ty_force	hip_flexion_l_moment	hip_flexion_r_moment	lumbar_moment	knee_angle_l_moment	knee_angle_r_moment	ankle_angle_l_moment	ankle_angle_r_moment
      0.00000000	     24.28953399	    -79.62795313	   -902.12890548	    -56.05346751	     -0.68695240	      0.18037513	    -64.39179898	     14.94867333	   -217.20585253	     -1.90599797
      0.00118854	     22.15698392	    -79.88476145	   -894.57823040	    -57.57232106	     -0.13310278	      0.00784422	    -64.36808858	     15.17143898	   -215.99647697	     -1.89110904
      0.00237709	     20.72207118	    -81.36766903	   -889.22277778	    -58.01601752	     -0.32609845	      0.02745803	    -64.15680033	     15.71644608	   -214.73483730	     -1.88968282
      0.00356563	     19.20806339	    -82.83393264	   -885.42653092	    -58.59599502	     -0.54315008	      0.05625267	    -63.92277542	     16.11347915	   -213.41664156	     -1.88871079
      0.00475418	     17.33264755	    -83.41331748	   -879.29472014	    -59.20700261	     -0.58012541	     -0.19379360	    -63.72844556	     16.65203361	   -212.03988124	     -1.88172164
      0.00594272	     15.89184431	    -86.79203300	   -876.67993421	    -59.92778006	     -0.95289481	      0.08679124	    -63.53600164	     17.03636330	   -210.61724488	     -1.88145893
      0.00713127	     14.52525665	    -86.52480744	   -868.04913845	    -60.24844905	     -0.80375920	      0.01872591	    -63.21430886	     17.57928700	   -209.11711691	     -1.86727389
      0.00831981	     12.14100837	    -90.13139789	   -864.58034041	    -61.20102314	     -1.40313668	      0.01715449	    -63.07564183	     17.87492534	   -207.57082131	     -1.86912307
      0.00950836	     10.92366174	    -90.06395210	   -858.63980265	    -61.63542802	     -1.17764765	     -0.04957773	    -62.79619957	     18.47312180	   -205.97223558	     -1.85135569
      0.01069690	      8.73399914	    -92.30715238	   -850.82323887	    -62.30967484	     -1.60089993	      0.01646289	    -62.54528717	     18.74645389	   -204.29548487	     -1.84556885
      0.01188545	      7.21992183	    -93.57551419	   -846.68300933	    -62.94859048	     -1.57427449	     -0.03497604	    -62.29511733	     19.30126451	   -202.57375683	     -1.82956683
      0.01307399	      5.33563725	    -95.19905610	   -837.96997580	    -63.46614916	     -1.77177750	      0.01419671	    -61.97938100	     19.65421424	   -200.77904496	     -1.81534505
      0.01426253	      3.01822855	    -98.08430946	   -831.82862196	    -64.38897063	     -2.19576975	      0.11152911	    -61.79543198	     19.96146101	   -198.92887274	     -1.80636407
      0.01545108	      1.65387872	    -97.21867192	   -824.78523387	    -64.67053216	     -1.91938266	     -0.12554848	    -61.40222772	     20.53702853	   -197.01335941	     -1.77973934
      0.01663962	     -0.84940852	   -100.20541263	   -816.94463388	    -65.52095290	     -2.45976250	     -0.00694490	    -61.15144410	     20.73916701	   -195.02923792	     -1.76972911
      0.01782817	     -2.37023929	   -101.41104330	   -809.55965941	    -66.08775144	     -2.29619739	     -0.00058619	    -60.83623010	     21.28521735	   -192.99228544	     -1.74197485
      0.01901671	     -4.75468360	   -103.23860056	   -800.37876159	    -66.76134955	     -2.70796675	      0.05557524	    -60.51082945	     21.48773746	   -190.87680548	     -1.72622747
      0.02020526	     -6.41767474	   -103.66261448	   -791.96526055	    -67.21742518	     -2.57493097	     -0.03334321	    -60.12537010	     21.99452164	   -188.69423428	     -1.69606936
      0.02139380	     -8.96597307	   -107.01931513	   -784.39987637	    -68.11281004	     -3.09999723	      0.08102718	    -59.84658648	     22.18167307	   -186.45451942	     -1.68001940
      0.02258235	    -10.55589422	   -105.83252682	   -774.76607375	    -68.43715424	     -2.79742139	     -0.11567697	    -59.41765549	     22.70152653	   -184.14445935	     -1.64335381
      0.02377089	    -13.22783457	   -109.01383187	   -763.99158396	    -69.21356759	     -3.31538740	      0.00686148	    -59.05974939	     22.84108502	   -181.75355888	     -1.62255175
      0.02495944	    -14.64596478	   -110.10724362	   -756.19158961	    -69.74959665	     -3.17215111	      0.15098659	    -58.67134206	     23.33220879	   -179.30940996	     -1.58654626
      0.02614798	    -17.35058824	   -110.58998990	   -745.57058935	    -70.28861776	     -3.46443852	     -0.15039769	    -58.22580069	     23.52599626	   -176.78738236	     -1.55733924
      0.02733653	    -19.07278490	   -111.39363667	   -734.63370987	    -70.72203632	     -3.41684357	     -0.04615721	    -57.75926332	     23.92172152	   -174.18890375	     -1.52005012
      0.02852507	    -21.33948825	   -114.20851598	   -724.56976506	    -71.47861195	     -3.64507053	      0.08617377	    -57.38397107	     24.19649151	   -171.53608359	     -1.47837349
      0.02971361	    -23.47918525	   -113.89061250	   -712.54265135	    -71.76368590	     -3.78683242	     -0.01808363	    -56.82137052	     24.41261126	   -168.79339986	     -1.44459882
      0.03090216	    -24.98718085	   -115.09318797	   -702.23468205	    -72.34717270	     -3.35804952	      0.01458362	    -56.38955594	     25.06078840	   -165.99286962	     -1.34980360
      0.03209070	    -27.22804566	   -116.03062706	   -690.39267612	    -72.68390999	     -3.71054610	      0.04836661	    -55.80244029	     25.16816376	   -163.11502114	     -1.31051588
      0.03327925	    -27.17163159	   -114.19018435	   -679.19398656	    -73.08203495	     -1.67819667	     -0.11854247	    -55.29983850	     26.77325922	   -160.17168740	     -1.00982040
      0.03446779	    -28.35324076	   -114.57132910	   -666.12182196	    -73.32452563	     -1.12276624	     -0.00847467	    -54.64546446	     27.40600304	   -157.14451735	     -0.83141151
      0.03565634	    -21.21657422	   -108.31121111	   -657.53271391	    -73.85377336	      7.24845541	      0.12551594	    -54.17710718	     33.12072986	   -154.06529877	      0.34136100
      0.03684488	    -14.41776043	    -99.30803184	   -647.29812471	    -73.77330445	     15.18865300	     -0.04982907	    -53.40319193	     38.26181933	   -150.89963826	      1.53524541
      0.03803343	     16.72240258	    -70.84482021	   -647.69653726	    -74.11151488	     45.83908868	     -0.13335380	    -52.84261004	     58.24948398	   -147.67015394	      5.62453512
      0.03922197	     52.35951502	    -39.10698961	   -643.58568516	    -74.34423114	     80.48608293	      0.20645596	    -52.17429991	     80.12864816	   -144.36250869	     10.47440057
      0.04041052	    132.42902062	     32.89253728	   -672.02154367	    -74.30705284	    155.54240245	     -0.07789608	    -51.48811842	    129.52812900	   -140.97774533	     19.88683713
      0.04159906	    216.16188778	    110.09073445	   -681.61616812	    -74.40504853	    235.21544512	     -0.12422658	    -50.77912928	    179.56180264	   -137.50417274	     30.50819039
      0.04278760	    441.32024395	    296.89920556	   -816.06531154	    -74.71989702	    440.51789384	      0.18504249	    -50.21074112	    320.19858709	   -133.91380057	     53.83250033
      0.04397615	    753.65657292	    556.96976212	  -1030.40006543	    -74.96909159	    723.64947007	     -0.12526712	    -49.66616050	    518.11047667	   -130.17183422	     83.92523034
      0.04516469	    917.96048949	    660.55529693	  -1309.07516513	    -75.45332335	    861.28922837	      0.08814973	    -49.16884784	    643.45838007	   -126.27171669	     90.68209038
      0.04635324	     89.15943145	   -158.89084296	  -1519.03186707	    -75.08262774	     59.50177078	     -0.22652221	    -48.30941599	    223.35130617	   -122.27232177	    -38.65038798
      0.04754178	    603.51078915	    316.23828053	  -1546.45791365	    -75.10008637	    546.27923868	      0.34718154	    -47.53800895	    511.57853304	   -118.16676442	     34.24803594
      0.04873033	    270.96050314	      6.89995232	  -1540.40173017	    -74.25262833	    231.14195803	     -0.37692789	    -46.52951796	    337.90191582	   -113.91098973	    -10.98064285
      0.04991887	    413.47602675	    155.12277175	  -1420.60212580	    -73.58086948	    373.54602245	      0.40918081	    -45.41470743	    408.89361985	   -109.57774349	     16.16327887
      0.05110742	    231.62033271	      6.95127710	  -1306.99464254	    -71.98690739	    208.26417579	     -0.30960714	    -44.08898660	    304.58719951	   -105.19665222	     -2.82408433
      0.05229596	    272.94595622	     64.51299899	  -1174.60495442	    -70.70932162	    255.29967908	      0.08281344	    -42.76219983	    318.95937774	   -100.80355266	      9.56750142
      0.05348451	    173.55102846	     -8.69247235	  -1058.33981811	    -68.52160177	    167.25648140	      0.02346343	    -41.20771009	    257.22885839	    -96.40898540	      1.28186242
      0.05467305	    178.84246628	     12.07897450	   -961.48057200	    -66.82601664	    177.95079764	     -0.12583351	    -39.83984364	    254.99279723	    -92.04082224	      6.24868180
      0.05586159	    132.65560638	    -18.64013223	   -875.31451545	    -64.71315047	    138.11471447	      0.20862663	    -38.33872860	    224.22645840	    -87.69225647	      3.41046570
      0.05705014	    127.10363532	    -12.59513964	   -814.20796713	    -62.35120960	    135.66763532	     -0.13836972	    -36.85733681	    218.41776399	    -83.38121100	      4.92409569
      0.05823868	    107.50958359	    -22.36975065	   -754.16317501	    -60.28280942	    119.61885876	      0.03526432	    -35.44757654	    204.62597363	    -79.09803339	      4.28206634
      0.05942723	    102.25107929	    -20.72006865	   -715.19909628	    -57.59031615	    115.36832784	     -0.06872445	    -33.92614110	    200.21082886	    -74.85593589	      4.65681975
      0.06061577	     94.31838677	    -22.95340527	   -676.19448596	    -55.22120344	    108.71253004	      0.09475279	    -32.42921590	    194.12081497	    -70.65030794	      4.61523803
      0.06180432	     90.83011642	    -21.21840344	   -646.42537750	    -52.36574726	    105.61847949	     -0.14264993	    -30.88009883	    191.64439596	    -66.48990727	      4.70839852
      0.06299286	     88.46074988	    -21.25563178	   -620.72167672	    -49.35574682	    102.53762022	      0.21444934	    -29.09741642	    188.92913143	    -62.36080484	      4.75421820
      0.06418141	     87.11276180	    -16.87761353	   -599.03775875	    -45.95902184	    100.78702181	     -0.28984186	    -27.29004295	    187.83255639	    -58.29114365	      4.78883484
      0.06536995	     87.15218779	    -17.82597084	   -578.33852078	    -42.58443516	     99.04684859	      0.37651026	    -25.29519429	    186.60767884	    -54.25809163	      4.82145225
      0.06655850	     87.30371840	    -11.38400078	   -560.48894234	    -38.46095999	     98.06187875	     -0.34135558	    -23.13650381	    186.20318388	    -50.26935647	      4.83210217
      0.06774704	     88.88670716	    -10.40019662	   -545.49042265	    -34.54695696	     97.11769305	      0.12366754	    -20.89386919	    185.76962137	    -46.36005711	      4.84779973
      0.06893558	     90.00121337	     -6.89003560	   -528.34324093	    -30.40191861	     96.42696031	     -0.03318404	    -18.62088962	    185.64934409	    -42.55209322	      4.84847278
      0.07012413	     92.58141763	     -2.80268165	   -517.53489733	    -25.87051752	     95.94465189	      0.03678683	    -16.15192305	    185.60427452	    -38.89366605	      4.84949289
      0.07131267	     93.90866746	     -0.78249904	   -502.34602220	    -21.96944254	     95.39753397	      0.05406222	    -13.96375162	    185.60231302	    -35.42781659	      4.83945466
      0.07250122	     96.78565177	      5.73507262	   -493.21856921	    -17.29245250	     95.32002736	     -0.22947665	    -11.02199008	    185.76078738	    -32.14414492	      4.83562427
      0.07368976	     99.04056868	      4.46862948	   -482.20059881	    -13.45983627	     94.74686528	      0.36743350	     -7.95824763	    185.77920976	    -29.13114577	      4.81686921
      0.07487831	    101.56407403	     12.55790987	   -474.48637695	     -8.78740656	     94.78599238	     -0.37864896	     -3.41493647	    185.95429544	    -26.30321635	      4.79846113
      0.07606685	    105.87635503	     12.71710471	   -471.71334525	     -4.14582813	     94.66351395	      0.27215295	      2.08341841	    186.13171768	    -23.82585672	      4.78471691
      0.07725540	    109.00876261	     18.97162346	   -466.28193426	      0.94629081	     94.50099495	     -0.25144779	      8.71209771	    186.18353282	    -21.44753214	      4.75345317
      0.07844394	    115.02588093	     21.24896619	   -467.66762476	      6.80466623	     94.66599922	      0.23085895	     16.23019788	    186.38088098	    -19.52255619	      4.73115307
      0.07963249	    121.89256347	     29.45720132	   -466.79526734	     14.80898934	     94.61650407	     -0.14575977	     25.08178022	    186.43640642	    -15.25301076	      4.69850860
      0.08082103	    134.35878609	     41.36550057	   -450.39326877	     28.02276783	     94.83889032	      0.16665416	     35.28539718	    186.59247071	     -7.16380188	      4.66779800
      0.08200958	    140.66784752	     53.92629586	   -421.58217425	     37.00740767	     95.06479499	     -0.24734883	     41.63674691	    186.75521800	      0.41627256	      4.63418794
      0.08319812	    128.69149088	     43.17302874	   -400.57457134	     27.22408822	     95.31743879	      0.15806830	     38.10947055	    186.91601395	      3.13898083	      4.59190962
      0.08438666	    121.08440738	     37.98171367	   -393.83724081	     21.17656135	     95.68272017	     -0.00653484	     37.26375322	    187.07743098	      2.91963953	      4.54664783
      0.08557521	    121.77395939	     38.15431057	   -398.05711659	     22.22466988	     95.97664234	     -0.09479704	     41.15899520	    187.12958431	      2.93491827	      4.49196066
      0.08676375	    120.93420268	     34.95731201	   -400.76273480	     21.52425961	     96.24350964	      0.12369054	     42.67024447	    187.16399835	      3.00381840	      4.42991420
      0.08795230	    121.07107536	     36.49520548	   -400.97782721	     22.20367070	     96.73028167	     -0.11682703	     44.71686643	    187.16137866	      3.59557663	      4.37205130
      0.08914084	    120.85913850	     33.54816787	   -404.31024767	     21.94036353	     96.97727396	      0.12046135	     45.48766334	    187.09053711	      4.38796017	      4.30226697
      0.09032939	    121.15953711	     35.76610231	   -405.53765982	     22.51946751	     97.58163723	     -0.19120848	     46.42621344	    187.06160306	      5.04313762	      4.23677495
      0.09151793	    121.26460367	     32.08747192	   -407.63036708	     22.19606593	     97.91224277	      0.24871822	     46.44123145	    186.92943939	      5.52952122	      4.16614831
      0.09270648	    121.26681591	     34.78988544	   -407.31030966	     22.63205353	     98.49490795	     -0.18567923	     46.51585470	    186.76906168	      6.08118070	      4.09337192
      0.09389502	    121.26678456	     31.87690540	   -408.76809033	     22.21676333	     98.87777005	      0.11004339	     45.85203716	    186.49973398	      6.47642234	      4.01564241
      0.09508357	    121.40622440	     33.97126508	   -409.33109309	     22.50882882	     99.38569736	     -0.21086775	     45.26050170	    186.14079462	      6.87884369	      3.93176513
      0.09627211	    121.87577902	     31.24829389	   -409.65976898	     22.28563397	     99.77957267	      0.23078384	     44.23787064	    185.66649155	      7.06439148	      3.84573567
      0.09746065	    121.53385632	     32.58414056	   -407.39680869	     22.09488333	    100.40138482	     -0.08354041	     43.11032085	    185.10580370	      7.24800144	      3.76265922
      0.09864920	    122.17544345	     33.05311457	   -408.83347929	     22.27755644	    100.75243247	     -0.02748660	     42.07794291	    184.39260234	      7.34141618	      3.66961885
      0.09983774	    121.84209661	     31.71910444	   -405.76528829	     21.77211539	    101.23040641	      0.01440102	     40.78343149	    183.55343918	      7.42881249	      3.57469934
      0.10102629	    122.51685550	     33.20050310	   -405.17315181	     21.99380984	    101.66357070	      0.02643951	     39.85068572	    182.63250658	      7.46136356	      3.47885649
      0.10221483	    122.04705389	     32.23776670	   -402.33974072	     21.43382090	    102.05242566	     -0.03996047	     38.67020913	    181.53290357	      7.46337045	      3.37635928
      0.10340338	    122.64548149	     33.93917501	   -399.52495256	     21.64362312	    102.48998728	     -0.02420808	     37.95849693	    180.36870414	      7.45570580	      3.27517274
      0.10459192	    122.16315346	     32.52133937	   -396.21436398	     21.04085961	    102.69657034	      0.04237626	     37.00058937	    178.96912908	      7.42616353	      3.16007409
      0.10578047	    122.76200032	     34.47865823	   -393.23213187	     21.22617927	    103.15597217	     -0.01580689	     36.54024508	    177.59626126	      7.41653667	      3.05320006
      0.10696901	    122.37107145	     33.58454642	   -388.39080665	     20.73551001	    103.30007665	      0.11031591	     35.88033040	    175.94684758	      7.39060017	      2.93451079
      0.10815756	    122.32303021	     35.82299614	   -384.66496033	     20.75988561	    103.57492383	     -0.19284683	     35.60422218	    174.27245443	      7.38632878	      2.81423801
      0.10934610	    122.19191145	     35.17765292	   -379.04032394	     20.39766560	    103.66691271	      0.06676246	     35.23251445	    172.39183531	      7.37249178	      2.68891807
      0.11053464	    122.15474961	     34.66365833	   -374.62299748	     20.05867011	    103.84047192	      0.18121101	     35.05096916	    170.48035086	      7.37126520	      2.56311299
      0.11172319	    121.38171135	     38.20917472	   -367.15896544	     20.12671175	    103.76965131	     -0.25557546	     34.98661519	    168.30270488	      7.37891107	      2.42850653
      0.11291173	    121.24731105	     35.57289540	   -363.22630986	     19.50006707	    103.72578261	      0.15600718	     34.86230697	    166.11001739	      7.38631079	      2.28650022
      0.11410028	    120.85798634	     39.21338024	   -354.48554862	     19.77425140	    103.68735471	     -0.13552340	     34.98119095	    163.76483419	      7.41579310	      2.15329968
      0.11528882	    119.95514357	     36.20129740	   -349.18806512	     18.94013275	    103.28348656	      0.21884548	     34.83122152	    161.23839830	      7.43668857	      1.99859332
      0.11647737	    119.43382502	     40.79615275	   -340.70659881	     19.34964392	    103.12143027	     -0.24601072	     35.05404803	    158.66232867	      7.48599312	      1.85207981
      0.11766591	    118.30498120	     37.81443628	   -334.29275390	     18.48761009	    102.61484037	      0.08523557	     34.89445119	    155.92790579	      7.51867772	      1.69306238
      0.11885446	    117.89667516	     40.27676104	   -326.56189749	     18.80298616	    102.09913936	      0.04696660	     35.13070084	    153.08762269	      7.57537451	      1.53348267
      0.12004300	    116.12195022	     39.57648042	   -317.10794394	     18.13123225	    101.46978780	     -0.03118577	     34.98855635	    150.11884993	      7.61432968	      1.36446847
      0.12123155	    115.20787598	     40.64282491	   -310.07141066	     18.17638384	    100.64001895	     -0.02729088	     35.14090979	    147.03773031	      7.66424127	      1.19029549
      0.12242009	    114.03324683	     40.47142888	   -301.49005174	     17.86068918	     99.91010664	      0.09192594	     35.11271605	    143.92522382	      7.70809112	      1.01528819
      0.12360863	    112.29210480	     40.50581931	   -293.00047525	     17.52046436	     98.89249820	      0.00209007	     35.06848373	    140.64844323	      7.74299510	      0.83083687
      0.12479718	    110.62045889	     42.45204239	   -283.69677908	     17.52643456	     97.81480028	     -0.21181300	     35.09611430	    137.30287265	      7.79414271	      0.64159289
      0.12598572	    108.96321707	     38.96168506	   -275.26623346	     16.91344590	     96.49103584	      0.26596767	     34.89338583	    133.84629377	      7.81958224	      0.44025381
      0.12717427	    107.02080697	     42.02003757	   -265.76024536	     17.05242960	     95.22169020	     -0.11666411	     34.87400316	    130.34788309	      7.87129264	      0.23593111
      0.12836281	    105.04469157	     40.13753535	   -258.74968892	     16.51533916	     93.79981342	      0.01206992	     34.61010743	    126.81376088	      7.89448081	      0.02322150
      0.12955136	    102.73252059	     41.09516773	   -247.45290299	     16.50323872	     92.10556974	     -0.05051016	     34.42246364	    123.11608148	      7.94230388	     -0.20172626
      0.13073990	    100.84086173	     39.68568337	   -241.15931087	     16.07723630	     90.59942509	      0.05907571	     34.10000069	    119.53654889	      7.96477654	     -0.42952177
      0.13192845	     97.93815686	     39.84041457	   -230.72275971	     15.89582798	     88.54570715	     -0.08528597	     33.76156717	    115.71789120	      8.00667747	     -0.67568885
      0.13311699	     95.78303606	     37.53826168	   -223.34162490	     15.38384614	     86.77716942	      0.17737433	     33.29955503	    112.04051517	      8.02668368	     -0.92868692
      0.13430554	     92.92861670	     40.05099469	   -213.76018863	     15.51262292	     84.71336524	     -0.26887273	     32.98117972	    108.23343500	      8.07132665	     -1.19272035
      0.13549408	     90.56446126	     35.09598973	   -206.60310131	     14.69255094	     82.62696806	      0.35507555	     32.32942006	    104.50302423	      8.08677121	     -1.46863200
      0.13668263	     87.44442574	     37.66251670	   -198.74352238	     14.80909479	     80.35203599	     -0.24352511	     31.94758327	    100.67675121	      8.12952469	     -1.76053254
      0.13787117	     84.63198834	     35.52395444	   -189.75792205	     14.30747167	     78.15182422	     -0.04512947	     31.31791840	     96.94608186	      8.15539309	     -2.05852577
      0.13905971	     81.73793923	     32.96749496	   -183.00292741	     13.77925414	     75.74470642	      0.12604377	     30.64820528	     93.16532326	      8.18465531	     -2.37628085
      0.14024826	     78.99823445	     32.74840644	   -176.23779672	     13.76234947	     73.26569705	      0.06649306	     30.18355308	     89.43933643	      8.22530984	     -2.70210930
      0.14143680	     75.63536747	     32.01616183	   -169.14644328	     13.18438542	     70.93237884	     -0.16127775	     29.41400804	     85.75480063	      8.25384181	     -3.04178206
      0.14262535	     72.96274370	     30.04592657	   -162.22815855	     13.04820052	     68.34776181	      0.04372672	     28.88464007	     82.10773931	      8.29850355	     -3.38726562
      0.14381389	     69.61449823	     27.93939772	   -155.07279941	     12.43934760	     65.79974257	      0.04734676	     28.07386536	     78.46247944	      8.33070140	     -3.74906909
      0.14500244	     66.92181309	     26.95049722	   -150.77692405	     12.34197957	     63.21652700	      0.02819910	     27.54466215	     74.94055725	      8.37745044	     -4.11373274
      0.14619098	     63.70693135	     25.47413208	   -143.84316296	     11.81645094	     60.76662382	     -0.03669176	     26.74323824	     71.44729441	      8.41513830	     -4.48598361
      0.14737953	     60.99242665	     24.83909307	   -139.28681590	     11.77563552	     58.19017596	     -0.10744574	     26.20529570	     68.05157101	      8.46647754	     -4.85855906
      0.14856807	     58.00935976	     21.03002715	   -133.05458745	     11.06095801	     55.68255040	      0.19443287	     25.34339751	     64.69727754	      8.50649648	     -5.23398071
      0.14975662	     54.81893426	     20.70995801	   -128.37170450	     10.96613880	     52.98807798	     -0.10221553	     24.76690951	     61.37306294	      8.56022750	     -5.61231171
      0.15094516	     52.48107584	     20.19431747	   -124.57625976	     10.70229570	     50.79388679	     -0.09359492	     24.07467557	     58.26432397	      8.61091048	     -5.97814560
      0.15213370	     49.68421681	     15.57066376	   -119.66293689	     10.11096430	     48.20502799	      0.26766843	     23.29553554	     55.13475517	      8.65898517	     -6.34485890
      0.15332225	     46.48366564	     17.51752686	   -115.45382656	     10.05109307	     45.81678049	     -0.37271063	     22.69972134	     52.09170910	      8.72248355	     -6.69778860
      0.15451079	     44.66528701	     12.52667672	   -110.71933108	      9.52834418	     43.56872740	      0.39892841	     21.91511546	     49.20564074	      8.77467973	     -7.04150898
      0.15569934	     41.53885507	     13.98865871	   -108.89190561	      9.40985425	     41.20689914	     -0.29694531	     21.33355151	     46.34607325	      8.84298813	     -7.36991755
      0.15688788	     39.47499525	     10.54886427	   -102.58078760	      8.91830378	     39.14060762	      0.19041106	     20.52805894	     43.64361143	      8.90286332	     -7.68290306
      0.15807643	     36.87586146	      9.81970569	   -102.02228604	      8.74287727	     36.76016785	     -0.09415586	     19.95369835	     40.94720163	      8.97801847	     -7.98106352
      0.15926497	     34.62117663	      8.25557948	    -96.08788686	      8.23196519	     34.94339298	      0.01283409	     19.13811512	     38.46370370	      9.04452067	     -8.25753352
      0.16045352	     32.83082651	      7.53504103	    -95.90906582	      8.25252747	     32.80061561	     -0.01728101	     18.64266316	     36.01310256	      9.13087327	     -8.51445825
      0.16164206	     30.29995787	      5.17451022	    -89.56085318	      7.58294106	     30.95283037	      0.05142325	     17.78139222	     33.66794967	      9.20565331	     -8.75276996
      0.16283061	     28.40465604	      4.50592239	    -89.18940130	      7.49763746	     28.91547374	     -0.05748832	     17.25276081	     31.39630515	      9.29983257	     -8.97096058
      0.16401915	     26.69155605	      3.44850593	    -85.59507799	      7.15010892	     27.27702419	      0.04567438	     16.55493346	     29.29169454	      9.38871732	     -9.16670344
      0.16520769	     24.79362676	      2.06853185	    -82.67178907	      6.69889896	     25.67296045	     -0.00538102	     15.84100714	     27.29355477	      9.48800862	     -9.33888132
      0.16639624	     23.10419623	      1.22718284	    -80.99996824	      6.66272778	     23.75050938	     -0.00301404	     15.34576057	     25.26607703	      9.59523835	     -9.49758056
      0.16758478	     21.31753918	      0.39861987	    -76.78277545	      6.08019602	     22.44001326	     -0.04721326	     14.55402905	     23.48219947	      9.70497284	     -9.62869136
      0.16877333	     20.08936300	     -1.16245191	    -76.83775743	      6.04591118	     20.66286607	      0.07710459	     14.10847522	     21.66246811	      9.82410910	     -9.74804967
      0.16996187	     18.29255168	     -1.76081138	    -72.35526984	      5.42013502	     19.43275287	     -0.00613429	     13.31075961	     20.03626040	      9.94648828	     -9.84237141
      0.17115042	     16.99384529	     -2.03109350	    -71.05813735	      5.48459898	     17.80733934	     -0.08225307	     12.90999127	     18.37970285	     10.08105462	     -9.92361228
      0.17233896	     16.13137366	     -3.18243096	    -69.32879930	      4.97257873	     16.77354989	      0.11511262	     12.19227772	     16.95426544	     10.21321897	     -9.98399094
      0.17352751	     14.14562159	     -3.70348236	    -66.75458054	      4.76464572	     15.07017278	     -0.15016355	     11.70383943	     15.38361303	     10.35751272	    -10.03478062
      0.17471605	     13.68176621	     -5.27439474	    -64.40050494	      4.35268438	     14.13294686	      0.20513096	     11.05284385	     14.09547569	     10.50041362	    -10.06410087
      0.17590460	     12.04803386	     -4.75572518	    -63.67641988	      4.15786379	     12.63678696	     -0.11825671	     10.57852664	     12.68808041	     10.64912040	    -10.08655597
      0.17709314	     11.37167137	     -4.87606379	    -60.89722739	      3.98772242	     11.62336619	     -0.06724991	     10.05984988	     11.47062926	     10.80084715	    -10.08973374
      0.17828168	      9.99926520	     -7.88412356	    -59.53997294	      3.20389883	     10.30665957	      0.12080299	      9.34980804	     10.19887073	     10.94588931	    -10.08866906
      0.17947023	      9.42777851	     -5.61582157	    -57.65329813	      3.48496491	      9.15522947	     -0.06448174	      9.06115591	      9.01848360	     11.10309827	    -10.07041627
      0.18065877	      8.40473002	     -7.45713663	    -55.05099156	      2.83139582	      8.14711222	      0.03669945	      8.38822195	      7.90589992	     11.24938017	    -10.04399435
      0.18184732	      7.44759729	     -7.70359053	    -55.16493680	      2.73529399	      6.64675978	     -0.00554210	      8.01763389	      6.68707073	     11.39945783	    -10.01465977
      0.18303586	      6.61448282	     -8.50806890	    -51.61141318	      2.18759816	      5.80138476	      0.03052916	      7.40452800	      5.67961827	     11.54750445	     -9.97026161
      0.18422441	      6.11141637	     -7.60110970	    -51.33840643	      2.41297992	      4.42961245	     -0.05244767	      7.17924581	      4.56107057	     11.70039005	     -9.92278680
      0.18541295	      5.51038588	     -9.28012948	    -50.22991355	      1.81226315	      3.51633335	      0.07842089	      6.62172149	      3.59787793	     11.85490760	     -9.86954433
      0.18660150	      5.08461698	     -7.09907380	    -47.12465141	      2.33385038	      2.23766847	     -0.13840261	      6.55136949	      2.55080774	     12.02811006	     -9.80661796
      0.18779004	      5.15529103	     -9.28005956	    -47.88902433	      2.27214037	      1.12194395	      0.09113787	      6.34531489	      1.57925953	     12.22499884	     -9.74886850
      0.18897859	      5.65398779	     -6.24025264	    -45.96089218	      3.23197472	      0.08918389	     -0.09325733	      6.56298197	      0.68432577	     12.45719970	     -9.67663872
      0.19016713	      7.18585240	     -7.18671158	    -44.19167488	      4.64806666	     -1.11131178	      0.23014914	      7.20292621	     -0.27528693	     12.78047955	     -9.61014402
      0.19135568	      9.29014504	     -1.67590244	    -46.11897618	      6.89029654	     -2.02526132	     -0.22320011	      8.18155755	     -1.06825203	     13.16903573	     -9.53681176
      0.19254422	     14.34968686	      1.21744440	    -44.90187789	     11.46021792	     -3.24384378	      0.09279739	     10.59013793	     -1.96820567	     13.76412885	     -9.46551062
      0.19373276	     20.00840766	      7.62970562	    -45.35424322	     16.27780872	     -4.01944027	     -0.00785008	     13.09266026	     -2.67408541	     14.49499399	     -9.39080862
      0.19492131	     30.84737587	     18.61666597	    -49.56180803	     26.03852121	     -5.16503867	     -0.06245169	     18.42215599	     -3.46463483	     15.56095287	     -9.31836112
      0.19610985	     43.04223433	     28.78598965	    -51.79622001	     36.12723826	     -5.86782960	      0.18614838	     23.93889934	     -4.08278424	     16.86757659	     -9.24690914
      0.19729840	     60.08044881	     48.44423857	    -55.86889207	     51.94500426	     -6.93490893	     -0.26991326	     32.65966131	     -4.80707540	     18.54945056	     -9.17395923
      0.19848694	     79.13719835	     63.77578174	    -62.89604675	     67.72836132	     -7.51789433	      0.19777283	     41.45563641	     -5.30602022	     20.49668619	     -9.10787568
      0.19967549	    100.75579450	     87.37461430	    -69.21752949	     87.41114662	     -8.45663813	     -0.17968243	     52.31137215	     -5.91952880	     22.65887680	     -9.03962830
      0.20086403	    121.67307335	    104.83512024	    -74.79964481	    105.00199265	     -8.92834647	      0.30737756	     62.11282749	     -6.32422838	     24.91193486	     -8.97553564
      0.20205258	    145.34396404	    131.43512872	    -86.57169955	    126.56464252	     -9.75557946	     -0.36667407	     74.00420960	     -6.83473012	     27.34300438	     -8.91778601
      0.20324112	    169.53764855	    151.00436199	    -92.33140949	    147.00204312	    -10.08784652	      0.40360371	     85.39597271	     -7.12655944	     29.91725863	     -8.85812385
      0.20442967	    209.31678454	    193.78400178	   -110.53291578	    183.59921776	    -10.75490162	     -0.34070812	    105.69001233	     -7.52951424	     33.51337240	     -8.80646038
      0.20561821	    256.56968198	    237.32519075	   -129.15689278	    225.78241070	    -11.03722655	      0.11568654	    129.30812419	     -7.75028217	     37.94936914	     -8.75579336
      0.20680675	    326.75299119	    305.77251142	   -161.23226273	    289.58944376	    -11.46402536	      0.02966919	    164.83882391	     -8.02072405	     43.90786123	     -8.71057833
      0.20799530	    402.07590337	    380.16353715	   -199.07802222	    358.43012270	    -11.90091855	     -0.11056143	    203.26943659	     -8.25502047	     50.71481767	     -8.66814204
      0.20918384	    484.06270480	    458.31452669	   -248.77564787	    431.89098928	    -12.12553887	      0.12177451	    244.12245713	     -8.41128798	     57.94202198	     -8.62899926
      0.21037239	    566.15143047	    540.38925590	   -306.06028510	    506.16925468	    -12.58047381	     -0.07627791	    285.42775804	     -8.63447451	     65.28471636	     -8.59256442
      0.21156093	    631.70923677	    603.71254022	   -373.71786356	    562.85200651	    -12.68166248	      0.05591908	    316.85470304	     -8.71722656	     71.61064714	     -8.55363781
      0.21274948	    693.40543901	    664.75921787	   -454.73320440	    615.87614064	    -13.17835353	      0.07771852	    346.27009578	     -8.92503411	     77.27903230	     -8.52187075
      0.21393802	    720.30379685	    693.03493377	   -545.38767933	    634.54099680	    -13.29161259	     -0.14111780	    356.63723686	     -9.00480231	     81.02647489	     -8.48258590
      0.21512657	    729.34585133	    702.84299505	   -653.02775329	    634.85346570	    -13.51260724	     -0.02031196	    356.80246216	     -9.09381538	     82.86329013	     -8.44616445
      0.21631511	    789.73973514	    760.57505290	   -770.26671428	    683.49113606	    -13.83861338	      0.18094784	    383.98275977	     -9.20690179	     88.19741635	     -8.40547171
      0.21750366	    210.73470150	    202.22543833	   -901.56368883	    118.82833660	    -13.90981224	     -0.18539315	     71.81165036	     -9.22333283	     53.78813637	     -8.36270423
      0.21869220	    183.49710927	    175.56054569	  -1038.42727975	     81.43683772	    -13.90525864	     -0.02456373	     51.42248330	     -9.18625991	     51.89854628	     -8.31307791
      0.21988074	    146.14520159	    136.57295111	  -1181.20645802	     33.51410558	    -13.90778344	      0.28845766	     25.04132871	     -9.14275874	     48.65471236	     -8.26180617
      0.22106929	    128.64964541	    122.85902507	  -1328.14530092	      5.74070474	    -14.12253191	     -0.34332069	      9.84336115	     -9.17252809	     47.01782145	     -8.21003720
      0.22225783	    117.67879641	    107.77907503	  -1472.89952775	    -17.70776429	    -14.00400489	      0.30586232	     -2.91926557	     -9.09224773	     46.09367572	     -8.14259484
      0.22344638	    108.14676030	    100.65561966	  -1614.89454560	    -37.61725409	    -14.13060662	     -0.33155338	    -13.76755238	     -9.06465189	     45.36287050	     -8.07176613
      0.22463492	    104.03492506	     92.02088588	  -1751.27496875	    -53.77123822	    -14.04684735	      0.25810163	    -22.49190567	     -8.97805965	     45.47103251	     -7.98213351
      0.22582347	    103.20559629	     91.78260598	  -1877.82061579	    -64.61027527	    -14.09405440	     -0.07074610	    -28.45006233	     -8.89899605	     45.54918762	     -7.88396512
      0.22701201	    104.06046283	     90.04373749	  -1999.23532437	    -74.18702814	    -13.94483980	     -0.04287717	    -33.63722905	     -8.77363584	     46.05462935	     -7.76845472
      0.22820056	    109.47930765	     94.69685514	  -2105.12905630	    -77.94634335	    -13.88751829	     -0.02528046	    -35.96755249	     -8.62223091	     46.15319862	     -7.63663887
      0.22938910	    115.85182231	     97.91873453	  -2206.52637651	    -80.86979978	    -13.64190463	      0.11885641	    -37.79948759	     -8.42540670	     46.23607306	     -7.48902986
      0.23057765	    126.55148753	    109.72761982	  -2293.98315030	    -77.91639166	    -13.46826504	     -0.12730281	    -36.94651682	     -8.20820512	     45.51834764	     -7.32407569
      0.23176619	    137.38322414	    117.33579257	  -2376.38175671	    -75.23105416	    -13.15411992	      0.15269792	    -36.10279455	     -7.95562825	     44.70139160	     -7.14635571
      0.23295474	    153.98083202	    136.87016566	  -2447.61264397	    -65.45832889	    -12.78962640	     -0.17633593	    -32.14612130	     -7.64800437	     42.78955897	     -6.94693138
      0.23414328	    174.82412733	    156.39514556	  -2524.61663442	    -52.74856837	    -12.49680610	      0.10119994	    -26.91262238	     -7.35912225	     39.64355324	     -6.73998029
      0.23533182	    215.50467975	    202.11057795	  -2617.59393727	    -22.34775738	    -11.97532841	      0.00773730	    -13.83191143	     -6.98432482	     33.75361074	     -6.51328686
      0.23652037	    258.84276577	    250.85644998	  -2723.63938070	      9.88200571	    -11.68225727	     -0.10071861	     -0.06506427	     -6.67096441	     26.29735437	     -6.27842051
      0.23770891	    280.34071243	    273.18782709	  -2799.66548475	     22.87890895	    -11.03020735	      0.18999014	      4.56564786	     -6.22508221	     20.14256808	     -6.02688106
      0.23889746	    289.41489215	    285.39681624	  -2866.86118897	     26.14314787	    -10.69521101	     -0.26354233	      4.73728760	     -5.89208102	     14.68900469	     -5.77328839
      0.24008600	    276.16724343	    266.73109029	  -2873.89494905	     11.41578701	    -10.08030427	      0.35084969	     -3.09601225	     -5.43243492	     11.42462414	     -5.50064713
      0.24127455	    262.56275711	    254.59238799	  -2880.47765818	     -1.81742433	     -9.59553444	     -0.29347255	    -10.03652312	     -5.03889163	      9.11955159	     -5.23310717
      0.24246309	    246.72996291	    233.42464578	  -2841.15517967	    -14.94682193	     -8.94955407	      0.11801078	    -16.24024398	     -4.56964122	      7.74883352	     -4.95301789
      0.24365164	    231.92630002	    216.75610655	  -2804.31695129	    -26.20205573	     -8.54825865	     -0.08006804	    -21.54491468	     -4.17590909	      7.03340382	     -4.68314308
      0.24484018	    219.79869085	    200.71042682	  -2740.22892534	    -33.50385934	     -7.88277133	      0.12968013	    -24.61016351	     -3.70723460	      6.43408430	     -4.40933829
      0.24602873	    207.85298762	    188.05220855	  -2678.78611629	    -40.12551095	     -7.26020425	     -0.11899924	    -27.39215698	     -3.24127631	      6.15446324	     -4.14775094
      0.24721727	    198.14108101	    176.51165790	  -2599.46318352	    -43.53623668	     -6.68798655	     -0.07060156	    -28.47239789	     -2.81257828	      5.84951312	     -3.88796198
      0.24840581	    188.50578136	    161.88300786	  -2523.81096731	    -47.41641119	     -6.17201996	      0.30729598	    -29.75755543	     -2.38763793	      5.67992599	     -3.64642237
      0.24959436	    178.84521878	    155.82093840	  -2438.87947210	    -49.30693047	     -5.58918917	     -0.40696136	    -30.20191952	     -1.97984988	      5.47358917	     -3.40764500
      0.25078290	    170.86844438	    140.78693370	  -2356.04681247	    -51.55736012	     -5.05991034	      0.43177362	    -30.69376948	     -1.56115513	      5.34924650	     -3.18697379
      0.25197145	    161.76060085	    136.12990019	  -2269.03830604	    -52.49100085	     -4.57900357	     -0.36333709	    -30.71144956	     -1.20696948	      5.20985591	     -2.97053196
      0.25315999	    154.46398815	    124.14722856	  -2186.01686018	    -53.73251275	     -3.95224626	      0.16634427	    -30.77238795	     -0.79022179	      5.11289809	     -2.77192195
      0.25434854	    146.71412368	    117.87050722	  -2101.53594684	    -54.09540013	     -3.56998288	     -0.07911770	    -30.53625990	     -0.47498378	      5.01429174	     -2.57851644
      0.25553708	    139.12700096	    107.13513828	  -2019.59711366	    -55.08529091	     -3.17016938	      0.15461430	    -30.53222293	     -0.16300692	      4.92556238	     -2.39961780
      0.25672563	    132.60583828	    103.67831037	  -1940.74747495	    -54.82011713	     -2.55014012	     -0.16833682	    -30.09693063	      0.20485338	      4.84701596	     -2.22402344
      0.25791417	    125.64819808	     92.89291563	  -1863.68910698	    -55.36736910	     -2.41231280	      0.11448163	    -29.89711559	      0.40366812	      4.77890202	     -2.06496720
      0.25910272	    120.00625220	     89.78415635	  -1791.61483247	    -55.05333887	     -1.67434309	     -0.07820021	    -29.49602521	      0.79428771	      4.70279319	     -1.90510624
      0.26029126	    113.45352560	     81.32447490	  -1719.55804549	    -55.27394317	     -1.64735795	      0.03527805	    -29.22848027	      0.93398779	      4.63879992	     -1.75893100
      0.26147980	    108.61633294	     76.75303504	  -1654.14039032	    -54.85114570	     -1.06022494	      0.06004750	    -28.78885665	      1.24393443	      4.56956186	     -1.61493463
      0.26266835	    103.05972846	     72.00774422	  -1590.20014996	    -54.62675464	     -0.83298870	     -0.06539790	    -28.39725463	      1.43302629	      4.51211522	     -1.47961414
      0.26385689	     98.34964120	     66.43295865	  -1531.12476733	    -54.33388732	     -0.52326558	     -0.03125611	    -28.02299927	      1.63002406	      4.44430888	     -1.34873014
      0.26504544	     93.99164976	     63.29337848	  -1474.67446937	    -53.83661096	     -0.11194399	     -0.07632621	    -27.57858930	      1.85673319	      4.38614080	     -1.22315470
      0.26623398	     90.02366239	     56.23275572	  -1421.64465031	    -53.54787794	     -0.05112408	      0.35036331	    -27.21408888	      1.95888639	      4.32359257	     -1.10419800
      0.26742253	     85.72474340	     57.33618288	  -1371.86284259	    -52.74301403	      0.49554205	     -0.45484778	    -26.69497528	      2.19788644	      4.26954677	     -0.98633227
      0.26861107	     82.26331624	     48.42535913	  -1325.15826911	    -52.75002905	      0.38282352	      0.34043493	    -26.46338255	      2.20404270	      4.20434640	     -0.87929133
      0.26979962	     78.93410862	     49.31993416	  -1281.29305570	    -51.80022903	      0.87596479	     -0.17650331	    -25.92949100	      2.39901823	      4.14954108	     -0.77215407
      0.27098816	     75.81848793	     43.97952246	  -1241.30074300	    -51.47507542	      0.88842249	      0.08535300	    -25.58386608	      2.42355705	      4.09642593	     -0.67504994
      0.27217671	     72.88923661	     42.68987843	  -1201.91804877	    -50.76237854	      1.20738700	     -0.10339878	    -25.14298095	      2.56011876	      4.04444800	     -0.57951667
      0.27336525	     70.28875843	     38.55632567	  -1168.27382206	    -50.43687779	      1.25040984	      0.13769721	    -24.84039918	      2.57677723	      3.98990803	     -0.49448778
      0.27455379	     67.63464393	     37.32482422	  -1132.27012518	    -49.67736324	      1.48913281	     -0.07308601	    -24.39606291	      2.65708631	      3.94491201	     -0.41133387
      0.27574234	     65.39912559	     35.01630322	  -1103.35499498	    -49.11383778	      1.50604284	     -0.02374670	    -24.01268745	      2.65914021	      3.90148026	     -0.33871450
      0.27693088	     63.37454627	     32.40664435	  -1073.34479556	    -48.61794505	      1.80390457	      0.03219754	    -23.67023230	      2.74774028	      3.85958825	     -0.27076290
      0.27811943	     60.95260770	     30.87091463	  -1046.48191696	    -48.05336081	      1.62596481	     -0.06960257	    -23.32456151	      2.66493452	      3.81935900	     -0.21153388
      0.27930797	     59.72375018	     27.57565376	  -1021.97597005	    -47.57038534	      1.96709704	      0.22640861	    -22.99165902	      2.76045531	      3.78261660	     -0.15918354
      0.28049652	     57.30991709	     28.57273967	   -996.84883854	    -46.84065715	      1.90515260	     -0.23816003	    -22.59985520	      2.70372577	      3.75430868	     -0.11035303
      0.28168506	     56.06217864	     24.56456455	   -975.27728729	    -46.44800989	      2.02711552	      0.08730881	    -22.29969776	      2.71555459	      3.72616291	     -0.07311042
      0.28287361	     54.61683058	     24.81413632	   -955.62097421	    -45.79720939	      2.14828349	     -0.05028028	    -21.95155537	      2.71464868	      3.69993650	     -0.03846335
      0.28406215	     53.14161032	     21.75854104	   -934.91920060	    -45.34086905	      2.12226234	      0.07500349	    -21.63937200	      2.66599095	      3.68167401	     -0.01248313
      0.28525070	     51.67192358	     21.60945432	   -917.07496194	    -44.78912981	      2.16066700	     -0.07121532	    -21.32724594	      2.63929143	      3.66348803	      0.01102791
      0.28643924	     51.13215953	     19.64418598	   -901.47029904	    -44.18596333	      2.40539906	      0.12444072	    -20.97641188	      2.66936808	      3.65035532	      0.02587649
      0.28762779	     49.02289381	     19.72759912	   -882.68918286	    -43.73419036	      2.21798012	     -0.23923379	    -20.70173603	      2.56493958	      3.64334964	      0.04103066
      0.28881633	     49.00012841	     16.88527545	   -871.25866028	    -43.23392975	      2.47000121	      0.17676190	    -20.39861975	      2.60152061	      3.63142877	      0.04452077
      0.29000487	     47.36312144	     16.23075610	   -854.08251742	    -42.83127597	      2.37298365	      0.01479527	    -20.14950070	      2.52129663	      3.62897870	      0.05229464
      0.29119342	     46.73549398	     15.66779532	   -842.52956238	    -42.25464303	      2.52180996	     -0.03392714	    -19.83815178	      2.52699865	      3.62512816	      0.05112263
      0.29238196	     46.02623285	     14.36907963	   -830.17993807	    -41.86813827	      2.63452491	      0.06847831	    -19.59285281	      2.50974522	      3.62498557	      0.05123565
      0.29357051	     45.00081320	     14.85783871	   -817.32796224	    -41.22417739	      2.65551943	     -0.19291464	    -19.25860322	      2.47816058	      3.63164216	      0.04721614
      0.29475905	     44.64126904	     11.80049454	   -807.69971344	    -40.96204537	      2.70122995	      0.15003940	    -19.05099129	      2.43796121	      3.63437137	      0.04010209
      0.29594760	     43.52947375	     12.13441014	   -795.02049185	    -40.47872334	      2.66564098	     -0.02936831	    -18.79696238	      2.38881542	      3.64152898	      0.03265862
      0.29713614	     43.28620186	     11.05020437	   -787.98905492	    -40.11245926	      2.88697346	      0.00539494	    -18.57452461	      2.39986982	      3.64385719	      0.02131418
      0.29832469	     42.54969418	     11.05585055	   -775.84774300	    -39.48140266	      2.85358654	     -0.06399743	    -18.24672554	      2.36284035	      3.66055475	      0.01205767
      0.29951323	     42.27570708	      9.02320227	   -769.13853608	    -39.28020228	      2.95347447	      0.14550521	    -18.08417763	      2.33298861	      3.66693081	     -0.00384921
      0.30070178	     41.24540139	      9.78490156	   -758.86719611	    -38.75203079	      2.88207418	     -0.16585930	    -17.81900815	      2.27482174	      3.67856380	     -0.01719766
      0.30189032	     41.29893109	      8.66517662	   -752.59366824	    -38.33087463	      3.11193834	     -0.03469258	    -17.56795533	      2.30804832	      3.69142607	     -0.03252785
      0.30307886	     40.96324053	      5.80113498	   -744.28446528	    -38.15422641	      2.99714380	      0.38442477	    -17.42375736	      2.23222334	      3.70145067	     -0.05093033
      0.30426741	     39.63844889	      9.50522111	   -736.44134310	    -37.55761498	      3.10458045	     -0.52498305	    -17.15924935	      2.22146390	      3.71233088	     -0.06472807
      0.30545595	     40.70237067	      4.85442057	   -731.20738318	    -37.21708358	      3.21659806	      0.46868548	    -16.92137631	      2.22498809	      3.72758810	     -0.08564186
      0.30664450	     38.94997113	      7.97195238	   -723.22508494	    -36.87696508	      3.19206299	     -0.46158480	    -16.75121582	      2.18001326	      3.73922499	     -0.09978808
      0.30783304	     39.81259604	      3.84304307	   -718.37286845	    -36.55376966	      3.25616735	      0.38610785	    -16.54340863	      2.16465610	      3.75001933	     -0.12128024
      0.30902159	     38.65879886	      5.56039655	   -711.58733487	    -36.19011173	      3.23862281	     -0.18909131	    -16.35471335	      2.12814097	      3.76201826	     -0.13664013
      0.31021013	     39.14710644	      4.46177336	   -706.76408763	    -35.74439496	      3.44878523	      0.13828898	    -16.12188441	      2.15830212	      3.77426982	     -0.15498481
      0.31139868	     37.92590741	      4.04156844	   -699.73256779	    -35.52017910	      3.16210343	     -0.16099733	    -15.97002199	      2.03899251	      3.78701375	     -0.17191796
      0.31258722	     38.74996839	      3.19558087	   -697.23093550	    -35.17674240	      3.60772982	      0.17410838	    -15.79223847	      2.15147248	      3.79267013	     -0.18915597
      0.31377577	     37.87715039	      4.30513267	   -691.08349119	    -34.69382930	      3.41993831	     -0.20285096	    -15.55345526	      2.05322185	      3.80661726	     -0.20509922
      0.31496431	     37.75650000	      1.91255256	   -686.13110091	    -34.58830464	      3.43304793	      0.06327452	    -15.44466837	      2.04266861	      3.81558269	     -0.22070262
      0.31615285	     37.89227826	      2.11234997	   -682.26691084	    -34.13562379	      3.55955049	      0.09480412	    -15.23446606	      2.04264496	      3.82217286	     -0.23662345
      0.31734140	     37.38307465	      2.69360113	   -678.36540976	    -33.81050007	      3.58809044	     -0.19472967	    -15.05323954	      2.03457015	      3.83196308	     -0.24968386
      0.31852994	     37.54781937	     -0.60662349	   -674.28796090	    -33.70844988	      3.45727515	      0.35282387	    -14.95924666	      1.95473791	      3.83576707	     -0.26676456
      0.31971849	     37.10978816	      3.65111262	   -670.10334031	    -33.11140496	      3.85583275	     -0.39955891	    -14.71432569	      2.07305531	      3.84253459	     -0.27305340
      0.32090703	     37.16161982	     -1.75311840	   -666.95229104	    -33.14226808	      3.44980710	      0.32664360	    -14.64357418	      1.90116197	      3.84619630	     -0.29264041
      0.32209558	     37.05073011	      2.48383601	   -663.01645054	    -32.49478799	      3.88335050	     -0.25775115	    -14.38670456	      2.03122194	      3.85086347	     -0.29659057
      0.32328412	     37.00308373	     -1.74784091	   -659.77367976	    -32.49315843	      3.61982624	      0.24064670	    -14.30918775	      1.91428072	      3.85423166	     -0.31214343
      0.32447267	     36.59854135	      1.43305679	   -657.56921765	    -32.11959513	      3.91268964	     -0.34246586	    -14.16290409	      1.98878994	      3.84935992	     -0.31801761
      0.32566121	     37.20383498	     -2.59021625	   -653.73428064	    -31.84216229	      3.72629279	      0.40496347	    -13.98571452	      1.90520438	      3.85305354	     -0.32975957
      0.32684976	     36.12255522	      0.17307774	   -650.73859864	    -31.67236580	      3.82157004	     -0.34649660	    -13.91044084	      1.91201182	      3.84685133	     -0.33496942
      0.32803830	     37.01784226	     -2.00537477	   -648.23007226	    -31.29567847	      3.92826465	      0.22979689	    -13.71832495	      1.93405271	      3.84385988	     -0.34208358
      0.32922684	     36.36533849	     -1.75019911	   -646.61684688	    -31.17623608	      3.88559421	     -0.12701397	    -13.63899179	      1.88491381	      3.83625063	     -0.35049126
      0.33041539	     36.46308779	     -2.34848314	   -641.75965345	    -30.88715695	      3.89485363	      0.10651418	    -13.50334412	      1.88349231	      3.82937502	     -0.35232649
      0.33160393	     36.49696196	     -2.32485622	   -642.01638952	    -30.63980015	      4.00782380	     -0.05738971	    -13.37574139	      1.88364852	      3.81753221	     -0.35995178
      0.33279248	     36.28679913	     -2.14108041	   -637.89613257	    -30.41957594	      4.04443390	     -0.07951009	    -13.26566907	      1.89124275	      3.80778690	     -0.36047477
      0.33398102	     36.45902599	     -4.42483018	   -636.21794496	    -30.26086724	      3.94238362	      0.20702287	    -13.16746631	      1.82921569	      3.79301398	     -0.36694283
      0.33516957	     36.15091063	     -2.14393996	   -634.50360986	    -29.97275433	      4.13790367	     -0.21125528	    -13.04661383	      1.87490226	      3.77720559	     -0.36660002
      0.33635811	     36.49978138	     -4.75225266	   -632.56225474	    -29.82519337	      4.08017787	      0.19015102	    -12.95232511	      1.83488622	      3.76016794	     -0.37105630
      0.33754666	     36.01087513	     -3.38972080	   -629.98603245	    -29.63146979	      4.11848434	     -0.12251009	    -12.86651225	      1.83410139	      3.74043506	     -0.36978412
      0.33873520	     36.18288583	     -4.78267218	   -628.62925832	    -29.45378705	      4.14324051	      0.00747197	    -12.77106874	      1.81732691	      3.71879587	     -0.37255652
      0.33992375	     36.18470173	     -3.95147146	   -626.66369497	    -29.16790319	      4.19478137	     -0.04727069	    -12.64807729	      1.81846832	      3.69763354	     -0.37104637
      0.34111229	     36.34288716	     -5.78992359	   -625.71903205	    -29.08248568	      4.22242948	      0.11635011	    -12.57676009	      1.80577492	      3.67356696	     -0.37295784
      0.34230084	     36.15821070	     -5.22502751	   -623.99127930	    -28.92354315	      4.26609312	     -0.00396769	    -12.51453041	      1.80102438	      3.64564155	     -0.37145706
      0.34348938	     35.86368549	     -4.92964431	   -621.30449951	    -28.67595702	      4.19740307	     -0.14202364	    -12.40130966	      1.75932119	      3.62007753	     -0.36973125
      0.34467792	     36.43636611	     -6.85173118	   -621.86419986	    -28.63846156	      4.37794918	      0.16994660	    -12.36246977	      1.80171564	      3.58821530	     -0.37024618
      0.34586647	     35.78566754	     -4.63419230	   -618.20560913	    -28.29673483	      4.29855485	     -0.26187330	    -12.23009578	      1.75295190	      3.56147559	     -0.36556587
      0.34705501	     36.55149001	     -8.59062076	   -619.54075790	    -28.38891511	      4.33334275	      0.37485381	    -12.22918001	      1.74097420	      3.52567750	     -0.36872425
      0.34824356	     35.75854091	     -5.00332858	   -616.19602425	    -28.03145547	      4.41226729	     -0.33368448	    -12.10347010	      1.75284185	      3.49466567	     -0.36122154
      0.34943210	     36.46606655	     -8.20835668	   -617.32544672	    -28.04193885	      4.44505905	      0.19616063	    -12.07608097	      1.73188511	      3.45792562	     -0.36392948
      0.35062065	     35.80247132	     -6.76804874	   -614.02433789	    -27.89630217	      4.39050124	     -0.13696817	    -12.02522009	      1.70416839	      3.42222524	     -0.35710594
      0.35180919	     36.50450172	     -8.83088218	   -614.45708687	    -27.73794429	      4.48144446	      0.23652359	    -11.94056132	      1.70398977	      3.38491173	     -0.35776487
      0.35299774	     35.95736882	     -6.18803087	   -612.83061654	    -27.49606065	      4.57901424	     -0.31043750	    -11.85033053	      1.71630802	      3.34953780	     -0.35103687
      0.35418628	     36.03953422	    -10.80778101	   -612.00067805	    -27.77983132	      4.30066437	      0.31342321	    -11.93048251	      1.59928455	      3.30538784	     -0.35267400
      0.35537483	     36.34896522	     -6.04111149	   -612.29468462	    -27.17409976	      4.81348336	     -0.31812582	    -11.72862049	      1.73730740	      3.26525538	     -0.34494589
      0.35656337	     36.26466562	    -10.68711985	   -610.83514870	    -27.44437737	      4.44385578	      0.27031106	    -11.78581962	      1.59622592	      3.22592376	     -0.34485645
      0.35775191	     36.21716757	     -8.87460912	   -610.22954246	    -27.18595091	      4.65879169	     -0.07077496	    -11.70083582	      1.63864644	      3.18072945	     -0.33949116
      0.35894046	     36.04009277	     -8.39612487	   -608.73200222	    -27.05685592	      4.65716594	     -0.17656855	    -11.64829486	      1.61018688	      3.14061684	     -0.33410508
      0.36012900	     36.42462041	    -11.59595300	   -610.07895615	    -27.18519391	      4.60853632	      0.23138180	    -11.67606312	      1.56502589	      3.09090114	     -0.33394943
      0.36131755	     36.28097580	     -8.75577813	   -608.26676576	    -26.85670411	      4.78854218	     -0.14150159	    -11.57305897	      1.58931586	      3.04718492	     -0.32582165
      0.36250609	     36.33464768	    -10.92300368	   -608.05760664	    -26.88207169	      4.71615646	      0.02431052	    -11.55413034	      1.54316527	      3.00310783	     -0.32303613
      0.36369464	     36.14569451	    -11.06680721	   -608.28495399	    -26.96252813	      4.68292536	      0.00830457	    -11.59964690	      1.48361501	      2.94964609	     -0.31926125
      0.36488318	     36.76495143	    -10.98540816	   -607.52395235	    -26.61206154	      4.91487549	      0.08786125	    -11.46096162	      1.54446279	      2.90539832	     -0.31222500
      0.36607173	     36.06447916	    -11.44130365	   -607.39301367	    -26.81320998	      4.72443712	     -0.08628908	    -11.53499477	      1.42973957	      2.85430645	     -0.30873992
      0.36726027	     36.47566893	    -11.23684445	   -606.56289298	    -26.59897891	      4.94332725	     -0.04204421	    -11.46459262	      1.47769436	      2.80372965	     -0.30176301
      0.36844882	     36.50521167	    -12.30026034	   -607.78752206	    -26.60684793	      4.85272809	      0.03139039	    -11.45527884	      1.40054034	      2.75257152	     -0.29818612
      0.36963736	     36.60057517	    -12.31282091	   -606.31412304	    -26.50060145	      4.96068946	      0.03983942	    -11.42352021	      1.40325504	      2.70226711	     -0.29147473
      0.37082590	     36.43091261	    -13.23549936	   -607.09483573	    -26.60325186	      4.90861147	      0.02652746	    -11.45642412	      1.34677600	      2.64734554	     -0.28693860
      0.37201445	     36.46358759	    -12.11492544	   -606.45249625	    -26.41401318	      5.00347657	     -0.11576904	    -11.40863098	      1.32881580	      2.59398126	     -0.28006958
      0.37320299	     36.85798619	    -13.88651558	   -607.78014939	    -26.44624090	      5.07650119	      0.10800312	    -11.40482728	      1.31685976	      2.53925452	     -0.27633056
      0.37439154	     36.54085260	    -13.55532250	   -606.64218560	    -26.38392012	      5.00686290	     -0.04352404	    -11.39011312	      1.25017724	      2.48650538	     -0.26920897
      0.37558008	     36.54050622	    -14.08245488	   -607.19505598	    -26.47615126	      5.04975297	     -0.00693392	    -11.43937244	      1.21733576	      2.42679277	     -0.26455820
      0.37676863	     37.02268848	    -14.21801248	   -607.74229675	    -26.27427965	      5.22612539	      0.04315046	    -11.36226606	      1.23555273	      2.37269873	     -0.25793189
      0.37795717	     36.54922150	    -14.89387910	   -607.33425221	    -26.40666627	      5.04267617	     -0.02036024	    -11.41671010	      1.12496734	      2.31579355	     -0.25374806
      0.37914572	     36.98526796	    -14.20693709	   -608.25915546	    -26.25689943	      5.31225260	     -0.05834708	    -11.37743543	      1.16833941	      2.25727374	     -0.24638210
      0.38033426	     36.92669920	    -16.53844500	   -608.41720770	    -26.38756305	      5.11817860	      0.16459554	    -11.41298644	      1.06071391	      2.20038942	     -0.24315046
      0.38152281	     36.66406367	    -14.20374236	   -608.33576934	    -26.26074246	      5.28760437	     -0.25966553	    -11.40090511	      1.06106804	      2.14037001	     -0.23523854
      0.38271135	     37.27655434	    -16.67950068	   -610.04478875	    -26.30873145	      5.30435342	      0.15510412	    -11.40562550	      1.02263640	      2.08169760	     -0.23178899
      0.38389989	     36.90679828	    -16.85385151	   -609.39535320	    -26.36414538	      5.22697049	      0.01959935	    -11.43912832	      0.95078982	      2.02195825	     -0.22592578
      0.38508844	     37.16510467	    -15.84122743	   -610.62179276	    -26.26414010	      5.44851671	     -0.09898723	    -11.42118663	      0.96949284	      1.96161864	     -0.21881840
      0.38627698	     37.14013604	    -18.10801996	   -610.20003189	    -26.34733042	      5.22624603	      0.15695154	    -11.44695533	      0.85286838	      1.90304329	     -0.21501072
      0.38746553	     37.24674481	    -16.62038219	   -612.49987744	    -26.33550451	      5.51102882	     -0.12465554	    -11.46837093	      0.88630102	      1.83930872	     -0.20834783
      0.38865407	     37.43249440	    -18.19058188	   -611.72319492	    -26.30351625	      5.41080608	      0.11791396	    -11.45591875	      0.81520173	      1.78177748	     -0.20250174
      0.38984262	     37.10517552	    -17.18022583	   -613.20462149	    -26.35793011	      5.47802792	     -0.22886753	    -11.49594332	      0.77430784	      1.71929363	     -0.19647921
      0.39103116	     37.68311915	    -20.10777384	   -613.75682613	    -26.39587129	      5.35591153	      0.31858286	    -11.50631333	      0.69111231	      1.65868130	     -0.19245219
      0.39221971	     37.38915446	    -16.95410207	   -614.76238133	    -26.30908830	      5.69573490	     -0.31877503	    -11.50300375	      0.74489164	      1.59865984	     -0.18312873
      0.39340825	     37.48829776	    -21.01282042	   -615.11277165	    -26.54479164	      5.31518959	      0.23740050	    -11.58633008	      0.57463729	      1.53595976	     -0.18027698
      0.39459680	     37.80198501	    -18.22633958	   -617.64261728	    -26.35750338	      5.73188650	     -0.15776208	    -11.55264576	      0.64639893	      1.47325169	     -0.17236221
      0.39578534	     37.79366973	    -20.56139722	   -616.52859361	    -26.43601533	      5.53248866	      0.11186289	    -11.56921750	      0.54768460	      1.41789337	     -0.16522166
      0.39697389	     37.90590384	    -20.04078558	   -619.42663530	    -26.44344829	      5.63670552	     -0.04781655	    -11.59068077	      0.51012974	      1.35619470	     -0.16033588
      0.39816243	     37.42262142	    -20.79925610	   -618.05074824	    -26.64084895	      5.50454358	     -0.09027454	    -11.68323187	      0.42730725	      1.29528132	     -0.15173583
      0.39935097	     38.70816473	    -21.25572291	   -622.55911092	    -26.41170419	      5.83720048	      0.18669951	    -11.60895677	      0.48113951	      1.23466645	     -0.14648653
      0.40053952	     37.46347596	    -20.89920266	   -620.31913860	    -26.67750068	      5.55060594	     -0.21643109	    -11.72214930	      0.32821955	      1.17902433	     -0.13732210
      0.40172806	     38.72835659	    -23.13325532	   -623.94273360	    -26.54546137	      5.71342060	      0.30404421	    -11.67552101	      0.33918762	      1.11896731	     -0.13259627
      0.40291661	     37.69630023	    -20.51718202	   -624.09940913	    -26.69171752	      5.74114928	     -0.42263902	    -11.76503150	      0.27689827	      1.06200905	     -0.12275935
      0.40410515	     39.08428583	    -24.26526059	   -625.66573210	    -26.60122151	      5.75727049	      0.46629478	    -11.71987115	      0.25483498	      1.00718387	     -0.11603018
      0.40529370	     37.93385135	    -22.11875266	   -627.34576657	    -26.82013176	      5.71846445	     -0.33296286	    -11.83376786	      0.15956618	      0.94931413	     -0.10856138
      0.40648224	     38.84568626	    -23.98653087	   -627.82734649	    -26.66713069	      5.75818898	      0.17530422	    -11.78072785	      0.14592941	      0.89674441	     -0.09897107
      0.40767079	     38.58605832	    -22.97836214	   -629.99410643	    -26.79536891	      5.88349599	     -0.16496987	    -11.84709621	      0.11408797	      0.84412366	     -0.09084497
      0.40885933	     38.86171055	    -25.73851292	   -631.38367435	    -26.90851000	      5.66896502	      0.21940280	    -11.89480286	      0.00224194	      0.78886024	     -0.08377333
      0.41004788	     38.81492298	    -22.78756853	   -631.81515328	    -26.73729393	      5.97800782	     -0.25285832	    -11.86221306	      0.04464566	      0.74192373	     -0.07064193
      0.41123642	     39.15581771	    -26.73217671	   -635.14164620	    -27.03937597	      5.76473767	      0.22440414	    -11.96467461	     -0.07767893	      0.68858796	     -0.06614886
      0.41242496	     38.89400189	    -24.50112574	   -635.35095867	    -26.88341759	      5.83005756	     -0.18998173	    -11.94424563	     -0.11064501	      0.64081793	     -0.05343370
      0.41361351	     39.34456677	    -26.61925427	   -637.55908684	    -27.09545921	      5.91986098	      0.11054958	    -12.02435748	     -0.13346739	      0.59247051	     -0.04455972
      0.41480205	     39.45002783	    -26.41796075	   -638.69297592	    -26.98497924	      5.88018825	      0.05423890	    -12.00220559	     -0.19103692	      0.54722119	     -0.03293672
      0.41599060	     39.28197669	    -26.13131995	   -641.22579692	    -27.07147348	      5.89085358	     -0.17887410	    -12.04598169	     -0.26503877	      0.50283972	     -0.02407827
      0.41717914	     39.83947816	    -27.93709326	   -642.25852291	    -27.10072619	      5.92784351	      0.16598938	    -12.06457846	     -0.27982405	      0.45978409	     -0.01154439
      0.41836769	     39.39119750	    -27.42037258	   -643.62909571	    -27.23837448	      5.87735821	     -0.12464189	    -12.13804407	     -0.36731155	      0.41616974	     -0.00013874
      0.41955623	     40.03207097	    -28.69333963	   -646.55772880	    -27.20847765	      5.92527247	      0.12572525	    -12.14069300	     -0.39701648	      0.37272633	      0.01080602
      0.42074478	     39.70033281	    -27.97701944	   -646.85270012	    -27.24680238	      5.92776300	     -0.14351159	    -12.17017909	     -0.45695298	      0.33555676	      0.02487312
      0.42193332	     40.47997666	    -29.83391271	   -650.92517554	    -27.27018295	      5.99992730	      0.17554993	    -12.18395738	     -0.47824728	      0.29409642	      0.03551231
      0.42312187	     39.85558908	    -29.44204024	   -650.42012853	    -27.43387714	      5.89442658	     -0.08259355	    -12.26869720	     -0.57692647	      0.25648158	      0.05057156
      0.42431041	     40.32597367	    -29.93229588	   -653.37497854	    -27.33143682	      5.94823028	     -0.03245771	    -12.24442289	     -0.60744438	      0.21831252	      0.06374025
      0.42549895	     40.51704883	    -30.17959404	   -655.75364474	    -27.41880413	      6.01976128	     -0.01548391	    -12.29102932	     -0.63715187	      0.18174292	      0.07820249
      0.42668750	     40.54212166	    -31.58583251	   -656.81546911	    -27.48230600	      5.90905719	      0.05624790	    -12.32009642	     -0.73569548	      0.14667595	      0.09218344
      0.42787604	     40.60058541	    -31.12421170	   -659.06272658	    -27.49100615	      5.95122617	     -0.05877700	    -12.34820006	     -0.76819595	      0.11072715	      0.10835508
      0.42906459	     40.81194798	    -32.96485269	   -662.00392381	    -27.68146152	      5.93567373	      0.08107023	    -12.42866273	     -0.84532549	      0.07163225	      0.12133631
      0.43025313	     40.99798178	    -31.38371884	   -662.39229238	    -27.40236150	      5.99681950	     -0.08160558	    -12.35011830	     -0.86628347	      0.04225033	      0.14141320
      0.43144168	     41.15620545	    -34.23093711	   -666.38865372	    -27.76417136	      5.93932306	      0.13602979	    -12.47963217	     -0.95981622	      0.00480491	      0.15376742
      0.43263022	     41.06128962	    -32.06488286	   -666.48373739	    -27.48399927	      5.98976572	     -0.22485499	    -12.40956309	     -0.98950046	     -0.02673257	      0.17464148
      0.43381877	     41.60886348	    -35.34307908	   -670.40710491	    -27.74081184	      5.89844628	      0.25023178	    -12.49747339	     -1.09671948	     -0.06152349	      0.18771762
      0.43500731	     41.14552858	    -33.69528352	   -671.51616721	    -27.70770217	      5.93471373	     -0.24567811	    -12.52040954	     -1.13334546	     -0.09811146	      0.20806821
      0.43619586	     41.93945117	    -36.11047934	   -673.72559671	    -27.73243800	      5.91671900	      0.27029098	    -12.53311631	     -1.21032375	     -0.13093362	      0.22469869
      0.43738440	     41.33493306	    -34.04290292	   -675.64998565	    -27.68671234	      5.92485404	     -0.36619640	    -12.54183307	     -1.27412117	     -0.16513098	      0.24446651
      0.43857294	     42.44189948	    -37.72272151	   -679.04698124	    -27.76241510	      5.87614289	      0.39924255	    -12.56569986	     -1.34350142	     -0.20058718	      0.26029808
      0.43976149	     41.64081712	    -35.94072462	   -680.61558080	    -27.85031544	      5.88197295	     -0.26504568	    -12.63292433	     -1.42918885	     -0.23850423	      0.28000738
      0.44095003	     42.43714098	    -37.21652926	   -681.93843363	    -27.63495067	      5.85204747	      0.12455117	    -12.55714200	     -1.48385854	     -0.27044321	      0.30017989
      0.44213858	     42.31961118	    -37.32261446	   -686.44105065	    -27.82454554	      5.92550065	     -0.13912087	    -12.64118021	     -1.55360813	     -0.30927939	      0.31622878
      0.44332712	     42.47397818	    -39.75064804	   -686.28796009	    -27.88096141	      5.63622573	      0.26706840	    -12.67755064	     -1.69408897	     -0.34858533	      0.33691365
      0.44451567	     42.70935589	    -36.45531451	   -690.53198060	    -27.59195900	      6.03862161	     -0.36668266	    -12.59761605	     -1.66032370	     -0.38457290	      0.35633051
      0.44570421	     42.64803354	    -42.00643771	   -690.69328688	    -27.97916477	      5.43314915	      0.38532103	    -12.72845179	     -1.90311271	     -0.42435030	      0.37364234
      0.44689276	     43.20689370	    -37.80624071	   -695.96894252	    -27.64616069	      6.07590812	     -0.28776561	    -12.65596807	     -1.79214606	     -0.46854749	      0.39401930
      0.44808130	     42.93822538	    -41.30807906	   -695.22835177	    -27.76869167	      5.47241020	      0.14068991	    -12.68811711	     -2.04486278	     -0.50463824	      0.41274919
      0.44926985	     43.47829379	    -40.53782282	   -700.16713974	    -27.68999368	      5.79708531	     -0.05897139	    -12.68024869	     -2.01883029	     -0.54995382	      0.43025677
      0.45045839	     43.34349735	    -41.36266597	   -701.23008638	    -27.71528469	      5.62215756	     -0.06203337	    -12.70534958	     -2.14833669	     -0.59301462	      0.45050996
      0.45164694	     43.81097465	    -42.43204989	   -703.43137048	    -27.63785949	      5.59350923	      0.13271047	    -12.68447975	     -2.23821854	     -0.63706830	      0.46840002
      0.45283548	     43.79596814	    -41.84544462	   -707.45448280	    -27.61862650	      5.63039524	     -0.15184739	    -12.69863049	     -2.31897947	     -0.68514750	      0.48570397
      0.45402402	     43.88897647	    -44.56119649	   -706.77777278	    -27.68060916	      5.33083207	      0.24863677	    -12.72608824	     -2.48113932	     -0.73104331	      0.50546004
      0.45521257	     44.31459775	    -42.04373538	   -713.06818419	    -27.45282861	      5.70354017	     -0.26610642	    -12.67082835	     -2.46738795	     -0.78257304	      0.52117550
      0.45640111	     44.23142324	    -45.67821322	   -712.40856613	    -27.63356530	      5.25947715	      0.21477249	    -12.73467747	     -2.67234219	     -0.83077288	      0.53981524
      0.45758966	     44.44660358	    -43.60583914	   -715.81322620	    -27.40867524	      5.47258935	     -0.16780478	    -12.68472540	     -2.71142304	     -0.88387569	      0.55720932
      0.45877820	     44.83390873	    -45.63703798	   -718.81627736	    -27.41482879	      5.35462047	      0.06817240	    -12.68260677	     -2.81138177	     -0.93566429	      0.57317670
      0.45996675	     44.88698405	    -45.83088263	   -720.96145643	    -27.33099133	      5.24741805	      0.00545197	    -12.67010710	     -2.95905211	     -0.98934838	      0.58879641
      0.46115529	     44.95826512	    -46.40616947	   -722.47165962	    -27.30256670	      5.22859430	     -0.03002688	    -12.66613724	     -3.02178003	     -1.04387672	      0.60726842
      0.46234384	     45.44666327	    -47.32019434	   -726.39937988	    -27.27371455	      5.22844953	      0.10853800	    -12.67407150	     -3.13088434	     -1.10329063	      0.62055519
      0.46353238	     45.20150361	    -46.98017562	   -727.39180786	    -27.11438517	      5.07019633	     -0.13510471	    -12.62507765	     -3.25667823	     -1.15907316	      0.63821165
      0.46472093	     45.81183155	    -47.85657877	   -731.34201816	    -27.08997693	      5.17327689	      0.01649773	    -12.62980764	     -3.31974290	     -1.21959044	      0.65188280
      0.46590947	     45.75066087	    -48.81961193	   -732.85449073	    -27.03710693	      4.95975600	      0.01992437	    -12.61688912	     -3.47560586	     -1.28022296	      0.66695484
      0.46709801	     45.91038405	    -49.40923759	   -734.34362572	    -26.91576234	      4.86996471	      0.04201566	    -12.57776849	     -3.57599961	     -1.33930456	      0.68318384
      0.46828656	     46.19420383	    -48.91659619	   -738.73699054	    -26.89975086	      5.03737234	     -0.13039186	    -12.59713693	     -3.63738329	     -1.40669322	      0.69582528
      0.46947510	     46.65678308	    -51.37868508	   -740.07037744	    -26.69626904	      4.70826982	      0.27017427	    -12.51066489	     -3.80179940	     -1.46722207	      0.71033146
      0.47066365	     46.01046068	    -49.53102389	   -741.62588340	    -26.76639053	      4.80303870	     -0.33933129	    -12.56249593	     -3.89103325	     -1.53324975	      0.72573095
      0.47185219	     47.27525631	    -52.29134092	   -745.70184910	    -26.54208645	      4.74286897	      0.29934851	    -12.47633121	     -3.96224794	     -1.60131269	      0.73793573
      0.47304074	     46.44319942	    -51.59231625	   -747.58573474	    -26.63632342	      4.55155334	     -0.21738723	    -12.52795586	     -4.15348957	     -1.67070859	      0.75017599
      0.47422928	     47.40832477	    -52.66040909	   -749.48488641	    -26.34329468	      4.61518719	      0.15481798	    -12.42549716	     -4.18092939	     -1.73869569	      0.76587766
      0.47541783	     47.15653805	    -52.12621170	   -751.48996586	    -26.32443863	      4.58953184	     -0.13976245	    -12.42236613	     -4.31012454	     -1.80657900	      0.77869406
      0.47660637	     47.55955632	    -54.79637459	   -755.21390121	    -26.24906116	      4.29296778	      0.16076588	    -12.39067086	     -4.46677644	     -1.88120742	      0.78812398
      0.47779492	     47.29007645	    -52.82987541	   -756.41183003	    -26.22083712	      4.46140803	     -0.25994454	    -12.40886505	     -4.52617070	     -1.95596374	      0.80358189
      0.47898346	     48.06170064	    -55.91244585	   -758.87761829	    -26.07873929	      4.26060356	      0.26369769	    -12.34493111	     -4.65555561	     -2.03104371	      0.81423469
      0.48017200	     47.92740843	    -55.15000755	   -761.32216211	    -25.95311654	      4.22072436	     -0.02819254	    -12.30695492	     -4.75534554	     -2.10650612	      0.82628082
      0.48136055	     48.07473469	    -54.37145398	   -764.35458215	    -25.78864596	      4.27292970	     -0.23954202	    -12.25211869	     -4.84935384	     -2.18415494	      0.83742397
      0.48254909	     48.26072112	    -58.85796517	   -765.32020035	    -26.00934462	      3.89825100	      0.35409239	    -12.32371302	     -5.01803295	     -2.26835349	      0.84762402
      0.48373764	     48.41069711	    -54.50789680	   -768.41184682	    -25.54152336	      4.25734601	     -0.35587476	    -12.18445600	     -5.02409433	     -2.35030062	      0.86066575
      0.48492618	     48.57243891	    -60.13258964	   -770.80308305	    -25.80755023	      3.67955618	      0.35116621	    -12.24860164	     -5.26290322	     -2.43690596	      0.86652354
      0.48611473	     48.61211353	    -55.70039761	   -772.34732783	    -25.43488919	      4.15412597	     -0.37919532	    -12.15253255	     -5.22104662	     -2.52537318	      0.88174221
      0.48730327	     49.11004875	    -60.44003622	   -774.72916995	    -25.48742402	      3.67035994	      0.34648454	    -12.13672314	     -5.43061439	     -2.61433248	      0.88744644
      0.48849182	     48.84131920	    -58.38154920	   -777.78072890	    -25.36895666	      3.81402546	     -0.22984252	    -12.11145237	     -5.49714317	     -2.71136294	      0.89693999
      0.48968036	     48.84770308	    -60.54583112	   -778.08698585	    -25.40390146	      3.54846332	      0.03667656	    -12.12257012	     -5.63333330	     -2.81033795	      0.90652637
      0.49086891	     49.78185875	    -60.94453870	   -782.69711471	    -25.23723134	      3.76002217	      0.22148862	    -12.06533693	     -5.66848767	     -2.91571421	      0.91294362
      0.49205745	     48.77547719	    -60.53104212	   -782.33219477	    -25.21109703	      3.42314177	     -0.25706407	    -12.05885836	     -5.84003263	     -3.02109635	      0.92239847
      0.49324600	     49.65586977	    -61.69373568	   -786.80570500	    -25.16648942	      3.56360908	      0.05754802	    -12.04971893	     -5.89210352	     -3.13843534	      0.92724552
      0.49443454	     49.49185400	    -62.15286505	   -787.09208040	    -25.04470285	      3.41539343	     -0.03578107	    -11.99746425	     -6.00499267	     -3.25402348	      0.93555348
      0.49562308	     49.65757424	    -63.93358682	   -789.99669049	    -25.06845970	      3.22898278	      0.13409247	    -12.00213399	     -6.13320873	     -3.38000103	      0.93930377
      0.49681163	     49.75075259	    -62.61569923	   -791.83363191	    -24.95774032	      3.42712810	     -0.11490502	    -11.97430389	     -6.16628397	     -3.51240885	      0.94672574
      0.49800017	     49.40336863	    -65.08921771	   -792.98400684	    -25.02781500	      2.94374440	      0.03604698	    -11.99667338	     -6.37897071	     -3.65296212	      0.94906373
      0.49918872	     50.23513571	    -64.51784923	   -797.15664793	    -24.91998053	      3.37816494	      0.03268580	    -11.96972671	     -6.32502064	     -3.80424974	      0.95418543
      0.50037726	     49.52363346	    -65.73165401	   -797.25799180	    -24.97583714	      2.89901652	     -0.04720180	    -11.99517713	     -6.53734036	     -3.96179950	      0.95651157
      0.50156581	     50.30708195	    -65.27353482	   -799.98168532	    -24.78263578	      3.21615596	      0.02095018	    -11.93095957	     -6.53058309	     -4.12780208	      0.96100576
      0.50275435	     49.61837956	    -68.04381747	   -801.02336521	    -24.98097411	      2.67372192	      0.06571587	    -11.99205213	     -6.74514251	     -4.30584141	      0.95976555
      0.50394290	     50.08436706	    -66.01575403	   -804.02798282	    -24.79940891	      3.03491113	     -0.14905567	    -11.95983498	     -6.73390670	     -4.49861822	      0.96308203
      0.50513144	     50.03248024	    -69.27153342	   -805.78959536	    -25.00113025	      2.72740444	      0.15874881	    -12.02630804	     -6.85831509	     -4.70318153	      0.96130660
      0.50631999	     49.93607813	    -67.29908197	   -806.88477385	    -24.76571576	      2.78842391	     -0.18783307	    -11.96900684	     -6.95007993	     -4.91820860	      0.96247180
      0.50750853	     50.16105972	    -69.97780073	   -809.81273155	    -25.00715611	      2.69617762	      0.12867941	    -12.05888776	     -7.01546775	     -5.15240954	      0.95951629
      0.50869707	     50.06045835	    -70.06945198	   -810.96100795	    -24.91098621	      2.56137508	      0.04873648	    -12.05191347	     -7.12161784	     -5.40173380	      0.95735268
      0.50988562	     49.86131713	    -69.66749061	   -812.20045413	    -24.92822413	      2.58564120	     -0.15471627	    -12.07300537	     -7.20526117	     -5.66411510	      0.95499598
      0.51107416	     50.18373569	    -72.31289810	   -815.37327070	    -25.08148364	      2.40371852	      0.22544055	    -12.15453197	     -7.28604119	     -5.95273442	      0.94816778
      0.51226271	     49.75291778	    -70.34969751	   -815.87301165	    -24.99633665	      2.50634179	     -0.27200077	    -12.16043862	     -7.35545440	     -6.25603963	      0.94580532
      0.51345125	     50.10801478	    -73.26700252	   -818.09925678	    -25.12761773	      2.28046467	      0.20562272	    -12.22923339	     -7.44591011	     -6.58175412	      0.93734517
      0.51463980	     49.79802536	    -72.64503842	   -820.92230943	    -25.26900773	      2.34971922	     -0.12038137	    -12.33596002	     -7.51525181	     -6.93773607	      0.92931508
      0.51582834	     49.86009448	    -73.38312424	   -820.46942115	    -25.17296311	      2.19276341	      0.03294173	    -12.33938004	     -7.59723533	     -7.30910968	      0.92308056
      0.51701689	     49.94262577	    -74.39897056	   -824.69047568	    -25.39625577	      2.20122229	      0.05104361	    -12.46816845	     -7.66948968	     -7.71652917	      0.91044275
      0.51820543	     49.64998971	    -74.87074172	   -824.74274817	    -25.47348984	      2.08749740	     -0.00542095	    -12.56300600	     -7.73458834	     -8.15181725	      0.90158234
      0.51939398	     49.58472903	    -74.50276735	   -826.33702072	    -25.51559013	      2.09339486	     -0.10120901	    -12.65098611	     -7.81557406	     -8.62044936	      0.88986964
      0.52058252	     49.79312986	    -76.50965017	   -829.89210528	    -25.69403534	      1.97959438	      0.11327543	    -12.77953481	     -7.87768487	     -9.12756139	      0.87432117
      0.52177106	     48.99834741	    -76.62158673	   -829.38748596	    -25.92457797	      1.77806027	     -0.11616488	    -12.96452349	     -7.98989938	     -9.67636026	      0.86146854
      0.52295961	     49.92624624	    -76.82655787	   -833.52974416	    -25.93665068	      2.08776828	      0.13753989	    -13.07471256	     -7.94972181	    -10.27086804	      0.84663536
      0.52414815	     48.95945008	    -77.85593734	   -833.34092533	    -26.14981140	      1.62927259	     -0.05199207	    -13.25014949	     -8.12601726	    -10.90931317	      0.82897296
      0.52533670	     49.34841744	    -77.72108415	   -836.77846203	    -26.31278579	      1.89286797	     -0.02815647	    -13.44668191	     -8.10418702	    -11.60760096	      0.81246594
      0.52652524	     49.07756786	    -78.56350271	   -837.89753726	    -26.41727547	      1.62364491	      0.00606590	    -13.61395691	     -8.20912351	    -12.35938060	      0.79350883
      0.52771379	     48.86103677	    -78.93103126	   -839.78451926	    -26.72548371	      1.66939375	     -0.07107808	    -13.88369702	     -8.26157189	    -13.17567509	      0.77437328
      0.52890233	     48.96882518	    -81.06220258	   -842.86710339	    -26.98635875	      1.46522373	      0.21047142	    -14.15128303	     -8.32345286	    -14.06230952	      0.75218903
      0.53009088	     48.72476518	    -78.22296302	   -843.78727253	    -26.91032933	      1.65202275	     -0.26324904	    -14.31562452	     -8.34906869	    -15.00667590	      0.73488297
      0.53127942	     48.98466291	    -81.34084848	   -846.63056411	    -27.19458032	      1.40469024	      0.19484131	    -14.58601688	     -8.41989959	    -16.02044067	      0.71049730
      0.53246797	     48.97975624	    -80.23944186	   -850.06569105	    -27.21119289	      1.46611808	     -0.07052145	    -14.80712662	     -8.45735345	    -17.10943893	      0.68803076
      0.53365651	     48.90983413	    -80.55675886	   -851.24642384	    -27.36576560	      1.40740028	     -0.04215660	    -15.07139955	     -8.50083915	    -18.26102059	      0.66632711
      0.53484505	     49.11433758	    -82.14757143	   -853.81027356	    -27.41050562	      1.15598427	      0.17719508	    -15.30866818	     -8.59204212	    -19.48750946	      0.64119524
      0.53603360	     49.24198496	    -79.07704875	   -857.36183265	    -27.26555575	      1.44480805	     -0.31785387	    -15.49882013	     -8.56775553	    -20.77692795	      0.61934379
      0.53722214	     49.94377766	    -82.62328189	   -860.45848414	    -27.31528770	      1.11722989	      0.32230905	    -15.73155648	     -8.63878447	    -22.13693118	      0.59217488
      0.53841069	     49.65605325	    -79.86143231	   -862.51393111	    -27.22332209	      1.22861910	     -0.23971742	    -15.96603511	     -8.68600356	    -23.56171650	      0.56980470
      0.53959923	     50.27182818	    -82.20792043	   -865.22504566	    -27.17117889	      0.93613003	      0.23898048	    -16.19752364	     -8.74941918	    -25.05452811	      0.54278747
      0.54078778	     51.12616361	    -78.32907358	   -869.98077957	    -26.69439643	      1.41989770	     -0.21141600	    -16.29563740	     -8.65801418	    -26.60436144	      0.52178959
      0.54197632	     50.72969116	    -82.17943363	   -870.98632352	    -26.86911565	      0.64774748	      0.13649230	    -16.61263317	     -8.88258306	    -28.21963674	      0.49055944
      0.54316487	     52.13814107	    -77.71759770	   -875.71878000	    -26.31136416	      1.35319890	     -0.12751187	    -16.72559641	     -8.71382005	    -29.89596236	      0.47239302
      0.54435341	     52.03341435	    -81.14102774	   -878.17146913	    -26.30219170	      0.66352231	      0.13335837	    -16.97883106	     -8.89716124	    -31.62596291	      0.44026856
      0.54554196	     53.05764003	    -77.29927590	   -882.00579095	    -25.85333293	      1.13567954	     -0.10314156	    -17.15743342	     -8.81279803	    -33.41590997	      0.42047959
      0.54673050	     53.44397387	    -79.10281368	   -885.13816432	    -25.60932167	      0.74568173	      0.05913737	    -17.34576121	     -8.89314300	    -35.25134514	      0.39149588
      0.54791905	     54.05449268	    -77.69873875	   -888.65773983	    -25.43649458	      0.89482895	     -0.00714147	    -17.63364273	     -8.88933294	    -37.14532017	      0.36819262
      0.54910759	     54.78849539	    -76.16056000	   -890.16337267	    -24.88340257	      0.88655702	     -0.04249323	    -17.76390642	     -8.89415171	    -39.07492714	      0.34574468
      0.55029613	     55.38373009	    -77.11869562	   -896.21219114	    -24.71586499	      0.65905133	      0.04279223	    -18.02629851	     -8.94043820	    -41.05333901	      0.31582507
      0.55148468	     55.83137391	    -75.72106634	   -896.62519925	    -24.53066798	      0.80005940	      0.01321297	    -18.34189667	     -8.93446451	    -43.07412785	      0.29578367
      0.55267322	     56.70813966	    -74.67279453	   -902.31211740	    -24.02126584	      0.72357130	     -0.06493909	    -18.51698977	     -8.91657428	    -45.12874040	      0.26945773
      0.55386177	     57.30925434	    -74.11061238	   -902.69132883	    -23.75330539	      0.74580394	      0.05362968	    -18.78313599	     -8.95279367	    -47.20950071	      0.24763048
      0.55505031	     57.80576743	    -73.63576272	   -907.55964997	    -23.48751056	      0.61469745	     -0.03313874	    -19.07093565	     -8.94177252	    -49.32868246	      0.22187164
      0.55623886	     58.54535207	    -72.95890094	   -909.85011902	    -23.26471423	      0.70594954	      0.06020862	    -19.39197652	     -8.93763019	    -51.47458873	      0.19961673
      0.55742740	     58.96042733	    -72.09769332	   -912.33646702	    -22.99150316	      0.61336997	      0.00790224	    -19.70364626	     -8.92783116	    -53.64418461	      0.17684709
      0.55861595	     59.55582004	    -69.83976408	   -915.29434695	    -22.56369174	      0.70930997	     -0.21557380	    -19.95269012	     -8.92483372	    -55.82997214	      0.15457574
      0.55980449	     60.13880092	    -71.97721412	   -917.40493710	    -22.63036044	      0.50154703	      0.24967002	    -20.39701056	     -8.92751499	    -58.04262734	      0.13080729
      0.56099304	     60.77130826	    -68.26293995	   -919.51137753	    -22.05101560	      0.73833838	     -0.13244691	    -20.62322362	     -8.87604223	    -60.26429992	      0.11182148
      0.56218158	     61.24031849	    -69.54260455	   -923.60678139	    -22.15760653	      0.61411782	      0.09587021	    -21.09221280	     -8.86571888	    -62.50948459	      0.08696929
      0.56337012	     61.38269991	    -67.87653409	   -923.38819763	    -21.79306249	      0.47781017	     -0.04883251	    -21.41450725	     -8.89001187	    -64.76127867	      0.06685800
      0.56455867	     62.18979443	    -66.73935611	   -926.10969669	    -21.68133952	      0.76515107	      0.00447110	    -21.82866177	     -8.80077716	    -67.02528145	      0.04810761
      0.56574721	     62.41713389	    -66.73089439	   -928.66846167	    -21.50161293	      0.50842548	      0.02284754	    -22.21851413	     -8.80655737	    -69.30098432	      0.02438016
      0.56693576	     62.78643965	    -64.92638262	   -929.14349337	    -21.38208964	      0.71982714	     -0.07819793	    -22.65331508	     -8.76596044	    -71.58320044	      0.00702574
      0.56812430	     63.34250506	    -64.95322060	   -932.20355469	    -21.20231597	      0.60199093	      0.05958642	    -23.05482316	     -8.71045202	    -73.87321794	     -0.01500371
      0.56931285	     63.57832811	    -63.36883481	   -932.70194449	    -21.11952236	      0.75729907	     -0.06407976	    -23.51113767	     -8.67649685	    -76.16904983	     -0.03268783
      0.57050139	     63.94245944	    -64.13725355	   -933.87385778	    -21.01952955	      0.51811567	      0.19786190	    -23.95286757	     -8.67274988	    -78.46883203	     -0.05453469
      0.57168994	     64.01195662	    -61.31700832	   -935.64744535	    -20.98106953	      0.82084014	     -0.20460106	    -24.45081146	     -8.57415579	    -80.77726556	     -0.07110742
      0.57287848	     64.41905702	    -61.80811799	   -935.44527385	    -20.84191476	      0.64778720	      0.09115092	    -24.89227209	     -8.55126096	    -83.08326648	     -0.09039083
      0.57406703	     64.80240563	    -59.85205114	   -938.22893518	    -20.75728358	      0.87734285	     -0.09257015	    -25.37266619	     -8.45868664	    -85.39647251	     -0.10875386
      0.57525557	     64.99826319	    -59.60721044	   -937.69505939	    -20.68725439	      0.81070541	      0.02983666	    -25.85021105	     -8.42204088	    -87.70782473	     -0.12658558
      0.57644411	     65.22255097	    -59.92628276	   -940.00767913	    -20.73825485	      0.73374875	      0.11977202	    -26.38168973	     -8.36283760	    -90.02682505	     -0.14746182
      0.57763266	     65.09301741	    -57.27156922	   -937.70378745	    -20.65240672	      0.95583462	     -0.15866150	    -26.88575685	     -8.29582456	    -92.34076774	     -0.16049353
      0.57882120	     65.78185762	    -57.71089065	   -941.42488692	    -20.56329282	      0.87418818	      0.12286975	    -27.37210045	     -8.20563825	    -94.65982907	     -0.18240131
      0.58000975	     65.67018196	    -55.99133964	   -940.17371630	    -20.58767945	      1.06308244	     -0.07988575	    -27.91115724	     -8.12994243	    -96.97615776	     -0.19675002
      0.58119829	     65.77849747	    -56.34560916	   -940.33259955	    -20.62753960	      0.91271216	      0.11789834	    -28.46676462	     -8.08190793	    -99.29510292	     -0.21595457
      0.58238684	     66.15644907	    -52.70356625	   -941.07705767	    -20.33247107	      1.31900340	     -0.23908151	    -28.90031373	     -7.92933951	   -101.60674795	     -0.22940352
      0.58357538	     66.10226428	    -56.43485087	   -941.62577321	    -20.68809897	      0.87663781	      0.30534287	    -29.54684021	     -7.93509965	   -103.92463179	     -0.25331094
      0.58476393	     66.33153774	    -50.31305059	   -940.88028435	    -20.29269038	      1.50491705	     -0.32951396	    -29.98625442	     -7.73844446	   -106.23576864	     -0.26128490
      0.58595247	     66.33858131	    -55.00933458	   -941.76999564	    -20.71990061	      1.01626163	      0.34450416	    -30.65850898	     -7.74285941	   -108.54975894	     -0.28770943
      0.58714102	     66.50165206	    -48.74901895	   -940.80772781	    -20.29528771	      1.60719298	     -0.31100124	    -31.09817936	     -7.54954898	   -110.85663413	     -0.29544075
      0.58832956	     66.78280854	    -51.50516606	   -941.97482888	    -20.48362864	      1.38851425	      0.15400194	    -31.68341531	     -7.48897052	   -113.15948133	     -0.31738673
      0.58951810	     66.49594622	    -49.79989727	   -940.09482694	    -20.49896290	      1.41858147	      0.02405305	    -32.26842548	     -7.41502140	   -115.46152538	     -0.33243017
      0.59070665	     66.90498796	    -48.89676200	   -941.51356556	    -20.46865674	      1.67935265	      0.01176128	    -32.81739493	     -7.24850245	   -117.76012306	     -0.34793868
      0.59189519	     66.57894929	    -47.22199599	   -939.59681842	    -20.41386945	      1.63852004	     -0.13168248	    -33.36424481	     -7.17166044	   -120.04775083	     -0.36390845
      0.59308374	     67.16586411	    -47.54071736	   -941.37287723	    -20.48729121	      1.84704548	      0.10774122	    -33.95505769	     -7.01688455	   -122.33787299	     -0.38097324
      0.59427228	     66.72516802	    -46.25050346	   -938.65956821	    -20.46338202	      1.76140281	     -0.01188298	    -34.52115180	     -6.94530838	   -124.61543335	     -0.39660803
      0.59546083	     67.12879868	    -45.27195351	   -940.85358189	    -20.51696139	      2.06743226	     -0.02406614	    -35.11607367	     -6.76301163	   -126.89445248	     -0.41303389
      0.59664937	     66.95538358	    -44.42321918	   -937.58737457	    -20.38416599	      1.99649310	      0.00009662	    -35.63205210	     -6.67860143	   -129.15338956	     -0.42795458
      0.59783792	     67.24752830	    -44.35789761	   -939.83107918	    -20.57399399	      2.17637537	      0.12557172	    -36.27955813	     -6.52587515	   -131.41789522	     -0.44658279
      0.59902646	     66.89494429	    -42.16990779	   -937.25924709	    -20.40559895	      2.24586471	     -0.17073802	    -36.79569502	     -6.39535457	   -133.66462943	     -0.46028083
      0.60021501	     67.08764869	    -41.57048431	   -937.52224162	    -20.51774781	      2.40104891	     -0.03796076	    -37.41824467	     -6.27150826	   -135.90556504	     -0.47739210
      0.60140355	     67.41028040	    -43.03580105	   -937.87232210	    -20.58338954	      2.39561260	      0.27019804	    -38.00264577	     -6.09686971	   -138.14075093	     -0.49493565
      0.60259210	     66.81610352	    -38.16953633	   -935.34436352	    -20.45757652	      2.69690805	     -0.34520445	    -38.56907106	     -5.98181455	   -140.35806839	     -0.50764473
      0.60378064	     67.44539075	    -41.08980802	   -936.51236046	    -20.54749145	      2.59620544	      0.25561468	    -39.14492056	     -5.84091949	   -142.56871321	     -0.52787366
      0.60496918	     67.02197776	    -38.10012141	   -934.56156797	    -20.51110146	      2.83072696	     -0.13128866	    -39.71985605	     -5.66559033	   -144.76281198	     -0.54096878
      0.60615773	     67.07895431	    -38.10955336	   -934.82273723	    -20.65942741	      2.90724237	     -0.00638847	    -40.36036945	     -5.54877226	   -146.95311304	     -0.55905073
      0.60734627	     67.20252567	    -38.47967912	   -933.96344088	    -20.65837194	      2.88332660	      0.20441147	    -40.93123471	     -5.39930594	   -149.12601239	     -0.57682490
      0.60853482	     67.08871222	    -34.21049428	   -933.18118537	    -20.50899096	      3.39198043	     -0.32883824	    -41.46627546	     -5.17382110	   -151.28128851	     -0.58705310
      0.60972336	     67.08983720	    -37.97781645	   -931.96910456	    -20.79193249	      2.99873945	      0.34084726	    -42.11577014	     -5.13034781	   -153.42425306	     -0.61058363
      0.61091191	     67.11669672	    -33.32371484	   -932.48417104	    -20.60000651	      3.55936182	     -0.23055931	    -42.64473942	     -4.87210246	   -155.55448889	     -0.62119880
      0.61210045	     66.84593275	    -35.13774476	   -931.46044811	    -20.79355596	      3.28643238	      0.05036457	    -43.26638845	     -4.79733946	   -157.66722432	     -0.64288689
      0.61328900	     67.14370487	    -32.70699815	   -929.62092009	    -20.75542962	      3.78946286	     -0.00465534	    -43.83849450	     -4.56871749	   -159.76218103	     -0.65248409
      0.61447754	     66.89678851	    -33.87599285	   -929.99052864	    -20.82257164	      3.51539907	      0.11290538	    -44.40553501	     -4.48163926	   -161.83815358	     -0.67544136
      0.61566609	     66.87247451	    -31.07215573	   -930.00808269	    -20.87053994	      3.94303617	     -0.16126014	    -45.00346891	     -4.25445227	   -163.90258621	     -0.68782666
      0.61685463	     66.67831772	    -31.70775002	   -926.83182835	    -20.97605014	      3.89363666	      0.04081936	    -45.59678436	     -4.15811693	   -165.94166839	     -0.70422451
      0.61804317	     66.93042120	    -30.41105914	   -929.41610472	    -20.88096779	      4.01704817	     -0.02792972	    -46.10840618	     -3.95391377	   -167.96233899	     -0.72302640
      0.61923172	     66.49824212	    -31.20475895	   -925.81549813	    -21.22970515	      4.07294832	      0.11448366	    -46.78691482	     -3.86091931	   -169.96696092	     -0.73834829
      0.62042026	     66.91656794	    -28.41046094	   -927.53898401	    -20.88899723	      4.30628123	     -0.06248815	    -47.20707202	     -3.62842710	   -171.94303534	     -0.75368154
      0.62160881	     66.14391658	    -28.77670366	   -924.03132847	    -21.29204091	      4.33035657	     -0.12265695	    -47.88371268	     -3.55365782	   -173.89851184	     -0.77003227
      0.62279735	     66.77529496	    -29.62699754	   -926.90498301	    -21.30468652	      4.32737997	      0.26868142	    -48.42790883	     -3.35491875	   -175.84286006	     -0.78986938
      0.62398590	     66.09541417	    -26.17801723	   -923.19693423	    -21.35090511	      4.67290871	     -0.25603241	    -48.98464425	     -3.21591503	   -177.75165542	     -0.80065222
      0.62517444	     66.40381294	    -28.61911627	   -924.87703912	    -21.47070610	      4.41423377	      0.23542245	    -49.52546599	     -3.11043639	   -179.64144656	     -0.82400564
      0.62636299	     65.91968463	    -25.12029384	   -922.00533233	    -21.57562790	      4.90198614	     -0.26096017	    -50.10131109	     -2.90115034	   -181.50511150	     -0.83239476
      0.62755153	     66.27667614	    -27.12465219	   -923.77905306	    -21.58371709	      4.58660935	      0.21762013	    -50.58200784	     -2.83630162	   -183.34224689	     -0.85710383
      0.62874008	     65.89121931	    -25.12278386	   -921.87367942	    -21.81924503	      4.99185744	     -0.09608020	    -51.17361556	     -2.62826403	   -185.15593877	     -0.86703140
      0.62992862	     65.51663477	    -25.16969527	   -921.73969393	    -21.96934687	      4.81712202	     -0.08959329	    -51.72977709	     -2.56917051	   -186.94793584	     -0.88845902
      0.63111716	     65.91234975	    -25.69474481	   -920.15392182	    -22.00861778	      4.93700315	      0.25828096	    -52.20497486	     -2.41345405	   -188.69862022	     -0.90241744
      0.63230571	     65.49800778	    -22.84496207	   -921.87686051	    -22.10260594	      5.16097076	     -0.25196416	    -52.71918970	     -2.25109852	   -190.43189597	     -0.91898695
      0.63349425	     65.16925015	    -25.34861440	   -919.54480842	    -22.49223210	      4.92062190	      0.13716628	    -53.31750195	     -2.20247155	   -192.13753518	     -0.93824048
      0.63468280	     65.42128296	    -22.99150138	   -919.80606314	    -22.44667954	      5.28429154	     -0.00961432	    -53.76267580	     -2.01402772	   -193.80987104	     -0.95073540
      0.63587134	     64.71854722	    -23.51496382	   -919.14476557	    -22.74954084	      5.03093990	     -0.06778708	    -54.30611902	     -1.97175837	   -195.45104948	     -0.97206746
      0.63705989	     65.11808388	    -22.68195663	   -919.33293282	    -22.86864457	      5.37384542	      0.03813817	    -54.78699108	     -1.78134428	   -197.06665901	     -0.98404486
      0.63824843	     64.47321660	    -23.11866418	   -917.97805502	    -23.03313950	      5.07234023	     -0.02222554	    -55.24555879	     -1.77179071	   -198.64093611	     -1.00585384
      0.63943698	     64.75929001	    -22.35290059	   -919.04610682	    -23.38696711	      5.49771306	      0.06255395	    -55.80196033	     -1.53800084	   -200.19697131	     -1.01640647
      0.64062552	     64.24981579	    -22.62234599	   -917.83134616	    -23.39692119	      5.12181760	      0.02054410	    -56.18411369	     -1.57141679	   -201.70952160	     -1.03987929
      0.64181407	     64.07636680	    -21.23074932	   -918.19775239	    -23.76737781	      5.48423704	     -0.15751764	    -56.70660197	     -1.36633634	   -203.19326179	     -1.05085320
      0.64300261	     63.92621206	    -22.60015135	   -917.25387745	    -24.07621936	      5.33314632	      0.10747624	    -57.19605720	     -1.32645108	   -204.64862075	     -1.07018251
      0.64419115	     63.66974350	    -21.50988544	   -917.94447811	    -24.11879242	      5.26718779	     -0.07649837	    -57.54889897	     -1.24685256	   -206.05649653	     -1.08876910
      0.64537970	     63.41928476	    -22.59993073	   -917.01632168	    -24.73331396	      5.41063151	      0.09998534	    -58.13141123	     -1.13227545	   -207.44481899	     -1.10299188
      0.64656824	     63.26388442	    -21.52322571	   -917.19536255	    -24.76879378	      5.36391739	     -0.01006465	    -58.47365487	     -1.04028249	   -208.78807107	     -1.12013146
      0.64775679	     62.91964843	    -20.92827990	   -917.33647223	    -25.11694827	      5.45538065	     -0.14761234	    -58.91403082	     -0.95967380	   -210.09551121	     -1.13647660
      0.64894533	     62.79372731	    -23.22018063	   -917.29091218	    -25.51336209	      5.21910049	      0.20434551	    -59.34165790	     -0.90482461	   -211.37057985	     -1.15634506
      0.65013388	     62.47956552	    -21.48723976	   -918.38557171	    -25.87344613	      5.45080284	     -0.07608685	    -59.78150111	     -0.77089694	   -212.61415358	     -1.17036605
      0.65132242	     62.00777444	    -22.05804989	   -915.73027713	    -26.18676958	      5.30365713	      0.00396191	    -60.16258628	     -0.75171516	   -213.80904658	     -1.18723686
      0.65251097	     62.02896584	    -21.65181315	   -919.11051978	    -26.49937021	      5.39361583	     -0.08313911	    -60.52660002	     -0.61324394	   -214.97303647	     -1.20505499
      0.65369951	     61.35466419	    -23.38856945	   -916.36334275	    -27.07407609	      5.18422039	      0.09391025	    -60.97329248	     -0.61000803	   -216.09733891	     -1.22245883
      0.65488806	     61.58149209	    -22.30729671	   -919.08982182	    -27.31755691	      5.40366021	      0.03183467	    -61.29674232	     -0.44966983	   -217.18655974	     -1.23723639
      0.65607660	     60.74559809	    -22.49904155	   -917.81357910	    -27.76648856	      5.21838694	     -0.13087228	    -61.65756072	     -0.43016820	   -218.23048583	     -1.25544887
      0.65726515	     60.59910841	    -24.32920030	   -918.61646840	    -28.41113014	      5.18322465	      0.14672500	    -62.09287906	     -0.34802492	   -219.24592898	     -1.27314522
      0.65845369	     60.35281986	    -22.23181454	   -918.77101307	    -28.57645858	      5.33738098	     -0.15736933	    -62.33948909	     -0.23159615	   -220.21295721	     -1.28602525
      0.65964223	     59.79823314	    -25.50444411	   -919.63183018	    -29.28934838	      4.93163615	      0.15269258	    -62.72759757	     -0.23960905	   -221.14085273	     -1.31019221
      0.66083078	     59.51059973	    -23.97705752	   -919.76000090	    -29.73049298	      5.24361888	     -0.10342885	    -63.05926332	     -0.07364021	   -222.03677939	     -1.32003806
      0.66201932	     59.07845042	    -25.25255355	   -920.03649631	    -30.21473428	      4.95616225	      0.05585927	    -63.35213921	     -0.06242337	   -222.88406593	     -1.34147672
      0.66320787	     58.94330643	    -24.71721332	   -921.14121071	    -30.66189153	      5.20968358	     -0.09570320	    -63.61644040	      0.11537998	   -223.69102264	     -1.35272508
      0.66439641	     58.13657623	    -27.93267750	   -921.26743167	    -31.42681277	      4.68858673	      0.18827384	    -63.97688676	      0.07030451	   -224.46275808	     -1.37805540
      0.66558496	     57.82121339	    -25.49833487	   -922.17112206	    -31.88932124	      5.12150739	     -0.22315137	    -64.25066471	      0.29666458	   -225.19539962	     -1.38621442
      0.66677350	     57.77377492	    -28.63401014	   -923.52200481	    -32.35157844	      4.68016530	      0.26978374	    -64.44044304	      0.30533856	   -225.87722697	     -1.41000491
      0.66796205	     56.61594465	    -26.95121885	   -923.01035552	    -33.11493765	      4.95089441	     -0.34555059	    -64.77263075	      0.48507289	   -226.52404655	     -1.42033991
      0.66915059	     56.83684803	    -30.15974173	   -925.43733966	    -33.58223606	      4.57019398	      0.25050123	    -64.94848091	      0.54951347	   -227.12911876	     -1.44350719
      0.67033914	     55.97175388	    -29.55737508	   -924.56044617	    -34.30626371	      4.76589971	     -0.08376448	    -65.21622963	      0.72481919	   -227.68834298	     -1.45431471
      0.67152768	     55.67894744	    -30.50836020	   -927.28177090	    -34.79387178	      4.56785584	     -0.03590702	    -65.37561373	      0.86590348	   -228.20829616	     -1.47462634
      0.67271622	     55.06932466	    -33.09761045	   -926.78087583	    -35.59780158	      4.38510871	      0.19009199	    -65.61475467	      0.97656365	   -228.68289592	     -1.49189384
      0.67390477	     54.55664149	    -30.61305208	   -928.20654500	    -36.02910798	      4.66295653	     -0.28626092	    -65.74492825	      1.26330181	   -229.11310734	     -1.50277189
      0.67509331	     53.87610229	    -36.58778921	   -929.94071040	    -37.05261906	      4.02456792	      0.31310307	    -66.01278648	      1.31859425	   -229.50827551	     -1.52950635
      0.67628186	     53.46534209	    -32.10510208	   -930.46214788	    -37.35896230	      4.58691689	     -0.35316276	    -66.08462266	      1.70934109	   -229.85437907	     -1.53403992
      0.67747040	     52.96601567	    -37.95642510	   -931.80361400	    -38.18686993	      3.92737296	      0.28227211	    -66.22188955	      1.79155329	   -230.14850943	     -1.56082872
      0.67865895	     52.19138125	    -36.21207433	   -931.97538788	    -38.87257893	      4.26184403	     -0.14523088	    -66.38992464	      2.16718206	   -230.40906056	     -1.56898954
      0.67984749	     51.58346414	    -39.13775868	   -933.68824742	    -39.58671622	      3.87433957	      0.09183812	    -66.49831985	      2.36536075	   -230.62036036	     -1.59067797
      0.68103604	     51.14336371	    -38.70623135	   -934.39258953	    -40.10773024	      4.03636026	     -0.08339221	    -66.54418351	      2.74953139	   -230.78335482	     -1.60192744
      0.68222458	     50.20995258	    -41.62141082	   -934.50709085	    -40.95636677	      3.70013057	      0.07692730	    -66.67052568	      2.98181258	   -230.90087745	     -1.62162968
      0.68341313	     49.61411745	    -41.63630553	   -935.89263589	    -41.55190683	      3.73354576	     -0.07169902	    -66.72850777	      3.36971524	   -230.97609900	     -1.63552385
      0.68460167	     49.09107214	    -43.16288826	   -937.19435464	    -42.25773716	      3.69550510	     -0.00420741	    -66.78944801	      3.75918850	   -231.00899597	     -1.64928285
      0.68579021	     48.01919023	    -45.42270148	   -935.38506543	    -42.91803191	      3.32032775	      0.07172842	    -66.81384865	      4.01435468	   -230.98228766	     -1.66900299
      0.68697876	     47.72899077	    -45.39331133	   -938.09335118	    -43.54465850	      3.56971537	     -0.04413006	    -66.82960409	      4.55053484	   -230.91825734	     -1.67767117
      0.68816730	     46.46350098	    -48.35626789	   -936.71057543	    -44.31736716	      3.06379342	      0.08183956	    -66.87154502	      4.80065685	   -230.80609837	     -1.69939653
      0.68935585	     46.02237773	    -47.83616994	   -938.14094827	    -44.86963131	      3.29301785	     -0.09734681	    -66.84913365	      5.33807496	   -230.64892511	     -1.70778986
      0.69054439	     44.90518345	    -50.33066389	   -936.67254926	    -45.54294249	      2.91838791	     -0.01864282	    -66.82390339	      5.67034435	   -230.43655275	     -1.72597131
      0.69173294	     44.46307970	    -52.02952801	   -937.30995052	    -46.24623292	      2.98630183	      0.12266620	    -66.81975004	      6.18746427	   -230.18503862	     -1.73602871
      0.69292148	     42.99353336	    -52.24795697	   -935.86466235	    -46.78377159	      2.63949882	     -0.17179791	    -66.75079854	      6.53143388	   -229.87837810	     -1.75394491
      0.69411003	     42.79946038	    -54.39841143	   -936.28901082	    -47.43254405	      2.79644794	      0.07740285	    -66.69441821	      7.11554194	   -229.52748015	     -1.76102489
      0.69529857	     41.27999929	    -57.09289351	   -934.84551007	    -48.22816741	      2.24314520	      0.15219615	    -66.69719133	      7.42210672	   -229.13497134	     -1.78209413
      0.69648712	     40.44608504	    -55.34797119	   -934.11608100	    -48.63204830	      2.53828587	     -0.31315207	    -66.57230974	      8.03527961	   -228.68875750	     -1.78601297
      0.69767566	     39.84397235	    -59.68431942	   -932.96839721	    -49.24325700	      2.08675395	      0.24809980	    -66.44825650	      8.41839266	   -228.18868593	     -1.80312545
      0.69886421	     38.44958111	    -59.46112915	   -930.83402072	    -49.88164539	      2.11928248	     -0.13329795	    -66.38170065	      8.94821345	   -227.64505092	     -1.81105113
      0.70005275	     37.44595937	    -62.30331301	   -929.87616108	    -50.58585180	      1.79728523	      0.09730987	    -66.31848904	      9.38887742	   -227.05975576	     -1.82521794
      0.70124129	     36.40322372	    -62.45743174	   -928.24917954	    -51.03392687	      1.72349945	     -0.06916255	    -66.15598578	      9.88471194	   -226.41737442	     -1.83395400
      0.70242984	     35.38103241	    -64.64323788	   -925.24979988	    -51.69619665	      1.64092145	      0.05237347	    -66.05893992	     10.41761244	   -225.72705279	     -1.84097069
      0.70361838	     34.01490194	    -65.52885072	   -924.32833289	    -52.20468935	      1.29133703	     -0.09177943	    -65.89231557	     10.82947007	   -224.98520195	     -1.85502201
      0.70480693	     33.11699849	    -67.97714498	   -920.57367654	    -52.88515964	      1.30965604	      0.12512499	    -65.79815841	     11.39922814	   -224.19817473	     -1.85780156
      0.70599547	     31.65493724	    -68.61269334	   -919.29280070	    -53.31642094	      0.95762673	     -0.10612298	    -65.57911622	     11.82019383	   -223.35359603	     -1.86993025
      0.70718402	     30.63253311	    -70.44948291	   -914.72767784	    -54.01720077	      1.01148169	      0.08912343	    -65.48524238	     12.38368214	   -222.46185599	     -1.87097230
      0.70837256	     29.16359665	    -71.86098348	   -913.30814436	    -54.49072750	      0.62466840	     -0.05407183	    -65.26865380	     12.79870281	   -221.51684111	     -1.88158447
      0.70956111	     27.91550943	    -72.67519520	   -909.56589775	    -55.11421861	      0.67275710	     -0.10785519	    -65.13253411	     13.38539766	   -220.52344501	     -1.88164388
      0.71074965	     26.55383213	    -76.80261987	   -906.25312788	    -55.83963743	      0.19257399	      0.25776995	    -64.98394544	     13.73828502	   -219.48161121	     -1.89065587
      0.71193820	     25.08893545	    -75.45244741	   -901.89812838	    -56.12883239	      0.23862520	     -0.17215238	    -64.73976237	     14.35119213	   -218.37709841	     -1.88849631
      0.71312674	     22.94472474	    -74.81621158	   -894.71260424	    -57.60826739	      0.86986765	     -0.48091056	    -64.71427256	     14.59915941	   -217.20145523	     -1.87330207
