DataType=double
version=3
OpenSimVersion=4.5.2-2025-04-14-fb5fac1
endheader
time	ground_force_r_vx	ground_force_r_vy	ground_force_r_vz	ground_force_r_px	ground_force_r_py	ground_force_r_pz	ground_force_l_vx	ground_force_l_vy	ground_force_l_vz	ground_force_l_px	ground_force_l_py	ground_force_l_pz	ground_torque_r_x	ground_torque_r_y	ground_torque_r_z	ground_torque_l_x	ground_torque_l_y	ground_torque_l_z
0	-23.56484019430104	11.97974241352217	-0	0.1429612845348156	0	0.08956897507908834	208.3586611886717	675.408339926858	-0	-0.3567245913464631	0	-0.09478689634274365	0	-4.440892098500626e-16	0	0	0	0
0.002237799074552607	-25.77395429961496	13.21030705133366	-0	0.1474738304617283	0	0.08956897507908836	208.8517363847593	665.8394430193265	-0	-0.3568156785336373	0	-0.09478689634274365	0	0	0	0	0	0
0.004475598149105213	-28.1805616961909	14.57225615275292	-0	0.1519124393178753	0	0.08956897507908836	209.2941070940028	655.6445845651332	-0	-0.3569053918852035	0	-0.09478689634274365	0	0	0	0	0	0
0.00671339722365782	-30.81049408511853	16.08630836980059	-0	0.1562713971399853	0	0.08956897507908836	209.6825943619714	645.002812879165	-0	-0.3569948541042507	0	-0.09478689634274365	0	0	0	0	0	0
0.008951196298210427	-33.70311220997037	17.78256056660867	-0	0.1605441366960314	0	0.08956897507908836	209.9224556728628	633.9461946475469	-0	-0.3570860908145381	0	-0.09478689634274365	0	0	0	0	0	0
0.01118899537276303	-36.9175105196383	19.70422775416155	-0	0.1647236974488787	0	0.08956897507908836	210.0093106494769	622.5089392025031	-0	-0.357179338812334	0	-0.09478689634274365	0	0	0	0	0	0
0.01342679444731564	-40.54865625535592	21.91725594394092	-0	0.1688022145726115	0	0.08956897507908836	209.8745803322656	610.6694981473855	-0	-0.3572757710293513	0	-0.09478689634274365	0	0	0	0	0	0
0.01566459352186825	-44.75293339617641	24.52651880957085	-0	0.1727714975542708	0	0.08956897507908836	209.5244038109364	598.4446559930996	-0	-0.3573752869230192	0	-0.09478689634274365	0	0	0	0	0	0
0.01790239259642085	-49.80093792993959	27.70940552870369	-0	0.1766221242004672	0	0.08956897507908836	208.9077123315428	585.853702153212	-0	-0.3574790180616513	0	-0.09478689634274365	0	0	0	0	0	0
0.02014019167097346	-56.15649135900898	31.76889501983372	-0	0.180344077293531	0	0.08956897507908836	208.0051064313389	572.9060263065004	-0	-0.357587374565295	0	-0.09478689634274365	0	0	0	0	0	0
0.02237799074552606	-64.60334139642879	37.22785534228408	-0	0.1839242394595512	0	0.08956897507908836	206.7711181622151	559.5721440787938	-0	-0.3577010321456802	0	-0.09478689634274365	0	0	0	0	0	0
0.02461578982007867	-76.38227635601913	44.94771089961145	-0	0.1873478467654657	0	0.08956897507908836	205.188601307372	545.8275102309132	-0	-0.3578200900759332	0	-0.09478689634274365	0	0	0	0	0	0
0.02685358889463128	-93.34667047026863	56.32587120027467	-0	0.1905918775344925	0	0.08956897507908836	203.1893666321543	531.5904194947512	-0	-0.3579453103275589	0	-0.09478689634274365	0	0	0	0	0	0
0.02909138796918389	-117.9927688308973	73.47885177705385	-0	0.1936298838722421	0	0.08956897507908836	200.7174149545079	516.7403192139757	-0	-0.3580768229108972	0	-0.09478689634274365	0	0	0	0	0	0
0.03132918704373649	-153.3652223132739	99.58895307241438	-0	0.1964207391547087	0	0.08956897507908836	197.7150044839497	501.1055657392188	-0	-0.3582142884104196	0	-0.09478689634274365	0	0	0	0	0	0
0.0335669861182891	-202.4140855613182	139.2577015667323	-0	0.1989211467451357	0	0.08956897507908836	194.135900644447	484.4938787016312	-0	-0.3583567913817282	0	-0.09478689634274365	0	0	0	0	0	0
0.03580478519284171	-266.4844734262531	199.0603744573236	-0	0.201074462946512	0	0.08956897507908836	189.9151455519192	466.641777646127	-0	-0.3585030463230855	0	-0.09478689634274365	0	0	0	0	0	0
0.03804258426739431	-342.5285036994168	287.9820107837413	-0	0.2028295055801282	0	0.08956897507908836	185.0237397644237	447.3498455952156	-0	-0.3586512419220638	0	-0.09478689634274365	0	0	0	0	0	0
0.04028038334194692	-419.7218869719238	415.9917363879506	-0	0.2041363188705608	0	0.08956897507908834	179.4411020118018	426.5231976336368	-0	-0.3588001900036174	0	-0.09478689634274365	0	-7.105427357601002e-15	0	0	0	0
0.04251818241649952	-317.378483121591	579.358732244927	-0	0.2059927483584091	0	0.08956897507908836	173.0458752519075	404.7048811839463	-0	-0.3589589205421124	0	-0.09478689634274366	0	0	0	0	3.552713678800501e-15	0
0.04475598149105213	-160.0536360722472	747.5552291537144	-0	0.207548823120743	0	0.08956897507908836	165.8535728873168	382.3729655755251	-0	-0.3591328742637654	0	-0.09478689634274365	0	0	0	0	0	0
0.04699378056560474	-242.7830234611253	912.5495306981759	-0	0.2075226227659065	0	0.08956897507908836	158.0396581398556	358.4797996291298	-0	-0.3593030272339945	0	-0.09478689634274365	0	0	0	0	0	0
0.04923157964015735	-247.8693117796704	1079.277641556715	-0	0.2079234703211655	0	0.08956897507908837	149.5046793714394	333.0338976141872	-0	-0.3594708796793752	0	-0.09478689634274365	0	0	0	0	0	0
0.05146937871470995	-294.5028102665187	1236.334910340995	-0	0.20805319837614	0	0.08956897507908836	140.0409801831515	306.6514609801322	-0	-0.3596512776743125	0	-0.09478689634274365	0	-7.105427357601002e-15	0	0	0	0
0.05370717778926256	-309.310736817955	1380.093338774588	-0	0.2083270368698669	0	0.08956897507908837	129.6586320367767	279.4544233725668	-0	-0.3598460471765563	0	-0.09478689634274365	0	-1.77635683940025e-14	0	0	0	0
0.05594497686381517	-338.6435019765487	1503.711885180139	-0	0.2084922919749897	0	0.08956897507908844	118.5206024478234	251.8260510393469	-0	-0.3600566240025969	0	-0.09478689634274365	0	-5.684341886080801e-14	0	0	0	0
0.05818277593836777	-350.307290270892	1605.572652163752	-0	0.2087251891751351	0	0.08956897507908862	106.8228094004459	224.1053716760285	-0	-0.3602829483838818	0	-0.09478689634274365	0	-2.167155344068306e-13	0	0	0	0
0.06042057501292038	-365.9499588754466	1683.664083840267	-0	0.2089106544039876	0	0.08956897507908917	94.73159508379214	196.6697411603844	-0	-0.3605279733984836	0	-0.09478689634274365	0	-7.034373084024992e-13	0	0	0	0
0.06265837408747299	-369.3487360515659	1738.817641196434	-0	0.2091393031429437	0	0.08956897507909085	82.39916523842746	169.858837523736	-0	-0.3607962601810155	0	-0.09478689634274363	0	-2.202682480856311e-12	0	0	-8.881784197001252e-16	0
0.0648961731620256	-372.7026985121702	1771.876896632631	-0	0.2093465293824736	0	0.08956897507909567	70.06792451053386	144.0847267113279	-0	-0.3610919891724207	0	-0.09478689634274365	0	-6.416200903913705e-12	0	0	0	0
0.0671339722365782	-368.4400351550943	1785.695463344613	-0	0.209579326381359	0	0.08956897507910878	57.96621513962732	119.7886177315996	-0	-0.3614244490454876	0	-0.09478689634274365	0	-1.769251412042649e-11	0	0	0	0
0.0693717713111308	-363.3087046857248	1783.079060122275	-0	0.2098022256936217	0	0.08956897507914287	40.4456912258268	91.67730680658084	-0	-0.362122388892009	0	-0.09478689634274365	0	-4.592237701217528e-11	0	0	0	0
0.07160957038568341	-353.3559437785345	1767.518930137371	-0	0.2100432794694517	0	0.08956897507922701	13.01664917135879	48.09549325387454	-0	-0.3638838981484728	0	-0.09478689634274365	0	-1.124220716519631e-10	0	0	0	0
0.07384736946023603	-342.9317516789146	1742.353588385993	-0	0.210279226294719	0	0.08956897507942414	0.1006507345253712	-1.001763911769607	-0	-0.3671173897960778	0	-0.09478689634274365	0	-2.596323156467406e-10	0	0	0	0
0.07608516853478862	-330.1900576834601	1709.800897377293	-0	0.2105245231852464	0	0.08956897507986351	0.359214553506285	-0.597275384888037	-0	-0.3709102638835459	0	-0.09478689634274365	0	-5.674287706369796e-10	0	0	0	0
0.07832296760934124	-317.4331468809654	1671.315096319129	-0	0.2107649552273141	0	0.08956897508079491	0.02084132467874667	-0.02269601143591125	-0	-0.372599438675028	0	-0.09478689634274365	0	-1.174271346826572e-09	0	0	0	0
0.08056076668389384	-303.9003545798041	1628.955901285879	-0	0.2110079957973223	0	0.089568975082672	0.001458184984965698	-0.001522407652805564	-0	-0.3717696938030953	0	-0.09478689634274365	0	-2.302702029055581e-09	0	0	0	0
0.08279856575844645	-290.7063893025203	1584.274726190698	-0	0.2112466970013558	0	0.08956897508626571	0.0001875674087797692	-0.0001899775557202951	-0	-0.3706588581647966	0	-0.09478689634274366	0	-4.278263077139854e-09	0	0	3.388131789017201e-21	0
0.08503636483299906	-277.4120984703343	1538.424027985485	-0	0.2114852120985979	0	0.08956897509280559	3.654140343445155e-05	-3.615718881260385e-05	-0	-0.3693425280845495	0	-0.09478689634274365	0	-7.542418245520821e-09	0	0	0	0
0.08727416390755166	-264.5842334009546	1492.210299200091	-0	0.2117193390816484	0	0.08956897510412344	9.289140504024851e-06	-9.01369109242747e-06	-0	-0.3678713779382822	0	-0.09478689634274365	0	-1.263483895286299e-08	0	0	0	0
0.08951196298210426	-252.0063978230603	1446.191441461149	-0	0.2119510623435601	0	0.08956897512278392	2.88236532042711e-06	-2.749714515217662e-06	-0	-0.3662692339049357	0	-0.09478689634274365	0	-2.016400202364821e-08	0	0	0	0
0.09174976205665687	-239.9625867501352	1400.749558419646	-0	0.2121779151705366	0	0.08956897515214436	1.038194632092409e-06	-9.752995195880916e-07	-0	-0.3645536306180702	0	-0.09478689634274365	0	-3.07367109542156e-08	0	0	0	0
0.09398756113120948	-228.3686643554516	1356.219579192201	-0	0.2124007585321167	0	0.08956897519633393	4.228511281088366e-07	-3.916585834042504e-07	-0	-0.3627347703533537	0	-0.09478689634274365	0	-4.48869172942068e-08	0	0	0	0
0.09622536020576208	-217.3593804180865	1312.843261781083	-0	0.2126183360831846	0	0.0895689752600955	1.907074764278021e-07	-1.743325876367433e-07	-0	-0.3608209597979657	0	-0.09478689634274365	0	-6.298522592373956e-08	0	0	0	0
0.0984631592803147	-206.8974373481994	1270.823666506809	-0	0.2128310530877655	0	0.08956897534850801	9.416140847850977e-08	-8.503386698538572e-08	-0	-0.3588186576278432	0	-0.09478689634274365	0	-8.516439464756331e-08	0	0	0	0
0.1007009583548673	-197.0268482946303	1230.294003610826	-0	0.213038424548171	0	0.08956897546658947	5.016951116344091e-08	-4.479890558124727e-08	-0	-0.3567345683006776	0	-0.09478689634274366	0	-1.112685517057344e-07	0	0	8.271806125530277e-25	0
0.1029387574294199	-187.7141372452352	1191.337368251108	-0	0.2132407293621958	0	0.0895689756188407	2.83400262871744e-08	-2.504279482074923e-08	-0	-0.3545751559252026	0	-0.09478689634274365	0	-1.40842189466639e-07	0	0	0	0
0.1051765565039725	-178.979770702389	1154.024688284354	-0	0.2134376727297891	0	0.08956897580875771	1.692076022534489e-08	-1.480630611848021e-08	-0	-0.3523462916607318	0	-0.09478689634274365	0	-1.731454197795301e-07	0	0	0	0
0.1074143555785251	-170.8269159718196	1118.493126891822	-0	0.2136292650200478	0	0.08956897603830809	1.112419307061727e-08	-9.644343995807221e-09	-0	-0.3500527684886155	0	-0.09478689634274365	0	-2.071864546593361e-07	0	0	0	0
0.1096521546530777	-163.2542683725542	1084.857425448821	-0	0.2138155291219317	0	0.08956897630762339	8.626987193245601e-09	-7.413452274724742e-09	-0	-0.3476987237894291	0	-0.09478689634274366	0	-2.41815225621167e-07	0	0	1.033975765691285e-25	0
0.1118899537276303	-156.2456447112044	1053.198665147063	-0	0.2139965984365556	0	0.08956897661469443	7.822370845614234e-09	-6.664860031218795e-09	-0	-0.3452872840453212	0	-0.09478689634274366	0	-2.757747203929739e-07	0	0	1.033975765691285e-25	0
0.1141277528021829	-149.7632432378633	1023.547436557183	-0	0.2141728008209608	0	0.08956897695547375	7.681121344913355e-09	-6.490225248935251e-09	-0	-0.3428210383104389	0	-0.09478689634274365	0	-3.078461059402571e-07	0	0	0	0
0.1163655518767355	-143.7522258734317	995.8477501284053	-0	0.2143445511878245	0	0.08956897732418036	7.829184372289396e-09	-6.561242705138022e-09	-0	-0.3403017108352629	0	-0.09478689634274365	0	-3.369828629473659e-07	0	0	0	0
0.1186033509512882	-138.1704425664006	970.0166487199174	-0	0.2145121004750553	0	0.0895689777137309	8.265691883941559e-09	-6.870666981036602e-09	-0	-0.3377305635239406	0	-0.09478689634274365	0	-3.623658049178857e-07	0	0	0	0
0.1208411500258408	-132.9770498980803	945.9646289983223	-0	0.2146757090680798	0	0.08956897811622808	9.140736863848726e-09	-7.535908441723438e-09	-0	-0.3351081614273076	0	-0.09478689634274365	0	-3.834612325448461e-07	0	0	0	0
0.1230789491003934	-128.1398024373661	923.6022699380186	-0	0.2148355566057819	0	0.08956897852358955	1.071498427862801e-08	-8.760669208555099e-09	-0	-0.3324347425936028	0	-0.09478689634274365	0	-4.000242359580852e-07	0	0	0	0
0.125316748174946	-123.6319332070698	902.8558866648202	-0	0.2149918056884894	0	0.0895689789279652	1.346526736109204e-08	-1.091655473839465e-08	-0	-0.329710068606372	0	-0.09478689634274365	0	-4.120660204165461e-07	0	0	0	0
0.1275545472494986	-119.422374858627	883.6481680514889	-0	0.2151446950310625	0	0.08956897932235382	1.832347376542333e-08	-1.472698826821176e-08	-0	-0.3269336855646749	0	-0.09478689634274365	0	-4.198312542058602e-07	0	0	0	0
0.1297923463240512	-115.4808220422748	865.8969567334683	-0	0.2152944628657117	0	0.08956897970075155	2.728526296283464e-08	-2.173476050532191e-08	-0	-0.3241046647789229	0	-0.09478689634274365	0	-4.237027599884868e-07	0	0	0	0
0.1320301453986038	-111.7901268888168	849.5331594533144	-0	0.2154411965225359	0	0.08956898005834905	4.479276245862303e-08	-3.535258082822231e-08	-0	-0.3212219753453895	0	-0.09478689634274365	0	-4.241391184933718e-07	0	0	0	0
0.1342679444731564	-108.3431467421032	834.5365331897591	-0	0.2155849296668608	0	0.08956898039114744	8.093140831638508e-08	-6.326835180113022e-08	-0	-0.3182847945602304	0	-0.09478689634274365	0	-4.215764786152931e-07	0	0	0	0
0.136505743547709	-105.1167493610784	820.8798466639302	-0	0.2157259169167539	0	0.0895689806965109	1.600221946054522e-07	-1.238745398829139e-07	-0	-0.3152925047311502	0	-0.09478689634274365	0	-4.164903497638761e-07	0	0	0	0
0.1387435426222616	-102.0819979834386	808.4992557834045	-0	0.2158644203794081	0	0.08956898097294938	3.427068645060999e-07	-2.626263607317445e-07	-0	-0.3122444540933757	0	-0.09478689634274365	0	-4.093365397750404e-07	0	0	0	0
0.1409813416968142	-99.20849405629174	797.3161304279108	-0	0.2160006994061223	0	0.0895689812202194	7.883098687419733e-07	-5.978661178443114e-07	-0	-0.3091398595172875	0	-0.09478689634274365	0	-4.00567300218313e-07	0	0	0	0
0.1432191407713668	-96.46284099397518	787.228186667199	-0	0.2161350139705202	0	0.08956898143928688	1.954258975251862e-06	-1.466306521537838e-06	-0	-0.3059769186414195	0	-0.09478689634274365	0	-3.906670027475911e-07	0	0	0	0
0.1454569398459194	-93.8151467320519	778.1268110695213	-0	0.2162675678831131	0	0.08956898163211416	5.170091439038395e-06	-3.836137643979053e-06	-0	-0.3027537622116356	0	-0.09478689634274365	0	-3.800872487857987e-07	0	0	0	0
0.1476947389204721	-91.23679729117073	769.900759654265	-0	0.2163985472737665	0	0.08956898180122708	1.374320004394032e-05	-1.008022855155537e-05	-0	-0.2994695677372192	0	-0.09478689634274365	0	-3.692185810422188e-07	0	0	0	0
0.1499325379950247	-88.71148079476031	762.4556698078243	-0	0.2165279867989935	0	0.08956898194946399	2.995674164632951e-05	-2.171334703055614e-05	-0	-0.2961242676313102	0	-0.09478689634274365	0	-3.583620502567442e-07	0	0	0	0
0.1521703370695772	-86.23142746275124	755.7407306361307	-0	0.2166558689693552	0	0.08956898207940975	1.409103305129381e-05	-1.00910770055211e-05	-0	-0.2927189248993798	0	-0.09478689634274363	0	-3.477093812875864e-07	0	0	-2.117582368135751e-22	0
0.1544081361441298	-83.78604983732419	749.7100790443875	-0	0.2167822264504738	0	0.08956898219393532	-8.929037290099706e-05	6.317221677048153e-05	-0	-0.2892552360211379	0	-0.09478689634274365	0	-3.374351189577851e-07	0	0	0	0
0.1566459352186825	-81.36562441879994	744.3040955950818	-0	0.2169070546788728	0	0.08956898229623379	-0.0001631259189093403	0.0001140205324591584	-0	-0.2857354577530739	0	-0.09478689634274365	0	-3.277301496851237e-07	0	0	0	0
0.1588837342932351	-78.96384185856796	739.4544570078479	-0	0.2170302893324282	0	0.08956898238972576	-0.0001859633511901763	0.0001284316120051422	-0	-0.2821618213990317	0	-0.09478689634274365	0	-3.187688903949493e-07	0	0	0	0
0.1611215333677877	-76.57608899485061	735.0692575093443	-0	0.2171518212338883	0	0.08956898247792783	-0.000185487327990882	0.0001265876837789594	-0	-0.2785355514756199	0	-0.09478689634274365	0	-3.107099786348044e-07	0	0	0	0
0.1633593324423403	-74.20838064236446	731.0768047582329	-0	0.2172714307995308	0	0.08956898256406381	-0.0001754953117853703	0.0001183654705238039	-0	-0.2748577116546251	0	-0.09478689634274365	0	-3.036456162064383e-07	0	0	0	0
0.1655971315168929	-71.87502044894237	727.465043367711	-0	0.2173888855082723	0	0.08956898265056389	-0.0001621326835516092	0.0001080880038360445	-0	-0.2711298829551784	0	-0.09478689634274365	0	-2.975747479538882e-07	0	0	0	0
0.1678349305914455	-69.5846009258787	724.2353305646986	-0	0.2175040666099523	0	0.08956898273973346	-0.0001483326824591848	9.776269796760197e-05	-0	-0.2673537613334224	0	-0.09478689634274365	0	-2.924848683250048e-07	0	0	0	0
0.1700727296659981	-67.34543263722887	721.3949823666278	-0	0.2176168681080188	0	0.08956898283355218	-0.0001355212031130177	8.832168005915159e-05	-0	-0.2635310362326859	0	-0.09478689634274365	0	-2.883348200199976e-07	0	0	0	0
0.1723105287405508	-65.15831126954842	718.9451251817352	-0	0.2177272899593971	0	0.08956898293406007	-0.0001242889656854799	8.011581144400822e-05	-0	-0.2596632553337427	0	-0.09478689634274365	0	-2.850994729186596e-07	0	0	0	0
0.1745483278151033	-63.01867448591046	716.8645650253992	-0	0.2178353800986377	0	0.08956898304337782	-0.000114807143169629	7.321170624062589e-05	-0	-0.2557516226931346	0	-0.09478689634274365	0	-2.827810492433969e-07	0	0	0	0
0.1767861268896559	-60.9220075506765	715.1309291817245	-0	0.217941187409734	0	0.08956898316350823	-0.0001070459040625514	6.754614714278725e-05	-0	-0.2517969526590956	0	-0.09478689634274365	0	-2.813606876372887e-07	0	0	0	0
0.1790239259642085	-58.86096621760925	713.726938693492	-0	0.2180448036547736	0	0.08956898329587663	-0.0001008947572766983	6.300737497160624e-05	-0	-0.2477991763429577	0	-0.09478689634274365	0	-2.807548238337176e-07	0	0	0	0
0.1812617250387611	-56.82318545416322	712.6366619943342	-0	0.2181463921129818	0	0.08956898344211919	-9.622339390615481e-05	5.947717066289162e-05	-0	-0.2437579283069249	0	-0.09478689634274365	0	-2.809405739157e-07	0	0	0	0
0.1834995241133137	-54.79304297084975	711.841039367851	-0	0.2182461572693226	0	0.08956898360506996	-9.291422001085238e-05	5.685127422025101e-05	-0	-0.2396727617213972	0	-0.09478689634274365	0	-2.821074271963653e-07	0	0	0	0
0.1857373231878663	-52.76154244175564	711.3190865960105	-0	0.2183442083637376	0	0.08956898378794399	-9.087418080191884e-05	5.504581833366961e-05	-0	-0.2355435014737093	0	-0.09478689634274365	0	-2.844550390790346e-07	0	0	0	0
0.187975122262419	-50.71973456285501	711.0430303661346	-0	0.218440652974086	0	0.08956898399373173	-9.004560271367229e-05	5.400399830694302e-05	-0	-0.2313711785287728	0	-0.09478689634274365	0	-2.880857294940142e-07	0	0	0	0
0.1902129213369716	-48.7686456314585	710.9916024326276	-0	0.218533998865758	0	0.08956898422410745	-9.040509466758775e-05	5.369140425289684e-05	-0	-0.2271569803616481	0	-0.09478689634274365	0	-2.928369102761508e-07	0	0	0	0
0.1924507204115242	-47.07740510867243	711.16689631888	-0	0.2186218989334547	0	0.08956898447769907	-9.196798475616551e-05	5.409666131570492e-05	-0	-0.2229018040660755	0	-0.09478689634274365	0	-2.981434263915617e-07	0	0	0	0
0.1946885194860768	-45.59881304132134	711.578830614566	-0	0.2187052456858304	0	0.08956898475385383	-9.478891843848159e-05	5.52309500240345e-05	-0	-0.2186060602099084	0	-0.09478689634274365	0	-3.036833655656324e-07	0	0	0	0
0.1969263185606294	-44.18629600794706	712.233946077592	-0	0.2187862448054697	0	0.08956898505200948	-9.896463292111477e-05	5.71270750942909e-05	-0	-0.2142688173686571	0	-0.09478689634274365	0	-3.09251037666769e-07	0	0	0	0
0.199164117635182	-42.79289581433005	713.1327822687845	-0	0.2188655474965717	0	0.08956898537104226	-0.0001046392683152403	5.984287518568654e-05	-0	-0.2098885550629675	0	-0.09478689634274365	0	-3.145722966557685e-07	0	0	0	0
0.2014019167097346	-41.386190261596	714.2680164843648	-0	0.2189435383386208	0	0.08956898571166125	-0.0001120095671634432	6.346243979372197e-05	-0	-0.2054628523685058	0	-0.09478689634274365	0	-3.197450979541827e-07	0	0	0	0
0.2036397157842872	-39.9714733814342	715.6356183922709	-0	0.2190200616462756	0	0.08956898607501761	-0.0001213361211693	6.810256001309665e-05	-0	-0.2009894421892742	0	-0.09478689634274365	0	-3.249060056553787e-07	0	0	0	0
0.2058775148588398	-38.58285626842888	717.2436920054585	-0	0.219094602042263	0	0.0895689864627377	-0.000132961992167069	7.392424856391845e-05	-0	-0.1964673617763194	0	-0.09478689634274365	0	-3.302014119910268e-07	0	0	0	0
0.2081153139333924	-37.23563883479056	719.1012592636467	-0	0.2191669433171766	0	0.08956898687659437	-0.000147328890703249	8.113680445183164e-05	-0	-0.1918959518317558	0	-0.09478689634274365	0	-3.357429525507882e-07	0	0	0	0
0.210353113007945	-35.94574686379857	721.2135564280688	-0	0.2192368763003538	0	0.08956898731671134	-0.000165005688698035	9.001046191206906e-05	-0	-0.1872747086715351	0	-0.09478689634274365	0	-3.413134974650234e-07	0	0	0	0
0.2125909120824976	-34.71040867458353	723.5821776529319	-0	0.2193044503055556	0	0.08956898778299022	-0.0001867161295348134	0.0001008867303046314	-0	-0.1826027066527709	0	-0.09478689634274365	0	-3.466986937539218e-07	0	0	0	0
0.2148287111570502	-33.51862715483271	726.2007229280044	-0	0.2193698144891286	0	0.08956898827613988	-0.0002133797807383468	0.0001141921954960523	-0	-0.1778775236661614	0	-0.09478689634274365	0	-3.518683260317346e-07	0	0	0	0
0.2170665102316029	-32.37088820019695	729.0663741366837	-0	0.2194329607754524	0	0.08956898879665448	-0.0002461561315154459	0.000130456463137295	-0	-0.1730957545858354	0	-0.09478689634274365	0	-3.567443589425068e-07	0	0	0	0
0.2193043093061554	-31.26879338138481	732.190493154045	-0	0.2194938723703169	0	0.08956898934383307	-0.0002864941840195603	0.0001503252086210258	-0	-0.1682518049595723	0	-0.09478689634274365	0	-3.610727596914387e-07	0	0	0	0
0.221542108380708	-30.20963831481123	735.5775825664365	-0	0.2195525810286978	0	0.08956898991669164	-0.0003362019317503458	0.0001746029227189722	-0	-0.1633414956482954	0	-0.09478689634274365	0	-3.645942663332846e-07	0	0	0	0
0.2237799074552607	-29.19075690958817	739.2106470270852	-0	0.219609101117259	0	0.08956899051443017	-0.000397584709277512	0.0002043498402119029	-0	-0.1583670829555601	0	-0.09478689634274365	0	-3.671382824421698e-07	0	0	0	0
0.2260177065298133	-28.2156515059471	743.0881591549454	-0	0.2196633750362746	0	0.08956899113568588	-0.0004735144113157456	0.0002408333264389804	-0	-0.153325790846911	0	-0.09478689634274365	0	-3.684935951930868e-07	0	0	0	0
0.2282555056043659	-27.28168962115038	747.2101921800465	-0	0.2197154306019783	0	0.08956899177894796	-0.0005675154768449343	0.0002855811603138209	-0	-0.148214109689806	0	-0.09478689634274365	0	-3.684771621159655e-07	0	0	0	0
0.2304933046789185	-26.38422836998378	751.5629097546049	-0	0.2197653149532721	0	0.08956899244241626	-0.0006839841649839114	0.0003405364501772843	-0	-0.1430334522539573	0	-0.09478689634274365	0	-3.668927357480811e-07	0	0	0	0
0.2327311037534711	-25.52021041743797	756.1328963120782	-0	0.2198130503810257	0	0.08956899312296379	-0.0008284714007199412	0.0004081716762855441	-0	-0.1377880537619098	0	-0.09478689634274365	0	-3.633995340202034e-07	0	0	0	0
0.2349689028280237	-24.685628416761	760.9034353810329	-0	0.2198586661471951	0	0.08956899381648087	-0.001008006240875604	0.0004916409581444281	-0	-0.1324836123015041	0	-0.09478689634274365	0	-3.576009510730671e-07	0	0	0	0
0.2372067019025763	-23.87887947704169	765.8634112559124	-0	0.2199021533774666	0	0.08956899451735995	-0.001231490189537229	0.0005948857772932914	-0	-0.1271237577156035	0	-0.09478689634274365	0	-3.490254121274461e-07	0	0	0	0
0.2394445009771289	-23.09378949369762	770.9957342879329	-0	0.2199435549171145	0	0.08956899521914605	-0.00151017533416446	0.0007228910455512179	-0	-0.1217123247378018	0	-0.09478689634274365	0	-3.372245411803476e-07	0	0	0	0
0.2416823000516815	-22.32362040601144	776.2670747742769	-0	0.2199829059943098	0	0.08956899591467739	-0.001858539254011238	0.0008821396061263562	-0	-0.1162557566602858	0	-0.09478689634274365	0	-3.21835859740105e-07	0	0	0	0
0.2439200991262341	-21.56252804259437	781.638490787577	-0	0.2200202272546109	0	0.0895689965960359	-0.002295356805442358	0.00108109432864486	-0	-0.1107612085364754	0	-0.09478689634274365	0	-3.025629413677677e-07	0	0	0	0
0.2461578982007867	-20.80464542276579	787.0632006733687	-0	0.2200555383074221	0	0.08956899725501981	-0.002845376496186893	0.001330971062818808	-0	-0.105236711921128	0	-0.09478689634274365	0	-2.792639535176278e-07	0	0	0	0
0.2483956972753393	-20.04399151506139	792.4921384591795	-0	0.2200888634137038	0	0.08956899788308596	-0.003541502156492704	0.001646775295416249	-0	-0.09969065245716303	0	-0.09478689634274365	0	-2.519226993680235e-07	0	0	0	0
0.250633496349892	-19.27470101568051	797.8742652519912	-0	0.2201202341540313	0	0.08956899847214993	-0.004428148183793069	0.002048884356532159	-0	-0.0941322003998587	0	-0.09478689634274365	0	-2.207282010502354e-07	0	0	0	0
0.2528712954244446	-18.48884848099021	803.1604011922275	-0	0.2201497153988841	0	0.08956899901448173	-0.005565957421894615	0.002565290950370468	-0	-0.08857075137755273	0	-0.09478689634274365	0	-1.860435150380368e-07	0	0	0	0
0.2551090944989972	-17.67794321594757	808.3081596242333	-0	0.2201773953130565	0	0.08956899950403598	-0.007038729473761731	0.003234847604763473	-0	-0.08301564568031489	0	-0.09478689634274365	0	-1.484805320917104e-07	0	0	0	0
0.2573468935735497	-16.83707746963324	813.277012001151	-0	0.2202033280486282	0	0.0895689999356752	-0.008963873836347697	0.004112356721426746	-0	-0.07747662511533691	0	-0.09478689634274365	0	-1.087658492160415e-07	0	0	0	0
0.2595846926481024	-15.96281177228163	818.0291396201278	-0	0.220227570312009	0	0.0895690003058013	-0.01150888632067141	0.005276652869534817	-0	-0.07196466478658139	0	-0.09478689634274363	0	-6.768616866992261e-08	0	0	2.168404344971009e-19	0
0.261822491722655	-15.05236779527767	822.5258052653304	-0	0.2202501809442163	0	0.08956900061219808	-0.01491653275028247	0.006843050794931033	-0	-0.06649165325198186	0	-0.09478689634274363	0	-2.613300931209039e-08	0	0	2.168404344971009e-19	0
0.2640602907972076	-14.10509030083728	826.7253399222349	-0	0.2202712172717225	0	0.08956900085552938	-0.01954676566871492	0.008984403547806306	-0	-0.06107157755879854	0	-0.09478689634274365	0	1.484577749621963e-08	0	0	0	0
0.2662980898717602	-13.12048599976164	830.5872636549439	-0	0.2202907498336314	0	0.08956900103833937	-0.02594231917066735	0.01196432090699163	-0	-0.05571938105335931	0	-0.09478689634274363	0	5.414561110583804e-08	0	0	4.336808689942018e-19	0
0.2685358889463128	-12.09989485204838	834.0767119785608	-0	0.2203088595321254	0	0.08956900116633547	-0.03494102564207573	0.01619448533002148	-0	-0.0504513158491939	0	-0.09478689634274365	0	9.061840300361723e-08	0	0	0	0
0.2707736880208654	-11.05117044664647	837.1776116068567	-0	0.2203255681983517	0	0.08956900124588127	-0.04785228342139879	0.02232425051625393	-0	-0.04528154487744406	0	-0.09478689634274365	0	1.233599736805147e-07	0	0	0	0
0.273011487095418	-9.98290376843045	839.917929260199	-0	0.2203409150050503	0	0.08956900128265921	-0.06672604149217282	0.03137389799034507	-0	-0.04021594572772203	0	-0.09478689634274365	0	1.52005794396004e-07	0	0	0	0
0.2752492861699706	-8.893033848136373	842.351604133411	-0	0.2203550685432866	0	0.08956900128431895	-0.09479754632523786	0.04495470226789657	-0	-0.03525327195281061	0	-0.09478689634274365	0	1.761025861801713e-07	0	0	0	0
0.2774870852445232	-7.774644774723995	844.568475522461	-0	0.220368275394469	0	0.08956900126634409	-0.1370613061606109	0.06553355355839625	-0	-0.03037549729412988	0	-0.09478689634274365	0	1.945983826301401e-07	0	0	0	0
0.2797248843190758	-6.644668621651414	846.6468003329131	-0	0.2203805076903734	0	0.08956900124522166	-0.2012706478191032	0.09691539818873415	-0	-0.02556277414307495	0	-0.09478689634274365	0	2.067984667952771e-07	0	0	0	0
0.2819626833936284	-5.5285245062502	848.6283119965376	-0	0.2203916493638659	0	0.08956900123221034	-0.2993732879274607	0.1449619298789952	-0	-0.0207984264730371	0	-0.09478689634274365	0	2.131491987356071e-07	0	0	0	0
0.284200482468181	-4.431160961092388	850.5298778217673	-0	0.2204018204734338	0	0.08956900123771455	-0.4497774852232358	0.2186969409881379	-0	-0.01607034275370884	0	-0.09478689634274365	0	2.141030963631607e-07	0	0	0	0
0.2864382815427337	-3.359125855502943	852.3313350838339	-0	0.2204111124872928	0	0.08956900127270498	-0.6809450512851909	0.332160430766706	-0	-0.01137578183766918	0	-0.09478689634274365	0	2.098317412047024e-07	0	0	0	0
0.2886760806172863	-2.3348725535677	854.0133292070004	-0	0.2204194293017278	0	0.08956900134851224	-1.036583640259027	0.5070307339784106	-0	-0.006714286439081367	0	-0.09478689634274365	0	2.003632105784803e-07	0	0	0	0
0.2909138796918389	-1.38662366858269	855.5650352700201	-0	0.2204266317166954	0	0.08956900147953452	-1.58349424190644	0.7766772712735054	-0	-0.002089467860742448	0	-0.09478689634274365	0	1.852565846421905e-07	0	0	0	0
0.2931516787663915	-0.4334787382719709	856.9851312598009	-0	0.2204338968217698	0	0.08956900168332173	-2.422045441808999	1.191706933550749	-0	0.002494594653677774	0	-0.09478689634274365	0	1.636734995383304e-07	0	0	0	0
0.2953894778409441	0.658706480965129	858.2956797957966	-0	0.2204429806968115	0	0.08956900197935129	-3.698572018304897	1.826707907737801	-0	0.007032673076988492	0	-0.09478689634274365	0	1.347963339420888e-07	0	0	0	0
0.2976272769154967	1.825781959639135	859.5290743895907	-0	0.2204532365747869	0	0.08956900238282307	-5.616935515783192	2.787323429884009	-0	0.01151946551503582	0	-0.09478689634274365	0	9.864678951476691e-08	0	0	0	0
0.2998650759900493	2.940960136070821	860.7349394340816	-0	0.2204632912702848	0	0.08956900290095278	-8.437127638288221	4.212199057366301	-0	0.0159473449942523	0	-0.09478689634274365	0	5.628971178062159e-08	0	0	0	0
0.3021028750646019	3.979245438089539	861.9645847243991	-0	0.2204729944547509	0	0.0895690035409981	-12.44544444863095	6.262523176498926	-0	0.02030781358130737	0	-0.09478689634274363	0	8.606155843526864e-09	0	0	2.220446049250313e-16	0
0.3043406741391545	4.927211765836636	863.2716504889788	-0	0.2204822848523116	0	0.08956900430639578	-17.85804381231515	9.080808563177145	-0	0.02458815784503889	0	-0.09478689634274365	0	-4.333304476356048e-08	0	0	0	0
0.3065784732137071	5.793150980665313	864.7191843335688	-0	0.2204913321766808	0	0.08956900520116784	-24.65498784656416	12.71057953332921	-0	0.02877559860137046	0	-0.09478689634274365	0	-9.866094796695535e-08	0	0	0	0
0.3088162722882598	6.602299556886998	866.3954255562162	-0	0.2205004537320079	0	0.08956900623339105	-32.41308470372229	16.9952463851745	-0	0.03286285483689583	0	-0.09478689634274365	0	-1.573928778419997e-07	0	0	0	0
0.3110540713628123	7.364508903502522	868.3918236843857	-0	0.2205097662542281	0	0.08956900741277472	-40.51208229283937	21.65833295713951	-0	0.03684720392669076	0	-0.09478689634274365	0	-2.195927377712792e-07	0	0	0	0
0.3132918704373649	8.095260804042546	870.7976777680468	-0	0.2205194174208553	0	0.08956900874885548	-48.9397828192232	26.70687614500232	-0	0.0407391112627189	0	-0.09478689634274365	0	-2.851267518755307e-07	0	0	0	0
0.3155296695119175	8.817541453969286	873.6523829751554	-0	0.2205296329731616	0	0.089569010252111	-58.84021869063842	32.79480285465661	-0	0.04455173677061292	0	-0.09478689634274365	0	-3.537814876608536e-07	0	0	0	0
0.3177674685864701	9.550642588475947	876.8753409677844	-0	0.2205405618998783	0	0.08956901192991866	-70.90827528533478	40.46920736630294	-0	0.04829179380661709	0	-0.09478689634274365	0	-4.248717969668192e-07	0	0	0	0
0.3200052676610228	10.29876501565944	880.3696534067946	-0	0.2205521589588338	0	0.08956901378712852	-83.16087037719302	48.83142232546866	-0	0.05195632395842652	0	-0.09478689634274365	0	-4.973216989334617e-07	0	0	0	0
0.3222430667355753	11.06110519520728	884.0179871441873	-0	0.2205642979758528	0	0.08956901582630547	-91.83818904839319	55.68482116857481	-0	0.05553489743185759	0	-0.09478689634274365	0	-5.702263664586482e-07	0	0	0	0
0.324480865810128	11.85920635765289	887.6331582497934	-0	0.2205771262944007	0	0.0895690180506787	-94.03827406091101	58.92600298823893	-0	0.05901879492293829	0	-0.09478689634274365	0	-6.430139616320218e-07	0	0	0	0
0.3267186648846806	12.71141393593624	890.8398616569212	-0	0.2205907823320705	0	0.08956902046341939	-89.68984817887356	58.00964687519446	-0	0.06240992346073769	0	-0.09478689634274365	0	-7.158204864410322e-07	0	0	0	0
0.3289564639592332	13.57579345105774	893.327511275732	-0	0.2206047005515442	0	0.08956902305817202	-80.68547517950088	53.69620341144795	-0	0.06571037562037446	0	-0.09478689634274365	0	-7.876929770667118e-07	0	0	0	0
0.3311942630337858	14.40195000564038	895.0737996952108	-0	0.2206182007728203	0	0.08956902581157042	-69.29120310878108	47.16260738722992	-0	0.06893272703563624	0	-0.09478689634274363	0	-8.559786870421249e-07	0	0	8.881784197001252e-16	0
0.3334320621083384	15.19471646070386	896.1141165953916	-0	0.2206312386850966	0	0.08956902869330297	-57.42244857421273	39.6437004387519	-0	0.07210374075850128	0	-0.09478689634274365	0	-9.17838691716355e-07	0	0	0	0
0.335669861182891	15.9650670992344	896.5076226738586	-0	0.2206438193129911	0	0.0895690316652633	-46.29642597828467	32.14499839077067	-0	0.0752643947429158	0	-0.09478689634274365	0	-9.702120018495464e-07	0	0	0	0
0.3379076602574437	16.72935134417784	896.3230849436161	-0	0.2206559907272183	0	0.08956903468117469	-36.601214094578	25.3553129780906	-0	0.07845794539664734	0	-0.09478689634274365	0	-1.009832514498044e-06	0	0	0	0
0.3401454593319962	17.51027973704324	895.6360074027652	-0	0.2206678568902835	0	0.08956903768814041	-28.5644618933204	19.61152156564377	-0	0.08172377292212452	0	-0.09478689634274365	0	-1.033555364848837e-06	0	0	0	0
0.3423832584065488	18.31876135146928	894.5272684412311	-0	0.2206793659071153	0	0.0895690406276456	-22.16085230735656	14.99961050426665	-0	0.08509673882606381	0	-0.09478689634274365	0	-1.038695978117232e-06	0	0	0	0
0.3446210574811014	19.16440645121928	893.0829664825028	-0	0.2206904566854425	0	0.08956904344647243	-17.20847431981174	11.43349388239652	-0	0.08860427936613795	0	-0.09478689634274365	0	-1.024475789312973e-06	0	0	0	0
0.346858856555654	20.05069599725809	891.4168453495574	-0	0.220700992484691	0	0.0895690460923013	-13.45344631641026	8.73901840023421	-0	0.09227087604923599	0	-0.09478689634274365	0	-9.90969134084807e-07	0	0	0	0
0.3490966556302066	20.98719854059719	889.7065756676838	-0	0.2207109144308575	0	0.08956904852253271	-10.60578539029114	6.698682506614431	-0	0.09612998783979643	0	-0.09478689634274365	0	-9.393391768863779e-07	0	0	0	0
0.3513344547047592	22.00082988615429	888.051606469938	-0	0.2207203976116625	0	0.08956905070893416	-8.450292783762785	5.159967404956983	-0	0.1002276325923675	0	-0.09478689634274365	0	-8.726744702425293e-07	0	0	0	0
0.3535722537793118	23.10266471872033	886.3255634059061	-0	0.2207295346797635	0	0.08956905264958584	-6.881630246617643	4.052802302403752	-0	0.1046012037889844	0	-0.09478689634274365	0	-7.966361894595764e-07	0	0	0	0
0.3558100528538645	24.26536932299192	884.3756411324714	-0	0.2207380009677359	0	0.08956905434911501	-5.77617483631582	3.284449452130864	-0	0.1092659765349266	0	-0.09478689634274365	0	-7.167862725587781e-07	0	0	0	0
0.358047851928417	25.45147772903459	882.0933929196108	-0	0.2207454066980528	0	0.08956905581414694	-5.006024188620787	2.757835715687497	-0	0.114203570158215	0	-0.09478689634274365	0	-6.373353946820259e-07	0	0	0	0
0.3602856510029697	26.63585003637204	879.4172745398511	-0	0.2207515232205498	0	0.08956905705386703	-4.461705501016588	2.392832513326903	-0	0.1193813964561973	0	-0.09478689634274365	0	-5.618931502304747e-07	0	0	0	0
0.3625234500775223	27.80465480329242	876.3591277378458	-0	0.2207562677659401	0	0.08956905807931684	-4.055665291113517	2.127736872550618	-0	0.124755662835731	0	-0.09478689634274365	0	-4.928986334640229e-07	0	0	0	0
0.3647612491520749	28.95003392290564	872.9448878806345	-0	0.2207596312456249	0	0.08956905890555553	-3.735742882697343	1.926241413337793	-0	0.130281801812402	0	-0.09478689634274365	0	-4.323787612392493e-07	0	0	0	0
0.3669990482266275	30.06872990437785	869.2150828433483	-0	0.220761665316929	0	0.08956905955157965	-3.470755146995202	1.766347700549831	-0	0.135916972179559	0	-0.09478689634274365	0	-3.816951053003947e-07	0	0	0	0
0.3692368473011801	31.15904361790897	865.2145394969183	-0	0.2207624393168587	0	0.08956906003941566	-3.244176066974172	1.635679192559628	-0	0.1416208618137282	0	-0.09478689634274365	0	-3.418623690798483e-07	0	0	0	0
0.3714746463757327	32.22241181313478	861.0043575025104	-0	0.2207620551691958	0	0.08956906039492635	-3.043825338954881	1.524940591876252	-0	0.1473613554496717	0	-0.09478689634274363	0	-3.135188841874026e-07	0	0	0	0
0.3737124454502853	33.25576509584218	856.6497471493487	-0	0.2207605547302975	0	0.08956906064474338	-2.862800440408018	1.428281969259189	-0	0.1531124524424091	0	-0.09478689634274366	0	-2.967992780433804e-07	0	0	-5.551115123125783e-17	0
0.3759502445248379	34.25600207109272	852.2202392192886	-0	0.220757970628925	0	0.089569060812973	-2.696192948958306	1.341312917025138	-0	0.1588601829515836	0	-0.09478689634274366	0	-2.909375647064394e-07	0	0	0	0
0.3781880435993905	35.22181456750985	847.779368957397	-0	0.2207543531724735	0	0.08956906092155649	-2.542212817457424	1.261719777878634	-0	0.1645972299402085	0	-0.09478689634274365	0	-2.947277177867136e-07	0	0	0	0
0.3804258426739431	36.15099479461752	843.373027330901	-0	0.2207497310326404	0	0.08956906098458439	-2.40135492409653	1.18893842093362	-0	0.1703244156681732	0	-0.09478689634274365	0	-3.060870565896323e-07	0	0	0	0
0.3826636417484958	37.05292973715471	839.0389160345278	-0	0.2207442713009471	0	0.08956906101486498	-2.274403785003517	1.122842699322491	-0	0.1760457154765083	0	-0.09478689634274365	0	-3.231962448779768e-07	0	0	0	0
0.3849014408230483	37.94072550993523	834.8021816478315	-0	0.2207381739675766	0	0.08956906102778532	-2.162425699351975	1.063791387059613	-0	0.1817680101027649	0	-0.09478689634274365	0	-3.452131238645961e-07	0	0	0	0
0.387139239897601	38.81932599491533	830.6817817985001	-0	0.2207315325536779	0	0.0895690610391634	-2.065994769701113	1.012020420981246	-0	0.1874985612373215	0	-0.09478689634274365	0	-3.715380123558987e-07	0	0	0	0
0.3893770389721535	39.69136724698177	826.6815171568426	-0	0.220724413420523	0	0.0895690610660991	-1.985793770672975	0.9679504978003485	-0	0.1932436954242803	0	-0.09478689634274365	0	-4.020097370549536e-07	0	0	0	0
0.3916148380467061	40.5543326745257	822.8007645085418	-0	0.2207168188785154	0	0.0895690611240538	-1.922017473006634	0.9317316423939833	-0	0.1990089163240712	0	-0.09478689634274365	0	-4.36304749218408e-07	0	0	0	0
0.3938526371212588	41.40298548681513	819.0301938630308	-0	0.2207087161184901	0	0.08956906122135917	-1.874717975165997	0.9033747571382765	-0	0.2047988959390508	0	-0.09478689634274365	0	-4.734182308396839e-07	0	0	0	0
0.3960904361958114	42.23999540361612	815.3599864705731	-0	0.220700170194915	0	0.08956906136542815	-1.843734849520754	0.8827559243454195	-0	0.210617929915277	0	-0.09478689634274365	0	-5.125754296564367e-07	0	0	0	0
0.398328235270364	43.07018350695935	811.7869095922305	-0	0.2206912626480524	0	0.0895690615664481	-1.828803647318568	0.8696871118193972	-0	0.2164693728588014	0	-0.09478689634274365	0	-5.538143761363301e-07	0	0	0	0
0.4005660343449166	43.89495523746208	808.3135648394809	-0	0.2206820267318181	0	0.08956906183619043	-1.829583564978644	0.8639174644945532	-0	0.2223563058484969	0	-0.09478689634274363	0	-5.9744311098342e-07	0	0	2.775557561562891e-17	0
0.4028038334194692	44.71620233212676	804.9551376767653	-0	0.220672497040279	0	0.0895690621905094	-1.84536767294656	0.8649866506100505	-0	0.2282818038392425	0	-0.09478689634274365	0	-6.442552331620277e-07	0	0	0	0
0.4050416324940218	45.53068923924869	801.7181167883139	-0	0.2206626512970072	0	0.08956906264506817	-1.875789049490034	0.8725797729728343	-0	0.2342492350346831	0	-0.09478689634274365	0	-6.94782683829942e-07	0	0	0	0
0.4072794315685744	46.33046248495904	798.5698502865139	-0	0.220652434142169	0	0.08956906320715839	-1.921996045705925	0.8870516139463854	-0	0.2402622357389219	0	-0.09478689634274365	0	-7.483712218814276e-07	0	0	0	0
0.409517230643127	47.11911655011229	795.4712310213871	-0	0.2206419442700556	0	0.08956906388303347	-1.985600455368258	0.908941742077054	-0	0.2463244664896312	0	-0.09478689634274365	0	-8.045317470006808e-07	0	0	0	0
0.4117550297176796	47.90498324193116	792.390722022238	-0	0.220631328948219	0	0.08956906468213785	-2.068551512275096	0.9389219504595334	-0	0.2524392591301104	0	-0.09478689634274365	0	-8.636540114181912e-07	0	0	0	0
0.4139928287922323	48.69996977691233	789.303546932616	-0	0.2206207783197505	0	0.08956906561776984	-2.173000776060231	0.9777155701424745	-0	0.2586099453423797	0	-0.09478689634274365	0	-9.266986484846029e-07	0	0	0	0
0.4162306278667848	49.52125896148779	786.2021477419066	-0	0.2206105411322828	0	0.08956906671419922	-2.301105768591058	1.026001268377825	-0	0.2648399370260809	0	-0.09478689634274365	0	-9.958940960785867e-07	0	0	0	0
0.4184684269413374	50.36358016543206	783.0836136879633	-0	0.2206005729641619	0	0.08956906799448515	-2.455103438207999	1.084448516661246	-0	0.2711328978080099	0	-0.09478689634274365	0	-1.07270580240737e-06	0	0	0	0
0.4207062260158901	51.21483764945997	779.9429120406147	-0	0.2205907391287893	0	0.08956906946416232	-2.637190351102745	1.153669330064064	-0	0.2774927235059033	0	-0.09478689634274365	0	-1.155800438468191e-06	0	0	0	0
0.4229440250904427	52.07497445120903	776.7714575892689	-0	0.2205810590408604	0	0.08956907112442307	-2.849448896332879	1.234189477403693	-0	0.2839235548465782	0	-0.09478689634274365	0	-1.243530339145593e-06	0	0	0	0
0.4251818241649952	52.94462844402972	773.5551801186081	-0	0.2205715423427685	0	0.08956907297293409	-3.093809032109192	1.32644915002436	-0	0.2904295235912496	0	-0.09478689634274365	0	-1.334506881001118e-06	0	0	0	0
0.4274196232395479	53.85521864358311	770.2718100348496	-0	0.2205626241349864	0	0.08956907503704291	-3.371697549254142	1.43065188394949	-0	0.2970148978618764	0	-0.09478689634274365	0	-1.43223031034978e-06	0	0	0	0
0.4296574223141005	55.00209866919062	766.8944257820281	-0	0.2205569282159441	0	0.0895690774115598	-3.683867048735785	1.546712239259527	-0	0.3036837951815398	0	-0.09478689634274365	0	-1.548195418976661e-06	0	0	0	0
0.4318952213886531	56.16185890697773	763.4226568537408	-0	0.2205514767941586	0	0.08956908018584921	-4.029866081480302	1.67405798890684	-0	0.3104404172205246	0	-0.09478689634274365	0	-1.690200245541007e-06	0	0	0	0
0.4341330204632056	57.21486132644989	759.865352750649	-0	0.2205448014772057	0	0.08956908338317843	-4.407875748762756	1.811608465377016	-0	0.3172885356567351	0	-0.09478689634274365	0	-1.85441221667304e-06	0	0	0	0
0.4363708195377582	58.29104343139209	756.2257431571055	-0	0.2205387414221952	0	0.0895690869889588	-4.814128797743613	1.95757213175938	-0	0.3242318596159288	0	-0.09478689634274365	0	-2.032232135462664e-06	0	0	0	0
0.4386086186123109	59.32727946677505	752.4973283415503	-0	0.220532424263591	0	0.08956909099336328	-5.243253838900091	2.109644648345538	-0	0.3312732829761758	0	-0.09478689634274365	0	-2.219101506995003e-06	0	0	0	0
0.4408464176868636	60.40007487991418	748.6535021898702	-0	0.220526892724864	0	0.08956909543805941	-5.687680663558362	2.264786791395006	-0	0.3384154615835433	0	-0.09478689634274365	0	-2.41939238421196e-06	0	0	0	0
0.4430842167614161	61.54898707234456	744.6539670270437	-0	0.2205227632415628	0	0.08956910051027761	-6.138168257887005	2.419461350041056	-0	0.3456601483729762	0	-0.09478689634274365	0	-2.656409161083673e-06	0	0	0	0
0.4453220158359687	62.72957180195042	740.4806627428843	-0	0.2205195838245008	0	0.08956910641458798	-6.583547690896997	2.569562610025871	-0	0.3530087757007436	0	-0.09478689634274365	0	-2.949860484768863e-06	0	0	0	0
0.4475598149105213	63.85743044584377	736.1798705028848	-0	0.2205162974814813	0	0.08956911317667131	-7.011628859181274	2.710785833646413	-0	0.3604617255697748	0	-0.09478689634274365	0	-3.287863755474518e-06	0	0	0	0
0.4497976139850739	64.97780141867966	731.7862790997262	-0	0.2205135466963167	0	0.08956912080967473	-7.409401647569904	2.838677051679809	-0	0.3680190030891511	0	-0.09478689634274366	0	-3.659529093091862e-06	0	0	-1.110223024625157e-16	0
0.4520354130596265	66.15813328322439	727.2866935261479	-0	0.2205122664567426	0	0.08956912947808025	-7.764485744466479	2.949144169340195	-0	0.3756797397622212	0	-0.09478689634274365	0	-4.079774866383445e-06	0	0	0	0
0.4542732121341792	67.38859633489828	722.6626918647783	-0	0.2205123773503701	0	0.0895691394157854	-8.065657427757568	3.038643034150333	-0	0.383442642241508	0	-0.09478689634274365	0	-4.569799249232176e-06	0	0	0	0
0.4565110112087318	68.63924683035503	717.892102394324	-0	0.2205136078298127	0	0.08956915090974021	-8.304873994659166	3.104894996001222	-0	0.3913053332004969	0	-0.09478689634274365	0	-5.15150442303991e-06	0	0	0	0
0.4587488102832843	69.85508023390544	712.9643013354382	-0	0.2205153583229157	0	0.08956916428666485	-8.477041365305899	3.146719212393457	-0	0.3992648250786249	0	-0.09478689634274363	0	-5.846702501699497e-06	0	0	1.110223024625157e-16	0
0.460986609357837	70.9620134228845	707.9030813228479	-0	0.2205167384392669	0	0.08956917984764064	-8.580558798489413	3.164162925580464	-0	0.4073171268237116	0	-0.09478689634274365	0	-6.667115965974801e-06	0	0	0	0
0.4632244084323895	72.04019310414181	702.7247624930135	-0	0.2205190004825498	0	0.08956919796613859	-8.616665740885574	3.158212201526044	-0	0.4154577699452223	0	-0.09478689634274365	0	-7.631110142902742e-06	0	0	0	0
0.4654622075069422	73.23725629170769	697.4364119827181	-0	0.2205242747130358	0	0.08956921917172291	-8.588667755099511	3.130458103299239	-0	0.4236818141337948	0	-0.09478689634274365	0	-8.77489354422778e-06	0	0	0	0
0.4677000065814948	74.52267679295234	692.0530614605063	-0	0.2205321571018274	0	0.08956924409362511	-8.50216308751553	3.083226268627131	-0	0.4319840753920116	0	-0.09478689634274366	0	-1.013787504877683e-05	0	0	-1.110223024625157e-16	0
0.4699378056560474	75.80377946911447	686.5766739832928	-0	0.2205414016237568	0	0.08956927343309776	-8.366048912782333	3.019969152212715	-0	0.440358659123025	0	-0.09478689634274365	0	-1.175695170907431e-05	0	0	0	0
0.4721756047306	77.07251719798892	681.0015428914888	-0	0.2205519776753649	0	0.08956930807525343	-8.191119543204294	2.94471930580845	-0	0.448799160230154	0	-0.09478689634274365	0	-1.368381806088337e-05	0	0	0	0
0.4744134038051526	78.33364390104848	675.3291252476606	-0	0.2205640561778219	0	0.08956934926005143	-7.989749502355031	2.861992748153775	-0	0.4572981563400841	0	-0.09478689634274365	0	-1.600703079684962e-05	0	0	0	0
0.4766512028797052	79.56654921003289	669.5729707524886	-0	0.2205774649953912	0	0.08956939856708773	-7.774966854525319	2.776441903069484	-0	0.4658476973522963	0	-0.09478689634274365	0	-1.883789416101678e-05	0	0	0	0
0.4788890019542578	80.74821928117768	663.7735040697468	-0	0.2205919722305725	0	0.08956945782829098	-7.560529090329394	2.6929052940454	-0	0.4744387736102573	0	-0.09478689634274363	0	-2.228714118590602e-05	0	0	1.110223024625157e-16	0
0.4811268010288104	81.88932083967471	657.9716133763628	-0	0.2206078127703025	0	0.0895695293155617	-7.359198696769707	2.615793316759491	-0	0.4830619628635134	0	-0.09478689634274365	0	-2.649138582544452e-05	0	0	0	0
0.483364600103363	83.01359992636107	652.2031643376592	-0	0.2206254044655206	0	0.08956961597374447	-7.180920924925028	2.548451503551622	-0	0.4917074652425938	0	-0.09478689634274365	0	-3.164052058668432e-05	0	0	0	0
0.4856023991779156	84.12228949086479	646.498327808404	-0	0.2206448613622016	0	0.08956972157637244	-7.034827584090755	2.493946857904769	-0	0.5003655908919215	0	-0.09478689634274365	0	-3.797991790577271e-05	0	0	0	0
0.4878401982524683	85.2084440188062	640.8688417888247	-0	0.220666243793002	0	0.08956985096333928	-6.931901543922899	2.45605953106958	-0	0.5090260579142218	0	-0.09478689634273842	0	-4.582342997849764e-05	0	0	2.109423746787797e-15	0
0.4900779973270208	86.26340799200734	635.3252037491865	-0	0.2206896234117781	0	0.08957001032004443	-6.882919400646573	2.438521275832104	-0	0.5176784355209834	0	-0.09478689634270197	0	-5.556687787500181e-05	0	0	1.532107773982716e-14	0
0.4923157964015734	87.27564600260786	629.8862549550607	-0	0.220715038710572	0	0.08957020736855094	-6.896957816528759	2.444473436834176	-0	0.5263122144158981	0	-0.09478689634245985	0	-6.768280233071522e-05	0	0	9.681144774731365e-14	0
0.494553595476126	88.22212253367285	624.5727891371704	-0	0.220742383321895	0	0.08957045184684234	-6.981312075156299	2.476454188815653	-0	0.5349175430574313	0	-0.09478689634077818	0	-8.274913712202903e-05	0	0	6.249445405615006e-13	0
0.4967913945506787	89.06829497332593	619.4056740494223	-0	0.2207714264700974	0	0.08957075593109633	-7.135209692781833	2.534091167252455	-0	0.5434869992138156	0	-0.09478689632926016	0	-0.0001014686673794785	0	0	4.000466624631827e-12	0
0.4990291936252313	89.82390988293085	614.3954119127716	-0	0.2208026922568934	0	0.08957113498316471	-7.362888255277267	2.618947924456045	-0	0.5520148112402621	0	-0.09478689625146061	0	-0.0001247057125119966	0	0	2.528999232254137e-11	0
0.5012669926997839	90.51747135900517	609.5358428773991	-0	0.2208370834975642	0	0.08957160817682201	-7.692078526237692	2.741326650054785	-0	0.5604930049872876	0	-0.09478689573873694	0	-0.0001535020666345588	0	0	1.566232699090619e-10	0
0.5035047917743365	91.18930478389174	604.828528808788	-0	0.2208757595418165	0	0.08957219932380077	-8.147179541021277	2.910333870547338	-0	0.5689128065114218	0	-0.09478689247000767	0	-0.0001890945999960536	0	0	9.420828561701455e-10	0
0.5057425908488891	91.90473520465305	600.3063635522142	-0	0.2209202550976053	0	0.08957293742618251	-8.733977088816836	3.128306601581559	-0	0.5772679672245746	0	-0.09478687241996353	0	-0.0002329088572388116	0	0	5.456694540661999e-09	0
0.5079803899234416	92.67603608372637	596.0212397740685	-0	0.2209713648970923	0	0.08957385728515552	-9.4461627154265	3.393223713814464	-0	0.5855543322219371	0	-0.09478675464362162	0	-0.0002865139039691655	0	0	3.015394112182435e-08	0
0.5102181889979943	93.491798190449	592.0422925358256	-0	0.221029601574119	0	0.08957499954772591	-10.24471139815804	3.691074212917545	-0	0.5937677874831933	0	-0.09478609345834979	0	-0.0003515540739869039	0	0	1.573563939150091e-07	0
0.512455988072547	94.33950677997971	588.4315066782219	-0	0.2210956089165483	0	0.08957641082660879	-11.06864760140297	3.999742248254992	-0	0.6018642928372963	0	-0.09478255650967037	0	-0.000429647467088401	0	0	7.657042477848819e-07	0
0.5146937871470996	95.18887134011342	585.2338046791588	-0	0.2211698861055074	0	0.08957814184255035	-11.82818348585216	4.28636674171109	-0	0.6095820825700803	0	-0.09476458795349443	0	-0.0005221099932217754	0	0	3.413995490531008e-06	0
0.5169315862216521	96.03698764619008	582.4915961749048	-0	0.2212533866362915	0	0.08958024559155231	-12.46333768342934	4.528439480101663	-0	0.6155962675052878	0	-0.09467879961623976	0	-0.000629759286127296	0	0	1.352669909948645e-05	0
0.5191693852962047	96.89715011975635	580.2657267273918	-0	0.2213471502942241	0	0.0895827727079707	-13.21251020981849	4.812107702036216	-0	0.6142916873174811	0	-0.0943097352690936	0	-0.0007525839912201349	0	0	4.416347283231481e-05	0
0.5214071843707573	97.80779893352971	578.6056291577395	-0	0.2214523717591128	0	0.08958576644181465	-15.92011700394417	5.811215643643154	-0	0.5908457428568307	0	-0.09311974586838866	0	-0.0008893716337237123	0	0	9.571811721564849e-05	0
0.52364498344531	98.83460013320285	577.5381985231542	-0	0.2215701605592891	0	0.0895892539298553	-27.37120207166236	10.0153982041062	-0	0.5463064087425927	0	-0.09122432337954679	0	-0.001037185595393453	0	0	8.981999054125112e-05	0
0.5258827825198625	99.99295921284214	577.0605538374125	-0	0.2217001239900185	0	0.08959323603726291	-62.83294833835806	23.10993151905844	-0	0.5196677891081114	0	-0.09007993477246051	0	-0.001190787116430059	0	0	1.256793838511072e-05	0
0.5281205815944151	101.2601632458142	576.9884163742248	-0	0.2218407516083762	0	0.08959768020165136	-132.5618134295602	49.57848167763612	-0	0.5145222415919354	0	-0.08974496874895753	0	-0.001342490414403485	0	0	-4.528834604400345e-05	0
0.5303583806689678	102.6162290908525	577.0411212022752	-0	0.2219896647465285	0	0.08960251243533601	-222.5124579807924	86.15896497209164	-0	0.5164625772697318	0	-0.0896641956829325	0	-0.001482265133963878	0	0	-8.617905516317137e-05	0
0.5325961797435204	104.1894119863664	576.344737996696	-0	0.2221467954742674	0	0.0896076153574316	-398.0444353054884	165.0921930953745	-0	0.5201434408100265	0	-0.08964293103659486	0	-0.001596887798463342	0	0	-0.0001549357090979697	0
0.5348339788180729	105.9709397301334	573.5227669259128	-0	0.2223102228037019	0	0.08961283524370932	-619.4594497523254	293.3572734891981	-0	0.5249628229717591	0	-0.08965978839406731	0	-0.001671758073518603	0	0	-0.0002383857048542382	0
0.5370717778926256	107.3561185052975	567.2746240208713	-0	0.2224687602437468	0	0.0896179965746314	-731.1222925257081	423.2905263646281	-0	0.530901492624293	0	-0.08972240736313364	0	-0.00169694581133939	0	0	-5.752497287403457e-05	0
0.5393095769671782	107.9130150776271	556.8157153173032	-0	0.2226128367785809	0	0.08962291680521395	-733.9634275788897	547.4197568397799	-0	0.5383282492024143	0	-0.08986119911050058	0	-0.001669853794217246	0	0	0.0009681181206246947	0
0.5415473760417308	107.6823752053461	541.7028670267413	-0	0.2227402590347466	0	0.08962744151242848	-685.6810183992474	683.293454079384	-0	0.5472270258196507	0	-0.09008881478432587	0	-0.001595176374177498	0	0	0.003057781582874952	0
0.5437851751162834	106.4071413271152	521.4143197893347	-0	0.222847098297639	0	0.08963149082654685	-336.8881158205765	880.3456667655653	-0	0.5598679444021031	0	-0.09043216258926377	0	-0.001484279266994903	0	0	0.03473551340270475	0
0.546022974190836	104.4428338067406	494.4119363462014	-0	0.2229477119893123	0	0.08963514802711978	-244.1731976120475	1065.37033282208	-0	0.5621457073232736	0	-0.09048807034796354	0	-0.001352430225818324	0	0	0.006263172872387202	0
0.5482607732653886	101.4516039109395	459.9552335454928	-0	0.2230437819549218	0	0.08963846244459332	-179.884999710609	1189.814857422218	-0	0.559099754107272	0	-0.0903688624305172	0	-0.001208309350216652	0	0	-0.01384663115277363	0
0.5504985723399412	96.90695119411825	419.8608948515489	-0	0.2231205144236737	0	0.08964132863866039	-141.239746527983	1288.937699478549	-0	0.5569596757896472	0	-0.09028868740616883	0	-0.00105701501452593	0	0	-0.02232650199726471	0
0.5527363714144938	91.17861182580326	376.0493433269226	-0	0.2231795533527219	0	0.08964371708702812	-125.7498811954588	1372.977006957045	-0	0.5566017531221895	0	-0.09027571842852117	0	-0.0009067114719005787	0	0	-0.0249682717829689	0
0.5549741704890464	84.52740103608778	330.1659378757059	-0	0.2232246280922404	0	0.08964570026864607	-130.2657340581433	1439.445414233613	-0	0.5570858184293355	0	-0.09029565481477497	0	-0.0007647302795463773	0	0	-0.02476241829253389	0
0.5572119695635991	77.21557766875451	283.6217878934244	-0	0.2232655646754344	0	0.08964750498812929	-138.2311414321926	1486.048257332475	-0	0.5576551137593958	0	-0.09031877731033339	0	-0.0006380886752079817	0	0	-0.02372202889868902	0
0.5594497686381517	69.4405299705343	237.4469242589394	-0	0.2233258160780484	0	0.08964975657676115	-146.8836940836059	1514.578508143835	-0	0.5581247849346236	0	-0.09033824945421749	0	-0.0005343953089429476	0	0	-0.02246418992882937	0
0.5616875677127042	61.27809393641436	192.553637843291	-0	0.2234428143567347	0	0.08965355576070597	-152.6269299865132	1528.004683036432	-0	0.5584547266759756	0	-0.09035209942062584	0	-0.0004573032267130017	0	0	-0.02129776657160498	0
0.5639253667872568	52.72086863315518	149.6038176295032	-0	0.2236909758193074	0	0.08966115812246241	-156.5624590910334	1530.115585150911	-0	0.5587443726094499	0	-0.09036403784202139	0	-0.0004090013878572663	0	0	-0.02001666338394692	0
0.5661631658618095	43.48784875647305	109.1061914634306	-0	0.2242133769632565	0	0.08967727004056475	-159.2848383207307	1524.149325278792	-0	0.559061155400927	0	-0.09037652652760339	0	-0.0003886539868114269	0	0	-0.01850776059030679	0
0.5684009649363621	32.96459327365613	71.10182114333935	-0	0.2254100314453953	0	0.08971552790596717	-161.4350223543183	1511.874866857218	-0	0.5593751049679397	0	-0.09038863645229651	0	-0.0003960960833024885	0	0	-0.01693765022008442	0
0.5706387640109147	19.29559426010557	34.58751232552703	-0	0.2292817161824224	0	0.08984773665628118	-162.5517038079065	1494.734933114767	-0	0.5596724498947449	0	-0.09039979286847595	0	-0.0004315917753505705	0	0	-0.01540884426033351	0
0.5728765630854673	1.766419459463886	2.646009155214803	-0	0.3207351951299028	0	0.0931865946212035	-162.8362846883057	1473.667567916909	-0	0.559937445615844	0	-0.09040949672398629	0	-0.0001734384015286694	0	0	-0.01398831485248664	0
0.5751143621600199	0.2165748299738715	0.3965998193307096	-0	0.8999517000063058	0	0.1146419297112062	-162.1576111634644	1449.043273779003	-0	0.5601656689225704	0	-0.0904175827769552	0	0.0027413179499008	0	0	-0.01269172149996045	0
0.5773521612345724	1.68340884745575	1.851128013137382	-0	0.3729483187199393	0	0.09516325087526854	-160.7206092245848	1421.251356788893	-0	0.5603486447919009	0	-0.09042381308167642	0	6.964599507913727e-06	0	0	-0.01153595825453202	0
0.5795899603091251	1.909107578013379	2.057549159257541	-0	0.3627872389538536	0	0.09480665361384742	-158.4590294861777	1391.135037835795	-0	0.560488752247333	0	-0.09042825230099158	0	4.192037212080724e-07	0	0	-0.01051410670342356	0
0.5818277593836777	2.036293374585254	2.154889398681578	-0	0.3617030228870876	0	0.09478780085743811	-155.6067521661797	1359.691256549484	-0	0.5606044962663732	0	-0.09043158950651058	0	2.128506007559317e-08	0	0	-0.009574845574983115	0
0.5840655584582303	2.167074965281785	2.254570173934391	-0	0.3610652962859086	0	0.09478693249732957	-152.3755273956552	1327.757989643848	-0	0.5607101015193867	0	-0.09043436117938521	0	9.165994074855632e-10	0	0	-0.008685165282482643	0
0.586303357532783	2.309262554725184	2.364751872289545	-0	0.3604112789455367	0	0.09478689762829748	-148.9268522777736	1295.997472503308	-0	0.5608128382852129	0	-0.09043685026357549	0	3.420727590075501e-11	0	0	-0.007835523775394648	0
0.5885411566073355	2.464578137689162	2.487006250964706	-0	0.3597202710631773	0	0.09478689638368536	-145.3935656263914	1264.858957680026	-0	0.5609057341217513	0	-0.09043884198667232	0	1.114386360967501e-12	0	0	-0.007049488912413082	0
0.5907789556818882	2.634374810288025	2.622503231581815	-0	0.3589929980163301	0	0.09478689634390917	-141.7370572022846	1234.516052154582	-0	0.5609614683411558	0	-0.09043937517565144	0	3.153033389935445e-14	0	0	-0.006389594457919756	0
0.5930167547564408	2.81988447452373	2.772297673934323	-0	0.3582312443161487	0	0.09478689634277333	-137.7828774523058	1205.190749000511	-0	0.5609744889371522	0	-0.0904382099880558	0	7.216449660063518e-16	0	0	-0.005858342326114041	0
0.5952545538309933	3.022506994153031	2.937655745855662	-0	0.3574374273357172	0	0.09478689634274437	-133.5657553687344	1177.158002437681	-0	0.5609622950646781	0	-0.09043596805118181	0	0	0	0	-0.005404420493951179	0
0.597492352905546	3.243774555247057	3.120016687227537	-0	0.3566142007904289	0	0.09478689634274366	-129.2209551161653	1150.566861609642	-0	0.5609338599984893	0	-0.09043300638238831	0	0	0	0	-0.005000771693358885	0
0.5997301519800986	3.484853921218669	3.320580348102732	-0	0.3557647583835948	0	0.09478689634274365	-124.8274772352125	1125.459642968826	-0	0.5608920186476587	0	-0.09042945359252422	0	0	0	0	-0.004637836748836222	0
0.6019679510546512	3.746806067181863	3.540542438940363	-0	0.3548924956340652	0	0.09478689634274365	-120.4528330291144	1101.851428699095	-0	0.5608395239723257	0	-0.0904254343557547	0	0	0	0	-0.004307239948794006	0
0.6042057501292039	4.029396344659397	3.77997088902074	-0	0.3540010190690737	0	0.09478689634274365	-116.1599092862519	1079.756346146391	-0	0.5607775469052185	0	-0.09042101664696828	0	0	0	0	-0.004004841232310596	0
0.6064435492037564	4.332364519774531	4.039049197958652	-0	0.3530939653684693	0	0.09478689634274365	-111.9560279425923	1059.180967552765	-0	0.5607118709167782	0	-0.09041641250251187	0	0	0	0	-0.003719074601232109	0
0.608681348278309	4.656745853890683	4.319312429871314	-0	0.3521752144560839	0	0.09478689634274365	-107.8668518661813	1040.111660913319	-0	0.5606530384451166	0	-0.09041200573458065	0	0	0	0	-0.003431292609457515	0
0.6109191473528616	5.005947204028971	4.624558656971916	-0	0.3512488801831349	0	0.09478689634274365	-103.9182672793334	1022.455947878707	-0	0.5606044950611924	0	-0.09040793431661609	0	0	0	0	-0.003137290201511433	0
0.6131569464274143	5.390105225382334	4.964663711941821	-0	0.3503196096412091	0	0.09478689634274365	-100.0578624047325	1006.012503723802	-0	0.5605612090126924	0	-0.09040401633779384	0	0	0	0	-0.0028480817622345	0
0.6153947455019668	5.821363244578265	5.351399200993964	-0	0.3493925329741308	0	0.09478689634274365	-96.26437302684117	990.5666959789966	-0	0.5605180498281395	0	-0.09040007780104918	0	0	0	0	-0.002572675956466597	0
0.6176325445765195	6.300147622834105	5.786279495969199	-0	0.3484727532486644	0	0.09478689634274365	-92.53546048217713	975.8943500231942	-0	0.5604692738135287	0	-0.0903959303039997	0	0	0	0	-0.00231898835688682	0
0.6198703436510721	6.821391770641325	6.267177035486748	-0	0.3475653268499203	0	0.09478689634274365	-88.87097133161569	961.8689123620943	-0	0.560416865754429	0	-0.09039165288452658	0	0	0	0	-0.002081478332261355	0
0.6221081427256246	7.377393669196487	6.793473391677572	-0	0.3466780015297602	0	0.09478689634274365	-85.34564352432353	948.5438221802077	-0	0.5603724234453339	0	-0.09038767988798183	0	0	0	0	-0.001839440861288288	0
0.6243459418001772	7.959965578749405	7.365851814046143	-0	0.3458205749846694	0	0.09478689634274365	-81.9727219177955	935.864960615508	-0	0.5603420366711406	0	-0.09038423286537249	0	0	0	0	-0.001584037492754042	0
0.6265837408747299	8.55853874724164	7.981335843853071	-0	0.345003709249933	0	0.09478689634274365	-78.68559795471168	923.5348047950094	-0	0.5603248670874043	0	-0.09038126812777908	0	0	0	0	-0.00131881079131535	0
0.6288215399492825	9.160982054830997	8.635291450890966	-0	0.3442380577187158	0	0.09478689634274365	-75.43275637039554	911.2762833142068	-0	0.5603229902966574	0	-0.09037884787231679	0	0	0	0	-0.001042089407371272	0
0.631059339023835	9.75263938858641	9.319268368130745	-0	0.3435329475263973	0	0.09478689634274365	-72.1811514666847	898.8963735180719	-0	0.5603412912154521	0	-0.0903771354122206	0	0	0	0	-0.0007480104189845349	0
0.6332971380983877	10.31779723314228	10.02295443187597	-0	0.3428972797607988	0	0.09478689634274365	-68.96749532875785	886.3047617598936	-0	0.5603874453211141	0	-0.09037641412060683	0	0	0	0	-0.0004260505498683287	0
0.6355349371729403	10.84166166165449	10.73546465768426	-0	0.3423382344018805	0	0.09478689634274365	-65.89417171150399	873.6165161316588	-0	0.5604752201519959	0	-0.09037719674356302	0	0	0	0	-5.728635723745157e-05	0
0.6377727362474929	11.31130143236253	11.4462588132262	-0	0.3418626692294554	0	0.09478689634274365	-63.08018474082148	860.934777361121	-0	0.5606047038881061	0	-0.09037952358182057	0	0	0	0	0.0003535939227354845	0
0.6400105353220455	11.71828986783142	12.1478702519142	-0	0.3414760420903243	0	0.09478689634274365	-60.54514366533685	848.3232651405943	-0	0.5607557524347035	0	-0.09038269076656021	0	0	0	0	0.0007690148532413232	0
0.6422483343965981	12.05795097780787	12.835185892936	-0	0.3411836313597815	0	0.09478689634274365	-58.17695877544367	835.8525140514955	-0	0.5609146392257121	0	-0.09038616950660719	0	0	0	0	0.001162376738558457	0
0.6444861334711507	12.33038197297837	13.50694874130487	-0	0.3409895729086181	0	0.09478689634274363	-55.85884335788747	823.5615845092444	-0	0.5610728143063162	0	-0.09038961553857987	0	2.220446049250313e-16	0	0	0.001518750915019851	0
0.6467239325457034	10.99549198876794	14.19466764122473	-0	0.3409748075506597	0	0.09478689634274365	-53.48788879533618	811.5053865210718	-0	0.5612307723768138	0	-0.09039300732979325	0	0	0	0	0.001839473910855816	0
0.6489617316202559	8.193500169847145	14.99080224563527	-0	0.3410867697730217	0	0.09478689634274365	-51.02573840699129	799.7725398973722	-0	0.5614037772023971	0	-0.09039686564261362	0	0	0	0	0.002149734684040894	0
0.6511995306948085	5.453480965933532	15.96563502649065	-0	0.3412355346292532	0	0.09478689634274365	-48.48393027096637	788.4582335549169	-0	0.561607963223461	0	-0.09040176080895745	0	0	0	0	0.002474720559885846	0
0.6534373297693612	2.711387935738523	17.14688675211532	-0	0.3414190460615792	0	0.09478689634274365	-45.88764296040339	777.6647210273486	-0	0.5618624894609815	0	-0.09040837193676751	0	0	0	0	0.002840695698687945	0
0.6556751288439138	-0.07368905768507406	18.57502293932307	-0	0.3416330098365158	0	0.09478689634274365	-43.44591375641253	767.3118313004217	-0	0.5621421271808692	0	-0.09041590317636646	0	0	0	0	0.003204667221215818	0
0.6579129279184663	-2.943727744836919	20.29644122117743	-0	0.3418726198755862	0	0.09478689634274365	-41.12624585821094	757.038709198273	-0	0.5623633448836945	0	-0.09042143030024107	0	0	0	0	0.003437349079073559	0
0.660150726993019	-5.938518602534963	22.36554393301792	-0	0.3421332915929423	0	0.09478689634274365	-38.12686601053802	747.1039411434581	-0	0.562601601513253	0	-0.0904272703898116	0	0	0	0	0.003657883795368022	0
0.6623885260675716	-9.090288146674501	24.83348492266396	-0	0.3424113946140946	0	0.09478689634274365	-34.50549642332215	738.747057879227	-0	0.5631317097667012	0	-0.09044304792190878	0	0	0	0	0.004281100620325162	0
0.6646263251421242	-12.41064285969518	27.73871513080021	-0	0.3427043042643655	0	0.09478689634274365	-32.34741780355303	732.0148373453475	-0	0.5638928811366882	0	-0.09046748254832815	0	0	0	0	0.005210406371827681	0
0.6668641242166767	-15.87728695494472	31.08369205796945	-0	0.3430106991438638	0	0.09478689634274365	-32.13665718545212	725.174633044324	-0	0.5644406512166419	0	-0.09048520367789956	0	0	0	0	0.00573276964373548	0
0.6691019232912293	-19.41701351747311	34.81803377032676	-0	0.3433299144635952	0	0.09478689634274365	-31.44041711905226	717.732037738314	-0	0.5647054975975132	0	-0.09049277768235617	0	0	0	0	0.005733954018781073	0
0.671339722365782	-22.91804755279018	38.82791795180215	-0	0.3436618512914428	0	0.09478689634274365	-29.44378884310303	711.0282306758916	-0	0.5650202511676028	0	-0.09050154977239064	0	0	0	0	0.005778739482433792	0
0.6735775214403347	-26.24300028594458	42.9378378669175	-0	0.3440058514308871	0	0.09478689634274365	-27.43286770578367	705.7204710231152	-0	0.5655089183309824	0	-0.09051641281407864	0	0	0	0	0.006072775790638474	0
0.6758153205148871	-29.28569238939681	46.95043378659469	-0	0.3443608080319406	0	0.09478689634274366	-25.80926381907748	701.3927167864204	-0	0.5660849623916414	0	-0.09053449164744286	0	4.440892098500626e-16	0	0	0.006456954203162724	0
0.6780531195894398	-31.95820222331356	50.66489151976588	-0	0.344725047927352	0	0.09478689634274365	-24.23541325812574	697.7625537809786	-0	0.5667191816708068	0	-0.09055461646600813	0	0	0	0	0.006864884802938676	0
0.6802909186639925	-34.16330292006079	53.90612025997144	-0	0.3450979868952758	0	0.09478689634274366	-22.66126471876699	694.7738786468655	-0	0.5674333618234992	0	-0.09057753278147368	0	4.440892098500626e-16	0	0	0.007321317333805588	0
0.682528717738545	-35.85311769150824	56.54211635016521	-0	0.3454784881586709	0	0.09478689634274365	-21.21811363087543	692.3383220019986	-0	0.5682339654452682	0	-0.09060352136585542	0	0	0	0	0.007826864162341796	0
0.6847665168130976	-37.05963229499798	58.53670785210254	-0	0.345865141306619	0	0.09478689634274365	-19.97820016662958	690.3102675193692	-0	0.5691110352643567	0	-0.09063225916414439	0	0	0	0	0.008355521354947104	0
0.6870043158876503	-37.86970432144906	59.92962645358488	-0	0.3462562776066436	0	0.09478689634274366	-18.93257063044663	688.5925317460321	-0	0.5700604126997147	0	-0.0906635923532953	0	4.440892098500626e-16	0	0	0.008890606098601594	0
0.6892421149622028	-38.41743535997262	60.84925594348204	-0	0.3466503283377252	0	0.09478689634274365	-18.08634867024045	687.1863996780817	-0	0.5710818569143126	0	-0.09069751014971966	0	0	0	0	0.009425126710435494	0
0.6914799140367555	-38.84298371580142	61.4571156140074	-0	0.3470459084270816	0	0.09478689634274365	-17.4280963482675	686.1081541002685	-0	0.5721761480847147	0	-0.09073403088502513	0	0	0	0	0.009953615267207727	0
0.6937177131113081	-39.25263675234872	61.89350575446712	-0	0.3474420739378748	0	0.09478689634274365	-16.93660347066038	685.3835199492941	-0	0.5733457918130158	0	-0.09077323041039957	0	0	0	0	0.01047325232208673	0
0.6959555121858606	-39.76295371245149	62.22733413250937	-0	0.3478362304707211	0	0.09478689634274365	-16.59944563908248	685.0400693044819	-0	0.5745923666240026	0	-0.09081515612085898	0	0	0	0	0.01097974291923598	0
0.6981933112604133	-40.48366463016852	62.33232391539715	-0	0.3482237606421909	0	0.09478689634274365	-16.39700363468063	685.1183970705406	-0	0.5759170055670938	0	-0.0908598377350486	0	0	0	0	0.01146828259868626	0
0.700431110334966	-41.30644854213556	62.16344681919107	-0	0.3486092775678259	0	0.09478689634274365	-16.33451443788465	685.6344611884779	-0	0.577318395393948	0	-0.09090722947995829	0	0	0	0	0.0119301823028295	0
0.7026689094095184	-41.80285771135378	61.99366084242915	-0	0.3490110225485534	0	0.09478689634274365	-16.41612548826738	686.5347600060692	-0	0.5787941818055959	0	-0.09095724949970005	0	0	0	0	0.01235377992440156	0
0.704906708484071	-41.83568477142495	61.98883213236424	-0	0.3494331489250458	0	0.09478689634274365	-16.63958150191561	687.7907547916382	-0	0.5803417551607536	0	-0.09100980444494766	0	0	0	0	0.01272841368823019	0
0.7071445075586237	-41.76232332599027	61.97544637054567	-0	0.3498575358823651	0	0.09478689634274365	-17.00196540342757	689.46577772917	-0	0.5819554906691433	0	-0.091064694381835	0	0	0	0	0.01304392703176482	0
0.7093823066331763	-41.76552169996778	61.83183368487224	-0	0.3502755569873469	0	0.09478689634274365	-17.48373348392563	691.6171454612901	-0	0.5836302017353076	0	-0.09112172923117758	0	0	0	0	0.01329168783733592	0
0.7116201057077289	-41.69548164336626	61.63773383793053	-0	0.3506943478087314	0	0.09478689634274365	-18.06579996405536	694.2492897012742	-0	0.5853629590996902	0	-0.09118080026419688	0	0	0	0	0.01346509763836257	0
0.7138579047822816	-41.46766735726306	61.45391827415433	-0	0.3511171640317992	0	0.09478689634274365	-18.74123945173588	697.3497007132499	-0	0.5871493229597906	0	-0.09124175067912707	0	0	0	0	0.01355604090120099	0
0.7160957038568341	-41.12605176893627	61.25437985334756	-0	0.3515407358397424	0	0.09478689634274365	-19.49484863081338	700.8975529320996	-0	0.5889836567181713	0	-0.09130437937929343	0	0	0	0	0.013556049775306	0
0.7183335029313866	-40.69345453168181	61.01073603886591	-0	0.3519629394727291	0	0.09478689634274365	-20.31565939868042	704.8659093536726	-0	0.5908597608452498	0	-0.09136846757393396	0	0	0	0	0.01345743478466011	0
0.7205713020059393	-40.15024857924781	60.70810983700824	-0	0.3523836656876762	0	0.09478689634274365	-21.19434344455145	709.220706546866	-0	0.5927712029607507	0	-0.09143378956653229	0	0	0	0	0.01325394822764792	0
0.7228091010804919	-39.48585613575771	60.32592659895622	-0	0.352802356887421	0	0.09478689634274365	-22.1186148051828	713.9346326654688	-0	0.5947124977984563	0	-0.09150015226570447	0	0	0	0	0.01294214008672245	0
0.7250469001550446	-38.70813765523764	59.83086619624243	-0	0.3532178255542559	0	0.09478689634274365	-23.08465246254219	718.9929568833597	-0	0.5966788534654175	0	-0.09156739002205783	0	0	0	0	0.01252092245341663	0
0.7272846992295973	-37.82352574394935	59.19293060524328	-0	0.353629237512063	0	0.09478689634274365	-24.08668123972038	724.376334566436	-0	0.5986649164760838	0	-0.09163531668804321	0	0	0	0	0.0119895932533387	0
0.7295224983041497	-36.83615261112892	58.39515110213074	-0	0.3540363729142339	0	0.09478689634274365	-25.11272081303638	730.0625722148759	-0	0.6006651070495367	0	-0.09170373625605106	0	0	0	0	0.0113483608592535	0
0.7317602973787023	-35.75122815692135	57.42580936327579	-0	0.3544391427117343	0	0.09478689634274365	-26.14989069392015	736.0275024153026	-0	0.6026741474834523	0	-0.09177246327421923	0	0	0	0	0.01059888801103837	0
0.733998096453255	-34.57450978606975	56.28009971986216	-0	0.3548376521050838	0	0.09478689634274365	-27.18506464503173	742.2428492966865	-0	0.6046873785614907	0	-0.0918413343555923	0	0	0	0	0.009744239695514523	0
0.7362358955278075	-33.31326366746996	54.95708889086579	-0	0.3552320357132018	0	0.09478689634274365	-28.20539193623802	748.6798056853588	-0	0.6067007853879199	0	-0.09191020903982884	0	0	0	0	0.008788813328714173	0
0.7384736946023602	-31.97683321507343	53.46144372493768	-0	0.35562247275063	0	0.09478689634274365	-29.20015202013304	755.3052705589827	-0	0.6087114178003056	0	-0.09197898527590224	0	0	0	0	0.007738062379501809	0
0.7407114936769129	-30.57787812036549	51.8010785608141	-0	0.3560090691790151	0	0.09478689634274365	-30.16021420349933	762.0828107179267	-0	0.6107169491035174	0	-0.0920475835189124	0	0	0	0	0.006598125694885937	0
0.7429492927514654	-29.13552160419339	49.98941771712967	-0	0.3563918248106088	0	0.09478689634274363	-31.07937258047485	768.973980611021	-0	0.6127158243465556	0	-0.09211595225531488	0	-4.440892098500626e-16	0	0	0.005375587603847709	0
0.7451870918260179	-27.67093873381783	48.04383949139647	-0	0.3567707360552347	0	0.09478689634274365	-31.95702557299337	775.9429091295899	-0	0.6147065117783946	0	-0.09218404227271679	0	0	0	0	0.004077316815232379	0
0.7474248909005706	-26.20980088219679	45.98845899213749	-0	0.3571458163830492	0	0.09478689634274365	-32.79341640818843	782.9509907543109	-0	0.6166880974920036	0	-0.09225182604446966	0	0	0	0	0.002710369787791489	0
0.7496626899751232	-24.77544120292416	43.84881856851165	-0	0.3575171945562359	0	0.09478689634274365	-33.59270776740745	789.9512525678608	-0	0.6186602847882717	0	-0.09231929893680531	0	0	0	0	0.001281983079588933	0
0.7519004890496759	-23.38949301917255	41.65106363924984	-0	0.3578851583271996	0	0.09478689634274365	-34.3680228788738	796.9045499949752	-0	0.6206223211891215	0	-0.09238644215279689	0	0	0	0	-0.0002005081155380672	0
0.7541382881242286	-22.0702626154665	39.4198265079293	-0	0.3582501321123422	0	0.09478689634274365	-35.14111593883316	803.7895571404257	-0	0.6225721645320862	0	-0.0924531930667354	0	0	0	0	-0.00172945265644886	0
0.756376087198781	-20.83122688136883	37.17494330420956	-0	0.3586128029385464	0	0.09478689634274365	-35.93034093343955	810.5911196019761	-0	0.6245072591460392	0	-0.09251946884840558	0	0	0	0	-0.003296745217345798	0
0.7586138862733336	-19.68081516713809	34.93330956207159	-0	0.3589741176956426	0	0.09478689634274365	-36.74359238185008	817.280034897163	-0	0.6264261291057445	0	-0.09258522162158524	0	0	0	0	-0.004893828063674999	0
0.7608516853478863	-18.62359512300048	32.70803907407279	-0	0.3593353846328296	0	0.09478689634274365	-37.59363812736213	823.83357172872	-0	0.6283265297814715	0	-0.09265037723138084	0	0	0	0	-0.006511604047220398	0
0.7630894844224388	-17.66155886266261	30.51117944276876	-0	0.3596982012339172	0	0.09478689634274365	-38.4779645263252	830.2465028098347	-0	0.630205507299666	0	-0.09271483110090339	0	0	0	0	-0.008140516152352895	0
0.7653272834969914	-16.79376592022787	28.35220232959978	-0	0.3600646520653621	0	0.09478689634274365	-39.37420051971456	836.5087276050472	-0	0.6320605366190797	0	-0.09277848802051458	0	0	0	0	-0.009770556239023342	0
0.7675650825715441	-16.01386540950447	26.24195465678836	-0	0.3604374028204615	0	0.09478689634274366	-40.25868893467925	842.5944324211287	-0	0.633890326307422	0	-0.09284129663447298	0	2.220446049250313e-16	0	0	-0.01139151386499071	0
0.7698028816460967	-15.30977128657978	24.19518564158193	-0	0.3608198529119608	0	0.09478689634274365	-41.11049156932584	848.4732105534317	-0	0.6356942335926863	0	-0.09290322994601381	0	0	0	0	-0.01299317658509036	0
0.7720406807206492	-14.66552046908882	22.23157460682959	-0	0.3612159565526806	0	0.09478689634274365	-41.91588580220699	854.1259184930884	-0	0.6374718246721418	0	-0.09296427047239583	0	0	0	0	-0.0145657982601981	0
0.7742784797952019	-14.058880149569	20.38276700944241	-0	0.3616299847962277	0	0.09478689634274365	-42.66638409677716	859.5342978950604	-0	0.6392232309142367	0	-0.09302442249982759	0	0	0	0	-0.01610020572064386	0
0.7765162788697545	-13.48211455098893	18.67055083347929	-0	0.3620649765557359	0	0.09478689634274365	-43.35767221388252	864.6790623314076	-0	0.6409484838772099	0	-0.09308368795072489	0	0	0	0	-0.01758745077048296	0
0.7787540779443071	-12.94396502352851	17.09571820449768	-0	0.3625225934392683	0	0.09478689634274365	-43.98781623386337	869.547671029388	-0	0.6426474694776165	0	-0.09314206402831156	0	0	0	0	-0.01901907802563496	0
0.7809918770188597	-12.45356262549325	15.65211270477422	-0	0.363004689212494	0	0.09478689634274365	-44.55410093132336	874.1316526771393	-0	0.6443202451512714	0	-0.09319955357004762	0	0	0	0	-0.02038728270052381	0
0.7832296760934123	-12.01872318915943	14.32390918579766	-0	0.3635140605215871	0	0.09478689634274365	-45.05739808894972	878.4310714579815	-0	0.6459665404357727	0	-0.09325614852598542	0	0	0	0	-0.02168488429824045	0
0.7854674751679649	-11.6298288022577	13.10891753034122	-0	0.364055067849576	0	0.09478689634274365	-45.49969201397778	882.4437843030297	-0	0.6475860998634917	0	-0.09331184160413396	0	0	0	0	-0.0229050902621788	0
0.7877052742425176	-10.87003716500083	12.02052786095542	-0	0.3646383794057437	0	0.09478689634274366	-45.88331611329966	886.1551365398698	-0	0.6491792962162923	0	-0.09336664811321672	0	2.220446049250313e-16	0	0	-0.02404138524892918	0
0.7899430733170701	-10.07323009048377	11.06220624257981	-0	0.3652534527577301	0	0.09478689634274366	-46.21030127793	889.5512433294738	-0	0.6507464383414185	0	-0.09342058083354605	0	1.110223024625157e-16	0	0	-0.02508767078246077	0
0.7921808723916227	-9.380490868795054	10.22632562182302	-0	0.3658984247226983	0	0.09478689634274365	-46.48197482516554	892.6298571082452	-0	0.6522872250339151	0	-0.09347363007717505	0	0	0	0	-0.02603847410387239	0
0.7944186714661754	-8.779888801051872	9.499115291628158	-0	0.366574546965077	0	0.09478689634274365	-46.69980157698764	895.3931580667414	-0	0.6538012767610395	0	-0.0935257831682095	0	0	0	0	-0.0268890484273161	0
0.796656470540728	-8.257854530637736	8.864638154578071	-0	0.3672827742990764	0	0.09478689634274365	-46.86595099851459	897.8448094181633	-0	0.6552881653465126	0	-0.09357702573692586	0	0	0	0	-0.02763528149611183	0
0.7988942696152805	-7.800670666448402	8.306913773591488	-0	0.3680239872996342	0	0.09478689634274365	-46.9804943743451	899.9925073619984	-0	0.6567475909981872	0	-0.09362734705119038	0	0	0	0	-0.02827400931602586	0
0.8011320686898332	-7.395360552806639	7.810958051159036	-0	0.3687989962967739	0	0.09478689634274365	-47.04416431093622	901.8466908187236	-0	0.6581791879164779	0	-0.09367673404471291	0	0	0	0	-0.02880284020658763	0
0.8033698677643858	-7.030540787500481	7.363818018315407	-0	0.3696085879662835	0	0.09478689634274365	-47.05569557220353	903.4196264622517	-0	0.6595827041881653	0	-0.09372517682301609	0	0	0	0	-0.02922023820921105	0
0.8056076668389384	-6.697378181980563	6.955593424508429	-0	0.3704534336554687	0	0.09478689634274365	-47.01383251930468	904.7240138659686	-0	0.6609579282506466	0	-0.09377266681260957	0	0	0	0	-0.02952539304204382	0
0.807845465913491	-6.389028153720914	6.578675991846891	-0	0.371334101351302	0	0.09478689634274365	-46.91663075566192	905.7716756775903	-0	0.662304697790978	0	-0.09381919680127959	0	0	0	0	-0.02971812401330354	0
0.8100832649880437	-6.100747830528652	6.227767073592005	-0	0.3722509799154414	0	0.09478689634274363	-46.76122209900358	906.5728998337265	-0	0.6636229633317416	0	-0.09386476321593545	0	-1.110223024625157e-16	0	0	-0.02979886790037511	0
0.8123210640625962	-5.829306757518643	5.899214470919548	-0	0.3732043582680631	0	0.09478689634274365	-46.5463402932782	907.1375038712519	-0	0.6649126898562263	0	-0.09390936344669532	0	0	0	0	-0.02976866533357025	0
0.8145588631371489	-5.572647304027895	5.590613518973516	-0	0.3741943567418587	0	0.09478689634274363	-46.27108854086794	907.4752391613226	-0	0.6661739009338745	0	-0.09395299701963376	0	-1.110223024625157e-16	0	0	-0.02962919101202388	0
0.8167966622117016	-5.329602712565465	5.300481076382442	-0	0.3752210083190774	0	0.09478689634274363	-45.93592523309289	907.5960888763107	-0	0.6674066229225779	0	-0.09399566392377481	0	-1.110223024625157e-16	0	0	-0.02938271090577338	0
0.819034461286254	-5.099497976082053	5.027818136613118	-0	0.3762842238560067	0	0.09478689634274365	-45.5422484359374	907.5107374512793	-0	0.6686108987266938	0	-0.09403736497363165	0	0	0	0	-0.02903209577245303	0
0.8212722603608065	-4.882085456362289	4.772047558820026	-0	0.377383858913392	0	0.09478689634274365	-45.09121169264363	907.2298098186275	-0	0.6697867550201796	0	-0.09407810015426184	0	0	0	0	-0.02858071423103503	0
0.8235100594353592	-4.67726804603081	4.532729854699483	-0	0.3785196924556311	0	0.09478689634274365	-44.58381033984453	906.7645226206428	-0	0.6709341796886532	0	-0.0941178678465394	0	0	0	0	-0.02803244769380253	0
0.8257478585099118	-4.485100375320012	4.309586114609607	-0	0.379691457781256	0	0.09478689634274365	-44.02077134932099	906.1244368145046	-0	0.6720531117759292	0	-0.09415666443314528	0	0	0	0	-0.02739153361811653	0
0.8279856575844645	-4.305635886832819	4.102379913641458	-0	0.3808987456399284	0	0.09478689634274365	-43.40148757626	905.3181009571877	-0	0.6731434822607446	0	-0.09419448534933138	0	0	0	0	-0.02666263566029858	0
0.8302234566590172	-4.138987769764312	3.910946779105487	-0	0.3821410344302795	0	0.09478689634274365	-42.72729782644886	904.351342200558	-0	0.6742051230411068	0	-0.09423132314292809	0	0	0	0	-0.02585072379539177	0
0.8324612557335697	-3.985371523903372	3.735262703310117	-0	0.3834175043315572	0	0.09478689634274365	-41.99863645773689	903.2281098344251	-0	0.6752378457194903	0	-0.09426716913580839	0	0	0	0	-0.02496119602920377	0
0.8346990548081221	-3.845022473853745	3.575310787505842	-0	0.3847271393154618	0	0.09478689634274365	-41.22075709088988	901.9551530517596	-0	0.6762413745085717	0	-0.09430201333605207	0	0	0	0	-0.02400015873388961	0
0.8369368538826748	-3.718255381130767	3.431138706674952	-0	0.3860685448687715	0	0.09478689634274363	-40.40290100663635	900.5398351518481	-0	0.6772153044895565	0	-0.09433584260758718	0	-5.551115123125783e-17	0	0	-0.02297430247594923	0
0.8391746529572275	-3.605305465059986	3.302682092868393	-0	0.3874401388698201	0	0.09478689634274365	-39.55380600983855	899.0007114729925	-0	0.6781592106788932	0	-0.09436864248529254	0	0	0	0	-0.0218914736970981	0
0.8414124520317802	-3.506178548062139	3.189590662302979	-0	0.388840155426602	0	0.09478689634274363	-38.68898771781249	897.3626428289548	-0	0.6790723323086288	0	-0.09440038897172447	0	-5.551115123125783e-17	0	0	-0.02076029536340673	0
0.8436502511063328	-3.42070437877959	3.091326353358526	-0	0.3902668187917941	0	0.09478689634274365	-37.81358332909394	895.6566377829358	-0	0.6799538206706859	0	-0.09443104979586325	0	0	0	0	-0.01959020107914045	0
0.8458880501808853	-3.348179606246018	3.00679157418478	-0	0.3917185966365125	0	0.09478689634274365	-36.93098387762329	893.9195157289711	-0	0.6808024723477356	0	-0.09446057854092421	0	0	0	0	-0.01839141203525907	0
0.8481258492554378	-3.287687191541174	2.9347095357347	-0	0.3931941966020835	0	0.09478689634274363	-36.03985702231079	892.1804909013355	-0	0.6816167652974017	0	-0.09448891472057715	0	-5.551115123125783e-17	0	0	-0.0171744794402886	0
0.8503636483299905	-3.237640624949947	2.873186902923226	-0	0.3946929731273934	0	0.09478689634274363	-35.12939675234253	890.4661550819176	-0	0.6823950583531133	0	-0.09451598869189118	0	-5.551115123125783e-17	0	0	-0.01595069622148149	0
0.8526014474045431	-3.196306027374204	2.820255640013518	-0	0.3962146853044821	0	0.09478689634274365	-34.1939654987841	888.798370689934	-0	0.6831352893864348	0	-0.09454171745951082	0	0	0	0	-0.0147320704251328	0
0.8548392464790958	-3.161583033133517	2.773684621141219	-0	0.3977598570608242	0	0.09478689634274365	-33.22361772058825	887.1969397396031	-0	0.6838352136768688	0	-0.09456600885999115	0	0	0	0	-0.01353145955624901	0
0.8570770455536485	-3.131339345196377	2.731297439611063	-0	0.3993293880918635	0	0.09478689634274363	-32.21464364568505	885.6849856019202	-0	0.6844923152549314	0	-0.09458876325347644	0	0	0	0	-0.01236258224968356	0
0.859314844628201	-3.103468327506576	2.691054222333614	-0	0.4009247302966235	0	0.09478689634274365	-31.1671039868833	884.2859413528716	-0	0.6851039735380844	0	-0.09460987865061389	0	0	0	0	-0.01123956126865533	0
0.8615526437027534	-3.075893037550385	2.651021789785899	-0	0.4025475493818987	0	0.09478689634274366	-30.07862808324819	883.0170516495947	-0	0.6856677450041134	0	-0.09462925805600735	0	0	0	0	-0.01017622106117111	0
0.8637904427773061	-3.04666314455616	2.609478192422568	-0	0.4041997856816144	0	0.09478689634274365	-28.94553070368724	881.8896778476293	-0	0.6861816740570864	0	-0.09464682170153572	0	0	0	0	-0.009185354924056366	0
0.8660282418518588	-3.013904546836625	2.564841714254122	-0	0.4058834548606349	0	0.09478689634274365	-27.7613292138284	880.9091465447872	-0	0.6866446678546344	0	-0.09466252021667572	0	0	0	0	-0.008277763795951909	0
0.8682660409264112	-2.976005803736514	2.515853636093979	-0	0.4076005584427083	0	0.09478689634274365	-26.51898643923865	880.0707692116846	-0	0.6870568266883621	0	-0.0946763484792038	0	0	0	0	-0.007461087962454815	0
0.8705038400009639	-2.931574044589291	2.461516517189044	-0	0.4093530068275814	0	0.09478689634274365	-25.21364862969558	879.3657975598607	-0	0.6874197007021112	0	-0.09468835668986102	0	0	0	0	-0.006738939812489519	0
0.8727416390755166	-2.879811430720754	2.401449482031122	-0	0.4111422368068574	0	0.09478689634274365	-23.84651798661668	878.7768116643417	-0	0.6877363631691014	0	-0.09469865561873897	0	0	0	0	-0.006110139457590424	0
0.8749794381500692	-2.820277861820621	2.335598828848729	-0	0.4129693575791031	0	0.09478689634274365	-22.42042045697311	878.2814501651467	-0	0.6880113843452128	0	-0.09470741347188305	0	0	0	0	-0.005568728419291791	0
0.8772172372246217	-2.753201335686165	2.264483781330415	-0	0.4148347224434402	0	0.09478689634274365	-20.94484130420214	877.8532254492314	-0	0.6882504139118354	0	-0.09471484317794217	0	0	0	0	-0.005104621864037595	0
0.8794550362991744	-2.679092067688549	2.188808122848724	-0	0.4167382966575836	0	0.09478689634274365	-19.43053391353313	877.4632514010268	-0	0.6884597040924055	0	-0.09472118185403686	0	0	0	0	-0.004704962131554247	0
0.881692835373727	-2.598742905017323	2.109418285326915	-0	0.4186794413938271	0	0.09478689634274365	-17.89129486520016	877.0861119289225	-0	0.6886454484622081	0	-0.0947266667906151	0	0	0	0	-0.004355867944602076	0
0.8839306344482796	-2.51303355420835	2.027162929029509	-0	0.4206572806149569	0	0.09478689634274365	-16.34117553929732	876.698616276072	-0	0.6888132283305084	0	-0.09473151332672355	0	0	0	0	-0.004044095585386875	0
0.8861684335228323	-2.422840066012545	1.94280267842261	-0	0.4226706230948099	0	0.09478689634274365	-14.79260156496075	876.2859258138778	-0	0.6889676365622235	0	-0.09473589923852828	0	0	0	0	-0.003758390531702238	0
0.8884062325973848	-2.329034803306501	1.857049826297577	-0	0.424718179726842	0	0.09478689634274365	-13.25722922198833	875.8382227028733	-0	0.689112074449965	0	-0.09473995766134112	0	0	0	0	-0.00349017838503296	0
0.8906440316719374	-2.232485046744838	1.770568117363021	-0	0.426798518756656	0	0.09478689634274365	-11.74260382328673	875.3524542317637	-0	0.6892488342509451	0	-0.09474377790705817	0	0	0	0	-0.003233731577027221	0
0.8928818307464901	-2.134036616001232	1.683977733124686	-0	0.4289101676446645	0	0.09478689634274365	-10.25503089606357	874.8301598954639	-0	0.6893792213963249	0	-0.09474741168636422	0	0	0	0	-0.002985863046171322	0
0.8951196298210427	-2.034516179567134	1.59785749927995	-0	0.4310516104909854	0	0.09478689634274363	-8.797082088461496	874.2760363408754	-0	0.6895038392560914	0	-0.09475088218202504	0	-2.775557561562891e-17	0	0	-0.002745379699404471	0
0.8973574288955952	-1.934700890259698	1.512731875378118	-0	0.4332213332611088	0	0.09478689634274365	-7.370152112574138	873.6973495338207	-0	0.6896228004712588	0	-0.09475419345247542	0	0	0	0	-0.002512463753906791	0
0.8995952279701479	-1.835304725534234	1.429060063359243	-0	0.4354178653599951	0	0.09478689634274366	-5.973412603988651	873.1019327604699	-0	0.689735963272988	0	-0.09475733867553139	0	2.775557561562891e-17	0	0	-0.002288091242720003	0
0.9018330270447005	-1.736975737766414	1.347245105501889	-0	0.4376397776999795	0	0.09478689634274365	-4.60560283330718	872.4980663047196	-0	0.6898430755334785	0	-0.09476030660003287	0	0	0	0	-0.002073572903668552	0
0.904070826119253	-1.640303966941219	1.267642238075653	-0	0.4398857243672644	0	0.09478689634274365	-3.26459705747234	871.8931920659509	-0	0.6899438968814542	0	-0.0947630859257169	0	0	0	0	-0.001870220064119688	0
0.9063086251938057	-1.545814698098816	1.190559005374612	-0	0.4421544092491853	0	0.09478689634274365	-1.94838101351395	871.2938220150655	-0	0.6900382548896502	0	-0.09476566798219864	0	0	0	0	-0.001679138756558979	0
0.9085464242683583	-1.453990523174214	1.116274790446859	-0	0.4444446073937106	0	0.09478689634274365	-0.6547660807329784	870.7051232875541	-0	0.6901260821004082	0	-0.0947680480053954	0	0	0	0	-0.001501122144746604	0
0.9107842233429109	-1.365246518397974	1.045021544438955	-0	0.4467551320609894	0	0.09478689634274365	0.6179878302747902	870.1306947153111	-0	0.6902074149819921	0	-0.09477022545200468	0	0	0	0	-0.001336615417406768	0
0.9130220224174636	-1.279946812392431	0.9769974586078289	-0	0.4490848527755573	0	0.09478689634274365	1.871602739104247	869.5728024055478	-0	0.6902823925577374	0	-0.09477220372985028	0	0	0	0	-0.001185730652664974	0
0.9152598214920161	-1.198380378787485	0.9123476673323909	-0	0.4514326758521652	0	0.09478689634274365	3.107126160916106	869.0319099665716	-0	0.6903512298104841	0	-0.09477398956592663	0	0	0	0	-0.001048286008797417	0
0.9174976205665687	-1.120768575700131	0.8511695410832592	-0	0.4537975846273499	0	0.09478689634274365	4.325650456241799	868.5073475518639	-0	0.6904142092510729	0	-0.09477559227884333	0	0	0	0	-0.0009238619671637083	0
0.9197354196411214	-1.047257445833356	0.7935078272866272	-0	0.4561786201099019	0	0.09478689634274365	5.527557508556169	867.9969846392231	-0	0.6904716495065385	0	-0.0947770230253584	0	0	0	0	-0.0008118566236063884	0
0.9219732187156739	-0.9779218159189996	0.7393565362522826	-0	0.4585749576098199	0	0.09478689634274365	6.713255721687974	867.4978293825018	-0	0.6905238988257921	0	-0.0947782941187377	0	0	0	0	-0.0007115408863356265	0
0.9242110177902264	-0.9127735433444056	0.6886675468000413	-0	0.4609858651937431	0	0.09478689634274365	7.882631135260914	867.0064417793561	-0	0.6905713118418867	0	-0.09477941846835683	0	0	0	0	-0.0006221052407680006	0
0.9264488168647791	-0.8517666473265101	0.6413531067430398	-0	0.4634108125025491	0	0.09478689634274365	9.035287095710476	866.5189036873663	-0	0.6906142407362867	0	-0.09478040909473437	0	0	0	0	-0.0005426989146902761	0
0.9286866159393318	-0.7948118187642209	0.597299073174537	-0	0.4658493939197278	0	0.09478689634274365	10.17156794535924	866.0322274532339	-0	0.6906530426964319	0	-0.09478127879875338	0	0	0	0	-0.0004724617752699389	0
0.9309244150138843	-0.7417830241578047	0.5563687741727602	-0	0.4683014516384429	0	0.09478689634274365	11.29147895983573	865.543625221134	-0	0.690688054619787	0	-0.09478203986248039	0	0	0	0	-0.0004105470353452656	0
0.933162214088437	-0.6925297485172072	0.5184134265089703	-0	0.4707669666675753	0	0.09478689634274365	12.39736469115795	865.0540893604821	-0	0.6907196321244418	0	-0.09478270392835514	0	0	0	0	-0.0003561409607009125	0
0.9354000131629896	-0.6468822497814991	0.4832754774450484	-0	0.4732461737891982	0	0.09478689634274365	13.49075481742733	864.5656705416134	-0	0.6907480944112812	0	-0.09478328185133417	0	0	0	0	-0.0003084712492116282	0
0.9376378122375421	-0.6046606461595722	0.4507955860939465	-0	0.4757394320472241	0	0.09478689634274365	14.57444639151669	864.0847973114211	-0	0.6907737569193133	0	-0.09478378366809009	0	0	0	0	-0.0002668164753034663	0
0.9398756113120947	-0.5656788453905016	0.4208160599524874	-0	0.4782472869369588	0	0.09478689634274365	15.6495109464088	863.6190420292523	-0	0.6907968827660053	0	-0.09478421858335477	0	0	0	0	-0.0002305071833899053	0
0.9421134103866474	-0.529748325514109	0.3931815537928452	-0	0.4807703609075256	0	0.09478689634274365	16.71624732623745	863.1698459819243	-0	0.6908176993587956	0	-0.09478459488203991	0	0	0	0	-0.0001989241989253099	0
0.9443512094612	-0.4966755108209856	0.3677376911406701	-0	0.4833093766895611	0	0.09478689634274365	17.77737806513041	862.7381517077056	-0	0.6908364494657208	0	-0.09478491999355644	0	0	0	0	-0.0001715036239955392	0
0.9465890085357527	-0.4662762118325529	0.3443384253882494	-0	0.4858651068046517	0	0.09478689634274365	18.83143592653352	862.3174449255358	-0	0.6908532878537833	0	-0.09478520049912718	0	0	0	0	-0.0001477337836306436	0
0.9488268076103052	-0.4383892827036213	0.3228546197251535	-0	0.4884384598422112	0	0.09478689634274365	19.87990332643901	861.8983528854103	-0	0.6908683980344069	0	-0.09478544221354195	0	0	0	0	-0.0001271559682707313	0
0.9510646066848577	-0.4128564457227641	0.3031610085861561	-0	0.4910303828258704	0	0.09478689634274365	20.91866000774474	861.4802783908229	-0	0.6908818515219198	0	-0.09478565026731804	0	0	0	0	-0.000109365178666998	0
0.9533024057594104	-0.3895002597417369	0.2851222497933763	-0	0.4936418071471524	0	0.09478689634274365	21.93628373385731	861.06717880475	-0	0.690893588013176	0	-0.09478582915760678	0	0	0	0	-9.400320784314076e-05	0
0.9555402048339631	-0.3681507421895214	0.2686090606199095	-0	0.496273648357121	0	0.09478689634274365	22.93141183057923	860.6665617058743	-0	0.6909036968334508	0	-0.09478598282982198	0	0	0	0	-8.075423762576861e-05	0
0.9577780039085156	-0.3486507016339018	0.2535012712386018	-0	0.4989268437419406	0	0.09478689634274365	23.9039050843461	860.285958185224	-0	0.6909122743224387	0	-0.09478611472626004	0	0	0	0	-6.933979759882192e-05	0
0.9600158029830683	-0.3308575510193207	0.2396892484750244	-0	0.5016023345122083	0	0.09478689634274365	24.85610265866683	859.9283433317604	-0	0.6909194469494556	0	-0.09478622784078589	0	0	0	0	-5.951452678987224e-05	0
0.9622536020576209	-0.3146422110348621	0.2270729626917682	-0	0.5043010939707824	0	0.09478689634274365	25.79489566511174	859.5948984813697	-0	0.6909254027163375	0	-0.09478632477161818	0	0	0	0	-5.106361773510315e-05	0
0.9644914011321734	-0.2998877455776461	0.2155614483770308	-0	0.5070240955309654	0	0.09478689634274365	26.72338706344049	859.282849004082	-0	0.6909302588755503	0	-0.09478640777343673	0	0	0	0	-4.379937948950641e-05	0
0.966729200206726	-0.2864853496613156	0.2050702662533425	-0	0.5097723078515758	0	0.09478689634274365	27.64646281826579	858.9874172110232	-0	0.6909341523857013	0	-0.0947864788051427	0	0	0	0	-3.755863609011811e-05	0
0.9689669992812787	-0.2743357557790798	0.1955221941432116	-0	0.5125466801127324	0	0.09478689634274365	28.56792922464984	858.7040365431469	-0	0.690937194192814	0	-0.0947865395622963	0	0	0	0	-3.219986039404432e-05	0
0.9712047983558313	-0.2633450454191013	0.1868444346170381	-0	0.5153481321644768	0	0.09478689634274365	29.49124390278703	858.4279163625973	-0	0.6909394811598842	0	-0.09478659151022377	0	0	0	0	-2.760044210292634e-05	0
0.973442597430384	-0.2534277925353602	0.1789705603821934	-0	0.5181775536184485	0	0.09478689634274365	30.41893566075672	858.1558153243421	-0	0.6909410878577888	0	-0.09478663591180575	0	0	0	0	-2.365439621909715e-05	0
0.9756803965049365	-0.2445039242206288	0.1718384310128098	-0	0.5210357872242303	0	0.09478689634274366	31.35192679301212	857.8852965614324	-0	0.6909420562845878	0	-0.09478667385362255	0	3.469446951953614e-18	0	0	-2.027012970717834e-05	0
0.977918195579489	-0.236501377946174	0.1653918412087871	-0	0.5239236385720552	0	0.09478689634274365	32.29042817237935	857.6145635306506	-0	0.6909424122364207	0	-0.09478670626901432	0	0	0	0	-1.736858743894842e-05	0
0.9801559946540417	-0.2293536955444744	0.1595788972307246	-0	0.5268418558340209	0	0.09478689634274365	33.23328269035687	857.3424233119973	-0	0.6909421556392601	0	-0.09478673395899034	0	0	0	0	-1.488158799833883e-05	0
0.9823937937285944	-0.2230017840241657	0.1543530965727553	-0	0.5297911477359151	0	0.09478689634274365	34.17938531662514	857.0682898733445	-0	0.6909412842957697	0	-0.09478675761001105	0	0	0	0	-1.275039890513696e-05	0
0.9846315928031468	-0.2173921230229891	0.1496720744863599	-0	0.5327721634797429	0	0.09478689634274365	35.12677805473571	856.7920711268016	-0	0.690939780278197	0	-0.09478677780973876	0	0	0	0	-1.092445283124022e-05	0
0.9868693918776995	-0.2124777246805204	0.1454982063882802	-0	0.5357855142654601	0	0.09478689634274365	36.07375207605958	856.5138638508666	-0	0.6909376280090237	0	-0.09478679506100299	0	0	0	0	-9.360258979906888e-06	0
0.9891071909522522	-0.2082167209876455	0.1417975983564701	-0	0.5388317532824369	0	0.09478689634274365	37.01830796161007	856.2339793586185	-0	0.6909348065160947	0	-0.09478680979371625	0	0	0	0	-8.020436496725125e-06	0
0.9913449900268047	-0.204572987175514	0.1385405014870291	-0	0.5419113978481459	0	0.09478689634274365	37.95884606649584	855.9523574314916	-0	0.6909313006185966	0	-0.09478682237542571	0	0	0	0	-6.872877595043292e-06	0
0.9935827891013573	-0.201515330516207	0.1357007235098035	-0	0.5450249061759859	0	0.09478689634274365	38.89408577176876	855.6687567201275	-0	0.6909271002809324	0	-0.09478683312023563	0	0	0	0	-5.890025830623813e-06	0
0.99582058817591	-0.1990176348308425	0.1332556932197321	-0	0.548172701315093	0	0.09478689634274365	39.82314979027787	855.3825870815327	-0	0.6909222015101194	0	-0.09478684229655884	0	0	0	0	-5.04824370040069e-06	0
0.9980583872504625	-0.1970583470145236	0.1311860662417708	-0	0.5513551465638017	0	0.09478689634274365	40.74568739385505	855.0929582337502	-0	0.6909166087566951	0	-0.09478685013368886	0	0	0	0	-4.327266948767061e-06	0
1.000296186325015	-0.1956202017861429	0.1294754868871927	-0	0.5545725726564241	0	0.09478689634274365	41.66160937159043	854.7988513739434	-0	0.6909103300413136	0	-0.09478685682748826	0	0	0	0	-3.70973138430486e-06	0
1.002533985399568	-0.1946892347267713	0.1281098502320451	-0	0.5578252600177126	0	0.09478689634274365	42.57123581335131	854.499040488842	-0	0.6909033795637837	0	-0.09478686254521522	0	0	0	0	-3.180762589316544e-06	0
1.00477178447412	-0.1942548202186752	0.1270773235158807	-0	0.5611134646535467	0	0.09478689634274365	43.47506032639654	854.1923987925084	-0	0.6908957734748159	0	-0.09478686742969529	0	0	0	0	-2.727623551024294e-06	0
1.007009583548673	-0.194308080636901	0.1263672150098635	-0	0.5644374098062627	0	0.09478689634274365	44.3737752170943	853.8777481821342	-0	0.690887530337523	0	-0.09478687160286174	0	0	0	0	-2.33940877780725e-06	0
1.009247382623226	-0.1948427099309819	0.1259705751123841	-0	0.5677973038391034	0	0.09478689634274365	45.26819172790047	853.5541329223258	-0	0.6908786697014188	0	-0.09478687516880509	0	0	0	0	-2.006782897190362e-06	0
1.011485181697778	-0.1958534544347074	0.1258791723942153	-0	0.5711933328187153	0	0.09478689634274365	46.15915091028447	853.2206654051373	-0	0.6908692105935014	0	-0.09478687821636904	0	0	0	0	-1.721754594896652e-06	0
1.013722980772331	-0.1973372328300421	0.1260862622826152	-0	0.5746256718351924	0	0.09478689634274365	47.04757001895651	852.8767531156254	-0	0.6908591723201274	0	-0.09478688082137755	0	0	0	0	-1.477483904999133e-06	0
1.015960779846883	-0.1992919960553422	0.1265858600402197	-0	0.5780944727192339	0	0.09478689634274365	47.93427320918323	852.5219597728917	-0	0.6908485716128244	0	-0.09478688304853583	0	0	0	0	-1.268115903840794e-06	0
1.018198578921436	-0.2017175343931201	0.12737323778473	-0	0.5815998758331312	0	0.09478689634274365	48.82014527435494	852.1561904232076	-0	0.6908374252621011	0	-0.09478688495305744	0	0	0	0	-1.088639243640444e-06	0
1.020436377995989	-0.2046142195104127	0.1284441291252512	-0	0.5851419968458963	0	0.09478689634274365	49.70590330090667	851.7795838955972	-0	0.6908257462959522	0	-0.09478688658205453	0	0	0	0	-9.347641176660204e-07	0
1.022674177070541	-0.2079838618753825	0.1297952612540508	-0	0.5887209394320866	0	0.09478689634274365	50.59228718827181	851.3925423682459	-0	0.690813547338186	0	-0.09478688797572501	0	0	0	0	-8.028183575703451e-07	0
1.024911976145094	-0.2118289896499245	0.1314239212547653	-0	0.5923367768550051	0	0.09478689634274365	51.47986757323634	850.9956942679725	-0	0.6908008373914832	0	-0.09478688916836971	0	0	0	0	-6.896582425142128e-07	0
1.027149775219647	-0.2161533690515497	0.1333282538598584	-0	0.5959895678282171	0	0.09478689634274365	52.36919602786769	850.5898073622631	-0	0.6907876245727812	0	-0.0947868901892565	0	0	0	0	-5.92592282799842e-07	0
1.029387574294199	-0.2209616726220782	0.1355070727049031	-0	0.5996793336705369	0	0.09478689634274365	53.26070070938614	850.1758229825417	-0	0.6907739143553211	0	-0.09478689106336323	0	0	0	0	-5.09316068431076e-07	0
1.031625373368752	-0.2262593882218297	0.1379597521947601	-0	0.6034060803003767	0	0.09478689634274365	54.15474268958604	849.7546731999579	-0	0.6907597107668459	0	-0.09478689181200575	0	0	0	0	-4.378563849272155e-07	0
1.033863172443304	-0.2320519402449228	0.1406856558632961	-0	0.6071697818451893	0	0.09478689634274365	55.05163556334992	849.327393938188	-0	0.6907450166707588	0	-0.09478689245337986	0	0	0	0	-3.765236344932532e-07	0
1.036100971517857	-0.2383445283193361	0.1436840422371163	-0	0.6109704034349508	0	0.09478689634274365	55.95157768796286	848.8949042470482	-0	0.6907298328729785	0	-0.09478689300301775	0	0	0	0	-3.238708830011205e-07	0
1.038338770592409	-0.2451403192684807	0.1469529089059755	-0	0.6148078963045794	0	0.09478689634274365	56.85478098236944	848.4581565536386	-0	0.6907141602282455	0	-0.09478689347418261	0	0	0	0	-2.786590433956349e-07	0
1.040576569666962	-0.2524409289805274	0.1504893932155005	-0	0.618682211903857	0	0.09478689634274365	57.76139459030735	848.0180862960372	-0	0.6906979983460951	0	-0.0947868938782008	0	0	0	0	-2.398270062542451e-07	0
1.042814368741515	-0.2602448384384769	0.1542888204631233	-0	0.6225932982072997	0	0.09478689634274365	58.67155322190964	847.575636842016	-0	0.6906813465139772	0	-0.09478689422474802	0	0	0	0	-2.064659430089932e-07	0
1.045052167816067	-0.2685479894206132	0.15834517587119	-0	0.6265411062109404	0	0.09478689634274365	59.58534053223865	847.1316646847301	-0	0.6906642030956874	0	-0.09478689452209071	0	0	0	0	-1.777974025785056e-07	0
1.04728996689062	-0.2773428894894778	0.1626506256127641	-0	0.6305255817888336	0	0.09478689634274365	60.50285187482486	846.6869778437294	-0	0.690646566687217	0	-0.09478689477729414	0	0	0	0	-1.531545112953836e-07	0
1.049527765965172	-0.2866187250569279	0.1671956492810031	-0	0.6345466715921381	0	0.09478689634274365	61.4241498443278	846.2422994379558	-0	0.6906284352941875	0	-0.09478689499639754	0	0	0	0	-1.31965943950263e-07	0
1.051765565039725	-0.2963607674339658	0.1719687469124548	-0	0.6386043128687565	0	0.09478689634274363	62.34931703169305	845.7982846386097	-0	0.6906098073405873	0	-0.09478689518456536	0	-3.469446951953614e-18	0	0	-1.137421232755287e-07	0
1.054003364114278	-0.3065502215691486	0.1769564123028768	-0	0.6426984407961002	0	0.09478689634274365	63.27848565076243	845.3556862306644	-0	0.6905906818160469	0	-0.09478689534621455	0	0	0	0	-9.806356437991326e-08	0
1.05624116318883	-0.317164264444757	0.182143223360394	-0	0.6468289741586259	0	0.09478689634274365	64.21173777844041	844.9152538415792	-0	0.6905710568664793	0	-0.09478689548512439	0	0	0	0	-8.457068378930899e-08	0
1.058478962263383	-0.3281744125223308	0.1875108622255729	-0	0.6509958311493641	0	0.09478689634274365	65.14921288390354	844.4777992903946	-0	0.6905509313845416	0	-0.09478689560452898	0	0	0	0	-7.295523296591e-08	0
1.060716761337936	-0.339542824662403	0.1930358944149586	-0	0.6551989412876765	0	0.09478689634274365	66.09101763151514	844.0441875427595	-0	0.6905303036372511	0	-0.09478689570719692	0	0	0	0	-6.295287402480199e-08	0
1.062954560412488	-0.3512250759054321	0.1986917579934465	-0	0.6594382386926143	0	0.09478689634274365	67.0372880679773	843.6152693910539	-0	0.6905091722687002	0	-0.09478689579549897	0	0	0	0	-5.433689675982123e-08	0
1.065192359487041	-0.363175567479436	0.2044521929949878	-0	0.6637136211194957	0	0.09478689634274365	67.98814431906762	843.1918303351547	-0	0.690487535738489	0	-0.09478689587146623	0	0	0	0	-4.691280253155128e-08	0
1.067430158561593	-0.3753477651967873	0.2102913044460492	-0	0.668024954552747	0	0.09478689634274363	68.94374769762321	842.7746937599658	-0	0.6904653930091633	0	-0.09478689593683909	0	-6.938893903907228e-18	0	0	-4.051370439128732e-08	0
1.069667957636146	-0.3877066926666486	0.2161909262270481	-0	0.6723719877701063	0	0.09478689634274365	69.90420099826899	842.3646111558277	-0	0.6904427421659723	0	-0.09478689599310963	0	0	0	0	-3.499634537718066e-08	0
1.071905756710699	-0.4001452880560551	0.2220883058414009	-0	0.6767547637105275	0	0.09478689634274365	70.86954864971712	841.9631109363116	-0	0.6904195791501901	0	-0.09478689604155636	0	0	0	0	-3.023774475252594e-08	0
1.074143555785251	-0.4125568466144659	0.2279245655715582	-0	0.6811733543615762	0	0.09478689634274365	71.84006209240998	841.5716695478579	-0	0.6903959037949454	0	-0.09478689608327634	0	0	0	0	-2.613230432046976e-08	0
1.076381354859804	-0.4248796796951768	0.233670467946961	-0	0.6856275937547123	0	0.09478689634274365	72.81588894453846	841.191248009916	-0	0.6903717144066432	0	-0.09478689611921126	0	0	0	0	-2.258928866183396e-08	0
1.078619153934356	-0.4370131194906876	0.2392724934583348	-0	0.6901173983912376	0	0.09478689634274365	73.79706158091547	840.8231488643271	-0	0.690347006940633	0	-0.09478689615016919	0	0	0	0	-1.95307299222236e-08	0
1.080856953008909	-0.4488619548087242	0.2446820300687414	-0	0.6946426553258724	0	0.09478689634274365	74.78369942436778	840.4684290616992	-0	0.6903217790672715	0	-0.09478689617684416	0	0	0	0	-1.688959194723338e-08	0
1.083094752083462	-0.460323294500219	0.2498467521526458	-0	0.6992032451008954	0	0.09478689634274365	75.77582541665363	840.1281540469827	-0	0.6902960269206808	0	-0.09478689619983223	0	0	0	0	-1.460823018106794e-08	0
1.085332551158014	-0.47128802798832	0.2547116828042099	-0	0.7037990528820098	0	0.09478689634274365	76.77363995685762	839.8035947232903	-0	0.6902697491884334	0	-0.09478689621964566	0	0	0	0	-1.263707005705328e-08	0
1.087570350232567	-0.4816407128295356	0.2592190957594248	-0	0.7084299742855698	0	0.09478689634274365	77.77722087679403	839.4960835299895	-0	0.6902429424742933	0	-0.09478689623672475	0	0	0	0	-1.093346213565383e-08	0
1.089808149307119	-0.491262486979459	0.2633102671243233	-0	0.7130959116428065	0	0.09478689634274365	78.78668937655466	839.2068969776119	-0	0.6902156040893536	0	-0.09478689625144809	0	0	0	0	-9.460695338248115e-09	0
1.092045948381672	-0.5000346670159512	0.2669274681771024	-0	0.7177967693180091	0	0.09478689634274365	79.80213808448912	838.9372908551247	-0	0.6901877310032304	0	-0.09478689626414143	0	0	0	0	-8.187154953986919e-09	0
1.094283747456225	-0.5078394497483625	0.2700142307797258	-0	0.7225324522820713	0	0.09478689634274365	80.82359348283465	838.6883495642788	-0	0.6901593192551188	0	-0.09478689627508499	0	0	0	0	-7.085614761592751e-09	0
1.096521546530777	-0.5145619484801861	0.2725163388770663	-0	0.7273028671770044	0	0.09478689634274365	81.85110429110962	838.4610720899235	-0	0.6901303655592046	0	-0.09478689628452003	0	0	0	0	-6.132612639930812e-09	0
1.09875934560533	-0.520091658406629	0.2743825525388842	-0	0.7321079219313678	0	0.09478689634274365	82.88466945542001	838.2562866789441	-0	0.6901008659952166	0	-0.09478689629265426	0	0	0	0	-5.307929207276629e-09	0
1.100997144679882	-0.5243251615477628	0.2755659412035262	-0	0.7369475258913287	0	0.09478689634274365	83.92432834898931	838.0747350428278	-0	0.6900708176447153	0	-0.09478689629966658	0	0	0	0	-4.594135738500427e-09	0
1.103234943754435	-0.5271675599520755	0.2760245478944806	-0	0.7418215891972146	0	0.09478689634274365	84.97004357380904	837.9170065690722	-0	0.6900402164865127	0	-0.0947868963057112	0	0	0	0	-3.976193596599842e-09	0
1.105472742828988	-0.528535317483232	0.27572276176779	-0	0.7467300225058192	0	0.09478689634274365	86.0218010095747	837.7836080056672	-0	0.6900090592466567	0	-0.09478689631092094	0	0	0	0	-3.441138929360932e-09	0
1.10771054190354	-0.5283572275620461	0.274631689194014	-0	0.7516727369999782	0	0.09478689634274365	87.07960781166466	837.6750269577759	-0	0.6899773429722851	0	-0.09478689631541039	0	0	0	0	-2.977779800517055e-09	0
1.109948340978093	-0.5265763574724208	0.2727300139558771	-0	0.7566496462906444	0	0.09478689634274365	88.14344484749969	837.5917129983242	-0	0.6899450645455459	0	-0.09478689631927832	0	0	0	0	-2.576451052505035e-09	0
1.112186140052646	-0.5231512888009475	0.2700045249399314	-0	0.7616606654023124	0	0.09478689634274365	89.21346664976033	837.5343973642331	-0	0.6899122231626151	0	-0.09478689632261	0	0	0	0	-2.228816242677567e-09	0
1.114423939127198	-0.5180580622829986	0.2664509868349409	-0	0.7667057112189541	0	0.09478689634274365	90.28966131746604	837.5039172091423	-0	0.6898788152233696	0	-0.09478689632547892	0	0	0	0	-1.927668691337203e-09	0
1.116661738201751	-0.5112907801417388	0.2620742954238029	-0	0.7717847013431035	0	0.09478689634274365	91.37223713055636	837.5014284608134	-0	0.6898448401237179	0	-0.09478689632794854	0	0	0	0	-1.666785820475525e-09	0
1.118899537276303	-0.5028627154483921	0.2568889076540195	-0	0.7768975542892302	0	0.09478689634274365	92.46119890088929	837.5282904309867	-0	0.6898102936863841	0	-0.09478689633007366	0	0	0	0	-1.440776387084952e-09	0
1.121137336350856	-0.4928064089926077	0.2509187318675374	-0	0.7820441888639882	0	0.09478689634274365	93.55646986749088	837.5855818492737	-0	0.6897751708062614	0	-0.09478689633190152	0	0	0	0	-1.244995218030454e-09	0
1.123375135425408	-0.4811739022368889	0.2441971151747352	-0	0.787224524028861	0	0.09478689634274365	94.65802235012221	837.6743947422038	-0	0.6897394675279812	0	-0.09478689633347299	0	0	0	0	-1.075397548788715e-09	0
1.125612934499961	-0.4680363269205115	0.2367664859804292	-0	0.7924384787126172	0	0.09478689634274365	95.76526242191679	837.7947202260009	-0	0.6897031724989685	0	-0.0947868963348233	0	0	0	0	-9.285034963113503e-10	0
1.127850733574514	-0.453483359297449	0.2286779641273678	-0	0.7976859710299466	0	0.09478689634274365	96.87803273629498	837.9461304670733	-0	0.6896662830166218	0	-0.0947868963359829	0	0	0	0	-8.012825958303438e-10	0
1.130088532649066	-0.4376222083696631	0.2199907206383342	-0	0.802966918468241	0	0.09478689634274365	97.99548890757725	838.1269536194465	-0	0.6896287873370077	0	-0.09478689633697809	0	0	0	0	-6.911218264349372e-10	0
1.132326331723619	-0.4205764644119508	0.2107713112892999	-0	0.8082812357378232	0	0.09478689634274365	99.11734576845076	838.334810579723	-0	0.6895906850067783	0	-0.09478689633783158	0	0	0	0	-5.957474513706984e-10	0
1.134564130798172	-0.4024843260828499	0.2010926816788742	-0	0.8136288356970646	0	0.09478689634274365	100.2431936286489	838.5669666867669	-0	0.6895519741694095	0	-0.09478689633856301	0	0	0	0	-5.131894909027324e-10	0
1.136801929872724	-0.383496969038145	0.1910332952761706	-0	0.8190096252889824	0	0.09478689634273096	101.3728437666549	838.8201607168235	-0	0.6895126579457015	0	-0.09478689633918932	0	-7.632783294297951e-17	0	0	-4.417533006062513e-10	0
1.139039728947277	-0.3637758858004654	0.1806757325552807	-0	0.8244235078675808	0	0.09478689634273041	102.506658973665	839.0915213832126	-0	0.6894727476934281	0	-0.09478689633972517	0	-7.632783294297951e-17	0	0	-3.799591752340348e-10	0
1.141277528021829	-0.3434907627509579	0.1701056121447117	-0	0.8298703777143772	0	0.09478689634271588	103.644914223554	839.3779917893427	-0	0.6894322533873785	0	-0.09478689634018321	0	-1.595945597898663e-16	0	0	-3.265352432890722e-10	0
1.143515327096382	-0.3228161121335232	0.15940989377122	-0	0.8353501239802411	0	0.09478689634271445	104.7885802776821	839.6768824903029	-0	0.6893911954485148	0	-0.09478689634057437	0	-1.630640067418199e-16	0	0	-2.803623999625415e-10	0
1.145753126170935	-0.3019287653185486	0.1486756540722839	-0	0.8408626245264034	0	0.09478689634268196	105.9385624237435	839.9854995132852	-0	0.6893495924321675	0	-0.09478689634090809	0	-3.157196726277789e-16	0	0	-2.404849652748453e-10	0
1.147990925245487	-0.2810042388353831	0.1379883237449707	-0	0.8464077509424009	0	0.09478689634264546	107.096039561226	840.3012708120059	-0	0.6893074665809328	0	-0.09478689634119249	0	-4.683753385137379e-16	0	0	-2.060644987977867e-10	0
1.15022872432004	-0.2602142699207252	0.1274305353929376	-0	0.8519853609007157	0	0.09478689634258666	108.2621643297316	840.6216912478141	-0	0.6892648386087344	0	-0.09478689634143461	0	-6.800116025829084e-16	0	0	-1.763780232977297e-10	0
1.152466523394593	-0.239723200502251	0.1170804220190748	-0	0.85759530397829	0	0.09478689634246341	109.4378576671326	840.9445114213612	-0	0.6892217241580461	0	-0.0947868963416405	0	-1.117161918529064e-15	0	0	-1.507949320966873e-10	0
1.154704322469145	-0.21968593585994	0.107010718508017	-0	0.8632374107154572	0	0.09478689634228123	110.6237178416757	841.2677331744038	-0	0.6891781323760785	0	-0.09478689634181536	0	-1.668803983889688e-15	0	0	-1.28762778217606e-10	0
1.156942121543697	-0.20024456175145	0.097287206718883	-0	0.8689115001514742	0	0.09478689634196096	111.8202779041391	841.5903360547351	-0	0.6891340687199419	0	-0.09478689634196368	0	-2.543104615781999e-15	0	0	-1.098126034548841e-10	0
1.15917992061825	-0.1815268771941571	0.08796813006482193	-0	0.8746173644317676	0	0.09478689634142039	113.0272400796447	841.9120054395057	-0	0.6890895233495915	0	-0.09478689634208937	0	-3.851086116668512e-15	0	0	-9.352163488074439e-11	0
1.161417719692803	-0.1636436146836121	0.07910295062671076	-0	0.8803547798263869	0	0.09478689634044635	114.2450946148109	842.2341825180221	-0	0.6890444953971968	0	-0.09478689634219568	0	-5.951836246076425e-15	0	0	-7.953993019782502e-11	0
1.163655518767355	-0.1466875232788653	0.07073204684973261	-0	0.8861234887733418	0	0.09478689633877573	115.4732099851266	842.559490761242	-0	0.6889989632088676	0	-0.0947868963422855	0	-9.077807949786632e-15	0	0	-6.755129788871272e-11	0
1.165893317841908	-0.1307320195304439	0.06288618022147777	-0	0.8919232140831443	0	0.09478689633579861	116.711694979759	842.8920052398614	-0	0.6889529140604495	0	-0.09478689634236125	0	-1.395238091728146e-14	0	0	-5.728573171381868e-11	0
1.168131116916461	-0.1158312111892448	0.05558664922077397	-0	0.8977536375670579	0	0.09478689633052403	117.959699005641	843.2370913491858	-0	0.6889063174205832	0	-0.09478689634242507	0	-2.139781407617392e-14	0	0	-4.850342349982384e-11	0
1.170368915991013	-0.1020195647296819	0.04884523340964289	-0	0.9036144192910676	0	0.09478689632105482	119.2129553096465	843.5988374122488	-0	0.6888590895942174	0	-0.09478689634247872	0	-3.286433625238061e-14	0	0	-4.100364492387598e-11	0
1.172606715065566	-0.08931212779345134	0.04266442210975236	-0	0.9095051871251225	0	0.09478689630394575	120.4665322159011	843.9824559805423	-0	0.6888111377668867	0	-0.09478689634252374	0	-5.050994345001669e-14	0	0	-3.460876030203508e-11	0
1.174844514140118	-0.07770729535529641	0.03703886322406078	-0	0.9154255486377736	0	0.09478689627285698	121.7102188518086	844.3862121687966	-0	0.6887623005803518	0	-0.09478689634256149	0	-7.758724218653867e-14	0	0	-2.915534480507631e-11	0
1.177082313214671	-0.06718944554845765	0.03195672370303656	-0	0.9213750545969458	0	0.09478689621587834	122.9361664271993	844.8060222975179	-0	0.6887124688548939	0	-0.09478689634259301	0	-1.191902479491525e-13	0	0	-2.452615888159926e-11	0
1.179320112289224	-0.0577293717538943	0.027399931962329	-0	0.9273532213508887	0	0.09478689611074918	124.1379780436981	845.2299757568384	-0	0.6886615790110006	0	-0.09478689634261935	0	-1.830124593538152e-13	0	0	-2.05879757686489e-11	0
1.181557911363776	-0.04928654081803156	0.02334531071596944	-0	0.9333595072258909	0	0.09478689591533786	125.3154345751073	845.6392677560435	-0	0.6886096878660098	0	-0.09478689634264124	0	-2.80857802292811e-13	0	0	-1.725197762425523e-11	0
1.183795710438329	-0.04180718723289593	0.01976368553572992	-0	0.9393933848595882	0	0.09478689554971988	126.4733682918188	846.0203338723034	-0	0.6885569212920117	0	-0.09478689634265945	0	-4.305601014609195e-13	0	0	-1.442934660644823e-11	0
1.186033509512882	-0.03522137250804925	0.01661850088769837	-0	0.9454545986840687	0	0.09478689486031132	127.6166730267301	846.3590468788503	-0	0.6885034019723962	0	-0.09478689634267458	0	-6.593683932187844e-13	0	0	-1.20383703006155e-11	0
1.188271308587434	-0.02947419072433694	0.01388106232569957	-0	0.9515426061507093	0	0.09478689355159454	128.7601036408415	846.6544389191225	-0	0.6884493787533998	0	-0.09478689634268705	0	-1.008299346794139e-12	0	0	-1.002931071525381e-11	0
1.190509107661987	-0.02450775504214812	0.011521525582671	-0	0.9576565638895413	0	0.09478689105225928	129.9124557136765	846.9112890870286	-0	0.6883949782538576	0	-0.09478689634269739	0	-1.538982483118012e-12	0	0	-8.334666290465975e-12	0
1.192746906736539	-0.02024863551745396	0.009502893766843542	-0	0.9637957827381171	0	0.0947868862494446	131.0838673606462	847.1377567710156	-0	0.6883403371562046	0	-0.09478689634270589	0	-2.343887670758216e-12	0	0	-6.917133532624575e-12	0
1.194984705811092	-0.01662192169339367	0.007787900833538769	-0	0.9699596491770014	0	0.09478687696034389	132.2816908585712	847.3457675070235	-0	0.6882855311528036	0	-0.09478689634271291	0	-3.561421556969036e-12	0	0	-5.726974450226407e-12	0
1.197222504885644	-0.01355368678607612	0.006340121059166517	-0	0.976147641518881	0	0.09478685887502675	133.5007569501182	847.531062381283	-0	0.6882304696752711	0	-0.09478689634271865	0	-5.397370701418214e-12	0	0	-4.732214620162267e-12	0
1.199460303960197	-0.01097758241727028	0.005127080670599357	-0	0.9823590472921588	0	0.09478682343799097	134.7416076897184	847.6841817149913	-0	0.6881751717877548	0	-0.09478689634272337	0	-8.155721323982457e-12	0	0	-3.90265597616235e-12	0
1.20169810303475	-0.008831507108273269	0.004118561783335362	-0	0.988592858599342	0	0.09478675357531267	135.9889307428488	847.7898880321923	-0	0.6881194107441134	0	-0.09478689634272724	0	-1.228180805754736e-11	0	0	-3.209876808796253e-12	0
1.203935902109302	-0.007057425474286355	0.00328647784085926	-0	0.9948475229159142	0	0.09478661502338064	137.2270746796756	847.8321431782568	-0	0.6880629666558888	0	-0.0947868963427304	0	-1.842274412449524e-11	0	0	-2.634337192830571e-12	0
1.206173701183855	-0.005601964827396184	0.002605116086354611	-0	1.001120579618703	0	0.09478633866455778	138.4523079940551	847.8153226189692	-0	0.6880057658315808	0	-0.09478689634273295	0	-2.750896483261905e-11	0	0	-2.160049916710705e-12	0
1.208411500258408	-0.004416569731670852	0.002051183204550455	-0	1.007407779863752	0	0.09478578431167332	139.6515058054769	847.7538649823753	-0	0.6879475594595342	0	-0.09478689634273506	0	-4.086182732237695e-11	0	0	-1.763922341524449e-12	0
1.21064929933296	-0.003458175987389104	0.001604098194588997	-0	1.013701224955525	0	0.09478466621209373	140.8303073582478	847.665839001527	-0	0.6878884022606047	0	-0.09478689634273674	0	-6.032878016593024e-11	0	0	-1.442401753593003e-12	0
1.212887098407513	-0.002689101826562278	0.001245914824154983	-0	1.019985453666038	0	0.09478239923330617	141.9964018049285	847.5698724821792	-0	0.6878283788569006	0	-0.09478689634273811	0	-8.844074398609708e-11	0	0	-1.170619157164765e-12	0
1.215124897482065	-0.002076775665577331	0.0009611727890641078	-0	1.026229172033133	0	0.09477778061571451	143.1490963957107	847.4594918885495	-0	0.6877675032728187	0	-0.09478689634273922	0	-1.285698570177574e-10	0	0	-9.521272659185342e-13	0
1.217362696556618	-0.001593354830711136	0.000736697278936396	-0	1.032368035021727	0	0.09476833198193889	144.3019060479595	847.313079513709	-0	0.6877060607841777	0	-0.09478689634274011	0	-1.850265460051799e-10	0	0	-7.72715225139109e-13	0
1.219600495631171	-0.00121536629098607	0.000561414141671935	-0	1.038268756919136	0	0.09474895035233002	145.4584133533297	847.1051698293095	-0	0.6876441779386127	0	-0.09478689634274083	0	-2.629287412656478e-10	0	0	-6.252776074688882e-13	0
1.221838294705723	-0.0009233267026826711	0.0004261557470240394	-0	1.043656378147641	0	0.09470920557130252	146.6252432256109	846.8058410213564	-0	0.6875820367762636	0	-0.09478689634274141	0	-3.674599740563804e-10	0	0	-5.044853423896711e-13	0
1.224076093780276	-0.0007013966175017292	0.0003234857017607688	-0	1.047974502632589	0	0.09462822964597625	147.8072719043186	846.4066809407453	-0	0.6875197255096602	0	-0.09478689634274186	0	-5.016437256636763e-10	0	0	-4.085620730620576e-13	0
1.226313892854829	-0.0005371145955933867	0.000247563023102286	-0	1.050151543240235	0	0.09446635881503225	148.9949298916427	845.9130738616693	-0	0.6874570542588864	0	-0.09478689634274225	0	-6.609418670325924e-10	0	0	-3.268496584496461e-13	0
1.228551691929381	-0.0004212426461297284	0.0001940596637755661	-0	1.048345515717347	0	0.0941565507371048	150.1818906377108	845.3354258337514	-0	0.6873938761635296	0	-0.09478689634274254	0	-8.226885732373688e-10	0	0	-2.611244553918368e-13	0
1.230789491003934	-0.0003477514758288468	0.0001601445558778424	-0	1.040135085774359	0	0.09361313836340147	151.3554491182272	844.6916150931086	-0	0.6873299252146968	0	-0.09478689634274277	0	-9.333570416249432e-10	0	0	-2.096101070492296e-13	0
1.233027290078486	-0.000314036145818258	0.0001445748174196208	-0	1.024214633084161	0	0.09279575716389611	152.508343080292	843.9884738833013	-0	0.6872650632588327	0	-0.09478689634274297	0	-9.160550788212538e-10	0	0	-1.63424829224823e-13	0
1.235265089153039	-0.0003213711564159959	0.0001478976720224545	-0	1.003397739589618	0	0.09181689236516487	153.6415325755227	843.2275602847982	-0	0.6871993075485947	0	-0.09478689634274311	0	-7.318952390284882e-10	0	0	-1.332267629550188e-13	0
1.237502888227591	-0.0003757649069842586	0.0001728358949113859	-0	0.9843588083256204	0	0.09092394465382714	154.7575643455327	842.4084669712852	-0	0.6871327070082615	0	-0.09478689634274322	0	-4.459580241710209e-10	0	0	-1.083577672034153e-13	0
1.239740687302144	-0.0004892913158595012	0.0002248917233675997	-0	0.9720932113095166	0	0.09029314633440451	155.8636491595487	841.5270588588867	-0	0.6870653955186571	0	-0.0947868963427433	0	-1.766517808090727e-10	0	0	-8.704148513061227e-14	0
1.241978486376697	-0.0006821159886139448	0.0003132682673852563	-0	0.966869343354667	0	0.08992539364464544	156.9668810530979	840.585639443172	-0	0.6869974826399743	0	-0.09478689634274338	0	7.364691606667924e-12	0	0	-6.750155989720952e-14	0
1.244216285451249	-0.0009854371507463772	0.0004522089101906655	-0	0.9665044088368909	0	0.08973557405160006	158.0709975678272	839.5883866661902	-0	0.6869290121202282	0	-0.09478689634274344	0	1.034895124782907e-10	0	0	-5.329070518200751e-14	0
1.246454084525802	-0.001445654381864385	0.0006628973520202391	-0	0.968874852101387	0	0.08964428344375774	159.1816389127686	838.5367413389549	-0	0.6868600673256884	0	-0.09478689634274348	0	1.370511509455555e-10	0	0	-4.440892098500626e-14	0
1.248691883600355	-0.002130135830134395	0.0009760883764961086	-0	0.9726342052001261	0	0.08960216567977003	160.3059097694077	837.431924482099	-0	0.6867907520207046	0	-0.09478689634274351	0	1.342630286734359e-10	0	0	-3.552713678800501e-14	0
1.250929682674907	-0.003135072979550154	0.001435693201113783	-0	0.9770637227824563	0	0.08958326089262245	161.443580004884	836.2630101382621	-0	0.686721085324788	0	-0.09478689634274355	0	1.140362199743457e-10	0	0	-2.664535259100376e-14	0
1.25316748174946	-0.004595904611901244	0.002103541978255115	-0	0.98180977980907	0	0.08957496196904757	162.6014135010129	835.0139902246013	-0	0.6866512153557969	0	-0.09478689634274357	0	8.804267043064154e-11	0	0	-2.131628207280301e-14	0
1.255405280824012	-0.006701046381064128	0.003065662629389341	-0	0.9867056567990005	0	0.08957139879259694	163.7757332844688	833.6797565932442	-0	0.6865810785009314	0	-0.09478689634274358	0	6.269919609544483e-11	0	0	-1.77635683940025e-14	0
1.257643079898565	-0.009709612695499741	0.004440393613727492	-0	0.9916747792372512	0	0.08956990853905696	164.9530363158759	832.259898900846	-0	0.6865104352436441	0	-0.09478689634274358	0	4.104795041197373e-11	0	0	-1.598721155460225e-14	0
1.259880878973118	-0.01397387599023169	0.006388682845136917	-0	0.9966826180219392	0	0.08956930711458566	166.1371648540788	830.7650022786252	-0	0.6864393047470475	0	-0.09478689634274361	0	2.415380504112996e-11	0	0	-1.06581410364015e-14	0
1.26211867804767	-0.01996712480367765	0.009126882855064227	-0	1.001713838963329	0	0.08956907767941978	167.3266176784896	829.2122694206297	-0	0.686367594086978	0	-0.09478689634274362	0	1.206941686350549e-11	0	0	-5.329070518200751e-15	0
1.264356477122223	-0.02831739105227677	0.01294228346903452	-0	1.006761678562384	0	0.08956899878206454	168.5250553323249	827.5994327429407	-0	0.6862953653560777	0	-0.09478689634274363	0	4.420766704094081e-12	0	0	-5.329070518200751e-15	0
1.266594276196775	-0.03984638267888297	0.01821110835163289	-0	1.011823127160677	0	0.0895689769809605	169.7515300331489	825.9157705056872	-0	0.6862229604651431	0	-0.09478689634274363	0	5.524925135447223e-13	0	0	-3.552713678800501e-15	0
1.268832075271328	-0.05561455619812344	0.02541941922344406	-0	1.016896798820606	0	0.08956897359756623	171.0027070741041	824.1642411307528	-0	0.6861502915114489	0	-0.09478689634274363	0	-6.594932933090547e-13	0	0	-7.105427357601002e-15	0
1.271069874345881	-0.07697218627102612	0.0351868969024285	-0	1.021982025865121	0	0.08956897414455245	172.2615263563204	822.3517521403489	-0	0.6860770302773277	0	-0.09478689634274363	0	-6.277964259560065e-13	0	0	-3.552713678800501e-15	0
1.273307673420433	-0.1056130923366238	0.04829208304052072	-0	1.027078403649898	0	0.08956897473460482	173.517893738404	820.4670254921778	-0	0.6860030378274724	0	-0.09478689634274363	0	-3.4420730155027e-13	0	0	-3.552713678800501e-15	0
1.275545472494986	-0.1436282226208552	0.06569795140700158	-0	1.032185518287623	0	0.08956897497755408	174.7714251663145	818.4893049969761	-0	0.6859283747651506	0	-0.09478689634274365	0	-1.488167228336224e-13	0	0	0	0
1.277783271569538	-0.193555121328405	0.08857594988220681	-0	1.037302891706812	0	0.08956897505257028	176.0258490121433	816.400708088671	-0	0.6858531621517552	0	-0.09478689634274363	0	-5.624667398507199e-14	0	0	-3.552713678800501e-15	0
1.280021070644091	-0.2584116605667654	0.1183236725712149	-0	1.042429902706076	0	0.08956897507264884	177.2881876312252	814.1840669081234	-0	0.685777567528861	0	-0.09478689634274366	0	-1.950523076388322e-14	0	0	3.552713678800501e-15	0
1.282258869718644	-0.3417174338072165	0.1565772124870068	-0	1.04756586562589	0	0.08956897507759701	178.5648350173979	811.8399746560603	-0	0.6857016811199993	0	-0.09478689634274365	0	-6.366435156834882e-15	0	0	3.552713678800501e-15	0
1.284496668793196	-0.4474937376409607	0.2052142430728748	-0	1.052710012145943	0	0.08956897507875407	179.8499866621007	809.3779463876284	-0	0.6856253495802083	0	-0.09478689634274363	0	-1.991462550421375e-15	0	0	-7.105427357601002e-15	0
1.286734467867749	-0.5802339521007032	0.2663443713138543	-0	1.057861499322492	0	0.08956897507901514	181.1394189938747	806.7972296809448	-0	0.6855484895191407	0	-0.09478689634274366	0	-6.036837696399289e-16	0	0	3.552713678800501e-15	0
1.288972266942301	-0.744842713145256	0.3422856565507811	-0	1.063019362208357	0	0.08956897507907258	182.4322689241702	804.0926500005596	-0	0.6854710925221815	0	-0.09478689634274365	0	-1.665334536937735e-16	0	0	0	0
1.291210066016854	-0.9465313342946997	0.4355221800338814	-0	1.068182525943507	0	0.08956897507908498	183.7252024351133	801.2526140837028	-0	0.685393134851972	0	-0.09478689634274366	0	-6.938893903907228e-17	0	0	3.552713678800501e-15	0
1.293447865091407	-1.190661118211795	0.5486393676351056	-0	1.073349713477289	0	0.08956897507908765	185.0199135826848	798.2618020518057	-0	0.6853146923091624	0	-0.09478689634274366	0	0	0	0	0	0
1.295685664165959	-1.482557784076705	0.6842456550858793	-0	1.078519511477135	0	0.0895689750790882	186.3154829860297	795.1094134720448	-0	0.6852357789429118	0	-0.09478689634274365	0	-2.775557561562891e-17	0	0	-3.552713678800501e-15	0
1.297923463240512	-1.827278693498061	0.8448747988663508	-0	1.083690259891467	0	0.08956897507908833	187.6084630294319	791.7868241502797	-0	0.6851563552047391	0	-0.09478689634274366	0	0	0	0	0	0
1.300161262315064	-2.229388121206414	1.03288962482687	-0	1.088860140653002	0	0.08956897507908836	188.8961214049544	788.2886672156296	-0	0.6850763833759191	0	-0.09478689634274366	0	-2.775557561562891e-17	0	0	3.552713678800501e-15	0
1.302399061389617	-2.692737689181404	1.250388996784399	-0	1.09402706550367	0	0.08956897507908836	190.172191841183	784.6115788516397	-0	0.6849957569012243	0	-0.09478689634274366	0	0	0	0	3.552713678800501e-15	0
1.30463686046417	-3.220292240181683	1.499133061224332	-0	1.099188770245451	0	0.08956897507908836	191.4336400750008	780.75237223356	-0	0.6849144280305886	0	-0.09478689634274365	0	0	0	0	0	0
1.306874659538722	-3.814047948216035	1.7805087163767	-0	1.104342714925668	0	0.08956897507908836	192.6763320562688	776.7077027001593	-0	0.6848323315035465	0	-0.09478689634274366	0	0	0	0	3.552713678800501e-15	0
1.309112458613275	-4.475006454322961	2.095520195022879	-0	1.10948617815034	0	0.08956897507908836	193.8990358789713	772.4722949013966	-0	0.6847494638805594	0	-0.09478689634274365	0	0	0	0	0	0
1.311350257687828	-5.203333762595042	2.444859451040315	-0	1.114616184394192	0	0.08956897507908836	195.1016033588627	768.0389685001057	-0	0.6846658491664608	0	-0.09478689634274365	0	0	0	0	0	0
1.31358805676238	-5.998544954189113	2.828990919520516	-0	1.119729594741592	0	0.08956897507908836	196.2827332090467	763.3963128225427	-0	0.684581511573864	0	-0.09478689634274365	0	0	0	0	0	0
1.315825855836933	-6.859958514334449	3.24835123618876	-0	1.124823084210476	0	0.08956897507908836	197.4432498834837	758.5293960503966	-0	0.684496529304374	0	-0.09478689634274365	0	0	0	0	0	0
1.318063654911485	-7.787022876392634	3.703501374433628	-0	1.129893208220951	0	0.08956897507908836	198.5786011759106	753.418707548685	-0	0.6844109075302661	0	-0.09478689634274365	0	0	0	0	0	0
1.320301453986038	-8.780067940084747	4.195452586128297	-0	1.134936464871375	0	0.08956897507908836	199.6853238965448	748.0410873124847	-0	0.6843246908859646	0	-0.09478689634274365	0	0	0	0	0	0
1.32253925306059	-9.840582074406642	4.725808527937549	-0	1.139949306566207	0	0.08956897507908836	200.7589257439771	742.3721444591679	-0	0.6842379149111035	0	-0.09478689634274365	0	0	0	0	0	0
1.324777052135143	-10.9718213299135	5.297033671498541	-0	1.144928263194451	0	0.08956897507908836	201.7960680951268	736.3884277045104	-0	0.6841506357018294	0	-0.09478689634274365	0	0	0	0	0	0
1.327014851209696	-12.17886274787658	5.912526182885252	-0	1.149869879555417	0	0.08956897507908836	202.7841459262486	730.0583091011081	-0	0.6840627851862631	0	-0.09478689634274365	0	0	0	0	0	0
1.329252650284248	-13.46872910222003	6.576738230292529	-0	1.154770752614616	0	0.08956897507908836	203.7156084598936	723.3470292401493	-0	0.6839744129302712	0	-0.09478689634274365	0	0	0	0	0	0
1.331490449358801	-14.85027488794469	7.295173983850313	-0	1.159627478301349	0	0.08956897507908836	204.5918085791195	716.2456825852962	-0	0.6838856040062431	0	-0.09478689634274365	0	0	0	0	0	0
1.333728248433353	-16.33446523537803	8.074651842814083	-0	1.164436593896753	0	0.08956897507908836	205.3992342717022	708.7617624781091	-0	0.6837960872309254	0	-0.09478689634274366	0	0	0	0	3.552713678800501e-15	0
1.335966047507906	-17.93413419006441	8.923251326632251	-0	1.169194580239199	0	0.08956897507908836	206.1717232452644	700.9237114860314	-0	0.6837063701968096	0	-0.09478689634274365	0	0	0	0	0	0
1.338203846582459	-19.66249050148719	9.849824624836046	-0	1.173897677782501	0	0.08956897507908836	206.9442985026246	692.7802377109798	-0	0.6836168662898995	0	-0.09478689634274365	0	0	0	0	0	0
1.340441645657011	-21.53372850661548	10.86442114382185	-0	1.178541994018636	0	0.08956897507908836	207.6780692501963	684.3057517990355	-0	0.6835269931858302	0	-0.09478689634274363	0	0	0	0	-3.552713678800501e-15	0
1.342679444731564	-23.56484019430151	11.97974241352241	-0	1.183122922122823	0	0.08956897507908836	208.3586611886724	675.4083399268608	-0	0.6834370462415446	0	-0.09478689634274363	0	0	0	0	-3.552713678800501e-15	0
