DataType=double
version=3
OpenSimVersion=4.5.2-2025-04-14-fb5fac1
endheader
time	ground_force_r_vx	ground_force_r_vy	ground_force_r_vz	ground_force_r_px	ground_force_r_py	ground_force_r_pz	ground_force_l_vx	ground_force_l_vy	ground_force_l_vz	ground_force_l_px	ground_force_l_py	ground_force_l_pz	ground_torque_r_x	ground_torque_r_y	ground_torque_r_z	ground_torque_l_x	ground_torque_l_y	ground_torque_l_z
0	-0	-0	-0	0	0	0	84.62767370440027	223.2418396939663	-0	-0.1627646891088468	0	-0.09478689634274365	0	0	0	0	0	0
0.0006508791263860441	-0	-0	-0	0	0	0	81.58979913316489	211.8610002507815	-0	-0.1627570153756402	0	-0.09478689634274365	0	0	0	0	0	0
0.001301758252772088	-0	-0	-0	0	0	0	78.48864304511966	200.6880984598706	-0	-0.1627515212153758	0	-0.09478689634274365	0	0	0	0	0	0
0.001952637379158132	-0	-0	-0	0	0	0	75.34701900888768	189.757134840916	-0	-0.1627479243545611	0	-0.09478689634274366	0	0	0	0	8.881784197001252e-16	0
0.002603516505544177	-0	-0	-0	0	0	0	72.18081762085686	179.0932318618918	-0	-0.1627461583284911	0	-0.09478689634274365	0	0	0	0	0	0
0.00325439563193022	-0	-0	-0	0	0	0	69.0064402995223	168.7196726805039	-0	-0.1627460930300317	0	-0.09478689634274365	0	0	0	0	0	0
0.003905274758316265	-0	-0	-0	0	0	0	65.83938859966567	158.6554665345744	-0	-0.162747544845857	0	-0.09478689634274365	0	0	0	0	0	0
0.004556153884702309	-0	-0	-0	0	0	0	62.6896778334478	148.9128666758838	-0	-0.1627505308096381	0	-0.09478689634274365	0	0	0	0	0	0
0.005207033011088353	-0	-0	-0	0	0	0	59.55987979541019	139.4947352871655	-0	-0.1627553807316447	0	-0.09478689634274365	0	0	0	0	0	0
0.005857912137474396	-0	-0	-0	0	0	0	56.45488622334938	130.413599235396	-0	-0.1627626764070006	0	-0.09478689634274365	0	0	0	0	0	0
0.00650879126386044	-0	-0	-0	0	0	0	53.37650985485544	121.7053685738822	-0	-0.1627744075394274	0	-0.09478689634274365	0	0	0	0	0	0
0.007159670390246485	-0	-0	-0	0	0	0	50.33433485446377	113.4469591486583	-0	-0.1627941859135701	0	-0.09478689634274365	0	0	0	0	0	0
0.007810549516632529	-0	-0	-0	0	0	0	47.33482520462738	105.8101420044433	-0	-0.1628314357383109	0	-0.09478689634274365	0	0	0	0	0	0
0.008461428643018574	-0	-0	-0	0	0	0	44.37883699184919	98.94488671892724	-0	-0.1628974958795232	0	-0.09478689634274365	0	0	0	0	0	0
0.009112307769404618	-0	-0	-0	0	0	0	41.45243079717343	92.92153135601762	-0	-0.163003082904495	0	-0.09478689634274366	0	0	0	0	8.881784197001252e-16	0
0.009763186895790662	-0	-0	-0	0	0	0	38.55092634803923	87.79421545844083	-0	-0.1631575067105565	0	-0.09478689634274365	0	0	0	0	0	0
0.01041406602217671	-0	-0	-0	0	0	0	35.66463864672033	83.57453241839231	-0	-0.1633673403690949	0	-0.09478689634274365	0	0	0	0	0	0
0.01106494514856275	-0	-0	-0	0	0	0	32.77655024995462	80.26609536644699	-0	-0.163637318579832	0	-0.09478689634274365	0	0	0	0	0	0
0.01171582427494879	-0	-0	-0	0	0	0	29.86313642109558	77.85280875956504	-0	-0.1639684825133519	0	-0.09478689634274365	0	0	0	0	0	0
0.01236670340133484	-0	-0	-0	0	0	0	26.8847168178709	76.31445721114531	-0	-0.1643597433458387	0	-0.09478689634274365	0	0	0	0	0	0
0.01301758252772088	-0	-0	-0	0	0	0	23.79890618511626	75.62248732015541	-0	-0.164805702755522	0	-0.09478689634274365	0	0	0	0	0	0
0.01366846165410693	-0	-0	-0	0	0	0	20.54210754246768	75.73198816980657	-0	-0.1652994049483319	0	-0.09478689634274365	0	0	0	0	0	0
0.01431934078049297	-0	-0	-0	0	0	0	17.04626008679656	76.56848419842677	-0	-0.1658309994969963	0	-0.09478689634274365	0	0	0	0	0	0
0.01497021990687901	-0	-0	-0	0	0	0	12.09369254807384	75.95466583508353	-0	-0.166496983954961	0	-0.09478689634274365	0	0	0	0	0	0
0.01562109903326506	-0	-0	-0	0	0	0	3.186592341002392	67.27681213889261	-0	-0.1676310164665726	0	-0.09478689634274365	0	0	0	0	0	0
0.0162719781596511	-0	-0	-0	0	0	0	-6.234132954148249	48.16535343043527	-0	-0.169377326840949	0	-0.09478689634274366	0	0	0	0	-1.110223024625157e-16	0
0.01692285728603715	-0	-0	-0	0	0	0	-8.985420765436421	25.43955376910954	-0	-0.1715283853192931	0	-0.09478689634274365	0	0	0	0	0	0
0.01757373641242319	-0	-0	-0	0	0	0	-4.308696971745647	6.986039478218843	-0	-0.1739899373092938	0	-0.09478689634274365	0	0	0	0	0	0
0.01822461553880924	-0	-0	-0	0	0	0	1.637439526846596	-1.817045824769279	-0	-0.1765571624118563	0	-0.09478689634274365	0	0	0	0	0	0
0.01887549466519528	-0	-0	-0	0	0	0	3.554749381770828	-3.802493311013982	-0	-0.1765968266584586	0	-0.09478689634274365	0	0	0	0	0	0
0.01952637379158132	-0	-0	-0	0	0	0	3.852188775740879	-3.977615684130402	-0	-0.1765837921325318	0	-0.09478689634274365	0	0	0	0	0	0
0.02017725291796737	-0	-0	-0	0	0	0	3.911661515594252	-3.902283662748727	-0	-0.1765224059726775	0	-0.09478689634274365	0	0	0	0	0	0
0.02082813204435341	-0	-0	-0	0	0	0	3.974503649652898	-3.831724939655581	-0	-0.1764177648571158	0	-0.09478689634274365	0	0	0	0	0	0
0.02147901117073945	-0	-0	-0	0	0	0	4.049400215782436	-3.772070796733331	-0	-0.1762729057368994	0	-0.09478689634274365	0	0	0	0	0	0
0.0221298902971255	-0	-0	-0	0	0	0	4.122119755553393	-3.709054084081341	-0	-0.1760872574913976	0	-0.09478689634274365	0	0	0	0	0	0
0.02278076942351154	-2.324287741169107e-12	1.028134534295535e-12	-0	-0.2969913832551464	0	0.09478689634274365	4.188598641181717	-3.639514591899633	-0	-0.1758589941048112	0	-0.09478689634274363	0	0	0	0	-5.551115123125783e-17	0
0.02343164854989759	-2.27969611862251e-12	1.005573583248314e-12	-0	-0.2963250383004793	0	0.09478689634274365	4.252414720636662	-3.567698181855111	-0	-0.1755847019651573	0	-0.09478689634274363	0	0	0	0	-5.551115123125783e-17	0
0.02408252767628363	-6.701027561752172e-12	2.947477139520391e-12	-0	-0.2956677477953974	0	0.09478689634274365	4.317659534587277	-3.497838710502858	-0	-0.1752607180956304	0	-0.09478689634274365	0	0	0	0	0	0
0.02473340680266968	-1.311766608448563e-11	5.753511923351796e-12	-0	-0.2950193302424068	0	0.09478689634274365	4.385905049627317	-3.431708865749318	-0	-0.1748833798014828	0	-0.09478689634274366	0	0	0	0	5.551115123125783e-17	0
0.02538428592905572	-2.778821941306496e-11	1.215345616472936e-11	-0	-0.2943796011256493	0	0.09478689634274363	4.456765990648975	-3.369331183392144	-0	-0.1744492054452256	0	-0.09478689634274365	0	-4.03896783473158e-28	0	0	0	0
0.02603516505544176	-5.845183822936845e-11	2.549148251683109e-11	-0	-0.2937483695941863	0	0.09478689634274365	4.528331300379623	-3.309554979115219	-0	-0.1739551394172272	0	-0.09478689634274365	0	0	0	0	0	0
0.02668604418182781	-1.221820923643824e-10	5.313216654529084e-11	-0	-0.2931254429330995	0	0.09478689634274365	4.59697539625994	-3.250159107243457	-0	-0.1733982292584413	0	-0.09478689634274365	0	0	0	0	0	0
0.02733692330821385	-2.559392618273899e-10	1.109775577602502e-10	-0	-0.2925106248672673	0	0.09478689634274365	4.65794501158032	-3.188478286392338	-0	-0.1727757000679213	0	-0.09478689634274365	0	0	0	0	0	0
0.0279878024345999	-5.405685057803468e-10	2.337182153350314e-10	-0	-0.2919037169084288	0	0.09478689634274365	4.708121567752188	-3.123279240251811	-0	-0.1720848858404601	0	-0.09478689634274365	0	0	0	0	0	0
0.02863868156098594	-1.140708589892391e-09	4.917625554273441e-10	-0	-0.2913045135413566	0	0.09478689634274365	4.748017282974813	-3.0557941569777	-0	-0.1713236643144285	0	-0.09478689634274365	0	0	0	0	0	0
0.02928956068737198	-2.416183948348269e-09	1.038592232380334e-09	-0	-0.2907128023843523	0	0.09478689634274365	4.781129491810145	-2.988887130731505	-0	-0.1704904722980047	0	-0.09478689634274366	0	0	0	0	5.551115123125783e-17	0
0.02994043981375803	-5.136573555345271e-09	2.201498256200559e-09	-0	-0.2901283580760977	0	0.09478689634274365	4.810724355328295	-2.924795093035715	-0	-0.1695848388702504	0	-0.09478689634274365	0	0	0	0	0	0
0.03059131894014407	-1.094848525242052e-08	4.67868780598536e-09	-0	-0.2895509483348456	0	0.09478689634274365	4.838218906267962	-2.864330434536343	-0	-0.1686068213123064	0	-0.09478689634274365	0	0	0	0	0	0
0.03124219806653012	-2.340495093964068e-08	9.972369798724673e-09	-0	-0.2889803298216723	0	0.09478689634274363	4.862649971736	-2.806743942670334	-0	-0.1675572099851878	0	-0.09478689634274365	0	-4.135903062765138e-25	0	0	0	0
0.03189307719291616	-5.015973772139813e-08	2.130894229683001e-08	-0	-0.2884162539555072	0	0.09478689634274365	4.881592029829399	-2.75049241814977	-0	-0.1664370907924021	0	-0.09478689634274365	0	0	0	0	0	0
0.0325439563193022	-1.07748328479069e-07	4.563820068531686e-08	-0	-0.2878584635437674	0	0.09478689634274365	4.891925963303035	-2.693730160287784	-0	-0.1652479787537333	0	-0.09478689634274366	0	0	0	0	5.551115123125783e-17	0
0.03319483544568824	-2.319229481894622e-07	9.794185395258788e-08	-0	-0.2873066974851837	0	0.09478689634274366	4.89112738657632	-2.635065956776854	-0	-0.1639915359305877	0	-0.09478689634274365	0	3.308722450212111e-24	0	0	0	0
0.0338457145720743	-5.000876186464175e-07	2.105583937901609e-07	-0	-0.2867606883153215	0	0.09478689634274365	4.878144665533255	-2.573967084897173	-0	-0.1626695863918643	0	-0.09478689634274365	0	0	0	0	0	0
0.03449659369846034	-1.079927750710306e-06	4.533339041676078e-07	-0	-0.2862201657141166	0	0.09478689634274365	4.853710571736131	-2.510851615175436	-0	-0.1612839662616205	0	-0.09478689634274365	0	0	0	0	0	0
0.03514747282484638	-2.334861010017129e-06	9.771848197904004e-07	-0	-0.2856848545040097	0	0.09478689634274365	4.819910773795706	-2.446780102176288	-0	-0.1598365137639564	0	-0.09478689634274365	0	0	0	0	0	0
0.03579835195123243	-5.052560469031611e-06	2.108212952125247e-06	-0	-0.2851544768524031	0	0.09478689634274365	4.779344013723524	-2.382987047069047	-0	-0.1583290412408517	0	-0.09478689634274365	0	0	0	0	0	0
0.03644923107761847	-1.093970044405867e-05	4.550831285500792e-06	-0	-0.284628750445697	0	0.09478689634274365	4.7342340703183	-2.320436134084864	-0	-0.1567633448009054	0	-0.09478689634274365	0	0	0	0	0	0
0.03710011020400451	-2.369158481672302e-05	9.82554870768854e-06	-0	-0.2841073900164763	0	0.09478689634274365	4.685972258101041	-2.259627825233871	-0	-0.1551412076742403	0	-0.09478689634274365	0	0	0	0	0	0
0.03775098933039055	-5.130029094144485e-05	2.12106978133853e-05	-0	-0.2835901057268439	0	0.09478689634274366	4.635125381088766	-2.200641073310083	-0	-0.1534644192526609	0	-0.09478689634274365	0	8.470329472543003e-22	0	0	0	0
0.0384018684567766	-0.0001110233127608122	4.57632403412113e-05	-0	-0.2830766044089187	0	0.09478689634274365	4.581566047483252	-2.143229392175768	-0	-0.1517347656785991	0	-0.09478689634274365	0	0	0	0	0	0
0.03905274758316265	-0.0002400471278197752	9.864193683554192e-05	-0	-0.2825665882275795	0	0.09478689634274366	4.525230997956607	-2.087190704751395	-0	-0.149954038831158	0	-0.09478689634274365	0	3.388131789017201e-21	0	0	0	0
0.03970362670954869	-0.0005182887278807388	0.0002123216990706853	-0	-0.2820597558411252	0	0.09478689634274365	4.46589001027725	-2.032261650677552	-0	-0.1481240184915582	0	-0.09478689634274365	0	0	0	0	0	0
0.04035450583593473	-0.00111693476918288	0.0004561451466919951	-0	-0.2815558021910723	0	0.09478689634274365	4.403696803595459	-1.978365842537336	-0	-0.1462464627216855	0	-0.09478689634274365	0	0	0	0	0	0
0.04100538496232078	-0.002401221805969279	0.0009775867657812684	-0	-0.2810544191067459	0	0.09478689634274365	4.338764080770107	-1.925416442715541	-0	-0.1443231003374419	0	-0.09478689634274365	0	0	0	0	0	0
0.04165626408870683	-0.005146694300411474	0.002088788703845734	-0	-0.2805552990957093	0	0.09478689634274365	4.271421816265798	-1.873429150941354	-0	-0.142355602275211	0	-0.09478689634274365	0	0	0	0	0	0
0.04230714321509287	-0.01099081108788379	0.004446666305535127	-0	-0.2800581338393746	0	0.09478689634274365	4.201906326515462	-1.8223831102895	-0	-0.1403455976138793	0	-0.09478689634274365	0	0	0	0	0	0
0.04295802234147891	-0.0233675731010565	0.009424389948188104	-0	-0.2795626330472519	0	0.09478689634274365	4.130434201296967	-1.772254786734798	-0	-0.1382946367341169	0	-0.09478689634274365	0	0	0	0	0	0
0.04360890146786495	-0.04942107527890934	0.01986935671226209	-0	-0.2790685142698976	0	0.09478689634274365	4.057118067531349	-1.72298239661947	-0	-0.1362042251949844	0	-0.09478689634274365	0	0	0	0	0	0
0.04425978059425099	-0.1038724597897615	0.04162973844355702	-0	-0.2785755761576252	0	0.09478689634274363	3.982037499332412	-1.674497526762998	-0	-0.1340757862843907	0	-0.09478689634274365	0	-1.734723475976807e-18	0	0	0	0
0.04491065972063703	-0.2167109287013933	0.08658033926482978	-0	-0.2780836534311719	0	0.09478689634274365	3.905211325725863	-1.626713584047297	-0	-0.1319106986565678	0	-0.09478689634274365	0	0	0	0	0	0
0.04556153884702309	-0.4481867778058315	0.1785033836587559	-0	-0.2775928745668438	0	0.09478689634274366	3.826637509369698	-1.579542851351849	-0	-0.1297102583888871	0	-0.09478689634274365	0	6.938893903907228e-18	0	0	0	0
0.04621241797340913	-0.917307008988542	0.3642338596850664	-0	-0.2771034810077907	0	0.09478689634274365	3.746280700934245	-1.532891234313521	-0	-0.1274757162155142	0	-0.09478689634274365	0	0	0	0	0	0
0.04686329709979517	-1.854151251019986	0.7341036958306859	-0	-0.2766166462215422	0	0.09478689634274365	3.664056569827004	-1.486652267322115	-0	-0.1252082384238469	0	-0.09478689634274365	0	0	0	0	0	0
0.04751417622618122	-3.691479397461827	1.457762062243643	-0	-0.2761337996870987	0	0.09478689634274363	3.579865433845042	-1.440720735601229	-0	-0.1229089460015157	0	-0.09478689634274365	0	-5.551115123125783e-17	0	0	0	0
0.04816505535256727	-7.213307708381409	2.842897254762122	-0	-0.2756588687555065	0	0.09478689634274365	3.493537286542207	-1.394971152187081	-0	-0.1205788767518008	0	-0.09478689634274365	0	0	0	0	0	0
0.04881593447895331	-13.76673725128272	5.420866592130452	-0	-0.2751959996477256	0	0.09478689634274366	3.404902237974387	-1.349285479475992	-0	-0.1182190271564028	0	-0.09478689634274365	0	2.220446049250313e-16	0	0	0	0
0.04946681360533935	-25.47925158637488	10.04464845984349	-0	-0.2747542166647713	0	0.09478689634274365	3.313730127627376	-1.303529674937666	-0	-0.1158303187083074	0	-0.09478689634274365	0	0	0	0	0	0
0.0501176927317254	-45.25082079279684	17.92186163218897	-0	-0.2743410247386806	0	0.09478689634274365	3.219741103441577	-1.257557069408927	-0	-0.1134136385569519	0	-0.09478689634274365	0	0	0	0	0	0
0.05076857185811144	-75.91590485248399	30.37888436052292	-0	-0.27396700520635	0	0.09478689634274365	3.122537418977325	-1.211182670783064	-0	-0.1109698109597815	0	-0.09478689634274365	0	0	0	0	0	0
0.05141945098449748	-117.9284857331972	48.0808467251467	-0	-0.2736338230489473	0	0.09478689634274365	3.021491456464624	-1.164139777966244	-0	-0.1084996347967173	0	-0.09478689634274365	0	0	0	0	0	0
0.05207033011088352	-168.0037155177039	70.54706025995392	-0	-0.2733338497133706	0	0.09478689634274365	2.915473585982105	-1.115978076736575	-0	-0.1060038628907382	0	-0.09478689634274365	0	0	0	0	0	0
0.05272120923726958	-230.4581187455658	100.9940059869204	-0	-0.2730472162961418	0	0.09478689634274365	2.802637244115093	-1.065987290379411	-0	-0.1034832290849896	0	-0.09478689634274365	0	0	0	0	0	0
0.05337208836365561	-337.3479377710146	157.8232656498969	-0	-0.2727553256464424	0	0.09478689634274365	2.682490858649149	-1.013991928577371	-0	-0.1009383789655445	0	-0.09478689634274365	0	0	0	0	0	0
0.05402296749004166	-509.2738197757266	265.564559920022	-0	-0.2723973569622286	0	0.09478689634274365	2.557665084744097	-0.9609961709435441	-0	-0.09836990314278743	0	-0.09478689634274365	0	0	0	0	0	0
0.05467384661642771	-689.3339153849496	428.6141645690211	-0	-0.2718865051003415	0	0.09478689634274363	2.435112730403211	-0.9095883956485988	-0	-0.09577834170807861	0	-0.09478689634274365	0	-1.4210854715202e-14	0	0	0	0
0.05532472574281375	-777.4719523276347	633.7200782487364	-0	-0.2711761755267681	0	0.09478689634274365	2.322389869975755	-0.8625144752897254	-0	-0.09316423948769091	0	-0.09478689634274365	0	0	0	0	0	0
0.05597560486919979	-628.5601275478605	853.9809073909707	-0	-0.2699781883410381	0	0.09478689634274365	2.219083262907926	-0.8195080672388969	-0	-0.09052811703182496	0	-0.09478689634274365	0	0	0	0	0	0
0.05662648399558584	-68.44425848582509	1041.532438484254	-0	-0.267596262282363	0	0.09478689634274365	2.11226210206363	-0.7757124544565214	-0	-0.08787051288387243	0	-0.09478689634274365	0	0	0	0	0	0
0.05727736312197188	-315.4969291343943	1186.888432591414	-0	-0.2684441455257677	0	0.09478689634274365	2.008951512457681	-0.7337183822676171	-0	-0.08519141277259605	0	-0.09478689634274365	0	0	0	0	0	0
0.05792824224835792	-125.6883322929703	1295.727241098783	-0	-0.2675733479350281	0	0.09478689634274365	1.91746561254812	-0.6965120852614654	-0	-0.08249094686892412	0	-0.09478689634274365	0	0	0	0	0	0
0.05857912137474396	-219.3822258619234	1360.602250759131	-0	-0.2678884120658924	0	0.09478689634274365	1.833544232441668	-0.6624531432068448	-0	-0.07976940029024934	0	-0.09478689634274365	0	0	0	0	0	0
0.05923000050113001	-132.9496939498839	1388.945911453797	-0	-0.2674477565928946	0	0.09478689634274365	1.757239661435407	-0.6315039947771127	-0	-0.07702683834151881	0	-0.09478689634274365	0	0	0	0	0	0
0.05988087962751605	-164.6475169097426	1383.544501131859	-0	-0.2675569578746733	0	0.09478689634274363	1.684996207516582	-0.6023375709537498	-0	-0.07426332290111771	0	-0.09478689634274365	0	-1.77635683940025e-15	0	0	0	0
0.0605317587539021	-119.4589471295843	1353.080545995338	-0	-0.2673017890060524	0	0.09478689634274365	1.615086466754847	-0.5743115368026889	-0	-0.07147884592396979	0	-0.09478689634274365	0	0	0	0	0	0
0.06118263788028815	-125.5131623289045	1303.154314508557	-0	-0.2673207280434844	0	0.09478689634274365	1.54536905238434	-0.5466516223369561	-0	-0.06867342314091976	0	-0.09478689634274365	0	0	0	0	0	0
0.06183351700667419	-100.3448673426415	1240.956879585854	-0	-0.2671651788358969	0	0.09478689634274365	1.474845168766114	-0.519003810200005	-0	-0.06584707156284828	0	-0.09478689634274365	0	0	0	0	0	0
0.06248439613306023	-96.92891495141419	1171.230159949827	-0	-0.2671448031409641	0	0.09478689634274365	1.402950023838384	-0.491173231761912	-0	-0.06299986863459686	0	-0.09478689634274365	0	0	0	0	0	0
0.06313527525944627	-82.35490540936158	1098.608161640554	-0	-0.2670481124882606	0	0.09478689634274365	1.329663615223664	-0.4631585672190243	-0	-0.06013192496117797	0	-0.09478689634274365	0	0	0	0	0	0
0.06378615438583232	-76.58749382812464	1026.000841527509	-0	-0.2670143367476218	0	0.09478689634274365	1.255309300297446	-0.4350763568460253	-0	-0.0572434247202836	0	-0.09478689634274365	0	0	0	0	0	0
0.06443703351221836	-67.74668598756344	955.7995139309245	-0	-0.2669529797166818	0	0.09478689634274365	1.180346347321942	-0.4070865710306687	-0	-0.05433459328291358	0	-0.09478689634274365	0	0	0	0	0	0
0.0650879126386044	-62.3761059931046	889.3642124463548	-0	-0.2669189999696776	0	0.09478689634274365	1.105374973289709	-0.3793929235037658	-0	-0.05140572388044157	0	-0.09478689634274365	0	0	0	0	0	0
0.06573879176499045	-56.69148662869964	827.6095106148351	-0	-0.2668786021307542	0	0.09478689634274365	1.030975928837079	-0.3521873840235265	-0	-0.04845714733554399	0	-0.09478689634274363	0	0	0	0	-1.387778780781446e-17	0
0.0663896708913765	-52.45668215154981	770.9220593768663	-0	-0.2668498804305963	0	0.09478689634274365	0.9577676848325339	-0.325669898466353	-0	-0.04548924867874541	0	-0.09478689634274365	0	0	0	0	0	0
0.06704055001776255	-48.59627275648337	719.4126163338137	-0	-0.2668219462744503	0	0.09478689634274365	0.8863210582615253	-0.3000198240710177	-0	-0.04250244292169564	0	-0.09478689634274365	0	0	0	0	0	0
0.06769142914414859	-45.45321527853568	672.9634623941083	-0	-0.2667994072171347	0	0.09478689634274365	0.8172013829144378	-0.2754107643237855	-0	-0.03949718450822099	0	-0.09478689634274365	0	0	0	0	0	0
0.06834230827053463	-42.72545375801715	631.3164155098315	-0	-0.2667790529321399	0	0.09478689634274365	0.7509172919912197	-0.2519940265145346	-0	-0.03647394996952082	0	-0.09478689634274365	0	0	0	0	0	0
0.06899318739692067	-40.42442317622618	594.1416310721626	-0	-0.2667615529707514	0	0.09478689634274365	0.6879346738557989	-0.2299039677088813	-0	-0.03343324238071414	0	-0.09478689634274365	0	0	0	0	0	0
0.06964406652330672	-38.44362789258096	561.051895457281	-0	-0.266745841429002	0	0.09478689634274365	0.6286424984334005	-0.2092474090248681	-0	-0.03037558013250026	0	-0.09478689634274363	0	0	0	0	-6.938893903907228e-18	0
0.07029494564969276	-36.74473414226207	531.6627373827945	-0	-0.2667317422601688	0	0.09478689634274365	0.5733496057237663	-0.1901033075468315	-0	-0.02730149793074804	0	-0.09478689634274365	0	0	0	0	0	0
0.07094582477607879	-35.27356009197761	505.5763963065921	-0	-0.2667187579775173	0	0.09478689634274365	0.5222670834401345	-0.1725177918715833	-0	-0.02421154044319539	0	-0.09478689634274365	0	0	0	0	0	0
0.07159670390246485	-33.99616107556258	482.4287641177425	-0	-0.2667066441904841	0	0.09478689634274365	0.4755022901650665	-0.1565029255454947	-0	-0.02110626097038501	0	-0.09478689634274365	0	0	0	0	0	0
0.0722475830288509	-32.87839231561868	461.8630666545273	-0	-0.2666951129419505	0	0.09478689634274365	0.4330581286658709	-0.1420372596337822	-0	-0.01798621875139749	0	-0.09478689634274365	0	0	0	0	0	0
0.07289846215523695	-31.89591811019113	443.5654270130109	-0	-0.2666839965816943	0	0.09478689634274366	0.394831138620148	-0.129065813822801	-0	-0.01485197617011664	0	-0.09478689634274365	0	4.440892098500626e-16	0	0	0	0
0.07354934128162299	-31.02579425107163	427.2369234693475	-0	-0.2666731351326059	0	0.09478689634274365	0.3606300902569519	-0.117506740257084	-0	-0.01170409859943147	0	-0.09478689634274365	0	0	0	0	0	0
0.07420022040800903	-30.25114244792418	412.6194489141482	-0	-0.2666624460584161	0	0.09478689634274365	0.3301847423254627	-0.1072545325824552	-0	-0.00854315071628714	0	-0.09478689634274365	0	0	0	0	0	0
0.07485109953439506	-29.55627288692489	399.4704138078496	-0	-0.2666518639616359	0	0.09478689634274365	0.3031711873545339	-0.09818853538286486	-0	-0.00536969811074032	0	-0.09478689634274366	0	0	0	0	3.469446951953614e-18	0
0.07550197866078111	-28.92944378436977	387.5800960825095	-0	-0.2666413775792861	0	0.09478689634274365	0.2792261798734295	-0.09017766364166356	-0	-0.002184303111642047	0	-0.09478689634274365	0	0	0	0	0	0
0.07615285778716716	-28.35992189586655	376.7526110341561	-0	-0.2666309954254254	0	0.09478689634274365	0.2579705572088701	-0.08308796591760621	-0	0.001012472503292434	0	-0.09478689634274365	0	0	0	0	0	0
0.0768037369135532	-27.8397345528168	366.8190395229996	-0	-0.2666207639583306	0	0.09478689634274366	0.2390211662897938	-0.0767863346334004	-0	0.004220071928039736	0	-0.09478689634274365	0	4.440892098500626e-16	0	0	0	0
0.07745461603993925	-27.36161489651268	357.6238513434028	-0	-0.2666107413782854	0	0.09478689634274366	0.2220090356360747	-0.07114617073440788	-0	0.007437939970205128	0	-0.09478689634274365	0	4.440892098500626e-16	0	0	0	0
0.0781054951663253	-26.92014113101531	349.0382506973797	-0	-0.2666009979840415	0	0.09478689634274363	0.2065822076795439	-0.06604805179162621	-0	0.01066552751454236	0	-0.09478689634274365	0	-4.440892098500626e-16	0	0	0	0
0.07875637429271133	-26.51035744445916	340.9454721398984	-0	-0.2665916074223185	0	0.09478689634274365	0.1924234430897113	-0.06138515938677697	-0	0.01390228780978727	0	-0.09478689634274365	0	0	0	0	0	0
0.07940725341909738	-26.12842969004813	333.2497504729394	-0	-0.26658264278135	0	0.09478689634274365	0.1792498948531994	-0.05706290119827261	-0	0.01714768092511681	0	-0.09478689634274365	0	0	0	0	0	0
0.08005813254548343	-25.77083583322198	325.8648671871933	-0	-0.2665741769862351	0	0.09478689634274365	0.1668221532415282	-0.05300154563301494	-0	0.02040116994309478	0	-0.09478689634274365	0	0	0	0	0	0
0.08070901167186946	-25.43473541332607	318.720795809	-0	-0.2665662764000787	0	0.09478689634274365	0.154939484533119	-0.04913446345843259	-0	0.02366222543134556	0	-0.09478689634274365	0	0	0	0	0	0
0.08135989079825551	-25.11747251588626	311.754932064757	-0	-0.2665590050770344	0	0.09478689634274365	0.1434424998316111	-0.04540877204342982	-0	0.02693032157586397	0	-0.09478689634274365	0	0	0	0	0	0
0.08201076992464156	-24.81679048529333	304.91697764663	-0	-0.2665524182007943	0	0.09478689634274365	0.1322058398574987	-0.04178283535262525	-0	0.03020494068551113	0	-0.09478689634274365	0	0	0	0	0	0
0.0826616490510276	-24.53056335471238	298.1626653276187	-0	-0.2665465680891178	0	0.09478689634274365	0.1211370764390308	-0.03822577639480235	-0	0.03348556926450941	0	-0.09478689634274365	0	0	0	0	0	0
0.08331252817741365	-24.25695655460997	291.4581520902537	-0	-0.2665414972021997	0	0.09478689634274365	0.1101680797285944	-0.0347146345640324	-0	0.03677170254587566	0	-0.09478689634274365	0	0	0	0	0	0
0.0839634073037997	-23.99428863493059	284.7755055289317	-0	-0.2665372442276241	0	0.09478689634274365	0.09925295087523123	-0.03123363265673072	-0	0.04006284049708123	0	-0.09478689634295909	0	0	0	0	1.460637166772472e-15	0
0.08461428643018573	-23.74124172013801	278.0983754775308	-0	-0.2665338346635496	0	0.09478689634274365	0.0883587755905154	-0.02777120232597531	-0	0.04335849234843195	0	-0.09478689634298169	0	0	0	0	1.406860739017191e-15	0
0.08526516555657176	-23.49662150080868	271.416630245042	-0	-0.2665312855624038	0	0.09478689634274365	0.07746521012847865	-0.02431981692670273	-0	0.04665817252475026	0	-0.09478689634354409	0	0	0	0	4.056650848571763e-15	0
0.08591604468295781	-23.25961244149779	264.7323146631543	-0	-0.2665295952152531	0	0.09478689634274365	0.06655580122585934	-0.02087323664273183	-0	0.04996140503820581	0	-0.09478689634426793	0	0	0	0	6.48179426798734e-15	0
0.08656692380934387	-23.02927632767049	258.0514506076088	-0	-0.266528746673947	0	0.09478689634274365	0.055620338138547	-0.01742723441841579	-0	0.05326771933985464	0	-0.09478689634560571	0	0	0	0	9.932159261705209e-15	0
0.08721780293572991	-22.80459736592442	251.3844969865226	-0	-0.26652870574852	0	0.09478689634274365	0.04464892807075016	-0.01397772687572441	-0	0.05657665430903495	0	-0.09478689634929313	0	0	0	0	1.779999758699802e-14	0
0.08786868206211594	-22.58450610470254	244.7428843413041	-0	-0.2665294297185556	0	0.09478689634274365	0.03363567098945681	-0.01052192036971782	-0	0.05988775419476656	0	-0.09478689635862739	0	0	0	0	3.170293888521414e-14	0
0.08851956118850199	-22.367834958214	238.1380178709486	-0	-0.2665308681410853	0	0.09478689634274365	0.02257737895176905	-0.007057902572160191	-0	0.06320057194950958	0	-0.09478689638405997	0	0	0	0	5.392127716552508e-14	0
0.08917044031488804	-22.15344117347307	231.5809925521531	-0	-0.2665329668206204	0	0.09478689634274365	0.01147288984784811	-0.003584421837623329	-0	0.06651466628975829	0	-0.09478689648887065	0	0	0	0	9.432819109145285e-14	0
0.08982131944127408	-21.94018273867031	225.0818211930872	-0	-0.2665356696226102	0	0.09478689634274365	0.0003197991181612845	-9.986279891446353e-05	-0	0.06982970395447188	0	-0.09478690568377643	0	0	0	0	1.63466503245828e-13	0
0.09047219856766013	-21.72697333661419	218.6499375911898	-0	-0.2665389181179858	0	0.09478689634274365	-0.01088157248970085	0.00339651572499348	-0	0.07314494421213733	0	-0.09478689585214831	0	0	0	0	2.838697159279757e-13	0
0.09112307769404618	-21.51276893069188	212.2935726713613	-0	-0.2665426537282809	0	0.09478689634274365	-0.02212840123703455	0.006904653293024975	-0	0.07646028846194118	0	-0.09478689591027994	0	0	0	0	4.940505470008016e-13	0
0.09177395682043221	-21.29659738310597	206.0203833858076	-0	-0.266546816163342	0	0.09478689634274366	-0.03341130629772713	0.01042242525227432	-0	0.07977521038056083	0	-0.09478689583022862	0	0	0	0	8.575219527517941e-13	0
0.09242483594681826	-21.07754243742158	199.836943187575	-0	-0.2665513452807718	0	0.09478689634274365	-0.04471314052131146	0.01394526794204203	-0	0.08308930363715433	0	-0.0947868956569782	0	0	0	0	1.488060542842451e-12	0
0.09307571507320431	-20.85476950253121	193.7493226641036	-0	-0.2665561795591283	0	0.09478689634274363	-0.05600518950715445	0.01746499363749876	-0	0.08640216618762142	0	-0.09478689536224459	0	-2.220446049250313e-16	0	0	2.580035143862069e-12	0
0.09372659419959034	-20.62750275834312	187.7626750286062	-0	-0.2665612574452856	0	0.09478689634274365	-0.06724506823146489	0.02096913248065391	-0	0.08971340360441364	0	-0.09478689488147088	0	0	0	0	4.465192972313847e-12	0
0.09437747332597639	-20.3950536505935	181.8817291080236	-0	-0.2665665162465544	0	0.09478689634274365	-0.07837422178882439	0.02444014720618871	-0	0.09302262599527544	0	-0.09478689410047182	0	0	0	0	7.715212149705941e-12	0
0.09502835245236244	-20.15679002278349	176.1104532111894	-0	-0.2665718928948914	0	0.09478689634274366	-0.08931581551526957	0.02785476423373727	-0	0.09632945077023811	0	-0.09478689282718526	0	2.220446049250313e-16	0	0	1.330350760109233e-11	0
0.09567923157874848	-19.91216960211025	170.4524606276803	-0	-0.2665773233816958	0	0.09478689634274365	-0.09997552092434611	0.03118420306554394	-0	0.09963349875572979	0	-0.09478689073750025	0	0	0	0	2.288684693152465e-11	0
0.09633011070513453	-19.66070097318466	164.9107371028449	-0	-0.2665827429210075	0	0.09478689634274365	-0.1102407501843594	0.03439391570413175	-0	0.1029343964206844	0	-0.09478688728332139	0	0	0	0	3.927064055886387e-11	0
0.09698098983152058	-19.40198293298187	159.4879698918954	-0	-0.2665880859666026	0	0.09478689634274365	-0.1199869019671411	0.03744551048266039	-0	0.1062317695766492	0	-0.09478688153318339	0	0	0	0	6.718555052576125e-11	0
0.09763186895790661	-19.13565731567364	154.1863258412744	-0	-0.2665932857736019	0	0.09478689634274365	-0.1290790456560988	0.04029724920289673	-0	0.1095252429504536	0	-0.09478687189559104	0	0	0	0	1.145715657763224e-10	0
0.09828274808429267	-18.86145464934366	149.0077170849978	-0	-0.2665982750134643	0	0.09478689634274365	-0.1373840601388836	0.04290781105816654	-0	0.1128144266708039	0	-0.09478685564050854	0	0	0	0	1.946826918425293e-10	0
0.09893362721067871	-18.5791388362638	143.9536180155509	-0	-0.2666029847419181	0	0.09478689634274365	-0.1447740955901711	0.0452373509308084	-0	0.1160989055344181	0	-0.0947868280636535	0	0	0	0	3.29521306074998e-10	0
0.09958450633706474	-18.28855944489159	139.0252809353263	-0	-0.2666073456203131	0	0.09478689634274365	-0.1511413010387271	0.04725208923560684	-0	0.1193782038215001	0	-0.09478678103318453	0	0	0	0	5.553915834177747e-10	0
0.1002353854634508	-17.98958823984124	134.2235821581278	-0	-0.2666112862996436	0	0.09478689634274365	-0.1563995673677402	0.04892485445225727	-0	0.122651739341512	0	-0.09478670044926109	0	0	0	0	9.318006054248595e-10	0
0.1008862645898368	-17.68217849079772	129.5491999526572	-0	-0.2666147352599232	0	0.09478689634274365	-0.1604966161173912	0.05023887824141244	-0	0.1259187217481939	0	-0.09478656181990951	0	0	0	0	1.555599727157131e-09	0
0.1015371437162229	-17.36629358613733	125.0024828212984	-0	-0.2666176186261751	0	0.09478689634274366	-0.1634102585745162	0.05118664924738642	-0	0.129177992434841	0	-0.09478632253145676	0	2.220446049250313e-16	0	0	2.583211842349664e-09	0
0.1021880228426089	-17.04197340236704	120.583600377867	-0	-0.2666198626218441	0	0.09478689634274365	-0.1651550872051619	0.05177204810420846	-0	0.1324277163706587	0	-0.0947859084137279	0	0	0	0	4.265175539142074e-09	0
0.102838901968995	-16.70925552457376	116.2924308605012	-0	-0.2666213908252165	0	0.09478689634274365	-0.1657731746616292	0.0520074775495972	-0	0.1356648615776126	0	-0.09478519035138287	0	0	0	0	6.999122954820525e-09	0
0.103489781095381	-16.3682486840131	112.1286925718735	-0	-0.2666221272400238	0	0.09478689634274366	-0.1653368982361539	0.05191480250833732	-0	0.1388842529696283	0	-0.09478394384009421	0	2.220446049250313e-16	0	0	1.14098103777549e-08	0
0.104140660221767	-16.01904774313002	108.0918528849092	-0	-0.2666219929962745	0	0.09478689634274365	-0.1639382369298051	0.051522045212846	-0	0.1420769397155539	0	-0.09478177910476362	0	0	0	0	1.846779134478949e-08	0
0.1047915393481531	-15.66181369580189	104.1812426568494	-0	-0.2666209100422987	0	0.09478689634274365	-0.1616919786995081	0.05086445393229662	-0	0.1452273167746339	0	-0.09477802149962937	0	0	0	0	2.966127793727069e-08	0
0.1054424184745392	-15.29668429458553	100.3959934747319	-0	-0.2666187972965852	0	0.09478689634274363	-0.1587301002563764	0.04998280039021322	-0	0.1483081783854842	0	-0.09477150804594703	0	-2.220446049250313e-16	0	0	4.723703034628657e-08	0
0.1060932976009252	-14.92385955364724	96.73513211077997	-0	-0.2666155749755465	0	0.09478689634274365	-0.1552095590650391	0.04892590873409018	-0	0.1512722522847602	0	-0.09476024689316193	0	0	0	0	7.452166865193344e-08	0
0.1067441767273112	-14.54351086782181	93.19755664521469	-0	-0.2666111602332859	0	0.09478689634274365	-0.1513188554234079	0.04775281985214552	-0	0.1540380889615917	0	-0.09474085863073477	0	0	0	0	1.163148939404418e-07	0
0.1073950558536973	-14.15586997242116	89.78210288261418	-0	-0.26660547213568	0	0.09478689634274365	-0.1472972477462032	0.04653897888439622	-0	0.156467265956055	0	-0.09470769360467017	0	0	0	0	1.79290128739934e-07	0
0.1080459349800833	-13.76114077418486	86.48757317651604	-0	-0.266598426909929	0	0.09478689634274366	-0.143463884799147	0.04538561762807923	-0	0.1583297824288081	0	-0.0946515240093027	0	2.220446049250313e-16	0	0	2.722044761156728e-07	0
0.1086968141064693	-13.35958900062445	83.31276635987787	-0	-0.2665899435573422	0	0.09478689634274365	-0.1402653453873923	0.04443503993729125	-0	0.1592571523745212	0	-0.09455783714397348	0	0	0	0	4.054458670795652e-07	0
0.1093476932328554	-12.95146393155902	80.25658227561466	-0	-0.2665799390046716	0	0.09478689634274365	-0.1383486154279663	0.04389410191978166	-0	0.1586937053918799	0	-0.09440520510695714	0	0	0	0	5.889816385440394e-07	0
0.1099985723592415	-12.53709191846639	77.31803858575067	-0	-0.2665683344774553	0	0.09478689634274365	-0.1386782719250753	0.04407189881941163	-0	0.1558846925957498	0	-0.09416530335441826	0	0	0	0	8.273029781114688e-07	0
0.1106494514856275	-12.11684098833791	74.49659481737514	-0	-0.2665550514851903	0	0.09478689634274365	-0.1427010198430559	0.045432786798709	-0	0.1499847776767158	0	-0.09380777701825914	0	0	0	0	1.110393184511338e-06	0
0.1113003306120136	-11.69120260508408	71.79212507062095	-0	-0.2665400184108977	0	0.09478689634274365	-0.1526251543575508	0.04868636192107865	-0	0.1403980361837993	0	-0.09331389182247656	0	0	0	0	1.403226170463082e-06	0
0.1119512097383996	-11.26086971899965	69.20577458090177	-0	-0.266523169484256	0	0.09478689634274365	-0.1717857209733953	0.05490539739564708	-0	0.1273178042728136	0	-0.0926968653806638	0	0	0	0	1.643447531854414e-06	0
0.1126020888647856	-10.82657038591803	66.73902628880403	-0	-0.2665044436622687	0	0.09478689634274365	-0.2052621232036155	0.06572510598941496	-0	0.1121161223350093	0	-0.09201471317923082	0	0	0	0	1.760342141776672e-06	0
0.1132529679911717	-10.38907300335925	64.3940762265528	-0	-0.2664837848824134	0	0.09478689634274365	-0.2606727707193715	0.08360038503772686	-0	0.09700186399274317	0	-0.09135417996589595	0	0	0	0	1.711099005895222e-06	0
0.1139038471175577	-9.948988549539774	62.17279253021879	-0	-0.2664611401966069	0	0.09478689634274365	-0.3493770534811265	0.1121951886769745	-0	0.08403065204770616	0	-0.0907916028371047	0	0	0	0	1.505659204627252e-06	0
0.1145547262439438	-9.506636693251403	60.07618231557505	-0	-0.2664364610009582	0	0.09478689634274363	-0.4880670302216163	0.1568996423364274	-0	0.07427161867042958	0	-0.09036269374608276	0	-1.110223024625157e-16	0	0	1.196687805925245e-06	0
0.1152056053703298	-9.062118754808484	58.10452664481222	-0	-0.266409708595074	0	0.09478689634274365	-0.7009241368694704	0.2255325560807021	-0	0.06774523066471824	0	-0.09006291629935444	0	0	0	0	8.489942990991262e-07	0
0.1158564844967159	-8.615252620631042	56.25695363645568	-0	-0.2663808603438985	0	0.09478689634274365	-1.02248105751737	0.3292774201212686	-0	0.06387648505844991	0	-0.08986645916576325	0	0	0	0	5.15879814075304e-07	0
0.1165073636231019	-8.165658350333103	54.53190185163135	-0	-0.2663499114009196	0	0.09478689634274365	-1.50122783740614	0.4838671424362964	-0	0.06193908019106084	0	-0.08974343215740774	0	0	0	0	2.308083466295852e-07	0
0.1171582427494879	-7.712745964479832	52.92678352583022	-0	-0.2663168838527328	0	0.09478689634274365	-2.204159168812279	0.7110893207607402	-0	0.06130407884607941	0	-0.08966888725620467	0	0	0	0	1.006269723102804e-08	0
0.117809121875874	-7.2557501978507	51.43844751708014	-0	-0.2662818226394842	0	0.09478689634274365	-3.222151837646773	1.040582450689376	-0	0.06150630886127036	0	-0.08962481895657665	0	0	0	0	-1.421869164630607e-07	0
0.11846000100226	-6.793746211011325	50.06284720891533	-0	-0.2662448054670394	0	0.09478689634274365	-4.67600060721752	1.511891599225266	-0	0.06223235264337037	0	-0.08959933207266316	0	0	0	0	-2.294411072800706e-07	0
0.1191108801286461	-6.325659412731214	48.79548540498614	-0	-0.2662059349603181	0	0.09478689634274365	-6.722570336223373	2.176618813853773	-0	0.06328050658431066	0	-0.08958490686611474	0	0	0	0	-2.60091278292407e-07	0
0.1197617592550321	-5.850299816495019	47.63104346509012	-0	-0.2661653480901299	0	0.09478689634274365	-9.559889864501891	3.100354328000877	-0	0.06452581489968488	0	-0.08957697145448361	0	0	0	0	-2.464974624416527e-07	0
0.1204126383814182	-5.366374308447577	46.56386217516011	-0	-0.2661232062536722	0	0.09478689634274365	-13.42967845479947	4.363902452200282	-0	0.06589168078417948	0	-0.08957277786671855	0	0	0	0	-2.044618157004408e-07	0
0.1210635175078042	-4.87253983702901	45.58754499508867	-0	-0.2660797035194645	0	0.09478689634274365	-18.61387794154175	6.062841856230464	-0	0.06733149884405654	0	-0.08957070179966564	0	0	0	0	-1.531130826570859e-07	0
0.1217143966341902	-4.367426913200151	44.69549569579946	-0	-0.2660350557040259	0	0.09478689634274366	-25.4224559831277	8.304456326220041	-0	0.06881626911447652	0	-0.08956976519557154	0	5.551115123125783e-17	0	0	-1.105312588123297e-07	0
0.1223652757605763	-3.849718857157141	43.88057033653634	-0	-0.2659895076022132	0	0.09478689634274365	-34.16616012161696	11.20020269631461	-0	0.07032799013060173	0	-0.08956939682814294	0	0	0	0	-8.956990038555546e-08	0
0.1230161548869623	-3.318177929325438	43.13564338770685	-0	-0.2659433219030681	0	0.09478689634274365	-45.11268174922853	14.85283916021235	-0	0.0718563148367251	0	-0.08956929194320777	0	0	0	0	-9.860228900038237e-08	0
0.1236670340133484	-2.771768946395434	42.4534802448115	-0	-0.2658967875067841	0	0.09478689634274365	-58.42127536099662	19.33654644703909	-0	0.073395626246834	0	-0.08956931321570136	0	0	0	0	-1.489607459603803e-07	0
0.1243179131397344	-2.209655540910654	41.82722599476285	-0	-0.265850208456051	0	0.09478689634274365	-74.06584831382115	24.67241130726346	-0	0.07494261182142271	0	-0.08956939589776489	0	0	0	0	-2.535648020440817e-07	0
0.1249687922661205	-1.631384693742154	41.25072837126288	-0	-0.2658039175053361	0	0.09478689634274365	-91.76649272506825	30.80469994327589	-0	0.07649436753249614	0	-0.08956948820429704	0	0	0	0	-4.083708891045035e-07	0
0.1256196713925065	-1.036779701865544	40.7186636773421	-0	-0.2657582622039167	0	0.09478689634274365	-110.9766279194253	37.59362060806468	-0	0.07804888335111354	0	-0.08956956358759911	0	0	0	0	-5.971300289786541e-07	0
0.1262705505188925	-0.4261187313019095	40.22708967520609	-0	-0.2657136215892361	0	0.09478689634274365	-131.0010116784613	44.84853743988567	-0	0.07960511612709449	0	-0.08956962325071108	0	0	0	0	-8.099659112303925e-07	0
0.1269214296452786	0.200125858961865	39.77284843002145	-0	-0.265670383157197	0	0.09478689634274365	-151.2975263781412	52.42707008492238	-0	0.08116205029394799	0	-0.08956967355174889	0	0	0	0	-1.041443033145129e-06	0
0.1275723087716646	0.841314935312188	39.35288881603708	-0	-0.2656289369662303	0	0.09478689634274365	-171.9627643533452	60.40595972524387	-0	0.08271820308692257	0	-0.08956971627254694	0	0	0	0	-1.285553551610974e-06	0
0.1282231878980507	1.496849448462776	38.96345913762424	-0	-0.2655896484671662	0	0.09478689634274365	-194.2055125917763	69.26774827851149	-0	0.08427156495585221	0	-0.08956975006206958	0	0	0	0	-1.539170970232817e-06	0
0.1288740670244367	2.166408147472215	38.59703052209014	-0	-0.2655528036132639	0	0.09478689634274365	-220.3857662556432	79.9651864113349	-0	0.08581942264157884	0	-0.08956977445603169	0	0	0	0	-1.807718462032426e-06	0
0.1295249461508228	2.849605641627118	38.24390814894548	-0	-0.265518623705126	0	0.09478689634274365	-253.3486035201466	93.7362439625076	-0	0.08735911622038628	0	-0.08956979038678406	0	0	0	0	-2.099432109048394e-06	0
0.1301758252772088	3.545935722635452	37.89038915025357	-0	-0.2654872312681288	0	0.09478689634274365	-295.0914331665982	111.6791964387764	-0	0.08888780145869013	0	-0.08956980553942663	0	0	0	0	-2.423989702293738e-06	0
0.1308267044035948	4.254166086599748	37.52315670817779	-0	-0.2654587230183923	0	0.09478689634274365	-345.6794311561586	134.3578314329511	-0	0.09040330431738093	0	-0.08956983153375739	0	0	0	0	-2.779317483714294e-06	0
0.1314775835299809	4.972081092624209	37.13140992632934	-0	-0.2654332230614974	0	0.09478689634274365	-403.0364034794347	161.6735606185388	-0	0.0919027921880977	0	-0.08956988153177475	0	0	0	0	-3.139358589976382e-06	0
0.132128462656367	5.696633050899177	36.70796770230601	-0	-0.2654108994796482	0	0.09478689634274365	-463.5821681092044	193.0306339851601	-0	0.09338313649326709	0	-0.08956997025300643	0	0	0	0	-3.435001751483924e-06	0
0.132779341782753	6.423963447218815	36.2516687481495	-0	-0.2653920324398052	0	0.09478689634274365	-523.3418117312297	227.6298196208661	-0	0.09483956418857782	0	-0.08957011513528756	0	0	0	0	-3.518294612092632e-06	0
0.133430220909139	7.150027039290887	35.76432029675454	-0	-0.2653769487172421	0	0.09478689634274365	-578.6607334012859	264.6976197907619	-0	0.0962662003737126	0	-0.089570343366497	0	0	0	0	-3.091877580629898e-06	0
0.1340811000355251	7.870674981599979	35.25158491595874	-0	-0.2653660585399092	0	0.09478689634274365	-626.7867807923983	303.6310203456535	-0	0.09765615819197836	0	-0.08957069816723895	0	0	0	0	-1.563143108285203e-06	0
0.1347319791619111	8.582096124856019	34.71987285836922	-0	-0.265359784029606	0	0.09478689634274365	-665.8686514812522	344.0190127296648	-0	0.09900214113300559	0	-0.08957125408599478	0	0	0	0	2.257218270074191e-06	0
0.1353828582882972	9.280732907585007	34.17620336403868	-0	-0.2653585667103093	0	0.09478689634274365	-694.9535265813447	385.6334218947501	-0	0.1002983511181679	0	-0.08957213897189438	0	0	0	0	1.076233765218149e-05	0
0.1360337374146832	9.963462708530473	33.62676699147269	-0	-0.2653628255114148	0	0.09478689634274365	-713.7636452227168	428.3774627590993	-0	0.1015413476879333	0	-0.08957357931961149	0	0	0	0	2.877805756895668e-05	0
0.1366846165410693	10.62737558052771	33.07650496273868	-0	-0.2653729481769371	0	0.09478689634274365	-722.532839824758	472.2522960147625	-0	0.102734231581603	0	-0.08957597767523197	0	0	0	0	6.60081205694496e-05	0
0.1373354956674553	11.26985314845565	32.52921760931232	-0	-0.2653892833017675	0	0.09478689634274365	-721.9111705685007	517.3389481517278	-0	0.1038897115777896	0	-0.08958005874010518	0	0	0	0	0.0001417627273809785	0
0.1379863747938413	11.88836520993236	31.98726392985209	-0	-0.2654121264290766	0	0.09478689634274365	-712.8456576516561	563.817507097677	-0	0.1050391302604356	0	-0.08958711683804821	0	0	0	0	0.0002936744837143124	0
0.1386372539202274	12.48051676422864	31.45203833857198	-0	-0.2654417266293132	0	0.09478689634274365	-696.6247227934496	612.0336462656853	-0	0.1062427284387779	0	-0.08959942679484062	0	0	0	0	0.0005923940280680995	0
0.1392881330466134	13.0438902945094	30.92346689527148	-0	-0.2654782614670242	0	0.09478689634274365	-674.7992403994328	662.6312225061822	-0	0.1076065320876238	0	-0.08962078880969855	0	0	0	0	0.001161895702431082	0
0.1399390121729995	13.57440420874537	30.38703064918467	-0	-0.2655214690903017	0	0.09478689634274365	-642.2349720416119	716.3474359553536	-0	0.1093457891034426	0	-0.0896576904727534	0	0	0	0	0.002453517884212886	0
0.1405898912993855	14.08550001246505	29.9508031211538	-0	-0.2655745463506794	0	0.09478689634274365	-215.9888804409312	777.9437921124039	-0	0.1136346808540553	0	-0.08971110240546332	0	0	0	0	0.03304247961838769	0
0.1412407704257716	14.57672904461705	29.61471967969548	-0	-0.2656377222633	0	0.09478689634274365	-151.8062281032993	848.9309340361193	-0	0.1159564291407844	0	-0.08977153072510106	0	0	0	0	0.04435254774543651	0
0.1418916495521576	15.0255852395793	29.24754198682845	-0	-0.2657071611326232	0	0.09478689634274365	-140.585269777054	924.9102845435154	-0	0.1179439610946733	0	-0.08983172886725373	0	0	0	0	0.05306398594970752	0
0.1425425286785436	15.42729145072238	28.83282232146393	-0	-0.2657821743687993	0	0.09478689634274365	-135.526768505036	1003.776818610653	-0	0.1196331509014859	0	-0.08988373464964265	0	0	0	0	0.05790433217873137	0
0.1431934078049297	15.77982353012875	28.37053112966435	-0	-0.2658625705135087	0	0.09478689634274365	-135.3271152287119	1086.037046582633	-0	0.1211688510312771	0	-0.08993206537558937	0	0	0	0	0.06003598760088025	0
0.1438442869313157	16.08098632499095	27.86002422374787	-0	-0.265948156878805	0	0.09478689634274365	-137.7463772165424	1175.835027536453	-0	0.1230846281612912	0	-0.08999474736981661	0	0	0	0	0.06226703279276968	0
0.1444951660577018	16.32840597199271	27.30027726234988	-0	-0.2660387542011534	0	0.09478689634274365	-146.2423114749233	1276.340343059267	-0	0.1255697655608785	0	-0.09007885964906538	0	0	0	0	0.06425753856506589	0
0.1451460451840878	16.51959142816272	26.68964132726839	-0	-0.2661341718121625	0	0.09478689634274365	-159.3856429378207	1384.624340605939	-0	0.1281521100169138	0	-0.09016766492939729	0	0	0	0	0.06230808544681743	0
0.1457969243104739	16.65240451484796	26.02800726629216	-0	-0.2662342849103818	0	0.09478689634274365	-171.0438642725003	1493.875726358486	-0	0.1302337250832191	0	-0.09023939561707496	0	0	0	0	0.05400927136708766	0
0.1464478034368599	16.72525146325154	25.31713682069023	-0	-0.2663390409219811	0	0.09478689634274363	-175.3943242587455	1598.13284859766	-0	0.1315254367742796	0	-0.09028318826475254	0	4.440892098500626e-16	0	0	0.04005751633781252	0
0.147098682563246	16.73737670548476	24.56175108544054	-0	-0.2664485069131146	0	0.09478689634274365	-170.8519350753656	1694.378546657025	-0	0.1320628418771578	0	-0.09030008525777784	0	0	0	0	0.02308167798965322	0
0.147749561689632	16.6885612193272	23.76759299859784	-0	-0.2665628021614195	0	0.09478689634274365	-159.1348959626608	1781.993514814147	-0	0.1320237927654794	0	-0.09029648309583235	0	0	0	0	0.005687129032200033	0
0.1484004408160181	16.57921552574098	22.94138790857626	-0	-0.2666820874218052	0	0.09478689634274363	-143.6279913120749	1861.58951835998	-0	0.131589543237817	0	-0.09027906716653342	0	2.220446049250313e-16	0	0	-0.01057967111250413	0
0.1490513199424041	16.41016335290319	22.08930104861267	-0	-0.266806502584812	0	0.09478689634274363	-126.7381857545493	1934.190451758401	-0	0.1309188200284404	0	-0.09025360926430474	0	2.220446049250313e-16	0	0	-0.02491444936137555	0
0.1497021990687901	16.18269513254949	21.21671617522605	-0	-0.266936135185488	0	0.09478689634274363	-109.6350018581773	2000.769613505123	-0	0.1301279603105603	0	-0.09022425359527415	0	2.220446049250313e-16	0	0	-0.03710334716232744	0
0.1503530781951762	15.89853237324276	20.32834283319418	-0	-0.2670710339659004	0	0.09478689634274365	-93.07272807547135	2062.158531257312	-0	0.1293035532627135	0	-0.09019406303760973	0	0	0	0	-0.04719446746079825	0
0.1510039573215622	15.55991128327902	19.42827811993756	-0	-0.2672111928981652	0	0.09478689634274365	-77.46357673872114	2118.960020661284	-0	0.1285022307050142	0	-0.0901650205944306	0	0	0	0	-0.05539706184753879	0
0.1516548364479482	15.16953165253221	18.52031201473686	-0	-0.2673565784493305	0	0.09478689634274365	-63.11569946993456	2171.587399361006	-0	0.1277591764703209	0	-0.09013835102256307	0	0	0	0	-0.06198057946603353	0
0.1523057155743343	14.73066603459853	17.60802185720905	-0	-0.267507117513381	0	0.09478689634274365	-50.17219226199897	2220.272352763287	-0	0.1270914165790942	0	-0.09011463065243758	0	0	0	0	-0.06722142307537915	0
0.1529565947007203	14.24702986832125	16.69486680134438	-0	-0.26766271733105	0	0.09478689634274365	-38.65725154722517	2265.126757612773	-0	0.1265046904241974	0	-0.09009402861721996	0	0	0	0	-0.07137065916734064	0
0.1536074738271064	13.72288241764587	15.78428175822293	-0	-0.2678232562089304	0	0.09478689634274365	-28.51180885456518	2306.176773114695	-0	0.1259969348980852	0	-0.09007643696506738	0	0	0	0	-0.07463443826867788	0
0.1542583529534925	13.1628791746378	14.87965857272208	-0	-0.2679885959912399	0	0.09478689634274365	-19.60370661383973	2343.400647429518	-0	0.1255616266187158	0	-0.09006158448629019	0	0	0	0	-0.07717885861554241	0
0.1549092320798785	12.57220382619865	13.98444425821929	-0	-0.2681585715468365	0	0.09478689634274365	-11.79116354557364	2376.761726068901	-0	0.1251905745660956	0	-0.09004914611799386	0	0	0	0	-0.07912668258366384	0
0.1555601112062645	11.81053835215684	13.10329106001472	-0	-0.2683466990756767	0	0.09478689634274363	-4.899635577216861	2406.218549288541	-0	0.1248745632475624	0	-0.09003875857916832	0	0	0	0	-0.08057278193931111	0
0.1562109903326506	11.05132913575684	12.24018876266897	-0	-0.2685375403136396	0	0.09478689634274365	1.214478778978105	2431.749849816281	-0	0.1246053111197748	0	-0.09003009993306907	0	0	0	0	-0.08158472733857171	0
0.1568618694590366	10.30739083037316	11.39740989707738	-0	-0.2687301312589566	0	0.09478689634274365	6.705035962413676	2453.349869337941	-0	0.124374830333023	0	-0.09002285862820646	0	0	0	0	-0.082216080497857	0
0.1575127485854227	9.580607124639172	10.57709584314844	-0	-0.2689244743363623	0	0.09478689634274366	11.68464806763046	2471.043981130907	-0	0.124176734118857	0	-0.09001678795398592	0	-2.220446049250313e-16	0	0	-0.08250623693217873	0
0.1581636277118087	8.872917699672072	9.781344020496569	-0	-0.2691205480194994	0	0.09478689634274365	16.26639143380305	2484.878012731559	-0	0.1240052495530132	0	-0.09001166360681954	0	0	0	0	-0.08248895937336664	0
0.1588145068381948	8.186281464965012	9.012176653738859	-0	-0.269318292066151	0	0.09478689634274365	20.5261183647717	2494.927639926229	-0	0.1238560627537846	0	-0.09000731958086484	0	0	0	0	-0.08219126174200486	0
0.1594653859645808	7.522582625770914	8.271463299451685	-0	-0.2695176257394574	0	0.09478689634274365	24.53694789743718	2501.287876711377	-0	0.1237254205070012	0	-0.09000361047450552	0	0	0	0	-0.08163833336397142	0
0.1601162650909668	6.883595560379344	7.560887271147453	-0	-0.2697184339349504	0	0.09478689634274365	28.34412621971941	2504.077572811771	-0	0.1236106644425536	0	-0.09000043441919603	0	0	0	0	-0.0808520946213096	0
0.1607671442173529	6.270899365410382	6.881875561285665	-0	-0.2699205830493139	0	0.09478689634274365	31.98986852322389	2503.431214380271	-0	0.123509552105626	0	-0.08999770489302882	0	0	0	0	-0.0798539519136896	0
0.1614180233437389	5.68584102199618	6.235564176175663	-0	-0.2701239093078872	0	0.09478689634274366	35.49780552159717	2499.499956388156	-0	0.1234205857813643	0	-0.0899953648880924	0	-1.110223024625157e-16	0	0	-0.07866348590650629	0
0.162068902470125	5.129455790100929	5.622732632271294	-0	-0.2703282324811165	0	0.09478689634274365	38.88935485309972	2492.446203452451	-0	0.1233425504163705	0	-0.08999336784269621	0	0	0	0	-0.07730000564633732	0
0.162719781596511	4.602438175995093	5.043777347245132	-0	-0.2705333465828876	0	0.09478689634274365	42.17462941405918	2482.442324597176	-0	0.1232747110771404	0	-0.08999168613330807	0	0	0	0	-0.07578151780511666	0
0.1633706607228971	4.105080137345551	4.498661827273352	-0	-0.2707390313387615	0	0.09478689634274365	45.36259217495994	2469.667726604207	-0	0.1232165205503195	0	-0.08999029905053393	0	0	0	0	-0.07412562437152648	0
0.1640215398492831	3.637262119074998	3.986909767189585	-0	-0.2709450453462387	0	0.09478689634274365	48.45592284412285	2454.306145484463	-0	0.1231677378133668	0	-0.08998919784515044	0	0	0	0	-0.0723487529470237	0
0.1646724189756691	3.198420411881097	3.507581642253402	-0	-0.2711511352174983	0	0.09478689634274365	51.45707270881394	2436.544687087279	-0	0.1231282526595665	0	-0.08998837852756859	0	0	0	0	-0.07046669535758188	0
0.1653232981020552	2.787563822154162	3.059292376768646	-0	-0.2713570311626516	0	0.09478689634274365	54.36536812079542	2416.570382031581	-0	0.1230981621730764	0	-0.08998784504114485	0	0	0	0	-0.06849402783456782	0
0.1659741772284413	2.403273254189192	2.640216623511258	-0	-0.2715624537403751	0	0.09478689634274365	57.1805631285014	2394.570646027306	-0	0.1230776686358584	0	-0.0899876050737327	0	0	0	0	-0.0664444554190835	0
0.1666250563548273	2.043741728770234	2.248128080755004	-0	-0.2717671116832192	0	0.09478689634274365	59.90109492345649	2370.729601613567	-0	0.123067140589573	0	-0.08998767247082555	0	0	0	0	-0.06433034778786251	0
0.1672759354812133	1.706816811727597	1.880445431094812	-0	-0.2719707063332618	0	0.09478689634274365	62.52627396360862	2345.229490542794	-0	0.1230670533272444	0	-0.08998806478563107	0	0	0	0	-0.06216297788336789	0
0.1679268146075994	1.390131811986334	1.534369006741097	-0	-0.2721729315839626	0	0.09478689634274365	65.05496843986492	2318.247141593292	-0	0.1230780565898403	0	-0.08998880583091494	0	0	0	0	-0.05995209994572903	0
0.1685776937339854	1.091432906200556	1.207237973895738	-0	-0.272373476281005	0	0.09478689634274365	67.48747563873943	2289.95600471145	-0	0.1231009432662235	0	-0.08998992427916253	0	0	0	0	-0.05770611045895002	0
0.1692285728603715	0.8094711439891732	0.897514705319777	-0	-0.2725720255709587	0	0.09478689634274363	69.82385578880481	2260.523147169744	-0	0.1231367532290444	0	-0.08999145752813659	0	1.387778780781446e-17	0	0	-0.05543155942374423	0
0.1698794519867575	0.544131203321505	0.6071169865446112	-0	-0.2727663077701383	0	0.09478689634274365	72.06695399432314	2230.111697242494	-0	0.1231867754254773	0	-0.08999345125550824	0	0	0	0	-0.05313318978313397	0
0.1705303311131435	0.3013696647178076	0.3454939692068215	-0	-0.2729444930325998	0	0.09478689634274365	74.21900335230347	2198.878894584882	-0	0.1232527499438454	0	-0.08999596703187024	0	0	0	0	-0.05081313205958882	0
0.1711812102395296	0.1123832924638963	0.1328388218476132	-0	-0.2731135503976194	0	0.09478689634274365	76.28674029527295	2166.978650165715	-0	0.1233368810651189	0	-0.08999908184291083	0	0	0	0	-0.04847080277961169	0
0.1718320893659156	-0.005661816912143015	-0.0069283436510483	-0	-0.2732720959057373	0	0.09478689634274365	78.27519309549251	2134.561457151839	-0	0.1234422279498246	0	-0.09000290284560603	0	0	0	0	-0.04610136869299897	0
0.1724829684923017	-0.05299469848304278	-0.06745985934041213	-0	-0.273418552578337	0	0.09478689634274365	80.18806362397278	2101.774755726127	-0	0.1235724341661597	0	-0.09000755791369681	0	0	0	0	-0.04369614074315731	0
0.1731338476186877	-0.05384860161189402	-0.07170234759056789	-0	-0.2735512897518202	0	0.09478689634274365	82.0253506470755	2068.763516284755	-0	0.123732151166121	0	-0.09001321082091412	0	0	0	0	-0.04124079393562496	0
0.1737847267450738	-0.03779790885678268	-0.05297735331834277	-0	-0.2736687265756207	0	0.09478689634274365	83.76727284524955	2035.666495732823	-0	0.1239261255949802	0	-0.09002003287536209	0	0	0	0	-0.03871735952460575	0
0.1744356058714598	-0.02204782500252171	-0.03275219426424759	-0	-0.2737695051838936	0	0.09478689634274365	85.3893867498078	2002.611416900784	-0	0.1241589786636304	0	-0.09002819194970654	0	0	0	0	-0.03610518418734543	0
0.1750864849978459	-0.01149585552536254	-0.01823818203228044	-0	-0.2738523783043177	0	0.09478689634274365	86.86717324922597	1969.718571723224	-0	0.1244353315556331	0	-0.09003785621634981	0	0	0	0	-0.03338006552884387	0
0.1757373641242319	-0.005556499837072435	-0.009495974557590464	-0	-0.2739162036171146	0	0.09478689634274365	88.17585939476174	1937.09591180558	-0	0.1247594223429116	0	-0.09004918052298212	0	0	0	0	-0.03051587132341282	0
0.1763882432506179	-0.002538368761525422	-0.004719393717010263	-0	-0.2739599005152804	0	0.09478689634274365	89.28349510812764	1904.841846984094	-0	0.1251350441574775	0	-0.09006230606696947	0	0	0	0	-0.0274847892704031	0
0.177039122377004	-0.00110738167882471	-0.002266179029031327	-0	-0.2739824403032269	0	0.09478689634274365	90.16056616428895	1873.036907364218	-0	0.125564750967364	0	-0.09007733022224232	0	0	0	0	-0.02426195678479814	0
0.17769000150339	-0.0004637572759592026	-0.001059505666618755	-0	-0.2739828480684037	0	0.09478689634274365	90.79619156145192	1841.755146704337	-0	0.1260510845575167	0	-0.09009434588953702	0	0	0	0	-0.02082169880457663	0
0.1783408806297761	-0.0001867401169228874	-0.0004848075476858635	-0	-0.273960197785651	0	0.09478689634274365	91.18525464059107	1811.061595695229	-0	0.1265963234568437	0	-0.09011343548815903	0	0	0	0	-0.01713906340691196	0
0.1789917597561621	-7.218854833430794e-05	-0.000217942935895248	-0	-0.2739136144889221	0	0.09478689634274365	91.30481455122651	1781.012335014656	-0	0.1272019385389672	0	-0.09013465766007743	0	0	0	0	-0.01319323406038286	0
0.1796426388825482	-2.664164823638116e-05	-9.653610957924815e-05	-0	-0.2738422669258442	0	0.09478689634274366	91.13391257605214	1751.645586973092	-0	0.1278676724857509	0	-0.09015801031851615	0	4.235164736271502e-22	0	0	-0.008974840091230618	0
0.1802935180089342	-9.272446134725512e-06	-4.223171402355923e-05	-0	-0.2737453701079188	0	0.09478689634274365	90.65415811030478	1722.988574947409	-0	0.1285922079268788	0	-0.09018345399412815	0	0	0	0	-0.004485172708262652	0
0.1809443971353203	-2.963578081786681e-06	-1.828259694617274e-05	-0	-0.2736221756575522	0	0.09478689634274365	89.85526274241688	1695.048481856287	-0	0.1293721543503088	0	-0.09021087501786385	0	0	0	0	0.000256167660545259	0
0.1815952762617063	-8.135428374334345e-07	-7.845388153849234e-06	-0	-0.273471976270482	0	0.09478689634274365	88.74637371123357	1667.823628769055	-0	0.1302034670132417	0	-0.09024013214913311	0	0	0	0	0.005216819769536585	0
0.1822461553880924	-1.485600541301388e-07	-3.341855859109908e-06	-0	-0.2732940947405381	0	0.09478689634274365	87.348042940132	1641.300917170678	-0	0.1310811687898893	0	-0.0902710489817809	0	0	0	0	0.01035104363507955	0
0.1828970345144784	2.19830771746931e-08	-1.414821951405397e-06	-0	-0.2730878900191006	0	0.09478689634274363	85.69492340124592	1615.462118462151	-0	0.1320001130724089	0	-0.09030343954401006	0	0	0	0	0.01560404919076319	0
0.1835479136408644	4.541194410276243e-08	-5.959709159957116e-07	-0	-0.2728527458259097	0	0.09478689634274365	83.82811242369013	1590.287031958194	-0	0.1329554328802082	0	-0.09033712621757378	0	0	0	0	0.02091830851215182	0
0.1841987927672505	3.436538765236754e-08	-2.500190462993359e-07	-0	-0.272588077569188	0	0.09478689634274365	81.79180329985671	1565.753075334255	-0	0.1339423808744703	0	-0.0903719345820274	0	0	0	0	0.0262334741187118	0
0.1848496718936365	2.082844824752417e-08	-1.045451378270577e-07	-0	-0.2722933208610649	0	0.09478689634274365	79.62953193314267	1541.840914294988	-0	0.1349570850013113	0	-0.0904077210830825	0	0	0	0	0.03149516953946918	0
0.1855005510200226	1.140137909851803e-08	-4.360494468913267e-08	-0	-0.271967938870936	0	0.09478689634274365	77.38145342057275	1518.530324749978	-0	0.1359959035989733	0	-0.09044435085494171	0	0	0	0	0.03665136129406665	0
0.1861514301464086	5.883632620945144e-09	-1.815274443020452e-08	-0	-0.2716114108849053	0	0.09478689634274365	75.08270288860686	1495.805951439944	-0	0.1370561567886487	0	-0.09048172393899341	0	0	0	0	0.04166003260774076	0
0.1868023092727946	2.921561752454007e-09	-7.54686722251591e-09	-0	-0.2712232399052076	0	0.09478689634274365	72.76221365054808	1473.651961628001	-0	0.1381353517636942	0	-0.09051974830781148	0	0	0	0	0.04648380235081095	0
0.1874531883991807	1.412058252133336e-09	-3.134853278613441e-09	-0	-0.2708029415006754	0	0.09478689634274365	70.44283458763815	1452.056386441926	-0	0.1392317022434134	0	-0.09055835812170838	0	0	0	0	0.05109471246665986	0
0.1881040675255667	6.690555435034497e-10	-1.301603270636602e-09	-0	-0.2703500516308134	0	0.09478689634274366	68.14291235051401	1431.006996452143	-0	0.1403435783169999	0	-0.09059749395613778	0	-1.292469707114106e-26	0	0	0.05546987634836587	0
0.1887549466519528	3.122619597684158e-10	-5.403916831968652e-10	-0	-0.2698641163896222	0	0.09478689634274365	65.87588663772155	1410.494457220007	-0	0.1414698416362966	0	-0.09063711470157922	0	0	0	0	0.05959402411556081	0
0.1894058257783388	1.44042174934004e-10	-2.24412500489846e-10	-0	-0.2693446997410457	0	0.09478689634274365	63.6512135471393	1390.509055168653	-0	0.1426094263833443	0	-0.09067718265149331	0	0	0	0	0.06345601569952919	0
0.1900567049047249	6.58341243046736e-11	-9.324234675013962e-11	-0	-0.2687913748814879	0	0.09478689634274365	61.4749660107625	1371.042458084658	-0	0.1437614973966038	0	-0.09071766887214495	0	0	0	0	0.06704951973893358	0
0.1907075840311109	2.986910552738926e-11	-3.877152292573901e-11	-0	-0.2682037316526792	0	0.09478689634274366	59.35170640386945	1352.086134491242	-0	0.1449252927440367	0	-0.0907585471938351	0	-4.03896783473158e-28	0	0	0.07037153829260756	0
0.191358463157497	1.347225698885333e-11	-1.613752194433623e-11	-0	-0.2675813706243456	0	0.09478689634274365	57.28414514062983	1333.632626845965	-0	0.1461002077761847	0	-0.09079979724042866	0	0	0	0	0.07342242027657608	0
0.192009342283883	6.048032299758845e-12	-6.724601495404239e-12	-0	-0.2669239095248663	0	0.09478689634274365	55.27393932626757	1315.674495298867	-0	0.147285705057435	0	-0.09084140110806553	0	0	0	0	0.07620504075676315	0
0.1926602214102691	2.545024702561098e-12	-2.805902819070365e-12	-0	-0.2665557231181717	0	0.09478689634274365	53.32165114022633	1298.20519280003	-0	0.148481355238759	0	-0.0908833447826761	0	0	0	0	0.07872444482257546	0
0.1933111005366551	1.071938905634439e-12	-1.172514839366052e-12	-0	-0.26617635399164	0	0.09478689634274365	51.42695175820162	1281.218269897784	-0	0.149686778707595	0	-0.09092561611185031	0	0	0	0	0.08098738710562614	0
0.1939619796630411	4.521907800166552e-13	-4.907539414334882e-13	-0	-0.2657833495629686	0	0.09478689634274365	49.58889126054726	1264.70786674243	-0	0.1509016459596872	0	-0.09096820470258392	0	0	0	0	0.08300172432620734	0
0.1946128587894272	1.910745540251799e-13	-2.057620761780459e-13	-0	-0.265376703049084	0	0.09478689634274365	47.80598246633213	1248.668250179601	-0	0.1521256638985905	0	-0.09101110148882782	0	0	0	0	0.08477636901792795	0
0.1952637379158132	8.088716033281736e-14	-8.643500422529942e-14	-0	-0.2649564151104248	0	0.09478689634274365	46.0764863175196	1233.094068194113	-0	0.1533585493009451	0	-0.09105429767841801	0	0	0	0	0.08632059839744066	0
0.1959146170421993	3.430357528855908e-14	-3.637683485640766e-14	-0	-0.264522491543565	0	0.09478689634274365	44.39829587184658	1217.980070972619	-0	0.1546000378681058	0	-0.09109778517296477	0	0	0	0	0.08764423207095851	0
0.1965654961685853	1.458039533272799e-14	-1.534471781803652e-14	-0	0	0	0	42.76929255106831	1203.32118645552	-0	0.1558498390147591	0	-0.09114155483658003	0	1.382030421039512e-15	0	0	0.08875693446028343	0
0.1972163752949714	6.210141467239993e-15	-6.486712481698531e-15	-0	0	0	0	41.1871321372838	1189.112382933584	-0	0.1571076638286972	0	-0.09118559760117452	0	5.886400355290512e-16	0	0	0.08966854988539197	0
0.1978672544213574	2.650777325597999e-15	-2.748276156861976e-15	-0	0	0	0	39.64961333529172	1175.348608990393	-0	0.1583731682405213	0	-0.09122990232391572	0	2.512589555891528e-16	0	0	0.09038844909503707	0
0.1985181335477434	1.134403496589739e-15	-1.167481702807168e-15	-0	0	0	0	38.15442683678872	1162.02477244286	-0	0.1596459968067346	0	-0.09127445745092305	0	1.075265866420976e-16	0	0	0.09092596434482569	0
0.1991690126741295	4.863007226766548e-16	-4.968386948623104e-16	-0	0	0	0	36.69948158728673	1149.135575422743	-0	0.1609257222105722	0	-0.09131924876090286	0	4.60949361917534e-17	0	0	0.09128981414164805	0
0.1998198918005155	2.092711926367107e-16	-2.122665989375468e-16	-0	0	0	0	35.28268487266988	1136.675604560854	-0	0.1622118997487024	0	-0.09136426138686443	0	1.983616684397824e-17	0	0	0.09148857808370403	0
0.2004707709269016	9.047620741565077e-17	-9.111781877243121e-17	-0	0	0	0	33.90219830233785	1124.639117601421	-0	0.1635040092132842	0	-0.09140947766859486	0	8.575958893791864e-18	0	0	0.09153021570641862	0
0.2011216500532876	3.913144885180707e-17	-3.91316216538749e-17	-0	0	0	0	32.55625775366748	1113.020215475589	-0	0.1648015123776178	0	-0.09145487926048279	0	3.709148586057612e-18	0	0	0.09142252122999928	0
0.2017725291796737	1.681986793712307e-17	-1.67030223413106e-17	-0	0	0	0	31.24337907762013	1101.812638134598	-0	0.1661038004025486	0	-0.09150044519753904	0	1.594303078654722e-18	0	0	0.09117273639089296	0
0.2024234083060597	7.187056609538006e-18	-7.08815105451288e-18	-0	0	0	0	29.96217656671424	1091.009959857795	-0	0.1674102497750459	0	-0.09154615394456224	0	6.812387898577097e-19	0	0	0.09078795204335854	0
0.2030742874324458	3.186453041379186e-18	-3.12132458285889e-18	-0	0	0	0	28.71152334673264	1080.605406689819	-0	0.1687201782892706	0	-0.09159198178154949	0	3.020339941342291e-19	0	0	0.09027480828788281	0
0.2037251665588318	1.290454160236552e-18	-1.255638984432674e-18	-0	0	0	0	27.49038031186181	1070.592044061039	-0	0.1700328968401638	0	-0.09163790470005086	0	1.223181447214044e-19	0	0	0.08963982757300659	0
0.2043760456852178	6.943967137971396e-19	-6.712171404784253e-19	-0	0	0	0	26.29789734789551	1060.962612038315	-0	0.1713476760671554	0	-0.09168389718601129	0	6.581970933143131e-20	0	0	0.0888891897895534	0
0.2050269248116038	2.792857923205054e-19	-2.682135954589389e-19	-0	0	0	0	25.13328383011434	1051.709697477151	-0	0.1726637888007979	0	-0.09172993377105	0	2.647263344668477e-20	0	0	0.08802898213543964	0
0.2056778039379899	2.23902193440789e-19	-2.136540401665811e-19	-0	0	0	0	23.99587995360412	1042.82559670028	-0	0.1739804853915531	0	-0.09177598813306118	0	2.1222994000585e-20	0	0	0.0870650301685032	0
0.206328683064376	-0	-0	-0	0	0	0	22.88506089016826	1034.302470456722	-0	0.1752970271548415	0	-0.09182203431759049	0	0	0	0	0.08600307930375628	0
0.206979562190762	-0	-0	-0	0	0	0	21.80029268144864	1026.132235951683	-0	0.1766126681324006	0	-0.09186804607164888	0	0	0	0	0.0848486668784072	0
0.2076304413171481	-0	-0	-0	0	0	0	20.74105925796914	1018.306701650143	-0	0.1779266816166648	0	-0.09191399781216335	0	0	0	0	0.08360725384584233	0
0.2082813204435341	-0	-0	-0	0	0	0	19.70690406128738	1010.817486438526	-0	0.1792383467533702	0	-0.09195986413626223	0	0	0	0	0.08228412742734958	0
0.2089321995699201	-0	-0	-0	0	0	0	18.69737595736369	1003.656131674411	-0	0.1805469690778206	0	-0.09200562057108681	0	0	0	0	0.08088449475032311	0
0.2095830786963062	-0	-0	-0	0	0	0	17.71206273025107	996.8140466907174	-0	0.181851870316071	0	-0.09205124320031888	0	0	0	0	0.07941340819157938	0
0.2102339578226922	-0	-0	-0	0	0	0	16.75054917120548	990.2825969242725	-0	0.1831524042637337	0	-0.09209670924458044	0	0	0	0	0.07787583193976166	0
0.2108848369490783	-0	-0	-0	0	0	0	15.81244365811179	984.0530730436053	-0	0.1844479485199869	0	-0.09214199675897206	0	0	0	0	0.07627658446652852	0
0.2115357160754643	-0	-0	-0	0	0	0	14.89734677667094	978.1167558600399	-0	0.1857379167700567	0	-0.09218708508206244	0	0	0	0	0.07462038616811006	0
0.2121865952018504	-0	-0	-0	0	0	0	14.00487669385297	972.4649070421862	-0	0.1870217513192668	0	-0.09223195456235665	0	0	0	0	0.07291181485096798	0
0.2128374743282364	-0	-0	-0	0	0	0	13.13464098187685	967.0888089637095	-0	0.1882989323464842	0	-0.09227658689851179	0	0	0	0	0.07115533969848431	0
0.2134883534546224	-0	-0	-0	0	0	0	12.28626394016234	961.9797759156215	-0	0.1895689700676946	0	-0.0923209648522586	0	0	0	0	0.06935528700674087	0
0.2141392325810085	-0	-0	-0	0	0	0	11.45935453613032	957.1291719754131	-0	0.1908314133715301	0	-0.0923650725673104	0	0	0	0	0.06751586793527353	0
0.2147901117073946	-0	-0	-0	0	0	0	10.65352357191714	952.5284319679392	-0	0.1920858419623463	0	-0.09240889528516488	0	0	0	0	0.0656411523591276	0
0.2154409908337806	-0	-0	-0	0	0	0	9.868396763966921	948.1690946241347	-0	0.1933318775563328	0	-0.09245241973752494	0	0	0	0	0.06373509922701748	0
0.2160918699601666	-0	-0	-0	0	0	0	9.103593909435645	944.0428557642123	-0	0.1945691760096931	0	-0.09249563387514603	0	0	0	0	0.06180153811573486	0
0.2167427490865527	-0	-0	-0	0	0	0	8.358715730449376	940.1415272465171	-0	0.1957974317014822	0	-0.09253852702894098	0	0	0	0	0.05984417902800487	0
0.2173936282129387	-0	-0	-0	0	0	0	7.633353216814229	936.4570954638993	-0	0.1970163698242523	0	-0.09258108963352484	0	0	0	0	0.05786660016638123	0
0.2180445073393248	-0	-0	-0	0	0	0	6.927055559931704	932.9816372266455	-0	0.1982257462340004	0	-0.09262331323489917	0	0	0	0	0.05587224999803042	0
0.2186953864657108	-0	-0	-0	0	0	0	6.23938716831511	929.7073712797492	-0	0.1994253361966872	0	-0.09266519007176313	0	0	0	0	0.05386443851180822	0
0.2193462655920969	-0	-0	-0	0	0	0	5.569964447655252	926.6266687522373	-0	0.2006149465901552	0	-0.09270671349381955	0	0	0	0	0.05184636334232151	0
0.2199971447184829	-0	-0	-0	0	0	0	4.918459282125836	923.7321339405091	-0	0.2017944014297922	0	-0.09274787744898196	0	0	0	0	0.04982110344754864	0
0.2206480238448689	-0	-0	-0	0	0	0	4.284555459631215	921.0165568344188	-0	0.2029635540169008	0	-0.09278867692804542	0	0	0	0	0.04779163530704827	0
0.221298902971255	-0	-0	-0	0	0	0	3.667922035241521	918.4729968902557	-0	0.2041222760598974	0	-0.09282910758927347	0	0	0	0	0.04576083061178587	0
0.221949782097641	-0	-0	-0	0	0	0	3.068215457612721	916.0946788582021	-0	0.2052704638856651	0	-0.0928691659770125	0	0	0	0	0.04373145984427046	0
0.2226006612240271	-0	-0	-0	0	0	0	2.485081605737125	913.8750729098099	-0	0.2064080276768018	0	-0.09290884913982327	0	0	0	0	0.04170619233865636	0
0.2232515403504131	-0	-0	-0	0	0	0	1.918173179978464	911.8078137809107	-0	0.2075348989706426	0	-0.09294815488915621	0	0	0	0	0.03968760300128907	0
0.2239024194767992	-0	-0	-0	0	0	0	1.367151700836339	909.8867758186889	-0	0.2086510191213796	0	-0.09298708139001906	0	0	0	0	0.03767817309553245	0
0.2245532986031852	-0	-0	-0	0	0	0	0.8316936239196213	908.1059979897756	-0	0.2097563477292636	0	-0.09302562745659841	0	0	0	0	0.03568029724640703	0
0.2252041777295712	-0	-0	-0	0	0	0	0.3114902666374073	906.4597536810522	-0	0.2108508514207049	0	-0.09306379215482338	0	0	0	0	0.03369628485977565	0
0.2258550568559573	-0	-0	-0	0	0	0	-0.1937510218384428	904.9424777277299	-0	0.2119345124826335	0	-0.09310157510703575	0	0	0	0	0.03172836622444624	0
0.2265059359823433	-0	-0	-0	0	0	0	-0.6843109684190427	903.5488279693842	-0	0.2130073187049886	0	-0.09313897613347734	0	0	0	0	0.02977869410533431	0
0.2271568151087294	-0	-0	-0	0	0	0	-1.160458439295586	902.27361330203	-0	0.2140692712976411	0	-0.09317599553211824	0	0	0	0	0.02784934863289838	0
0.2278076942351154	-0	-0	-0	0	0	0	-1.622457168480714	901.1118443969448	-0	0.2151203760978386	0	-0.09321263376925491	0	0	0	0	0.02594233880479516	0
0.2284585733615015	-0	-0	-0	0	0	0	-2.070557094260146	900.0586703182469	-0	0.2161606502786864	0	-0.09324889171356712	0	0	0	0	0.02405960688745157	0
0.2291094524878875	-0	-0	-0	0	0	0	-2.504997758388805	899.1094212978383	-0	0.217190114347292	0	-0.09328477035340603	0	0	0	0	0.02220302983725925	0
0.2297603316142736	-0	-0	-0	0	0	0	-2.926006942111512	898.2595525927316	-0	0.2182087978819622	0	-0.09332027099927363	0	0	0	0	0.02037442342783957	0
0.2304112107406596	-0	-0	-0	0	0	0	-3.333801398756925	897.5046784595384	-0	0.2192167323595057	0	-0.09335539502939513	0	0	0	0	0.01857554352026308	0
0.2310620898670457	-0	-0	-0	0	0	0	-3.728566485450996	896.8405529075194	-0	0.2202139583631905	0	-0.09339014413732941	0	0	0	0	0.01680809113299297	0
0.2317129689934317	-0	-0	-0	0	0	0	-4.110478152473934	896.2631052486181	-0	0.2212005188784954	0	-0.09342452010189507	0	0	0	0	0.01507371293611542	0
0.2323638481198177	-0	-0	-0	0	0	0	-4.47971348510764	895.7683759398673	-0	0.2221764621652199	0	-0.09345852489283031	0	0	0	0	0.01337400364701513	0
0.2330147272462038	-0	-0	-0	0	0	0	-4.836447789933517	895.3525459093333	-0	0.2231418367097042	0	-0.09349216049001698	0	0	0	0	0.01171050682401115	0
0.2336656063725898	-0	-0	-0	0	0	0	-5.18084427934807	895.0119036635186	-0	0.2240966952204198	0	-0.09352542902133359	0	0	0	0	0.01008471824173457	0
0.2343164854989759	-0	-0	-0	0	0	0	-5.513061035224826	894.7428672619437	-0	0.2250410893442883	0	-0.09355833257708022	0	0	0	0	0.008498086160565244	0
0.2349673646253619	-0	-0	-0	0	0	0	-5.83323940375356	894.5419620837018	-0	0.2259750735993789	0	-0.09359087334520931	0	0	0	0	0.006952014418801888	0
0.235618243751748	-0	-0	-0	0	0	0	-6.141513711041968	894.4058425883002	-0	0.2268987002813031	0	-0.09362305343339024	0	0	0	0	0.00544786225263616	0
0.236269122878134	-0	-0	-0	0	0	0	-6.438003024573601	894.3312672898038	-0	0.2278120229197725	0	-0.09365487498869647	0	0	0	0	0.003986946751997511	0
0.23692000200452	-0	-0	-0	0	0	0	-6.722818789358104	894.3151210778447	-0	0.2287150915148403	0	-0.09368634003044927	0	0	0	0	0.002570542252420704	0
0.2375708811309061	-0	-0	-0	0	0	0	-6.9960558336017	894.354392560667	-0	0.2296079560805052	0	-0.09371745057276629	0	0	0	0	0.001199882292957866	0
0.2382217602572921	-0	-0	-0	0	0	0	-7.257802122437605	894.4461962106931	-0	0.2304906621472212	0	-0.09374820846750521	0	0	0	0	-0.000123841529627744	0
0.2388726393836781	-0	-0	-0	0	0	0	-7.508132024431966	894.5877438186615	-0	0.2313632539361203	0	-0.09377861551464384	0	0	0	0	-0.001399478056199888	0
0.2395235185100642	-0	-0	-0	0	0	0	-7.747112865980514	894.776365188672	-0	0.2322257702842078	0	-0.09380867331887008	0	0	0	0	-0.002625918158128848	0
0.2401743976364503	-0	-0	-0	0	0	0	-7.974796611859391	895.0094841614505	-0	0.2330782480250212	0	-0.09383838340675073	0	0	0	0	-0.003802093557675135	0
0.2408252767628363	-0	-0	-0	0	0	0	-8.191228742839936	895.2846361313117	-0	0.2339207182813711	0	-0.09386774709712517	0	0	0	0	-0.004926978872437981	0
0.2414761558892224	-0	-0	-0	0	0	0	-8.396440309283003	895.5994449259694	-0	0.234753209735642	0	-0.09389676561458098	0	0	0	0	-0.005999590688626433	0
0.2421270350156084	-0	-0	-0	0	0	0	-8.590457913419801	895.9516368218402	-0	0.2355757455130988	0	-0.09392543998113531	0	0	0	0	-0.007018989917494944	0
0.2427779141419944	-0	-0	-0	0	0	0	-8.773294449882322	896.3390193396802	-0	0.2363883462170295	0	-0.09395377112095871	0	0	0	0	-0.007984281011787275	0
0.2434287932683805	-0	-0	-0	0	0	0	-8.944960088977952	896.7594905950079	-0	0.2371910274959014	0	-0.09398175977665671	0	0	0	0	-0.008894614438617499	0
0.2440796723947665	-0	-0	-0	0	0	0	-9.10545337428681	897.2110190447468	-0	0.2379838026077121	0	-0.09400940659753196	0	0	0	0	-0.009749185922134918	0
0.2447305515211526	-0	-0	-0	0	0	0	-9.254771446223447	897.6916470675927	-0	0.2387666807686507	0	-0.09403671208329697	0	0	0	0	-0.01054723877586883	0
0.2453814306475386	-0	-0	-0	0	0	0	-9.392897454436625	898.1994789605501	-0	0.2395396694050943	0	-0.0940636766599192	0	0	0	0	-0.01128806321367981	0
0.2460323097739247	-0	-0	-0	0	0	0	-9.519812484229268	898.7326788159337	-0	0.2403027731387118	0	-0.09409030064660968	0	0	0	0	-0.01197099836521487	0
0.2466831889003107	-0	-0	-0	0	0	0	-9.635484409458465	899.2894619229405	-0	0.2410559954533888	0	-0.09411658431155508	0	0	0	0	-0.0125954315669069	0
0.2473340680266967	-0	-0	-0	0	0	0	-9.739879430944896	899.8680879991964	-0	0.2417993383877905	0	-0.09414252786393326	0	0	0	0	-0.01316079984880159	0
0.2479849471530828	-0	-0	-0	0	0	0	-9.832950979206476	900.4668566180992	-0	0.2425328036382827	0	-0.09416813148973606	0	0	0	0	-0.01366658920017183	0
0.2486358262794689	-0	-0	-0	0	0	0	-9.914650877119882	901.084096506043	-0	0.2432563927865916	0	-0.09419339536271001	0	0	0	0	-0.01411233540883461	0
0.2492867054058549	-0	-0	-0	0	0	0	-9.984918010027398	901.7181656971272	-0	0.2439701079098334	0	-0.09421831966267567	0	0	0	0	-0.01449762333620452	0
0.2499375845322409	-0	-0	-0	0	0	0	-10.04368914184573	902.3674388690398	-0	0.2446739520737883	0	-0.09424290459581236	0	0	0	0	-0.01482208717406441	0
0.250588463658627	-0	-0	-0	0	0	0	-10.09088830946139	903.0303111932058	-0	0.2453679295247512	0	-0.09426715039849851	0	0	0	0	-0.0150854097715114	0
0.251239342785013	-0	-0	-0	0	0	0	-10.12643710498223	903.7051868646697	-0	0.2460520460626465	0	-0.09429105735308352	0	0	0	0	-0.01528732265908772	0
0.2518902219113991	-0	-0	-0	0	0	0	-10.15024531680162	904.3904858050013	-0	0.2467263089056819	0	-0.09431462578066678	0	0	0	0	-0.01542760557449596	0
0.2525411010377851	-0	-0	-0	0	0	0	-10.16222069611297	905.0846384014669	-0	0.247390726337252	0	-0.09433785603064304	0	0	0	0	-0.01550608713267687	0
0.2531919801641712	-0	-0	-0	0	0	0	-10.16226185330149	905.7860937253917	-0	0.248045307251797	0	-0.09436074846305309	0	0	0	0	-0.01552264495688882	0
0.2538428592905572	-0	-0	-0	0	0	0	-10.15026698710825	906.4933283139758	-0	0.2486900591292187	0	-0.09438330337767328	0	0	0	0	-0.01547720883222314	0
0.2544937384169432	-0	-0	-0	0	0	0	-10.12612918712607	907.2048556883252	-0	0.2493249872078805	0	-0.09440552098389025	0	0	0	0	-0.01536976240551502	0
0.2551446175433293	-0	-0	-0	0	0	0	-10.08974320568883	907.9192601676315	-0	0.2499500893723236	0	-0.09442740121796905	0	0	0	0	-0.0152003522138332	0
0.2557954966697153	-0	-0	-0	0	0	0	-10.0410023961551	908.6352079789688	-0	0.2505653546753492	0	-0.09444894368980467	0	0	0	0	-0.01496909298682458	0
0.2564463757961014	-0	-0	-0	0	0	0	-9.979799375267694	909.3515194816104	-0	0.2511707533366159	0	-0.09447014732138721	0	0	0	0	-0.01467618809413496	0
0.2570972549224874	-0	-0	-0	0	0	0	-9.906027007851609	910.0671847286297	-0	0.2517662336126996	0	-0.09449101023482187	0	0	0	0	-0.01432194277802223	0
0.2577481340488735	-0	-0	-0	0	0	0	-9.819562920659676	910.7814883898623	-0	0.252351704834381	0	-0.09451152913229208	0	0	0	0	-0.01390680444953407	0
0.2583990131752595	-0	-0	-0	0	0	0	-9.720278623202434	911.4940442146126	-0	0.2529270301659917	0	-0.09453169903744285	0	0	0	0	-0.01343139294933704	0
0.2590498923016455	-0	-0	-0	0	0	0	-9.60798926683807	912.2049885227398	-0	0.2534920001274039	0	-0.09455151231531365	0	0	0	0	-0.01289657362060015	0
0.2597007714280316	-0	-0	-0	0	0	0	-9.48248570825535	912.915061785849	-0	0.2540463168333509	0	-0.09457095811246237	0	0	0	0	-0.01230352115991762	0
0.2603516505544176	-0	-0	-0	0	0	0	-9.343421859193313	913.6258872736388	-0	0.2545895553029515	0	-0.09459002090499211	0	0	0	0	-0.01165384394303604	0
0.2610025296808037	-0	-0	-0	0	0	0	-9.190395718026702	914.3401359807199	-0	0.2551211336997748	0	-0.09460867944745606	0	0	0	0	-0.01094970597265976	0
0.2616534088071897	-0	-0	-0	0	0	0	-9.022737723259082	915.0618941876025	-0	0.2556402615659099	0	-0.09462690479769488	0	0	0	0	-0.01019402307310024	0
0.2623042879335757	-0	-0	-0	0	0	0	-8.83967329448549	915.79693117094	-0	0.2561458927086071	0	-0.09464465866224411	0	0	0	0	-0.009390668638525446	0
0.2629551670599618	-0	-0	-0	0	0	0	-8.639971281917257	916.5531123670576	-0	0.2566366667679152	0	-0.09466189110604202	0	0	0	0	-0.008544748622783316	0
0.2636060461863479	-0	-0	-0	0	0	0	-8.422228732674284	917.3407268225581	-0	0.257110852346356	0	-0.09467853858045608	0	0	0	0	-0.00766289067275272	0
0.2642569253127339	-0	-0	-0	0	0	0	-8.184361586295164	918.1727852053157	-0	0.2575663061877588	0	-0.0946945221836617	0	0	0	0	-0.006753549266325209	0
0.2649078044391199	-0	-0	-0	0	0	0	-7.924051165767838	919.0651955993416	-0	0.2580004394313839	0	-0.09470974657582037	0	0	0	0	-0.005827291538486601	0
0.265558683565506	-0	-0	-0	0	0	0	-7.638130875918778	920.0365961868584	-0	0.2584102484116351	0	-0.09472410077377094	0	0	0	0	-0.004896959472700413	0
0.266209562691892	-0	-0	-0	0	0	0	-7.323181189076202	921.1079480555508	-0	0.2587923734257078	0	-0.09473746047214107	0	0	0	0	-0.003977702775389891	0
0.2668604418182781	-0	-0	-0	0	0	0	-6.975023236001356	922.3014126206791	-0	0.2591432763509842	0	-0.09474969421849598	0	0	0	0	-0.00308666493427201	0
0.2675113209446641	-0	-0	-0	0	0	0	-6.589325250434688	923.6388751024755	-0	0.2594594716523484	0	-0.09476067200852134	0	0	0	0	-0.002242372779408308	0
0.2681622000710501	-0	-0	-0	0	0	0	-6.161606505141151	925.1396560615195	-0	0.2597378808591126	0	-0.09477027817020632	0	0	0	0	-0.001463620677516708	0
0.2688130791974362	-0	-0	-0	0	0	0	-5.687522400379889	926.8180532432905	-0	0.2599762239313687	0	-0.094778425715423	0	0	0	0	-0.0007680204137937574	0
0.2694639583238223	-0	-0	-0	0	0	0	-5.163801104894689	928.680725278275	-0	0.2601734153558269	0	-0.09478507127461624	0	0	0	0	-0.0001702656698645	0
0.2701148374502083	-0	-0	-0	0	0	0	-4.587745415513688	930.7246252725452	-0	0.2603298969551807	0	-0.09479022708295709	0	0	0	0	0.0003195705185372044	0
0.2707657165765944	-0	-0	-0	0	0	0	-3.959091997928231	932.9360835684133	-0	0.2604477615044581	0	-0.09479396653500351	0	0	0	0	0.0006973160663906741	0
0.2714165957029804	-0	-0	-0	0	0	0	-3.278478875306393	935.2911333645983	-0	0.2605307072713876	0	-0.09479642201157001	0	0	0	0	0.0009653123000719077	0
0.2720674748293664	-0	-0	-0	0	0	0	-2.549451846039505	937.7577211512848	-0	0.2605836865229298	0	-0.09479777320254179	0	0	0	0	0.001132028784996297	0
0.2727183539557524	-0	-0	-0	0	0	0	-1.776342950609815	940.2986543941547	-0	0.2606124429063634	0	-0.09479822942697223	0	0	0	0	0.001210869064008691	0
0.2733692330821385	-0	-0	-0	0	0	0	-0.9653594958739733	942.8756128805724	-0	0.2606229141838272	0	-0.09479800843794967	0	0	0	0	0.001218314180250854	0
0.2740201122085246	-0	-0	-0	0	0	0	-0.1229507163232952	945.452340319014	-0	0.2606207182911769	0	-0.09479731696788531	0	0	0	0	0.001171914661736816	0
0.2746709913349106	-0	-0	-0	0	0	0	0.7444151096445952	947.9975781398664	-0	0.2606107510232896	0	-0.09479633587134133	0	0	0	0	0.00108848230301152	0
0.2753218704612967	-0	-0	-0	0	0	0	1.630577873593551	950.486279824324	-0	0.2605969609514998	0	-0.09479521170964247	0	0	0	0	0.0009827806498070857	0
0.2759727495876827	-0	-0	-0	0	0	0	2.530727382029373	952.9002262743594	-0	0.2605823052262632	0	-0.09479405450930545	0	0	0	0	0.0008668054479209486	0
0.2766236287140687	-0	-0	-0	0	0	0	3.440575718478736	955.2273466106286	-0	0.2605688084890475	0	-0.09479294022721475	0	0	0	0	0.0007495943047655662	0
0.2772745078404548	-0	-0	-0	0	0	0	4.357493800484189	957.460873118683	-0	0.2605577251324478	0	-0.09479191602534034	0	0	0	0	0.0006374224218786417	0
0.2779253869668408	-0	-0	-0	0	0	0	5.279290516202149	959.5980559826413	-0	0.2605497000429665	0	-0.09479100666489509	0	0	0	0	0.0005342239528578485	0
0.2785762660932269	-0	-0	-0	0	0	0	6.205030523782344	961.6390592537633	-0	0.2605449507259383	0	-0.09479022071073502	0	0	0	0	0.000442092459566501	0
0.2792271452196129	-0	-0	-0	0	0	0	7.134035307130119	963.5859495587687	-0	0.260543402876829	0	-0.09478955593375382	0	0	0	0	0.0003617761259252505	0
0.279878024345999	-0	-0	-0	0	0	0	8.066320997764713	965.4418957949058	-0	0.2605448123885305	0	-0.09478900354038378	0	0	0	0	0.0002931028762216403	0
0.280528903472385	-0	-0	-0	0	0	0	9.001911691078874	967.2107184750807	-0	0.2605488429911076	0	-0.09478855133124413	0	0	0	0	0.0002353272811940199	0
0.281179782598771	-0	-0	-0	0	0	0	9.941329654120505	968.8963202186967	-0	0.2605551304325905	0	-0.09478818581259167	0	0	0	0	0.0001873818699642538	0
0.2818306617251571	-0	-0	-0	0	0	0	10.88511044625063	970.5024431971392	-0	0.2605633147703889	0	-0.09478789361028435	0	0	0	0	0.000148063293875067	0
0.2824815408515431	-0	-0	-0	0	0	0	11.83360133858196	972.0326498548128	-0	0.2605730600722583	0	-0.09478766229311418	0	0	0	0	0.0001161554134168075	0
0.2831324199779292	-0	-0	-0	0	0	0	12.78724494988548	973.4902325113547	-0	0.2605840691101309	0	-0.0947874807782056	0	0	0	0	9.050354852768727e-05	0
0.2837832991043152	-0	-0	-0	0	0	0	13.74638896755514	974.878093717682	-0	0.2605960848125152	0	-0.09478733948119032	0	0	0	0	7.005659394399011e-05	0
0.2844341782307012	-0	-0	-0	0	0	0	14.71137779607085	976.1988461797806	-0	0.2606088910833858	0	-0.09478723030650138	0	0	0	0	5.388685783658254e-05	0
0.2850850573570873	-0	-0	-0	0	0	0	15.68244814015606	977.4547673727602	-0	0.2606223083751473	0	-0.09478714653937932	0	0	0	0	4.119412255754185e-05	0
0.2857359364834733	-0	-0	-0	0	0	0	16.65982430031898	978.6478892501585	-0	0.2606361907111073	0	-0.09478708269454192	0	0	0	0	3.130089969638483e-05	0
0.2863868156098594	-0	-0	-0	0	0	0	17.64363359968684	979.779983813887	-0	0.2606504198932021	0	-0.09478703434656177	0	0	0	0	2.36420793313652e-05	0
0.2870376947362454	-0	-0	-0	0	0	0	18.63399216383111	980.85263852915	-0	0.2606649020256828	0	-0.09478699796411766	0	0	0	0	1.775233503242823e-05	0
0.2876885738626315	-0	-0	-0	0	0	0	19.63093802819724	981.8672494038566	-0	0.260679562423736	0	-0.09478697075576281	0	0	0	0	1.325263537044208e-05	0
0.2883394529890175	-0	-0	-0	0	0	0	20.63450093056565	982.8250800422595	-0	0.2606943427511993	0	-0.09478695053394548	0	0	0	0	9.837267741286126e-06	0
0.2889903321154036	-0	-0	-0	0	0	0	21.64465173172118	983.7272550327075	-0	0.2607091971830562	0	-0.09478693559758215	0	0	0	0	7.261780620382297e-06	0
0.2896412112417897	-0	-0	-0	0	0	0	22.66135598669341	984.5748050466257	-0	0.2607240903587025	0	-0.09478692463362719	0	0	0	0	5.332302341454209e-06	0
0.2902920903681757	-0	-0	-0	0	0	0	23.68453688435813	985.3686586918188	-0	0.2607389947243208	0	-0.09478691663552367	0	0	0	0	3.896228537580981e-06	0
0.2909429694945617	-0	-0	-0	0	0	0	24.71411425366282	986.1096766136395	-0	0.2607538891714908	0	-0.09478691083693125	0	0	0	0	2.834325884215616e-06	0
0.2915938486209478	-0	-0	-0	0	0	0	25.7499782381305	986.7986424931212	-0	0.2607687573020267	0	-0.09478690665829	0	0	0	0	2.054100179726959e-06	0
0.2922447277473338	-0	-0	-0	0	0	0	26.79201650031359	987.4362883476477	-0	0.2607835865573511	0	-0.09478690366431977	0	0	0	0	1.484327975642685e-06	0
0.2928956068737198	-0	-0	-0	0	0	0	27.8400965325464	988.0232858145246	-0	0.2607983671461956	0	-0.09478690153041494	0	0	0	0	1.070577160255937e-06	0
0.2935464860001059	-0	-0	-0	0	0	0	28.89408352088133	988.5602647749829	-0	0.2608130914899194	0	-0.0947869000163399	0	0	0	0	7.715842369471204e-07	0
0.2941973651264919	-0	-0	-0	0	0	0	29.953829326082	989.0478058559535	-0	0.2608277535998451	0	-0.09478689894573228	0	0	0	0	5.563377700745775e-07	0
0.294848244252878	-0	-0	-0	0	0	0	31.01918301139157	989.4864534278988	-0	0.2608423487088781	0	-0.09478689819025159	0	0	0	0	4.017506505249457e-07	0
0.295499123379264	-0	-0	-0	0	0	0	32.08998532559663	989.8767100963329	-0	0.2608568729489388	0	-0.09478689765736463	0	0	0	0	2.9080787555813e-07	0
0.29615000250565	-0	-0	-0	0	0	0	33.16607339541465	990.2190450072111	-0	0.2608713230817964	0	-0.09478689728099444	0	0	0	0	2.111022125994566e-07	0
0.2968008816320361	-0	-0	-0	0	0	0	34.24727978379443	990.5138907634471	-0	0.260885696375603	0	-0.09478689701439529	0	0	0	0	1.536811629065937e-07	0
0.2974517607584222	-0	-0	-0	0	0	0	35.33343246656955	990.7616478359067	-0	0.260899990381719	0	-0.09478689682477311	0	0	0	0	1.121472963383496e-07	0
0.2981026398848082	-0	-0	-0	0	0	0	36.42435757181882	990.962684043062	-0	0.2609142029431619	0	-0.09478689668926575	0	0	0	0	8.196382639269473e-08	0
0.2987535190111942	-0	-0	-0	0	0	0	37.51987577304734	991.1173352965591	-0	0.2609283319913206	0	-0.09478689659198666	0	0	0	0	5.992790974573836e-08	0
0.2994043981375803	-0	-0	-0	0	0	0	38.61980834306531	991.2259075588379	-0	0.2609423756473668	0	-0.09478689652188947	0	0	0	0	4.377919538001152e-08	0
0.3000552772639663	-0	-0	-0	0	0	0	39.72397027411488	991.288674463948	-0	0.2609563320170258	0	-0.09478689647125756	0	0	0	0	3.191593656026726e-08	0
0.3007061563903524	-0	-0	-0	0	0	0	40.83217915074475	991.305881622732	-0	0.2609701993560021	0	-0.09478689643465676	0	0	0	0	2.319391434468798e-08	0
0.3013570355167384	-0	-0	-0	0	0	0	41.94424478920283	991.277740983317	-0	0.2609839758431379	0	-0.09478689640822162	0	0	0	0	1.678705929819557e-08	0
0.3020079146431244	-0	-0	-0	0	0	0	43.05998082680534	991.2044376206666	-0	0.2609976597938194	0	-0.09478689638917379	0	0	0	0	1.209225874987396e-08	0
0.3026587937695104	-0	-0	-0	0	0	0	44.17918788052606	991.0861198640871	-0	0.2610112493603526	0	-0.09478689637549857	0	0	0	0	8.664792439105895e-09	0
0.3033096728958965	-0	-0	-0	0	0	0	45.30166733496844	990.9229088425038	-0	0.2610247427780751	0	-0.09478689636572554	0	0	0	0	6.174313504914153e-09	0
0.3039605520222826	-0	-0	-0	0	0	0	46.42721146427691	990.7149018451087	-0	0.2610381381609008	0	-0.09478689635877802	0	0	0	0	4.374457240885476e-09	0
0.3046114311486686	-0	-0	-0	0	0	0	47.55560383784037	990.4621829696423	-0	0.2610514335609361	0	-0.09478689635386728	0	0	0	0	3.081323640685696e-09	0
0.3052623102750547	-0	-0	-0	0	0	0	48.68661967778677	990.1647956943966	-0	0.2610646269307674	0	-0.09478689635041684	0	0	0	0	2.157927170287621e-09	0
0.3059131894014407	-0	-0	-0	0	0	0	49.82004998503987	989.8227576741723	-0	0.2610777165067092	0	-0.09478689634800716	0	0	0	0	1.502643343087584e-09	0
0.3065640685278267	-0	-0	-0	0	0	0	50.9556742555242	989.436042839713	-0	0.2610907003881337	0	-0.09478689634633443	0	0	0	0	1.040501018678697e-09	0
0.3072149476542128	-0	-0	-0	0	0	0	52.09328502652495	989.0045971305234	-0	0.2611035769220041	0	-0.09478689634518021	0	0	0	0	7.165636972672473e-10	0
0.3078658267805989	-0	-0	-0	0	0	0	53.23266534658946	988.5283265255292	-0	0.2611163443499796	0	-0.09478689634438837	0	0	0	0	4.908544681825333e-10	0
0.3085167059069849	-0	-0	-0	0	0	0	54.37360752129513	988.0071130752008	-0	0.2611290011065748	0	-0.09478689634384826	0	0	0	0	3.345039800706218e-10	0
0.3091675850333709	-0	-0	-0	0	0	0	55.51589256099793	987.4407967967571	-0	0.2611415455041241	0	-0.09478689634348185	0	0	0	0	2.268061294330437e-10	0
0.309818464159757	-0	-0	-0	0	0	0	56.65931611112164	986.8291930192729	-0	0.2611539761254922	0	-0.09478689634323462	0	0	0	0	1.530278126438134e-10	0
0.310469343286143	-0	-0	-0	0	0	0	57.8036734380204	986.1720682677684	-0	0.2611662915982167	0	-0.09478689634306864	0	0	0	0	1.027542495535272e-10	0
0.3111202224125291	-0	-0	-0	0	0	0	58.94877353483754	985.4691643887376	-0	0.2611784908092147	0	-0.09478689634295778	0	0	0	0	6.867306723279398e-11	0
0.3117711015389151	-0	-0	-0	0	0	0	60.0944056141602	984.7201797361537	-0	0.2611905724205694	0	-0.09478689634288412	0	0	0	0	4.568612155253504e-11	0
0.3124219806653012	-0	-0	-0	0	0	0	61.24036853707327	983.9247916985643	-0	0.2612025352961005	0	-0.09478689634283538	0	0	0	0	3.025402151024537e-11	0
0.3130728597916873	-0	-0	-0	0	0	0	62.38644941198486	983.0826289298092	-0	0.2612143782011623	0	-0.09478689634280328	0	0	0	0	1.994671094962541e-11	0
0.3137237389180733	-0	-0	-0	0	0	0	63.53244844553314	982.1932980789963	-0	0.2612261001556621	0	-0.09478689634278226	0	0	0	0	1.309352626321925e-11	0
0.3143746180444593	-0	-0	-0	0	0	0	64.67815474794378	981.2563546302398	-0	0.2612377001017743	0	-0.09478689634276853	0	0	0	0	8.556710895391006e-12	0
0.3150254971708453	-0	-0	-0	0	0	0	65.82337203966659	980.271331723887	-0	0.2612491772615035	0	-0.09478689634275962	0	0	0	0	5.568878691519785e-12	0
0.3156763762972314	-0	-0	-0	0	0	0	66.96789279136124	979.2377074087079	-0	0.2612605307905329	0	-0.09478689634275386	0	0	0	0	3.608668919241609e-12	0
0.3163272554236174	-0	-0	-0	0	0	0	68.11152584195054	978.1549356327355	-0	0.2612717601553638	0	-0.09478689634275016	0	0	0	0	2.327915638034028e-12	0
0.3169781345500035	-0	-0	-0	0	0	0	69.25406833557224	977.0224142842608	-0	0.2612828647613331	0	-0.09478689634274777	0	0	0	0	1.495692458775011e-12	0
0.3176290136763895	-0	-0	-0	0	0	0	70.39533070492524	975.8395184736495	-0	0.2612938442837457	0	-0.09478689634274624	0	0	0	0	9.556799795973347e-13	0
0.3182798928027755	-0	-0	-0	0	0	0	71.53511251287095	974.6055649290495	-0	0.2613046983620099	0	-0.09478689634274529	0	0	0	0	6.092903959142859e-13	0
0.3189307719291616	-0	-0	-0	0	0	0	72.67322691203096	973.319847575933	-0	0.2613154269152647	0	-0.09478689634274469	0	0	0	0	3.881339694089547e-13	0
0.3195816510555476	-0	-0	-0	0	0	0	73.80947645112732	971.9815979010889	-0	0.2613260298465964	0	-0.09478689634274429	0	0	0	0	2.424727085781342e-13	0
0.3202325301819337	-0	-0	-0	0	0	0	74.94367828777291	970.590022756402	-0	0.2613365073619912	0	-0.09478689634274405	0	0	0	0	1.545430450278218e-13	0
0.3208834093083197	-0	-0	-0	0	0	0	76.07564051620062	969.1442629339676	-0	0.2613468596905727	0	-0.09478689634274391	0	0	0	0	9.769962616701378e-14	0
0.3215342884347058	-0	-0	-0	0	0	0	77.20518687010596	967.643432178577	-0	0.2613570873897278	0	-0.0947868963427438	0	0	0	0	5.950795411990839e-14	0
0.3221851675610918	-0	-0	-0	0	0	0	78.3321333404056	966.0865742995078	-0	0.2613671910777974	0	-0.09478689634274373	0	0	0	0	3.552713678800501e-14	0
0.3228360466874778	-0	-0	-0	0	0	0	79.45631175759304	964.4727027527997	-0	0.2613771717173397	0	-0.09478689634274369	0	0	0	0	2.131628207280301e-14	0
0.3234869258138639	-0	-0	-0	0	0	0	80.57754791367462	962.8007561721354	-0	0.2613870303783573	0	-0.09478689634274368	0	0	0	0	1.4210854715202e-14	0
0.32413780494025	-0	-0	-0	0	0	0	81.69568377393742	961.0696373655717	-0	0.2613967684977913	0	-0.09478689634274366	0	0	0	0	7.993605777301127e-15	0
0.324788684066636	-0	-0	-0	0	0	0	82.81055608247785	959.2781681410311	-0	0.2614063876573181	0	-0.09478689634274368	0	0	0	0	6.217248937900877e-15	0
0.325439563193022	-0	-0	-0	0	0	0	83.92201636401039	957.425127718311	-0	0.261415889807239	0	-0.09478689634274365	0	0	0	0	2.664535259100376e-15	0
0.3260904423194081	-0	-0	-0	0	0	0	85.02991275829477	955.5092065713196	-0	0.2614252770998002	0	-0.09478689634274366	0	0	0	0	3.552713678800501e-15	0
0.3267413214457942	-0	-0	-0	0	0	0	86.13410758338601	953.5290472317442	-0	0.2614345520708179	0	-0.09478689634274365	0	0	0	0	1.77635683940025e-15	0
0.3273922005721802	-0	-0	-0	0	0	0	87.23446292246113	951.4831982503414	-0	0.2614437175349477	0	-0.09478689634274363	0	0	0	0	0	0
0.3280430796985662	-0	-0	-0	0	0	0	88.33085736698951	949.3701623615621	-0	0.2614527767423761	0	-0.09478689634274365	0	0	0	0	0	0
0.3286939588249523	-0	-0	-0	0	0	0	89.4231423282763	947.1883685225982	-0	0.2614617328106545	0	-0.09478689634274365	0	0	0	0	0	0
0.3293448379513383	-0	-0	-0	0	0	0	90.51112274685558	944.9362468178333	-0	0.2614705882957996	0	-0.09478689634274365	0	0	0	0	0	0
0.3299957170777243	-0	-0	-0	0	0	0	91.59458416117847	942.6121513369077	-0	0.2614793457547147	0	-0.09478689634274365	0	0	0	0	-1.77635683940025e-15	0
0.3306465962041104	-0	-0	-0	0	0	0	92.67328990274564	940.2144441845721	-0	0.2614880075540731	0	-0.09478689634274365	0	0	0	0	1.77635683940025e-15	0
0.3312974753304965	-0	-0	-0	0	0	0	93.74697627840656	937.741429963527	-0	0.2614965759306721	0	-0.09478689634274365	0	0	0	0	0	0
0.3319483544568825	-0	-0	-0	0	0	0	94.81533804006474	935.1914501855404	-0	0.261505052603562	0	-0.09478689634274365	0	0	0	0	0	0
0.3325992335832685	-0	-0	-0	0	0	0	95.87805586087946	932.5627834441112	-0	0.2615134393780568	0	-0.09478689634274365	0	0	0	0	0	0
0.3332501127096546	-0	-0	-0	0	0	0	96.93480361860495	929.853733258527	-0	0.26152173810407	0	-0.09478689634274365	0	0	0	0	0	0
0.3339009918360406	-0	-0	-0	0	0	0	97.9852522618656	927.0625314971321	-0	0.2615299509213287	0	-0.09478689634274365	0	0	0	0	0	0
0.3345518709624267	-0	-0	-0	0	0	0	99.02909373401319	924.1874194303418	-0	0.2615380804852998	0	-0.09478689634274365	0	0	0	0	0	0
0.3352027500888127	-0	-0	-0	0	0	0	100.0660211371852	921.2265588027088	-0	0.2615461298454469	0	-0.09478689634274365	0	0	0	0	0	0
0.3358536292151987	-0	-0	-0	0	0	0	101.0957589335736	918.1781114507552	-0	0.2615541027681845	0	-0.09478689634274365	0	0	0	0	0	0
0.3365045083415847	-0	-0	-0	0	0	0	102.11803763018	915.0401536382715	-0	0.2615620035367742	0	-0.09478689634274365	0	0	0	0	0	0
0.3371553874679708	-0	-0	-0	0	0	0	103.132624630029	911.8107551712496	-0	0.2615698372817107	0	-0.09478689634274365	0	0	0	0	0	0
0.3378062665943569	-0	-0	-0	0	0	0	104.139287666087	908.4878911644007	-0	0.2615776096199219	0	-0.09478689634274365	0	0	0	0	0	0
0.3384571457207429	-0	-0	-0	0	0	0	105.1378227783458	905.0695258219475	-0	0.2615853269282212	0	-0.09478689634274365	0	0	0	0	0	0
0.339108024847129	-0	-0	-0	0	0	0	106.128018202825	901.5535111574311	-0	0.2615929960213259	0	-0.09478689634274366	0	0	0	0	1.77635683940025e-15	0
0.339758903973515	-0	-0	-0	0	0	0	107.1096822368133	897.9376750455235	-0	0.2616006244166165	0	-0.09478689634274365	0	0	0	0	0	0
0.340409783099901	-0	-0	-0	0	0	0	108.082634543982	894.2197571592553	-0	0.2616082203867935	0	-0.09478689634274365	0	0	0	0	0	0
0.3410606622262871	-0	-0	-0	0	0	0	109.0466886688167	890.3975036256199	-0	0.2616157924838557	0	-0.09478689634274365	0	0	0	0	0	0
0.3417115413526731	-0	-0	-0	0	0	0	110.0016530680815	886.4685666195537	-0	0.2616233498145669	0	-0.09478689634274365	0	0	0	0	0	0
0.3423624204790592	-0	-0	-0	0	0	0	110.9473053687098	882.4306210506625	-0	0.2616309013891712	0	-0.09478689634274365	0	0	0	0	0	0
0.3430132996054452	-0	-0	-0	0	0	0	111.8834218213158	878.281251823644	-0	0.2616384568757052	0	-0.09478689634274365	0	0	0	0	0	0
0.3436641787318312	-0	-0	-0	0	0	0	112.8097293056923	874.0180838195755	-0	0.2616460255667903	0	-0.09478689634274365	0	0	0	0	0	0
0.3443150578582173	-0	-0	-0	0	0	0	113.7259573172986	869.638657885714	-0	0.2616536175158017	0	-0.09478689634274365	0	0	0	0	0	0
0.3449659369846034	-0	-0	-0	0	0	0	114.6317658769518	865.1405763176793	-0	0.261661242085446	0	-0.09478689634274365	0	0	0	0	0	0
0.3456168161109894	-0	-0	-0	0	0	0	115.5268237764344	860.5213666475441	-0	0.2616689095288917	0	-0.09478689634274365	0	0	0	0	0	0
0.3462676952373755	-0	-0	-0	0	0	0	116.4107103856354	855.7786433441195	-0	0.2616766290828149	0	-0.09478689634274365	0	0	0	0	0	0
0.3469185743637615	-0	-0	-0	0	0	0	117.2830206875627	850.9099570218079	-0	0.2616844110087052	0	-0.09478689634274365	0	0	0	0	0	0
0.3475694534901476	-0	-0	-0	0	0	0	118.1432423554811	845.9129727628128	-0	0.2616922642489446	0	-0.09478689634274365	0	0	0	0	0	0
0.3482203326165336	-0	-0	-0	0	0	0	118.9908847576705	840.7853047505916	-0	0.2617001988830172	0	-0.09478689634274365	0	0	0	0	0	0
0.3488712117429196	-0	-0	-0	0	0	0	119.8253313552386	835.5247111894447	-0	0.2617082233423704	0	-0.09478689634274365	0	0	0	0	0	0
0.3495220908693057	-0	-0	-0	0	0	0	120.6459918409033	830.1289087295266	-0	0.2617163472832283	0	-0.09478689634274365	0	0	0	0	0	0
0.3501729699956917	-0	-0	-0	0	0	0	121.4521366452186	824.5957829561994	-0	0.2617245784745738	0	-0.09478689634274365	0	0	0	0	0	0
0.3508238491220778	-0	-0	-0	0	0	0	122.2430726181636	818.923193343367	-0	0.261732926074972	0	-0.09478689634274365	0	0	0	0	0	0
0.3514747282484638	-0	-0	-0	0	0	0	123.0179583131963	813.1091961801836	-0	0.2617413971730329	0	-0.09478689634274365	0	0	0	0	0	0
0.3521256073748498	-0	-0	-0	0	0	0	123.7759872595197	807.1518327092048	-0	0.2617500002124531	0	-0.09478689634274363	0	0	0	0	-1.77635683940025e-15	0
0.3527764865012359	-0	-0	-0	0	0	0	124.5161904692006	801.0493639770934	-0	0.2617587412897036	0	-0.09478689634274365	0	0	0	0	0	0
0.3534273656276219	-0	-0	-0	0	0	0	125.237644722894	794.8000529225404	-0	0.2617676280114546	0	-0.09478689634274365	0	0	0	0	0	0
0.354078244754008	-0	-0	-0	0	0	0	125.9392600302905	788.402406531213	-0	0.2617766655166835	0	-0.09478689634274365	0	0	0	0	0	0
0.354729123880394	-0	-0	-0	0	0	0	126.6199939807783	781.8549466618638	-0	0.2617858604516201	0	-0.09478689634274366	0	0	0	0	1.77635683940025e-15	0
0.3553800030067801	-0	-0	-0	0	0	0	127.2786363107116	775.1564630965495	-0	0.2617952169146071	0	-0.09478689634274366	0	0	0	0	1.77635683940025e-15	0
0.3560308821331661	-0	-0	-0	0	0	0	127.914014600873	768.3057645132681	-0	0.2618047403088851	0	-0.09478689634274365	0	0	0	0	0	0
0.3566817612595521	-0	-0	-0	0	0	0	128.5247863683552	761.3019372372685	-0	0.2618144334092464	0	-0.09478689634274365	0	0	0	0	0	0
0.3573326403859382	-0	-0	-0	0	0	0	129.1096472492609	754.1440959785336	-0	0.2618243002444592	0	-0.09478689634274366	0	0	0	0	1.77635683940025e-15	0
0.3579835195123242	-0	-0	-0	0	0	0	129.6671270630139	746.8316393768645	-0	0.2618343422466456	0	-0.09478689634274365	0	0	0	0	0	0
0.3586343986387103	-0	-0	-0	0	0	0	130.1958099179753	739.3640156637642	-0	0.2618445623063456	0	-0.09478689634274365	0	0	0	0	0	0
0.3592852777650963	-0	-0	-0	0	0	0	130.6941280161419	731.7409697827072	-0	0.2618549609007323	0	-0.09478689634274366	0	0	0	0	1.77635683940025e-15	0
0.3599361568914823	-0	-0	-0	0	0	0	131.1605365064721	723.9623050926955	-0	0.2618655392853432	0	-0.09478689634274365	0	0	0	0	0	0
0.3605870360178684	-0	-0	-0	0	0	0	131.5933226962265	716.0281574612939	-0	0.2618762957852057	0	-0.09478689634274365	0	0	0	0	0	0
0.3612379151442545	-0	-0	-0	0	0	0	131.9908114185829	707.9387491351707	-0	0.2618872295914314	0	-0.09478689634274365	0	0	0	0	0	0
0.3618887942706405	-0	-0	-0	0	0	0	132.3511906801246	699.6946306930403	-0	0.2618983374705587	0	-0.09478689634274365	0	0	0	0	0	0
0.3625396733970265	-0	-0	-0	0	0	0	132.6727108007881	691.2964042998424	-0	0.2619096176001323	0	-0.09478689634274365	0	0	0	0	0	0
0.3631905525234126	-0	-0	-0	0	0	0	132.9535694774659	682.7449012400265	-0	0.2619210677502237	0	-0.09478689634274365	0	0	0	0	0	0
0.3638414316497987	-0	-0	-0	0	0	0	133.1919607414313	674.0410164384098	-0	0.2619326857028327	0	-0.09478689634274365	0	0	0	0	0	0
0.3644923107761847	-0	-0	-0	0	0	0	133.385939018664	665.1859614039624	-0	0.261944466594638	0	-0.09478689634274365	0	0	0	0	0	0
0.3651431899025708	-0	-0	-0	0	0	0	133.5335648234085	656.1810619384596	-0	0.2619564054000719	0	-0.09478689634274365	0	0	0	0	0	0
0.3657940690289568	-0	-0	-0	0	0	0	133.6327786557942	647.0279761349624	-0	0.2619684945635474	0	-0.09478689634274365	0	0	0	0	0	0
0.3664449481553428	-0	-0	-0	0	0	0	133.6815334915627	637.728487360796	-0	0.2619807262404246	0	-0.09478689634274365	0	0	0	0	0	0
0.3670958272817288	-0	-0	-0	0	0	0	133.6777015528363	628.2846868326213	-0	0.2619930907507657	0	-0.09478689634274365	0	0	0	0	0	0
0.3677467064081149	-0	-0	-0	0	0	0	133.6191663621412	618.6988017053076	-0	0.2620055778286226	0	-0.09478689634274365	0	0	0	0	0	0
0.368397585534501	-0	-0	-0	0	0	0	133.5037544057521	608.9733491942609	-0	0.2620181757048081	0	-0.09478689634274365	0	0	0	0	0	0
0.369048464660887	-0	-0	-0	0	0	0	133.3293021871206	599.1109986924988	-0	0.2620308716617225	0	-0.09478689634274365	0	0	0	0	0	0
0.369699343787273	-0	-0	-0	0	0	0	133.0936072007549	589.1146958628541	-0	0.2620436516410389	0	-0.09478689634274365	0	0	0	0	0	0
0.370350222913659	-0	-0	-0	0	0	0	132.794478911312	578.9875597488754	-0	0.2620565002658276	0	-0.09478689634274365	0	0	0	0	0	0
0.3710011020400451	-0	-0	-0	0	0	0	132.4297061555904	568.732971967508	-0	0.2620694009507127	0	-0.09478689634274365	0	0	0	0	0	0
0.3716519811664312	-0	-0	-0	0	0	0	131.997102680004	558.3545039205458	-0	0.2620823356507854	0	-0.09478689634274365	0	0	0	0	0	0
0.3723028602928172	-0	-0	-0	0	0	0	131.4945007081947	547.8559538675821	-0	0.2620952858617026	0	-0.09478689634274365	0	0	0	0	0	0
0.3729537394192033	-0	-0	-0	0	0	0	130.9197965934706	537.2412992210214	-0	0.2621082323195711	0	-0.09478689634274365	0	0	0	0	0	0
0.3736046185455893	-0	-0	-0	0	0	0	130.2710092048502	526.5146366945756	-0	0.2621211583024969	0	-0.09478689634274365	0	0	0	0	0	0
0.3742554976719753	-0	-0	-0	0	0	0	129.546366713588	515.6800973827499	-0	0.2621340510436697	0	-0.09478689634274365	0	0	0	0	0	0
0.3749063767983614	-0	-0	-0	0	0	0	128.7446244446605	504.741490552758	-0	0.2621469144368764	0	-0.09478689634274365	0	0	0	0	0	0
0.3755572559247474	-0	-0	-0	0	0	0	127.8649760875201	493.7023634094289	-0	0.2621597664304476	0	-0.09478689634274365	0	0	0	0	0	0
0.3762081350511335	-0	-0	-0	0	0	0	126.9077949637797	482.5651641518613	-0	0.2621726683528254	0	-0.09478689634274365	0	0	0	0	0	0
0.3768590141775195	-0	-0	-0	0	0	0	125.8735861504506	471.3324030807773	-0	0.2621856900801454	0	-0.09478689634274365	0	0	0	0	0	0
0.3775098933039056	-0	-0	-0	0	0	0	124.763179414089	460.0063355091689	-0	0.2621989198449929	0	-0.09478689634274365	0	0	0	0	0	0
0.3781607724302916	-0	-0	-0	0	0	0	123.5770653706934	448.5897331807617	-0	0.2622124400057873	0	-0.09478689634274365	0	0	0	0	0	0
0.3788116515566776	-0	-0	-0	0	0	0	122.3152351896813	437.0860401337376	-0	0.2622263207689169	0	-0.09478689634274365	0	0	0	0	0	0
0.3794625306830637	-0	-0	-0	0	0	0	120.9771387091398	425.4994680820935	-0	0.262240616314022	0	-0.09478689634274365	0	0	0	0	0	0
0.3801134098094497	-0	-0	-0	0	0	0	119.5617482986952	413.8348854140824	-0	0.2622553663202212	0	-0.09478689634274365	0	0	0	0	0	0
0.3807642889358358	-0	-0	-0	0	0	0	118.0677969134574	402.0976291335503	-0	0.2622706032568651	0	-0.09478689634274365	0	0	0	0	0	0
0.3814151680622218	-0	-0	-0	0	0	0	116.493896954636	390.2932764967421	-0	0.2622863580166031	0	-0.09478689634274365	0	0	0	0	0	0
0.3820660471886079	-0	-0	-0	0	0	0	114.8384959205796	378.4279416177459	-0	0.2623026547660577	0	-0.09478689634274365	0	0	0	0	0	0
0.3827169263149939	-0	-0	-0	0	0	0	113.099968766984	366.5079361414593	-0	0.2623195169975488	0	-0.09478689634274365	0	0	0	0	0	0
0.38336780544138	-0	-0	-0	0	0	0	111.2764938380799	354.540188036598	-0	0.2623369579139592	0	-0.09478689634274365	0	0	0	0	0	0
0.384018684567766	-0	-0	-0	0	0	0	109.3660273246281	342.5319815025604	-0	0.2623549807936421	0	-0.09478689634274363	0	0	0	0	-1.77635683940025e-15	0
0.3846695636941521	-0	-0	-0	0	0	0	107.3663480071649	330.4918835116283	-0	0.2623735671589685	0	-0.09478689634274365	0	0	0	0	0	0
0.3853204428205381	-0	-0	-0	0	0	0	105.2744458939874	318.4301569735524	-0	0.2623926424320802	0	-0.09478689634274365	0	0	0	0	0	0
0.3859713219469241	-0	-0	-0	0	0	0	103.0862366982273	306.359403563882	-0	0.2624120432409953	0	-0.09478689634274365	0	0	0	0	0	0
0.3866222010733102	-0	-0	-0	0	0	0	100.7947073400841	294.2968256529379	-0	0.2624313882625567	0	-0.09478689634274365	0	0	0	0	0	0
0.3872730801996963	-0	-0	-0	0	0	0	98.39435253719549	282.2626538768853	-0	0.262450251791454	0	-0.09478689634274365	0	0	0	0	0	0
0.3879239593260823	-0	-0	-0	0	0	0	95.88016310091423	270.280480672065	-0	0.2624681010308244	0	-0.09478689634274365	0	0	0	0	0	0
0.3885748384524683	-0	-0	-0	0	0	0	93.2441382020202	258.3684774615863	-0	0.2624842488315267	0	-0.09478689634274365	0	0	0	0	0	0
0.3892257175788544	-0	-0	-0	0	0	0	90.47674983838675	246.535067016712	-0	0.2624979872432711	0	-0.09478689634274365	0	0	0	0	0	0
0.3898765967052404	-0	-0	-0	0	0	0	87.5927197182957	234.8086106925463	-0	0.2625093614845611	0	-0.09478689634274365	0	0	0	0	0	0
0.3905274758316264	-0	-0	-0	0	0	0	84.62767370440035	223.2418396939671	-0	0.2625190269923102	0	-0.09478689634274365	0	0	0	0	0	0
