Coordinates
version=1
nRows=601
nColumns=11
inDegrees=no

Units are S.I. units (second, meters, Newtons, ...)
If the header above contains a line with 'inDegrees', this indicates whether rotational values are in degrees (yes) or radians (no).

endheader
time	pelvis_tilt	pelvis_tx	pelvis_ty	hip_flexion_l	hip_flexion_r	knee_angle_l	knee_angle_r	ankle_angle_l	ankle_angle_r	lumbar
      0.00000000	     -0.34564740	      0.00000000	      1.01581916	      0.08973732	      0.70174382	     -0.29645959	     -0.39469028	     -0.33166626	     -0.00760831	      0.25258549
      0.00116640	     -0.34488560	      0.00262730	      1.01568922	      0.08955582	      0.69725423	     -0.30081450	     -0.38289845	     -0.33883008	     -0.00917571	      0.25243688
      0.00233280	     -0.34402190	      0.00525988	      1.01555679	      0.08931180	      0.69263015	     -0.30522828	     -0.37119680	     -0.34610563	     -0.01079513	      0.25217371
      0.00349920	     -0.34305295	      0.00789767	      1.01542196	      0.08900057	      0.68787065	     -0.30969764	     -0.35959603	     -0.35349672	     -0.01247070	      0.25179174
      0.00466560	     -0.34197723	      0.01054052	      1.01528470	      0.08861949	      0.68297743	     -0.31421944	     -0.34811086	     -0.36100730	     -0.01421225	      0.25128876
      0.00583200	     -0.34079419	      0.01318822	      1.01514493	      0.08816706	      0.67795374	     -0.31879062	     -0.33675871	     -0.36864136	     -0.01603248	      0.25066368
      0.00699840	     -0.33950544	      0.01584046	      1.01500245	      0.08764428	      0.67280632	     -0.32340836	     -0.32556391	     -0.37640313	     -0.01794967	      0.24991783
      0.00816479	     -0.33811373	      0.01849685	      1.01485700	      0.08705351	      0.66754390	     -0.32806998	     -0.31455504	     -0.38429698	     -0.01998474	      0.24905384
      0.00933119	     -0.33662421	      0.02115688	      1.01470822	      0.08639992	      0.66217924	     -0.33277311	     -0.30376984	     -0.39232757	     -0.02215989	      0.24807697
      0.01049759	     -0.33504319	      0.02381995	      1.01455566	      0.08569008	      0.65672716	     -0.33751554	     -0.29325091	     -0.40049978	     -0.02449583	      0.24699383
      0.01166399	     -0.33337927	      0.02648537	      1.01439883	      0.08493320	      0.65120621	     -0.34229523	     -0.28305016	     -0.40881906	     -0.02700291	      0.24581352
      0.01283039	     -0.33164210	      0.02915236	      1.01423716	      0.08413968	      0.64563658	     -0.34711007	     -0.27322371	     -0.41729132	     -0.02968240	      0.24454637
      0.01399679	     -0.32984322	      0.03182012	      1.01407006	      0.08332116	      0.64004171	     -0.35195538	     -0.26383817	     -0.42592453	     -0.03251566	      0.24320490
      0.01516319	     -0.32799516	      0.03448780	      1.01389697	      0.08248949	      0.63444673	     -0.35682402	     -0.25496693	     -0.43472778	     -0.03547461	      0.24180279
      0.01632959	     -0.32611420	      0.03715436	      1.01371726	      0.08165998	      0.62888400	     -0.36170644	     -0.24670581	     -0.44371044	     -0.03851493	      0.24035795
      0.01749599	     -0.32421954	      0.03981860	      1.01353028	      0.08085126	      0.62339147	     -0.36659295	     -0.23916716	     -0.45288162	     -0.04158467	      0.23889147
      0.01866239	     -0.32233624	      0.04247895	      1.01333528	      0.08008898	      0.61801737	     -0.37147432	     -0.23249130	     -0.46225068	     -0.04457804	      0.23743090
      0.01982879	     -0.32049216	      0.04513368	      1.01313156	      0.07940224	      0.61281411	     -0.37634183	     -0.22682859	     -0.47182723	     -0.04733701	      0.23600684
      0.02099519	     -0.31871664	      0.04778104	      1.01291858	      0.07882214	      0.60783110	     -0.38118750	     -0.22230984	     -0.48162141	     -0.04958408	      0.23465169
      0.02216159	     -0.31703757	      0.05041947	      1.01269606	      0.07837805	      0.60311001	     -0.38600351	     -0.21903369	     -0.49164364	     -0.05098540	      0.23339640
      0.02332798	     -0.31547687	      0.05304788	      1.01246429	      0.07809245	      0.59867016	     -0.39078222	     -0.21700627	     -0.50190469	     -0.05123647	      0.23226568
      0.02449438	     -0.31405689	      0.05566513	      1.01222368	      0.07798931	      0.59453074	     -0.39551815	     -0.21623265	     -0.51241585	     -0.05017595	      0.23128452
      0.02566078	     -0.31277389	      0.05827215	      1.01197579	      0.07805924	      0.59063684	     -0.40019987	     -0.21641225	     -0.52318432	     -0.04743667	      0.23045041
      0.02682718	     -0.31160475	      0.06087146	      1.01172283	      0.07826792	      0.58687909	     -0.40481128	     -0.21700522	     -0.53421236	     -0.04274215	      0.22974037
      0.02799358	     -0.31054518	      0.06346341	      1.01146617	      0.07860912	      0.58321391	     -0.40934926	     -0.21771103	     -0.54549481	     -0.03686714	      0.22914989
      0.02915998	     -0.30960287	      0.06604712	      1.01120659	      0.07909340	      0.57964246	     -0.41381604	     -0.21842295	     -0.55702278	     -0.03056886	      0.22868649
      0.03032638	     -0.30878492	      0.06862150	      1.01094468	      0.07973159	      0.57617606	     -0.41822147	     -0.21910064	     -0.56868907	     -0.02411811	      0.22835649
      0.03149278	     -0.30809907	      0.07118533	      1.01068097	      0.08053660	      0.57283062	     -0.42258484	     -0.21972847	     -0.58028969	     -0.01772261	      0.22816665
      0.03265918	     -0.30755134	      0.07373741	      1.01041607	      0.08152091	      0.56962287	     -0.42693489	     -0.22031187	     -0.59155553	     -0.01145251	      0.22812177
      0.03382558	     -0.30714638	      0.07627667	      1.01015066	      0.08269538	      0.56656821	     -0.43129886	     -0.22086133	     -0.60225524	     -0.00535771	      0.22822516
      0.03499198	     -0.30688578	      0.07880227	      1.00988563	      0.08406641	      0.56367797	     -0.43569935	     -0.22139088	     -0.61220423	      0.00054876	      0.22847691
      0.03615838	     -0.30676960	      0.08131347	      1.00962188	      0.08563815	      0.56096119	     -0.44015726	     -0.22191458	     -0.62122463	      0.00625910	      0.22887549
      0.03732478	     -0.30679492	      0.08380981	      1.00936044	      0.08741026	      0.55842196	     -0.44468824	     -0.22244474	     -0.62917998	      0.01177427	      0.22941628
      0.03849118	     -0.30695739	      0.08629096	      1.00910240	      0.08938011	      0.55606184	     -0.44930425	     -0.22299226	     -0.63596770	      0.01709614	      0.23009319
      0.03965757	     -0.30725011	      0.08875685	      1.00884894	      0.09154090	      0.55387768	     -0.45400960	     -0.22356495	     -0.64155478	      0.02222826	      0.23089760
      0.04082397	     -0.30766508	      0.09120754	      1.00860126	      0.09388397	      0.55186420	     -0.45880465	     -0.22416907	     -0.64594404	      0.02717424	      0.23181983
      0.04199037	     -0.30819253	      0.09364330	      1.00836061	      0.09639754	      0.55001242	     -0.46368317	     -0.22480790	     -0.64919756	      0.03193794	      0.23284848
      0.04315677	     -0.30882201	      0.09606449	      1.00812820	      0.09906863	      0.54831183	     -0.46863628	     -0.22548339	     -0.65140081	      0.03652317	      0.23397152
      0.04432317	     -0.30954209	      0.09847164	      1.00790521	      0.10188250	      0.54674950	     -0.47365162	     -0.22619510	     -0.65266783	      0.04093383	      0.23517608
      0.04548957	     -0.31034107	      0.10086531	      1.00769276	      0.10482385	      0.54531158	     -0.47871600	     -0.22694157	     -0.65311767	      0.04517384	      0.23644902
      0.04665597	     -0.31120695	      0.10324616	      1.00749186	      0.10787682	      0.54398293	     -0.48381597	     -0.22771967	     -0.65286657	      0.04924722	      0.23777709
      0.04782237	     -0.31212778	      0.10561488	      1.00730345	      0.11102553	      0.54274809	     -0.48893858	     -0.22852558	     -0.65202330	      0.05315806	      0.23914710
      0.04898877	     -0.31309183	      0.10797220	      1.00712835	      0.11425433	      0.54159118	     -0.49407224	     -0.22935437	     -0.65067910	      0.05691055	      0.24054623
      0.05015517	     -0.31408760	      0.11031884	      1.00696728	      0.11754790	      0.54049638	     -0.49920622	     -0.23020073	     -0.64891533	      0.06050893	      0.24196195
      0.05132157	     -0.31510423	      0.11265554	      1.00682084	      0.12089168	      0.53944818	     -0.50433143	     -0.23105874	     -0.64679581	      0.06395750	      0.24338250
      0.05248797	     -0.31613121	      0.11498302	      1.00668956	      0.12427161	      0.53843137	     -0.50943957	     -0.23192229	     -0.64437664	      0.06726053	      0.24479656
      0.05365437	     -0.31715884	      0.11730201	      1.00657384	      0.12767473	      0.53743150	     -0.51452375	     -0.23278505	     -0.64170096	      0.07042228	      0.24619376
      0.05482076	     -0.31817790	      0.11961320	      1.00647402	      0.13108864	      0.53643461	     -0.51957771	     -0.23364065	     -0.63880667	      0.07344697	      0.24756425
      0.05598716	     -0.31918005	      0.12191725	      1.00639033	      0.13450216	      0.53542778	     -0.52459630	     -0.23448283	     -0.63572284	      0.07633869	      0.24889921
      0.05715356	     -0.32015744	      0.12421480	      1.00632296	      0.13790474	      0.53439866	     -0.52957488	     -0.23530539	     -0.63247499	      0.07910149	      0.25019038
      0.05831996	     -0.32110322	      0.12650645	      1.00627200	      0.14128711	      0.53333614	     -0.53450972	     -0.23610243	     -0.62908268	      0.08173924	      0.25143059
      0.05948636	     -0.32201098	      0.12879278	      1.00623749	      0.14464063	      0.53222972	     -0.53939746	     -0.23686822	     -0.62556301	      0.08425575	      0.25261321
      0.06065276	     -0.32287526	      0.13107431	      1.00621939	      0.14795788	      0.53107018	     -0.54423547	     -0.23759745	     -0.62192897	      0.08665462	      0.25373264
      0.06181916	     -0.32369107	      0.13335153	      1.00621765	      0.15123202	      0.52984889	     -0.54902142	     -0.23828501	     -0.61819186	      0.08893936	      0.25478378
      0.06298556	     -0.32445423	      0.13562491	      1.00623213	      0.15445735	      0.52855844	     -0.55375355	     -0.23892630	     -0.61436012	      0.09111327	      0.25576248
      0.06415196	     -0.32516100	      0.13789487	      1.00626268	      0.15762868	      0.52719203	     -0.55843035	     -0.23951695	     -0.61044109	      0.09317955	      0.25666503
      0.06531836	     -0.32580839	      0.14016178	      1.00630909	      0.16074183	      0.52574395	     -0.56305075	     -0.24005310	     -0.60644024	      0.09514114	      0.25748855
      0.06648476	     -0.32639378	      0.14242600	      1.00637114	      0.16379310	      0.52420906	     -0.56761386	     -0.24053112	     -0.60236232	      0.09700090	      0.25823056
      0.06765116	     -0.32691520	      0.14468784	      1.00644856	      0.16677966	      0.52258322	     -0.57211914	     -0.24094791	     -0.59821089	      0.09876143	      0.25888932
      0.06881756	     -0.32737101	      0.14694760	      1.00654107	      0.16969908	      0.52086276	     -0.57656618	     -0.24130058	     -0.59398910	      0.10042525	      0.25946339
      0.06998395	     -0.32776012	      0.14920551	      1.00664836	      0.17254968	      0.51904492	     -0.58095485	     -0.24158672	     -0.58969939	      0.10199465	      0.25995195
      0.07115035	     -0.32808168	      0.15146180	      1.00677012	      0.17533010	      0.51712734	     -0.58528510	     -0.24180416	     -0.58534394	      0.10347181	      0.26035447
      0.07231675	     -0.32833534	      0.15371668	      1.00690598	      0.17803960	      0.51510842	     -0.58955708	     -0.24195114	     -0.58092453	      0.10485873	      0.26067090
      0.07348315	     -0.32852093	      0.15597031	      1.00705562	      0.18067771	      0.51298690	     -0.59377104	     -0.24202612	     -0.57644276	      0.10615731	      0.26090141
      0.07464955	     -0.32863867	      0.15822284	      1.00721866	      0.18324448	      0.51076218	     -0.59792734	     -0.24202792	     -0.57190003	      0.10736927	      0.26104657
      0.07581595	     -0.32868895	      0.16047439	      1.00739472	      0.18574014	      0.50843392	     -0.60202642	     -0.24195558	     -0.56729759	      0.10849622	      0.26110715
      0.07698235	     -0.32867247	      0.16272508	      1.00758344	      0.18816538	      0.50600237	     -0.60606883	     -0.24180845	     -0.56263660	      0.10953963	      0.26108422
      0.07814875	     -0.32859006	      0.16497500	      1.00778442	      0.19052102	      0.50346799	     -0.61005514	     -0.24158607	     -0.55791812	      0.11050085	      0.26097900
      0.07931515	     -0.32844282	      0.16722419	      1.00799726	      0.19280826	      0.50083170	     -0.61398601	     -0.24128827	     -0.55314317	      0.11138114	      0.26079298
      0.08048155	     -0.32823193	      0.16947274	      1.00822159	      0.19502841	      0.49809463	     -0.61786213	     -0.24091501	     -0.54831273	      0.11218164	      0.26052775
      0.08164795	     -0.32795881	      0.17172066	      1.00845699	      0.19718307	      0.49525830	     -0.62168424	     -0.24046654	     -0.54342775	      0.11290347	      0.26018511
      0.08281435	     -0.32762494	      0.17396798	      1.00870306	      0.19927394	      0.49232439	     -0.62545310	     -0.23994325	     -0.53848920	      0.11354771	      0.25976697
      0.08398075	     -0.32723200	      0.17621472	      1.00895940	      0.20130296	      0.48929493	     -0.62916950	     -0.23934578	     -0.53349802	      0.11411558	      0.25927540
      0.08514714	     -0.32678173	      0.17846087	      1.00922561	      0.20327216	      0.48617207	     -0.63283424	     -0.23867490	     -0.52845521	      0.11460833	      0.25871254
      0.08631354	     -0.32627600	      0.18070642	      1.00950127	      0.20518375	      0.48295827	     -0.63644814	     -0.23793158	     -0.52336179	      0.11502686	      0.25808068
      0.08747994	     -0.32571678	      0.18295134	      1.00978598	      0.20704006	      0.47965613	     -0.64001206	     -0.23711687	     -0.51821882	      0.11537179	      0.25738221
      0.08864634	     -0.32510618	      0.18519560	      1.01007931	      0.20884360	      0.47626850	     -0.64352682	     -0.23623191	     -0.51302748	      0.11564329	      0.25661963
      0.08981274	     -0.32444641	      0.18743915	      1.01038087	      0.21059697	      0.47279838	     -0.64699328	     -0.23527797	     -0.50778903	      0.11584145	      0.25579558
      0.09097914	     -0.32373978	      0.18968194	      1.01069023	      0.21230297	      0.46924904	     -0.65041231	     -0.23425654	     -0.50250485	      0.11596696	      0.25491277
      0.09214554	     -0.32298866	      0.19192389	      1.01100697	      0.21396443	      0.46562384	     -0.65378477	     -0.23316929	     -0.49717638	      0.11602097	      0.25397401
      0.09331194	     -0.32219553	      0.19416493	      1.01133068	      0.21558433	      0.46192640	     -0.65711152	     -0.23201814	     -0.49180518	      0.11600509	      0.25298218
      0.09447834	     -0.32136292	      0.19640499	      1.01166094	      0.21716570	      0.45816040	     -0.66039344	     -0.23080514	     -0.48639280	      0.11592101	      0.25194021
      0.09564474	     -0.32049342	      0.19864397	      1.01199731	      0.21871169	      0.45432977	     -0.66363141	     -0.22953256	     -0.48094087	      0.11577053	      0.25085113
      0.09681114	     -0.31958970	      0.20088178	      1.01233936	      0.22022551	      0.45043852	     -0.66682633	     -0.22820275	     -0.47545104	      0.11555542	      0.24971802
      0.09797754	     -0.31865450	      0.20311832	      1.01268666	      0.22171049	      0.44649088	     -0.66997909	     -0.22681831	     -0.46992501	      0.11527741	      0.24854402
      0.09914394	     -0.31769061	      0.20535348	      1.01303878	      0.22317000	      0.44249119	     -0.67309059	     -0.22538192	     -0.46436447	      0.11493821	      0.24733234
      0.10031033	     -0.31670090	      0.20758713	      1.01339526	      0.22460752	      0.43844399	     -0.67616174	     -0.22389647	     -0.45877116	      0.11453951	      0.24608624
      0.10147673	     -0.31568826	      0.20981917	      1.01375566	      0.22602657	      0.43435389	     -0.67919348	     -0.22236495	     -0.45314682	      0.11408296	      0.24480905
      0.10264313	     -0.31465566	      0.21204946	      1.01411954	      0.22743077	      0.43022572	     -0.68218670	     -0.22079056	     -0.44749321	      0.11357024	      0.24350411
      0.10380953	     -0.31360609	      0.21427786	      1.01448646	      0.22882376	      0.42606438	     -0.68514233	     -0.21917663	     -0.44181212	      0.11300305	      0.24217482
      0.10497593	     -0.31254257	      0.21650425	      1.01485595	      0.23020921	      0.42187489	     -0.68806128	     -0.21752661	     -0.43610531	      0.11238305	      0.24082460
      0.10614233	     -0.31146813	      0.21872848	      1.01522759	      0.23159082	      0.41766229	     -0.69094444	     -0.21584402	     -0.43037456	      0.11171191	      0.23945685
      0.10730873	     -0.31038579	      0.22095041	      1.01560093	      0.23297226	      0.41343170	     -0.69379268	     -0.21413245	     -0.42462167	      0.11099128	      0.23807498
      0.10847513	     -0.30929855	      0.22316989	      1.01597553	      0.23435719	      0.40918824	     -0.69660684	     -0.21239558	     -0.41884839	      0.11022284	      0.23668238
      0.10964153	     -0.30820941	      0.22538678	      1.01635096	      0.23574923	      0.40493706	     -0.69938775	     -0.21063717	     -0.41305651	      0.10940829	      0.23528239
      0.11080793	     -0.30712134	      0.22760095	      1.01672679	      0.23715197	      0.40068331	     -0.70213617	     -0.20886104	     -0.40724777	      0.10854936	      0.23387834
      0.11197433	     -0.30603720	      0.22981224	      1.01710262	      0.23856888	      0.39643200	     -0.70485285	     -0.20707090	     -0.40142389	      0.10764767	      0.23247345
      0.11314073	     -0.30495980	      0.23202053	      1.01747803	      0.24000332	      0.39218801	     -0.70753842	     -0.20527031	     -0.39558661	      0.10670478	      0.23107086
      0.11430713	     -0.30389178	      0.23422569	      1.01785265	      0.24145842	      0.38795592	     -0.71019347	     -0.20346258	     -0.38973761	      0.10572217	      0.22967354
      0.11547353	     -0.30283571	      0.23642762	      1.01822610	      0.24293721	      0.38374016	     -0.71281848	     -0.20165092	     -0.38387855	      0.10470129	      0.22828438
      0.11663992	     -0.30179402	      0.23862619	      1.01859802	      0.24444252	      0.37954487	     -0.71541387	     -0.19983832	     -0.37801107	      0.10364361	      0.22690611
      0.11780632	     -0.30076903	      0.24082133	      1.01896809	      0.24597703	      0.37537405	     -0.71797997	     -0.19802764	     -0.37213679	      0.10255057	      0.22554139
      0.11897272	     -0.29976295	      0.24301294	      1.01933598	      0.24754325	      0.37123145	     -0.72051702	     -0.19622157	     -0.36625728	      0.10142361	      0.22419270
      0.12013912	     -0.29877788	      0.24520093	      1.01970138	      0.24914355	      0.36712066	     -0.72302521	     -0.19442270	     -0.36037409	      0.10026417	      0.22286243
      0.12130552	     -0.29781578	      0.24738524	      1.02006400	      0.25078009	      0.36304500	     -0.72550464	     -0.19263346	     -0.35448876	      0.09907366	      0.22155281
      0.12247192	     -0.29687852	      0.24956581	      1.02042358	      0.25245492	      0.35900768	     -0.72795533	     -0.19085618	     -0.34860279	      0.09785349	      0.22026601
      0.12363832	     -0.29596784	      0.25174258	      1.02077985	      0.25416988	      0.35501163	     -0.73037723	     -0.18909304	     -0.34271769	      0.09660504	      0.21900399
      0.12480472	     -0.29508536	      0.25391549	      1.02113257	      0.25592669	      0.35105967	     -0.73277025	     -0.18734614	     -0.33683494	      0.09532969	      0.21776865
      0.12597112	     -0.29423257	      0.25608452	      1.02148152	      0.25772684	      0.34715434	     -0.73513418	     -0.18561742	     -0.33095605	      0.09402876	      0.21656168
      0.12713752	     -0.29341084	      0.25824963	      1.02182650	      0.25957171	      0.34329803	     -0.73746880	     -0.18390876	     -0.32508250	      0.09270358	      0.21538469
      0.12830392	     -0.29262138	      0.26041079	      1.02216732	      0.26146245	      0.33949288	     -0.73977379	     -0.18222188	     -0.31921579	      0.09135542	      0.21423911
      0.12947032	     -0.29186531	      0.26256799	      1.02250380	      0.26340007	      0.33574089	     -0.74204877	     -0.18055843	     -0.31335740	      0.08998555	      0.21312625
      0.13063672	     -0.29114356	      0.26472122	      1.02283578	      0.26538533	      0.33204376	     -0.74429333	     -0.17891992	     -0.30750880	      0.08859518	      0.21204720
      0.13180311	     -0.29045694	      0.26687048	      1.02316314	      0.26741889	      0.32840304	     -0.74650696	     -0.17730777	     -0.30167145	      0.08718549	      0.21100297
      0.13296951	     -0.28980608	      0.26901578	      1.02348576	      0.26950109	      0.32482001	     -0.74868913	     -0.17572331	     -0.29584674	      0.08575762	      0.20999430
      0.13413591	     -0.28919148	      0.27115714	      1.02380352	      0.27163218	      0.32129575	     -0.75083921	     -0.17416775	     -0.29003601	      0.08431269	      0.20902185
      0.13530231	     -0.28861343	      0.27329458	      1.02411636	      0.27381207	      0.31783108	     -0.75295655	     -0.17264222	     -0.28424048	      0.08285172	      0.20808601
      0.13646871	     -0.28807209	      0.27542813	      1.02442422	      0.27604056	      0.31442661	     -0.75504040	     -0.17114778	     -0.27846126	      0.08137573	      0.20718702
      0.13763511	     -0.28756738	      0.27755785	      1.02472706	      0.27831709	      0.31108264	     -0.75708997	     -0.16968537	     -0.27269928	      0.07988565	      0.20632489
      0.13880151	     -0.28709909	      0.27968379	      1.02502486	      0.28064098	      0.30779930	     -0.75910441	     -0.16825587	     -0.26695535	      0.07838238	      0.20549944
      0.13996791	     -0.28666676	      0.28180601	      1.02531764	      0.28301119	      0.30457638	     -0.76108280	     -0.16686002	     -0.26123002	      0.07686672	      0.20471025
      0.14113431	     -0.28626980	      0.28392457	      1.02560543	      0.28542654	      0.30141348	     -0.76302417	     -0.16549853	     -0.25552372	      0.07533946	      0.20395673
      0.14230071	     -0.28590740	      0.28603958	      1.02588828	      0.28788553	      0.29830988	     -0.76492751	     -0.16417188	     -0.24983664	      0.07380129	      0.20323804
      0.14346711	     -0.28557860	      0.28815111	      1.02616625	      0.29038653	      0.29526469	     -0.76679175	     -0.16288051	     -0.24416888	      0.07225286	      0.20255322
      0.14463351	     -0.28528230	      0.29025926	      1.02643943	      0.29292769	      0.29227674	     -0.76861581	     -0.16162465	     -0.23852038	      0.07069475	      0.20190109
      0.14579991	     -0.28501730	      0.29236414	      1.02670790	      0.29550705	      0.28934472	     -0.77039859	     -0.16040442	     -0.23289103	      0.06912747	      0.20128041
      0.14696630	     -0.28478230	      0.29446586	      1.02697177	      0.29812251	      0.28646712	     -0.77213896	     -0.15921978	     -0.22728064	      0.06755148	      0.20068981
      0.14813270	     -0.28457595	      0.29656454	      1.02723115	      0.30077193	      0.28364235	     -0.77383581	     -0.15807061	     -0.22168904	      0.06596717	      0.20012788
      0.14929910	     -0.28439688	      0.29866028	      1.02748613	      0.30345315	      0.28086873	     -0.77548804	     -0.15695664	     -0.21611610	      0.06437487	      0.19959318
      0.15046550	     -0.28424372	      0.30075322	      1.02773682	      0.30616400	      0.27814454	     -0.77709456	     -0.15587755	     -0.21056167	      0.06277485	      0.19908427
      0.15163190	     -0.28411512	      0.30284346	      1.02798333	      0.30890234	      0.27546804	     -0.77865431	     -0.15483290	     -0.20502574	      0.06116736	      0.19859976
      0.15279830	     -0.28400977	      0.30493113	      1.02822575	      0.31166608	      0.27283751	     -0.78016625	     -0.15382225	     -0.19950834	      0.05955257	      0.19813827
      0.15396470	     -0.28392643	      0.30701634	      1.02846419	      0.31445323	      0.27025127	     -0.78162937	     -0.15284506	     -0.19400971	      0.05793063	      0.19769853
      0.15513110	     -0.28386390	      0.30909920	      1.02869872	      0.31726185	      0.26770767	     -0.78304269	     -0.15190079	     -0.18853022	      0.05630165	      0.19727932
      0.15629750	     -0.28382108	      0.31117983	      1.02892945	      0.32009016	      0.26520518	     -0.78440526	     -0.15098885	     -0.18307059	      0.05466571	      0.19687953
      0.15746390	     -0.28379692	      0.31325834	      1.02915643	      0.32293638	      0.26274228	     -0.78571615	     -0.15010864	     -0.17763109	      0.05302286	      0.19649811
      0.15863030	     -0.28379047	      0.31533484	      1.02937976	      0.32579885	      0.26031753	     -0.78697445	     -0.14925954	     -0.17221142	      0.05137311	      0.19613410
      0.15979670	     -0.28380083	      0.31740943	      1.02959949	      0.32867603	      0.25792960	     -0.78817931	     -0.14844092	     -0.16681204	      0.04971646	      0.19578664
      0.16096310	     -0.28382723	      0.31948221	      1.02981568	      0.33156655	      0.25557727	     -0.78932993	     -0.14765215	     -0.16143400	      0.04805289	      0.19545501
      0.16212949	     -0.28386897	      0.32155329	      1.03002840	      0.33446908	      0.25325938	     -0.79042557	     -0.14689261	     -0.15607796	      0.04638235	      0.19513853
      0.16329589	     -0.28392540	      0.32362275	      1.03023768	      0.33738244	      0.25097486	     -0.79146550	     -0.14616166	     -0.15074450	      0.04470479	      0.19483664
      0.16446229	     -0.28399598	      0.32569069	      1.03044356	      0.34030549	      0.24872272	     -0.79244905	     -0.14545870	     -0.14543426	      0.04302012	      0.19454884
      0.16562869	     -0.28408024	      0.32775719	      1.03064609	      0.34323724	      0.24650209	     -0.79337556	     -0.14478310	     -0.14014792	      0.04132827	      0.19427476
      0.16679509	     -0.28417774	      0.32982235	      1.03084529	      0.34617675	      0.24431214	     -0.79424441	     -0.14413426	     -0.13488617	      0.03962913	      0.19401407
      0.16796149	     -0.28428817	      0.33188625	      1.03104120	      0.34912320	      0.24215214	     -0.79505502	     -0.14351160	     -0.12964965	      0.03792259	      0.19376653
      0.16912789	     -0.28441123	      0.33394896	      1.03123382	      0.35207579	      0.24002142	     -0.79580680	     -0.14291452	     -0.12443895	      0.03620853	      0.19353196
      0.17029429	     -0.28454669	      0.33601058	      1.03142317	      0.35503384	      0.23791938	     -0.79649923	     -0.14234248	     -0.11925462	      0.03448683	      0.19331027
      0.17146069	     -0.28469438	      0.33807116	      1.03160928	      0.35799670	      0.23584548	     -0.79713178	     -0.14179490	     -0.11409726	      0.03275737	      0.19310138
      0.17262709	     -0.28485416	      0.34013080	      1.03179214	      0.36096380	      0.23379925	     -0.79770394	     -0.14127125	     -0.10896770	      0.03101998	      0.19290531
      0.17379349	     -0.28502595	      0.34218957	      1.03197177	      0.36393463	      0.23178025	     -0.79821521	     -0.14077099	     -0.10386695	      0.02927454	      0.19272210
      0.17495989	     -0.28520969	      0.34424752	      1.03214817	      0.36690868	      0.22978810	     -0.79866510	     -0.14029360	     -0.09879600	      0.02752088	      0.19255183
      0.17612629	     -0.28540533	      0.34630475	      1.03232133	      0.36988550	      0.22782242	     -0.79905315	     -0.13983857	     -0.09375567	      0.02575885	      0.19239461
      0.17729269	     -0.28561284	      0.34836131	      1.03249127	      0.37286462	      0.22588285	     -0.79937889	     -0.13940537	     -0.08874647	      0.02398829	      0.19225055
      0.17845908	     -0.28583220	      0.35041728	      1.03265798	      0.37584559	      0.22396904	     -0.79964186	     -0.13899348	     -0.08376881	      0.02220904	      0.19211976
      0.17962548	     -0.28606336	      0.35247272	      1.03282146	      0.37882793	      0.22208063	     -0.79984161	     -0.13860239	     -0.07882295	      0.02042092	      0.19200237
      0.18079188	     -0.28630632	      0.35452772	      1.03298172	      0.38181120	      0.22021728	     -0.79997768	     -0.13823159	     -0.07390921	      0.01862377	      0.19189849
      0.18195828	     -0.28656104	      0.35658234	      1.03313874	      0.38479492	      0.21837864	     -0.80004961	     -0.13788056	     -0.06902794	      0.01681739	      0.19180825
      0.18312468	     -0.28682750	      0.35863664	      1.03329255	      0.38777864	      0.21656434	     -0.80005693	     -0.13754879	     -0.06417959	      0.01500162	      0.19173177
      0.18429108	     -0.28710565	      0.36069071	      1.03344312	      0.39076187	      0.21477405	     -0.79999917	     -0.13723576	     -0.05936467	      0.01317626	      0.19166915
      0.18545748	     -0.28739547	      0.36274461	      1.03359048	      0.39374413	      0.21300738	     -0.79987583	     -0.13694095	     -0.05458376	      0.01134112	      0.19162050
      0.18662388	     -0.28769690	      0.36479841	      1.03373461	      0.39672492	      0.21126398	     -0.79968644	     -0.13666387	     -0.04983746	      0.00949600	      0.19158591
      0.18779028	     -0.28800989	      0.36685218	      1.03387552	      0.39970372	      0.20954346	     -0.79943048	     -0.13640398	     -0.04512633	      0.00764070	      0.19156548
      0.18895668	     -0.28833436	      0.36890600	      1.03401322	      0.40268001	      0.20784542	     -0.79910746	     -0.13616079	     -0.04045077	      0.00577502	      0.19155926
      0.19012308	     -0.28867022	      0.37095994	      1.03414771	      0.40565320	      0.20616945	     -0.79871685	     -0.13593379	     -0.03581101	      0.00389876	      0.19156731
      0.19128948	     -0.28901738	      0.37301407	      1.03427899	      0.40862272	      0.20451512	     -0.79825814	     -0.13572245	     -0.03120698	      0.00201171	      0.19158966
      0.19245588	     -0.28937571	      0.37506847	      1.03440708	      0.41158796	      0.20288199	     -0.79773080	     -0.13552628	     -0.02663851	      0.00011367	      0.19162634
      0.19362227	     -0.28974510	      0.37712320	      1.03453198	      0.41454829	      0.20126962	     -0.79713429	     -0.13534478	     -0.02210552	     -0.00179558	      0.19167734
      0.19478867	     -0.29012544	      0.37917835	      1.03465368	      0.41750313	      0.19967759	     -0.79646806	     -0.13517746	     -0.01760822	     -0.00371624	      0.19174271
      0.19595507	     -0.29051662	      0.38123398	      1.03477221	      0.42045185	      0.19810548	     -0.79573154	     -0.13502383	     -0.01314703	     -0.00564855	      0.19182245
      0.19712147	     -0.29091853	      0.38329017	      1.03488757	      0.42339384	      0.19655287	     -0.79492416	     -0.13488344	     -0.00872243	     -0.00759270	      0.19191660
      0.19828787	     -0.29133104	      0.38534699	      1.03499976	      0.42632850	      0.19501935	     -0.79404536	     -0.13475582	     -0.00433475	     -0.00954893	      0.19202516
      0.19945427	     -0.29175405	      0.38740451	      1.03510879	      0.42925519	      0.19350450	     -0.79309453	     -0.13464052	      0.00001572	     -0.01151744	      0.19214816
      0.20062067	     -0.29218743	      0.38946280	      1.03521467	      0.43217328	      0.19200794	     -0.79207110	     -0.13453710	      0.00432883	     -0.01349846	      0.19228560
      0.20178707	     -0.29263107	      0.39152194	      1.03531740	      0.43508212	      0.19052924	     -0.79097446	     -0.13444514	      0.00860439	     -0.01549221	      0.19243749
      0.20295347	     -0.29308484	      0.39358200	      1.03541699	      0.43798109	      0.18906802	     -0.78980402	     -0.13436423	      0.01284217	     -0.01749891	      0.19260384
      0.20411987	     -0.29354863	      0.39564304	      1.03551345	      0.44086954	      0.18762391	     -0.78855916	     -0.13429396	      0.01704193	     -0.01951877	      0.19278466
      0.20528627	     -0.29402231	      0.39770514	      1.03560677	      0.44374683	      0.18619652	     -0.78723926	     -0.13423395	      0.02120360	     -0.02155202	      0.19297997
      0.20645267	     -0.29450577	      0.39976838	      1.03569697	      0.44661228	      0.18478547	     -0.78584369	     -0.13418382	      0.02532757	     -0.02359887	      0.19318976
      0.20761907	     -0.29499888	      0.40183281	      1.03578406	      0.44946527	      0.18339041	     -0.78437186	     -0.13414321	      0.02941336	     -0.02565954	      0.19341405
      0.20878546	     -0.29550156	      0.40389851	      1.03586802	      0.45230526	      0.18201103	     -0.78282325	     -0.13411179	      0.03345954	     -0.02773425	      0.19365288
      0.20995186	     -0.29601370	      0.40596555	      1.03594888	      0.45513162	      0.18064700	     -0.78119729	     -0.13408924	      0.03746586	     -0.02982320	      0.19390625
      0.21111826	     -0.29653518	      0.40803399	      1.03602663	      0.45794368	      0.17929797	     -0.77949335	     -0.13407522	      0.04143270	     -0.03192663	      0.19417416
      0.21228466	     -0.29706587	      0.41010390	      1.03610128	      0.46074081	      0.17796361	     -0.77771082	     -0.13406944	      0.04535989	     -0.03404473	      0.19445663
      0.21345106	     -0.29760567	      0.41217534	      1.03617282	      0.46352236	      0.17664361	     -0.77584908	     -0.13407159	      0.04924714	     -0.03617773	      0.19475366
      0.21461746	     -0.29815448	      0.41424840	      1.03624127	      0.46628773	      0.17533768	     -0.77390751	     -0.13408143	      0.05309390	     -0.03832584	      0.19506529
      0.21578386	     -0.29871218	      0.41632313	      1.03630663	      0.46903629	      0.17404554	     -0.77188551	     -0.13409867	      0.05689964	     -0.04048927	      0.19539152
      0.21695026	     -0.29927869	      0.41839959	      1.03636889	      0.47176742	      0.17276691	     -0.76978249	     -0.13412309	      0.06066375	     -0.04266823	      0.19573237
      0.21811666	     -0.29985388	      0.42047785	      1.03642807	      0.47448052	      0.17150151	     -0.76759785	     -0.13415444	      0.06438563	     -0.04486293	      0.19608786
      0.21928306	     -0.30043766	      0.42255798	      1.03648415	      0.47717497	      0.17024907	     -0.76533103	     -0.13419252	      0.06806464	     -0.04707356	      0.19645799
      0.22044946	     -0.30102989	      0.42464004	      1.03653715	      0.47985016	      0.16900933	     -0.76298146	     -0.13423713	      0.07170012	     -0.04930033	      0.19684275
      0.22161586	     -0.30163047	      0.42672410	      1.03658707	      0.48250546	      0.16778202	     -0.76054860	     -0.13428806	      0.07529134	     -0.05154344	      0.19724214
      0.22278226	     -0.30223926	      0.42881021	      1.03663390	      0.48514028	      0.16656688	     -0.75803192	     -0.13434516	      0.07883756	     -0.05380309	      0.19765615
      0.22394865	     -0.30285613	      0.43089843	      1.03667765	      0.48775399	      0.16536365	     -0.75543091	     -0.13440824	      0.08233794	     -0.05607945	      0.19808474
      0.22511505	     -0.30348094	      0.43298884	      1.03671831	      0.49034597	      0.16417206	     -0.75274506	     -0.13447717	      0.08579161	     -0.05837273	      0.19852787
      0.22628145	     -0.30411353	      0.43508149	      1.03675590	      0.49291561	      0.16299183	     -0.74997392	     -0.13455181	      0.08919763	     -0.06068310	      0.19898550
      0.22744785	     -0.30475374	      0.43717644	      1.03679042	      0.49546228	      0.16182270	     -0.74711703	     -0.13463202	      0.09255502	     -0.06301075	      0.19945755
      0.22861425	     -0.30540137	      0.43927375	      1.03682186	      0.49798535	      0.16066437	     -0.74417395	     -0.13471771	      0.09586272	     -0.06535586	      0.19994393
      0.22978065	     -0.30605625	      0.44137349	      1.03685023	      0.50048418	      0.15951656	     -0.74114429	     -0.13480876	      0.09911964	     -0.06771858	      0.20044455
      0.23094705	     -0.30671817	      0.44347571	      1.03687553	      0.50295812	      0.15837898	     -0.73802766	     -0.13490509	      0.10232461	     -0.07009910	      0.20095927
      0.23211345	     -0.30738689	      0.44558048	      1.03689777	      0.50540653	      0.15725130	     -0.73482371	     -0.13500664	      0.10547642	     -0.07249757	      0.20148797
      0.23327985	     -0.30806216	      0.44768785	      1.03691696	      0.50782873	      0.15613320	     -0.73153211	     -0.13511332	      0.10857380	     -0.07491416	      0.20203045
      0.23444625	     -0.30874374	      0.44979788	      1.03693308	      0.51022406	      0.15502436	     -0.72815257	     -0.13522511	      0.11161545	     -0.07734901	      0.20258655
      0.23561265	     -0.30943134	      0.45191063	      1.03694617	      0.51259184	      0.15392442	     -0.72468482	     -0.13534195	      0.11459999	     -0.07980227	      0.20315603
      0.23677905	     -0.31012465	      0.45402617	      1.03695621	      0.51493138	      0.15283302	     -0.72112862	     -0.13546384	      0.11752601	     -0.08227408	      0.20373867
      0.23794545	     -0.31082335	      0.45614454	      1.03696321	      0.51724197	      0.15174978	     -0.71748378	     -0.13559077	      0.12039206	     -0.08476459	      0.20433418
      0.23911185	     -0.31152710	      0.45826582	      1.03696720	      0.51952291	      0.15067431	     -0.71375012	     -0.13572273	      0.12319665	     -0.08727391	      0.20494229
      0.24027824	     -0.31223553	      0.46039005	      1.03696816	      0.52177348	      0.14960622	     -0.70992751	     -0.13585976	      0.12593824	     -0.08980218	      0.20556267
      0.24144464	     -0.31294826	      0.46251730	      1.03696612	      0.52399293	      0.14854507	     -0.70601585	     -0.13600188	      0.12861526	     -0.09234952	      0.20619498
      0.24261104	     -0.31366487	      0.46464762	      1.03696108	      0.52618053	      0.14749044	     -0.70201509	     -0.13614916	      0.13122612	     -0.09491602	      0.20683883
      0.24377744	     -0.31438493	      0.46678107	      1.03695306	      0.52833553	      0.14644186	     -0.69792517	     -0.13630165	      0.13376918	     -0.09750181	      0.20749382
      0.24494384	     -0.31510798	      0.46891771	      1.03694206	      0.53045713	      0.14539887	     -0.69374612	     -0.13645945	      0.13624280	     -0.10010697	      0.20815951
      0.24611024	     -0.31583354	      0.47105760	      1.03692810	      0.53254458	      0.14436097	     -0.68947798	     -0.13662264	      0.13864530	     -0.10273161	      0.20883544
      0.24727664	     -0.31656108	      0.47320080	      1.03691120	      0.53459705	      0.14332765	     -0.68512083	     -0.13679136	      0.14097499	     -0.10537580	      0.20952109
      0.24844304	     -0.31729008	      0.47534736	      1.03689136	      0.53661374	      0.14229839	     -0.68067477	     -0.13696573	      0.14323018	     -0.10803962	      0.21021594
      0.24960944	     -0.31801996	      0.47749734	      1.03686861	      0.53859382	      0.14127265	     -0.67613996	     -0.13714590	      0.14540915	     -0.11072315	      0.21091941
      0.25077584	     -0.31875015	      0.47965079	      1.03684297	      0.54053644	      0.14024987	     -0.67151656	     -0.13733206	      0.14751019	     -0.11342644	      0.21163092
      0.25194224	     -0.31948003	      0.48180779	      1.03681444	      0.54244075	      0.13922947	     -0.66680481	     -0.13752439	      0.14953160	     -0.11614955	      0.21234983
      0.25310864	     -0.32020897	      0.48396838	      1.03678305	      0.54430588	      0.13821087	     -0.66200493	     -0.13772311	      0.15147166	     -0.11889254	      0.21307550
      0.25427504	     -0.32093631	      0.48613262	      1.03674882	      0.54613095	      0.13719347	     -0.65711720	     -0.13792845	      0.15332869	     -0.12165545	      0.21380723
      0.25544143	     -0.32166139	      0.48830056	      1.03671176	      0.54791508	      0.13617669	     -0.65214192	     -0.13814068	      0.15510099	     -0.12443831	      0.21454434
      0.25660783	     -0.32238351	      0.49047227	      1.03667190	      0.54965737	      0.13515991	     -0.64707942	     -0.13836010	      0.15678690	     -0.12724115	      0.21528608
      0.25777423	     -0.32310198	      0.49264780	      1.03662926	      0.55135694	      0.13414254	     -0.64193005	     -0.13858701	      0.15838477	     -0.13006399	      0.21603173
      0.25894063	     -0.32381609	      0.49482721	      1.03658385	      0.55301290	      0.13312400	     -0.63669418	     -0.13882176	      0.15989300	     -0.13290685	      0.21678054
      0.26010703	     -0.32452514	      0.49701054	      1.03653569	      0.55462434	      0.13210370	     -0.63137221	     -0.13906474	      0.16130998	     -0.13576974	      0.21753175
      0.26127343	     -0.32522841	      0.49919785	      1.03648481	      0.55619041	      0.13108110	     -0.62596454	     -0.13931636	      0.16263418	     -0.13865266	      0.21828460
      0.26243983	     -0.32592520	      0.50138920	      1.03643122	      0.55771024	      0.13005566	     -0.62047159	     -0.13957707	      0.16386408	     -0.14155560	      0.21903834
      0.26360623	     -0.32661483	      0.50358463	      1.03637492	      0.55918299	      0.12902692	     -0.61489378	     -0.13984737	      0.16499825	     -0.14447855	      0.21979224
      0.26477263	     -0.32729664	      0.50578420	      1.03631594	      0.56060785	      0.12799442	     -0.60923157	     -0.14012779	      0.16603529	     -0.14742150	      0.22054559
      0.26593903	     -0.32797000	      0.50798794	      1.03625429	      0.56198407	      0.12695780	     -0.60348537	     -0.14041892	      0.16697388	     -0.15038442	      0.22129771
      0.26710543	     -0.32863433	      0.51019591	      1.03618996	      0.56331092	      0.12591676	     -0.59765562	     -0.14072140	      0.16781277	     -0.15336729	      0.22204798
      0.26827183	     -0.32928909	      0.51240814	      1.03612297	      0.56458774	      0.12487110	     -0.59174274	     -0.14103591	      0.16855083	     -0.15637006	      0.22279584
      0.26943823	     -0.32993380	      0.51462468	      1.03605330	      0.56581394	      0.12382068	     -0.58574716	     -0.14136322	      0.16918698	     -0.15939269	      0.22354078
      0.27060462	     -0.33056807	      0.51684555	      1.03598094	      0.56698900	      0.12276553	     -0.57966925	     -0.14170414	      0.16972031	     -0.16243514	      0.22428238
      0.27177102	     -0.33119157	      0.51907079	      1.03590589	      0.56811246	      0.12170573	     -0.57350939	     -0.14205955	      0.17014998	     -0.16549735	      0.22502030
      0.27293742	     -0.33180406	      0.52130043	      1.03582812	      0.56918397	      0.12064156	     -0.56726790	     -0.14243041	      0.17047532	     -0.16857928	      0.22575431
      0.27410382	     -0.33240533	      0.52353449	      1.03574759	      0.57020321	      0.11957333	     -0.56094506	     -0.14281772	      0.17069576	     -0.17168085	      0.22648424
      0.27527022	     -0.33299532	      0.52577300	      1.03566429	      0.57116994	      0.11850154	     -0.55454108	     -0.14322259	      0.17081094	     -0.17480200	      0.22721000
      0.27643662	     -0.33357395	      0.52801596	      1.03557817	      0.57208396	      0.11742674	     -0.54805612	     -0.14364616	      0.17082059	     -0.17794266	      0.22793160
      0.27760302	     -0.33414128	      0.53026341	      1.03548919	      0.57294509	      0.11634962	     -0.54149023	     -0.14408965	      0.17072469	     -0.18110278	      0.22864911
      0.27876942	     -0.33469735	      0.53251535	      1.03539730	      0.57375321	      0.11527095	     -0.53484339	     -0.14455434	      0.17052331	     -0.18428229	      0.22936263
      0.27993582	     -0.33524232	      0.53477179	      1.03530246	      0.57450819	      0.11419159	     -0.52811545	     -0.14504158	      0.17021677	     -0.18748111	      0.23007239
      0.28110222	     -0.33577637	      0.53703275	      1.03520460	      0.57520997	      0.11311250	     -0.52130619	     -0.14555278	      0.16980551	     -0.19069917	      0.23077864
      0.28226862	     -0.33629977	      0.53929824	      1.03510368	      0.57585848	      0.11203476	     -0.51441527	     -0.14608942	      0.16929022	     -0.19393642	      0.23148172
      0.28343502	     -0.33681281	      0.54156826	      1.03499962	      0.57645372	      0.11095953	     -0.50744226	     -0.14665303	      0.16867172	     -0.19719276	      0.23218204
      0.28460142	     -0.33731590	      0.54384281	      1.03489235	      0.57699571	      0.10988807	     -0.50038661	     -0.14724521	      0.16795108	     -0.20046814	      0.23288008
      0.28576781	     -0.33780943	      0.54612190	      1.03478181	      0.57748448	      0.10882173	     -0.49324769	     -0.14786763	      0.16712950	     -0.20376248	      0.23357637
      0.28693421	     -0.33829385	      0.54840552	      1.03466791	      0.57792001	      0.10776187	     -0.48602474	     -0.14852197	      0.16620846	     -0.20707571	      0.23427144
      0.28810061	     -0.33876957	      0.55069369	      1.03455059	      0.57830229	      0.10670988	     -0.47871691	     -0.14920998	      0.16518954	     -0.21040777	      0.23496584
      0.28926701	     -0.33923697	      0.55298640	      1.03442977	      0.57863116	      0.10566712	     -0.47132320	     -0.14993341	      0.16407459	     -0.21375862	      0.23566004
      0.29043341	     -0.33969638	      0.55528367	      1.03430539	      0.57890639	      0.10463489	     -0.46384253	     -0.15069405	      0.16286558	     -0.21712820	      0.23635446
      0.29159981	     -0.34014799	      0.55758550	      1.03417737	      0.57912758	      0.10361438	     -0.45627366	     -0.15149368	      0.16156471	     -0.22051650	      0.23704939
      0.29276621	     -0.34059195	      0.55989190	      1.03404567	      0.57929418	      0.10260667	     -0.44861528	     -0.15233409	      0.16017431	     -0.22392351	      0.23774503
      0.29393261	     -0.34102819	      0.56220290	      1.03391024	      0.57940545	      0.10161271	     -0.44086596	     -0.15321707	      0.15869688	     -0.22734923	      0.23844137
      0.29509901	     -0.34145661	      0.56451853	      1.03377103	      0.57946050	      0.10063330	     -0.43302420	     -0.15414440	      0.15713507	     -0.23079369	      0.23913830
      0.29626541	     -0.34187687	      0.56683880	      1.03362801	      0.57945821	      0.09966908	     -0.42508843	     -0.15511786	      0.15549167	     -0.23425695	      0.23983552
      0.29743181	     -0.34228857	      0.56916376	      1.03348116	      0.57939736	      0.09872056	     -0.41705706	     -0.15613923	      0.15376960	     -0.23773906	      0.24053259
      0.29859821	     -0.34269112	      0.57149345	      1.03333046	      0.57927652	      0.09778809	     -0.40892847	     -0.15721028	      0.15197192	     -0.24124011	      0.24122886
      0.29976461	     -0.34308385	      0.57382789	      1.03317590	      0.57909418	      0.09687191	     -0.40070107	     -0.15833279	      0.15010181	     -0.24476021	      0.24192362
      0.30093100	     -0.34346595	      0.57616714	      1.03301747	      0.57884871	      0.09597214	     -0.39237335	     -0.15950852	      0.14816261	     -0.24829950	      0.24261593
      0.30209740	     -0.34383655	      0.57851123	      1.03285516	      0.57853841	      0.09508881	     -0.38394389	     -0.16073928	      0.14615772	     -0.25185812	      0.24330484
      0.30326380	     -0.34419467	      0.58086021	      1.03268898	      0.57816159	      0.09422190	     -0.37541147	     -0.16202686	      0.14409077	     -0.25543625	      0.24398922
      0.30443020	     -0.34453935	      0.58321413	      1.03251891	      0.57771653	      0.09337136	     -0.36677502	     -0.16337312	      0.14196545	     -0.25903408	      0.24466797
      0.30559660	     -0.34486957	      0.58557300	      1.03234496	      0.57720166	      0.09253720	     -0.35803384	     -0.16477992	      0.13978563	     -0.26265184	      0.24533992
      0.30676300	     -0.34518438	      0.58793687	      1.03216710	      0.57661549	      0.09171944	     -0.34918750	     -0.16624918	      0.13755530	     -0.26628976	      0.24600395
      0.30792940	     -0.34548291	      0.59030575	      1.03198531	      0.57595683	      0.09091830	     -0.34023615	     -0.16778290	      0.13527864	     -0.26994810	      0.24665903
      0.30909580	     -0.34576438	      0.59267966	      1.03179956	      0.57522469	      0.09013409	     -0.33118032	     -0.16938312	      0.13295995	     -0.27362714	      0.24730423
      0.31026220	     -0.34602822	      0.59505858	      1.03160979	      0.57441855	      0.08936746	     -0.32202144	     -0.17105200	      0.13060378	     -0.27732720	      0.24793882
      0.31142860	     -0.34627400	      0.59744251	      1.03141593	      0.57353817	      0.08861921	     -0.31276149	     -0.17279174	      0.12821482	     -0.28104859	      0.24856225
      0.31259500	     -0.34650159	      0.59983139	      1.03121790	      0.57258400	      0.08789056	     -0.30340370	     -0.17460469	      0.12579804	     -0.28479169	      0.24917426
      0.31376140	     -0.34671101	      0.60222518	      1.03101558	      0.57155681	      0.08718294	     -0.29395202	     -0.17649324	      0.12335854	     -0.28855688	      0.24977477
      0.31492780	     -0.34690265	      0.60462380	      1.03080885	      0.57045817	      0.08649826	     -0.28441201	     -0.17845993	      0.12090159	     -0.29234461	      0.25036408
      0.31609420	     -0.34707709	      0.60702715	      1.03059755	      0.56929009	      0.08583869	     -0.27479015	     -0.18050736	      0.11843246	     -0.29615536	      0.25094270
      0.31726059	     -0.34723532	      0.60943511	      1.03038151	      0.56805547	      0.08520692	     -0.26509478	     -0.18263825	      0.11595613	     -0.29998969	      0.25151156
      0.31842699	     -0.34737852	      0.61184752	      1.03016055	      0.56675767	      0.08460593	     -0.25533523	     -0.18485541	      0.11347731	     -0.30384821	      0.25207186
      0.31959339	     -0.34750836	      0.61426422	      1.02993445	      0.56540101	      0.08403927	     -0.24552267	     -0.18716175	      0.11099971	     -0.30773165	      0.25262522
      0.32075979	     -0.34762670	      0.61668499	      1.02970297	      0.56399024	      0.08351078	     -0.23566915	     -0.18956023	      0.10852637	     -0.31164080	      0.25317353
      0.32192619	     -0.34773582	      0.61910962	      1.02946587	      0.56253093	      0.08302479	     -0.22578812	     -0.19205390	      0.10605875	     -0.31557662	      0.25371911
      0.32309259	     -0.34783813	      0.62153786	      1.02922289	      0.56102896	      0.08258586	     -0.21589353	     -0.19464581	      0.10359741	     -0.31954015	      0.25426443
      0.32425899	     -0.34793628	      0.62396945	      1.02897377	      0.55949060	      0.08219873	     -0.20599992	     -0.19733898	      0.10114142	     -0.32353266	      0.25481216
      0.32542539	     -0.34803288	      0.62640412	      1.02871825	      0.55792216	      0.08186817	     -0.19612186	     -0.20013635	      0.09868917	     -0.32755551	      0.25536497
      0.32659179	     -0.34813035	      0.62884160	      1.02845609	      0.55632968	      0.08159860	     -0.18627345	     -0.20304066	      0.09623827	     -0.33161038	      0.25592526
      0.32775819	     -0.34823086	      0.63128163	      1.02818708	      0.55471885	      0.08139411	     -0.17646837	     -0.20605443	      0.09378614	     -0.33569907	      0.25649516
      0.32892459	     -0.34833569	      0.63372399	      1.02791105	      0.55309414	      0.08125763	     -0.16671906	     -0.20917974	      0.09133032	     -0.33982373	      0.25707573
      0.33009099	     -0.34844542	      0.63616849	      1.02762791	      0.55145909	      0.08119118	     -0.15703725	     -0.21241837	      0.08886860	     -0.34398664	      0.25766728
      0.33125739	     -0.34855891	      0.63861499	      1.02733768	      0.54981501	      0.08119458	     -0.14743313	     -0.21577138	      0.08639949	     -0.34819043	      0.25826810
      0.33242378	     -0.34867395	      0.64106342	      1.02704044	      0.54816178	      0.08126627	     -0.13791616	     -0.21923942	      0.08392199	     -0.35243789	      0.25887526
      0.33359018	     -0.34878596	      0.64351378	      1.02673645	      0.54649632	      0.08140172	     -0.12849438	     -0.22282227	      0.08143626	     -0.35673218	      0.25948311
      0.33475658	     -0.34888908	      0.64596615	      1.02642607	      0.54481393	      0.08159478	     -0.11917524	     -0.22651924	      0.07894315	     -0.36107662	      0.26008451
      0.33592298	     -0.34897499	      0.64842068	      1.02610979	      0.54310684	      0.08183620	     -0.10996521	     -0.23032874	      0.07644541	     -0.36547490	      0.26066952
      0.33708938	     -0.34903418	      0.65087761	      1.02578823	      0.54136581	      0.08211521	     -0.10087038	     -0.23424877	      0.07394699	     -0.36993085	      0.26122679
      0.33825578	     -0.34905511	      0.65333721	      1.02546211	      0.53957909	      0.08241850	     -0.09189635	     -0.23827656	      0.07145483	     -0.37444860	      0.26174266
      0.33942218	     -0.34902539	      0.65579983	      1.02513223	      0.53773392	      0.08273169	     -0.08304859	     -0.24240903	      0.06897764	     -0.37903239	      0.26220249
      0.34058858	     -0.34893169	      0.65826584	      1.02479944	      0.53581632	      0.08303915	     -0.07433260	     -0.24664269	      0.06652738	     -0.38368668	      0.26259055
      0.34175498	     -0.34876054	      0.66073561	      1.02446460	      0.53381219	      0.08332509	     -0.06575399	     -0.25097396	      0.06411757	     -0.38841599	      0.26289094
      0.34292138	     -0.34849887	      0.66320948	      1.02412854	      0.53170786	      0.08357411	     -0.05731883	     -0.25539920	      0.06176387	     -0.39322496	      0.26308823
      0.34408778	     -0.34813414	      0.66568780	      1.02379206	      0.52949033	      0.08377146	     -0.04903353	     -0.25991489	      0.05948258	     -0.39811829	      0.26316760
      0.34525418	     -0.34765536	      0.66817082	      1.02345584	      0.52714844	      0.08390420	     -0.04090532	     -0.26451774	      0.05728992	     -0.40310079	      0.26311599
      0.34642058	     -0.34705255	      0.67065873	      1.02312050	      0.52467223	      0.08396057	     -0.03294194	     -0.26920467	      0.05520140	     -0.40817733	      0.26292148
      0.34758697	     -0.34631818	      0.67315166	      1.02278650	      0.52205471	      0.08393170	     -0.02515236	     -0.27397290	      0.05322959	     -0.41335303	      0.26257500
      0.34875337	     -0.34544620	      0.67564963	      1.02245419	      0.51929069	      0.08381040	     -0.01754629	     -0.27881977	      0.05138486	     -0.41863320	      0.26206915
      0.34991977	     -0.34443376	      0.67815255	      1.02212374	      0.51637882	      0.08359315	     -0.01013520	     -0.28374287	      0.04967146	     -0.42402355	      0.26140022
      0.35108617	     -0.34327974	      0.68066024	      1.02179518	      0.51331985	      0.08327839	     -0.00293154	     -0.28873990	      0.04808979	     -0.42952999	      0.26056650
      0.35225257	     -0.34198652	      0.68317238	      1.02146835	      0.51011882	      0.08286852	      0.00404984	     -0.29380865	      0.04663102	     -0.43515886	      0.25957027
      0.35341897	     -0.34055826	      0.68568857	      1.02114298	      0.50678296	      0.08236794	      0.01079267	     -0.29894699	      0.04528097	     -0.44091671	      0.25841590
      0.35458537	     -0.33900248	      0.68820828	      1.02081861	      0.50332367	      0.08178477	      0.01727749	     -0.30415276	      0.04401410	     -0.44681053	      0.25711160
      0.35575177	     -0.33732827	      0.69073091	      1.02049469	      0.49975431	      0.08112889	      0.02348293	     -0.30942381	      0.04279891	     -0.45284743	      0.25566738
      0.35691817	     -0.33554748	      0.69325574	      1.02017056	      0.49609195	      0.08041321	      0.02938313	     -0.31475794	      0.04159321	     -0.45903487	      0.25409645
      0.35808457	     -0.33367321	      0.69578200	      1.01984548	      0.49235526	      0.07965201	      0.03494958	     -0.32015292	      0.04034998	     -0.46538042	      0.25241336
      0.35925097	     -0.33172051	      0.69830884	      1.01951869	      0.48856591	      0.07886175	      0.04014771	     -0.32560645	      0.03901488	     -0.47189192	      0.25063494
      0.36041737	     -0.32970524	      0.70083533	      1.01918939	      0.48474684	      0.07805973	      0.04493955	     -0.33111617	      0.03753100	     -0.47857747	      0.24877890
      0.36158377	     -0.32764423	      0.70336056	      1.01885685	      0.48092273	      0.07726378	      0.04928033	     -0.33667814	      0.03583755	     -0.48544635	      0.24686404
      0.36275016	     -0.32555442	      0.70588359	      1.01852040	      0.47711872	      0.07649135	      0.05312183	     -0.34228697	      0.03387236	     -0.49250870	      0.24490934
      0.36391656	     -0.32345285	      0.70840353	      1.01817950	      0.47336031	      0.07575882	      0.05641051	     -0.34793420	      0.03156983	     -0.49977558	      0.24293393
      0.36508296	     -0.32135644	      0.71091951	      1.01783374	      0.46967290	      0.07508186	      0.05909093	     -0.35360986	      0.02886234	     -0.50725793	      0.24095683
      0.36624936	     -0.31928302	      0.71343056	      1.01748281	      0.46608276	      0.07447832	      0.06110754	     -0.35930719	      0.02567929	     -0.51496337	      0.23899799
      0.36741576	     -0.31725132	      0.71593560	      1.01712641	      0.46261695	      0.07396860	      0.06240674	     -0.36502369	      0.02194945	     -0.52289765	      0.23707814
      0.36858216	     -0.31527982	      0.71843350	      1.01676438	      0.45930065	      0.07357414	      0.06294701	     -0.37076003	      0.01761309	     -0.53106922	      0.23521762
      0.36974856	     -0.31338593	      0.72092319	      1.01639672	      0.45615648	      0.07331498	      0.06269716	     -0.37651604	      0.01262314	     -0.53948962	      0.23343552
      0.37091496	     -0.31158419	      0.72340375	      1.01602366	      0.45320043	      0.07320737	      0.06165301	     -0.38228970	      0.00698146	     -0.54817675	      0.23174774
      0.37208136	     -0.30987884	      0.72587504	      1.01564561	      0.45042626	      0.07325375	      0.05990187	     -0.38807491	      0.00097431	     -0.55715017	      0.23015915
      0.37324776	     -0.30825152	      0.72833857	      1.01526328	      0.44777734	      0.07342663	      0.05773805	     -0.39385813	     -0.00456435	     -0.56642460	      0.22865037
      0.37441416	     -0.30669044	      0.73079530	      1.01487754	      0.44520988	      0.07370770	      0.05540363	     -0.39962917	     -0.00908825	     -0.57601093	      0.22720896
      0.37558056	     -0.30520384	      0.73324461	      1.01448948	      0.44272389	      0.07410712	      0.05295721	     -0.40539073	     -0.01273559	     -0.58586756	      0.22584370
      0.37674696	     -0.30380131	      0.73568573	      1.01410030	      0.44032362	      0.07463771	      0.05043661	     -0.41114998	     -0.01568565	     -0.59591142	      0.22456473
      0.37791336	     -0.30249099	      0.73811796	      1.01371134	      0.43801323	      0.07531107	      0.04787078	     -0.41691569	     -0.01807493	     -0.60604267	      0.22338051
      0.37907975	     -0.30128025	      0.74054059	      1.01332397	      0.43579701	      0.07613768	      0.04528281	     -0.42269566	     -0.02000840	     -0.61617179	      0.22229858
      0.38024615	     -0.30017514	      0.74295296	      1.01293959	      0.43367953	      0.07712658	      0.04268548	     -0.42850001	     -0.02153754	     -0.62618298	      0.22132491
      0.38141255	     -0.29918099	      0.74535438	      1.01255956	      0.43166520	      0.07828614	      0.04008811	     -0.43434136	     -0.02269946	     -0.63593253	      0.22046455
      0.38257895	     -0.29830216	      0.74774424	      1.01218527	      0.42975888	      0.07962375	      0.03748983	     -0.44023428	     -0.02345820	     -0.64525677	      0.21972148
      0.38374535	     -0.29754325	      0.75012184	      1.01181812	      0.42796680	      0.08114708	      0.03487976	     -0.44619309	     -0.02369624	     -0.65399841	      0.21909987
      0.38491175	     -0.29690974	      0.75248648	      1.01145962	      0.42629682	      0.08286464	      0.03223461	     -0.45222925	     -0.02320256	     -0.66203494	      0.21860488
      0.38607815	     -0.29640713	      0.75483746	      1.01111139	      0.42475576	      0.08478465	      0.02953423	     -0.45835150	     -0.02179237	     -0.66927160	      0.21824180
      0.38724455	     -0.29603829	      0.75717433	      1.01077515	      0.42334454	      0.08691126	      0.02677894	     -0.46456297	     -0.01943309	     -0.67566230	      0.21801317
      0.38841095	     -0.29580367	      0.75949681	      1.01045261	      0.42206022	      0.08924522	      0.02398137	     -0.47086396	     -0.01618402	     -0.68118246	      0.21791897
      0.38957735	     -0.29569922	      0.76180495	      1.01014534	      0.42089463	      0.09178106	      0.02116486	     -0.47725029	     -0.01219698	     -0.68584176	      0.21795435
      0.39074375	     -0.29571880	      0.76409892	      1.00985480	      0.41983793	      0.09451046	      0.01835311	     -0.48371609	     -0.00763647	     -0.68966293	      0.21811217
      0.39191015	     -0.29585307	      0.76637914	      1.00958222	      0.41887810	      0.09742082	      0.01556653	     -0.49025283	     -0.00266010	     -0.69269085	      0.21838186
      0.39307655	     -0.29609159	      0.76864608	      1.00932869	      0.41800268	      0.10049799	      0.01282206	     -0.49685097	      0.00259298	     -0.69497940	      0.21875162
      0.39424294	     -0.29642238	      0.77090036	      1.00909508	      0.41719884	      0.10372583	      0.01013001	     -0.50349977	      0.00802104	     -0.69659554	      0.21920808
      0.39540934	     -0.29683310	      0.77314259	      1.00888209	      0.41645391	      0.10708768	      0.00749750	     -0.51018821	      0.01354165	     -0.69761006	      0.21973745
      0.39657574	     -0.29731112	      0.77537349	      1.00869020	      0.41575569	      0.11056653	      0.00492681	     -0.51690555	      0.01910243	     -0.69809420	      0.22032571
      0.39774214	     -0.29784387	      0.77759376	      1.00851978	      0.41509233	      0.11414552	      0.00241848	     -0.52364153	      0.02466238	     -0.69811600	      0.22095892
      0.39890854	     -0.29841915	      0.77980409	      1.00837097	      0.41445252	      0.11780831	     -0.00002915	     -0.53038721	      0.03019695	     -0.69773365	      0.22162363
      0.40007494	     -0.29902502	      0.78200523	      1.00824383	      0.41382527	      0.12153896	     -0.00241825	     -0.53713443	      0.03568692	     -0.69699895	      0.22230671
      0.40124134	     -0.29965037	      0.78419785	      1.00813822	      0.41320048	      0.12532268	     -0.00475201	     -0.54387642	      0.04112154	     -0.69595393	      0.22299600
      0.40240774	     -0.30028460	      0.78638265	      1.00805396	      0.41256856	      0.12914532	     -0.00703383	     -0.55060697	      0.04649273	     -0.69463702	      0.22367990
      0.40357414	     -0.30091807	      0.78856029	      1.00799070	      0.41192076	      0.13299402	     -0.00926710	     -0.55732093	      0.05179600	     -0.69308053	      0.22434796
      0.40474054	     -0.30154164	      0.79073139	      1.00794804	      0.41124880	      0.13685663	     -0.01145507	     -0.56401360	      0.05702801	     -0.69131422	      0.22499032
      0.40590694	     -0.30214731	      0.79289657	      1.00792550	      0.41054529	      0.14072241	     -0.01360071	     -0.57068118	      0.06218715	     -0.68936292	      0.22559837
      0.40707334	     -0.30272757	      0.79505640	      1.00792253	      0.40980335	      0.14458134	     -0.01570682	     -0.57732028	      0.06727228	     -0.68724909	      0.22616414
      0.40823974	     -0.30327602	      0.79721141	      1.00793852	      0.40901701	      0.14842482	     -0.01777578	     -0.58392834	      0.07228300	     -0.68499080	      0.22668084
      0.40940613	     -0.30378678	      0.79936211	      1.00797283	      0.40818075	      0.15224491	     -0.01980980	     -0.59050312	      0.07721903	     -0.68260411	      0.22714233
      0.41057253	     -0.30425497	      0.80150897	      1.00802478	      0.40728996	      0.15603500	     -0.02181063	     -0.59704305	      0.08208024	     -0.68010148	      0.22754356
      0.41173893	     -0.30467621	      0.80365243	      1.00809364	      0.40634042	      0.15978912	     -0.02377986	     -0.60354686	      0.08686647	     -0.67749378	      0.22788005
      0.41290533	     -0.30504702	      0.80579287	      1.00817870	      0.40532878	      0.16350247	     -0.02571868	     -0.61001376	      0.09157739	     -0.67478927	      0.22814836
      0.41407173	     -0.30536436	      0.80793067	      1.00827921	      0.40425203	      0.16717082	     -0.02762810	     -0.61644320	      0.09621253	     -0.67199514	      0.22834550
      0.41523813	     -0.30562601	      0.81006615	      1.00839440	      0.40310791	      0.17079100	     -0.02950881	     -0.62283498	      0.10077107	     -0.66911702	      0.22846942
      0.41640453	     -0.30583012	      0.81219961	      1.00852352	      0.40189453	      0.17436029	     -0.03136135	     -0.62918901	      0.10525197	     -0.66616003	      0.22851845
      0.41757093	     -0.30597550	      0.81433131	      1.00866580	      0.40061060	      0.17787687	     -0.03318599	     -0.63550548	      0.10965371	     -0.66312854	      0.22849170
      0.41873733	     -0.30606132	      0.81646151	      1.00882050	      0.39925516	      0.18133935	     -0.03498288	     -0.64178464	      0.11397451	     -0.66002678	      0.22838864
      0.41990373	     -0.30608730	      0.81859040	      1.00898685	      0.39782782	      0.18474705	     -0.03675197	     -0.64802688	      0.11821216	     -0.65685879	      0.22820935
      0.42107013	     -0.30605342	      0.82071817	      1.00916412	      0.39632842	      0.18809964	     -0.03849316	     -0.65423266	      0.12236430	     -0.65362858	      0.22795422
      0.42223653	     -0.30596016	      0.82284499	      1.00935158	      0.39475731	      0.19139741	     -0.04020624	     -0.66040253	      0.12642829	     -0.65034008	      0.22762413
      0.42340293	     -0.30580818	      0.82497099	      1.00954850	      0.39311508	      0.19464091	     -0.04189101	     -0.66653706	      0.13040144	     -0.64699724	      0.22722020
      0.42456932	     -0.30559853	      0.82709628	      1.00975417	      0.39140272	      0.19783117	     -0.04354722	     -0.67263690	      0.13428104	     -0.64360381	      0.22674397
      0.42573572	     -0.30533243	      0.82922097	      1.00996791	      0.38962142	      0.20096944	     -0.04517468	     -0.67870273	      0.13806443	     -0.64016343	      0.22619712
      0.42690212	     -0.30501138	      0.83134512	      1.01018904	      0.38777273	      0.20405735	     -0.04677327	     -0.68473526	      0.14174910	     -0.63667942	      0.22558168
      0.42806852	     -0.30463702	      0.83346881	      1.01041689	      0.38585838	      0.20709669	     -0.04834290	     -0.69073523	      0.14533270	     -0.63315486	      0.22489978
      0.42923492	     -0.30421119	      0.83559207	      1.01065082	      0.38388037	      0.21008951	     -0.04988366	     -0.69670340	      0.14881326	     -0.62959240	      0.22415378
      0.43040132	     -0.30373584	      0.83771493	      1.01089020	      0.38184087	      0.21303800	     -0.05139569	     -0.70264055	      0.15218904	     -0.62599444	      0.22334616
      0.43156772	     -0.30321308	      0.83983742	      1.01113441	      0.37974228	      0.21594454	     -0.05287932	     -0.70854746	      0.15545884	     -0.62236289	      0.22247952
      0.43273412	     -0.30264505	      0.84195953	      1.01138287	      0.37758711	      0.21881158	     -0.05433498	     -0.71442493	      0.15862175	     -0.61869940	      0.22155654
      0.43390052	     -0.30203404	      0.84408127	      1.01163498	      0.37537806	      0.22164174	     -0.05576326	     -0.72027373	      0.16167732	     -0.61500523	      0.22058001
      0.43506692	     -0.30138234	      0.84620262	      1.01189019	      0.37311791	      0.22443764	     -0.05716481	     -0.72609464	      0.16462528	     -0.61128142	      0.21955274
      0.43623332	     -0.30069235	      0.84832356	      1.01214795	      0.37080956	      0.22720200	     -0.05854043	     -0.73188839	      0.16746563	     -0.60752871	      0.21847761
      0.43739972	     -0.29996646	      0.85044406	      1.01240774	      0.36845598	      0.22993759	     -0.05989096	     -0.73765571	      0.17019847	     -0.60374771	      0.21735753
      0.43856612	     -0.29920709	      0.85256409	      1.01266904	      0.36606019	      0.23264717	     -0.06121730	     -0.74339728	      0.17282402	     -0.59993885	      0.21619539
      0.43973251	     -0.29841667	      0.85468361	      1.01293137	      0.36362523	      0.23533353	     -0.06252035	     -0.74911375	      0.17534251	     -0.59610249	      0.21499411
      0.44089891	     -0.29759764	      0.85680258	      1.01319424	      0.36115414	      0.23799943	     -0.06380106	     -0.75480570	      0.17775422	     -0.59223892	      0.21375660
      0.44206531	     -0.29675240	      0.85892096	      1.01345721	      0.35864998	      0.24064763	     -0.06506035	     -0.76047368	      0.18005941	     -0.58834839	      0.21248573
      0.44323171	     -0.29588337	      0.86103871	      1.01371983	      0.35611577	      0.24328085	     -0.06629914	     -0.76611818	      0.18225824	     -0.58443118	      0.21118437
      0.44439811	     -0.29499294	      0.86315576	      1.01398168	      0.35355456	      0.24590180	     -0.06751837	     -0.77173966	      0.18435081	     -0.58048761	      0.20985536
      0.44556451	     -0.29408347	      0.86527209	      1.01424236	      0.35096933	      0.24851315	     -0.06871892	     -0.77733846	      0.18633702	     -0.57651866	      0.20850150
      0.44673091	     -0.29315732	      0.86738762	      1.01450147	      0.34836308	      0.25111757	     -0.06990168	     -0.78291486	      0.18821665	     -0.57252632	      0.20712557
      0.44789731	     -0.29221674	      0.86950233	      1.01475864	      0.34573868	      0.25371758	     -0.07106744	     -0.78846905	      0.18998947	     -0.56851162	      0.20573026
      0.44906371	     -0.29126395	      0.87161615	      1.01501353	      0.34309890	      0.25631558	     -0.07221700	     -0.79400119	      0.19165534	     -0.56447410	      0.20431817
      0.45023011	     -0.29030114	      0.87372905	      1.01526580	      0.34044655	      0.25891401	     -0.07335116	     -0.79951139	      0.19321432	     -0.56041523	      0.20289191
      0.45139651	     -0.28933050	      0.87584097	      1.01551511	      0.33778444	      0.26151534	     -0.07447079	     -0.80499978	      0.19466667	     -0.55633744	      0.20145405
      0.45256291	     -0.28835415	      0.87795186	      1.01576117	      0.33511529	      0.26412194	     -0.07557679	     -0.81046648	      0.19601286	     -0.55224206	      0.20000707
      0.45372931	     -0.28737416	      0.88006167	      1.01600368	      0.33244180	      0.26673610	     -0.07667010	     -0.81591160	      0.19725344	     -0.54812983	      0.19855339
      0.45489571	     -0.28639250	      0.88217034	      1.01624237	      0.32976658	      0.26935999	     -0.07775163	     -0.82133520	      0.19838913	     -0.54400110	      0.19709534
      0.45606210	     -0.28541111	      0.88427783	      1.01647697	      0.32709217	      0.27199574	     -0.07882230	     -0.82673733	      0.19942065	     -0.53985636	      0.19563518
      0.45722850	     -0.28443181	      0.88638408	      1.01670724	      0.32442095	      0.27464532	     -0.07988298	     -0.83211790	      0.20034893	     -0.53569649	      0.19417503
      0.45839490	     -0.28345636	      0.88848907	      1.01693297	      0.32175525	      0.27731062	     -0.08093449	     -0.83747679	      0.20117500	     -0.53152257	      0.19271696
      0.45956130	     -0.28248638	      0.89059274	      1.01715396	      0.31909719	      0.27999335	     -0.08197759	     -0.84281382	      0.20190023	     -0.52733581	      0.19126286
      0.46072770	     -0.28152343	      0.89269506	      1.01737001	      0.31644878	      0.28269515	     -0.08301304	     -0.84812873	      0.20252625	     -0.52313737	      0.18981456
      0.46189410	     -0.28056891	      0.89479599	      1.01758097	      0.31381184	      0.28541745	     -0.08404149	     -0.85342121	      0.20305513	     -0.51892837	      0.18837371
      0.46306050	     -0.27962417	      0.89689552	      1.01778669	      0.31118808	      0.28816160	     -0.08506359	     -0.85869091	      0.20348928	     -0.51470993	      0.18694187
      0.46422690	     -0.27869040	      0.89899361	      1.01798704	      0.30857902	      0.29092875	     -0.08607996	     -0.86393740	      0.20383157	     -0.51048322	      0.18552047
      0.46539330	     -0.27776873	      0.90109025	      1.01818191	      0.30598606	      0.29371999	     -0.08709115	     -0.86916021	      0.20408517	     -0.50624943	      0.18411083
      0.46655970	     -0.27686018	      0.90318542	      1.01837123	      0.30341042	      0.29653622	     -0.08809771	     -0.87435881	      0.20425366	     -0.50200976	      0.18271415
      0.46772610	     -0.27596568	      0.90527911	      1.01855490	      0.30085325	      0.29937827	     -0.08910014	     -0.87953263	      0.20434080	     -0.49776542	      0.18133155
      0.46889250	     -0.27508608	      0.90737131	      1.01873287	      0.29831550	      0.30224684	     -0.09009886	     -0.88468105	      0.20435060	     -0.49351754	      0.17996402
      0.47005890	     -0.27422216	      0.90946202	      1.01890511	      0.29579806	      0.30514254	     -0.09109432	     -0.88980341	      0.20428718	     -0.48926723	      0.17861252
      0.47122529	     -0.27337462	      0.91155123	      1.01907158	      0.29330170	      0.30806588	     -0.09208685	     -0.89489902	      0.20415479	     -0.48501555	      0.17727788
      0.47239169	     -0.27254413	      0.91363895	      1.01923226	      0.29082708	      0.31101731	     -0.09307677	     -0.89996716	      0.20395766	     -0.48076352	      0.17596090
      0.47355809	     -0.27173127	      0.91572517	      1.01938716	      0.28837480	      0.31399718	     -0.09406436	     -0.90500708	      0.20370001	     -0.47651213	      0.17466230
      0.47472449	     -0.27093660	      0.91780991	      1.01953628	      0.28594536	      0.31700581	     -0.09504982	     -0.91001798	      0.20338603	     -0.47226237	      0.17338275
      0.47589089	     -0.27016064	      0.91989316	      1.01967963	      0.28353920	      0.32004345	     -0.09603332	     -0.91499908	      0.20301976	     -0.46801520	      0.17212289
      0.47705729	     -0.26940388	      0.92197494	      1.01981724	      0.28115673	      0.32311032	     -0.09701500	     -0.91994955	      0.20260513	     -0.46377162	      0.17088333
      0.47822369	     -0.26866677	      0.92405525	      1.01994916	      0.27879828	      0.32620659	     -0.09799492	     -0.92486854	      0.20214588	     -0.45953257	      0.16966462
      0.47939009	     -0.26794976	      0.92613411	      1.02007540	      0.27646417	      0.32933240	     -0.09897312	     -0.92975522	      0.20164559	     -0.45529901	      0.16846733
      0.48055649	     -0.26725326	      0.92821153	      1.02019603	      0.27415465	      0.33248788	     -0.09994960	     -0.93460871	      0.20110759	     -0.45107189	      0.16729196
      0.48172289	     -0.26657770	      0.93028752	      1.02031109	      0.27186998	      0.33567313	     -0.10092430	     -0.93942815	      0.20053503	     -0.44685216	      0.16613906
      0.48288929	     -0.26592347	      0.93236209	      1.02042065	      0.26961038	      0.33888824	     -0.10189715	     -0.94421267	      0.19993078	     -0.44264079	      0.16500911
      0.48405569	     -0.26529097	      0.93443526	      1.02052475	      0.26737608	      0.34213330	     -0.10286803	     -0.94896139	      0.19929756	     -0.43843875	      0.16390262
      0.48522209	     -0.26468060	      0.93650703	      1.02062347	      0.26516726	      0.34540837	     -0.10383680	     -0.95367342	      0.19863777	     -0.43424705	      0.16282009
      0.48638848	     -0.26409273	      0.93857744	      1.02071686	      0.26298414	      0.34871353	     -0.10480329	     -0.95834789	      0.19795369	     -0.43006671	      0.16176201
      0.48755488	     -0.26352776	      0.94064647	      1.02080500	      0.26082688	      0.35204881	     -0.10576730	     -0.96298391	      0.19724731	     -0.42589878	      0.16072885
      0.48872128	     -0.26298607	      0.94271417	      1.02088796	      0.25869567	      0.35541428	     -0.10672864	     -0.96758061	      0.19652048	     -0.42174433	      0.15972111
      0.48988768	     -0.26246800	      0.94478053	      1.02096581	      0.25659067	      0.35880997	     -0.10768706	     -0.97213709	      0.19577481	     -0.41760447	      0.15873925
      0.49105408	     -0.26197393	      0.94684558	      1.02103862	      0.25451203	      0.36223588	     -0.10864232	     -0.97665249	      0.19501179	     -0.41348029	      0.15778372
      0.49222048	     -0.26150418	      0.94890934	      1.02110647	      0.25245989	      0.36569202	     -0.10959417	     -0.98112593	      0.19423271	     -0.40937291	      0.15685495
      0.49338688	     -0.26105908	      0.95097182	      1.02116943	      0.25043435	      0.36917834	     -0.11054233	     -0.98555654	      0.19343872	     -0.40528341	      0.15595337
      0.49455328	     -0.26063891	      0.95303304	      1.02122759	      0.24843549	      0.37269478	     -0.11148652	     -0.98994345	      0.19263083	     -0.40121286	      0.15507934
      0.49571968	     -0.26024392	      0.95509303	      1.02128104	      0.24646337	      0.37624123	     -0.11242646	     -0.99428579	      0.19180992	     -0.39716230	      0.15423322
      0.49688608	     -0.25987435	      0.95715180	      1.02132984	      0.24451798	      0.37981755	     -0.11336184	     -0.99858270	      0.19097675	     -0.39313272	      0.15341531
      0.49805248	     -0.25953038	      0.95920939	      1.02137410	      0.24259933	      0.38342354	     -0.11429237	     -1.00283333	      0.19013198	     -0.38912507	      0.15262590
      0.49921888	     -0.25921217	      0.96126582	      1.02141389	      0.24070735	      0.38705896	     -0.11521774	     -1.00703682	      0.18927616	     -0.38514020	      0.15186521
      0.50038528	     -0.25891986	      0.96332111	      1.02144931	      0.23884198	      0.39072357	     -0.11613767	     -1.01119233	      0.18840978	     -0.38117893	      0.15113346
      0.50155167	     -0.25865355	      0.96537530	      1.02148045	      0.23700313	      0.39441704	     -0.11705186	     -1.01529903	      0.18753321	     -0.37724200	      0.15043082
      0.50271807	     -0.25841333	      0.96742841	      1.02150740	      0.23519070	      0.39813907	     -0.11796006	     -1.01935608	      0.18664680	     -0.37333010	      0.14975745
      0.50388447	     -0.25819927	      0.96948048	      1.02153025	      0.23340457	      0.40188930	     -0.11886202	     -1.02336268	      0.18575078	     -0.36944385	      0.14911347
      0.50505087	     -0.25801140	      0.97153153	      1.02154909	      0.23164462	      0.40566734	     -0.11975749	     -1.02731801	      0.18484537	     -0.36558382	      0.14849900
      0.50621727	     -0.25784975	      0.97358160	      1.02156402	      0.22991071	      0.40947278	     -0.12064626	     -1.03122127	      0.18393072	     -0.36175054	      0.14791411
      0.50738367	     -0.25771431	      0.97563073	      1.02157512	      0.22820267	      0.41330518	     -0.12152811	     -1.03507166	      0.18300693	     -0.35794451	      0.14735886
      0.50855007	     -0.25760502	      0.97767894	      1.02158250	      0.22652030	      0.41716404	     -0.12240284	     -1.03886840	      0.18207406	     -0.35416617	      0.14683323
      0.50971647	     -0.25752181	      0.97972627	      1.02158624	      0.22486337	      0.42104883	     -0.12327025	     -1.04261070	      0.18113215	     -0.35041594	      0.14633722
      0.51088287	     -0.25746455	      0.98177277	      1.02158645	      0.22323161	      0.42495896	     -0.12413013	     -1.04629778	      0.18018117	     -0.34669420	      0.14587073
      0.51204927	     -0.25743310	      0.98381847	      1.02158322	      0.22162470	      0.42889379	     -0.12498229	     -1.04992888	      0.17922109	     -0.34300128	      0.14543367
      0.51321567	     -0.25742726	      0.98586342	      1.02157666	      0.22004231	      0.43285268	     -0.12582652	     -1.05350322	      0.17825184	     -0.33933749	      0.14502587
      0.51438207	     -0.25744684	      0.98790765	      1.02156686	      0.21848408	      0.43683491	     -0.12666264	     -1.05702004	      0.17727332	     -0.33570309	      0.14464719
      0.51554847	     -0.25749160	      0.98995123	      1.02155392	      0.21694963	      0.44083977	     -0.12749046	     -1.06047858	      0.17628542	     -0.33209831	      0.14429741
      0.51671487	     -0.25756129	      0.99199419	      1.02153795	      0.21543855	      0.44486651	     -0.12830979	     -1.06387811	      0.17528801	     -0.32852333	      0.14397633
      0.51788126	     -0.25765566	      0.99403657	      1.02151904	      0.21395044	      0.44891436	     -0.12912045	     -1.06721788	      0.17428092	     -0.32497833	      0.14368372
      0.51904766	     -0.25777443	      0.99607844	      1.02149729	      0.21248489	      0.45298255	     -0.12992228	     -1.07049716	      0.17326401	     -0.32146341	      0.14341936
      0.52021406	     -0.25791733	      0.99811984	      1.02147279	      0.21104148	      0.45707028	     -0.13071511	     -1.07371521	      0.17223707	     -0.31797865	      0.14318300
      0.52138046	     -0.25808408	      1.00016081	      1.02144565	      0.20961977	      0.46117674	     -0.13149880	     -1.07687132	      0.17119993	     -0.31452408	      0.14297440
      0.52254686	     -0.25827436	      1.00220142	      1.02141597	      0.20821934	      0.46530111	     -0.13227319	     -1.07996478	      0.17015237	     -0.31109969	      0.14279328
      0.52371326	     -0.25848788	      1.00424172	      1.02138383	      0.20683975	      0.46944255	     -0.13303814	     -1.08299486	      0.16909418	     -0.30770541	      0.14263939
      0.52487966	     -0.25872431	      1.00628176	      1.02134933	      0.20548053	      0.47360019	     -0.13379351	     -1.08596086	      0.16802511	     -0.30434112	      0.14251244
      0.52604606	     -0.25898332	      1.00832159	      1.02131257	      0.20414123	      0.47777317	     -0.13453919	     -1.08886207	      0.16694494	     -0.30100667	      0.14241214
      0.52721246	     -0.25926456	      1.01036129	      1.02127365	      0.20282137	      0.48196058	     -0.13527503	     -1.09169777	      0.16585341	     -0.29770184	      0.14233818
      0.52837886	     -0.25956768	      1.01240089	      1.02123266	      0.20152046	      0.48616149	     -0.13600093	     -1.09446727	      0.16475025	     -0.29442637	      0.14229025
      0.52954526	     -0.25989229	      1.01444048	      1.02118968	      0.20023800	      0.49037497	     -0.13671675	     -1.09716985	      0.16363519	     -0.29117995	      0.14226802
      0.53071166	     -0.26023803	      1.01648010	      1.02114483	      0.19897346	      0.49460005	     -0.13742240	     -1.09980481	      0.16250795	     -0.28796223	      0.14227114
      0.53187806	     -0.26060448	      1.01851983	      1.02109819	      0.19772634	      0.49883575	     -0.13811775	     -1.10237144	      0.16136823	     -0.28477283	      0.14229925
      0.53304445	     -0.26099124	      1.02055972	      1.02104986	      0.19649608	      0.50308107	     -0.13880271	     -1.10486903	      0.16021574	     -0.28161132	      0.14235200
      0.53421085	     -0.26139789	      1.02259985	      1.02099993	      0.19528216	      0.50733501	     -0.13947717	     -1.10729688	      0.15905014	     -0.27847726	      0.14242901
      0.53537725	     -0.26182401	      1.02464028	      1.02094849	      0.19408402	      0.51159654	     -0.14014105	     -1.10965429	      0.15787113	     -0.27537018	      0.14252990
      0.53654365	     -0.26226917	      1.02668108	      1.02089565	      0.19290112	      0.51586462	     -0.14079426	     -1.11194058	      0.15667836	     -0.27228958	      0.14265430
      0.53771005	     -0.26273295	      1.02872232	      1.02084148	      0.19173292	      0.52013823	     -0.14143673	     -1.11415505	      0.15547149	     -0.26923496	      0.14280183
      0.53887645	     -0.26321491	      1.03076406	      1.02078609	      0.19057888	      0.52441632	     -0.14206840	     -1.11629704	      0.15425016	     -0.26620581	      0.14297210
      0.54004285	     -0.26371462	      1.03280639	      1.02072956	      0.18943847	      0.52869786	     -0.14268920	     -1.11836586	      0.15301403	     -0.26320160	      0.14316475
      0.54120925	     -0.26423167	      1.03484937	      1.02067199	      0.18831118	      0.53298183	     -0.14329912	     -1.12036088	      0.15176269	     -0.26022181	      0.14337942
      0.54237565	     -0.26476565	      1.03689307	      1.02061346	      0.18719651	      0.53726721	     -0.14389812	     -1.12228145	      0.15049579	     -0.25726590	      0.14361575
      0.54354205	     -0.26531615	      1.03893756	      1.02055405	      0.18609398	      0.54155298	     -0.14448619	     -1.12412694	      0.14921292	     -0.25433333	      0.14387340
      0.54470845	     -0.26588279	      1.04098293	      1.02049386	      0.18500314	      0.54583817	     -0.14506335	     -1.12589672	      0.14791368	     -0.25142355	      0.14415205
      0.54587485	     -0.26646519	      1.04302923	      1.02043296	      0.18392355	      0.55012178	     -0.14562962	     -1.12759021	      0.14659767	     -0.24853601	      0.14445141
      0.54704125	     -0.26706299	      1.04507655	      1.02037144	      0.18285482	      0.55440288	     -0.14618504	     -1.12920680	      0.14526446	     -0.24567015	      0.14477117
      0.54820764	     -0.26767585	      1.04712495	      1.02030937	      0.18179656	      0.55868051	     -0.14672970	     -1.13074592	      0.14391361	     -0.24282539	      0.14511109
      0.54937404	     -0.26830345	      1.04917451	      1.02024684	      0.18074844	      0.56295376	     -0.14726367	     -1.13220700	      0.14254471	     -0.24000115	      0.14547091
      0.55054044	     -0.26894547	      1.05122531	      1.02018392	      0.17971014	      0.56722173	     -0.14778707	     -1.13358949	      0.14115728	     -0.23719683	      0.14585042
      0.55170684	     -0.26960163	      1.05327740	      1.02012068	      0.17868138	      0.57148353	     -0.14830003	     -1.13489283	      0.13975088	     -0.23441181	      0.14624941
      0.55287324	     -0.27027164	      1.05533088	      1.02005720	      0.17766188	      0.57573830	     -0.14880270	     -1.13611650	      0.13832502	     -0.23164546	      0.14666770
      0.55403964	     -0.27095524	      1.05738580	      1.01999355	      0.17665144	      0.57998517	     -0.14929524	     -1.13725995	      0.13687924	     -0.22889712	      0.14710512
      0.55520604	     -0.27165219	      1.05944225	      1.01992980	      0.17564983	      0.58422332	     -0.14977785	     -1.13832266	      0.13541303	     -0.22616612	      0.14756153
      0.55637244	     -0.27236224	      1.06150029	      1.01986601	      0.17465687	      0.58845190	     -0.15025072	     -1.13930410	      0.13392589	     -0.22345178	      0.14803680
      0.55753884	     -0.27308518	      1.06356001	      1.01980225	      0.17367242	      0.59267012	     -0.15071406	     -1.14020377	      0.13241729	     -0.22075337	      0.14853081
      0.55870524	     -0.27382080	      1.06562146	      1.01973859	      0.17269631	      0.59687717	     -0.15116805	     -1.14102113	      0.13088672	     -0.21807020	      0.14904347
      0.55987164	     -0.27456890	      1.06768474	      1.01967508	      0.17172844	      0.60107227	     -0.15161290	     -1.14175569	      0.12933364	     -0.21540158	      0.14957470
      0.56103804	     -0.27532929	      1.06974990	      1.01961178	      0.17076867	      0.60525463	     -0.15204879	     -1.14240693	      0.12775750	     -0.21274680	      0.15012442
      0.56220444	     -0.27610181	      1.07181702	      1.01954875	      0.16981692	      0.60942349	     -0.15247591	     -1.14297434	      0.12615774	     -0.21010523	      0.15069258
      0.56337083	     -0.27688628	      1.07388618	      1.01948602	      0.16887308	      0.61357809	     -0.15289443	     -1.14345742	      0.12453383	     -0.20747624	      0.15127913
      0.56453723	     -0.27768255	      1.07595743	      1.01942365	      0.16793709	      0.61771770	     -0.15330453	     -1.14385567	      0.12288520	     -0.20485927	      0.15188403
      0.56570363	     -0.27849045	      1.07803086	      1.01936167	      0.16700885	      0.62184156	     -0.15370640	     -1.14416858	      0.12121131	     -0.20225378	      0.15250724
      0.56687003	     -0.27930984	      1.08010654	      1.01930014	      0.16608830	      0.62594894	     -0.15410021	     -1.14439565	      0.11951162	     -0.19965930	      0.15314873
      0.56803643	     -0.28014057	      1.08218452	      1.01923907	      0.16517539	      0.63003911	     -0.15448615	     -1.14453637	      0.11778560	     -0.19707538	      0.15380848
      0.56920283	     -0.28098250	      1.08426488	      1.01917851	      0.16427006	      0.63411134	     -0.15486443	     -1.14459025	      0.11603271	     -0.19450162	      0.15448646
      0.57036923	     -0.28183547	      1.08634770	      1.01911848	      0.16337225	      0.63816489	     -0.15523524	     -1.14455680	      0.11425245	     -0.19193767	      0.15518263
      0.57153563	     -0.28269934	      1.08843302	      1.01905902	      0.16248192	      0.64219903	     -0.15559880	     -1.14443549	      0.11244429	     -0.18938318	      0.15589695
      0.57270203	     -0.28357393	      1.09052093	      1.01900015	      0.16159900	      0.64621302	     -0.15595532	     -1.14422583	      0.11060775	     -0.18683783	      0.15662938
      0.57386843	     -0.28445908	      1.09261149	      1.01894189	      0.16072344	      0.65020606	     -0.15630504	     -1.14392725	      0.10874234	     -0.18430130	      0.15737986
      0.57503483	     -0.28535461	      1.09470477	      1.01888428	      0.15985515	      0.65417735	     -0.15664818	     -1.14353918	      0.10684755	     -0.18177328	      0.15814831
      0.57620123	     -0.28626029	      1.09680083	      1.01882733	      0.15899404	      0.65812606	     -0.15698498	     -1.14306099	      0.10492292	     -0.17925344	      0.15893462
      0.57736763	     -0.28717590	      1.09889975	      1.01877108	      0.15813999	      0.66205131	     -0.15731568	     -1.14249202	      0.10296797	     -0.17674142	      0.15973866
      0.57853403	     -0.28810119	      1.10100159	      1.01871554	      0.15729287	      0.66595217	     -0.15764051	     -1.14183157	      0.10098224	     -0.17423687	      0.16056027
      0.57970042	     -0.28903587	      1.10310642	      1.01866074	      0.15645250	      0.66982769	     -0.15795974	     -1.14107890	      0.09896525	     -0.17173938	      0.16139928
      0.58086682	     -0.28997964	      1.10521431	      1.01860672	      0.15561869	      0.67367685	     -0.15827361	     -1.14023322	      0.09691657	     -0.16924855	      0.16225546
      0.58203322	     -0.29093216	      1.10732534	      1.01855349	      0.15479123	      0.67749859	     -0.15858238	     -1.13929373	      0.09483574	     -0.16676395	      0.16312854
      0.58319962	     -0.29189305	      1.10943957	      1.01850109	      0.15396984	      0.68129181	     -0.15888632	     -1.13825957	      0.09272233	     -0.16428516	      0.16401823
      0.58436602	     -0.29286188	      1.11155708	      1.01844955	      0.15315423	      0.68505534	     -0.15918568	     -1.13712987	      0.09057591	     -0.16181176	      0.16492417
      0.58553242	     -0.29383820	      1.11367794	      1.01839889	      0.15234405	      0.68878796	     -0.15948073	     -1.13590371	      0.08839605	     -0.15934333	      0.16584596
      0.58669882	     -0.29482151	      1.11580222	      1.01834916	      0.15153893	      0.69248841	     -0.15977176	     -1.13458017	      0.08618234	     -0.15687946	      0.16678316
      0.58786522	     -0.29581126	      1.11793001	      1.01830039	      0.15073844	      0.69615534	     -0.16005903	     -1.13315827	      0.08393437	     -0.15441976	      0.16773526
      0.58903162	     -0.29680690	      1.12006136	      1.01825261	      0.14994212	      0.69978741	     -0.16034283	     -1.13163703	      0.08165175	     -0.15196384	      0.16870174
      0.59019802	     -0.29780778	      1.12219637	      1.01820586	      0.14914948	      0.70338316	     -0.16062345	     -1.13001543	      0.07933406	     -0.14951133	      0.16968199
      0.59136442	     -0.29881328	      1.12433510	      1.01816018	      0.14835999	      0.70694116	     -0.16090118	     -1.12829244	      0.07698094	     -0.14706187	      0.17067541
      0.59253082	     -0.29982271	      1.12647764	      1.01811562	      0.14757312	      0.71045988	     -0.16117633	     -1.12646700	      0.07459200	     -0.14461512	      0.17168133
      0.59369722	     -0.30083538	      1.12862405	      1.01807220	      0.14678829	      0.71393781	     -0.16144922	     -1.12453803	      0.07216686	     -0.14217074	      0.17269905
      0.59486361	     -0.30185058	      1.13077441	      1.01802997	      0.14600495	      0.71737338	     -0.16172018	     -1.12250443	      0.06970517	     -0.13972837	      0.17372788
      0.59603001	     -0.30286757	      1.13292881	      1.01798896	      0.14522251	      0.72076504	     -0.16198957	     -1.12036509	      0.06720657	     -0.13728769	      0.17476709
      0.59719641	     -0.30388563	      1.13508730	      1.01794922	      0.14444040	      0.72411118	     -0.16225775	     -1.11811886	      0.06467071	     -0.13484833	      0.17581595
      0.59836281	     -0.30490403	      1.13724997	      1.01791078	      0.14365808	      0.72741023	     -0.16252511	     -1.11576459	      0.06209726	     -0.13240993	      0.17687372
      0.59952921	     -0.30592204	      1.13941689	      1.01787367	      0.14287502	      0.73066061	     -0.16279207	     -1.11330110	      0.05948589	     -0.12997208	      0.17793967
      0.60069561	     -0.30693895	      1.14158813	      1.01783792	      0.14209069	      0.73386073	     -0.16305906	     -1.11072719	      0.05683628	     -0.12753437	      0.17901308
      0.60186201	     -0.30795406	      1.14376376	      1.01780357	      0.14130465	      0.73700904	     -0.16332655	     -1.10804165	      0.05414813	     -0.12509635	      0.18009325
      0.60302841	     -0.30896669	      1.14594384	      1.01777063	      0.14051643	      0.74010399	     -0.16359504	     -1.10524323	      0.05142113	     -0.12265754	      0.18117950
      0.60419481	     -0.30997620	      1.14812845	      1.01773913	      0.13972567	      0.74314407	     -0.16386506	     -1.10233067	      0.04865501	     -0.12021741	      0.18227119
      0.60536121	     -0.31098197	      1.15031764	      1.01770908	      0.13893203	      0.74612778	     -0.16413716	     -1.09930270	      0.04584949	     -0.11777542	      0.18336768
      0.60652761	     -0.31198342	      1.15251148	      1.01768050	      0.13813524	      0.74905368	     -0.16441195	     -1.09615799	      0.04300430	     -0.11533099	      0.18446841
      0.60769401	     -0.31298001	      1.15471002	      1.01765341	      0.13733509	      0.75192036	     -0.16469005	     -1.09289524	      0.04011919	     -0.11288353	      0.18557285
      0.60886041	     -0.31397127	      1.15691333	      1.01762779	      0.13653148	      0.75472648	     -0.16497214	     -1.08951309	      0.03719392	     -0.11043242	      0.18668054
      0.61002680	     -0.31495675	      1.15912145	      1.01760365	      0.13572434	      0.75747074	     -0.16525894	     -1.08601016	      0.03422826	     -0.10797707	      0.18779106
      0.61119320	     -0.31593608	      1.16133444	      1.01758098	      0.13491372	      0.76015189	     -0.16555121	     -1.08238506	      0.03122199	     -0.10551688	      0.18890406
      0.61235960	     -0.31690894	      1.16355233	      1.01755976	      0.13409973	      0.76276875	     -0.16584974	     -1.07863636	      0.02817490	     -0.10305132	      0.19001924
      0.61352600	     -0.31787501	      1.16577519	      1.01753999	      0.13328254	      0.76532014	     -0.16615538	     -1.07476260	      0.02508680	     -0.10057990	      0.19113634
      0.61469240	     -0.31883402	      1.16800305	      1.01752165	      0.13246234	      0.76780490	     -0.16646899	     -1.07076229	      0.02195749	     -0.09810221	      0.19225511
      0.61585880	     -0.31978563	      1.17023595	      1.01750470	      0.13163931	      0.77022178	     -0.16679147	     -1.06663386	      0.01878678	     -0.09561793	      0.19337524
      0.61702520	     -0.32072947	      1.17247394	      1.01748915	      0.13081356	      0.77256949	     -0.16712371	     -1.06237571	      0.01557449	     -0.09312677	      0.19449638
      0.61819160	     -0.32166506	      1.17471708	      1.01747499	      0.12998512	      0.77484660	     -0.16746662	     -1.05798618	      0.01232044	     -0.09062858	      0.19561805
      0.61935800	     -0.32259188	      1.17696540	      1.01746220	      0.12915396	      0.77705158	     -0.16782112	     -1.05346354	      0.00902443	     -0.08812328	      0.19673972
      0.62052440	     -0.32350931	      1.17921897	      1.01745079	      0.12831997	      0.77918281	     -0.16818813	     -1.04880602	      0.00568630	     -0.08561089	      0.19786077
      0.62169080	     -0.32441673	      1.18147783	      1.01744077	      0.12748302	      0.78123861	     -0.16856860	     -1.04401182	      0.00230586	     -0.08309153	      0.19898052
      0.62285720	     -0.32531340	      1.18374205	      1.01743212	      0.12664289	      0.78321722	     -0.16896348	     -1.03907908	     -0.00111705	     -0.08056540	      0.20009820
      0.62402360	     -0.32619840	      1.18601167	      1.01742488	      0.12579915	      0.78511662	     -0.16937368	     -1.03400590	     -0.00458261	     -0.07803269	      0.20121283
      0.62518999	     -0.32707133	      1.18828675	      1.01741901	      0.12495197	      0.78693539	     -0.16980030	     -1.02879045	     -0.00809096	     -0.07549399	      0.20232398
      0.62635639	     -0.32793229	      1.19056730	      1.01741446	      0.12410220	      0.78867282	     -0.17024460	     -1.02343103	     -0.01164214	     -0.07295017	      0.20343182
      0.62752279	     -0.32878078	      1.19285336	      1.01741120	      0.12324997	      0.79032741	     -0.17070771	     -1.01792575	     -0.01523632	     -0.07040197	      0.20453587
      0.62868919	     -0.32961593	      1.19514499	      1.01740923	      0.12239496	      0.79189718	     -0.17119065	     -1.01227263	     -0.01887365	     -0.06785013	      0.20563515
      0.62985559	     -0.33043693	      1.19744223	      1.01740857	      0.12153693	      0.79338021	     -0.17169450	     -1.00646968	     -0.02255430	     -0.06529563	      0.20672879
      0.63102199	     -0.33124295	      1.19974515	      1.01740919	      0.12067565	      0.79477459	     -0.17222037	     -1.00051488	     -0.02627841	     -0.06273950	      0.20781588
      0.63218839	     -0.33203317	      1.20205378	      1.01741111	      0.11981091	      0.79607841	     -0.17276940	     -0.99440623	     -0.03004611	     -0.06018274	      0.20889554
      0.63335479	     -0.33280677	      1.20436819	      1.01741431	      0.11894252	      0.79728975	     -0.17334274	     -0.98814172	     -0.03385755	     -0.05762629	      0.20996685
      0.63452119	     -0.33356294	      1.20668842	      1.01741877	      0.11807031	      0.79840671	     -0.17394160	     -0.98171934	     -0.03771286	     -0.05507106	      0.21102894
      0.63568759	     -0.33430091	      1.20901451	      1.01742449	      0.11719418	      0.79942744	     -0.17456720	     -0.97513711	     -0.04161217	     -0.05251795	      0.21208095
      0.63685399	     -0.33502003	      1.21134650	      1.01743143	      0.11631418	      0.80035027	     -0.17522082	     -0.96839307	     -0.04555560	     -0.04996810	      0.21312217
      0.63802039	     -0.33571975	      1.21368444	      1.01743954	      0.11543053	      0.80117362	     -0.17590382	     -0.96148529	     -0.04954325	     -0.04742287	      0.21415202
      0.63918679	     -0.33639974	      1.21602834	      1.01744878	      0.11454372	      0.80189623	     -0.17661762	     -0.95441187	     -0.05357524	     -0.04488416	      0.21517015
      0.64035318	     -0.33705981	      1.21837821	      1.01745906	      0.11365441	      0.80251699	     -0.17736374	     -0.94717098	     -0.05765164	     -0.04235423	      0.21617637
      0.64151958	     -0.33769998	      1.22073408	      1.01747029	      0.11276357	      0.80303510	     -0.17814377	     -0.93976081	     -0.06177251	     -0.03983605	      0.21717073
      0.64268598	     -0.33832042	      1.22309593	      1.01748237	      0.11187234	      0.80344991	     -0.17895938	     -0.93217964	     -0.06593793	     -0.03733298	      0.21815345
      0.64385238	     -0.33892143	      1.22546377	      1.01749517	      0.11098206	      0.80376101	     -0.17981230	     -0.92442580	     -0.07014794	     -0.03484903	      0.21912490
      0.64501878	     -0.33950341	      1.22783757	      1.01750856	      0.11009418	      0.80396810	     -0.18070429	     -0.91649769	     -0.07440259	     -0.03238848	      0.22008556
      0.64618518	     -0.34006681	      1.23021732	      1.01752241	      0.10921024	      0.80407098	     -0.18163718	     -0.90839382	     -0.07870191	     -0.02995597	      0.22103596
      0.64735158	     -0.34061213	      1.23260301	      1.01753656	      0.10833183	      0.80406953	     -0.18261277	     -0.90011276	     -0.08304596	     -0.02755620	      0.22197670
      0.64851798	     -0.34113985	      1.23499461	      1.01755086	      0.10746053	      0.80396367	     -0.18363291	     -0.89165324	     -0.08743478	     -0.02519416	      0.22290834
      0.64968438	     -0.34165046	      1.23739211	      1.01756516	      0.10659796	      0.80375334	     -0.18469944	     -0.88301406	     -0.09186843	     -0.02287505	      0.22383145
      0.65085078	     -0.34214443	      1.23979547	      1.01757931	      0.10574568	      0.80343854	     -0.18581421	     -0.87419422	     -0.09634699	     -0.02060527	      0.22474659
      0.65201718	     -0.34262223	      1.24220468	      1.01759313	      0.10490529	      0.80301931	     -0.18697906	     -0.86519283	     -0.10087054	     -0.01839210	      0.22565430
      0.65318358	     -0.34308428	      1.24461971	      1.01760647	      0.10407832	      0.80249571	     -0.18819584	     -0.85600932	     -0.10543918	     -0.01624347	      0.22655504
      0.65434998	     -0.34353094	      1.24704054	      1.01761916	      0.10326622	      0.80186778	     -0.18946637	     -0.84664327	     -0.11005302	     -0.01416712	      0.22744925
      0.65551638	     -0.34396236	      1.24946714	      1.01763105	      0.10247018	      0.80113536	     -0.19079240	     -0.83709478	     -0.11471223	     -0.01216830	      0.22833706
      0.65668277	     -0.34437848	      1.25189952	      1.01764198	      0.10169115	      0.80029812	     -0.19217560	     -0.82736426	     -0.11941696	     -0.01025028	      0.22921844
      0.65784917	     -0.34477904	      1.25433767	      1.01765181	      0.10092981	      0.79935558	     -0.19361760	     -0.81745281	     -0.12416745	     -0.00841581	      0.23009305
      0.65901557	     -0.34516365	      1.25678161	      1.01766041	      0.10018671	      0.79830728	     -0.19511999	     -0.80736194	     -0.12896392	     -0.00666870	      0.23096044
      0.66018197	     -0.34553181	      1.25923132	      1.01766764	      0.09946227	      0.79715278	     -0.19668432	     -0.79709405	     -0.13380668	     -0.00501364	      0.23182002
      0.66134837	     -0.34588291	      1.26168681	      1.01767335	      0.09875677	      0.79589158	     -0.19831211	     -0.78665200	     -0.13869605	     -0.00345310	      0.23267107
      0.66251477	     -0.34621639	      1.26414809	      1.01767741	      0.09807057	      0.79452369	     -0.20000494	     -0.77604015	     -0.14363236	     -0.00199727	      0.23351287
      0.66368117	     -0.34653167	      1.26661512	      1.01767967	      0.09740408	      0.79304952	     -0.20176440	     -0.76526394	     -0.14861596	     -0.00066155	      0.23434468
      0.66484757	     -0.34682781	      1.26908792	      1.01767997	      0.09675716	      0.79146898	     -0.20359191	     -0.75433015	     -0.15364723	      0.00055555	      0.23516537
      0.66601397	     -0.34710381	      1.27156650	      1.01767818	      0.09612962	      0.78978187	     -0.20548881	     -0.74324600	     -0.15872660	      0.00166143	      0.23597375
      0.66718037	     -0.34735914	      1.27405085	      1.01767411	      0.09552183	      0.78798887	     -0.20745661	     -0.73201982	     -0.16385455	      0.00265967	      0.23676917
      0.66834677	     -0.34759373	      1.27654095	      1.01766755	      0.09493474	      0.78609125	     -0.20949694	     -0.72066048	     -0.16903151	      0.00355321	      0.23755147
      0.66951317	     -0.34780756	      1.27903674	      1.01765828	      0.09436934	      0.78409053	     -0.21161142	     -0.70917745	     -0.17425806	      0.00434524	      0.23832055
      0.67067957	     -0.34800038	      1.28153821	      1.01764610	      0.09382638	      0.78198797	     -0.21380158	     -0.69758031	     -0.17953482	      0.00503961	      0.23907607
      0.67184596	     -0.34817285	      1.28404526	      1.01763074	      0.09330767	      0.77978605	     -0.21606922	     -0.68587898	     -0.18486244	      0.00564045	      0.23981869
      0.67301236	     -0.34832613	      1.28655782	      1.01761190	      0.09281565	      0.77748790	     -0.21841624	     -0.67408345	     -0.19024155	      0.00615181	      0.24054963
      0.67417876	     -0.34846158	      1.28907575	      1.01758927	      0.09235304	      0.77509698	     -0.22084456	     -0.66220323	     -0.19567291	      0.00657691	      0.24127034
      0.67534516	     -0.34858071	      1.29159892	      1.01756253	      0.09192264	      0.77261688	     -0.22335612	     -0.65024746	     -0.20115738	      0.00691809	      0.24198241
      0.67651156	     -0.34868495	      1.29412721	      1.01753137	      0.09152724	      0.77005116	     -0.22595273	     -0.63822451	     -0.20669596	      0.00717553	      0.24268734
      0.67767796	     -0.34877562	      1.29666047	      1.01749549	      0.09116941	      0.76740325	     -0.22863613	     -0.62614232	     -0.21228976	      0.00734817	      0.24338647
      0.67884436	     -0.34885366	      1.29919856	      1.01745463	      0.09085126	      0.76467617	     -0.23140785	     -0.61400822	     -0.21794006	      0.00743299	      0.24408068
      0.68001076	     -0.34891977	      1.30174137	      1.01740855	      0.09057457	      0.76187267	     -0.23426927	     -0.60182926	     -0.22364827	      0.00742618	      0.24477054
      0.68117716	     -0.34897395	      1.30428877	      1.01735705	      0.09034024	      0.75899478	     -0.23722148	     -0.58961226	     -0.22941599	      0.00732336	      0.24545585
      0.68234356	     -0.34901579	      1.30684067	      1.01729996	      0.09014860	      0.75604407	     -0.24026533	     -0.57736400	     -0.23524493	      0.00712029	      0.24613585
      0.68350996	     -0.34904384	      1.30939699	      1.01723720	      0.08999870	      0.75302104	     -0.24340126	     -0.56509137	     -0.24113699	      0.00681360	      0.24680862
      0.68467636	     -0.34905616	      1.31195769	      1.01716871	      0.08988893	      0.74992567	     -0.24662950	     -0.55280131	     -0.24709420	      0.00640067	      0.24747162
      0.68584276	     -0.34904986	      1.31452274	      1.01709450	      0.08981650	      0.74675694	     -0.24994983	     -0.54050094	     -0.25311878	      0.00588042	      0.24812124
      0.68700915	     -0.34902167	      1.31709212	      1.01701460	      0.08977805	      0.74351343	     -0.25336186	     -0.52819743	     -0.25921304	      0.00525264	      0.24875336
      0.68817555	     -0.34896740	      1.31966586	      1.01692912	      0.08976907	      0.74019273	     -0.25686469	     -0.51589803	     -0.26537951	      0.00451896	      0.24936285
      0.68934195	     -0.34888232	      1.32224398	      1.01683820	      0.08978432	      0.73679187	     -0.26045719	     -0.50361005	     -0.27162083	      0.00368197	      0.24994392
      0.69050835	     -0.34876073	      1.32482657	      1.01674203	      0.08981725	      0.73330677	     -0.26413770	     -0.49134075	     -0.27793984	      0.00274592	      0.25048962
      0.69167475	     -0.34859643	      1.32741369	      1.01664086	      0.08986072	      0.72973285	     -0.26790432	     -0.47909732	     -0.28433949	      0.00171573	      0.25099249
      0.69284115	     -0.34838250	      1.33000545	      1.01653499	      0.08990652	      0.72606465	     -0.27175473	     -0.46688679	     -0.29082288	      0.00059735	      0.25144414
      0.69400755	     -0.34811170	      1.33260198	      1.01642473	      0.08994608	      0.72229637	     -0.27568639	     -0.45471603	     -0.29739318	     -0.00060291	      0.25183587
      0.69517395	     -0.34777655	      1.33520339	      1.01631042	      0.08997037	      0.71842188	     -0.27969650	     -0.44259173	     -0.30405367	     -0.00187834	      0.25215865
      0.69634035	     -0.34736955	      1.33780980	      1.01619240	      0.08997032	      0.71443502	     -0.28378208	     -0.43052043	     -0.31080771	     -0.00322218	      0.25240346
      0.69750675	     -0.34688350	      1.34042133	      1.01607099	      0.08993705	      0.71032993	     -0.28793997	     -0.41850863	     -0.31765878	     -0.00462840	      0.25256163
      0.69867315	     -0.34631149	      1.34303806	      1.01594650	      0.08986198	      0.70610107	     -0.29216694	     -0.40656288	     -0.32461040	     -0.00609166	      0.25262479
      0.69983955	     -0.34564740	      1.34566005	      1.01581916	      0.08973732	      0.70174382	     -0.29645959	     -0.39469028	     -0.33166626	     -0.00760831	      0.25258549
